session,phase,channel,device,window_s,window_start_s,window_end_s,target_bpm,method,estimated_bpm,error_bpm,absolute_error_bpm,valid,event_count,contains_target_transition
session_20260625_variable_sit_walk,sitting,tensometric,Pas tensometryczny,5,5.0,10.0,10.0,Maksima,,,,False,1,False
session_20260625_variable_sit_walk,sitting,tensometric,Pas tensometryczny,5,5.0,10.0,10.0,Minima,,,,False,0,False
session_20260625_variable_sit_walk,sitting,tensometric,Pas tensometryczny,5,5.0,10.0,10.0,Przejścia przez zero,,,,False,1,False
session_20260625_variable_sit_walk,sitting,tensometric,Pas tensometryczny,5,5.0,10.0,10.0,Autokorelacja,14.117647058823529,4.117647058823529,4.117647058823529,True,1,False
session_20260625_variable_sit_walk,sitting,tensometric,Pas tensometryczny,5,5.0,10.0,10.0,FFT,5.1323653728219565,-4.8676346271780435,4.8676346271780435,True,1,False
session_20260625_variable_sit_walk,sitting,tensometric,Pas tensometryczny,5,10.0,15.0,15.0,Maksima,,,,False,1,True
session_20260625_variable_sit_walk,sitting,tensometric,Pas tensometryczny,5,10.0,15.0,15.0,Minima,,,,False,1,True
session_20260625_variable_sit_walk,sitting,tensometric,Pas tensometryczny,5,10.0,15.0,15.0,Przejścia przez zero,,,,False,1,True
session_20260625_variable_sit_walk,sitting,tensometric,Pas tensometryczny,5,10.0,15.0,15.0,Autokorelacja,20.869565217391305,5.869565217391305,5.869565217391305,True,1,True
session_20260625_variable_sit_walk,sitting,tensometric,Pas tensometryczny,5,10.0,15.0,15.0,FFT,23.74611176244744,8.746111762447441,8.746111762447441,True,1,True
session_20260625_variable_sit_walk,sitting,tensometric,Pas tensometryczny,5,15.0,20.0,15.0,Maksima,,,,False,1,False
session_20260625_variable_sit_walk,sitting,tensometric,Pas tensometryczny,5,15.0,20.0,15.0,Minima,,,,False,1,False
session_20260625_variable_sit_walk,sitting,tensometric,Pas tensometryczny,5,15.0,20.0,15.0,Przejścia przez zero,17.142857142857142,2.1428571428571423,2.1428571428571423,True,2,False
session_20260625_variable_sit_walk,sitting,tensometric,Pas tensometryczny,5,15.0,20.0,15.0,Autokorelacja,18.46153846153846,3.46153846153846,3.46153846153846,True,1,False
session_20260625_variable_sit_walk,sitting,tensometric,Pas tensometryczny,5,15.0,20.0,15.0,FFT,16.478208505369327,1.4782085053693272,1.4782085053693272,True,1,False
session_20260625_variable_sit_walk,sitting,tensometric,Pas tensometryczny,5,20.0,25.0,20.0,Maksima,,,,False,0,True
session_20260625_variable_sit_walk,sitting,tensometric,Pas tensometryczny,5,20.0,25.0,20.0,Minima,,,,False,1,True
session_20260625_variable_sit_walk,sitting,tensometric,Pas tensometryczny,5,20.0,25.0,20.0,Przejścia przez zero,,,,False,1,True
session_20260625_variable_sit_walk,sitting,tensometric,Pas tensometryczny,5,20.0,25.0,20.0,Autokorelacja,14.117647058823529,-5.882352941176471,5.882352941176471,True,1,True
session_20260625_variable_sit_walk,sitting,tensometric,Pas tensometryczny,5,20.0,25.0,20.0,FFT,4.341123094247605,-15.658876905752395,15.658876905752395,True,1,True
session_20260625_variable_sit_walk,sitting,tensometric,Pas tensometryczny,5,25.0,30.0,20.0,Maksima,,,,False,1,False
session_20260625_variable_sit_walk,sitting,tensometric,Pas tensometryczny,5,25.0,30.0,20.0,Minima,21.818181818181817,1.8181818181818166,1.8181818181818166,True,2,False
session_20260625_variable_sit_walk,sitting,tensometric,Pas tensometryczny,5,25.0,30.0,20.0,Przejścia przez zero,25.263157894736842,5.2631578947368425,5.2631578947368425,True,2,False
session_20260625_variable_sit_walk,sitting,tensometric,Pas tensometryczny,5,25.0,30.0,20.0,Autokorelacja,21.818181818181817,1.8181818181818166,1.8181818181818166,True,1,False
session_20260625_variable_sit_walk,sitting,tensometric,Pas tensometryczny,5,25.0,30.0,20.0,FFT,19.469095787967483,-0.5309042120325174,0.5309042120325174,True,1,False
session_20260625_variable_sit_walk,sitting,tensometric,Pas tensometryczny,5,30.0,35.0,25.0,Maksima,17.142857142857142,-7.857142857142858,7.857142857142858,True,2,True
session_20260625_variable_sit_walk,sitting,tensometric,Pas tensometryczny,5,30.0,35.0,25.0,Minima,,,,False,1,True
session_20260625_variable_sit_walk,sitting,tensometric,Pas tensometryczny,5,30.0,35.0,25.0,Przejścia przez zero,,,,False,1,True
session_20260625_variable_sit_walk,sitting,tensometric,Pas tensometryczny,5,30.0,35.0,25.0,Autokorelacja,16.551724137931036,-8.448275862068964,8.448275862068964,True,1,True
session_20260625_variable_sit_walk,sitting,tensometric,Pas tensometryczny,5,30.0,35.0,25.0,FFT,10.210549487734744,-14.789450512265256,14.789450512265256,True,1,True
session_20260625_variable_sit_walk,sitting,tensometric,Pas tensometryczny,5,35.0,40.0,25.0,Maksima,25.263157894736842,0.2631578947368425,0.2631578947368425,True,2,False
session_20260625_variable_sit_walk,sitting,tensometric,Pas tensometryczny,5,35.0,40.0,25.0,Minima,26.666666666666668,1.6666666666666679,1.6666666666666679,True,2,False
session_20260625_variable_sit_walk,sitting,tensometric,Pas tensometryczny,5,35.0,40.0,25.0,Przejścia przez zero,24.0,-1.0,1.0,True,2,False
session_20260625_variable_sit_walk,sitting,tensometric,Pas tensometryczny,5,35.0,40.0,25.0,Autokorelacja,26.666666666666668,1.6666666666666679,1.6666666666666679,True,1,False
session_20260625_variable_sit_walk,sitting,tensometric,Pas tensometryczny,5,35.0,40.0,25.0,FFT,23.9575391766151,-1.0424608233849,1.0424608233849,True,1,False
session_20260625_variable_sit_walk,sitting,tensometric,Pas tensometryczny,5,40.0,45.0,10.0,Maksima,,,,False,1,True
session_20260625_variable_sit_walk,sitting,tensometric,Pas tensometryczny,5,40.0,45.0,10.0,Minima,,,,False,0,True
session_20260625_variable_sit_walk,sitting,tensometric,Pas tensometryczny,5,40.0,45.0,10.0,Przejścia przez zero,,,,False,1,True
session_20260625_variable_sit_walk,sitting,tensometric,Pas tensometryczny,5,40.0,45.0,10.0,Autokorelacja,13.714285714285714,3.7142857142857135,3.7142857142857135,True,1,True
session_20260625_variable_sit_walk,sitting,tensometric,Pas tensometryczny,5,40.0,45.0,10.0,FFT,3.6660374691119357,-6.333962530888064,6.333962530888064,True,1,True
session_20260625_variable_sit_walk,sitting,tensometric,Pas tensometryczny,5,45.0,50.0,10.0,Maksima,,,,False,1,False
session_20260625_variable_sit_walk,sitting,tensometric,Pas tensometryczny,5,45.0,50.0,10.0,Minima,,,,False,1,False
session_20260625_variable_sit_walk,sitting,tensometric,Pas tensometryczny,5,45.0,50.0,10.0,Przejścia przez zero,,,,False,1,False
session_20260625_variable_sit_walk,sitting,tensometric,Pas tensometryczny,5,45.0,50.0,10.0,Autokorelacja,17.142857142857142,7.142857142857142,7.142857142857142,True,1,False
session_20260625_variable_sit_walk,sitting,tensometric,Pas tensometryczny,5,45.0,50.0,10.0,FFT,14.265925662717795,4.265925662717795,4.265925662717795,True,1,False
session_20260625_variable_sit_walk,sitting,tensometric,Pas tensometryczny,5,50.0,55.0,15.0,Maksima,,,,False,1,True
session_20260625_variable_sit_walk,sitting,tensometric,Pas tensometryczny,5,50.0,55.0,15.0,Minima,,,,False,1,True
session_20260625_variable_sit_walk,sitting,tensometric,Pas tensometryczny,5,50.0,55.0,15.0,Przejścia przez zero,,,,False,1,True
session_20260625_variable_sit_walk,sitting,tensometric,Pas tensometryczny,5,50.0,55.0,15.0,Autokorelacja,17.77777777777778,2.7777777777777786,2.7777777777777786,True,1,True
session_20260625_variable_sit_walk,sitting,tensometric,Pas tensometryczny,5,50.0,55.0,15.0,FFT,13.953916929918154,-1.0460830700818455,1.0460830700818455,True,1,True
session_20260625_variable_sit_walk,sitting,tensometric,Pas tensometryczny,5,55.0,60.0,15.0,Maksima,,,,False,1,False
session_20260625_variable_sit_walk,sitting,tensometric,Pas tensometryczny,5,55.0,60.0,15.0,Minima,,,,False,1,False
session_20260625_variable_sit_walk,sitting,tensometric,Pas tensometryczny,5,55.0,60.0,15.0,Przejścia przez zero,17.142857142857142,2.1428571428571423,2.1428571428571423,True,2,False
session_20260625_variable_sit_walk,sitting,tensometric,Pas tensometryczny,5,55.0,60.0,15.0,Autokorelacja,18.46153846153846,3.46153846153846,3.46153846153846,True,1,False
session_20260625_variable_sit_walk,sitting,tensometric,Pas tensometryczny,5,55.0,60.0,15.0,FFT,17.45248920510784,2.4524892051078417,2.4524892051078417,True,1,False
session_20260625_variable_sit_walk,sitting,tensometric,Pas tensometryczny,5,60.0,65.0,20.0,Maksima,,,,False,1,True
session_20260625_variable_sit_walk,sitting,tensometric,Pas tensometryczny,5,60.0,65.0,20.0,Minima,25.263157894736842,5.2631578947368425,5.2631578947368425,True,2,True
session_20260625_variable_sit_walk,sitting,tensometric,Pas tensometryczny,5,60.0,65.0,20.0,Przejścia przez zero,24.0,4.0,4.0,True,2,True
session_20260625_variable_sit_walk,sitting,tensometric,Pas tensometryczny,5,60.0,65.0,20.0,Autokorelacja,25.263157894736842,5.2631578947368425,5.2631578947368425,True,1,True
session_20260625_variable_sit_walk,sitting,tensometric,Pas tensometryczny,5,60.0,65.0,20.0,FFT,25.15529913353543,5.155299133535429,5.155299133535429,True,1,True
session_20260625_variable_sit_walk,sitting,tensometric,Pas tensometryczny,5,65.0,70.0,20.0,Maksima,,,,False,1,False
session_20260625_variable_sit_walk,sitting,tensometric,Pas tensometryczny,5,65.0,70.0,20.0,Minima,20.0,0.0,0.0,True,2,False
session_20260625_variable_sit_walk,sitting,tensometric,Pas tensometryczny,5,65.0,70.0,20.0,Przejścia przez zero,,,,False,1,False
session_20260625_variable_sit_walk,sitting,tensometric,Pas tensometryczny,5,65.0,70.0,20.0,Autokorelacja,20.0,0.0,0.0,True,1,False
session_20260625_variable_sit_walk,sitting,tensometric,Pas tensometryczny,5,65.0,70.0,20.0,FFT,18.141377033406844,-1.8586229665931562,1.8586229665931562,True,1,False
session_20260625_variable_sit_walk,sitting,tensometric,Pas tensometryczny,5,70.0,75.0,25.0,Maksima,26.666666666666668,1.6666666666666679,1.6666666666666679,True,2,True
session_20260625_variable_sit_walk,sitting,tensometric,Pas tensometryczny,5,70.0,75.0,25.0,Minima,,,,False,1,True
session_20260625_variable_sit_walk,sitting,tensometric,Pas tensometryczny,5,70.0,75.0,25.0,Przejścia przez zero,20.0,-5.0,5.0,True,2,True
session_20260625_variable_sit_walk,sitting,tensometric,Pas tensometryczny,5,70.0,75.0,25.0,Autokorelacja,20.869565217391305,-4.130434782608695,4.130434782608695,True,1,True
session_20260625_variable_sit_walk,sitting,tensometric,Pas tensometryczny,5,70.0,75.0,25.0,FFT,19.689630677385864,-5.310369322614136,5.310369322614136,True,1,True
session_20260625_variable_sit_walk,sitting,tensometric,Pas tensometryczny,5,75.0,80.0,25.0,Maksima,24.0,-1.0,1.0,True,2,False
session_20260625_variable_sit_walk,sitting,tensometric,Pas tensometryczny,5,75.0,80.0,25.0,Minima,,,,False,1,False
session_20260625_variable_sit_walk,sitting,tensometric,Pas tensometryczny,5,75.0,80.0,25.0,Przejścia przez zero,22.857142857142858,-2.1428571428571423,2.1428571428571423,True,2,False
session_20260625_variable_sit_walk,sitting,tensometric,Pas tensometryczny,5,75.0,80.0,25.0,Autokorelacja,25.263157894736842,0.2631578947368425,0.2631578947368425,True,1,False
session_20260625_variable_sit_walk,sitting,tensometric,Pas tensometryczny,5,75.0,80.0,25.0,FFT,22.59910014957171,-2.4008998504282886,2.4008998504282886,True,1,False
session_20260625_variable_sit_walk,sitting,tensometric,Pas tensometryczny,5,80.0,85.0,10.0,Maksima,,,,False,1,True
session_20260625_variable_sit_walk,sitting,tensometric,Pas tensometryczny,5,80.0,85.0,10.0,Minima,,,,False,0,True
session_20260625_variable_sit_walk,sitting,tensometric,Pas tensometryczny,5,80.0,85.0,10.0,Przejścia przez zero,,,,False,1,True
session_20260625_variable_sit_walk,sitting,tensometric,Pas tensometryczny,5,80.0,85.0,10.0,Autokorelacja,14.117647058823529,4.117647058823529,4.117647058823529,True,1,True
session_20260625_variable_sit_walk,sitting,tensometric,Pas tensometryczny,5,80.0,85.0,10.0,FFT,4.699121102618301,-5.300878897381699,5.300878897381699,True,1,True
session_20260625_variable_sit_walk,sitting,tensometric,Pas tensometryczny,5,85.0,90.0,10.0,Maksima,,,,False,1,False
session_20260625_variable_sit_walk,sitting,tensometric,Pas tensometryczny,5,85.0,90.0,10.0,Minima,,,,False,1,False
session_20260625_variable_sit_walk,sitting,tensometric,Pas tensometryczny,5,85.0,90.0,10.0,Przejścia przez zero,,,,False,1,False
session_20260625_variable_sit_walk,sitting,tensometric,Pas tensometryczny,5,85.0,90.0,10.0,Autokorelacja,17.142857142857142,7.142857142857142,7.142857142857142,True,1,False
session_20260625_variable_sit_walk,sitting,tensometric,Pas tensometryczny,5,85.0,90.0,10.0,FFT,13.874662718907086,3.8746627189070857,3.8746627189070857,True,1,False
session_20260625_variable_sit_walk,sitting,tensometric,Pas tensometryczny,5,90.0,95.0,15.0,Maksima,,,,False,1,True
session_20260625_variable_sit_walk,sitting,tensometric,Pas tensometryczny,5,90.0,95.0,15.0,Minima,22.857142857142858,7.857142857142858,7.857142857142858,True,2,True
session_20260625_variable_sit_walk,sitting,tensometric,Pas tensometryczny,5,90.0,95.0,15.0,Przejścia przez zero,,,,False,1,True
session_20260625_variable_sit_walk,sitting,tensometric,Pas tensometryczny,5,90.0,95.0,15.0,Autokorelacja,20.869565217391305,5.869565217391305,5.869565217391305,True,1,True
session_20260625_variable_sit_walk,sitting,tensometric,Pas tensometryczny,5,90.0,95.0,15.0,FFT,19.21632795477455,4.216327954774549,4.216327954774549,True,1,True
session_20260625_variable_sit_walk,sitting,tensometric,Pas tensometryczny,5,95.0,100.0,15.0,Maksima,,,,False,1,False
session_20260625_variable_sit_walk,sitting,tensometric,Pas tensometryczny,5,95.0,100.0,15.0,Minima,,,,False,1,False
session_20260625_variable_sit_walk,sitting,tensometric,Pas tensometryczny,5,95.0,100.0,15.0,Przejścia przez zero,17.142857142857142,2.1428571428571423,2.1428571428571423,True,2,False
session_20260625_variable_sit_walk,sitting,tensometric,Pas tensometryczny,5,95.0,100.0,15.0,Autokorelacja,19.2,4.199999999999999,4.199999999999999,True,1,False
session_20260625_variable_sit_walk,sitting,tensometric,Pas tensometryczny,5,95.0,100.0,15.0,FFT,17.572303656534434,2.5723036565344337,2.5723036565344337,True,1,False
session_20260625_variable_sit_walk,sitting,tensometric,Pas tensometryczny,5,100.0,105.0,20.0,Maksima,,,,False,0,True
session_20260625_variable_sit_walk,sitting,tensometric,Pas tensometryczny,5,100.0,105.0,20.0,Minima,,,,False,1,True
session_20260625_variable_sit_walk,sitting,tensometric,Pas tensometryczny,5,100.0,105.0,20.0,Przejścia przez zero,,,,False,1,True
session_20260625_variable_sit_walk,sitting,tensometric,Pas tensometryczny,5,100.0,105.0,20.0,Autokorelacja,14.117647058823529,-5.882352941176471,5.882352941176471,True,1,True
session_20260625_variable_sit_walk,sitting,tensometric,Pas tensometryczny,5,100.0,105.0,20.0,FFT,5.112747935875967,-14.887252064124034,14.887252064124034,True,1,True
session_20260625_variable_sit_walk,sitting,tensometric,Pas tensometryczny,5,105.0,110.0,20.0,Maksima,,,,False,1,False
session_20260625_variable_sit_walk,sitting,tensometric,Pas tensometryczny,5,105.0,110.0,20.0,Minima,22.857142857142858,2.8571428571428577,2.8571428571428577,True,2,False
session_20260625_variable_sit_walk,sitting,tensometric,Pas tensometryczny,5,105.0,110.0,20.0,Przejścia przez zero,26.666666666666668,6.666666666666668,6.666666666666668,True,2,False
session_20260625_variable_sit_walk,sitting,tensometric,Pas tensometryczny,5,105.0,110.0,20.0,Autokorelacja,21.818181818181817,1.8181818181818166,1.8181818181818166,True,1,False
session_20260625_variable_sit_walk,sitting,tensometric,Pas tensometryczny,5,105.0,110.0,20.0,FFT,19.650827257503447,-0.3491727424965525,0.3491727424965525,True,1,False
session_20260625_variable_sit_walk,sitting,tensometric,Pas tensometryczny,5,110.0,115.0,25.0,Maksima,24.0,-1.0,1.0,True,2,True
session_20260625_variable_sit_walk,sitting,tensometric,Pas tensometryczny,5,110.0,115.0,25.0,Minima,,,,False,1,True
session_20260625_variable_sit_walk,sitting,tensometric,Pas tensometryczny,5,110.0,115.0,25.0,Przejścia przez zero,17.77777777777778,-7.222222222222221,7.222222222222221,True,2,True
session_20260625_variable_sit_walk,sitting,tensometric,Pas tensometryczny,5,110.0,115.0,25.0,Autokorelacja,20.0,-5.0,5.0,True,1,True
session_20260625_variable_sit_walk,sitting,tensometric,Pas tensometryczny,5,110.0,115.0,25.0,FFT,19.408493464480582,-5.591506535519418,5.591506535519418,True,1,True
session_20260625_variable_sit_walk,sitting,tensometric,Pas tensometryczny,5,115.0,120.0,25.0,Maksima,24.0,-1.0,1.0,True,2,False
session_20260625_variable_sit_walk,sitting,tensometric,Pas tensometryczny,5,115.0,120.0,25.0,Minima,22.857142857142858,-2.1428571428571423,2.1428571428571423,True,2,False
session_20260625_variable_sit_walk,sitting,tensometric,Pas tensometryczny,5,115.0,120.0,25.0,Przejścia przez zero,21.818181818181817,-3.1818181818181834,3.1818181818181834,True,2,False
session_20260625_variable_sit_walk,sitting,tensometric,Pas tensometryczny,5,115.0,120.0,25.0,Autokorelacja,24.0,-1.0,1.0,True,1,False
session_20260625_variable_sit_walk,sitting,tensometric,Pas tensometryczny,5,115.0,120.0,25.0,FFT,22.090087827587457,-2.909912172412543,2.909912172412543,True,1,False
session_20260625_variable_sit_walk,walking,tensometric,Pas tensometryczny,5,130.0,135.0,10.0,Maksima,,,,False,1,True
session_20260625_variable_sit_walk,walking,tensometric,Pas tensometryczny,5,130.0,135.0,10.0,Minima,,,,False,0,True
session_20260625_variable_sit_walk,walking,tensometric,Pas tensometryczny,5,130.0,135.0,10.0,Przejścia przez zero,,,,False,1,True
session_20260625_variable_sit_walk,walking,tensometric,Pas tensometryczny,5,130.0,135.0,10.0,Autokorelacja,14.117647058823529,4.117647058823529,4.117647058823529,True,1,True
session_20260625_variable_sit_walk,walking,tensometric,Pas tensometryczny,5,130.0,135.0,10.0,FFT,5.466228707342243,-4.533771292657757,4.533771292657757,True,1,True
session_20260625_variable_sit_walk,walking,tensometric,Pas tensometryczny,5,135.0,140.0,10.0,Maksima,,,,False,1,False
session_20260625_variable_sit_walk,walking,tensometric,Pas tensometryczny,5,135.0,140.0,10.0,Minima,,,,False,1,False
session_20260625_variable_sit_walk,walking,tensometric,Pas tensometryczny,5,135.0,140.0,10.0,Przejścia przez zero,,,,False,1,False
session_20260625_variable_sit_walk,walking,tensometric,Pas tensometryczny,5,135.0,140.0,10.0,Autokorelacja,15.483870967741936,5.483870967741936,5.483870967741936,True,1,False
session_20260625_variable_sit_walk,walking,tensometric,Pas tensometryczny,5,135.0,140.0,10.0,FFT,7.583868260734957,-2.416131739265043,2.416131739265043,True,1,False
session_20260625_variable_sit_walk,walking,tensometric,Pas tensometryczny,5,140.0,145.0,15.0,Maksima,,,,False,1,True
session_20260625_variable_sit_walk,walking,tensometric,Pas tensometryczny,5,140.0,145.0,15.0,Minima,24.0,9.0,9.0,True,2,True
session_20260625_variable_sit_walk,walking,tensometric,Pas tensometryczny,5,140.0,145.0,15.0,Przejścia przez zero,36.92307692307692,21.92307692307692,21.92307692307692,True,2,True
session_20260625_variable_sit_walk,walking,tensometric,Pas tensometryczny,5,140.0,145.0,15.0,Autokorelacja,17.77777777777778,2.7777777777777786,2.7777777777777786,True,1,True
session_20260625_variable_sit_walk,walking,tensometric,Pas tensometryczny,5,140.0,145.0,15.0,FFT,14.180313768464405,-0.8196862315355951,0.8196862315355951,True,1,True
session_20260625_variable_sit_walk,walking,tensometric,Pas tensometryczny,5,145.0,150.0,15.0,Maksima,,,,False,1,False
session_20260625_variable_sit_walk,walking,tensometric,Pas tensometryczny,5,145.0,150.0,15.0,Minima,,,,False,1,False
session_20260625_variable_sit_walk,walking,tensometric,Pas tensometryczny,5,145.0,150.0,15.0,Przejścia przez zero,17.142857142857142,2.1428571428571423,2.1428571428571423,True,2,False
session_20260625_variable_sit_walk,walking,tensometric,Pas tensometryczny,5,145.0,150.0,15.0,Autokorelacja,19.2,4.199999999999999,4.199999999999999,True,1,False
session_20260625_variable_sit_walk,walking,tensometric,Pas tensometryczny,5,145.0,150.0,15.0,FFT,17.13813946097154,2.1381394609715407,2.1381394609715407,True,1,False
session_20260625_variable_sit_walk,walking,tensometric,Pas tensometryczny,5,150.0,155.0,20.0,Maksima,34.285714285714285,14.285714285714285,14.285714285714285,True,2,True
session_20260625_variable_sit_walk,walking,tensometric,Pas tensometryczny,5,150.0,155.0,20.0,Minima,40.0,20.0,20.0,True,2,True
session_20260625_variable_sit_walk,walking,tensometric,Pas tensometryczny,5,150.0,155.0,20.0,Przejścia przez zero,,,,False,1,True
session_20260625_variable_sit_walk,walking,tensometric,Pas tensometryczny,5,150.0,155.0,20.0,Autokorelacja,13.714285714285714,-6.2857142857142865,6.2857142857142865,True,1,True
session_20260625_variable_sit_walk,walking,tensometric,Pas tensometryczny,5,150.0,155.0,20.0,FFT,5.616167691567026,-14.383832308432975,14.383832308432975,True,1,True
session_20260625_variable_sit_walk,walking,tensometric,Pas tensometryczny,5,155.0,160.0,20.0,Maksima,,,,False,1,False
session_20260625_variable_sit_walk,walking,tensometric,Pas tensometryczny,5,155.0,160.0,20.0,Minima,,,,False,1,False
session_20260625_variable_sit_walk,walking,tensometric,Pas tensometryczny,5,155.0,160.0,20.0,Przejścia przez zero,,,,False,1,False
session_20260625_variable_sit_walk,walking,tensometric,Pas tensometryczny,5,155.0,160.0,20.0,Autokorelacja,20.0,0.0,0.0,True,1,False
session_20260625_variable_sit_walk,walking,tensometric,Pas tensometryczny,5,155.0,160.0,20.0,FFT,18.341066827390726,-1.6589331726092738,1.6589331726092738,True,1,False
session_20260625_variable_sit_walk,walking,tensometric,Pas tensometryczny,5,160.0,165.0,25.0,Maksima,,,,False,1,True
session_20260625_variable_sit_walk,walking,tensometric,Pas tensometryczny,5,160.0,165.0,25.0,Minima,,,,False,1,True
session_20260625_variable_sit_walk,walking,tensometric,Pas tensometryczny,5,160.0,165.0,25.0,Przejścia przez zero,17.142857142857142,-7.857142857142858,7.857142857142858,True,2,True
session_20260625_variable_sit_walk,walking,tensometric,Pas tensometryczny,5,160.0,165.0,25.0,Autokorelacja,18.46153846153846,-6.53846153846154,6.53846153846154,True,1,True
session_20260625_variable_sit_walk,walking,tensometric,Pas tensometryczny,5,160.0,165.0,25.0,FFT,16.642145145617363,-8.357854854382637,8.357854854382637,True,1,True
session_20260625_variable_sit_walk,walking,tensometric,Pas tensometryczny,5,165.0,170.0,25.0,Maksima,25.263157894736842,0.2631578947368425,0.2631578947368425,True,2,False
session_20260625_variable_sit_walk,walking,tensometric,Pas tensometryczny,5,165.0,170.0,25.0,Minima,25.263157894736842,0.2631578947368425,0.2631578947368425,True,2,False
session_20260625_variable_sit_walk,walking,tensometric,Pas tensometryczny,5,165.0,170.0,25.0,Przejścia przez zero,22.857142857142858,-2.1428571428571423,2.1428571428571423,True,2,False
session_20260625_variable_sit_walk,walking,tensometric,Pas tensometryczny,5,165.0,170.0,25.0,Autokorelacja,25.263157894736842,0.2631578947368425,0.2631578947368425,True,1,False
session_20260625_variable_sit_walk,walking,tensometric,Pas tensometryczny,5,165.0,170.0,25.0,FFT,22.426673223056415,-2.573326776943585,2.573326776943585,True,1,False
session_20260625_variable_sit_walk,walking,tensometric,Pas tensometryczny,5,170.0,175.0,10.0,Maksima,,,,False,1,True
session_20260625_variable_sit_walk,walking,tensometric,Pas tensometryczny,5,170.0,175.0,10.0,Minima,,,,False,0,True
session_20260625_variable_sit_walk,walking,tensometric,Pas tensometryczny,5,170.0,175.0,10.0,Przejścia przez zero,,,,False,1,True
session_20260625_variable_sit_walk,walking,tensometric,Pas tensometryczny,5,170.0,175.0,10.0,Autokorelacja,15.0,5.0,5.0,True,1,True
session_20260625_variable_sit_walk,walking,tensometric,Pas tensometryczny,5,170.0,175.0,10.0,FFT,6.64000831725461,-3.35999168274539,3.35999168274539,True,1,True
session_20260625_variable_sit_walk,walking,tensometric,Pas tensometryczny,5,175.0,180.0,10.0,Maksima,,,,False,1,False
session_20260625_variable_sit_walk,walking,tensometric,Pas tensometryczny,5,175.0,180.0,10.0,Minima,,,,False,1,False
session_20260625_variable_sit_walk,walking,tensometric,Pas tensometryczny,5,175.0,180.0,10.0,Przejścia przez zero,,,,False,1,False
session_20260625_variable_sit_walk,walking,tensometric,Pas tensometryczny,5,175.0,180.0,10.0,Autokorelacja,17.77777777777778,7.777777777777779,7.777777777777779,True,1,False
session_20260625_variable_sit_walk,walking,tensometric,Pas tensometryczny,5,175.0,180.0,10.0,FFT,15.449677246249268,5.4496772462492675,5.4496772462492675,True,1,False
session_20260625_variable_sit_walk,walking,tensometric,Pas tensometryczny,5,180.0,185.0,15.0,Maksima,,,,False,1,True
session_20260625_variable_sit_walk,walking,tensometric,Pas tensometryczny,5,180.0,185.0,15.0,Minima,,,,False,1,True
session_20260625_variable_sit_walk,walking,tensometric,Pas tensometryczny,5,180.0,185.0,15.0,Przejścia przez zero,,,,False,1,True
session_20260625_variable_sit_walk,walking,tensometric,Pas tensometryczny,5,180.0,185.0,15.0,Autokorelacja,17.77777777777778,2.7777777777777786,2.7777777777777786,True,1,True
session_20260625_variable_sit_walk,walking,tensometric,Pas tensometryczny,5,180.0,185.0,15.0,FFT,13.98963702039027,-1.0103629796097309,1.0103629796097309,True,1,True
session_20260625_variable_sit_walk,walking,tensometric,Pas tensometryczny,5,185.0,190.0,15.0,Maksima,,,,False,1,False
session_20260625_variable_sit_walk,walking,tensometric,Pas tensometryczny,5,185.0,190.0,15.0,Minima,,,,False,1,False
session_20260625_variable_sit_walk,walking,tensometric,Pas tensometryczny,5,185.0,190.0,15.0,Przejścia przez zero,17.142857142857142,2.1428571428571423,2.1428571428571423,True,2,False
session_20260625_variable_sit_walk,walking,tensometric,Pas tensometryczny,5,185.0,190.0,15.0,Autokorelacja,17.77777777777778,2.7777777777777786,2.7777777777777786,True,1,False
session_20260625_variable_sit_walk,walking,tensometric,Pas tensometryczny,5,185.0,190.0,15.0,FFT,13.6632126766457,-1.3367873233543008,1.3367873233543008,True,1,False
session_20260625_variable_sit_walk,walking,tensometric,Pas tensometryczny,5,190.0,195.0,20.0,Maksima,21.818181818181817,1.8181818181818166,1.8181818181818166,True,2,True
session_20260625_variable_sit_walk,walking,tensometric,Pas tensometryczny,5,190.0,195.0,20.0,Minima,26.666666666666668,6.666666666666668,6.666666666666668,True,2,True
session_20260625_variable_sit_walk,walking,tensometric,Pas tensometryczny,5,190.0,195.0,20.0,Przejścia przez zero,36.92307692307692,16.92307692307692,16.92307692307692,True,2,True
session_20260625_variable_sit_walk,walking,tensometric,Pas tensometryczny,5,190.0,195.0,20.0,Autokorelacja,14.117647058823529,-5.882352941176471,5.882352941176471,True,1,True
session_20260625_variable_sit_walk,walking,tensometric,Pas tensometryczny,5,190.0,195.0,20.0,FFT,19.316118562618126,-0.6838814373818742,0.6838814373818742,True,1,True
session_20260625_variable_sit_walk,walking,tensometric,Pas tensometryczny,5,195.0,200.0,20.0,Maksima,20.869565217391305,0.8695652173913047,0.8695652173913047,True,2,False
session_20260625_variable_sit_walk,walking,tensometric,Pas tensometryczny,5,195.0,200.0,20.0,Minima,24.0,4.0,4.0,True,2,False
session_20260625_variable_sit_walk,walking,tensometric,Pas tensometryczny,5,195.0,200.0,20.0,Przejścia przez zero,30.0,10.0,10.0,True,2,False
session_20260625_variable_sit_walk,walking,tensometric,Pas tensometryczny,5,195.0,200.0,20.0,Autokorelacja,21.818181818181817,1.8181818181818166,1.8181818181818166,True,1,False
session_20260625_variable_sit_walk,walking,tensometric,Pas tensometryczny,5,195.0,200.0,20.0,FFT,19.469743331120696,-0.5302566688793036,0.5302566688793036,True,1,False
session_20260625_variable_sit_walk,walking,tensometric,Pas tensometryczny,5,200.0,205.0,25.0,Maksima,30.0,5.0,5.0,True,3,True
session_20260625_variable_sit_walk,walking,tensometric,Pas tensometryczny,5,200.0,205.0,25.0,Minima,24.0,-1.0,1.0,True,2,True
session_20260625_variable_sit_walk,walking,tensometric,Pas tensometryczny,5,200.0,205.0,25.0,Przejścia przez zero,21.818181818181817,-3.1818181818181834,3.1818181818181834,True,2,True
session_20260625_variable_sit_walk,walking,tensometric,Pas tensometryczny,5,200.0,205.0,25.0,Autokorelacja,24.0,-1.0,1.0,True,1,True
session_20260625_variable_sit_walk,walking,tensometric,Pas tensometryczny,5,200.0,205.0,25.0,FFT,21.269487186160024,-3.730512813839976,3.730512813839976,True,1,True
session_20260625_variable_sit_walk,walking,tensometric,Pas tensometryczny,5,205.0,210.0,25.0,Maksima,24.0,-1.0,1.0,True,2,False
session_20260625_variable_sit_walk,walking,tensometric,Pas tensometryczny,5,205.0,210.0,25.0,Minima,21.818181818181817,-3.1818181818181834,3.1818181818181834,True,2,False
session_20260625_variable_sit_walk,walking,tensometric,Pas tensometryczny,5,205.0,210.0,25.0,Przejścia przez zero,20.869565217391305,-4.130434782608695,4.130434782608695,True,2,False
session_20260625_variable_sit_walk,walking,tensometric,Pas tensometryczny,5,205.0,210.0,25.0,Autokorelacja,21.818181818181817,-3.1818181818181834,3.1818181818181834,True,1,False
session_20260625_variable_sit_walk,walking,tensometric,Pas tensometryczny,5,205.0,210.0,25.0,FFT,19.725567945703855,-5.274432054296145,5.274432054296145,True,1,False
session_20260625_variable_sit_walk,walking,tensometric,Pas tensometryczny,5,210.0,215.0,10.0,Maksima,20.869565217391305,10.869565217391305,10.869565217391305,True,2,True
session_20260625_variable_sit_walk,walking,tensometric,Pas tensometryczny,5,210.0,215.0,10.0,Minima,,,,False,1,True
session_20260625_variable_sit_walk,walking,tensometric,Pas tensometryczny,5,210.0,215.0,10.0,Przejścia przez zero,19.2,9.2,9.2,True,2,True
session_20260625_variable_sit_walk,walking,tensometric,Pas tensometryczny,5,210.0,215.0,10.0,Autokorelacja,20.869565217391305,10.869565217391305,10.869565217391305,True,1,True
session_20260625_variable_sit_walk,walking,tensometric,Pas tensometryczny,5,210.0,215.0,10.0,FFT,19.313711087806674,9.313711087806674,9.313711087806674,True,1,True
session_20260625_variable_sit_walk,walking,tensometric,Pas tensometryczny,5,215.0,220.0,10.0,Maksima,,,,False,1,False
session_20260625_variable_sit_walk,walking,tensometric,Pas tensometryczny,5,215.0,220.0,10.0,Minima,,,,False,1,False
session_20260625_variable_sit_walk,walking,tensometric,Pas tensometryczny,5,215.0,220.0,10.0,Przejścia przez zero,,,,False,1,False
session_20260625_variable_sit_walk,walking,tensometric,Pas tensometryczny,5,215.0,220.0,10.0,Autokorelacja,18.46153846153846,8.46153846153846,8.46153846153846,True,1,False
session_20260625_variable_sit_walk,walking,tensometric,Pas tensometryczny,5,215.0,220.0,10.0,FFT,16.95642043190422,6.95642043190422,6.95642043190422,True,1,False
session_20260625_variable_sit_walk,walking,tensometric,Pas tensometryczny,5,220.0,225.0,15.0,Maksima,,,,False,1,True
session_20260625_variable_sit_walk,walking,tensometric,Pas tensometryczny,5,220.0,225.0,15.0,Minima,,,,False,1,True
session_20260625_variable_sit_walk,walking,tensometric,Pas tensometryczny,5,220.0,225.0,15.0,Przejścia przez zero,,,,False,1,True
session_20260625_variable_sit_walk,walking,tensometric,Pas tensometryczny,5,220.0,225.0,15.0,Autokorelacja,17.142857142857142,2.1428571428571423,2.1428571428571423,True,1,True
session_20260625_variable_sit_walk,walking,tensometric,Pas tensometryczny,5,220.0,225.0,15.0,FFT,10.904389980831587,-4.095610019168413,4.095610019168413,True,1,True
session_20260625_variable_sit_walk,walking,tensometric,Pas tensometryczny,5,225.0,230.0,15.0,Maksima,,,,False,1,False
session_20260625_variable_sit_walk,walking,tensometric,Pas tensometryczny,5,225.0,230.0,15.0,Minima,,,,False,1,False
session_20260625_variable_sit_walk,walking,tensometric,Pas tensometryczny,5,225.0,230.0,15.0,Przejścia przez zero,16.0,1.0,1.0,True,2,False
session_20260625_variable_sit_walk,walking,tensometric,Pas tensometryczny,5,225.0,230.0,15.0,Autokorelacja,17.142857142857142,2.1428571428571423,2.1428571428571423,True,1,False
session_20260625_variable_sit_walk,walking,tensometric,Pas tensometryczny,5,225.0,230.0,15.0,FFT,11.516711565238605,-3.483288434761395,3.483288434761395,True,1,False
session_20260625_variable_sit_walk,walking,tensometric,Pas tensometryczny,5,230.0,235.0,20.0,Maksima,,,,False,1,True
session_20260625_variable_sit_walk,walking,tensometric,Pas tensometryczny,5,230.0,235.0,20.0,Minima,28.235294117647058,8.235294117647058,8.235294117647058,True,2,True
session_20260625_variable_sit_walk,walking,tensometric,Pas tensometryczny,5,230.0,235.0,20.0,Przejścia przez zero,36.92307692307692,16.92307692307692,16.92307692307692,True,2,True
session_20260625_variable_sit_walk,walking,tensometric,Pas tensometryczny,5,230.0,235.0,20.0,Autokorelacja,13.333333333333334,-6.666666666666666,6.666666666666666,True,1,True
session_20260625_variable_sit_walk,walking,tensometric,Pas tensometryczny,5,230.0,235.0,20.0,FFT,18.13359226951605,-1.8664077304839495,1.8664077304839495,True,1,True
session_20260625_variable_sit_walk,walking,tensometric,Pas tensometryczny,5,235.0,240.0,20.0,Maksima,,,,False,1,False
session_20260625_variable_sit_walk,walking,tensometric,Pas tensometryczny,5,235.0,240.0,20.0,Minima,21.818181818181817,1.8181818181818166,1.8181818181818166,True,2,False
session_20260625_variable_sit_walk,walking,tensometric,Pas tensometryczny,5,235.0,240.0,20.0,Przejścia przez zero,26.666666666666668,6.666666666666668,6.666666666666668,True,2,False
session_20260625_variable_sit_walk,walking,tensometric,Pas tensometryczny,5,235.0,240.0,20.0,Autokorelacja,20.869565217391305,0.8695652173913047,0.8695652173913047,True,1,False
session_20260625_variable_sit_walk,walking,tensometric,Pas tensometryczny,5,235.0,240.0,20.0,FFT,18.252650169278223,-1.7473498307217774,1.7473498307217774,True,1,False
session_20260625_variable_sit_walk,walking,tensometric,Pas tensometryczny,5,240.0,245.0,25.0,Maksima,,,,False,1,True
session_20260625_variable_sit_walk,walking,tensometric,Pas tensometryczny,5,240.0,245.0,25.0,Minima,,,,False,1,True
session_20260625_variable_sit_walk,walking,tensometric,Pas tensometryczny,5,240.0,245.0,25.0,Przejścia przez zero,16.551724137931036,-8.448275862068964,8.448275862068964,True,2,True
session_20260625_variable_sit_walk,walking,tensometric,Pas tensometryczny,5,240.0,245.0,25.0,Autokorelacja,17.77777777777778,-7.222222222222221,7.222222222222221,True,1,True
session_20260625_variable_sit_walk,walking,tensometric,Pas tensometryczny,5,240.0,245.0,25.0,FFT,12.816662931548201,-12.183337068451799,12.183337068451799,True,1,True
session_20260625_variable_sit_walk,walking,tensometric,Pas tensometryczny,5,245.0,250.0,25.0,Maksima,26.666666666666668,1.6666666666666679,1.6666666666666679,True,2,False
session_20260625_variable_sit_walk,walking,tensometric,Pas tensometryczny,5,245.0,250.0,25.0,Minima,25.263157894736842,0.2631578947368425,0.2631578947368425,True,2,False
session_20260625_variable_sit_walk,walking,tensometric,Pas tensometryczny,5,245.0,250.0,25.0,Przejścia przez zero,22.857142857142858,-2.1428571428571423,2.1428571428571423,True,2,False
session_20260625_variable_sit_walk,walking,tensometric,Pas tensometryczny,5,245.0,250.0,25.0,Autokorelacja,25.263157894736842,0.2631578947368425,0.2631578947368425,True,1,False
session_20260625_variable_sit_walk,walking,tensometric,Pas tensometryczny,5,245.0,250.0,25.0,FFT,22.968211031921733,-2.031788968078267,2.031788968078267,True,1,False
session_20260625_variable_sit_walk,sitting,tensometric,Pas tensometryczny,10,5.0,15.0,15.0,Maksima,,,,False,1,True
session_20260625_variable_sit_walk,sitting,tensometric,Pas tensometryczny,10,5.0,15.0,15.0,Minima,,,,False,1,True
session_20260625_variable_sit_walk,sitting,tensometric,Pas tensometryczny,10,5.0,15.0,15.0,Przejścia przez zero,,,,False,1,True
session_20260625_variable_sit_walk,sitting,tensometric,Pas tensometryczny,10,5.0,15.0,15.0,Autokorelacja,7.619047619047619,-7.380952380952381,7.380952380952381,True,1,True
session_20260625_variable_sit_walk,sitting,tensometric,Pas tensometryczny,10,5.0,15.0,15.0,FFT,6.345716854757768,-8.654283145242232,8.654283145242232,True,1,True
session_20260625_variable_sit_walk,sitting,tensometric,Pas tensometryczny,10,10.0,20.0,15.0,Maksima,,,,False,1,True
session_20260625_variable_sit_walk,sitting,tensometric,Pas tensometryczny,10,10.0,20.0,15.0,Minima,,,,False,1,True
session_20260625_variable_sit_walk,sitting,tensometric,Pas tensometryczny,10,10.0,20.0,15.0,Przejścia przez zero,,,,False,1,True
session_20260625_variable_sit_walk,sitting,tensometric,Pas tensometryczny,10,10.0,20.0,15.0,Autokorelacja,8.421052631578947,-6.578947368421053,6.578947368421053,True,1,True
session_20260625_variable_sit_walk,sitting,tensometric,Pas tensometryczny,10,10.0,20.0,15.0,FFT,10.817174450305526,-4.182825549694474,4.182825549694474,True,1,True
session_20260625_variable_sit_walk,sitting,tensometric,Pas tensometryczny,10,15.0,25.0,20.0,Maksima,15.0,-5.0,5.0,True,2,True
session_20260625_variable_sit_walk,sitting,tensometric,Pas tensometryczny,10,15.0,25.0,20.0,Minima,11.707317073170731,-8.292682926829269,8.292682926829269,True,2,True
session_20260625_variable_sit_walk,sitting,tensometric,Pas tensometryczny,10,15.0,25.0,20.0,Przejścia przez zero,14.117647058823529,-5.882352941176471,5.882352941176471,True,3,True
session_20260625_variable_sit_walk,sitting,tensometric,Pas tensometryczny,10,15.0,25.0,20.0,Autokorelacja,14.117647058823529,-5.882352941176471,5.882352941176471,True,1,True
session_20260625_variable_sit_walk,sitting,tensometric,Pas tensometryczny,10,15.0,25.0,20.0,FFT,13.2471945193129,-6.752805480687099,6.752805480687099,True,1,True
session_20260625_variable_sit_walk,sitting,tensometric,Pas tensometryczny,10,20.0,30.0,20.0,Maksima,21.818181818181817,1.8181818181818166,1.8181818181818166,True,2,True
session_20260625_variable_sit_walk,sitting,tensometric,Pas tensometryczny,10,20.0,30.0,20.0,Minima,20.425531914893618,0.4255319148936181,0.4255319148936181,True,3,True
session_20260625_variable_sit_walk,sitting,tensometric,Pas tensometryczny,10,20.0,30.0,20.0,Przejścia przez zero,23.414634146341463,3.414634146341463,3.414634146341463,True,3,True
session_20260625_variable_sit_walk,sitting,tensometric,Pas tensometryczny,10,20.0,30.0,20.0,Autokorelacja,8.0,-12.0,12.0,True,1,True
session_20260625_variable_sit_walk,sitting,tensometric,Pas tensometryczny,10,20.0,30.0,20.0,FFT,6.806917685047658,-13.193082314952342,13.193082314952342,True,1,True
session_20260625_variable_sit_walk,sitting,tensometric,Pas tensometryczny,10,25.0,35.0,25.0,Maksima,18.46153846153846,-6.53846153846154,6.53846153846154,True,3,True
session_20260625_variable_sit_walk,sitting,tensometric,Pas tensometryczny,10,25.0,35.0,25.0,Minima,18.823529411764707,-6.1764705882352935,6.1764705882352935,True,3,True
session_20260625_variable_sit_walk,sitting,tensometric,Pas tensometryczny,10,25.0,35.0,25.0,Przejścia przez zero,18.46153846153846,-6.53846153846154,6.53846153846154,True,3,True
session_20260625_variable_sit_walk,sitting,tensometric,Pas tensometryczny,10,25.0,35.0,25.0,Autokorelacja,19.2,-5.800000000000001,5.800000000000001,True,1,True
session_20260625_variable_sit_walk,sitting,tensometric,Pas tensometryczny,10,25.0,35.0,25.0,FFT,18.326394899481283,-6.673605100518717,6.673605100518717,True,1,True
session_20260625_variable_sit_walk,sitting,tensometric,Pas tensometryczny,10,30.0,40.0,25.0,Maksima,25.263157894736842,0.2631578947368425,0.2631578947368425,True,4,True
session_20260625_variable_sit_walk,sitting,tensometric,Pas tensometryczny,10,30.0,40.0,25.0,Minima,24.615384615384617,-0.38461538461538325,0.38461538461538325,True,3,True
session_20260625_variable_sit_walk,sitting,tensometric,Pas tensometryczny,10,30.0,40.0,25.0,Przejścia przez zero,27.428571428571427,2.428571428571427,2.428571428571427,True,3,True
session_20260625_variable_sit_walk,sitting,tensometric,Pas tensometryczny,10,30.0,40.0,25.0,Autokorelacja,7.164179104477612,-17.83582089552239,17.83582089552239,True,1,True
session_20260625_variable_sit_walk,sitting,tensometric,Pas tensometryczny,10,30.0,40.0,25.0,FFT,23.472690808618545,-1.5273091913814554,1.5273091913814554,True,1,True
session_20260625_variable_sit_walk,sitting,tensometric,Pas tensometryczny,10,35.0,45.0,10.0,Maksima,19.2,9.2,9.2,True,3,True
session_20260625_variable_sit_walk,sitting,tensometric,Pas tensometryczny,10,35.0,45.0,10.0,Minima,25.945945945945947,15.945945945945947,15.945945945945947,True,3,True
session_20260625_variable_sit_walk,sitting,tensometric,Pas tensometryczny,10,35.0,45.0,10.0,Przejścia przez zero,23.414634146341463,13.414634146341463,13.414634146341463,True,3,True
session_20260625_variable_sit_walk,sitting,tensometric,Pas tensometryczny,10,35.0,45.0,10.0,Autokorelacja,12.972972972972974,2.9729729729729737,2.9729729729729737,True,1,True
session_20260625_variable_sit_walk,sitting,tensometric,Pas tensometryczny,10,35.0,45.0,10.0,FFT,20.3282609071641,10.3282609071641,10.3282609071641,True,1,True
session_20260625_variable_sit_walk,sitting,tensometric,Pas tensometryczny,10,40.0,50.0,10.0,Maksima,9.6,-0.40000000000000036,0.40000000000000036,True,2,True
session_20260625_variable_sit_walk,sitting,tensometric,Pas tensometryczny,10,40.0,50.0,10.0,Minima,,,,False,1,True
session_20260625_variable_sit_walk,sitting,tensometric,Pas tensometryczny,10,40.0,50.0,10.0,Przejścia przez zero,8.571428571428571,-1.4285714285714288,1.4285714285714288,True,2,True
session_20260625_variable_sit_walk,sitting,tensometric,Pas tensometryczny,10,40.0,50.0,10.0,Autokorelacja,48.0,38.0,38.0,True,1,True
session_20260625_variable_sit_walk,sitting,tensometric,Pas tensometryczny,10,40.0,50.0,10.0,FFT,8.74033046700201,-1.2596695329979894,1.2596695329979894,True,1,True
session_20260625_variable_sit_walk,sitting,tensometric,Pas tensometryczny,10,45.0,55.0,15.0,Maksima,17.77777777777778,2.7777777777777786,2.7777777777777786,True,2,True
session_20260625_variable_sit_walk,sitting,tensometric,Pas tensometryczny,10,45.0,55.0,15.0,Minima,12.0,-3.0,3.0,True,2,True
session_20260625_variable_sit_walk,sitting,tensometric,Pas tensometryczny,10,45.0,55.0,15.0,Przejścia przez zero,14.117647058823529,-0.882352941176471,0.882352941176471,True,2,True
session_20260625_variable_sit_walk,sitting,tensometric,Pas tensometryczny,10,45.0,55.0,15.0,Autokorelacja,48.0,33.0,33.0,True,1,True
session_20260625_variable_sit_walk,sitting,tensometric,Pas tensometryczny,10,45.0,55.0,15.0,FFT,3.508997075654779,-11.49100292434522,11.49100292434522,True,1,True
session_20260625_variable_sit_walk,sitting,tensometric,Pas tensometryczny,10,50.0,60.0,15.0,Maksima,15.483870967741936,0.48387096774193594,0.48387096774193594,True,2,True
session_20260625_variable_sit_walk,sitting,tensometric,Pas tensometryczny,10,50.0,60.0,15.0,Minima,16.271186440677965,1.2711864406779654,1.2711864406779654,True,3,True
session_20260625_variable_sit_walk,sitting,tensometric,Pas tensometryczny,10,50.0,60.0,15.0,Przejścia przez zero,16.0,1.0,1.0,True,3,True
session_20260625_variable_sit_walk,sitting,tensometric,Pas tensometryczny,10,50.0,60.0,15.0,Autokorelacja,16.0,1.0,1.0,True,1,True
session_20260625_variable_sit_walk,sitting,tensometric,Pas tensometryczny,10,50.0,60.0,15.0,FFT,15.36159136440945,0.36159136440945083,0.36159136440945083,True,1,True
session_20260625_variable_sit_walk,sitting,tensometric,Pas tensometryczny,10,55.0,65.0,20.0,Maksima,20.869565217391305,0.8695652173913047,0.8695652173913047,True,3,True
session_20260625_variable_sit_walk,sitting,tensometric,Pas tensometryczny,10,55.0,65.0,20.0,Minima,23.414634146341463,3.414634146341463,3.414634146341463,True,3,True
session_20260625_variable_sit_walk,sitting,tensometric,Pas tensometryczny,10,55.0,65.0,20.0,Przejścia przez zero,20.0,0.0,0.0,True,4,True
session_20260625_variable_sit_walk,sitting,tensometric,Pas tensometryczny,10,55.0,65.0,20.0,Autokorelacja,10.909090909090908,-9.090909090909092,9.090909090909092,True,1,True
session_20260625_variable_sit_walk,sitting,tensometric,Pas tensometryczny,10,55.0,65.0,20.0,FFT,11.345665610238148,-8.654334389761852,8.654334389761852,True,1,True
session_20260625_variable_sit_walk,sitting,tensometric,Pas tensometryczny,10,60.0,70.0,20.0,Maksima,20.869565217391305,0.8695652173913047,0.8695652173913047,True,3,True
session_20260625_variable_sit_walk,sitting,tensometric,Pas tensometryczny,10,60.0,70.0,20.0,Minima,20.869565217391305,0.8695652173913047,0.8695652173913047,True,4,True
session_20260625_variable_sit_walk,sitting,tensometric,Pas tensometryczny,10,60.0,70.0,20.0,Przejścia przez zero,22.325581395348838,2.325581395348838,2.325581395348838,True,3,True
session_20260625_variable_sit_walk,sitting,tensometric,Pas tensometryczny,10,60.0,70.0,20.0,Autokorelacja,21.818181818181817,1.8181818181818166,1.8181818181818166,True,1,True
session_20260625_variable_sit_walk,sitting,tensometric,Pas tensometryczny,10,60.0,70.0,20.0,FFT,21.12452293492597,1.1245229349259702,1.1245229349259702,True,1,True
session_20260625_variable_sit_walk,sitting,tensometric,Pas tensometryczny,10,65.0,75.0,25.0,Maksima,19.2,-5.800000000000001,5.800000000000001,True,3,True
session_20260625_variable_sit_walk,sitting,tensometric,Pas tensometryczny,10,65.0,75.0,25.0,Minima,17.77777777777778,-7.222222222222221,7.222222222222221,True,3,True
session_20260625_variable_sit_walk,sitting,tensometric,Pas tensometryczny,10,65.0,75.0,25.0,Przejścia przez zero,18.46153846153846,-6.53846153846154,6.53846153846154,True,3,True
session_20260625_variable_sit_walk,sitting,tensometric,Pas tensometryczny,10,65.0,75.0,25.0,Autokorelacja,17.77777777777778,-7.222222222222221,7.222222222222221,True,1,True
session_20260625_variable_sit_walk,sitting,tensometric,Pas tensometryczny,10,65.0,75.0,25.0,FFT,15.395063173135103,-9.604936826864897,9.604936826864897,True,1,True
session_20260625_variable_sit_walk,sitting,tensometric,Pas tensometryczny,10,70.0,80.0,25.0,Maksima,25.263157894736842,0.2631578947368425,0.2631578947368425,True,4,True
session_20260625_variable_sit_walk,sitting,tensometric,Pas tensometryczny,10,70.0,80.0,25.0,Minima,25.263157894736842,0.2631578947368425,0.2631578947368425,True,3,True
session_20260625_variable_sit_walk,sitting,tensometric,Pas tensometryczny,10,70.0,80.0,25.0,Przejścia przez zero,25.263157894736842,0.2631578947368425,0.2631578947368425,True,4,True
session_20260625_variable_sit_walk,sitting,tensometric,Pas tensometryczny,10,70.0,80.0,25.0,Autokorelacja,24.0,-1.0,1.0,True,1,True
session_20260625_variable_sit_walk,sitting,tensometric,Pas tensometryczny,10,70.0,80.0,25.0,FFT,26.09173371032061,1.0917337103206108,1.0917337103206108,True,1,True
session_20260625_variable_sit_walk,sitting,tensometric,Pas tensometryczny,10,75.0,85.0,10.0,Maksima,20.0,10.0,10.0,True,3,True
session_20260625_variable_sit_walk,sitting,tensometric,Pas tensometryczny,10,75.0,85.0,10.0,Minima,25.263157894736842,15.263157894736842,15.263157894736842,True,2,True
session_20260625_variable_sit_walk,sitting,tensometric,Pas tensometryczny,10,75.0,85.0,10.0,Przejścia przez zero,24.0,14.0,14.0,True,3,True
session_20260625_variable_sit_walk,sitting,tensometric,Pas tensometryczny,10,75.0,85.0,10.0,Autokorelacja,6.486486486486487,-3.513513513513513,3.513513513513513,True,1,True
session_20260625_variable_sit_walk,sitting,tensometric,Pas tensometryczny,10,75.0,85.0,10.0,FFT,20.459850184641546,10.459850184641546,10.459850184641546,True,1,True
session_20260625_variable_sit_walk,sitting,tensometric,Pas tensometryczny,10,80.0,90.0,10.0,Maksima,8.727272727272727,-1.2727272727272734,1.2727272727272734,True,2,True
session_20260625_variable_sit_walk,sitting,tensometric,Pas tensometryczny,10,80.0,90.0,10.0,Minima,,,,False,1,True
session_20260625_variable_sit_walk,sitting,tensometric,Pas tensometryczny,10,80.0,90.0,10.0,Przejścia przez zero,8.727272727272727,-1.2727272727272734,1.2727272727272734,True,2,True
session_20260625_variable_sit_walk,sitting,tensometric,Pas tensometryczny,10,80.0,90.0,10.0,Autokorelacja,48.0,38.0,38.0,True,1,True
session_20260625_variable_sit_walk,sitting,tensometric,Pas tensometryczny,10,80.0,90.0,10.0,FFT,7.16093227441611,-2.83906772558389,2.83906772558389,True,1,True
session_20260625_variable_sit_walk,sitting,tensometric,Pas tensometryczny,10,85.0,95.0,15.0,Maksima,16.551724137931036,1.5517241379310356,1.5517241379310356,True,2,True
session_20260625_variable_sit_walk,sitting,tensometric,Pas tensometryczny,10,85.0,95.0,15.0,Minima,,,,False,1,True
session_20260625_variable_sit_walk,sitting,tensometric,Pas tensometryczny,10,85.0,95.0,15.0,Przejścia przez zero,11.428571428571429,-3.571428571428571,3.571428571428571,True,2,True
session_20260625_variable_sit_walk,sitting,tensometric,Pas tensometryczny,10,85.0,95.0,15.0,Autokorelacja,48.0,33.0,33.0,True,1,True
session_20260625_variable_sit_walk,sitting,tensometric,Pas tensometryczny,10,85.0,95.0,15.0,FFT,4.420054533533379,-10.579945466466622,10.579945466466622,True,1,True
session_20260625_variable_sit_walk,sitting,tensometric,Pas tensometryczny,10,90.0,100.0,15.0,Maksima,16.0,1.0,1.0,True,2,True
session_20260625_variable_sit_walk,sitting,tensometric,Pas tensometryczny,10,90.0,100.0,15.0,Minima,18.11320754716981,3.113207547169811,3.113207547169811,True,3,True
session_20260625_variable_sit_walk,sitting,tensometric,Pas tensometryczny,10,90.0,100.0,15.0,Przejścia przez zero,17.142857142857142,2.1428571428571423,2.1428571428571423,True,3,True
session_20260625_variable_sit_walk,sitting,tensometric,Pas tensometryczny,10,90.0,100.0,15.0,Autokorelacja,17.142857142857142,2.1428571428571423,2.1428571428571423,True,1,True
session_20260625_variable_sit_walk,sitting,tensometric,Pas tensometryczny,10,90.0,100.0,15.0,FFT,15.52750065788046,0.5275006578804593,0.5275006578804593,True,1,True
session_20260625_variable_sit_walk,sitting,tensometric,Pas tensometryczny,10,95.0,105.0,20.0,Maksima,16.0,-4.0,4.0,True,2,True
session_20260625_variable_sit_walk,sitting,tensometric,Pas tensometryczny,10,95.0,105.0,20.0,Minima,11.428571428571429,-8.571428571428571,8.571428571428571,True,2,True
session_20260625_variable_sit_walk,sitting,tensometric,Pas tensometryczny,10,95.0,105.0,20.0,Przejścia przez zero,14.117647058823529,-5.882352941176471,5.882352941176471,True,3,True
session_20260625_variable_sit_walk,sitting,tensometric,Pas tensometryczny,10,95.0,105.0,20.0,Autokorelacja,7.384615384615385,-12.615384615384615,12.615384615384615,True,1,True
session_20260625_variable_sit_walk,sitting,tensometric,Pas tensometryczny,10,95.0,105.0,20.0,FFT,11.177291246345971,-8.822708753654029,8.822708753654029,True,1,True
session_20260625_variable_sit_walk,sitting,tensometric,Pas tensometryczny,10,100.0,110.0,20.0,Maksima,24.0,4.0,4.0,True,2,True
session_20260625_variable_sit_walk,sitting,tensometric,Pas tensometryczny,10,100.0,110.0,20.0,Minima,20.869565217391305,0.8695652173913047,0.8695652173913047,True,3,True
session_20260625_variable_sit_walk,sitting,tensometric,Pas tensometryczny,10,100.0,110.0,20.0,Przejścia przez zero,27.428571428571427,7.428571428571427,7.428571428571427,True,3,True
session_20260625_variable_sit_walk,sitting,tensometric,Pas tensometryczny,10,100.0,110.0,20.0,Autokorelacja,48.0,28.0,28.0,True,1,True
session_20260625_variable_sit_walk,sitting,tensometric,Pas tensometryczny,10,100.0,110.0,20.0,FFT,5.040542538971516,-14.959457461028485,14.959457461028485,True,1,True
session_20260625_variable_sit_walk,sitting,tensometric,Pas tensometryczny,10,105.0,115.0,25.0,Maksima,18.823529411764707,-6.1764705882352935,6.1764705882352935,True,3,True
session_20260625_variable_sit_walk,sitting,tensometric,Pas tensometryczny,10,105.0,115.0,25.0,Minima,18.11320754716981,-6.886792452830189,6.886792452830189,True,3,True
session_20260625_variable_sit_walk,sitting,tensometric,Pas tensometryczny,10,105.0,115.0,25.0,Przejścia przez zero,18.46153846153846,-6.53846153846154,6.53846153846154,True,3,True
session_20260625_variable_sit_walk,sitting,tensometric,Pas tensometryczny,10,105.0,115.0,25.0,Autokorelacja,9.23076923076923,-15.76923076923077,15.76923076923077,True,1,True
session_20260625_variable_sit_walk,sitting,tensometric,Pas tensometryczny,10,105.0,115.0,25.0,FFT,15.348634529164347,-9.651365470835653,9.651365470835653,True,1,True
session_20260625_variable_sit_walk,sitting,tensometric,Pas tensometryczny,10,110.0,120.0,25.0,Maksima,24.0,-1.0,1.0,True,4,True
session_20260625_variable_sit_walk,sitting,tensometric,Pas tensometryczny,10,110.0,120.0,25.0,Minima,25.263157894736842,0.2631578947368425,0.2631578947368425,True,3,True
session_20260625_variable_sit_walk,sitting,tensometric,Pas tensometryczny,10,110.0,120.0,25.0,Przejścia przez zero,25.263157894736842,0.2631578947368425,0.2631578947368425,True,4,True
session_20260625_variable_sit_walk,sitting,tensometric,Pas tensometryczny,10,110.0,120.0,25.0,Autokorelacja,25.263157894736842,0.2631578947368425,0.2631578947368425,True,1,True
session_20260625_variable_sit_walk,sitting,tensometric,Pas tensometryczny,10,110.0,120.0,25.0,FFT,25.589114490486985,0.5891144904869847,0.5891144904869847,True,1,True
session_20260625_variable_sit_walk,walking,tensometric,Pas tensometryczny,10,125.0,135.0,10.0,Maksima,16.0,6.0,6.0,True,2,True
session_20260625_variable_sit_walk,walking,tensometric,Pas tensometryczny,10,125.0,135.0,10.0,Minima,22.857142857142858,12.857142857142858,12.857142857142858,True,2,True
session_20260625_variable_sit_walk,walking,tensometric,Pas tensometryczny,10,125.0,135.0,10.0,Przejścia przez zero,,,,False,1,True
session_20260625_variable_sit_walk,walking,tensometric,Pas tensometryczny,10,125.0,135.0,10.0,Autokorelacja,8.0,-2.0,2.0,True,1,True
session_20260625_variable_sit_walk,walking,tensometric,Pas tensometryczny,10,125.0,135.0,10.0,FFT,3.7208127357925997,-6.2791872642074,6.2791872642074,True,1,True
session_20260625_variable_sit_walk,walking,tensometric,Pas tensometryczny,10,130.0,140.0,10.0,Maksima,,,,False,1,True
session_20260625_variable_sit_walk,walking,tensometric,Pas tensometryczny,10,130.0,140.0,10.0,Minima,,,,False,1,True
session_20260625_variable_sit_walk,walking,tensometric,Pas tensometryczny,10,130.0,140.0,10.0,Przejścia przez zero,8.727272727272727,-1.2727272727272734,1.2727272727272734,True,2,True
session_20260625_variable_sit_walk,walking,tensometric,Pas tensometryczny,10,130.0,140.0,10.0,Autokorelacja,9.411764705882353,-0.5882352941176467,0.5882352941176467,True,1,True
session_20260625_variable_sit_walk,walking,tensometric,Pas tensometryczny,10,130.0,140.0,10.0,FFT,8.782519074565647,-1.2174809254343533,1.2174809254343533,True,1,True
session_20260625_variable_sit_walk,walking,tensometric,Pas tensometryczny,10,135.0,145.0,15.0,Maksima,15.483870967741936,0.48387096774193594,0.48387096774193594,True,2,True
session_20260625_variable_sit_walk,walking,tensometric,Pas tensometryczny,10,135.0,145.0,15.0,Minima,15.238095238095237,0.23809523809523725,0.23809523809523725,True,3,True
session_20260625_variable_sit_walk,walking,tensometric,Pas tensometryczny,10,135.0,145.0,15.0,Przejścia przez zero,11.428571428571429,-3.571428571428571,3.571428571428571,True,2,True
session_20260625_variable_sit_walk,walking,tensometric,Pas tensometryczny,10,135.0,145.0,15.0,Autokorelacja,48.0,33.0,33.0,True,1,True
session_20260625_variable_sit_walk,walking,tensometric,Pas tensometryczny,10,135.0,145.0,15.0,FFT,9.287954517155411,-5.712045482844589,5.712045482844589,True,1,True
session_20260625_variable_sit_walk,walking,tensometric,Pas tensometryczny,10,140.0,150.0,15.0,Maksima,20.0,5.0,5.0,True,2,True
session_20260625_variable_sit_walk,walking,tensometric,Pas tensometryczny,10,140.0,150.0,15.0,Minima,18.46153846153846,3.46153846153846,3.46153846153846,True,3,True
session_20260625_variable_sit_walk,walking,tensometric,Pas tensometryczny,10,140.0,150.0,15.0,Przejścia przez zero,19.2,4.199999999999999,4.199999999999999,True,3,True
session_20260625_variable_sit_walk,walking,tensometric,Pas tensometryczny,10,140.0,150.0,15.0,Autokorelacja,9.411764705882353,-5.588235294117647,5.588235294117647,True,1,True
session_20260625_variable_sit_walk,walking,tensometric,Pas tensometryczny,10,140.0,150.0,15.0,FFT,16.532548766165597,1.532548766165597,1.532548766165597,True,1,True
session_20260625_variable_sit_walk,walking,tensometric,Pas tensometryczny,10,145.0,155.0,20.0,Maksima,18.823529411764707,-1.1764705882352935,1.1764705882352935,True,3,True
session_20260625_variable_sit_walk,walking,tensometric,Pas tensometryczny,10,145.0,155.0,20.0,Minima,22.325581395348838,2.325581395348838,2.325581395348838,True,3,True
session_20260625_variable_sit_walk,walking,tensometric,Pas tensometryczny,10,145.0,155.0,20.0,Przejścia przez zero,13.333333333333334,-6.666666666666666,6.666666666666666,True,3,True
session_20260625_variable_sit_walk,walking,tensometric,Pas tensometryczny,10,145.0,155.0,20.0,Autokorelacja,13.714285714285714,-6.2857142857142865,6.2857142857142865,True,1,True
session_20260625_variable_sit_walk,walking,tensometric,Pas tensometryczny,10,145.0,155.0,20.0,FFT,12.418220100642873,-7.581779899357127,7.581779899357127,True,1,True
session_20260625_variable_sit_walk,walking,tensometric,Pas tensometryczny,10,150.0,160.0,20.0,Maksima,22.857142857142858,2.8571428571428577,2.8571428571428577,True,2,True
session_20260625_variable_sit_walk,walking,tensometric,Pas tensometryczny,10,150.0,160.0,20.0,Minima,20.869565217391305,0.8695652173913047,0.8695652173913047,True,2,True
session_20260625_variable_sit_walk,walking,tensometric,Pas tensometryczny,10,150.0,160.0,20.0,Przejścia przez zero,26.666666666666668,6.666666666666668,6.666666666666668,True,3,True
session_20260625_variable_sit_walk,walking,tensometric,Pas tensometryczny,10,150.0,160.0,20.0,Autokorelacja,7.741935483870968,-12.258064516129032,12.258064516129032,True,1,True
session_20260625_variable_sit_walk,walking,tensometric,Pas tensometryczny,10,150.0,160.0,20.0,FFT,3.330684727088519,-16.669315272911483,16.669315272911483,True,1,True
session_20260625_variable_sit_walk,walking,tensometric,Pas tensometryczny,10,155.0,165.0,25.0,Maksima,15.483870967741936,-9.516129032258064,9.516129032258064,True,2,True
session_20260625_variable_sit_walk,walking,tensometric,Pas tensometryczny,10,155.0,165.0,25.0,Minima,17.77777777777778,-7.222222222222221,7.222222222222221,True,3,True
session_20260625_variable_sit_walk,walking,tensometric,Pas tensometryczny,10,155.0,165.0,25.0,Przejścia przez zero,20.0,-5.0,5.0,True,2,True
session_20260625_variable_sit_walk,walking,tensometric,Pas tensometryczny,10,155.0,165.0,25.0,Autokorelacja,8.88888888888889,-16.11111111111111,16.11111111111111,True,1,True
session_20260625_variable_sit_walk,walking,tensometric,Pas tensometryczny,10,155.0,165.0,25.0,FFT,16.20379781305197,-8.79620218694803,8.79620218694803,True,1,True
session_20260625_variable_sit_walk,walking,tensometric,Pas tensometryczny,10,160.0,170.0,25.0,Maksima,25.263157894736842,0.2631578947368425,0.2631578947368425,True,4,True
session_20260625_variable_sit_walk,walking,tensometric,Pas tensometryczny,10,160.0,170.0,25.0,Minima,25.945945945945947,0.9459459459459474,0.9459459459459474,True,3,True
session_20260625_variable_sit_walk,walking,tensometric,Pas tensometryczny,10,160.0,170.0,25.0,Przejścia przez zero,26.666666666666668,1.6666666666666679,1.6666666666666679,True,4,True
session_20260625_variable_sit_walk,walking,tensometric,Pas tensometryczny,10,160.0,170.0,25.0,Autokorelacja,24.0,-1.0,1.0,True,1,True
session_20260625_variable_sit_walk,walking,tensometric,Pas tensometryczny,10,160.0,170.0,25.0,FFT,26.107497142186258,1.1074971421862578,1.1074971421862578,True,1,True
session_20260625_variable_sit_walk,walking,tensometric,Pas tensometryczny,10,165.0,175.0,10.0,Maksima,22.857142857142858,12.857142857142858,12.857142857142858,True,3,True
session_20260625_variable_sit_walk,walking,tensometric,Pas tensometryczny,10,165.0,175.0,10.0,Minima,24.0,14.0,14.0,True,3,True
session_20260625_variable_sit_walk,walking,tensometric,Pas tensometryczny,10,165.0,175.0,10.0,Przejścia przez zero,27.428571428571427,17.428571428571427,17.428571428571427,True,3,True
session_20260625_variable_sit_walk,walking,tensometric,Pas tensometryczny,10,165.0,175.0,10.0,Autokorelacja,6.857142857142857,-3.1428571428571432,3.1428571428571432,True,1,True
session_20260625_variable_sit_walk,walking,tensometric,Pas tensometryczny,10,165.0,175.0,10.0,FFT,2.259396838217139,-7.740603161782861,7.740603161782861,True,1,True
session_20260625_variable_sit_walk,walking,tensometric,Pas tensometryczny,10,170.0,180.0,10.0,Maksima,,,,False,1,True
session_20260625_variable_sit_walk,walking,tensometric,Pas tensometryczny,10,170.0,180.0,10.0,Minima,,,,False,1,True
session_20260625_variable_sit_walk,walking,tensometric,Pas tensometryczny,10,170.0,180.0,10.0,Przejścia przez zero,,,,False,1,True
session_20260625_variable_sit_walk,walking,tensometric,Pas tensometryczny,10,170.0,180.0,10.0,Autokorelacja,48.0,38.0,38.0,True,1,True
session_20260625_variable_sit_walk,walking,tensometric,Pas tensometryczny,10,170.0,180.0,10.0,FFT,4.562924761472705,-5.437075238527295,5.437075238527295,True,1,True
session_20260625_variable_sit_walk,walking,tensometric,Pas tensometryczny,10,175.0,185.0,15.0,Maksima,17.77777777777778,2.7777777777777786,2.7777777777777786,True,2,True
session_20260625_variable_sit_walk,walking,tensometric,Pas tensometryczny,10,175.0,185.0,15.0,Minima,11.707317073170731,-3.2926829268292686,3.2926829268292686,True,2,True
session_20260625_variable_sit_walk,walking,tensometric,Pas tensometryczny,10,175.0,185.0,15.0,Przejścia przez zero,13.714285714285714,-1.2857142857142865,1.2857142857142865,True,2,True
session_20260625_variable_sit_walk,walking,tensometric,Pas tensometryczny,10,175.0,185.0,15.0,Autokorelacja,48.0,33.0,33.0,True,1,True
session_20260625_variable_sit_walk,walking,tensometric,Pas tensometryczny,10,175.0,185.0,15.0,FFT,1.27940789560371,-13.72059210439629,13.72059210439629,True,1,True
session_20260625_variable_sit_walk,walking,tensometric,Pas tensometryczny,10,180.0,190.0,15.0,Maksima,15.483870967741936,0.48387096774193594,0.48387096774193594,True,2,True
session_20260625_variable_sit_walk,walking,tensometric,Pas tensometryczny,10,180.0,190.0,15.0,Minima,15.483870967741936,0.48387096774193594,0.48387096774193594,True,3,True
session_20260625_variable_sit_walk,walking,tensometric,Pas tensometryczny,10,180.0,190.0,15.0,Przejścia przez zero,15.737704918032787,0.7377049180327866,0.7377049180327866,True,3,True
session_20260625_variable_sit_walk,walking,tensometric,Pas tensometryczny,10,180.0,190.0,15.0,Autokorelacja,15.483870967741936,0.48387096774193594,0.48387096774193594,True,1,True
session_20260625_variable_sit_walk,walking,tensometric,Pas tensometryczny,10,180.0,190.0,15.0,FFT,15.092252532920172,0.09225253292017221,0.09225253292017221,True,1,True
session_20260625_variable_sit_walk,walking,tensometric,Pas tensometryczny,10,185.0,195.0,20.0,Maksima,18.823529411764707,-1.1764705882352935,1.1764705882352935,True,3,True
session_20260625_variable_sit_walk,walking,tensometric,Pas tensometryczny,10,185.0,195.0,20.0,Minima,22.325581395348838,2.325581395348838,2.325581395348838,True,3,True
session_20260625_variable_sit_walk,walking,tensometric,Pas tensometryczny,10,185.0,195.0,20.0,Przejścia przez zero,20.869565217391305,0.8695652173913047,0.8695652173913047,True,4,True
session_20260625_variable_sit_walk,walking,tensometric,Pas tensometryczny,10,185.0,195.0,20.0,Autokorelacja,16.551724137931036,-3.4482758620689644,3.4482758620689644,True,1,True
session_20260625_variable_sit_walk,walking,tensometric,Pas tensometryczny,10,185.0,195.0,20.0,FFT,15.984339046293076,-4.015660953706924,4.015660953706924,True,1,True
session_20260625_variable_sit_walk,walking,tensometric,Pas tensometryczny,10,190.0,200.0,20.0,Maksima,22.857142857142858,2.8571428571428577,2.8571428571428577,True,4,True
session_20260625_variable_sit_walk,walking,tensometric,Pas tensometryczny,10,190.0,200.0,20.0,Minima,24.0,4.0,4.0,True,4,True
session_20260625_variable_sit_walk,walking,tensometric,Pas tensometryczny,10,190.0,200.0,20.0,Przejścia przez zero,28.235294117647058,8.235294117647058,8.235294117647058,True,4,True
session_20260625_variable_sit_walk,walking,tensometric,Pas tensometryczny,10,190.0,200.0,20.0,Autokorelacja,24.0,4.0,4.0,True,1,True
session_20260625_variable_sit_walk,walking,tensometric,Pas tensometryczny,10,190.0,200.0,20.0,FFT,23.912800701785784,3.912800701785784,3.912800701785784,True,1,True
session_20260625_variable_sit_walk,walking,tensometric,Pas tensometryczny,10,195.0,205.0,25.0,Maksima,20.869565217391305,-4.130434782608695,4.130434782608695,True,4,True
session_20260625_variable_sit_walk,walking,tensometric,Pas tensometryczny,10,195.0,205.0,25.0,Minima,18.46153846153846,-6.53846153846154,6.53846153846154,True,3,True
session_20260625_variable_sit_walk,walking,tensometric,Pas tensometryczny,10,195.0,205.0,25.0,Przejścia przez zero,18.823529411764707,-6.1764705882352935,6.1764705882352935,True,3,True
session_20260625_variable_sit_walk,walking,tensometric,Pas tensometryczny,10,195.0,205.0,25.0,Autokorelacja,9.23076923076923,-15.76923076923077,15.76923076923077,True,1,True
session_20260625_variable_sit_walk,walking,tensometric,Pas tensometryczny,10,195.0,205.0,25.0,FFT,15.813872112772925,-9.186127887227075,9.186127887227075,True,1,True
session_20260625_variable_sit_walk,walking,tensometric,Pas tensometryczny,10,200.0,210.0,25.0,Maksima,25.263157894736842,0.2631578947368425,0.2631578947368425,True,5,True
session_20260625_variable_sit_walk,walking,tensometric,Pas tensometryczny,10,200.0,210.0,25.0,Minima,24.0,-1.0,1.0,True,4,True
session_20260625_variable_sit_walk,walking,tensometric,Pas tensometryczny,10,200.0,210.0,25.0,Przejścia przez zero,24.0,-1.0,1.0,True,4,True
session_20260625_variable_sit_walk,walking,tensometric,Pas tensometryczny,10,200.0,210.0,25.0,Autokorelacja,24.0,-1.0,1.0,True,1,True
session_20260625_variable_sit_walk,walking,tensometric,Pas tensometryczny,10,200.0,210.0,25.0,FFT,25.358852716914477,0.35885271691447684,0.35885271691447684,True,1,True
session_20260625_variable_sit_walk,walking,tensometric,Pas tensometryczny,10,205.0,215.0,10.0,Maksima,24.0,14.0,14.0,True,4,True
session_20260625_variable_sit_walk,walking,tensometric,Pas tensometryczny,10,205.0,215.0,10.0,Minima,24.0,14.0,14.0,True,4,True
session_20260625_variable_sit_walk,walking,tensometric,Pas tensometryczny,10,205.0,215.0,10.0,Przejścia przez zero,21.818181818181817,11.818181818181817,11.818181818181817,True,4,True
session_20260625_variable_sit_walk,walking,tensometric,Pas tensometryczny,10,205.0,215.0,10.0,Autokorelacja,24.0,14.0,14.0,True,1,True
session_20260625_variable_sit_walk,walking,tensometric,Pas tensometryczny,10,205.0,215.0,10.0,FFT,26.301039897587216,16.301039897587216,16.301039897587216,True,1,True
session_20260625_variable_sit_walk,walking,tensometric,Pas tensometryczny,10,210.0,220.0,10.0,Maksima,16.842105263157894,6.842105263157894,6.842105263157894,True,3,True
session_20260625_variable_sit_walk,walking,tensometric,Pas tensometryczny,10,210.0,220.0,10.0,Minima,17.142857142857142,7.142857142857142,7.142857142857142,True,2,True
session_20260625_variable_sit_walk,walking,tensometric,Pas tensometryczny,10,210.0,220.0,10.0,Przejścia przez zero,17.454545454545453,7.454545454545453,7.454545454545453,True,3,True
session_20260625_variable_sit_walk,walking,tensometric,Pas tensometryczny,10,210.0,220.0,10.0,Autokorelacja,8.727272727272727,-1.2727272727272734,1.2727272727272734,True,1,True
session_20260625_variable_sit_walk,walking,tensometric,Pas tensometryczny,10,210.0,220.0,10.0,FFT,15.543409971166549,5.5434099711665485,5.5434099711665485,True,1,True
session_20260625_variable_sit_walk,walking,tensometric,Pas tensometryczny,10,215.0,225.0,15.0,Maksima,13.714285714285714,-1.2857142857142865,1.2857142857142865,True,2,True
session_20260625_variable_sit_walk,walking,tensometric,Pas tensometryczny,10,215.0,225.0,15.0,Minima,14.76923076923077,-0.23076923076922995,0.23076923076922995,True,3,True
session_20260625_variable_sit_walk,walking,tensometric,Pas tensometryczny,10,215.0,225.0,15.0,Przejścia przez zero,12.631578947368421,-2.3684210526315788,2.3684210526315788,True,2,True
session_20260625_variable_sit_walk,walking,tensometric,Pas tensometryczny,10,215.0,225.0,15.0,Autokorelacja,13.714285714285714,-1.2857142857142865,1.2857142857142865,True,1,True
session_20260625_variable_sit_walk,walking,tensometric,Pas tensometryczny,10,215.0,225.0,15.0,FFT,12.536190534596965,-2.4638094654030347,2.4638094654030347,True,1,True
session_20260625_variable_sit_walk,walking,tensometric,Pas tensometryczny,10,220.0,230.0,15.0,Maksima,20.0,5.0,5.0,True,2,True
session_20260625_variable_sit_walk,walking,tensometric,Pas tensometryczny,10,220.0,230.0,15.0,Minima,16.842105263157894,1.8421052631578938,1.8421052631578938,True,3,True
session_20260625_variable_sit_walk,walking,tensometric,Pas tensometryczny,10,220.0,230.0,15.0,Przejścia przez zero,16.0,1.0,1.0,True,3,True
session_20260625_variable_sit_walk,walking,tensometric,Pas tensometryczny,10,220.0,230.0,15.0,Autokorelacja,8.135593220338983,-6.864406779661017,6.864406779661017,True,1,True
session_20260625_variable_sit_walk,walking,tensometric,Pas tensometryczny,10,220.0,230.0,15.0,FFT,18.732711496225754,3.732711496225754,3.732711496225754,True,1,True
session_20260625_variable_sit_walk,walking,tensometric,Pas tensometryczny,10,225.0,235.0,20.0,Maksima,17.142857142857142,-2.8571428571428577,2.8571428571428577,True,3,True
session_20260625_variable_sit_walk,walking,tensometric,Pas tensometryczny,10,225.0,235.0,20.0,Minima,20.425531914893618,0.4255319148936181,0.4255319148936181,True,3,True
session_20260625_variable_sit_walk,walking,tensometric,Pas tensometryczny,10,225.0,235.0,20.0,Przejścia przez zero,25.263157894736842,5.2631578947368425,5.2631578947368425,True,3,True
session_20260625_variable_sit_walk,walking,tensometric,Pas tensometryczny,10,225.0,235.0,20.0,Autokorelacja,14.545454545454545,-5.454545454545455,5.454545454545455,True,1,True
session_20260625_variable_sit_walk,walking,tensometric,Pas tensometryczny,10,225.0,235.0,20.0,FFT,15.3240408991072,-4.6759591008928005,4.6759591008928005,True,1,True
session_20260625_variable_sit_walk,walking,tensometric,Pas tensometryczny,10,230.0,240.0,20.0,Maksima,24.0,4.0,4.0,True,3,True
session_20260625_variable_sit_walk,walking,tensometric,Pas tensometryczny,10,230.0,240.0,20.0,Minima,24.615384615384617,4.615384615384617,4.615384615384617,True,3,True
session_20260625_variable_sit_walk,walking,tensometric,Pas tensometryczny,10,230.0,240.0,20.0,Przejścia przez zero,26.666666666666668,6.666666666666668,6.666666666666668,True,3,True
session_20260625_variable_sit_walk,walking,tensometric,Pas tensometryczny,10,230.0,240.0,20.0,Autokorelacja,12.0,-8.0,8.0,True,1,True
session_20260625_variable_sit_walk,walking,tensometric,Pas tensometryczny,10,230.0,240.0,20.0,FFT,23.594166197603965,3.5941661976039647,3.5941661976039647,True,1,True
session_20260625_variable_sit_walk,walking,tensometric,Pas tensometryczny,10,235.0,245.0,25.0,Maksima,19.2,-5.800000000000001,5.800000000000001,True,2,True
session_20260625_variable_sit_walk,walking,tensometric,Pas tensometryczny,10,235.0,245.0,25.0,Minima,18.823529411764707,-6.1764705882352935,6.1764705882352935,True,3,True
session_20260625_variable_sit_walk,walking,tensometric,Pas tensometryczny,10,235.0,245.0,25.0,Przejścia przez zero,18.823529411764707,-6.1764705882352935,6.1764705882352935,True,3,True
session_20260625_variable_sit_walk,walking,tensometric,Pas tensometryczny,10,235.0,245.0,25.0,Autokorelacja,19.2,-5.800000000000001,5.800000000000001,True,1,True
session_20260625_variable_sit_walk,walking,tensometric,Pas tensometryczny,10,235.0,245.0,25.0,FFT,18.10502866315411,-6.894971336845892,6.894971336845892,True,1,True
session_20260625_variable_sit_walk,walking,tensometric,Pas tensometryczny,10,240.0,250.0,25.0,Maksima,26.666666666666668,1.6666666666666679,1.6666666666666679,True,4,True
session_20260625_variable_sit_walk,walking,tensometric,Pas tensometryczny,10,240.0,250.0,25.0,Minima,24.615384615384617,-0.38461538461538325,0.38461538461538325,True,3,True
session_20260625_variable_sit_walk,walking,tensometric,Pas tensometryczny,10,240.0,250.0,25.0,Przejścia przez zero,27.428571428571427,2.428571428571427,2.428571428571427,True,3,True
session_20260625_variable_sit_walk,walking,tensometric,Pas tensometryczny,10,240.0,250.0,25.0,Autokorelacja,7.2727272727272725,-17.727272727272727,17.727272727272727,True,1,True
session_20260625_variable_sit_walk,walking,tensometric,Pas tensometryczny,10,240.0,250.0,25.0,FFT,24.40269705663514,-0.5973029433648591,0.5973029433648591,True,1,True
session_20260625_variable_sit_walk,sitting,tensometric,Pas tensometryczny,20,5.0,25.0,20.0,Maksima,,,,False,1,True
session_20260625_variable_sit_walk,sitting,tensometric,Pas tensometryczny,20,5.0,25.0,20.0,Minima,,,,False,0,True
session_20260625_variable_sit_walk,sitting,tensometric,Pas tensometryczny,20,5.0,25.0,20.0,Przejścia przez zero,,,,False,1,True
session_20260625_variable_sit_walk,sitting,tensometric,Pas tensometryczny,20,5.0,25.0,20.0,Autokorelacja,48.0,28.0,28.0,True,1,True
session_20260625_variable_sit_walk,sitting,tensometric,Pas tensometryczny,20,5.0,25.0,20.0,FFT,6.601892611770625,-13.398107388229375,13.398107388229375,True,1,True
session_20260625_variable_sit_walk,sitting,tensometric,Pas tensometryczny,20,10.0,30.0,20.0,Maksima,,,,False,1,True
session_20260625_variable_sit_walk,sitting,tensometric,Pas tensometryczny,20,10.0,30.0,20.0,Minima,,,,False,1,True
session_20260625_variable_sit_walk,sitting,tensometric,Pas tensometryczny,20,10.0,30.0,20.0,Przejścia przez zero,5.0,-15.0,15.0,True,2,True
session_20260625_variable_sit_walk,sitting,tensometric,Pas tensometryczny,20,10.0,30.0,20.0,Autokorelacja,5.0,-15.0,15.0,True,1,True
session_20260625_variable_sit_walk,sitting,tensometric,Pas tensometryczny,20,10.0,30.0,20.0,FFT,42.18325103432211,22.18325103432211,22.18325103432211,True,1,True
session_20260625_variable_sit_walk,sitting,tensometric,Pas tensometryczny,20,15.0,35.0,25.0,Maksima,17.142857142857142,-7.857142857142858,7.857142857142858,True,6,True
session_20260625_variable_sit_walk,sitting,tensometric,Pas tensometryczny,20,15.0,35.0,25.0,Minima,18.11320754716981,-6.886792452830189,6.886792452830189,True,5,True
session_20260625_variable_sit_walk,sitting,tensometric,Pas tensometryczny,20,15.0,35.0,25.0,Przejścia przez zero,15.483870967741936,-9.516129032258064,9.516129032258064,True,6,True
session_20260625_variable_sit_walk,sitting,tensometric,Pas tensometryczny,20,15.0,35.0,25.0,Autokorelacja,5.5813953488372094,-19.41860465116279,19.41860465116279,True,1,True
session_20260625_variable_sit_walk,sitting,tensometric,Pas tensometryczny,20,15.0,35.0,25.0,FFT,11.36161267387449,-13.63838732612551,13.63838732612551,True,1,True
session_20260625_variable_sit_walk,sitting,tensometric,Pas tensometryczny,20,20.0,40.0,25.0,Maksima,21.818181818181817,-3.1818181818181834,3.1818181818181834,True,6,True
session_20260625_variable_sit_walk,sitting,tensometric,Pas tensometryczny,20,20.0,40.0,25.0,Minima,20.869565217391305,-4.130434782608695,4.130434782608695,True,6,True
session_20260625_variable_sit_walk,sitting,tensometric,Pas tensometryczny,20,20.0,40.0,25.0,Przejścia przez zero,24.0,-1.0,1.0,True,6,True
session_20260625_variable_sit_walk,sitting,tensometric,Pas tensometryczny,20,20.0,40.0,25.0,Autokorelacja,5.714285714285714,-19.285714285714285,19.285714285714285,True,1,True
session_20260625_variable_sit_walk,sitting,tensometric,Pas tensometryczny,20,20.0,40.0,25.0,FFT,19.418814363430105,-5.581185636569895,5.581185636569895,True,1,True
session_20260625_variable_sit_walk,sitting,tensometric,Pas tensometryczny,20,25.0,45.0,10.0,Maksima,20.0,10.0,10.0,True,6,True
session_20260625_variable_sit_walk,sitting,tensometric,Pas tensometryczny,20,25.0,45.0,10.0,Minima,22.857142857142858,12.857142857142858,12.857142857142858,True,6,True
session_20260625_variable_sit_walk,sitting,tensometric,Pas tensometryczny,20,25.0,45.0,10.0,Przejścia przez zero,25.263157894736842,15.263157894736842,15.263157894736842,True,6,True
session_20260625_variable_sit_walk,sitting,tensometric,Pas tensometryczny,20,25.0,45.0,10.0,Autokorelacja,21.818181818181817,11.818181818181817,11.818181818181817,True,1,True
session_20260625_variable_sit_walk,sitting,tensometric,Pas tensometryczny,20,25.0,45.0,10.0,FFT,21.52760550707787,11.527605507077869,11.527605507077869,True,1,True
session_20260625_variable_sit_walk,sitting,tensometric,Pas tensometryczny,20,30.0,50.0,10.0,Maksima,17.142857142857142,7.142857142857142,7.142857142857142,True,6,True
session_20260625_variable_sit_walk,sitting,tensometric,Pas tensometryczny,20,30.0,50.0,10.0,Minima,24.0,14.0,14.0,True,5,True
session_20260625_variable_sit_walk,sitting,tensometric,Pas tensometryczny,20,30.0,50.0,10.0,Przejścia przez zero,25.945945945945947,15.945945945945947,15.945945945945947,True,5,True
session_20260625_variable_sit_walk,sitting,tensometric,Pas tensometryczny,20,30.0,50.0,10.0,Autokorelacja,48.0,38.0,38.0,True,1,True
session_20260625_variable_sit_walk,sitting,tensometric,Pas tensometryczny,20,30.0,50.0,10.0,FFT,7.747926654985307,-2.2520733450146926,2.2520733450146926,True,1,True
session_20260625_variable_sit_walk,sitting,tensometric,Pas tensometryczny,20,35.0,55.0,15.0,Maksima,16.271186440677965,1.2711864406779654,1.2711864406779654,True,5,True
session_20260625_variable_sit_walk,sitting,tensometric,Pas tensometryczny,20,35.0,55.0,15.0,Minima,12.0,-3.0,3.0,True,4,True
session_20260625_variable_sit_walk,sitting,tensometric,Pas tensometryczny,20,35.0,55.0,15.0,Przejścia przez zero,19.2,4.199999999999999,4.199999999999999,True,5,True
session_20260625_variable_sit_walk,sitting,tensometric,Pas tensometryczny,20,35.0,55.0,15.0,Autokorelacja,48.0,33.0,33.0,True,1,True
session_20260625_variable_sit_walk,sitting,tensometric,Pas tensometryczny,20,35.0,55.0,15.0,FFT,8.698505528566287,-6.301494471433713,6.301494471433713,True,1,True
session_20260625_variable_sit_walk,sitting,tensometric,Pas tensometryczny,20,40.0,60.0,15.0,Maksima,15.483870967741936,0.48387096774193594,0.48387096774193594,True,4,True
session_20260625_variable_sit_walk,sitting,tensometric,Pas tensometryczny,20,40.0,60.0,15.0,Minima,15.483870967741936,0.48387096774193594,0.48387096774193594,True,4,True
session_20260625_variable_sit_walk,sitting,tensometric,Pas tensometryczny,20,40.0,60.0,15.0,Przejścia przez zero,15.483870967741936,0.48387096774193594,0.48387096774193594,True,5,True
session_20260625_variable_sit_walk,sitting,tensometric,Pas tensometryczny,20,40.0,60.0,15.0,Autokorelacja,8.275862068965518,-6.724137931034482,6.724137931034482,True,1,True
session_20260625_variable_sit_walk,sitting,tensometric,Pas tensometryczny,20,40.0,60.0,15.0,FFT,8.03600077440002,-6.963999225599981,6.963999225599981,True,1,True
session_20260625_variable_sit_walk,sitting,tensometric,Pas tensometryczny,20,45.0,65.0,20.0,Maksima,16.842105263157894,-3.157894736842106,3.157894736842106,True,5,True
session_20260625_variable_sit_walk,sitting,tensometric,Pas tensometryczny,20,45.0,65.0,20.0,Minima,17.77777777777778,-2.2222222222222214,2.2222222222222214,True,6,True
session_20260625_variable_sit_walk,sitting,tensometric,Pas tensometryczny,20,45.0,65.0,20.0,Przejścia przez zero,16.0,-4.0,4.0,True,6,True
session_20260625_variable_sit_walk,sitting,tensometric,Pas tensometryczny,20,45.0,65.0,20.0,Autokorelacja,48.0,28.0,28.0,True,1,True
session_20260625_variable_sit_walk,sitting,tensometric,Pas tensometryczny,20,45.0,65.0,20.0,FFT,16.059602280408434,-3.940397719591566,3.940397719591566,True,1,True
session_20260625_variable_sit_walk,sitting,tensometric,Pas tensometryczny,20,50.0,70.0,20.0,Maksima,19.2,-0.8000000000000007,0.8000000000000007,True,6,True
session_20260625_variable_sit_walk,sitting,tensometric,Pas tensometryczny,20,50.0,70.0,20.0,Minima,20.425531914893618,0.4255319148936181,0.4255319148936181,True,7,True
session_20260625_variable_sit_walk,sitting,tensometric,Pas tensometryczny,20,50.0,70.0,20.0,Przejścia przez zero,15.483870967741936,-4.516129032258064,4.516129032258064,True,5,True
session_20260625_variable_sit_walk,sitting,tensometric,Pas tensometryczny,20,50.0,70.0,20.0,Autokorelacja,18.46153846153846,-1.53846153846154,1.53846153846154,True,1,True
session_20260625_variable_sit_walk,sitting,tensometric,Pas tensometryczny,20,50.0,70.0,20.0,FFT,14.115172116143057,-5.884827883856943,5.884827883856943,True,1,True
session_20260625_variable_sit_walk,sitting,tensometric,Pas tensometryczny,20,55.0,75.0,25.0,Maksima,21.333333333333332,-3.666666666666668,3.666666666666668,True,7,True
session_20260625_variable_sit_walk,sitting,tensometric,Pas tensometryczny,20,55.0,75.0,25.0,Minima,20.869565217391305,-4.130434782608695,4.130434782608695,True,6,True
session_20260625_variable_sit_walk,sitting,tensometric,Pas tensometryczny,20,55.0,75.0,25.0,Przejścia przez zero,18.46153846153846,-6.53846153846154,6.53846153846154,True,6,True
session_20260625_variable_sit_walk,sitting,tensometric,Pas tensometryczny,20,55.0,75.0,25.0,Autokorelacja,5.274725274725275,-19.725274725274726,19.725274725274726,True,1,True
session_20260625_variable_sit_walk,sitting,tensometric,Pas tensometryczny,20,55.0,75.0,25.0,FFT,20.954877439681148,-4.045122560318852,4.045122560318852,True,1,True
session_20260625_variable_sit_walk,sitting,tensometric,Pas tensometryczny,20,60.0,80.0,25.0,Maksima,24.0,-1.0,1.0,True,7,True
session_20260625_variable_sit_walk,sitting,tensometric,Pas tensometryczny,20,60.0,80.0,25.0,Minima,22.325581395348838,-2.674418604651162,2.674418604651162,True,7,True
session_20260625_variable_sit_walk,sitting,tensometric,Pas tensometryczny,20,60.0,80.0,25.0,Przejścia przez zero,20.869565217391305,-4.130434782608695,4.130434782608695,True,7,True
session_20260625_variable_sit_walk,sitting,tensometric,Pas tensometryczny,20,60.0,80.0,25.0,Autokorelacja,5.217391304347826,-19.782608695652172,19.782608695652172,True,1,True
session_20260625_variable_sit_walk,sitting,tensometric,Pas tensometryczny,20,60.0,80.0,25.0,FFT,17.98114396574139,-7.0188560342586115,7.0188560342586115,True,1,True
session_20260625_variable_sit_walk,sitting,tensometric,Pas tensometryczny,20,65.0,85.0,10.0,Maksima,25.263157894736842,15.263157894736842,15.263157894736842,True,6,True
session_20260625_variable_sit_walk,sitting,tensometric,Pas tensometryczny,20,65.0,85.0,10.0,Minima,24.0,14.0,14.0,True,6,True
session_20260625_variable_sit_walk,sitting,tensometric,Pas tensometryczny,20,65.0,85.0,10.0,Przejścia przez zero,22.857142857142858,12.857142857142858,12.857142857142858,True,6,True
session_20260625_variable_sit_walk,sitting,tensometric,Pas tensometryczny,20,65.0,85.0,10.0,Autokorelacja,5.454545454545454,-4.545454545454546,4.545454545454546,True,1,True
session_20260625_variable_sit_walk,sitting,tensometric,Pas tensometryczny,20,65.0,85.0,10.0,FFT,24.20197175430489,14.20197175430489,14.20197175430489,True,1,True
session_20260625_variable_sit_walk,sitting,tensometric,Pas tensometryczny,20,70.0,90.0,10.0,Maksima,24.0,14.0,14.0,True,6,True
session_20260625_variable_sit_walk,sitting,tensometric,Pas tensometryczny,20,70.0,90.0,10.0,Minima,24.615384615384617,14.615384615384617,14.615384615384617,True,5,True
session_20260625_variable_sit_walk,sitting,tensometric,Pas tensometryczny,20,70.0,90.0,10.0,Przejścia przez zero,24.0,14.0,14.0,True,6,True
session_20260625_variable_sit_walk,sitting,tensometric,Pas tensometryczny,20,70.0,90.0,10.0,Autokorelacja,48.0,38.0,38.0,True,1,True
session_20260625_variable_sit_walk,sitting,tensometric,Pas tensometryczny,20,70.0,90.0,10.0,FFT,8.29380193694378,-1.7061980630562203,1.7061980630562203,True,1,True
session_20260625_variable_sit_walk,sitting,tensometric,Pas tensometryczny,20,75.0,95.0,15.0,Maksima,16.842105263157894,1.8421052631578938,1.8421052631578938,True,5,True
session_20260625_variable_sit_walk,sitting,tensometric,Pas tensometryczny,20,75.0,95.0,15.0,Minima,14.328358208955224,-0.6716417910447756,0.6716417910447756,True,5,True
session_20260625_variable_sit_walk,sitting,tensometric,Pas tensometryczny,20,75.0,95.0,15.0,Przejścia przez zero,16.551724137931036,1.5517241379310356,1.5517241379310356,True,5,True
session_20260625_variable_sit_walk,sitting,tensometric,Pas tensometryczny,20,75.0,95.0,15.0,Autokorelacja,48.0,33.0,33.0,True,1,True
session_20260625_variable_sit_walk,sitting,tensometric,Pas tensometryczny,20,75.0,95.0,15.0,FFT,8.112789579826714,-6.887210420173286,6.887210420173286,True,1,True
session_20260625_variable_sit_walk,sitting,tensometric,Pas tensometryczny,20,80.0,100.0,15.0,Maksima,16.0,1.0,1.0,True,4,True
session_20260625_variable_sit_walk,sitting,tensometric,Pas tensometryczny,20,80.0,100.0,15.0,Minima,15.483870967741936,0.48387096774193594,0.48387096774193594,True,4,True
session_20260625_variable_sit_walk,sitting,tensometric,Pas tensometryczny,20,80.0,100.0,15.0,Przejścia przez zero,14.117647058823529,-0.882352941176471,0.882352941176471,True,5,True
session_20260625_variable_sit_walk,sitting,tensometric,Pas tensometryczny,20,80.0,100.0,15.0,Autokorelacja,8.421052631578947,-6.578947368421053,6.578947368421053,True,1,True
session_20260625_variable_sit_walk,sitting,tensometric,Pas tensometryczny,20,80.0,100.0,15.0,FFT,7.92720078847705,-7.07279921152295,7.07279921152295,True,1,True
session_20260625_variable_sit_walk,sitting,tensometric,Pas tensometryczny,20,85.0,105.0,20.0,Maksima,16.551724137931036,-3.4482758620689644,3.4482758620689644,True,4,True
session_20260625_variable_sit_walk,sitting,tensometric,Pas tensometryczny,20,85.0,105.0,20.0,Minima,15.483870967741936,-4.516129032258064,4.516129032258064,True,4,True
session_20260625_variable_sit_walk,sitting,tensometric,Pas tensometryczny,20,85.0,105.0,20.0,Przejścia przez zero,17.142857142857142,-2.8571428571428577,2.8571428571428577,True,4,True
session_20260625_variable_sit_walk,sitting,tensometric,Pas tensometryczny,20,85.0,105.0,20.0,Autokorelacja,48.0,28.0,28.0,True,1,True
session_20260625_variable_sit_walk,sitting,tensometric,Pas tensometryczny,20,85.0,105.0,20.0,FFT,16.16666837226302,-3.8333316277369818,3.8333316277369818,True,1,True
session_20260625_variable_sit_walk,sitting,tensometric,Pas tensometryczny,20,90.0,110.0,20.0,Maksima,16.271186440677965,-3.7288135593220346,3.7288135593220346,True,5,True
session_20260625_variable_sit_walk,sitting,tensometric,Pas tensometryczny,20,90.0,110.0,20.0,Minima,19.2,-0.8000000000000007,0.8000000000000007,True,6,True
session_20260625_variable_sit_walk,sitting,tensometric,Pas tensometryczny,20,90.0,110.0,20.0,Przejścia przez zero,20.0,0.0,0.0,True,6,True
session_20260625_variable_sit_walk,sitting,tensometric,Pas tensometryczny,20,90.0,110.0,20.0,Autokorelacja,5.052631578947368,-14.947368421052632,14.947368421052632,True,1,True
session_20260625_variable_sit_walk,sitting,tensometric,Pas tensometryczny,20,90.0,110.0,20.0,FFT,5.701270280087471,-14.29872971991253,14.29872971991253,True,1,True
session_20260625_variable_sit_walk,sitting,tensometric,Pas tensometryczny,20,95.0,115.0,25.0,Maksima,16.551724137931036,-8.448275862068964,8.448275862068964,True,6,True
session_20260625_variable_sit_walk,sitting,tensometric,Pas tensometryczny,20,95.0,115.0,25.0,Minima,16.842105263157894,-8.157894736842106,8.157894736842106,True,5,True
session_20260625_variable_sit_walk,sitting,tensometric,Pas tensometryczny,20,95.0,115.0,25.0,Przejścia przez zero,17.77777777777778,-7.222222222222221,7.222222222222221,True,4,True
session_20260625_variable_sit_walk,sitting,tensometric,Pas tensometryczny,20,95.0,115.0,25.0,Autokorelacja,48.0,23.0,23.0,True,1,True
session_20260625_variable_sit_walk,sitting,tensometric,Pas tensometryczny,20,95.0,115.0,25.0,FFT,,,,False,1,True
session_20260625_variable_sit_walk,sitting,tensometric,Pas tensometryczny,20,100.0,120.0,25.0,Maksima,24.0,-1.0,1.0,True,6,True
session_20260625_variable_sit_walk,sitting,tensometric,Pas tensometryczny,20,100.0,120.0,25.0,Minima,21.818181818181817,-3.1818181818181834,3.1818181818181834,True,6,True
session_20260625_variable_sit_walk,sitting,tensometric,Pas tensometryczny,20,100.0,120.0,25.0,Przejścia przez zero,22.857142857142858,-2.1428571428571423,2.1428571428571423,True,6,True
session_20260625_variable_sit_walk,sitting,tensometric,Pas tensometryczny,20,100.0,120.0,25.0,Autokorelacja,5.333333333333333,-19.666666666666668,19.666666666666668,True,1,True
session_20260625_variable_sit_walk,sitting,tensometric,Pas tensometryczny,20,100.0,120.0,25.0,FFT,19.138689954659135,-5.861310045340865,5.861310045340865,True,1,True
session_20260625_variable_sit_walk,walking,tensometric,Pas tensometryczny,20,115.0,135.0,10.0,Maksima,19.2,9.2,9.2,True,6,True
session_20260625_variable_sit_walk,walking,tensometric,Pas tensometryczny,20,115.0,135.0,10.0,Minima,20.0,10.0,10.0,True,5,True
session_20260625_variable_sit_walk,walking,tensometric,Pas tensometryczny,20,115.0,135.0,10.0,Przejścia przez zero,17.454545454545453,7.454545454545453,7.454545454545453,True,5,True
session_20260625_variable_sit_walk,walking,tensometric,Pas tensometryczny,20,115.0,135.0,10.0,Autokorelacja,48.0,38.0,38.0,True,1,True
session_20260625_variable_sit_walk,walking,tensometric,Pas tensometryczny,20,115.0,135.0,10.0,FFT,17.91134589267484,7.9113458926748415,7.9113458926748415,True,1,True
session_20260625_variable_sit_walk,walking,tensometric,Pas tensometryczny,20,120.0,140.0,10.0,Maksima,17.142857142857142,7.142857142857142,7.142857142857142,True,4,True
session_20260625_variable_sit_walk,walking,tensometric,Pas tensometryczny,20,120.0,140.0,10.0,Minima,17.77777777777778,7.777777777777779,7.777777777777779,True,4,True
session_20260625_variable_sit_walk,walking,tensometric,Pas tensometryczny,20,120.0,140.0,10.0,Przejścia przez zero,9.23076923076923,-0.76923076923077,0.76923076923077,True,4,True
session_20260625_variable_sit_walk,walking,tensometric,Pas tensometryczny,20,120.0,140.0,10.0,Autokorelacja,48.0,38.0,38.0,True,1,True
session_20260625_variable_sit_walk,walking,tensometric,Pas tensometryczny,20,120.0,140.0,10.0,FFT,6.189370977954593,-3.810629022045407,3.810629022045407,True,1,True
session_20260625_variable_sit_walk,walking,tensometric,Pas tensometryczny,20,125.0,145.0,15.0,Maksima,15.0,0.0,0.0,True,4,True
session_20260625_variable_sit_walk,walking,tensometric,Pas tensometryczny,20,125.0,145.0,15.0,Minima,15.0,0.0,0.0,True,5,True
session_20260625_variable_sit_walk,walking,tensometric,Pas tensometryczny,20,125.0,145.0,15.0,Przejścia przez zero,10.212765957446809,-4.787234042553191,4.787234042553191,True,3,True
session_20260625_variable_sit_walk,walking,tensometric,Pas tensometryczny,20,125.0,145.0,15.0,Autokorelacja,8.727272727272727,-6.272727272727273,6.272727272727273,True,1,True
session_20260625_variable_sit_walk,walking,tensometric,Pas tensometryczny,20,125.0,145.0,15.0,FFT,9.054647782948596,-5.945352217051404,5.945352217051404,True,1,True
session_20260625_variable_sit_walk,walking,tensometric,Pas tensometryczny,20,130.0,150.0,15.0,Maksima,16.0,1.0,1.0,True,4,True
session_20260625_variable_sit_walk,walking,tensometric,Pas tensometryczny,20,130.0,150.0,15.0,Minima,15.0,0.0,0.0,True,4,True
session_20260625_variable_sit_walk,walking,tensometric,Pas tensometryczny,20,130.0,150.0,15.0,Przejścia przez zero,13.333333333333334,-1.666666666666666,1.666666666666666,True,5,True
session_20260625_variable_sit_walk,walking,tensometric,Pas tensometryczny,20,130.0,150.0,15.0,Autokorelacja,9.411764705882353,-5.588235294117647,5.588235294117647,True,1,True
session_20260625_variable_sit_walk,walking,tensometric,Pas tensometryczny,20,130.0,150.0,15.0,FFT,9.608010809668663,-5.391989190331337,5.391989190331337,True,1,True
session_20260625_variable_sit_walk,walking,tensometric,Pas tensometryczny,20,135.0,155.0,20.0,Maksima,15.483870967741936,-4.516129032258064,4.516129032258064,True,4,True
session_20260625_variable_sit_walk,walking,tensometric,Pas tensometryczny,20,135.0,155.0,20.0,Minima,12.8,-7.199999999999999,7.199999999999999,True,5,True
session_20260625_variable_sit_walk,walking,tensometric,Pas tensometryczny,20,135.0,155.0,20.0,Przejścia przez zero,15.0,-5.0,5.0,True,4,True
session_20260625_variable_sit_walk,walking,tensometric,Pas tensometryczny,20,135.0,155.0,20.0,Autokorelacja,5.161290322580645,-14.838709677419356,14.838709677419356,True,1,True
session_20260625_variable_sit_walk,walking,tensometric,Pas tensometryczny,20,135.0,155.0,20.0,FFT,9.022993350526031,-10.977006649473969,10.977006649473969,True,1,True
session_20260625_variable_sit_walk,walking,tensometric,Pas tensometryczny,20,140.0,160.0,20.0,Maksima,21.818181818181817,1.8181818181818166,1.8181818181818166,True,6,True
session_20260625_variable_sit_walk,walking,tensometric,Pas tensometryczny,20,140.0,160.0,20.0,Minima,24.0,4.0,4.0,True,7,True
session_20260625_variable_sit_walk,walking,tensometric,Pas tensometryczny,20,140.0,160.0,20.0,Przejścia przez zero,18.46153846153846,-1.53846153846154,1.53846153846154,True,5,True
session_20260625_variable_sit_walk,walking,tensometric,Pas tensometryczny,20,140.0,160.0,20.0,Autokorelacja,5.217391304347826,-14.782608695652174,14.782608695652174,True,1,True
session_20260625_variable_sit_walk,walking,tensometric,Pas tensometryczny,20,140.0,160.0,20.0,FFT,13.087933209319477,-6.912066790680523,6.912066790680523,True,1,True
session_20260625_variable_sit_walk,walking,tensometric,Pas tensometryczny,20,145.0,165.0,25.0,Maksima,15.238095238095237,-9.761904761904763,9.761904761904763,True,5,True
session_20260625_variable_sit_walk,walking,tensometric,Pas tensometryczny,20,145.0,165.0,25.0,Minima,20.869565217391305,-4.130434782608695,4.130434782608695,True,6,True
session_20260625_variable_sit_walk,walking,tensometric,Pas tensometryczny,20,145.0,165.0,25.0,Przejścia przez zero,19.591836734693878,-5.408163265306122,5.408163265306122,True,5,True
session_20260625_variable_sit_walk,walking,tensometric,Pas tensometryczny,20,145.0,165.0,25.0,Autokorelacja,5.274725274725275,-19.725274725274726,19.725274725274726,True,1,True
session_20260625_variable_sit_walk,walking,tensometric,Pas tensometryczny,20,145.0,165.0,25.0,FFT,43.04744416137325,18.04744416137325,18.04744416137325,True,1,True
session_20260625_variable_sit_walk,walking,tensometric,Pas tensometryczny,20,150.0,170.0,25.0,Maksima,25.263157894736842,0.2631578947368425,0.2631578947368425,True,6,True
session_20260625_variable_sit_walk,walking,tensometric,Pas tensometryczny,20,150.0,170.0,25.0,Minima,20.869565217391305,-4.130434782608695,4.130434782608695,True,6,True
session_20260625_variable_sit_walk,walking,tensometric,Pas tensometryczny,20,150.0,170.0,25.0,Przejścia przez zero,25.263157894736842,0.2631578947368425,0.2631578947368425,True,6,True
session_20260625_variable_sit_walk,walking,tensometric,Pas tensometryczny,20,150.0,170.0,25.0,Autokorelacja,5.274725274725275,-19.725274725274726,19.725274725274726,True,1,True
session_20260625_variable_sit_walk,walking,tensometric,Pas tensometryczny,20,150.0,170.0,25.0,FFT,18.50760787269619,-6.492392127303809,6.492392127303809,True,1,True
session_20260625_variable_sit_walk,walking,tensometric,Pas tensometryczny,20,155.0,175.0,10.0,Maksima,24.0,14.0,14.0,True,6,True
session_20260625_variable_sit_walk,walking,tensometric,Pas tensometryczny,20,155.0,175.0,10.0,Minima,22.857142857142858,12.857142857142858,12.857142857142858,True,6,True
session_20260625_variable_sit_walk,walking,tensometric,Pas tensometryczny,20,155.0,175.0,10.0,Przejścia przez zero,22.857142857142858,12.857142857142858,12.857142857142858,True,6,True
session_20260625_variable_sit_walk,walking,tensometric,Pas tensometryczny,20,155.0,175.0,10.0,Autokorelacja,21.818181818181817,11.818181818181817,11.818181818181817,True,1,True
session_20260625_variable_sit_walk,walking,tensometric,Pas tensometryczny,20,155.0,175.0,10.0,FFT,9.832607095459705,-0.16739290454029465,0.16739290454029465,True,1,True
session_20260625_variable_sit_walk,walking,tensometric,Pas tensometryczny,20,160.0,180.0,10.0,Maksima,24.615384615384617,14.615384615384617,14.615384615384617,True,5,True
session_20260625_variable_sit_walk,walking,tensometric,Pas tensometryczny,20,160.0,180.0,10.0,Minima,24.0,14.0,14.0,True,5,True
session_20260625_variable_sit_walk,walking,tensometric,Pas tensometryczny,20,160.0,180.0,10.0,Przejścia przez zero,24.0,14.0,14.0,True,6,True
session_20260625_variable_sit_walk,walking,tensometric,Pas tensometryczny,20,160.0,180.0,10.0,Autokorelacja,48.0,38.0,38.0,True,1,True
session_20260625_variable_sit_walk,walking,tensometric,Pas tensometryczny,20,160.0,180.0,10.0,FFT,4.973328093340628,-5.026671906659372,5.026671906659372,True,1,True
session_20260625_variable_sit_walk,walking,tensometric,Pas tensometryczny,20,165.0,185.0,15.0,Maksima,19.2,4.199999999999999,4.199999999999999,True,5,True
session_20260625_variable_sit_walk,walking,tensometric,Pas tensometryczny,20,165.0,185.0,15.0,Minima,15.483870967741936,0.48387096774193594,0.48387096774193594,True,5,True
session_20260625_variable_sit_walk,walking,tensometric,Pas tensometryczny,20,165.0,185.0,15.0,Przejścia przez zero,12.0,-3.0,3.0,True,4,True
session_20260625_variable_sit_walk,walking,tensometric,Pas tensometryczny,20,165.0,185.0,15.0,Autokorelacja,48.0,33.0,33.0,True,1,True
session_20260625_variable_sit_walk,walking,tensometric,Pas tensometryczny,20,165.0,185.0,15.0,FFT,5.275228478402562,-9.724771521597438,9.724771521597438,True,1,True
session_20260625_variable_sit_walk,walking,tensometric,Pas tensometryczny,20,170.0,190.0,15.0,Maksima,15.0,0.0,0.0,True,4,True
session_20260625_variable_sit_walk,walking,tensometric,Pas tensometryczny,20,170.0,190.0,15.0,Minima,15.0,0.0,0.0,True,4,True
session_20260625_variable_sit_walk,walking,tensometric,Pas tensometryczny,20,170.0,190.0,15.0,Przejścia przez zero,7.868852459016393,-7.131147540983607,7.131147540983607,True,3,True
session_20260625_variable_sit_walk,walking,tensometric,Pas tensometryczny,20,170.0,190.0,15.0,Autokorelacja,48.0,33.0,33.0,True,1,True
session_20260625_variable_sit_walk,walking,tensometric,Pas tensometryczny,20,170.0,190.0,15.0,FFT,4.842774034746666,-10.157225965253334,10.157225965253334,True,1,True
session_20260625_variable_sit_walk,walking,tensometric,Pas tensometryczny,20,175.0,195.0,20.0,Maksima,16.271186440677965,-3.7288135593220346,3.7288135593220346,True,5,True
session_20260625_variable_sit_walk,walking,tensometric,Pas tensometryczny,20,175.0,195.0,20.0,Minima,17.454545454545453,-2.5454545454545467,2.5454545454545467,True,5,True
session_20260625_variable_sit_walk,walking,tensometric,Pas tensometryczny,20,175.0,195.0,20.0,Przejścia przez zero,14.545454545454545,-5.454545454545455,5.454545454545455,True,4,True
session_20260625_variable_sit_walk,walking,tensometric,Pas tensometryczny,20,175.0,195.0,20.0,Autokorelacja,48.0,28.0,28.0,True,1,True
session_20260625_variable_sit_walk,walking,tensometric,Pas tensometryczny,20,175.0,195.0,20.0,FFT,15.667323082651812,-4.332676917348188,4.332676917348188,True,1,True
session_20260625_variable_sit_walk,walking,tensometric,Pas tensometryczny,20,180.0,200.0,20.0,Maksima,21.818181818181817,1.8181818181818166,1.8181818181818166,True,6,True
session_20260625_variable_sit_walk,walking,tensometric,Pas tensometryczny,20,180.0,200.0,20.0,Minima,20.425531914893618,0.4255319148936181,0.4255319148936181,True,7,True
session_20260625_variable_sit_walk,walking,tensometric,Pas tensometryczny,20,180.0,200.0,20.0,Przejścia przez zero,22.857142857142858,2.8571428571428577,2.8571428571428577,True,7,True
session_20260625_variable_sit_walk,walking,tensometric,Pas tensometryczny,20,180.0,200.0,20.0,Autokorelacja,16.0,-4.0,4.0,True,1,True
session_20260625_variable_sit_walk,walking,tensometric,Pas tensometryczny,20,180.0,200.0,20.0,FFT,15.298496319918081,-4.7015036800819185,4.7015036800819185,True,1,True
session_20260625_variable_sit_walk,walking,tensometric,Pas tensometryczny,20,185.0,205.0,25.0,Maksima,22.857142857142858,-2.1428571428571423,2.1428571428571423,True,7,True
session_20260625_variable_sit_walk,walking,tensometric,Pas tensometryczny,20,185.0,205.0,25.0,Minima,24.0,-1.0,1.0,True,6,True
session_20260625_variable_sit_walk,walking,tensometric,Pas tensometryczny,20,185.0,205.0,25.0,Przejścia przez zero,20.869565217391305,-4.130434782608695,4.130434782608695,True,7,True
session_20260625_variable_sit_walk,walking,tensometric,Pas tensometryczny,20,185.0,205.0,25.0,Autokorelacja,5.333333333333333,-19.666666666666668,19.666666666666668,True,1,True
session_20260625_variable_sit_walk,walking,tensometric,Pas tensometryczny,20,185.0,205.0,25.0,FFT,23.472597396776006,-1.5274026032239938,1.5274026032239938,True,1,True
session_20260625_variable_sit_walk,walking,tensometric,Pas tensometryczny,20,190.0,210.0,25.0,Maksima,24.0,-1.0,1.0,True,8,True
session_20260625_variable_sit_walk,walking,tensometric,Pas tensometryczny,20,190.0,210.0,25.0,Minima,24.0,-1.0,1.0,True,7,True
session_20260625_variable_sit_walk,walking,tensometric,Pas tensometryczny,20,190.0,210.0,25.0,Przejścia przez zero,22.325581395348838,-2.674418604651162,2.674418604651162,True,7,True
session_20260625_variable_sit_walk,walking,tensometric,Pas tensometryczny,20,190.0,210.0,25.0,Autokorelacja,5.274725274725275,-19.725274725274726,19.725274725274726,True,1,True
session_20260625_variable_sit_walk,walking,tensometric,Pas tensometryczny,20,190.0,210.0,25.0,FFT,4.838962112362122,-20.161037887637878,20.161037887637878,True,1,True
session_20260625_variable_sit_walk,walking,tensometric,Pas tensometryczny,20,195.0,215.0,10.0,Maksima,24.0,14.0,14.0,True,8,True
session_20260625_variable_sit_walk,walking,tensometric,Pas tensometryczny,20,195.0,215.0,10.0,Minima,24.0,14.0,14.0,True,7,True
session_20260625_variable_sit_walk,walking,tensometric,Pas tensometryczny,20,195.0,215.0,10.0,Przejścia przez zero,22.325581395348838,12.325581395348838,12.325581395348838,True,7,True
session_20260625_variable_sit_walk,walking,tensometric,Pas tensometryczny,20,195.0,215.0,10.0,Autokorelacja,25.263157894736842,15.263157894736842,15.263157894736842,True,1,True
session_20260625_variable_sit_walk,walking,tensometric,Pas tensometryczny,20,195.0,215.0,10.0,FFT,25.51796155805507,15.51796155805507,15.51796155805507,True,1,True
session_20260625_variable_sit_walk,walking,tensometric,Pas tensometryczny,20,200.0,220.0,10.0,Maksima,24.0,14.0,14.0,True,7,True
session_20260625_variable_sit_walk,walking,tensometric,Pas tensometryczny,20,200.0,220.0,10.0,Minima,24.0,14.0,14.0,True,7,True
session_20260625_variable_sit_walk,walking,tensometric,Pas tensometryczny,20,200.0,220.0,10.0,Przejścia przez zero,22.857142857142858,12.857142857142858,12.857142857142858,True,7,True
session_20260625_variable_sit_walk,walking,tensometric,Pas tensometryczny,20,200.0,220.0,10.0,Autokorelacja,12.972972972972974,2.9729729729729737,2.9729729729729737,True,1,True
session_20260625_variable_sit_walk,walking,tensometric,Pas tensometryczny,20,200.0,220.0,10.0,FFT,24.223553845871564,14.223553845871564,14.223553845871564,True,1,True
session_20260625_variable_sit_walk,walking,tensometric,Pas tensometryczny,20,205.0,225.0,15.0,Maksima,20.0,5.0,5.0,True,6,True
session_20260625_variable_sit_walk,walking,tensometric,Pas tensometryczny,20,205.0,225.0,15.0,Minima,19.2,4.199999999999999,4.199999999999999,True,7,True
session_20260625_variable_sit_walk,walking,tensometric,Pas tensometryczny,20,205.0,225.0,15.0,Przejścia przez zero,20.869565217391305,5.869565217391305,5.869565217391305,True,6,True
session_20260625_variable_sit_walk,walking,tensometric,Pas tensometryczny,20,205.0,225.0,15.0,Autokorelacja,13.714285714285714,-1.2857142857142865,1.2857142857142865,True,1,True
session_20260625_variable_sit_walk,walking,tensometric,Pas tensometryczny,20,205.0,225.0,15.0,FFT,14.584888047075967,-0.4151119529240326,0.4151119529240326,True,1,True
session_20260625_variable_sit_walk,walking,tensometric,Pas tensometryczny,20,210.0,230.0,15.0,Maksima,16.842105263157894,1.8421052631578938,1.8421052631578938,True,5,True
session_20260625_variable_sit_walk,walking,tensometric,Pas tensometryczny,20,210.0,230.0,15.0,Minima,16.842105263157894,1.8421052631578938,1.8421052631578938,True,5,True
session_20260625_variable_sit_walk,walking,tensometric,Pas tensometryczny,20,210.0,230.0,15.0,Przejścia przez zero,15.0,0.0,0.0,True,6,True
session_20260625_variable_sit_walk,walking,tensometric,Pas tensometryczny,20,210.0,230.0,15.0,Autokorelacja,15.483870967741936,0.48387096774193594,0.48387096774193594,True,1,True
session_20260625_variable_sit_walk,walking,tensometric,Pas tensometryczny,20,210.0,230.0,15.0,FFT,14.137130752000568,-0.8628692479994324,0.8628692479994324,True,1,True
session_20260625_variable_sit_walk,walking,tensometric,Pas tensometryczny,20,215.0,235.0,20.0,Maksima,16.842105263157894,-3.157894736842106,3.157894736842106,True,5,True
session_20260625_variable_sit_walk,walking,tensometric,Pas tensometryczny,20,215.0,235.0,20.0,Minima,16.551724137931036,-3.4482758620689644,3.4482758620689644,True,6,True
session_20260625_variable_sit_walk,walking,tensometric,Pas tensometryczny,20,215.0,235.0,20.0,Przejścia przez zero,18.46153846153846,-1.53846153846154,1.53846153846154,True,6,True
session_20260625_variable_sit_walk,walking,tensometric,Pas tensometryczny,20,215.0,235.0,20.0,Autokorelacja,15.0,-5.0,5.0,True,1,True
session_20260625_variable_sit_walk,walking,tensometric,Pas tensometryczny,20,215.0,235.0,20.0,FFT,16.405783273793123,-3.594216726206877,3.594216726206877,True,1,True
session_20260625_variable_sit_walk,walking,tensometric,Pas tensometryczny,20,220.0,240.0,20.0,Maksima,20.869565217391305,0.8695652173913047,0.8695652173913047,True,6,True
session_20260625_variable_sit_walk,walking,tensometric,Pas tensometryczny,20,220.0,240.0,20.0,Minima,17.142857142857142,-2.8571428571428577,2.8571428571428577,True,6,True
session_20260625_variable_sit_walk,walking,tensometric,Pas tensometryczny,20,220.0,240.0,20.0,Przejścia przez zero,20.0,0.0,0.0,True,6,True
session_20260625_variable_sit_walk,walking,tensometric,Pas tensometryczny,20,220.0,240.0,20.0,Autokorelacja,8.0,-12.0,12.0,True,1,True
session_20260625_variable_sit_walk,walking,tensometric,Pas tensometryczny,20,220.0,240.0,20.0,FFT,15.023085949801526,-4.976914050198474,4.976914050198474,True,1,True
session_20260625_variable_sit_walk,walking,tensometric,Pas tensometryczny,20,225.0,245.0,25.0,Maksima,20.869565217391305,-4.130434782608695,4.130434782608695,True,6,True
session_20260625_variable_sit_walk,walking,tensometric,Pas tensometryczny,20,225.0,245.0,25.0,Minima,20.869565217391305,-4.130434782608695,4.130434782608695,True,6,True
session_20260625_variable_sit_walk,walking,tensometric,Pas tensometryczny,20,225.0,245.0,25.0,Przejścia przez zero,20.869565217391305,-4.130434782608695,4.130434782608695,True,6,True
session_20260625_variable_sit_walk,walking,tensometric,Pas tensometryczny,20,225.0,245.0,25.0,Autokorelacja,5.274725274725275,-19.725274725274726,19.725274725274726,True,1,True
session_20260625_variable_sit_walk,walking,tensometric,Pas tensometryczny,20,225.0,245.0,25.0,FFT,22.260145110357858,-2.7398548896421424,2.7398548896421424,True,1,True
session_20260625_variable_sit_walk,walking,tensometric,Pas tensometryczny,20,230.0,250.0,25.0,Maksima,23.414634146341463,-1.585365853658537,1.585365853658537,True,7,True
session_20260625_variable_sit_walk,walking,tensometric,Pas tensometryczny,20,230.0,250.0,25.0,Minima,23.414634146341463,-1.585365853658537,1.585365853658537,True,7,True
session_20260625_variable_sit_walk,walking,tensometric,Pas tensometryczny,20,230.0,250.0,25.0,Przejścia przez zero,23.414634146341463,-1.585365853658537,1.585365853658537,True,7,True
session_20260625_variable_sit_walk,walking,tensometric,Pas tensometryczny,20,230.0,250.0,25.0,Autokorelacja,5.333333333333333,-19.666666666666668,19.666666666666668,True,1,True
session_20260625_variable_sit_walk,walking,tensometric,Pas tensometryczny,20,230.0,250.0,25.0,FFT,19.579938877764285,-5.420061122235715,5.420061122235715,True,1,True
session_20260625_variable_sit_walk,sitting,pressure,Pas barometryczny,5,5.0,10.0,10.0,Maksima,,,,False,1,False
session_20260625_variable_sit_walk,sitting,pressure,Pas barometryczny,5,5.0,10.0,10.0,Minima,,,,False,0,False
session_20260625_variable_sit_walk,sitting,pressure,Pas barometryczny,5,5.0,10.0,10.0,Przejścia przez zero,,,,False,1,False
session_20260625_variable_sit_walk,sitting,pressure,Pas barometryczny,5,5.0,10.0,10.0,Autokorelacja,14.117647058823529,4.117647058823529,4.117647058823529,True,1,False
session_20260625_variable_sit_walk,sitting,pressure,Pas barometryczny,5,5.0,10.0,10.0,FFT,4.849411151871511,-5.150588848128489,5.150588848128489,True,1,False
session_20260625_variable_sit_walk,sitting,pressure,Pas barometryczny,5,10.0,15.0,15.0,Maksima,,,,False,1,True
session_20260625_variable_sit_walk,sitting,pressure,Pas barometryczny,5,10.0,15.0,15.0,Minima,24.0,9.0,9.0,True,2,True
session_20260625_variable_sit_walk,sitting,pressure,Pas barometryczny,5,10.0,15.0,15.0,Przejścia przez zero,26.666666666666668,11.666666666666668,11.666666666666668,True,2,True
session_20260625_variable_sit_walk,sitting,pressure,Pas barometryczny,5,10.0,15.0,15.0,Autokorelacja,22.857142857142858,7.857142857142858,7.857142857142858,True,1,True
session_20260625_variable_sit_walk,sitting,pressure,Pas barometryczny,5,10.0,15.0,15.0,FFT,21.306438866886143,6.306438866886143,6.306438866886143,True,1,True
session_20260625_variable_sit_walk,sitting,pressure,Pas barometryczny,5,15.0,20.0,15.0,Maksima,,,,False,1,False
session_20260625_variable_sit_walk,sitting,pressure,Pas barometryczny,5,15.0,20.0,15.0,Minima,,,,False,1,False
session_20260625_variable_sit_walk,sitting,pressure,Pas barometryczny,5,15.0,20.0,15.0,Przejścia przez zero,16.551724137931036,1.5517241379310356,1.5517241379310356,True,2,False
session_20260625_variable_sit_walk,sitting,pressure,Pas barometryczny,5,15.0,20.0,15.0,Autokorelacja,18.46153846153846,3.46153846153846,3.46153846153846,True,1,False
session_20260625_variable_sit_walk,sitting,pressure,Pas barometryczny,5,15.0,20.0,15.0,FFT,15.837741994200416,0.8377419942004156,0.8377419942004156,True,1,False
session_20260625_variable_sit_walk,sitting,pressure,Pas barometryczny,5,20.0,25.0,20.0,Maksima,,,,False,0,True
session_20260625_variable_sit_walk,sitting,pressure,Pas barometryczny,5,20.0,25.0,20.0,Minima,,,,False,1,True
session_20260625_variable_sit_walk,sitting,pressure,Pas barometryczny,5,20.0,25.0,20.0,Przejścia przez zero,,,,False,1,True
session_20260625_variable_sit_walk,sitting,pressure,Pas barometryczny,5,20.0,25.0,20.0,Autokorelacja,14.117647058823529,-5.882352941176471,5.882352941176471,True,1,True
session_20260625_variable_sit_walk,sitting,pressure,Pas barometryczny,5,20.0,25.0,20.0,FFT,4.413992972855091,-15.586007027144909,15.586007027144909,True,1,True
session_20260625_variable_sit_walk,sitting,pressure,Pas barometryczny,5,25.0,30.0,20.0,Maksima,,,,False,1,False
session_20260625_variable_sit_walk,sitting,pressure,Pas barometryczny,5,25.0,30.0,20.0,Minima,21.818181818181817,1.8181818181818166,1.8181818181818166,True,2,False
session_20260625_variable_sit_walk,sitting,pressure,Pas barometryczny,5,25.0,30.0,20.0,Przejścia przez zero,25.263157894736842,5.2631578947368425,5.2631578947368425,True,2,False
session_20260625_variable_sit_walk,sitting,pressure,Pas barometryczny,5,25.0,30.0,20.0,Autokorelacja,21.818181818181817,1.8181818181818166,1.8181818181818166,True,1,False
session_20260625_variable_sit_walk,sitting,pressure,Pas barometryczny,5,25.0,30.0,20.0,FFT,19.576356747154286,-0.42364325284571436,0.42364325284571436,True,1,False
session_20260625_variable_sit_walk,sitting,pressure,Pas barometryczny,5,30.0,35.0,25.0,Maksima,17.142857142857142,-7.857142857142858,7.857142857142858,True,2,True
session_20260625_variable_sit_walk,sitting,pressure,Pas barometryczny,5,30.0,35.0,25.0,Minima,,,,False,1,True
session_20260625_variable_sit_walk,sitting,pressure,Pas barometryczny,5,30.0,35.0,25.0,Przejścia przez zero,,,,False,1,True
session_20260625_variable_sit_walk,sitting,pressure,Pas barometryczny,5,30.0,35.0,25.0,Autokorelacja,16.551724137931036,-8.448275862068964,8.448275862068964,True,1,True
session_20260625_variable_sit_walk,sitting,pressure,Pas barometryczny,5,30.0,35.0,25.0,FFT,10.45495351447945,-14.54504648552055,14.54504648552055,True,1,True
session_20260625_variable_sit_walk,sitting,pressure,Pas barometryczny,5,35.0,40.0,25.0,Maksima,26.666666666666668,1.6666666666666679,1.6666666666666679,True,2,False
session_20260625_variable_sit_walk,sitting,pressure,Pas barometryczny,5,35.0,40.0,25.0,Minima,26.666666666666668,1.6666666666666679,1.6666666666666679,True,2,False
session_20260625_variable_sit_walk,sitting,pressure,Pas barometryczny,5,35.0,40.0,25.0,Przejścia przez zero,25.263157894736842,0.2631578947368425,0.2631578947368425,True,2,False
session_20260625_variable_sit_walk,sitting,pressure,Pas barometryczny,5,35.0,40.0,25.0,Autokorelacja,26.666666666666668,1.6666666666666679,1.6666666666666679,True,1,False
session_20260625_variable_sit_walk,sitting,pressure,Pas barometryczny,5,35.0,40.0,25.0,FFT,25.115444857338748,0.11544485733874765,0.11544485733874765,True,1,False
session_20260625_variable_sit_walk,sitting,pressure,Pas barometryczny,5,40.0,45.0,10.0,Maksima,,,,False,1,True
session_20260625_variable_sit_walk,sitting,pressure,Pas barometryczny,5,40.0,45.0,10.0,Minima,,,,False,0,True
session_20260625_variable_sit_walk,sitting,pressure,Pas barometryczny,5,40.0,45.0,10.0,Przejścia przez zero,,,,False,1,True
session_20260625_variable_sit_walk,sitting,pressure,Pas barometryczny,5,40.0,45.0,10.0,Autokorelacja,13.714285714285714,3.7142857142857135,3.7142857142857135,True,1,True
session_20260625_variable_sit_walk,sitting,pressure,Pas barometryczny,5,40.0,45.0,10.0,FFT,3.6214749257035135,-6.378525074296487,6.378525074296487,True,1,True
session_20260625_variable_sit_walk,sitting,pressure,Pas barometryczny,5,45.0,50.0,10.0,Maksima,,,,False,1,False
session_20260625_variable_sit_walk,sitting,pressure,Pas barometryczny,5,45.0,50.0,10.0,Minima,,,,False,1,False
session_20260625_variable_sit_walk,sitting,pressure,Pas barometryczny,5,45.0,50.0,10.0,Przejścia przez zero,,,,False,1,False
session_20260625_variable_sit_walk,sitting,pressure,Pas barometryczny,5,45.0,50.0,10.0,Autokorelacja,17.142857142857142,7.142857142857142,7.142857142857142,True,1,False
session_20260625_variable_sit_walk,sitting,pressure,Pas barometryczny,5,45.0,50.0,10.0,FFT,15.876320265264113,5.876320265264113,5.876320265264113,True,1,False
session_20260625_variable_sit_walk,sitting,pressure,Pas barometryczny,5,50.0,55.0,15.0,Maksima,,,,False,1,True
session_20260625_variable_sit_walk,sitting,pressure,Pas barometryczny,5,50.0,55.0,15.0,Minima,17.142857142857142,2.1428571428571423,2.1428571428571423,True,2,True
session_20260625_variable_sit_walk,sitting,pressure,Pas barometryczny,5,50.0,55.0,15.0,Przejścia przez zero,,,,False,1,True
session_20260625_variable_sit_walk,sitting,pressure,Pas barometryczny,5,50.0,55.0,15.0,Autokorelacja,17.77777777777778,2.7777777777777786,2.7777777777777786,True,1,True
session_20260625_variable_sit_walk,sitting,pressure,Pas barometryczny,5,50.0,55.0,15.0,FFT,12.559492442604306,-2.4405075573956942,2.4405075573956942,True,1,True
session_20260625_variable_sit_walk,sitting,pressure,Pas barometryczny,5,55.0,60.0,15.0,Maksima,,,,False,1,False
session_20260625_variable_sit_walk,sitting,pressure,Pas barometryczny,5,55.0,60.0,15.0,Minima,,,,False,1,False
session_20260625_variable_sit_walk,sitting,pressure,Pas barometryczny,5,55.0,60.0,15.0,Przejścia przez zero,17.142857142857142,2.1428571428571423,2.1428571428571423,True,2,False
session_20260625_variable_sit_walk,sitting,pressure,Pas barometryczny,5,55.0,60.0,15.0,Autokorelacja,18.46153846153846,3.46153846153846,3.46153846153846,True,1,False
session_20260625_variable_sit_walk,sitting,pressure,Pas barometryczny,5,55.0,60.0,15.0,FFT,17.0513250578549,2.0513250578549,2.0513250578549,True,1,False
session_20260625_variable_sit_walk,sitting,pressure,Pas barometryczny,5,60.0,65.0,20.0,Maksima,,,,False,1,True
session_20260625_variable_sit_walk,sitting,pressure,Pas barometryczny,5,60.0,65.0,20.0,Minima,24.0,4.0,4.0,True,2,True
session_20260625_variable_sit_walk,sitting,pressure,Pas barometryczny,5,60.0,65.0,20.0,Przejścia przez zero,22.857142857142858,2.8571428571428577,2.8571428571428577,True,2,True
session_20260625_variable_sit_walk,sitting,pressure,Pas barometryczny,5,60.0,65.0,20.0,Autokorelacja,25.263157894736842,5.2631578947368425,5.2631578947368425,True,1,True
session_20260625_variable_sit_walk,sitting,pressure,Pas barometryczny,5,60.0,65.0,20.0,FFT,24.743983378495074,4.743983378495074,4.743983378495074,True,1,True
session_20260625_variable_sit_walk,sitting,pressure,Pas barometryczny,5,65.0,70.0,20.0,Maksima,,,,False,1,False
session_20260625_variable_sit_walk,sitting,pressure,Pas barometryczny,5,65.0,70.0,20.0,Minima,19.2,-0.8000000000000007,0.8000000000000007,True,2,False
session_20260625_variable_sit_walk,sitting,pressure,Pas barometryczny,5,65.0,70.0,20.0,Przejścia przez zero,,,,False,1,False
session_20260625_variable_sit_walk,sitting,pressure,Pas barometryczny,5,65.0,70.0,20.0,Autokorelacja,20.0,0.0,0.0,True,1,False
session_20260625_variable_sit_walk,sitting,pressure,Pas barometryczny,5,65.0,70.0,20.0,FFT,17.851103726188583,-2.148896273811417,2.148896273811417,True,1,False
session_20260625_variable_sit_walk,sitting,pressure,Pas barometryczny,5,70.0,75.0,25.0,Maksima,26.666666666666668,1.6666666666666679,1.6666666666666679,True,2,True
session_20260625_variable_sit_walk,sitting,pressure,Pas barometryczny,5,70.0,75.0,25.0,Minima,,,,False,1,True
session_20260625_variable_sit_walk,sitting,pressure,Pas barometryczny,5,70.0,75.0,25.0,Przejścia przez zero,20.0,-5.0,5.0,True,2,True
session_20260625_variable_sit_walk,sitting,pressure,Pas barometryczny,5,70.0,75.0,25.0,Autokorelacja,21.818181818181817,-3.1818181818181834,3.1818181818181834,True,1,True
session_20260625_variable_sit_walk,sitting,pressure,Pas barometryczny,5,70.0,75.0,25.0,FFT,20.028352915318724,-4.971647084681276,4.971647084681276,True,1,True
session_20260625_variable_sit_walk,sitting,pressure,Pas barometryczny,5,75.0,80.0,25.0,Maksima,24.0,-1.0,1.0,True,2,False
session_20260625_variable_sit_walk,sitting,pressure,Pas barometryczny,5,75.0,80.0,25.0,Minima,,,,False,1,False
session_20260625_variable_sit_walk,sitting,pressure,Pas barometryczny,5,75.0,80.0,25.0,Przejścia przez zero,22.857142857142858,-2.1428571428571423,2.1428571428571423,True,2,False
session_20260625_variable_sit_walk,sitting,pressure,Pas barometryczny,5,75.0,80.0,25.0,Autokorelacja,25.263157894736842,0.2631578947368425,0.2631578947368425,True,1,False
session_20260625_variable_sit_walk,sitting,pressure,Pas barometryczny,5,75.0,80.0,25.0,FFT,23.432335136383234,-1.5676648636167663,1.5676648636167663,True,1,False
session_20260625_variable_sit_walk,sitting,pressure,Pas barometryczny,5,80.0,85.0,10.0,Maksima,,,,False,1,True
session_20260625_variable_sit_walk,sitting,pressure,Pas barometryczny,5,80.0,85.0,10.0,Minima,,,,False,0,True
session_20260625_variable_sit_walk,sitting,pressure,Pas barometryczny,5,80.0,85.0,10.0,Przejścia przez zero,,,,False,1,True
session_20260625_variable_sit_walk,sitting,pressure,Pas barometryczny,5,80.0,85.0,10.0,Autokorelacja,13.714285714285714,3.7142857142857135,3.7142857142857135,True,1,True
session_20260625_variable_sit_walk,sitting,pressure,Pas barometryczny,5,80.0,85.0,10.0,FFT,4.229446924685564,-5.770553075314436,5.770553075314436,True,1,True
session_20260625_variable_sit_walk,sitting,pressure,Pas barometryczny,5,85.0,90.0,10.0,Maksima,,,,False,1,False
session_20260625_variable_sit_walk,sitting,pressure,Pas barometryczny,5,85.0,90.0,10.0,Minima,,,,False,1,False
session_20260625_variable_sit_walk,sitting,pressure,Pas barometryczny,5,85.0,90.0,10.0,Przejścia przez zero,,,,False,1,False
session_20260625_variable_sit_walk,sitting,pressure,Pas barometryczny,5,85.0,90.0,10.0,Autokorelacja,16.0,6.0,6.0,True,1,False
session_20260625_variable_sit_walk,sitting,pressure,Pas barometryczny,5,85.0,90.0,10.0,FFT,10.195845911628918,0.1958459116289184,0.1958459116289184,True,1,False
session_20260625_variable_sit_walk,sitting,pressure,Pas barometryczny,5,90.0,95.0,15.0,Maksima,,,,False,1,True
session_20260625_variable_sit_walk,sitting,pressure,Pas barometryczny,5,90.0,95.0,15.0,Minima,22.857142857142858,7.857142857142858,7.857142857142858,True,2,True
session_20260625_variable_sit_walk,sitting,pressure,Pas barometryczny,5,90.0,95.0,15.0,Przejścia przez zero,,,,False,1,True
session_20260625_variable_sit_walk,sitting,pressure,Pas barometryczny,5,90.0,95.0,15.0,Autokorelacja,21.818181818181817,6.818181818181817,6.818181818181817,True,1,True
session_20260625_variable_sit_walk,sitting,pressure,Pas barometryczny,5,90.0,95.0,15.0,FFT,19.33982670756057,4.339826707560569,4.339826707560569,True,1,True
session_20260625_variable_sit_walk,sitting,pressure,Pas barometryczny,5,95.0,100.0,15.0,Maksima,,,,False,1,False
session_20260625_variable_sit_walk,sitting,pressure,Pas barometryczny,5,95.0,100.0,15.0,Minima,,,,False,1,False
session_20260625_variable_sit_walk,sitting,pressure,Pas barometryczny,5,95.0,100.0,15.0,Przejścia przez zero,17.142857142857142,2.1428571428571423,2.1428571428571423,True,2,False
session_20260625_variable_sit_walk,sitting,pressure,Pas barometryczny,5,95.0,100.0,15.0,Autokorelacja,19.2,4.199999999999999,4.199999999999999,True,1,False
session_20260625_variable_sit_walk,sitting,pressure,Pas barometryczny,5,95.0,100.0,15.0,FFT,17.28326833320545,2.2832683332054486,2.2832683332054486,True,1,False
session_20260625_variable_sit_walk,sitting,pressure,Pas barometryczny,5,100.0,105.0,20.0,Maksima,,,,False,0,True
session_20260625_variable_sit_walk,sitting,pressure,Pas barometryczny,5,100.0,105.0,20.0,Minima,,,,False,1,True
session_20260625_variable_sit_walk,sitting,pressure,Pas barometryczny,5,100.0,105.0,20.0,Przejścia przez zero,,,,False,1,True
session_20260625_variable_sit_walk,sitting,pressure,Pas barometryczny,5,100.0,105.0,20.0,Autokorelacja,14.117647058823529,-5.882352941176471,5.882352941176471,True,1,True
session_20260625_variable_sit_walk,sitting,pressure,Pas barometryczny,5,100.0,105.0,20.0,FFT,5.360227001663828,-14.639772998336172,14.639772998336172,True,1,True
session_20260625_variable_sit_walk,sitting,pressure,Pas barometryczny,5,105.0,110.0,20.0,Maksima,,,,False,1,False
session_20260625_variable_sit_walk,sitting,pressure,Pas barometryczny,5,105.0,110.0,20.0,Minima,21.818181818181817,1.8181818181818166,1.8181818181818166,True,2,False
session_20260625_variable_sit_walk,sitting,pressure,Pas barometryczny,5,105.0,110.0,20.0,Przejścia przez zero,25.263157894736842,5.2631578947368425,5.2631578947368425,True,2,False
session_20260625_variable_sit_walk,sitting,pressure,Pas barometryczny,5,105.0,110.0,20.0,Autokorelacja,21.818181818181817,1.8181818181818166,1.8181818181818166,True,1,False
session_20260625_variable_sit_walk,sitting,pressure,Pas barometryczny,5,105.0,110.0,20.0,FFT,19.595044896761106,-0.40495510323889405,0.40495510323889405,True,1,False
session_20260625_variable_sit_walk,sitting,pressure,Pas barometryczny,5,110.0,115.0,25.0,Maksima,24.0,-1.0,1.0,True,2,True
session_20260625_variable_sit_walk,sitting,pressure,Pas barometryczny,5,110.0,115.0,25.0,Minima,,,,False,1,True
session_20260625_variable_sit_walk,sitting,pressure,Pas barometryczny,5,110.0,115.0,25.0,Przejścia przez zero,18.46153846153846,-6.53846153846154,6.53846153846154,True,2,True
session_20260625_variable_sit_walk,sitting,pressure,Pas barometryczny,5,110.0,115.0,25.0,Autokorelacja,20.869565217391305,-4.130434782608695,4.130434782608695,True,1,True
session_20260625_variable_sit_walk,sitting,pressure,Pas barometryczny,5,110.0,115.0,25.0,FFT,19.467961834783345,-5.532038165216655,5.532038165216655,True,1,True
session_20260625_variable_sit_walk,sitting,pressure,Pas barometryczny,5,115.0,120.0,25.0,Maksima,24.0,-1.0,1.0,True,2,False
session_20260625_variable_sit_walk,sitting,pressure,Pas barometryczny,5,115.0,120.0,25.0,Minima,,,,False,1,False
session_20260625_variable_sit_walk,sitting,pressure,Pas barometryczny,5,115.0,120.0,25.0,Przejścia przez zero,22.857142857142858,-2.1428571428571423,2.1428571428571423,True,2,False
session_20260625_variable_sit_walk,sitting,pressure,Pas barometryczny,5,115.0,120.0,25.0,Autokorelacja,24.0,-1.0,1.0,True,1,False
session_20260625_variable_sit_walk,sitting,pressure,Pas barometryczny,5,115.0,120.0,25.0,FFT,22.33552253065918,-2.66447746934082,2.66447746934082,True,1,False
session_20260625_variable_sit_walk,walking,pressure,Pas barometryczny,5,130.0,135.0,10.0,Maksima,,,,False,1,True
session_20260625_variable_sit_walk,walking,pressure,Pas barometryczny,5,130.0,135.0,10.0,Minima,,,,False,0,True
session_20260625_variable_sit_walk,walking,pressure,Pas barometryczny,5,130.0,135.0,10.0,Przejścia przez zero,,,,False,1,True
session_20260625_variable_sit_walk,walking,pressure,Pas barometryczny,5,130.0,135.0,10.0,Autokorelacja,14.545454545454545,4.545454545454545,4.545454545454545,True,1,True
session_20260625_variable_sit_walk,walking,pressure,Pas barometryczny,5,130.0,135.0,10.0,FFT,5.975771272797649,-4.024228727202351,4.024228727202351,True,1,True
session_20260625_variable_sit_walk,walking,pressure,Pas barometryczny,5,135.0,140.0,10.0,Maksima,,,,False,1,False
session_20260625_variable_sit_walk,walking,pressure,Pas barometryczny,5,135.0,140.0,10.0,Minima,,,,False,1,False
session_20260625_variable_sit_walk,walking,pressure,Pas barometryczny,5,135.0,140.0,10.0,Przejścia przez zero,,,,False,1,False
session_20260625_variable_sit_walk,walking,pressure,Pas barometryczny,5,135.0,140.0,10.0,Autokorelacja,15.483870967741936,5.483870967741936,5.483870967741936,True,1,False
session_20260625_variable_sit_walk,walking,pressure,Pas barometryczny,5,135.0,140.0,10.0,FFT,8.53836326792886,-1.46163673207114,1.46163673207114,True,1,False
session_20260625_variable_sit_walk,walking,pressure,Pas barometryczny,5,140.0,145.0,15.0,Maksima,,,,False,1,True
session_20260625_variable_sit_walk,walking,pressure,Pas barometryczny,5,140.0,145.0,15.0,Minima,,,,False,1,True
session_20260625_variable_sit_walk,walking,pressure,Pas barometryczny,5,140.0,145.0,15.0,Przejścia przez zero,,,,False,1,True
session_20260625_variable_sit_walk,walking,pressure,Pas barometryczny,5,140.0,145.0,15.0,Autokorelacja,18.46153846153846,3.46153846153846,3.46153846153846,True,1,True
session_20260625_variable_sit_walk,walking,pressure,Pas barometryczny,5,140.0,145.0,15.0,FFT,13.649458402060542,-1.3505415979394577,1.3505415979394577,True,1,True
session_20260625_variable_sit_walk,walking,pressure,Pas barometryczny,5,145.0,150.0,15.0,Maksima,,,,False,1,False
session_20260625_variable_sit_walk,walking,pressure,Pas barometryczny,5,145.0,150.0,15.0,Minima,,,,False,1,False
session_20260625_variable_sit_walk,walking,pressure,Pas barometryczny,5,145.0,150.0,15.0,Przejścia przez zero,18.46153846153846,3.46153846153846,3.46153846153846,True,2,False
session_20260625_variable_sit_walk,walking,pressure,Pas barometryczny,5,145.0,150.0,15.0,Autokorelacja,19.2,4.199999999999999,4.199999999999999,True,1,False
session_20260625_variable_sit_walk,walking,pressure,Pas barometryczny,5,145.0,150.0,15.0,FFT,17.32617188273189,2.3261718827318916,2.3261718827318916,True,1,False
session_20260625_variable_sit_walk,walking,pressure,Pas barometryczny,5,150.0,155.0,20.0,Maksima,,,,False,1,True
session_20260625_variable_sit_walk,walking,pressure,Pas barometryczny,5,150.0,155.0,20.0,Minima,,,,False,1,True
session_20260625_variable_sit_walk,walking,pressure,Pas barometryczny,5,150.0,155.0,20.0,Przejścia przez zero,15.0,-5.0,5.0,True,2,True
session_20260625_variable_sit_walk,walking,pressure,Pas barometryczny,5,150.0,155.0,20.0,Autokorelacja,16.551724137931036,-3.4482758620689644,3.4482758620689644,True,1,True
session_20260625_variable_sit_walk,walking,pressure,Pas barometryczny,5,150.0,155.0,20.0,FFT,11.8575687897609,-8.1424312102391,8.1424312102391,True,1,True
session_20260625_variable_sit_walk,walking,pressure,Pas barometryczny,5,155.0,160.0,20.0,Maksima,20.0,0.0,0.0,True,2,False
session_20260625_variable_sit_walk,walking,pressure,Pas barometryczny,5,155.0,160.0,20.0,Minima,21.818181818181817,1.8181818181818166,1.8181818181818166,True,2,False
session_20260625_variable_sit_walk,walking,pressure,Pas barometryczny,5,155.0,160.0,20.0,Przejścia przez zero,,,,False,1,False
session_20260625_variable_sit_walk,walking,pressure,Pas barometryczny,5,155.0,160.0,20.0,Autokorelacja,21.818181818181817,1.8181818181818166,1.8181818181818166,True,1,False
session_20260625_variable_sit_walk,walking,pressure,Pas barometryczny,5,155.0,160.0,20.0,FFT,19.71688513195793,-0.28311486804206965,0.28311486804206965,True,1,False
session_20260625_variable_sit_walk,walking,pressure,Pas barometryczny,5,160.0,165.0,25.0,Maksima,21.818181818181817,-3.1818181818181834,3.1818181818181834,True,2,True
session_20260625_variable_sit_walk,walking,pressure,Pas barometryczny,5,160.0,165.0,25.0,Minima,,,,False,1,True
session_20260625_variable_sit_walk,walking,pressure,Pas barometryczny,5,160.0,165.0,25.0,Przejścia przez zero,18.46153846153846,-6.53846153846154,6.53846153846154,True,2,True
session_20260625_variable_sit_walk,walking,pressure,Pas barometryczny,5,160.0,165.0,25.0,Autokorelacja,19.2,-5.800000000000001,5.800000000000001,True,1,True
session_20260625_variable_sit_walk,walking,pressure,Pas barometryczny,5,160.0,165.0,25.0,FFT,17.574869043146357,-7.425130956853643,7.425130956853643,True,1,True
session_20260625_variable_sit_walk,walking,pressure,Pas barometryczny,5,165.0,170.0,25.0,Maksima,25.263157894736842,0.2631578947368425,0.2631578947368425,True,2,False
session_20260625_variable_sit_walk,walking,pressure,Pas barometryczny,5,165.0,170.0,25.0,Minima,,,,False,1,False
session_20260625_variable_sit_walk,walking,pressure,Pas barometryczny,5,165.0,170.0,25.0,Przejścia przez zero,22.857142857142858,-2.1428571428571423,2.1428571428571423,True,2,False
session_20260625_variable_sit_walk,walking,pressure,Pas barometryczny,5,165.0,170.0,25.0,Autokorelacja,24.0,-1.0,1.0,True,1,False
session_20260625_variable_sit_walk,walking,pressure,Pas barometryczny,5,165.0,170.0,25.0,FFT,20.48658036911423,-4.513419630885771,4.513419630885771,True,1,False
session_20260625_variable_sit_walk,walking,pressure,Pas barometryczny,5,170.0,175.0,10.0,Maksima,,,,False,1,True
session_20260625_variable_sit_walk,walking,pressure,Pas barometryczny,5,170.0,175.0,10.0,Minima,,,,False,0,True
session_20260625_variable_sit_walk,walking,pressure,Pas barometryczny,5,170.0,175.0,10.0,Przejścia przez zero,,,,False,1,True
session_20260625_variable_sit_walk,walking,pressure,Pas barometryczny,5,170.0,175.0,10.0,Autokorelacja,14.545454545454545,4.545454545454545,4.545454545454545,True,1,True
session_20260625_variable_sit_walk,walking,pressure,Pas barometryczny,5,170.0,175.0,10.0,FFT,5.712254147555511,-4.287745852444489,4.287745852444489,True,1,True
session_20260625_variable_sit_walk,walking,pressure,Pas barometryczny,5,175.0,180.0,10.0,Maksima,17.77777777777778,7.777777777777779,7.777777777777779,True,2,False
session_20260625_variable_sit_walk,walking,pressure,Pas barometryczny,5,175.0,180.0,10.0,Minima,33.10344827586207,23.10344827586207,23.10344827586207,True,3,False
session_20260625_variable_sit_walk,walking,pressure,Pas barometryczny,5,175.0,180.0,10.0,Przejścia przez zero,,,,False,1,False
session_20260625_variable_sit_walk,walking,pressure,Pas barometryczny,5,175.0,180.0,10.0,Autokorelacja,17.77777777777778,7.777777777777779,7.777777777777779,True,1,False
session_20260625_variable_sit_walk,walking,pressure,Pas barometryczny,5,175.0,180.0,10.0,FFT,15.911218628828967,5.911218628828967,5.911218628828967,True,1,False
session_20260625_variable_sit_walk,walking,pressure,Pas barometryczny,5,180.0,185.0,15.0,Maksima,,,,False,1,True
session_20260625_variable_sit_walk,walking,pressure,Pas barometryczny,5,180.0,185.0,15.0,Minima,,,,False,1,True
session_20260625_variable_sit_walk,walking,pressure,Pas barometryczny,5,180.0,185.0,15.0,Przejścia przez zero,,,,False,1,True
session_20260625_variable_sit_walk,walking,pressure,Pas barometryczny,5,180.0,185.0,15.0,Autokorelacja,18.46153846153846,3.46153846153846,3.46153846153846,True,1,True
session_20260625_variable_sit_walk,walking,pressure,Pas barometryczny,5,180.0,185.0,15.0,FFT,15.87739462103459,0.8773946210345898,0.8773946210345898,True,1,True
session_20260625_variable_sit_walk,walking,pressure,Pas barometryczny,5,185.0,190.0,15.0,Maksima,,,,False,1,False
session_20260625_variable_sit_walk,walking,pressure,Pas barometryczny,5,185.0,190.0,15.0,Minima,,,,False,1,False
session_20260625_variable_sit_walk,walking,pressure,Pas barometryczny,5,185.0,190.0,15.0,Przejścia przez zero,16.551724137931036,1.5517241379310356,1.5517241379310356,True,2,False
session_20260625_variable_sit_walk,walking,pressure,Pas barometryczny,5,185.0,190.0,15.0,Autokorelacja,16.551724137931036,1.5517241379310356,1.5517241379310356,True,1,False
session_20260625_variable_sit_walk,walking,pressure,Pas barometryczny,5,185.0,190.0,15.0,FFT,9.447416475536402,-5.552583524463598,5.552583524463598,True,1,False
session_20260625_variable_sit_walk,walking,pressure,Pas barometryczny,5,190.0,195.0,20.0,Maksima,,,,False,1,True
session_20260625_variable_sit_walk,walking,pressure,Pas barometryczny,5,190.0,195.0,20.0,Minima,26.666666666666668,6.666666666666668,6.666666666666668,True,2,True
session_20260625_variable_sit_walk,walking,pressure,Pas barometryczny,5,190.0,195.0,20.0,Przejścia przez zero,30.0,10.0,10.0,True,2,True
session_20260625_variable_sit_walk,walking,pressure,Pas barometryczny,5,190.0,195.0,20.0,Autokorelacja,20.0,0.0,0.0,True,1,True
session_20260625_variable_sit_walk,walking,pressure,Pas barometryczny,5,190.0,195.0,20.0,FFT,18.810244092189258,-1.189755907810742,1.189755907810742,True,1,True
session_20260625_variable_sit_walk,walking,pressure,Pas barometryczny,5,195.0,200.0,20.0,Maksima,22.857142857142858,2.8571428571428577,2.8571428571428577,True,2,False
session_20260625_variable_sit_walk,walking,pressure,Pas barometryczny,5,195.0,200.0,20.0,Minima,30.0,10.0,10.0,True,2,False
session_20260625_variable_sit_walk,walking,pressure,Pas barometryczny,5,195.0,200.0,20.0,Przejścia przez zero,36.92307692307692,16.92307692307692,16.92307692307692,True,2,False
session_20260625_variable_sit_walk,walking,pressure,Pas barometryczny,5,195.0,200.0,20.0,Autokorelacja,14.117647058823529,-5.882352941176471,5.882352941176471,True,1,False
session_20260625_variable_sit_walk,walking,pressure,Pas barometryczny,5,195.0,200.0,20.0,FFT,18.63084129431111,-1.3691587056888892,1.3691587056888892,True,1,False
session_20260625_variable_sit_walk,walking,pressure,Pas barometryczny,5,200.0,205.0,25.0,Maksima,25.263157894736842,0.2631578947368425,0.2631578947368425,True,2,True
session_20260625_variable_sit_walk,walking,pressure,Pas barometryczny,5,200.0,205.0,25.0,Minima,,,,False,1,True
session_20260625_variable_sit_walk,walking,pressure,Pas barometryczny,5,200.0,205.0,25.0,Przejścia przez zero,16.551724137931036,-8.448275862068964,8.448275862068964,True,2,True
session_20260625_variable_sit_walk,walking,pressure,Pas barometryczny,5,200.0,205.0,25.0,Autokorelacja,22.857142857142858,-2.1428571428571423,2.1428571428571423,True,1,True
session_20260625_variable_sit_walk,walking,pressure,Pas barometryczny,5,200.0,205.0,25.0,FFT,19.892626905877197,-5.107373094122803,5.107373094122803,True,1,True
session_20260625_variable_sit_walk,walking,pressure,Pas barometryczny,5,205.0,210.0,25.0,Maksima,25.263157894736842,0.2631578947368425,0.2631578947368425,True,2,False
session_20260625_variable_sit_walk,walking,pressure,Pas barometryczny,5,205.0,210.0,25.0,Minima,21.818181818181817,-3.1818181818181834,3.1818181818181834,True,2,False
session_20260625_variable_sit_walk,walking,pressure,Pas barometryczny,5,205.0,210.0,25.0,Przejścia przez zero,21.818181818181817,-3.1818181818181834,3.1818181818181834,True,2,False
session_20260625_variable_sit_walk,walking,pressure,Pas barometryczny,5,205.0,210.0,25.0,Autokorelacja,22.857142857142858,-2.1428571428571423,2.1428571428571423,True,1,False
session_20260625_variable_sit_walk,walking,pressure,Pas barometryczny,5,205.0,210.0,25.0,FFT,19.904038983457347,-5.0959610165426525,5.0959610165426525,True,1,False
session_20260625_variable_sit_walk,walking,pressure,Pas barometryczny,5,210.0,215.0,10.0,Maksima,20.0,10.0,10.0,True,2,True
session_20260625_variable_sit_walk,walking,pressure,Pas barometryczny,5,210.0,215.0,10.0,Minima,24.0,14.0,14.0,True,2,True
session_20260625_variable_sit_walk,walking,pressure,Pas barometryczny,5,210.0,215.0,10.0,Przejścia przez zero,20.0,10.0,10.0,True,2,True
session_20260625_variable_sit_walk,walking,pressure,Pas barometryczny,5,210.0,215.0,10.0,Autokorelacja,20.869565217391305,10.869565217391305,10.869565217391305,True,1,True
session_20260625_variable_sit_walk,walking,pressure,Pas barometryczny,5,210.0,215.0,10.0,FFT,18.281293872016896,8.281293872016896,8.281293872016896,True,1,True
session_20260625_variable_sit_walk,walking,pressure,Pas barometryczny,5,215.0,220.0,10.0,Maksima,,,,False,1,False
session_20260625_variable_sit_walk,walking,pressure,Pas barometryczny,5,215.0,220.0,10.0,Minima,,,,False,1,False
session_20260625_variable_sit_walk,walking,pressure,Pas barometryczny,5,215.0,220.0,10.0,Przejścia przez zero,,,,False,1,False
session_20260625_variable_sit_walk,walking,pressure,Pas barometryczny,5,215.0,220.0,10.0,Autokorelacja,19.2,9.2,9.2,True,1,False
session_20260625_variable_sit_walk,walking,pressure,Pas barometryczny,5,215.0,220.0,10.0,FFT,17.562658842359966,7.562658842359966,7.562658842359966,True,1,False
session_20260625_variable_sit_walk,walking,pressure,Pas barometryczny,5,220.0,225.0,15.0,Maksima,,,,False,1,True
session_20260625_variable_sit_walk,walking,pressure,Pas barometryczny,5,220.0,225.0,15.0,Minima,16.0,1.0,1.0,True,2,True
session_20260625_variable_sit_walk,walking,pressure,Pas barometryczny,5,220.0,225.0,15.0,Przejścia przez zero,,,,False,1,True
session_20260625_variable_sit_walk,walking,pressure,Pas barometryczny,5,220.0,225.0,15.0,Autokorelacja,16.551724137931036,1.5517241379310356,1.5517241379310356,True,1,True
session_20260625_variable_sit_walk,walking,pressure,Pas barometryczny,5,220.0,225.0,15.0,FFT,11.165943273269624,-3.834056726730376,3.834056726730376,True,1,True
session_20260625_variable_sit_walk,walking,pressure,Pas barometryczny,5,225.0,230.0,15.0,Maksima,,,,False,1,False
session_20260625_variable_sit_walk,walking,pressure,Pas barometryczny,5,225.0,230.0,15.0,Minima,,,,False,1,False
session_20260625_variable_sit_walk,walking,pressure,Pas barometryczny,5,225.0,230.0,15.0,Przejścia przez zero,16.0,1.0,1.0,True,2,False
session_20260625_variable_sit_walk,walking,pressure,Pas barometryczny,5,225.0,230.0,15.0,Autokorelacja,16.0,1.0,1.0,True,1,False
session_20260625_variable_sit_walk,walking,pressure,Pas barometryczny,5,225.0,230.0,15.0,FFT,10.518481173335788,-4.481518826664212,4.481518826664212,True,1,False
session_20260625_variable_sit_walk,walking,pressure,Pas barometryczny,5,230.0,235.0,20.0,Maksima,,,,False,1,True
session_20260625_variable_sit_walk,walking,pressure,Pas barometryczny,5,230.0,235.0,20.0,Minima,26.666666666666668,6.666666666666668,6.666666666666668,True,2,True
session_20260625_variable_sit_walk,walking,pressure,Pas barometryczny,5,230.0,235.0,20.0,Przejścia przez zero,34.285714285714285,14.285714285714285,14.285714285714285,True,2,True
session_20260625_variable_sit_walk,walking,pressure,Pas barometryczny,5,230.0,235.0,20.0,Autokorelacja,12.972972972972974,-7.027027027027026,7.027027027027026,True,1,True
session_20260625_variable_sit_walk,walking,pressure,Pas barometryczny,5,230.0,235.0,20.0,FFT,18.73566505412708,-1.2643349458729212,1.2643349458729212,True,1,True
session_20260625_variable_sit_walk,walking,pressure,Pas barometryczny,5,235.0,240.0,20.0,Maksima,,,,False,1,False
session_20260625_variable_sit_walk,walking,pressure,Pas barometryczny,5,235.0,240.0,20.0,Minima,21.818181818181817,1.8181818181818166,1.8181818181818166,True,2,False
session_20260625_variable_sit_walk,walking,pressure,Pas barometryczny,5,235.0,240.0,20.0,Przejścia przez zero,25.263157894736842,5.2631578947368425,5.2631578947368425,True,2,False
session_20260625_variable_sit_walk,walking,pressure,Pas barometryczny,5,235.0,240.0,20.0,Autokorelacja,20.869565217391305,0.8695652173913047,0.8695652173913047,True,1,False
session_20260625_variable_sit_walk,walking,pressure,Pas barometryczny,5,235.0,240.0,20.0,FFT,18.125352141353737,-1.874647858646263,1.874647858646263,True,1,False
session_20260625_variable_sit_walk,walking,pressure,Pas barometryczny,5,240.0,245.0,25.0,Maksima,,,,False,1,True
session_20260625_variable_sit_walk,walking,pressure,Pas barometryczny,5,240.0,245.0,25.0,Minima,,,,False,1,True
session_20260625_variable_sit_walk,walking,pressure,Pas barometryczny,5,240.0,245.0,25.0,Przejścia przez zero,16.551724137931036,-8.448275862068964,8.448275862068964,True,2,True
session_20260625_variable_sit_walk,walking,pressure,Pas barometryczny,5,240.0,245.0,25.0,Autokorelacja,17.77777777777778,-7.222222222222221,7.222222222222221,True,1,True
session_20260625_variable_sit_walk,walking,pressure,Pas barometryczny,5,240.0,245.0,25.0,FFT,12.204709571978798,-12.795290428021202,12.795290428021202,True,1,True
session_20260625_variable_sit_walk,walking,pressure,Pas barometryczny,5,245.0,250.0,25.0,Maksima,24.0,-1.0,1.0,True,2,False
session_20260625_variable_sit_walk,walking,pressure,Pas barometryczny,5,245.0,250.0,25.0,Minima,25.263157894736842,0.2631578947368425,0.2631578947368425,True,2,False
session_20260625_variable_sit_walk,walking,pressure,Pas barometryczny,5,245.0,250.0,25.0,Przejścia przez zero,22.857142857142858,-2.1428571428571423,2.1428571428571423,True,2,False
session_20260625_variable_sit_walk,walking,pressure,Pas barometryczny,5,245.0,250.0,25.0,Autokorelacja,24.0,-1.0,1.0,True,1,False
session_20260625_variable_sit_walk,walking,pressure,Pas barometryczny,5,245.0,250.0,25.0,FFT,21.408409997969574,-3.5915900020304257,3.5915900020304257,True,1,False
session_20260625_variable_sit_walk,sitting,pressure,Pas barometryczny,10,5.0,15.0,15.0,Maksima,16.551724137931036,1.5517241379310356,1.5517241379310356,True,2,True
session_20260625_variable_sit_walk,sitting,pressure,Pas barometryczny,10,5.0,15.0,15.0,Minima,24.0,9.0,9.0,True,2,True
session_20260625_variable_sit_walk,sitting,pressure,Pas barometryczny,10,5.0,15.0,15.0,Przejścia przez zero,10.434782608695652,-4.565217391304348,4.565217391304348,True,2,True
session_20260625_variable_sit_walk,sitting,pressure,Pas barometryczny,10,5.0,15.0,15.0,Autokorelacja,48.0,33.0,33.0,True,1,True
session_20260625_variable_sit_walk,sitting,pressure,Pas barometryczny,10,5.0,15.0,15.0,FFT,3.599014173178584,-11.400985826821415,11.400985826821415,True,1,True
session_20260625_variable_sit_walk,sitting,pressure,Pas barometryczny,10,10.0,20.0,15.0,Maksima,17.142857142857142,2.1428571428571423,2.1428571428571423,True,2,True
session_20260625_variable_sit_walk,sitting,pressure,Pas barometryczny,10,10.0,20.0,15.0,Minima,18.46153846153846,3.46153846153846,3.46153846153846,True,3,True
session_20260625_variable_sit_walk,sitting,pressure,Pas barometryczny,10,10.0,20.0,15.0,Przejścia przez zero,18.11320754716981,3.113207547169811,3.113207547169811,True,3,True
session_20260625_variable_sit_walk,sitting,pressure,Pas barometryczny,10,10.0,20.0,15.0,Autokorelacja,9.411764705882353,-5.588235294117647,5.588235294117647,True,1,True
session_20260625_variable_sit_walk,sitting,pressure,Pas barometryczny,10,10.0,20.0,15.0,FFT,14.311030188481418,-0.6889698115185823,0.6889698115185823,True,1,True
session_20260625_variable_sit_walk,sitting,pressure,Pas barometryczny,10,15.0,25.0,20.0,Maksima,15.0,-5.0,5.0,True,2,True
session_20260625_variable_sit_walk,sitting,pressure,Pas barometryczny,10,15.0,25.0,20.0,Minima,12.0,-8.0,8.0,True,2,True
session_20260625_variable_sit_walk,sitting,pressure,Pas barometryczny,10,15.0,25.0,20.0,Przejścia przez zero,13.91304347826087,-6.086956521739131,6.086956521739131,True,3,True
session_20260625_variable_sit_walk,sitting,pressure,Pas barometryczny,10,15.0,25.0,20.0,Autokorelacja,13.714285714285714,-6.2857142857142865,6.2857142857142865,True,1,True
session_20260625_variable_sit_walk,sitting,pressure,Pas barometryczny,10,15.0,25.0,20.0,FFT,13.252731800258385,-6.747268199741615,6.747268199741615,True,1,True
session_20260625_variable_sit_walk,sitting,pressure,Pas barometryczny,10,20.0,30.0,20.0,Maksima,21.818181818181817,1.8181818181818166,1.8181818181818166,True,2,True
session_20260625_variable_sit_walk,sitting,pressure,Pas barometryczny,10,20.0,30.0,20.0,Minima,20.869565217391305,0.8695652173913047,0.8695652173913047,True,3,True
session_20260625_variable_sit_walk,sitting,pressure,Pas barometryczny,10,20.0,30.0,20.0,Przejścia przez zero,23.414634146341463,3.414634146341463,3.414634146341463,True,3,True
session_20260625_variable_sit_walk,sitting,pressure,Pas barometryczny,10,20.0,30.0,20.0,Autokorelacja,8.135593220338983,-11.864406779661017,11.864406779661017,True,1,True
session_20260625_variable_sit_walk,sitting,pressure,Pas barometryczny,10,20.0,30.0,20.0,FFT,6.767274210589882,-13.232725789410118,13.232725789410118,True,1,True
session_20260625_variable_sit_walk,sitting,pressure,Pas barometryczny,10,25.0,35.0,25.0,Maksima,18.823529411764707,-6.1764705882352935,6.1764705882352935,True,3,True
session_20260625_variable_sit_walk,sitting,pressure,Pas barometryczny,10,25.0,35.0,25.0,Minima,19.2,-5.800000000000001,5.800000000000001,True,3,True
session_20260625_variable_sit_walk,sitting,pressure,Pas barometryczny,10,25.0,35.0,25.0,Przejścia przez zero,18.823529411764707,-6.1764705882352935,6.1764705882352935,True,3,True
session_20260625_variable_sit_walk,sitting,pressure,Pas barometryczny,10,25.0,35.0,25.0,Autokorelacja,19.2,-5.800000000000001,5.800000000000001,True,1,True
session_20260625_variable_sit_walk,sitting,pressure,Pas barometryczny,10,25.0,35.0,25.0,FFT,18.1343997714819,-6.865600228518101,6.865600228518101,True,1,True
session_20260625_variable_sit_walk,sitting,pressure,Pas barometryczny,10,30.0,40.0,25.0,Maksima,25.263157894736842,0.2631578947368425,0.2631578947368425,True,4,True
session_20260625_variable_sit_walk,sitting,pressure,Pas barometryczny,10,30.0,40.0,25.0,Minima,24.615384615384617,-0.38461538461538325,0.38461538461538325,True,3,True
session_20260625_variable_sit_walk,sitting,pressure,Pas barometryczny,10,30.0,40.0,25.0,Przejścia przez zero,27.428571428571427,2.428571428571427,2.428571428571427,True,3,True
session_20260625_variable_sit_walk,sitting,pressure,Pas barometryczny,10,30.0,40.0,25.0,Autokorelacja,7.2727272727272725,-17.727272727272727,17.727272727272727,True,1,True
session_20260625_variable_sit_walk,sitting,pressure,Pas barometryczny,10,30.0,40.0,25.0,FFT,23.2809306701731,-1.719069329826901,1.719069329826901,True,1,True
session_20260625_variable_sit_walk,sitting,pressure,Pas barometryczny,10,35.0,45.0,10.0,Maksima,18.46153846153846,8.46153846153846,8.46153846153846,True,3,True
session_20260625_variable_sit_walk,sitting,pressure,Pas barometryczny,10,35.0,45.0,10.0,Minima,25.263157894736842,15.263157894736842,15.263157894736842,True,2,True
session_20260625_variable_sit_walk,sitting,pressure,Pas barometryczny,10,35.0,45.0,10.0,Przejścia przez zero,23.414634146341463,13.414634146341463,13.414634146341463,True,3,True
session_20260625_variable_sit_walk,sitting,pressure,Pas barometryczny,10,35.0,45.0,10.0,Autokorelacja,12.972972972972974,2.9729729729729737,2.9729729729729737,True,1,True
session_20260625_variable_sit_walk,sitting,pressure,Pas barometryczny,10,35.0,45.0,10.0,FFT,16.51788488276042,6.51788488276042,6.51788488276042,True,1,True
session_20260625_variable_sit_walk,sitting,pressure,Pas barometryczny,10,40.0,50.0,10.0,Maksima,9.795918367346939,-0.204081632653061,0.204081632653061,True,2,True
session_20260625_variable_sit_walk,sitting,pressure,Pas barometryczny,10,40.0,50.0,10.0,Minima,,,,False,1,True
session_20260625_variable_sit_walk,sitting,pressure,Pas barometryczny,10,40.0,50.0,10.0,Przejścia przez zero,8.571428571428571,-1.4285714285714288,1.4285714285714288,True,2,True
session_20260625_variable_sit_walk,sitting,pressure,Pas barometryczny,10,40.0,50.0,10.0,Autokorelacja,48.0,38.0,38.0,True,1,True
session_20260625_variable_sit_walk,sitting,pressure,Pas barometryczny,10,40.0,50.0,10.0,FFT,8.79890983258681,-1.2010901674131897,1.2010901674131897,True,1,True
session_20260625_variable_sit_walk,sitting,pressure,Pas barometryczny,10,45.0,55.0,15.0,Maksima,18.46153846153846,3.46153846153846,3.46153846153846,True,2,True
session_20260625_variable_sit_walk,sitting,pressure,Pas barometryczny,10,45.0,55.0,15.0,Minima,11.707317073170731,-3.2926829268292686,3.2926829268292686,True,2,True
session_20260625_variable_sit_walk,sitting,pressure,Pas barometryczny,10,45.0,55.0,15.0,Przejścia przez zero,14.117647058823529,-0.882352941176471,0.882352941176471,True,2,True
session_20260625_variable_sit_walk,sitting,pressure,Pas barometryczny,10,45.0,55.0,15.0,Autokorelacja,48.0,33.0,33.0,True,1,True
session_20260625_variable_sit_walk,sitting,pressure,Pas barometryczny,10,45.0,55.0,15.0,FFT,2.4217506900901693,-12.57824930990983,12.57824930990983,True,1,True
session_20260625_variable_sit_walk,sitting,pressure,Pas barometryczny,10,50.0,60.0,15.0,Maksima,15.483870967741936,0.48387096774193594,0.48387096774193594,True,2,True
session_20260625_variable_sit_walk,sitting,pressure,Pas barometryczny,10,50.0,60.0,15.0,Minima,16.551724137931036,1.5517241379310356,1.5517241379310356,True,3,True
session_20260625_variable_sit_walk,sitting,pressure,Pas barometryczny,10,50.0,60.0,15.0,Przejścia przez zero,15.737704918032787,0.7377049180327866,0.7377049180327866,True,3,True
session_20260625_variable_sit_walk,sitting,pressure,Pas barometryczny,10,50.0,60.0,15.0,Autokorelacja,16.551724137931036,1.5517241379310356,1.5517241379310356,True,1,True
session_20260625_variable_sit_walk,sitting,pressure,Pas barometryczny,10,50.0,60.0,15.0,FFT,15.380636242449949,0.380636242449949,0.380636242449949,True,1,True
session_20260625_variable_sit_walk,sitting,pressure,Pas barometryczny,10,55.0,65.0,20.0,Maksima,20.869565217391305,0.8695652173913047,0.8695652173913047,True,3,True
session_20260625_variable_sit_walk,sitting,pressure,Pas barometryczny,10,55.0,65.0,20.0,Minima,22.325581395348838,2.325581395348838,2.325581395348838,True,3,True
session_20260625_variable_sit_walk,sitting,pressure,Pas barometryczny,10,55.0,65.0,20.0,Przejścia przez zero,19.2,-0.8000000000000007,0.8000000000000007,True,4,True
session_20260625_variable_sit_walk,sitting,pressure,Pas barometryczny,10,55.0,65.0,20.0,Autokorelacja,10.909090909090908,-9.090909090909092,9.090909090909092,True,1,True
session_20260625_variable_sit_walk,sitting,pressure,Pas barometryczny,10,55.0,65.0,20.0,FFT,11.462560266516727,-8.537439733483273,8.537439733483273,True,1,True
session_20260625_variable_sit_walk,sitting,pressure,Pas barometryczny,10,60.0,70.0,20.0,Maksima,20.869565217391305,0.8695652173913047,0.8695652173913047,True,3,True
session_20260625_variable_sit_walk,sitting,pressure,Pas barometryczny,10,60.0,70.0,20.0,Minima,21.818181818181817,1.8181818181818166,1.8181818181818166,True,4,True
session_20260625_variable_sit_walk,sitting,pressure,Pas barometryczny,10,60.0,70.0,20.0,Przejścia przez zero,21.818181818181817,1.8181818181818166,1.8181818181818166,True,3,True
session_20260625_variable_sit_walk,sitting,pressure,Pas barometryczny,10,60.0,70.0,20.0,Autokorelacja,21.818181818181817,1.8181818181818166,1.8181818181818166,True,1,True
session_20260625_variable_sit_walk,sitting,pressure,Pas barometryczny,10,60.0,70.0,20.0,FFT,21.055232056311212,1.0552320563112119,1.0552320563112119,True,1,True
session_20260625_variable_sit_walk,sitting,pressure,Pas barometryczny,10,65.0,75.0,25.0,Maksima,19.591836734693878,-5.408163265306122,5.408163265306122,True,3,True
session_20260625_variable_sit_walk,sitting,pressure,Pas barometryczny,10,65.0,75.0,25.0,Minima,17.77777777777778,-7.222222222222221,7.222222222222221,True,3,True
session_20260625_variable_sit_walk,sitting,pressure,Pas barometryczny,10,65.0,75.0,25.0,Przejścia przez zero,18.11320754716981,-6.886792452830189,6.886792452830189,True,3,True
session_20260625_variable_sit_walk,sitting,pressure,Pas barometryczny,10,65.0,75.0,25.0,Autokorelacja,17.142857142857142,-7.857142857142858,7.857142857142858,True,1,True
session_20260625_variable_sit_walk,sitting,pressure,Pas barometryczny,10,65.0,75.0,25.0,FFT,15.30661420281731,-9.69338579718269,9.69338579718269,True,1,True
session_20260625_variable_sit_walk,sitting,pressure,Pas barometryczny,10,70.0,80.0,25.0,Maksima,25.263157894736842,0.2631578947368425,0.2631578947368425,True,4,True
session_20260625_variable_sit_walk,sitting,pressure,Pas barometryczny,10,70.0,80.0,25.0,Minima,26.666666666666668,1.6666666666666679,1.6666666666666679,True,3,True
session_20260625_variable_sit_walk,sitting,pressure,Pas barometryczny,10,70.0,80.0,25.0,Przejścia przez zero,25.263157894736842,0.2631578947368425,0.2631578947368425,True,4,True
session_20260625_variable_sit_walk,sitting,pressure,Pas barometryczny,10,70.0,80.0,25.0,Autokorelacja,25.263157894736842,0.2631578947368425,0.2631578947368425,True,1,True
session_20260625_variable_sit_walk,sitting,pressure,Pas barometryczny,10,70.0,80.0,25.0,FFT,25.953423603440896,0.9534236034408963,0.9534236034408963,True,1,True
session_20260625_variable_sit_walk,sitting,pressure,Pas barometryczny,10,75.0,85.0,10.0,Maksima,20.0,10.0,10.0,True,3,True
session_20260625_variable_sit_walk,sitting,pressure,Pas barometryczny,10,75.0,85.0,10.0,Minima,24.0,14.0,14.0,True,2,True
session_20260625_variable_sit_walk,sitting,pressure,Pas barometryczny,10,75.0,85.0,10.0,Przejścia przez zero,24.615384615384617,14.615384615384617,14.615384615384617,True,3,True
session_20260625_variable_sit_walk,sitting,pressure,Pas barometryczny,10,75.0,85.0,10.0,Autokorelacja,6.486486486486487,-3.513513513513513,3.513513513513513,True,1,True
session_20260625_variable_sit_walk,sitting,pressure,Pas barometryczny,10,75.0,85.0,10.0,FFT,19.822194511641346,9.822194511641346,9.822194511641346,True,1,True
session_20260625_variable_sit_walk,sitting,pressure,Pas barometryczny,10,80.0,90.0,10.0,Maksima,9.056603773584905,-0.9433962264150946,0.9433962264150946,True,2,True
session_20260625_variable_sit_walk,sitting,pressure,Pas barometryczny,10,80.0,90.0,10.0,Minima,,,,False,1,True
session_20260625_variable_sit_walk,sitting,pressure,Pas barometryczny,10,80.0,90.0,10.0,Przejścia przez zero,8.727272727272727,-1.2727272727272734,1.2727272727272734,True,2,True
session_20260625_variable_sit_walk,sitting,pressure,Pas barometryczny,10,80.0,90.0,10.0,Autokorelacja,48.0,38.0,38.0,True,1,True
session_20260625_variable_sit_walk,sitting,pressure,Pas barometryczny,10,80.0,90.0,10.0,FFT,7.373549492434887,-2.626450507565113,2.626450507565113,True,1,True
session_20260625_variable_sit_walk,sitting,pressure,Pas barometryczny,10,85.0,95.0,15.0,Maksima,16.0,1.0,1.0,True,2,True
session_20260625_variable_sit_walk,sitting,pressure,Pas barometryczny,10,85.0,95.0,15.0,Minima,,,,False,1,True
session_20260625_variable_sit_walk,sitting,pressure,Pas barometryczny,10,85.0,95.0,15.0,Przejścia przez zero,11.428571428571429,-3.571428571428571,3.571428571428571,True,2,True
session_20260625_variable_sit_walk,sitting,pressure,Pas barometryczny,10,85.0,95.0,15.0,Autokorelacja,48.0,33.0,33.0,True,1,True
session_20260625_variable_sit_walk,sitting,pressure,Pas barometryczny,10,85.0,95.0,15.0,FFT,3.5851972325898234,-11.414802767410176,11.414802767410176,True,1,True
session_20260625_variable_sit_walk,sitting,pressure,Pas barometryczny,10,90.0,100.0,15.0,Maksima,16.551724137931036,1.5517241379310356,1.5517241379310356,True,2,True
session_20260625_variable_sit_walk,sitting,pressure,Pas barometryczny,10,90.0,100.0,15.0,Minima,18.11320754716981,3.113207547169811,3.113207547169811,True,3,True
session_20260625_variable_sit_walk,sitting,pressure,Pas barometryczny,10,90.0,100.0,15.0,Przejścia przez zero,17.454545454545453,2.4545454545454533,2.4545454545454533,True,3,True
session_20260625_variable_sit_walk,sitting,pressure,Pas barometryczny,10,90.0,100.0,15.0,Autokorelacja,17.77777777777778,2.7777777777777786,2.7777777777777786,True,1,True
session_20260625_variable_sit_walk,sitting,pressure,Pas barometryczny,10,90.0,100.0,15.0,FFT,15.272480482825854,0.2724804828258538,0.2724804828258538,True,1,True
session_20260625_variable_sit_walk,sitting,pressure,Pas barometryczny,10,95.0,105.0,20.0,Maksima,16.0,-4.0,4.0,True,2,True
session_20260625_variable_sit_walk,sitting,pressure,Pas barometryczny,10,95.0,105.0,20.0,Minima,11.707317073170731,-8.292682926829269,8.292682926829269,True,2,True
session_20260625_variable_sit_walk,sitting,pressure,Pas barometryczny,10,95.0,105.0,20.0,Przejścia przez zero,14.328358208955224,-5.671641791044776,5.671641791044776,True,3,True
session_20260625_variable_sit_walk,sitting,pressure,Pas barometryczny,10,95.0,105.0,20.0,Autokorelacja,13.333333333333334,-6.666666666666666,6.666666666666666,True,1,True
session_20260625_variable_sit_walk,sitting,pressure,Pas barometryczny,10,95.0,105.0,20.0,FFT,11.469163365243974,-8.530836634756026,8.530836634756026,True,1,True
session_20260625_variable_sit_walk,sitting,pressure,Pas barometryczny,10,100.0,110.0,20.0,Maksima,22.857142857142858,2.8571428571428577,2.8571428571428577,True,2,True
session_20260625_variable_sit_walk,sitting,pressure,Pas barometryczny,10,100.0,110.0,20.0,Minima,20.869565217391305,0.8695652173913047,0.8695652173913047,True,3,True
session_20260625_variable_sit_walk,sitting,pressure,Pas barometryczny,10,100.0,110.0,20.0,Przejścia przez zero,25.945945945945947,5.945945945945947,5.945945945945947,True,3,True
session_20260625_variable_sit_walk,sitting,pressure,Pas barometryczny,10,100.0,110.0,20.0,Autokorelacja,8.0,-12.0,12.0,True,1,True
session_20260625_variable_sit_walk,sitting,pressure,Pas barometryczny,10,100.0,110.0,20.0,FFT,5.350153224718537,-14.649846775281464,14.649846775281464,True,1,True
session_20260625_variable_sit_walk,sitting,pressure,Pas barometryczny,10,105.0,115.0,25.0,Maksima,19.2,-5.800000000000001,5.800000000000001,True,3,True
session_20260625_variable_sit_walk,sitting,pressure,Pas barometryczny,10,105.0,115.0,25.0,Minima,17.77777777777778,-7.222222222222221,7.222222222222221,True,3,True
session_20260625_variable_sit_walk,sitting,pressure,Pas barometryczny,10,105.0,115.0,25.0,Przejścia przez zero,18.46153846153846,-6.53846153846154,6.53846153846154,True,3,True
session_20260625_variable_sit_walk,sitting,pressure,Pas barometryczny,10,105.0,115.0,25.0,Autokorelacja,9.23076923076923,-15.76923076923077,15.76923076923077,True,1,True
session_20260625_variable_sit_walk,sitting,pressure,Pas barometryczny,10,105.0,115.0,25.0,FFT,15.36891542652844,-9.63108457347156,9.63108457347156,True,1,True
session_20260625_variable_sit_walk,sitting,pressure,Pas barometryczny,10,110.0,120.0,25.0,Maksima,24.0,-1.0,1.0,True,4,True
session_20260625_variable_sit_walk,sitting,pressure,Pas barometryczny,10,110.0,120.0,25.0,Minima,25.945945945945947,0.9459459459459474,0.9459459459459474,True,3,True
session_20260625_variable_sit_walk,sitting,pressure,Pas barometryczny,10,110.0,120.0,25.0,Przejścia przez zero,26.666666666666668,1.6666666666666679,1.6666666666666679,True,4,True
session_20260625_variable_sit_walk,sitting,pressure,Pas barometryczny,10,110.0,120.0,25.0,Autokorelacja,24.0,-1.0,1.0,True,1,True
session_20260625_variable_sit_walk,sitting,pressure,Pas barometryczny,10,110.0,120.0,25.0,FFT,25.767647512923094,0.7676475129230944,0.7676475129230944,True,1,True
session_20260625_variable_sit_walk,walking,pressure,Pas barometryczny,10,125.0,135.0,10.0,Maksima,14.545454545454545,4.545454545454545,4.545454545454545,True,2,True
session_20260625_variable_sit_walk,walking,pressure,Pas barometryczny,10,125.0,135.0,10.0,Minima,21.818181818181817,11.818181818181817,11.818181818181817,True,2,True
session_20260625_variable_sit_walk,walking,pressure,Pas barometryczny,10,125.0,135.0,10.0,Przejścia przez zero,,,,False,1,True
session_20260625_variable_sit_walk,walking,pressure,Pas barometryczny,10,125.0,135.0,10.0,Autokorelacja,7.868852459016393,-2.1311475409836067,2.1311475409836067,True,1,True
session_20260625_variable_sit_walk,walking,pressure,Pas barometryczny,10,125.0,135.0,10.0,FFT,4.150089133691535,-5.849910866308465,5.849910866308465,True,1,True
session_20260625_variable_sit_walk,walking,pressure,Pas barometryczny,10,130.0,140.0,10.0,Maksima,,,,False,1,True
session_20260625_variable_sit_walk,walking,pressure,Pas barometryczny,10,130.0,140.0,10.0,Minima,,,,False,1,True
session_20260625_variable_sit_walk,walking,pressure,Pas barometryczny,10,130.0,140.0,10.0,Przejścia przez zero,8.727272727272727,-1.2727272727272734,1.2727272727272734,True,2,True
session_20260625_variable_sit_walk,walking,pressure,Pas barometryczny,10,130.0,140.0,10.0,Autokorelacja,9.6,-0.40000000000000036,0.40000000000000036,True,1,True
session_20260625_variable_sit_walk,walking,pressure,Pas barometryczny,10,130.0,140.0,10.0,FFT,8.869411776372669,-1.1305882236273312,1.1305882236273312,True,1,True
session_20260625_variable_sit_walk,walking,pressure,Pas barometryczny,10,135.0,145.0,15.0,Maksima,15.0,0.0,0.0,True,2,True
session_20260625_variable_sit_walk,walking,pressure,Pas barometryczny,10,135.0,145.0,15.0,Minima,10.212765957446809,-4.787234042553191,4.787234042553191,True,2,True
session_20260625_variable_sit_walk,walking,pressure,Pas barometryczny,10,135.0,145.0,15.0,Przejścia przez zero,10.666666666666666,-4.333333333333334,4.333333333333334,True,2,True
session_20260625_variable_sit_walk,walking,pressure,Pas barometryczny,10,135.0,145.0,15.0,Autokorelacja,48.0,33.0,33.0,True,1,True
session_20260625_variable_sit_walk,walking,pressure,Pas barometryczny,10,135.0,145.0,15.0,FFT,9.057559780660426,-5.942440219339574,5.942440219339574,True,1,True
session_20260625_variable_sit_walk,walking,pressure,Pas barometryczny,10,140.0,150.0,15.0,Maksima,20.869565217391305,5.869565217391305,5.869565217391305,True,2,True
session_20260625_variable_sit_walk,walking,pressure,Pas barometryczny,10,140.0,150.0,15.0,Minima,18.46153846153846,3.46153846153846,3.46153846153846,True,3,True
session_20260625_variable_sit_walk,walking,pressure,Pas barometryczny,10,140.0,150.0,15.0,Przejścia przez zero,19.2,4.199999999999999,4.199999999999999,True,3,True
session_20260625_variable_sit_walk,walking,pressure,Pas barometryczny,10,140.0,150.0,15.0,Autokorelacja,9.6,-5.4,5.4,True,1,True
session_20260625_variable_sit_walk,walking,pressure,Pas barometryczny,10,140.0,150.0,15.0,FFT,18.615904940805205,3.615904940805205,3.615904940805205,True,1,True
session_20260625_variable_sit_walk,walking,pressure,Pas barometryczny,10,145.0,155.0,20.0,Maksima,18.46153846153846,-1.53846153846154,1.53846153846154,True,3,True
session_20260625_variable_sit_walk,walking,pressure,Pas barometryczny,10,145.0,155.0,20.0,Minima,21.818181818181817,1.8181818181818166,1.8181818181818166,True,3,True
session_20260625_variable_sit_walk,walking,pressure,Pas barometryczny,10,145.0,155.0,20.0,Przejścia przez zero,17.77777777777778,-2.2222222222222214,2.2222222222222214,True,2,True
session_20260625_variable_sit_walk,walking,pressure,Pas barometryczny,10,145.0,155.0,20.0,Autokorelacja,13.333333333333334,-6.666666666666666,6.666666666666666,True,1,True
session_20260625_variable_sit_walk,walking,pressure,Pas barometryczny,10,145.0,155.0,20.0,FFT,11.832662567470958,-8.167337432529042,8.167337432529042,True,1,True
session_20260625_variable_sit_walk,walking,pressure,Pas barometryczny,10,150.0,160.0,20.0,Maksima,25.263157894736842,5.2631578947368425,5.2631578947368425,True,4,True
session_20260625_variable_sit_walk,walking,pressure,Pas barometryczny,10,150.0,160.0,20.0,Minima,30.0,10.0,10.0,True,3,True
session_20260625_variable_sit_walk,walking,pressure,Pas barometryczny,10,150.0,160.0,20.0,Przejścia przez zero,,,,False,1,True
session_20260625_variable_sit_walk,walking,pressure,Pas barometryczny,10,150.0,160.0,20.0,Autokorelacja,48.0,28.0,28.0,True,1,True
session_20260625_variable_sit_walk,walking,pressure,Pas barometryczny,10,150.0,160.0,20.0,FFT,3.7542355085664916,-16.24576449143351,16.24576449143351,True,1,True
session_20260625_variable_sit_walk,walking,pressure,Pas barometryczny,10,155.0,165.0,25.0,Maksima,19.2,-5.800000000000001,5.800000000000001,True,3,True
session_20260625_variable_sit_walk,walking,pressure,Pas barometryczny,10,155.0,165.0,25.0,Minima,17.454545454545453,-7.545454545454547,7.545454545454547,True,3,True
session_20260625_variable_sit_walk,walking,pressure,Pas barometryczny,10,155.0,165.0,25.0,Przejścia przez zero,18.11320754716981,-6.886792452830189,6.886792452830189,True,3,True
session_20260625_variable_sit_walk,walking,pressure,Pas barometryczny,10,155.0,165.0,25.0,Autokorelacja,17.142857142857142,-7.857142857142858,7.857142857142858,True,1,True
session_20260625_variable_sit_walk,walking,pressure,Pas barometryczny,10,155.0,165.0,25.0,FFT,15.859934458192777,-9.140065541807223,9.140065541807223,True,1,True
session_20260625_variable_sit_walk,walking,pressure,Pas barometryczny,10,160.0,170.0,25.0,Maksima,24.0,-1.0,1.0,True,4,True
session_20260625_variable_sit_walk,walking,pressure,Pas barometryczny,10,160.0,170.0,25.0,Minima,25.263157894736842,0.2631578947368425,0.2631578947368425,True,3,True
session_20260625_variable_sit_walk,walking,pressure,Pas barometryczny,10,160.0,170.0,25.0,Przejścia przez zero,25.263157894736842,0.2631578947368425,0.2631578947368425,True,4,True
session_20260625_variable_sit_walk,walking,pressure,Pas barometryczny,10,160.0,170.0,25.0,Autokorelacja,24.0,-1.0,1.0,True,1,True
session_20260625_variable_sit_walk,walking,pressure,Pas barometryczny,10,160.0,170.0,25.0,FFT,24.776078601148086,-0.22392139885191398,0.22392139885191398,True,1,True
session_20260625_variable_sit_walk,walking,pressure,Pas barometryczny,10,165.0,175.0,10.0,Maksima,25.945945945945947,15.945945945945947,15.945945945945947,True,3,True
session_20260625_variable_sit_walk,walking,pressure,Pas barometryczny,10,165.0,175.0,10.0,Minima,24.0,14.0,14.0,True,2,True
session_20260625_variable_sit_walk,walking,pressure,Pas barometryczny,10,165.0,175.0,10.0,Przejścia przez zero,27.428571428571427,17.428571428571427,17.428571428571427,True,3,True
session_20260625_variable_sit_walk,walking,pressure,Pas barometryczny,10,165.0,175.0,10.0,Autokorelacja,6.76056338028169,-3.23943661971831,3.23943661971831,True,1,True
session_20260625_variable_sit_walk,walking,pressure,Pas barometryczny,10,165.0,175.0,10.0,FFT,23.748836211632277,13.748836211632277,13.748836211632277,True,1,True
session_20260625_variable_sit_walk,walking,pressure,Pas barometryczny,10,170.0,180.0,10.0,Maksima,14.545454545454545,4.545454545454545,4.545454545454545,True,2,True
session_20260625_variable_sit_walk,walking,pressure,Pas barometryczny,10,170.0,180.0,10.0,Minima,34.285714285714285,24.285714285714285,24.285714285714285,True,2,True
session_20260625_variable_sit_walk,walking,pressure,Pas barometryczny,10,170.0,180.0,10.0,Przejścia przez zero,7.868852459016393,-2.1311475409836067,2.1311475409836067,True,2,True
session_20260625_variable_sit_walk,walking,pressure,Pas barometryczny,10,170.0,180.0,10.0,Autokorelacja,48.0,38.0,38.0,True,1,True
session_20260625_variable_sit_walk,walking,pressure,Pas barometryczny,10,170.0,180.0,10.0,FFT,4.2449036277974574,-5.7550963722025426,5.7550963722025426,True,1,True
session_20260625_variable_sit_walk,walking,pressure,Pas barometryczny,10,175.0,185.0,15.0,Maksima,20.0,5.0,5.0,True,2,True
session_20260625_variable_sit_walk,walking,pressure,Pas barometryczny,10,175.0,185.0,15.0,Minima,,,,False,1,True
session_20260625_variable_sit_walk,walking,pressure,Pas barometryczny,10,175.0,185.0,15.0,Przejścia przez zero,14.117647058823529,-0.882352941176471,0.882352941176471,True,2,True
session_20260625_variable_sit_walk,walking,pressure,Pas barometryczny,10,175.0,185.0,15.0,Autokorelacja,6.666666666666667,-8.333333333333332,8.333333333333332,True,1,True
session_20260625_variable_sit_walk,walking,pressure,Pas barometryczny,10,175.0,185.0,15.0,FFT,3.1214041479576005,-11.8785958520424,11.8785958520424,True,1,True
session_20260625_variable_sit_walk,walking,pressure,Pas barometryczny,10,180.0,190.0,15.0,Maksima,14.117647058823529,-0.882352941176471,0.882352941176471,True,2,True
session_20260625_variable_sit_walk,walking,pressure,Pas barometryczny,10,180.0,190.0,15.0,Minima,15.0,0.0,0.0,True,3,True
session_20260625_variable_sit_walk,walking,pressure,Pas barometryczny,10,180.0,190.0,15.0,Przejścia przez zero,15.737704918032787,0.7377049180327866,0.7377049180327866,True,3,True
session_20260625_variable_sit_walk,walking,pressure,Pas barometryczny,10,180.0,190.0,15.0,Autokorelacja,15.483870967741936,0.48387096774193594,0.48387096774193594,True,1,True
session_20260625_variable_sit_walk,walking,pressure,Pas barometryczny,10,180.0,190.0,15.0,FFT,14.53677792247698,-0.46322207752301914,0.46322207752301914,True,1,True
session_20260625_variable_sit_walk,walking,pressure,Pas barometryczny,10,185.0,195.0,20.0,Maksima,20.0,0.0,0.0,True,3,True
session_20260625_variable_sit_walk,walking,pressure,Pas barometryczny,10,185.0,195.0,20.0,Minima,20.0,0.0,0.0,True,4,True
session_20260625_variable_sit_walk,walking,pressure,Pas barometryczny,10,185.0,195.0,20.0,Przejścia przez zero,18.11320754716981,-1.8867924528301891,1.8867924528301891,True,3,True
session_20260625_variable_sit_walk,walking,pressure,Pas barometryczny,10,185.0,195.0,20.0,Autokorelacja,17.142857142857142,-2.8571428571428577,2.8571428571428577,True,1,True
session_20260625_variable_sit_walk,walking,pressure,Pas barometryczny,10,185.0,195.0,20.0,FFT,17.135058926713814,-2.864941073286186,2.864941073286186,True,1,True
session_20260625_variable_sit_walk,walking,pressure,Pas barometryczny,10,190.0,200.0,20.0,Maksima,23.414634146341463,3.414634146341463,3.414634146341463,True,3,True
session_20260625_variable_sit_walk,walking,pressure,Pas barometryczny,10,190.0,200.0,20.0,Minima,26.666666666666668,6.666666666666668,6.666666666666668,True,4,True
session_20260625_variable_sit_walk,walking,pressure,Pas barometryczny,10,190.0,200.0,20.0,Przejścia przez zero,26.666666666666668,6.666666666666668,6.666666666666668,True,4,True
session_20260625_variable_sit_walk,walking,pressure,Pas barometryczny,10,190.0,200.0,20.0,Autokorelacja,24.0,4.0,4.0,True,1,True
session_20260625_variable_sit_walk,walking,pressure,Pas barometryczny,10,190.0,200.0,20.0,FFT,24.159194114789997,4.159194114789997,4.159194114789997,True,1,True
session_20260625_variable_sit_walk,walking,pressure,Pas barometryczny,10,195.0,205.0,25.0,Maksima,22.857142857142858,-2.1428571428571423,2.1428571428571423,True,4,True
session_20260625_variable_sit_walk,walking,pressure,Pas barometryczny,10,195.0,205.0,25.0,Minima,19.591836734693878,-5.408163265306122,5.408163265306122,True,3,True
session_20260625_variable_sit_walk,walking,pressure,Pas barometryczny,10,195.0,205.0,25.0,Przejścia przez zero,20.0,-5.0,5.0,True,3,True
session_20260625_variable_sit_walk,walking,pressure,Pas barometryczny,10,195.0,205.0,25.0,Autokorelacja,9.6,-15.4,15.4,True,1,True
session_20260625_variable_sit_walk,walking,pressure,Pas barometryczny,10,195.0,205.0,25.0,FFT,10.199933236737067,-14.800066763262933,14.800066763262933,True,1,True
session_20260625_variable_sit_walk,walking,pressure,Pas barometryczny,10,200.0,210.0,25.0,Maksima,25.263157894736842,0.2631578947368425,0.2631578947368425,True,5,True
session_20260625_variable_sit_walk,walking,pressure,Pas barometryczny,10,200.0,210.0,25.0,Minima,25.263157894736842,0.2631578947368425,0.2631578947368425,True,4,True
session_20260625_variable_sit_walk,walking,pressure,Pas barometryczny,10,200.0,210.0,25.0,Przejścia przez zero,25.945945945945947,0.9459459459459474,0.9459459459459474,True,3,True
session_20260625_variable_sit_walk,walking,pressure,Pas barometryczny,10,200.0,210.0,25.0,Autokorelacja,25.263157894736842,0.2631578947368425,0.2631578947368425,True,1,True
session_20260625_variable_sit_walk,walking,pressure,Pas barometryczny,10,200.0,210.0,25.0,FFT,24.480957111403534,-0.5190428885964664,0.5190428885964664,True,1,True
session_20260625_variable_sit_walk,walking,pressure,Pas barometryczny,10,205.0,215.0,10.0,Maksima,25.263157894736842,15.263157894736842,15.263157894736842,True,4,True
session_20260625_variable_sit_walk,walking,pressure,Pas barometryczny,10,205.0,215.0,10.0,Minima,25.263157894736842,15.263157894736842,15.263157894736842,True,3,True
session_20260625_variable_sit_walk,walking,pressure,Pas barometryczny,10,205.0,215.0,10.0,Przejścia przez zero,22.857142857142858,12.857142857142858,12.857142857142858,True,4,True
session_20260625_variable_sit_walk,walking,pressure,Pas barometryczny,10,205.0,215.0,10.0,Autokorelacja,24.0,14.0,14.0,True,1,True
session_20260625_variable_sit_walk,walking,pressure,Pas barometryczny,10,205.0,215.0,10.0,FFT,24.96095529243778,14.96095529243778,14.96095529243778,True,1,True
session_20260625_variable_sit_walk,walking,pressure,Pas barometryczny,10,210.0,220.0,10.0,Maksima,16.842105263157894,6.842105263157894,6.842105263157894,True,3,True
session_20260625_variable_sit_walk,walking,pressure,Pas barometryczny,10,210.0,220.0,10.0,Minima,16.0,6.0,6.0,True,2,True
session_20260625_variable_sit_walk,walking,pressure,Pas barometryczny,10,210.0,220.0,10.0,Przejścia przez zero,17.77777777777778,7.777777777777779,7.777777777777779,True,3,True
session_20260625_variable_sit_walk,walking,pressure,Pas barometryczny,10,210.0,220.0,10.0,Autokorelacja,16.551724137931036,6.551724137931036,6.551724137931036,True,1,True
session_20260625_variable_sit_walk,walking,pressure,Pas barometryczny,10,210.0,220.0,10.0,FFT,15.678944039070984,5.678944039070984,5.678944039070984,True,1,True
session_20260625_variable_sit_walk,walking,pressure,Pas barometryczny,10,215.0,225.0,15.0,Maksima,13.714285714285714,-1.2857142857142865,1.2857142857142865,True,2,True
session_20260625_variable_sit_walk,walking,pressure,Pas barometryczny,10,215.0,225.0,15.0,Minima,14.76923076923077,-0.23076923076922995,0.23076923076922995,True,3,True
session_20260625_variable_sit_walk,walking,pressure,Pas barometryczny,10,215.0,225.0,15.0,Przejścia przez zero,12.307692307692308,-2.6923076923076916,2.6923076923076916,True,2,True
session_20260625_variable_sit_walk,walking,pressure,Pas barometryczny,10,215.0,225.0,15.0,Autokorelacja,13.714285714285714,-1.2857142857142865,1.2857142857142865,True,1,True
session_20260625_variable_sit_walk,walking,pressure,Pas barometryczny,10,215.0,225.0,15.0,FFT,12.581172987013826,-2.418827012986174,2.418827012986174,True,1,True
session_20260625_variable_sit_walk,walking,pressure,Pas barometryczny,10,220.0,230.0,15.0,Maksima,20.0,5.0,5.0,True,2,True
session_20260625_variable_sit_walk,walking,pressure,Pas barometryczny,10,220.0,230.0,15.0,Minima,16.271186440677965,1.2711864406779654,1.2711864406779654,True,3,True
session_20260625_variable_sit_walk,walking,pressure,Pas barometryczny,10,220.0,230.0,15.0,Przejścia przez zero,16.0,1.0,1.0,True,3,True
session_20260625_variable_sit_walk,walking,pressure,Pas barometryczny,10,220.0,230.0,15.0,Autokorelacja,17.142857142857142,2.1428571428571423,2.1428571428571423,True,1,True
session_20260625_variable_sit_walk,walking,pressure,Pas barometryczny,10,220.0,230.0,15.0,FFT,18.753795377296715,3.753795377296715,3.753795377296715,True,1,True
session_20260625_variable_sit_walk,walking,pressure,Pas barometryczny,10,225.0,235.0,20.0,Maksima,17.142857142857142,-2.8571428571428577,2.8571428571428577,True,3,True
session_20260625_variable_sit_walk,walking,pressure,Pas barometryczny,10,225.0,235.0,20.0,Minima,19.591836734693878,-0.408163265306122,0.408163265306122,True,3,True
session_20260625_variable_sit_walk,walking,pressure,Pas barometryczny,10,225.0,235.0,20.0,Przejścia przez zero,24.0,4.0,4.0,True,3,True
session_20260625_variable_sit_walk,walking,pressure,Pas barometryczny,10,225.0,235.0,20.0,Autokorelacja,14.117647058823529,-5.882352941176471,5.882352941176471,True,1,True
session_20260625_variable_sit_walk,walking,pressure,Pas barometryczny,10,225.0,235.0,20.0,FFT,15.32927081907928,-4.67072918092072,4.67072918092072,True,1,True
session_20260625_variable_sit_walk,walking,pressure,Pas barometryczny,10,230.0,240.0,20.0,Maksima,23.414634146341463,3.414634146341463,3.414634146341463,True,3,True
session_20260625_variable_sit_walk,walking,pressure,Pas barometryczny,10,230.0,240.0,20.0,Minima,22.857142857142858,2.8571428571428577,2.8571428571428577,True,4,True
session_20260625_variable_sit_walk,walking,pressure,Pas barometryczny,10,230.0,240.0,20.0,Przejścia przez zero,27.428571428571427,7.428571428571427,7.428571428571427,True,3,True
session_20260625_variable_sit_walk,walking,pressure,Pas barometryczny,10,230.0,240.0,20.0,Autokorelacja,7.741935483870968,-12.258064516129032,12.258064516129032,True,1,True
session_20260625_variable_sit_walk,walking,pressure,Pas barometryczny,10,230.0,240.0,20.0,FFT,23.43392938739274,3.433929387392741,3.433929387392741,True,1,True
session_20260625_variable_sit_walk,walking,pressure,Pas barometryczny,10,235.0,245.0,25.0,Maksima,17.77777777777778,-7.222222222222221,7.222222222222221,True,2,True
session_20260625_variable_sit_walk,walking,pressure,Pas barometryczny,10,235.0,245.0,25.0,Minima,18.823529411764707,-6.1764705882352935,6.1764705882352935,True,3,True
session_20260625_variable_sit_walk,walking,pressure,Pas barometryczny,10,235.0,245.0,25.0,Przejścia przez zero,19.2,-5.800000000000001,5.800000000000001,True,3,True
session_20260625_variable_sit_walk,walking,pressure,Pas barometryczny,10,235.0,245.0,25.0,Autokorelacja,20.0,-5.0,5.0,True,1,True
session_20260625_variable_sit_walk,walking,pressure,Pas barometryczny,10,235.0,245.0,25.0,FFT,17.774543348123533,-7.225456651876467,7.225456651876467,True,1,True
session_20260625_variable_sit_walk,walking,pressure,Pas barometryczny,10,240.0,250.0,25.0,Maksima,24.0,-1.0,1.0,True,4,True
session_20260625_variable_sit_walk,walking,pressure,Pas barometryczny,10,240.0,250.0,25.0,Minima,24.615384615384617,-0.38461538461538325,0.38461538461538325,True,3,True
session_20260625_variable_sit_walk,walking,pressure,Pas barometryczny,10,240.0,250.0,25.0,Przejścia przez zero,26.666666666666668,1.6666666666666679,1.6666666666666679,True,3,True
session_20260625_variable_sit_walk,walking,pressure,Pas barometryczny,10,240.0,250.0,25.0,Autokorelacja,7.164179104477612,-17.83582089552239,17.83582089552239,True,1,True
session_20260625_variable_sit_walk,walking,pressure,Pas barometryczny,10,240.0,250.0,25.0,FFT,24.41984911269728,-0.5801508873027217,0.5801508873027217,True,1,True
session_20260625_variable_sit_walk,sitting,pressure,Pas barometryczny,20,5.0,25.0,20.0,Maksima,16.0,-4.0,4.0,True,4,True
session_20260625_variable_sit_walk,sitting,pressure,Pas barometryczny,20,5.0,25.0,20.0,Minima,15.0,-5.0,5.0,True,4,True
session_20260625_variable_sit_walk,sitting,pressure,Pas barometryczny,20,5.0,25.0,20.0,Przejścia przez zero,13.333333333333334,-6.666666666666666,6.666666666666666,True,5,True
session_20260625_variable_sit_walk,sitting,pressure,Pas barometryczny,20,5.0,25.0,20.0,Autokorelacja,48.0,28.0,28.0,True,1,True
session_20260625_variable_sit_walk,sitting,pressure,Pas barometryczny,20,5.0,25.0,20.0,FFT,16.007132375304213,-3.992867624695787,3.992867624695787,True,1,True
session_20260625_variable_sit_walk,sitting,pressure,Pas barometryczny,20,10.0,30.0,20.0,Maksima,16.271186440677965,-3.7288135593220346,3.7288135593220346,True,5,True
session_20260625_variable_sit_walk,sitting,pressure,Pas barometryczny,20,10.0,30.0,20.0,Minima,20.0,0.0,0.0,True,6,True
session_20260625_variable_sit_walk,sitting,pressure,Pas barometryczny,20,10.0,30.0,20.0,Przejścia przez zero,20.0,0.0,0.0,True,6,True
session_20260625_variable_sit_walk,sitting,pressure,Pas barometryczny,20,10.0,30.0,20.0,Autokorelacja,6.857142857142857,-13.142857142857142,13.142857142857142,True,1,True
session_20260625_variable_sit_walk,sitting,pressure,Pas barometryczny,20,10.0,30.0,20.0,FFT,13.687944464366216,-6.3120555356337835,6.3120555356337835,True,1,True
session_20260625_variable_sit_walk,sitting,pressure,Pas barometryczny,20,15.0,35.0,25.0,Maksima,17.77777777777778,-7.222222222222221,7.222222222222221,True,6,True
session_20260625_variable_sit_walk,sitting,pressure,Pas barometryczny,20,15.0,35.0,25.0,Minima,18.46153846153846,-6.53846153846154,6.53846153846154,True,5,True
session_20260625_variable_sit_walk,sitting,pressure,Pas barometryczny,20,15.0,35.0,25.0,Przejścia przez zero,18.46153846153846,-6.53846153846154,6.53846153846154,True,5,True
session_20260625_variable_sit_walk,sitting,pressure,Pas barometryczny,20,15.0,35.0,25.0,Autokorelacja,16.0,-9.0,9.0,True,1,True
session_20260625_variable_sit_walk,sitting,pressure,Pas barometryczny,20,15.0,35.0,25.0,FFT,11.69186550907542,-13.30813449092458,13.30813449092458,True,1,True
session_20260625_variable_sit_walk,sitting,pressure,Pas barometryczny,20,20.0,40.0,25.0,Maksima,21.818181818181817,-3.1818181818181834,3.1818181818181834,True,6,True
session_20260625_variable_sit_walk,sitting,pressure,Pas barometryczny,20,20.0,40.0,25.0,Minima,21.818181818181817,-3.1818181818181834,3.1818181818181834,True,6,True
session_20260625_variable_sit_walk,sitting,pressure,Pas barometryczny,20,20.0,40.0,25.0,Przejścia przez zero,22.857142857142858,-2.1428571428571423,2.1428571428571423,True,6,True
session_20260625_variable_sit_walk,sitting,pressure,Pas barometryczny,20,20.0,40.0,25.0,Autokorelacja,5.714285714285714,-19.285714285714285,19.285714285714285,True,1,True
session_20260625_variable_sit_walk,sitting,pressure,Pas barometryczny,20,20.0,40.0,25.0,FFT,19.349781982161296,-5.650218017838704,5.650218017838704,True,1,True
session_20260625_variable_sit_walk,sitting,pressure,Pas barometryczny,20,25.0,45.0,10.0,Maksima,20.0,10.0,10.0,True,6,True
session_20260625_variable_sit_walk,sitting,pressure,Pas barometryczny,20,25.0,45.0,10.0,Minima,21.818181818181817,11.818181818181817,11.818181818181817,True,6,True
session_20260625_variable_sit_walk,sitting,pressure,Pas barometryczny,20,25.0,45.0,10.0,Przejścia przez zero,25.263157894736842,15.263157894736842,15.263157894736842,True,6,True
session_20260625_variable_sit_walk,sitting,pressure,Pas barometryczny,20,25.0,45.0,10.0,Autokorelacja,21.818181818181817,11.818181818181817,11.818181818181817,True,1,True
session_20260625_variable_sit_walk,sitting,pressure,Pas barometryczny,20,25.0,45.0,10.0,FFT,15.528190486557596,5.528190486557596,5.528190486557596,True,1,True
session_20260625_variable_sit_walk,sitting,pressure,Pas barometryczny,20,30.0,50.0,10.0,Maksima,17.142857142857142,7.142857142857142,7.142857142857142,True,6,True
session_20260625_variable_sit_walk,sitting,pressure,Pas barometryczny,20,30.0,50.0,10.0,Minima,23.414634146341463,13.414634146341463,13.414634146341463,True,5,True
session_20260625_variable_sit_walk,sitting,pressure,Pas barometryczny,20,30.0,50.0,10.0,Przejścia przez zero,25.945945945945947,15.945945945945947,15.945945945945947,True,5,True
session_20260625_variable_sit_walk,sitting,pressure,Pas barometryczny,20,30.0,50.0,10.0,Autokorelacja,48.0,38.0,38.0,True,1,True
session_20260625_variable_sit_walk,sitting,pressure,Pas barometryczny,20,30.0,50.0,10.0,FFT,8.177284175649572,-1.8227158243504284,1.8227158243504284,True,1,True
session_20260625_variable_sit_walk,sitting,pressure,Pas barometryczny,20,35.0,55.0,15.0,Maksima,16.0,1.0,1.0,True,5,True
session_20260625_variable_sit_walk,sitting,pressure,Pas barometryczny,20,35.0,55.0,15.0,Minima,12.0,-3.0,3.0,True,4,True
session_20260625_variable_sit_walk,sitting,pressure,Pas barometryczny,20,35.0,55.0,15.0,Przejścia przez zero,19.591836734693878,4.591836734693878,4.591836734693878,True,5,True
session_20260625_variable_sit_walk,sitting,pressure,Pas barometryczny,20,35.0,55.0,15.0,Autokorelacja,48.0,33.0,33.0,True,1,True
session_20260625_variable_sit_walk,sitting,pressure,Pas barometryczny,20,35.0,55.0,15.0,FFT,8.736874417333304,-6.263125582666696,6.263125582666696,True,1,True
session_20260625_variable_sit_walk,sitting,pressure,Pas barometryczny,20,40.0,60.0,15.0,Maksima,15.0,0.0,0.0,True,4,True
session_20260625_variable_sit_walk,sitting,pressure,Pas barometryczny,20,40.0,60.0,15.0,Minima,16.0,1.0,1.0,True,4,True
session_20260625_variable_sit_walk,sitting,pressure,Pas barometryczny,20,40.0,60.0,15.0,Przejścia przez zero,15.238095238095237,0.23809523809523725,0.23809523809523725,True,5,True
session_20260625_variable_sit_walk,sitting,pressure,Pas barometryczny,20,40.0,60.0,15.0,Autokorelacja,8.275862068965518,-6.724137931034482,6.724137931034482,True,1,True
session_20260625_variable_sit_walk,sitting,pressure,Pas barometryczny,20,40.0,60.0,15.0,FFT,7.4374242898080345,-7.5625757101919655,7.5625757101919655,True,1,True
session_20260625_variable_sit_walk,sitting,pressure,Pas barometryczny,20,45.0,65.0,20.0,Maksima,16.842105263157894,-3.157894736842106,3.157894736842106,True,5,True
session_20260625_variable_sit_walk,sitting,pressure,Pas barometryczny,20,45.0,65.0,20.0,Minima,17.77777777777778,-2.2222222222222214,2.2222222222222214,True,6,True
session_20260625_variable_sit_walk,sitting,pressure,Pas barometryczny,20,45.0,65.0,20.0,Przejścia przez zero,16.842105263157894,-3.157894736842106,3.157894736842106,True,5,True
session_20260625_variable_sit_walk,sitting,pressure,Pas barometryczny,20,45.0,65.0,20.0,Autokorelacja,48.0,28.0,28.0,True,1,True
session_20260625_variable_sit_walk,sitting,pressure,Pas barometryczny,20,45.0,65.0,20.0,FFT,16.075741306328172,-3.9242586936718276,3.9242586936718276,True,1,True
session_20260625_variable_sit_walk,sitting,pressure,Pas barometryczny,20,50.0,70.0,20.0,Maksima,19.2,-0.8000000000000007,0.8000000000000007,True,6,True
session_20260625_variable_sit_walk,sitting,pressure,Pas barometryczny,20,50.0,70.0,20.0,Minima,20.869565217391305,0.8695652173913047,0.8695652173913047,True,7,True
session_20260625_variable_sit_walk,sitting,pressure,Pas barometryczny,20,50.0,70.0,20.0,Przejścia przez zero,15.737704918032787,-4.262295081967213,4.262295081967213,True,5,True
session_20260625_variable_sit_walk,sitting,pressure,Pas barometryczny,20,50.0,70.0,20.0,Autokorelacja,18.46153846153846,-1.53846153846154,1.53846153846154,True,1,True
session_20260625_variable_sit_walk,sitting,pressure,Pas barometryczny,20,50.0,70.0,20.0,FFT,14.202938162997558,-5.797061837002442,5.797061837002442,True,1,True
session_20260625_variable_sit_walk,sitting,pressure,Pas barometryczny,20,55.0,75.0,25.0,Maksima,21.333333333333332,-3.666666666666668,3.666666666666668,True,7,True
session_20260625_variable_sit_walk,sitting,pressure,Pas barometryczny,20,55.0,75.0,25.0,Minima,21.818181818181817,-3.1818181818181834,3.1818181818181834,True,6,True
session_20260625_variable_sit_walk,sitting,pressure,Pas barometryczny,20,55.0,75.0,25.0,Przejścia przez zero,18.46153846153846,-6.53846153846154,6.53846153846154,True,6,True
session_20260625_variable_sit_walk,sitting,pressure,Pas barometryczny,20,55.0,75.0,25.0,Autokorelacja,5.274725274725275,-19.725274725274726,19.725274725274726,True,1,True
session_20260625_variable_sit_walk,sitting,pressure,Pas barometryczny,20,55.0,75.0,25.0,FFT,20.845456653451645,-4.154543346548355,4.154543346548355,True,1,True
session_20260625_variable_sit_walk,sitting,pressure,Pas barometryczny,20,60.0,80.0,25.0,Maksima,24.0,-1.0,1.0,True,7,True
session_20260625_variable_sit_walk,sitting,pressure,Pas barometryczny,20,60.0,80.0,25.0,Minima,22.857142857142858,-2.1428571428571423,2.1428571428571423,True,7,True
session_20260625_variable_sit_walk,sitting,pressure,Pas barometryczny,20,60.0,80.0,25.0,Przejścia przez zero,20.869565217391305,-4.130434782608695,4.130434782608695,True,7,True
session_20260625_variable_sit_walk,sitting,pressure,Pas barometryczny,20,60.0,80.0,25.0,Autokorelacja,5.217391304347826,-19.782608695652172,19.782608695652172,True,1,True
session_20260625_variable_sit_walk,sitting,pressure,Pas barometryczny,20,60.0,80.0,25.0,FFT,17.934322957630105,-7.065677042369895,7.065677042369895,True,1,True
session_20260625_variable_sit_walk,sitting,pressure,Pas barometryczny,20,65.0,85.0,10.0,Maksima,25.263157894736842,15.263157894736842,15.263157894736842,True,6,True
session_20260625_variable_sit_walk,sitting,pressure,Pas barometryczny,20,65.0,85.0,10.0,Minima,25.263157894736842,15.263157894736842,15.263157894736842,True,6,True
session_20260625_variable_sit_walk,sitting,pressure,Pas barometryczny,20,65.0,85.0,10.0,Przejścia przez zero,22.857142857142858,12.857142857142858,12.857142857142858,True,6,True
session_20260625_variable_sit_walk,sitting,pressure,Pas barometryczny,20,65.0,85.0,10.0,Autokorelacja,5.454545454545454,-4.545454545454546,4.545454545454546,True,1,True
session_20260625_variable_sit_walk,sitting,pressure,Pas barometryczny,20,65.0,85.0,10.0,FFT,24.1083272570321,14.108327257032101,14.108327257032101,True,1,True
session_20260625_variable_sit_walk,sitting,pressure,Pas barometryczny,20,70.0,90.0,10.0,Maksima,25.263157894736842,15.263157894736842,15.263157894736842,True,6,True
session_20260625_variable_sit_walk,sitting,pressure,Pas barometryczny,20,70.0,90.0,10.0,Minima,24.615384615384617,14.615384615384617,14.615384615384617,True,5,True
session_20260625_variable_sit_walk,sitting,pressure,Pas barometryczny,20,70.0,90.0,10.0,Przejścia przez zero,25.263157894736842,15.263157894736842,15.263157894736842,True,6,True
session_20260625_variable_sit_walk,sitting,pressure,Pas barometryczny,20,70.0,90.0,10.0,Autokorelacja,48.0,38.0,38.0,True,1,True
session_20260625_variable_sit_walk,sitting,pressure,Pas barometryczny,20,70.0,90.0,10.0,FFT,7.521888214846641,-2.4781117851533594,2.4781117851533594,True,1,True
session_20260625_variable_sit_walk,sitting,pressure,Pas barometryczny,20,75.0,95.0,15.0,Maksima,16.551724137931036,1.5517241379310356,1.5517241379310356,True,5,True
session_20260625_variable_sit_walk,sitting,pressure,Pas barometryczny,20,75.0,95.0,15.0,Minima,14.328358208955224,-0.6716417910447756,0.6716417910447756,True,5,True
session_20260625_variable_sit_walk,sitting,pressure,Pas barometryczny,20,75.0,95.0,15.0,Przejścia przez zero,16.842105263157894,1.8421052631578938,1.8421052631578938,True,5,True
session_20260625_variable_sit_walk,sitting,pressure,Pas barometryczny,20,75.0,95.0,15.0,Autokorelacja,48.0,33.0,33.0,True,1,True
session_20260625_variable_sit_walk,sitting,pressure,Pas barometryczny,20,75.0,95.0,15.0,FFT,8.05352357887571,-6.94647642112429,6.94647642112429,True,1,True
session_20260625_variable_sit_walk,sitting,pressure,Pas barometryczny,20,80.0,100.0,15.0,Maksima,16.0,1.0,1.0,True,4,True
session_20260625_variable_sit_walk,sitting,pressure,Pas barometryczny,20,80.0,100.0,15.0,Minima,15.483870967741936,0.48387096774193594,0.48387096774193594,True,4,True
session_20260625_variable_sit_walk,sitting,pressure,Pas barometryczny,20,80.0,100.0,15.0,Przejścia przez zero,14.117647058823529,-0.882352941176471,0.882352941176471,True,5,True
session_20260625_variable_sit_walk,sitting,pressure,Pas barometryczny,20,80.0,100.0,15.0,Autokorelacja,8.421052631578947,-6.578947368421053,6.578947368421053,True,1,True
session_20260625_variable_sit_walk,sitting,pressure,Pas barometryczny,20,80.0,100.0,15.0,FFT,7.663358719607211,-7.336641280392789,7.336641280392789,True,1,True
session_20260625_variable_sit_walk,sitting,pressure,Pas barometryczny,20,85.0,105.0,20.0,Maksima,16.0,-4.0,4.0,True,4,True
session_20260625_variable_sit_walk,sitting,pressure,Pas barometryczny,20,85.0,105.0,20.0,Minima,15.483870967741936,-4.516129032258064,4.516129032258064,True,4,True
session_20260625_variable_sit_walk,sitting,pressure,Pas barometryczny,20,85.0,105.0,20.0,Przejścia przez zero,17.142857142857142,-2.8571428571428577,2.8571428571428577,True,4,True
session_20260625_variable_sit_walk,sitting,pressure,Pas barometryczny,20,85.0,105.0,20.0,Autokorelacja,48.0,28.0,28.0,True,1,True
session_20260625_variable_sit_walk,sitting,pressure,Pas barometryczny,20,85.0,105.0,20.0,FFT,16.161759270203152,-3.8382407297968477,3.8382407297968477,True,1,True
session_20260625_variable_sit_walk,sitting,pressure,Pas barometryczny,20,90.0,110.0,20.0,Maksima,16.271186440677965,-3.7288135593220346,3.7288135593220346,True,5,True
session_20260625_variable_sit_walk,sitting,pressure,Pas barometryczny,20,90.0,110.0,20.0,Minima,20.0,0.0,0.0,True,6,True
session_20260625_variable_sit_walk,sitting,pressure,Pas barometryczny,20,90.0,110.0,20.0,Przejścia przez zero,20.0,0.0,0.0,True,6,True
session_20260625_variable_sit_walk,sitting,pressure,Pas barometryczny,20,90.0,110.0,20.0,Autokorelacja,5.1063829787234045,-14.893617021276595,14.893617021276595,True,1,True
session_20260625_variable_sit_walk,sitting,pressure,Pas barometryczny,20,90.0,110.0,20.0,FFT,5.819352041890181,-14.18064795810982,14.18064795810982,True,1,True
session_20260625_variable_sit_walk,sitting,pressure,Pas barometryczny,20,95.0,115.0,25.0,Maksima,16.0,-9.0,9.0,True,6,True
session_20260625_variable_sit_walk,sitting,pressure,Pas barometryczny,20,95.0,115.0,25.0,Minima,17.142857142857142,-7.857142857142858,7.857142857142858,True,5,True
session_20260625_variable_sit_walk,sitting,pressure,Pas barometryczny,20,95.0,115.0,25.0,Przejścia przez zero,10.666666666666666,-14.333333333333334,14.333333333333334,True,3,True
session_20260625_variable_sit_walk,sitting,pressure,Pas barometryczny,20,95.0,115.0,25.0,Autokorelacja,48.0,23.0,23.0,True,1,True
session_20260625_variable_sit_walk,sitting,pressure,Pas barometryczny,20,95.0,115.0,25.0,FFT,11.485982782411345,-13.514017217588655,13.514017217588655,True,1,True
session_20260625_variable_sit_walk,sitting,pressure,Pas barometryczny,20,100.0,120.0,25.0,Maksima,22.857142857142858,-2.1428571428571423,2.1428571428571423,True,6,True
session_20260625_variable_sit_walk,sitting,pressure,Pas barometryczny,20,100.0,120.0,25.0,Minima,21.818181818181817,-3.1818181818181834,3.1818181818181834,True,6,True
session_20260625_variable_sit_walk,sitting,pressure,Pas barometryczny,20,100.0,120.0,25.0,Przejścia przez zero,22.857142857142858,-2.1428571428571423,2.1428571428571423,True,6,True
session_20260625_variable_sit_walk,sitting,pressure,Pas barometryczny,20,100.0,120.0,25.0,Autokorelacja,5.333333333333333,-19.666666666666668,19.666666666666668,True,1,True
session_20260625_variable_sit_walk,sitting,pressure,Pas barometryczny,20,100.0,120.0,25.0,FFT,19.03486328562532,-5.96513671437468,5.96513671437468,True,1,True
session_20260625_variable_sit_walk,walking,pressure,Pas barometryczny,20,115.0,135.0,10.0,Maksima,17.142857142857142,7.142857142857142,7.142857142857142,True,6,True
session_20260625_variable_sit_walk,walking,pressure,Pas barometryczny,20,115.0,135.0,10.0,Minima,18.823529411764707,8.823529411764707,8.823529411764707,True,5,True
session_20260625_variable_sit_walk,walking,pressure,Pas barometryczny,20,115.0,135.0,10.0,Przejścia przez zero,17.77777777777778,7.777777777777779,7.777777777777779,True,5,True
session_20260625_variable_sit_walk,walking,pressure,Pas barometryczny,20,115.0,135.0,10.0,Autokorelacja,48.0,38.0,38.0,True,1,True
session_20260625_variable_sit_walk,walking,pressure,Pas barometryczny,20,115.0,135.0,10.0,FFT,2.404864506400985,-7.595135493599015,7.595135493599015,True,1,True
session_20260625_variable_sit_walk,walking,pressure,Pas barometryczny,20,120.0,140.0,10.0,Maksima,16.551724137931036,6.551724137931036,6.551724137931036,True,4,True
session_20260625_variable_sit_walk,walking,pressure,Pas barometryczny,20,120.0,140.0,10.0,Minima,16.0,6.0,6.0,True,4,True
session_20260625_variable_sit_walk,walking,pressure,Pas barometryczny,20,120.0,140.0,10.0,Przejścia przez zero,9.23076923076923,-0.76923076923077,0.76923076923077,True,4,True
session_20260625_variable_sit_walk,walking,pressure,Pas barometryczny,20,120.0,140.0,10.0,Autokorelacja,48.0,38.0,38.0,True,1,True
session_20260625_variable_sit_walk,walking,pressure,Pas barometryczny,20,120.0,140.0,10.0,FFT,6.30906852215115,-3.6909314778488502,3.6909314778488502,True,1,True
session_20260625_variable_sit_walk,walking,pressure,Pas barometryczny,20,125.0,145.0,15.0,Maksima,14.545454545454545,-0.45454545454545503,0.45454545454545503,True,4,True
session_20260625_variable_sit_walk,walking,pressure,Pas barometryczny,20,125.0,145.0,15.0,Minima,11.428571428571429,-3.571428571428571,3.571428571428571,True,4,True
session_20260625_variable_sit_walk,walking,pressure,Pas barometryczny,20,125.0,145.0,15.0,Przejścia przez zero,10.105263157894736,-4.894736842105264,4.894736842105264,True,3,True
session_20260625_variable_sit_walk,walking,pressure,Pas barometryczny,20,125.0,145.0,15.0,Autokorelacja,8.727272727272727,-6.272727272727273,6.272727272727273,True,1,True
session_20260625_variable_sit_walk,walking,pressure,Pas barometryczny,20,125.0,145.0,15.0,FFT,8.981507169345374,-6.018492830654626,6.018492830654626,True,1,True
session_20260625_variable_sit_walk,walking,pressure,Pas barometryczny,20,130.0,150.0,15.0,Maksima,15.0,0.0,0.0,True,4,True
session_20260625_variable_sit_walk,walking,pressure,Pas barometryczny,20,130.0,150.0,15.0,Minima,16.0,1.0,1.0,True,4,True
session_20260625_variable_sit_walk,walking,pressure,Pas barometryczny,20,130.0,150.0,15.0,Przejścia przez zero,13.52112676056338,-1.47887323943662,1.47887323943662,True,5,True
session_20260625_variable_sit_walk,walking,pressure,Pas barometryczny,20,130.0,150.0,15.0,Autokorelacja,9.23076923076923,-5.76923076923077,5.76923076923077,True,1,True
session_20260625_variable_sit_walk,walking,pressure,Pas barometryczny,20,130.0,150.0,15.0,FFT,9.632644191733075,-5.367355808266925,5.367355808266925,True,1,True
session_20260625_variable_sit_walk,walking,pressure,Pas barometryczny,20,135.0,155.0,20.0,Maksima,17.454545454545453,-2.5454545454545467,2.5454545454545467,True,5,True
session_20260625_variable_sit_walk,walking,pressure,Pas barometryczny,20,135.0,155.0,20.0,Minima,16.0,-4.0,4.0,True,6,True
session_20260625_variable_sit_walk,walking,pressure,Pas barometryczny,20,135.0,155.0,20.0,Przejścia przez zero,15.483870967741936,-4.516129032258064,4.516129032258064,True,4,True
session_20260625_variable_sit_walk,walking,pressure,Pas barometryczny,20,135.0,155.0,20.0,Autokorelacja,5.161290322580645,-14.838709677419356,14.838709677419356,True,1,True
session_20260625_variable_sit_walk,walking,pressure,Pas barometryczny,20,135.0,155.0,20.0,FFT,17.12244105806724,-2.8775589419327616,2.8775589419327616,True,1,True
session_20260625_variable_sit_walk,walking,pressure,Pas barometryczny,20,140.0,160.0,20.0,Maksima,20.869565217391305,0.8695652173913047,0.8695652173913047,True,6,True
session_20260625_variable_sit_walk,walking,pressure,Pas barometryczny,20,140.0,160.0,20.0,Minima,21.818181818181817,1.8181818181818166,1.8181818181818166,True,6,True
session_20260625_variable_sit_walk,walking,pressure,Pas barometryczny,20,140.0,160.0,20.0,Przejścia przez zero,16.551724137931036,-3.4482758620689644,3.4482758620689644,True,4,True
session_20260625_variable_sit_walk,walking,pressure,Pas barometryczny,20,140.0,160.0,20.0,Autokorelacja,5.333333333333333,-14.666666666666668,14.666666666666668,True,1,True
session_20260625_variable_sit_walk,walking,pressure,Pas barometryczny,20,140.0,160.0,20.0,FFT,12.866177814835119,-7.133822185164881,7.133822185164881,True,1,True
session_20260625_variable_sit_walk,walking,pressure,Pas barometryczny,20,145.0,165.0,25.0,Maksima,21.333333333333332,-3.666666666666668,3.666666666666668,True,7,True
session_20260625_variable_sit_walk,walking,pressure,Pas barometryczny,20,145.0,165.0,25.0,Minima,21.818181818181817,-3.1818181818181834,3.1818181818181834,True,6,True
session_20260625_variable_sit_walk,walking,pressure,Pas barometryczny,20,145.0,165.0,25.0,Przejścia przez zero,16.271186440677965,-8.728813559322035,8.728813559322035,True,5,True
session_20260625_variable_sit_walk,walking,pressure,Pas barometryczny,20,145.0,165.0,25.0,Autokorelacja,5.393258426966292,-19.60674157303371,19.60674157303371,True,1,True
session_20260625_variable_sit_walk,walking,pressure,Pas barometryczny,20,145.0,165.0,25.0,FFT,4.533479416792187,-20.466520583207814,20.466520583207814,True,1,True
session_20260625_variable_sit_walk,walking,pressure,Pas barometryczny,20,150.0,170.0,25.0,Maksima,24.0,-1.0,1.0,True,8,True
session_20260625_variable_sit_walk,walking,pressure,Pas barometryczny,20,150.0,170.0,25.0,Minima,24.0,-1.0,1.0,True,7,True
session_20260625_variable_sit_walk,walking,pressure,Pas barometryczny,20,150.0,170.0,25.0,Przejścia przez zero,21.333333333333332,-3.666666666666668,3.666666666666668,True,5,True
session_20260625_variable_sit_walk,walking,pressure,Pas barometryczny,20,150.0,170.0,25.0,Autokorelacja,5.393258426966292,-19.60674157303371,19.60674157303371,True,1,True
session_20260625_variable_sit_walk,walking,pressure,Pas barometryczny,20,150.0,170.0,25.0,FFT,18.459296399876102,-6.540703600123898,6.540703600123898,True,1,True
session_20260625_variable_sit_walk,walking,pressure,Pas barometryczny,20,155.0,175.0,10.0,Maksima,24.0,14.0,14.0,True,6,True
session_20260625_variable_sit_walk,walking,pressure,Pas barometryczny,20,155.0,175.0,10.0,Minima,25.263157894736842,15.263157894736842,15.263157894736842,True,6,True
session_20260625_variable_sit_walk,walking,pressure,Pas barometryczny,20,155.0,175.0,10.0,Przejścia przez zero,24.0,14.0,14.0,True,6,True
session_20260625_variable_sit_walk,walking,pressure,Pas barometryczny,20,155.0,175.0,10.0,Autokorelacja,21.818181818181817,11.818181818181817,11.818181818181817,True,1,True
session_20260625_variable_sit_walk,walking,pressure,Pas barometryczny,20,155.0,175.0,10.0,FFT,23.82919123570878,13.82919123570878,13.82919123570878,True,1,True
session_20260625_variable_sit_walk,walking,pressure,Pas barometryczny,20,160.0,180.0,10.0,Maksima,24.0,14.0,14.0,True,5,True
session_20260625_variable_sit_walk,walking,pressure,Pas barometryczny,20,160.0,180.0,10.0,Minima,25.263157894736842,15.263157894736842,15.263157894736842,True,5,True
session_20260625_variable_sit_walk,walking,pressure,Pas barometryczny,20,160.0,180.0,10.0,Przejścia przez zero,24.0,14.0,14.0,True,6,True
session_20260625_variable_sit_walk,walking,pressure,Pas barometryczny,20,160.0,180.0,10.0,Autokorelacja,48.0,38.0,38.0,True,1,True
session_20260625_variable_sit_walk,walking,pressure,Pas barometryczny,20,160.0,180.0,10.0,FFT,4.298540451559198,-5.701459548440802,5.701459548440802,True,1,True
session_20260625_variable_sit_walk,walking,pressure,Pas barometryczny,20,165.0,185.0,15.0,Maksima,21.818181818181817,6.818181818181817,6.818181818181817,True,5,True
session_20260625_variable_sit_walk,walking,pressure,Pas barometryczny,20,165.0,185.0,15.0,Minima,12.631578947368421,-2.3684210526315788,2.3684210526315788,True,4,True
session_20260625_variable_sit_walk,walking,pressure,Pas barometryczny,20,165.0,185.0,15.0,Przejścia przez zero,12.0,-3.0,3.0,True,4,True
session_20260625_variable_sit_walk,walking,pressure,Pas barometryczny,20,165.0,185.0,15.0,Autokorelacja,48.0,33.0,33.0,True,1,True
session_20260625_variable_sit_walk,walking,pressure,Pas barometryczny,20,165.0,185.0,15.0,FFT,5.094338389752171,-9.90566161024783,9.90566161024783,True,1,True
session_20260625_variable_sit_walk,walking,pressure,Pas barometryczny,20,170.0,190.0,15.0,Maksima,15.0,0.0,0.0,True,4,True
session_20260625_variable_sit_walk,walking,pressure,Pas barometryczny,20,170.0,190.0,15.0,Minima,15.0,0.0,0.0,True,4,True
session_20260625_variable_sit_walk,walking,pressure,Pas barometryczny,20,170.0,190.0,15.0,Przejścia przez zero,7.868852459016393,-7.131147540983607,7.131147540983607,True,3,True
session_20260625_variable_sit_walk,walking,pressure,Pas barometryczny,20,170.0,190.0,15.0,Autokorelacja,48.0,33.0,33.0,True,1,True
session_20260625_variable_sit_walk,walking,pressure,Pas barometryczny,20,170.0,190.0,15.0,FFT,4.7422298430963,-10.2577701569037,10.2577701569037,True,1,True
session_20260625_variable_sit_walk,walking,pressure,Pas barometryczny,20,175.0,195.0,20.0,Maksima,18.46153846153846,-1.53846153846154,1.53846153846154,True,5,True
session_20260625_variable_sit_walk,walking,pressure,Pas barometryczny,20,175.0,195.0,20.0,Minima,17.77777777777778,-2.2222222222222214,2.2222222222222214,True,5,True
session_20260625_variable_sit_walk,walking,pressure,Pas barometryczny,20,175.0,195.0,20.0,Przejścia przez zero,15.483870967741936,-4.516129032258064,4.516129032258064,True,4,True
session_20260625_variable_sit_walk,walking,pressure,Pas barometryczny,20,175.0,195.0,20.0,Autokorelacja,48.0,28.0,28.0,True,1,True
session_20260625_variable_sit_walk,walking,pressure,Pas barometryczny,20,175.0,195.0,20.0,FFT,15.631923104380025,-4.368076895619975,4.368076895619975,True,1,True
session_20260625_variable_sit_walk,walking,pressure,Pas barometryczny,20,180.0,200.0,20.0,Maksima,22.857142857142858,2.8571428571428577,2.8571428571428577,True,6,True
session_20260625_variable_sit_walk,walking,pressure,Pas barometryczny,20,180.0,200.0,20.0,Minima,20.869565217391305,0.8695652173913047,0.8695652173913047,True,7,True
session_20260625_variable_sit_walk,walking,pressure,Pas barometryczny,20,180.0,200.0,20.0,Przejścia przez zero,21.818181818181817,1.8181818181818166,1.8181818181818166,True,6,True
session_20260625_variable_sit_walk,walking,pressure,Pas barometryczny,20,180.0,200.0,20.0,Autokorelacja,15.483870967741936,-4.516129032258064,4.516129032258064,True,1,True
session_20260625_variable_sit_walk,walking,pressure,Pas barometryczny,20,180.0,200.0,20.0,FFT,15.481381560194027,-4.518618439805973,4.518618439805973,True,1,True
session_20260625_variable_sit_walk,walking,pressure,Pas barometryczny,20,185.0,205.0,25.0,Maksima,22.857142857142858,-2.1428571428571423,2.1428571428571423,True,7,True
session_20260625_variable_sit_walk,walking,pressure,Pas barometryczny,20,185.0,205.0,25.0,Minima,20.869565217391305,-4.130434782608695,4.130434782608695,True,7,True
session_20260625_variable_sit_walk,walking,pressure,Pas barometryczny,20,185.0,205.0,25.0,Przejścia przez zero,21.818181818181817,-3.1818181818181834,3.1818181818181834,True,7,True
session_20260625_variable_sit_walk,walking,pressure,Pas barometryczny,20,185.0,205.0,25.0,Autokorelacja,6.857142857142857,-18.142857142857142,18.142857142857142,True,1,True
session_20260625_variable_sit_walk,walking,pressure,Pas barometryczny,20,185.0,205.0,25.0,FFT,23.496699711588516,-1.5033002884114843,1.5033002884114843,True,1,True
session_20260625_variable_sit_walk,walking,pressure,Pas barometryczny,20,190.0,210.0,25.0,Maksima,24.0,-1.0,1.0,True,7,True
session_20260625_variable_sit_walk,walking,pressure,Pas barometryczny,20,190.0,210.0,25.0,Minima,24.615384615384617,-0.38461538461538325,0.38461538461538325,True,7,True
session_20260625_variable_sit_walk,walking,pressure,Pas barometryczny,20,190.0,210.0,25.0,Przejścia przez zero,24.0,-1.0,1.0,True,7,True
session_20260625_variable_sit_walk,walking,pressure,Pas barometryczny,20,190.0,210.0,25.0,Autokorelacja,5.393258426966292,-19.60674157303371,19.60674157303371,True,1,True
session_20260625_variable_sit_walk,walking,pressure,Pas barometryczny,20,190.0,210.0,25.0,FFT,5.7592284755800005,-19.240771524419998,19.240771524419998,True,1,True
session_20260625_variable_sit_walk,walking,pressure,Pas barometryczny,20,195.0,215.0,10.0,Maksima,24.0,14.0,14.0,True,8,True
session_20260625_variable_sit_walk,walking,pressure,Pas barometryczny,20,195.0,215.0,10.0,Minima,25.263157894736842,15.263157894736842,15.263157894736842,True,7,True
session_20260625_variable_sit_walk,walking,pressure,Pas barometryczny,20,195.0,215.0,10.0,Przejścia przez zero,22.857142857142858,12.857142857142858,12.857142857142858,True,7,True
session_20260625_variable_sit_walk,walking,pressure,Pas barometryczny,20,195.0,215.0,10.0,Autokorelacja,24.0,14.0,14.0,True,1,True
session_20260625_variable_sit_walk,walking,pressure,Pas barometryczny,20,195.0,215.0,10.0,FFT,24.280893061490595,14.280893061490595,14.280893061490595,True,1,True
session_20260625_variable_sit_walk,walking,pressure,Pas barometryczny,20,200.0,220.0,10.0,Maksima,24.615384615384617,14.615384615384617,14.615384615384617,True,7,True
session_20260625_variable_sit_walk,walking,pressure,Pas barometryczny,20,200.0,220.0,10.0,Minima,25.263157894736842,15.263157894736842,15.263157894736842,True,6,True
session_20260625_variable_sit_walk,walking,pressure,Pas barometryczny,20,200.0,220.0,10.0,Przejścia przez zero,24.0,14.0,14.0,True,6,True
session_20260625_variable_sit_walk,walking,pressure,Pas barometryczny,20,200.0,220.0,10.0,Autokorelacja,12.631578947368421,2.6315789473684212,2.6315789473684212,True,1,True
session_20260625_variable_sit_walk,walking,pressure,Pas barometryczny,20,200.0,220.0,10.0,FFT,23.898381517012282,13.898381517012282,13.898381517012282,True,1,True
session_20260625_variable_sit_walk,walking,pressure,Pas barometryczny,20,205.0,225.0,15.0,Maksima,19.2,4.199999999999999,4.199999999999999,True,6,True
session_20260625_variable_sit_walk,walking,pressure,Pas barometryczny,20,205.0,225.0,15.0,Minima,16.551724137931036,1.5517241379310356,1.5517241379310356,True,6,True
session_20260625_variable_sit_walk,walking,pressure,Pas barometryczny,20,205.0,225.0,15.0,Przejścia przez zero,21.818181818181817,6.818181818181817,6.818181818181817,True,6,True
session_20260625_variable_sit_walk,walking,pressure,Pas barometryczny,20,205.0,225.0,15.0,Autokorelacja,13.714285714285714,-1.2857142857142865,1.2857142857142865,True,1,True
session_20260625_variable_sit_walk,walking,pressure,Pas barometryczny,20,205.0,225.0,15.0,FFT,14.404910489512261,-0.595089510487739,0.595089510487739,True,1,True
session_20260625_variable_sit_walk,walking,pressure,Pas barometryczny,20,210.0,230.0,15.0,Maksima,17.142857142857142,2.1428571428571423,2.1428571428571423,True,5,True
session_20260625_variable_sit_walk,walking,pressure,Pas barometryczny,20,210.0,230.0,15.0,Minima,16.271186440677965,1.2711864406779654,1.2711864406779654,True,5,True
session_20260625_variable_sit_walk,walking,pressure,Pas barometryczny,20,210.0,230.0,15.0,Przejścia przez zero,16.0,1.0,1.0,True,6,True
session_20260625_variable_sit_walk,walking,pressure,Pas barometryczny,20,210.0,230.0,15.0,Autokorelacja,15.483870967741936,0.48387096774193594,0.48387096774193594,True,1,True
session_20260625_variable_sit_walk,walking,pressure,Pas barometryczny,20,210.0,230.0,15.0,FFT,14.386500550698091,-0.6134994493019086,0.6134994493019086,True,1,True
session_20260625_variable_sit_walk,walking,pressure,Pas barometryczny,20,215.0,235.0,20.0,Maksima,16.551724137931036,-3.4482758620689644,3.4482758620689644,True,5,True
session_20260625_variable_sit_walk,walking,pressure,Pas barometryczny,20,215.0,235.0,20.0,Minima,16.551724137931036,-3.4482758620689644,3.4482758620689644,True,6,True
session_20260625_variable_sit_walk,walking,pressure,Pas barometryczny,20,215.0,235.0,20.0,Przejścia przez zero,19.2,-0.8000000000000007,0.8000000000000007,True,6,True
session_20260625_variable_sit_walk,walking,pressure,Pas barometryczny,20,215.0,235.0,20.0,Autokorelacja,15.0,-5.0,5.0,True,1,True
session_20260625_variable_sit_walk,walking,pressure,Pas barometryczny,20,215.0,235.0,20.0,FFT,16.4366884065918,-3.5633115934082014,3.5633115934082014,True,1,True
session_20260625_variable_sit_walk,walking,pressure,Pas barometryczny,20,220.0,240.0,20.0,Maksima,21.818181818181817,1.8181818181818166,1.8181818181818166,True,6,True
session_20260625_variable_sit_walk,walking,pressure,Pas barometryczny,20,220.0,240.0,20.0,Minima,19.591836734693878,-0.408163265306122,0.408163265306122,True,7,True
session_20260625_variable_sit_walk,walking,pressure,Pas barometryczny,20,220.0,240.0,20.0,Przejścia przez zero,20.0,0.0,0.0,True,6,True
session_20260625_variable_sit_walk,walking,pressure,Pas barometryczny,20,220.0,240.0,20.0,Autokorelacja,8.0,-12.0,12.0,True,1,True
session_20260625_variable_sit_walk,walking,pressure,Pas barometryczny,20,220.0,240.0,20.0,FFT,15.19909073703441,-4.80090926296559,4.80090926296559,True,1,True
session_20260625_variable_sit_walk,walking,pressure,Pas barometryczny,20,225.0,245.0,25.0,Maksima,21.818181818181817,-3.1818181818181834,3.1818181818181834,True,6,True
session_20260625_variable_sit_walk,walking,pressure,Pas barometryczny,20,225.0,245.0,25.0,Minima,21.818181818181817,-3.1818181818181834,3.1818181818181834,True,6,True
session_20260625_variable_sit_walk,walking,pressure,Pas barometryczny,20,225.0,245.0,25.0,Przejścia przez zero,20.0,-5.0,5.0,True,6,True
session_20260625_variable_sit_walk,walking,pressure,Pas barometryczny,20,225.0,245.0,25.0,Autokorelacja,5.274725274725275,-19.725274725274726,19.725274725274726,True,1,True
session_20260625_variable_sit_walk,walking,pressure,Pas barometryczny,20,225.0,245.0,25.0,FFT,22.288780269252136,-2.711219730747864,2.711219730747864,True,1,True
session_20260625_variable_sit_walk,walking,pressure,Pas barometryczny,20,230.0,250.0,25.0,Maksima,22.857142857142858,-2.1428571428571423,2.1428571428571423,True,7,True
session_20260625_variable_sit_walk,walking,pressure,Pas barometryczny,20,230.0,250.0,25.0,Minima,23.414634146341463,-1.585365853658537,1.585365853658537,True,7,True
session_20260625_variable_sit_walk,walking,pressure,Pas barometryczny,20,230.0,250.0,25.0,Przejścia przez zero,22.857142857142858,-2.1428571428571423,2.1428571428571423,True,7,True
session_20260625_variable_sit_walk,walking,pressure,Pas barometryczny,20,230.0,250.0,25.0,Autokorelacja,21.818181818181817,-3.1818181818181834,3.1818181818181834,True,1,True
session_20260625_variable_sit_walk,walking,pressure,Pas barometryczny,20,230.0,250.0,25.0,FFT,19.669585946680584,-5.330414053319416,5.330414053319416,True,1,True
session_20260625_variable_sit_walk,sitting,temperature_right,Urządzenie z czujnikami temperatury - prawe nozdrze,5,5.0,10.0,10.0,Maksima,,,,False,0,False
session_20260625_variable_sit_walk,sitting,temperature_right,Urządzenie z czujnikami temperatury - prawe nozdrze,5,5.0,10.0,10.0,Minima,,,,False,1,False
session_20260625_variable_sit_walk,sitting,temperature_right,Urządzenie z czujnikami temperatury - prawe nozdrze,5,5.0,10.0,10.0,Przejścia przez zero,,,,False,1,False
session_20260625_variable_sit_walk,sitting,temperature_right,Urządzenie z czujnikami temperatury - prawe nozdrze,5,5.0,10.0,10.0,Autokorelacja,14.545454545454545,4.545454545454545,4.545454545454545,True,1,False
session_20260625_variable_sit_walk,sitting,temperature_right,Urządzenie z czujnikami temperatury - prawe nozdrze,5,5.0,10.0,10.0,FFT,4.954026161155957,-5.045973838844043,5.045973838844043,True,1,False
session_20260625_variable_sit_walk,sitting,temperature_right,Urządzenie z czujnikami temperatury - prawe nozdrze,5,5.0,10.0,10.0,Metoda nachylenia,12.0,2.0,2.0,True,1,False
session_20260625_variable_sit_walk,sitting,temperature_right,Urządzenie z czujnikami temperatury - prawe nozdrze,5,10.0,15.0,15.0,Maksima,24.0,9.0,9.0,True,2,True
session_20260625_variable_sit_walk,sitting,temperature_right,Urządzenie z czujnikami temperatury - prawe nozdrze,5,10.0,15.0,15.0,Minima,,,,False,1,True
session_20260625_variable_sit_walk,sitting,temperature_right,Urządzenie z czujnikami temperatury - prawe nozdrze,5,10.0,15.0,15.0,Przejścia przez zero,18.46153846153846,3.46153846153846,3.46153846153846,True,2,True
session_20260625_variable_sit_walk,sitting,temperature_right,Urządzenie z czujnikami temperatury - prawe nozdrze,5,10.0,15.0,15.0,Autokorelacja,20.869565217391305,5.869565217391305,5.869565217391305,True,1,True
session_20260625_variable_sit_walk,sitting,temperature_right,Urządzenie z czujnikami temperatury - prawe nozdrze,5,10.0,15.0,15.0,FFT,19.580628529069187,4.5806285290691875,4.5806285290691875,True,1,True
session_20260625_variable_sit_walk,sitting,temperature_right,Urządzenie z czujnikami temperatury - prawe nozdrze,5,10.0,15.0,15.0,Metoda nachylenia,12.0,-3.0,3.0,True,1,True
session_20260625_variable_sit_walk,sitting,temperature_right,Urządzenie z czujnikami temperatury - prawe nozdrze,5,15.0,20.0,15.0,Maksima,,,,False,1,False
session_20260625_variable_sit_walk,sitting,temperature_right,Urządzenie z czujnikami temperatury - prawe nozdrze,5,15.0,20.0,15.0,Minima,,,,False,1,False
session_20260625_variable_sit_walk,sitting,temperature_right,Urządzenie z czujnikami temperatury - prawe nozdrze,5,15.0,20.0,15.0,Przejścia przez zero,,,,False,1,False
session_20260625_variable_sit_walk,sitting,temperature_right,Urządzenie z czujnikami temperatury - prawe nozdrze,5,15.0,20.0,15.0,Autokorelacja,18.46153846153846,3.46153846153846,3.46153846153846,True,1,False
session_20260625_variable_sit_walk,sitting,temperature_right,Urządzenie z czujnikami temperatury - prawe nozdrze,5,15.0,20.0,15.0,FFT,14.954095562695825,-0.04590443730417526,0.04590443730417526,True,1,False
session_20260625_variable_sit_walk,sitting,temperature_right,Urządzenie z czujnikami temperatury - prawe nozdrze,5,15.0,20.0,15.0,Metoda nachylenia,12.0,-3.0,3.0,True,1,False
session_20260625_variable_sit_walk,sitting,temperature_right,Urządzenie z czujnikami temperatury - prawe nozdrze,5,20.0,25.0,20.0,Maksima,,,,False,1,True
session_20260625_variable_sit_walk,sitting,temperature_right,Urządzenie z czujnikami temperatury - prawe nozdrze,5,20.0,25.0,20.0,Minima,,,,False,1,True
session_20260625_variable_sit_walk,sitting,temperature_right,Urządzenie z czujnikami temperatury - prawe nozdrze,5,20.0,25.0,20.0,Przejścia przez zero,,,,False,1,True
session_20260625_variable_sit_walk,sitting,temperature_right,Urządzenie z czujnikami temperatury - prawe nozdrze,5,20.0,25.0,20.0,Autokorelacja,14.117647058823529,-5.882352941176471,5.882352941176471,True,1,True
session_20260625_variable_sit_walk,sitting,temperature_right,Urządzenie z czujnikami temperatury - prawe nozdrze,5,20.0,25.0,20.0,FFT,3.8938448550166074,-16.106155144983394,16.106155144983394,True,1,True
session_20260625_variable_sit_walk,sitting,temperature_right,Urządzenie z czujnikami temperatury - prawe nozdrze,5,20.0,25.0,20.0,Metoda nachylenia,12.0,-8.0,8.0,True,1,True
session_20260625_variable_sit_walk,sitting,temperature_right,Urządzenie z czujnikami temperatury - prawe nozdrze,5,25.0,30.0,20.0,Maksima,21.818181818181817,1.8181818181818166,1.8181818181818166,True,2,False
session_20260625_variable_sit_walk,sitting,temperature_right,Urządzenie z czujnikami temperatury - prawe nozdrze,5,25.0,30.0,20.0,Minima,,,,False,1,False
session_20260625_variable_sit_walk,sitting,temperature_right,Urządzenie z czujnikami temperatury - prawe nozdrze,5,25.0,30.0,20.0,Przejścia przez zero,20.0,0.0,0.0,True,2,False
session_20260625_variable_sit_walk,sitting,temperature_right,Urządzenie z czujnikami temperatury - prawe nozdrze,5,25.0,30.0,20.0,Autokorelacja,21.818181818181817,1.8181818181818166,1.8181818181818166,True,1,False
session_20260625_variable_sit_walk,sitting,temperature_right,Urządzenie z czujnikami temperatury - prawe nozdrze,5,25.0,30.0,20.0,FFT,19.358119789801712,-0.6418802101982877,0.6418802101982877,True,1,False
session_20260625_variable_sit_walk,sitting,temperature_right,Urządzenie z czujnikami temperatury - prawe nozdrze,5,25.0,30.0,20.0,Metoda nachylenia,12.0,-8.0,8.0,True,1,False
session_20260625_variable_sit_walk,sitting,temperature_right,Urządzenie z czujnikami temperatury - prawe nozdrze,5,30.0,35.0,25.0,Maksima,,,,False,1,True
session_20260625_variable_sit_walk,sitting,temperature_right,Urządzenie z czujnikami temperatury - prawe nozdrze,5,30.0,35.0,25.0,Minima,16.551724137931036,-8.448275862068964,8.448275862068964,True,2,True
session_20260625_variable_sit_walk,sitting,temperature_right,Urządzenie z czujnikami temperatury - prawe nozdrze,5,30.0,35.0,25.0,Przejścia przez zero,,,,False,1,True
session_20260625_variable_sit_walk,sitting,temperature_right,Urządzenie z czujnikami temperatury - prawe nozdrze,5,30.0,35.0,25.0,Autokorelacja,16.551724137931036,-8.448275862068964,8.448275862068964,True,1,True
session_20260625_variable_sit_walk,sitting,temperature_right,Urządzenie z czujnikami temperatury - prawe nozdrze,5,30.0,35.0,25.0,FFT,9.216705191243733,-15.783294808756267,15.783294808756267,True,1,True
session_20260625_variable_sit_walk,sitting,temperature_right,Urządzenie z czujnikami temperatury - prawe nozdrze,5,30.0,35.0,25.0,Metoda nachylenia,12.0,-13.0,13.0,True,1,True
session_20260625_variable_sit_walk,sitting,temperature_right,Urządzenie z czujnikami temperatury - prawe nozdrze,5,35.0,40.0,25.0,Maksima,25.263157894736842,0.2631578947368425,0.2631578947368425,True,2,False
session_20260625_variable_sit_walk,sitting,temperature_right,Urządzenie z czujnikami temperatury - prawe nozdrze,5,35.0,40.0,25.0,Minima,25.263157894736842,0.2631578947368425,0.2631578947368425,True,2,False
session_20260625_variable_sit_walk,sitting,temperature_right,Urządzenie z czujnikami temperatury - prawe nozdrze,5,35.0,40.0,25.0,Przejścia przez zero,30.0,5.0,5.0,True,2,False
session_20260625_variable_sit_walk,sitting,temperature_right,Urządzenie z czujnikami temperatury - prawe nozdrze,5,35.0,40.0,25.0,Autokorelacja,26.666666666666668,1.6666666666666679,1.6666666666666679,True,1,False
session_20260625_variable_sit_walk,sitting,temperature_right,Urządzenie z czujnikami temperatury - prawe nozdrze,5,35.0,40.0,25.0,FFT,24.20242546589206,-0.797574534107941,0.797574534107941,True,1,False
session_20260625_variable_sit_walk,sitting,temperature_right,Urządzenie z czujnikami temperatury - prawe nozdrze,5,35.0,40.0,25.0,Metoda nachylenia,24.0,-1.0,1.0,True,2,False
session_20260625_variable_sit_walk,sitting,temperature_right,Urządzenie z czujnikami temperatury - prawe nozdrze,5,40.0,45.0,10.0,Maksima,,,,False,0,True
session_20260625_variable_sit_walk,sitting,temperature_right,Urządzenie z czujnikami temperatury - prawe nozdrze,5,40.0,45.0,10.0,Minima,,,,False,1,True
session_20260625_variable_sit_walk,sitting,temperature_right,Urządzenie z czujnikami temperatury - prawe nozdrze,5,40.0,45.0,10.0,Przejścia przez zero,,,,False,1,True
session_20260625_variable_sit_walk,sitting,temperature_right,Urządzenie z czujnikami temperatury - prawe nozdrze,5,40.0,45.0,10.0,Autokorelacja,13.714285714285714,3.7142857142857135,3.7142857142857135,True,1,True
session_20260625_variable_sit_walk,sitting,temperature_right,Urządzenie z czujnikami temperatury - prawe nozdrze,5,40.0,45.0,10.0,FFT,3.8252000599825253,-6.174799940017475,6.174799940017475,True,1,True
session_20260625_variable_sit_walk,sitting,temperature_right,Urządzenie z czujnikami temperatury - prawe nozdrze,5,40.0,45.0,10.0,Metoda nachylenia,12.0,2.0,2.0,True,1,True
session_20260625_variable_sit_walk,sitting,temperature_right,Urządzenie z czujnikami temperatury - prawe nozdrze,5,45.0,50.0,10.0,Maksima,,,,False,1,False
session_20260625_variable_sit_walk,sitting,temperature_right,Urządzenie z czujnikami temperatury - prawe nozdrze,5,45.0,50.0,10.0,Minima,,,,False,1,False
session_20260625_variable_sit_walk,sitting,temperature_right,Urządzenie z czujnikami temperatury - prawe nozdrze,5,45.0,50.0,10.0,Przejścia przez zero,16.0,6.0,6.0,True,2,False
session_20260625_variable_sit_walk,sitting,temperature_right,Urządzenie z czujnikami temperatury - prawe nozdrze,5,45.0,50.0,10.0,Autokorelacja,17.77777777777778,7.777777777777779,7.777777777777779,True,1,False
session_20260625_variable_sit_walk,sitting,temperature_right,Urządzenie z czujnikami temperatury - prawe nozdrze,5,45.0,50.0,10.0,FFT,13.947924830920982,3.9479248309209822,3.9479248309209822,True,1,False
session_20260625_variable_sit_walk,sitting,temperature_right,Urządzenie z czujnikami temperatury - prawe nozdrze,5,45.0,50.0,10.0,Metoda nachylenia,12.0,2.0,2.0,True,1,False
session_20260625_variable_sit_walk,sitting,temperature_right,Urządzenie z czujnikami temperatury - prawe nozdrze,5,50.0,55.0,15.0,Maksima,,,,False,1,True
session_20260625_variable_sit_walk,sitting,temperature_right,Urządzenie z czujnikami temperatury - prawe nozdrze,5,50.0,55.0,15.0,Minima,,,,False,1,True
session_20260625_variable_sit_walk,sitting,temperature_right,Urządzenie z czujnikami temperatury - prawe nozdrze,5,50.0,55.0,15.0,Przejścia przez zero,16.0,1.0,1.0,True,2,True
session_20260625_variable_sit_walk,sitting,temperature_right,Urządzenie z czujnikami temperatury - prawe nozdrze,5,50.0,55.0,15.0,Autokorelacja,17.77777777777778,2.7777777777777786,2.7777777777777786,True,1,True
session_20260625_variable_sit_walk,sitting,temperature_right,Urządzenie z czujnikami temperatury - prawe nozdrze,5,50.0,55.0,15.0,FFT,13.080194785958673,-1.919805214041327,1.919805214041327,True,1,True
session_20260625_variable_sit_walk,sitting,temperature_right,Urządzenie z czujnikami temperatury - prawe nozdrze,5,50.0,55.0,15.0,Metoda nachylenia,12.0,-3.0,3.0,True,1,True
session_20260625_variable_sit_walk,sitting,temperature_right,Urządzenie z czujnikami temperatury - prawe nozdrze,5,55.0,60.0,15.0,Maksima,,,,False,1,False
session_20260625_variable_sit_walk,sitting,temperature_right,Urządzenie z czujnikami temperatury - prawe nozdrze,5,55.0,60.0,15.0,Minima,,,,False,1,False
session_20260625_variable_sit_walk,sitting,temperature_right,Urządzenie z czujnikami temperatury - prawe nozdrze,5,55.0,60.0,15.0,Przejścia przez zero,,,,False,1,False
session_20260625_variable_sit_walk,sitting,temperature_right,Urządzenie z czujnikami temperatury - prawe nozdrze,5,55.0,60.0,15.0,Autokorelacja,18.46153846153846,3.46153846153846,3.46153846153846,True,1,False
session_20260625_variable_sit_walk,sitting,temperature_right,Urządzenie z czujnikami temperatury - prawe nozdrze,5,55.0,60.0,15.0,FFT,16.044339516006687,1.044339516006687,1.044339516006687,True,1,False
session_20260625_variable_sit_walk,sitting,temperature_right,Urządzenie z czujnikami temperatury - prawe nozdrze,5,55.0,60.0,15.0,Metoda nachylenia,12.0,-3.0,3.0,True,1,False
session_20260625_variable_sit_walk,sitting,temperature_right,Urządzenie z czujnikami temperatury - prawe nozdrze,5,60.0,65.0,20.0,Maksima,25.263157894736842,5.2631578947368425,5.2631578947368425,True,2,True
session_20260625_variable_sit_walk,sitting,temperature_right,Urządzenie z czujnikami temperatury - prawe nozdrze,5,60.0,65.0,20.0,Minima,,,,False,1,True
session_20260625_variable_sit_walk,sitting,temperature_right,Urządzenie z czujnikami temperatury - prawe nozdrze,5,60.0,65.0,20.0,Przejścia przez zero,28.235294117647058,8.235294117647058,8.235294117647058,True,2,True
session_20260625_variable_sit_walk,sitting,temperature_right,Urządzenie z czujnikami temperatury - prawe nozdrze,5,60.0,65.0,20.0,Autokorelacja,26.666666666666668,6.666666666666668,6.666666666666668,True,1,True
session_20260625_variable_sit_walk,sitting,temperature_right,Urządzenie z czujnikami temperatury - prawe nozdrze,5,60.0,65.0,20.0,FFT,27.666578259028583,7.666578259028583,7.666578259028583,True,1,True
session_20260625_variable_sit_walk,sitting,temperature_right,Urządzenie z czujnikami temperatury - prawe nozdrze,5,60.0,65.0,20.0,Metoda nachylenia,24.0,4.0,4.0,True,2,True
session_20260625_variable_sit_walk,sitting,temperature_right,Urządzenie z czujnikami temperatury - prawe nozdrze,5,65.0,70.0,20.0,Maksima,19.2,-0.8000000000000007,0.8000000000000007,True,2,False
session_20260625_variable_sit_walk,sitting,temperature_right,Urządzenie z czujnikami temperatury - prawe nozdrze,5,65.0,70.0,20.0,Minima,,,,False,1,False
session_20260625_variable_sit_walk,sitting,temperature_right,Urządzenie z czujnikami temperatury - prawe nozdrze,5,65.0,70.0,20.0,Przejścia przez zero,18.46153846153846,-1.53846153846154,1.53846153846154,True,2,False
session_20260625_variable_sit_walk,sitting,temperature_right,Urządzenie z czujnikami temperatury - prawe nozdrze,5,65.0,70.0,20.0,Autokorelacja,20.0,0.0,0.0,True,1,False
session_20260625_variable_sit_walk,sitting,temperature_right,Urządzenie z czujnikami temperatury - prawe nozdrze,5,65.0,70.0,20.0,FFT,18.13409071754383,-1.865909282456169,1.865909282456169,True,1,False
session_20260625_variable_sit_walk,sitting,temperature_right,Urządzenie z czujnikami temperatury - prawe nozdrze,5,65.0,70.0,20.0,Metoda nachylenia,12.0,-8.0,8.0,True,1,False
session_20260625_variable_sit_walk,sitting,temperature_right,Urządzenie z czujnikami temperatury - prawe nozdrze,5,70.0,75.0,25.0,Maksima,,,,False,1,True
session_20260625_variable_sit_walk,sitting,temperature_right,Urządzenie z czujnikami temperatury - prawe nozdrze,5,70.0,75.0,25.0,Minima,22.857142857142858,-2.1428571428571423,2.1428571428571423,True,2,True
session_20260625_variable_sit_walk,sitting,temperature_right,Urządzenie z czujnikami temperatury - prawe nozdrze,5,70.0,75.0,25.0,Przejścia przez zero,,,,False,1,True
session_20260625_variable_sit_walk,sitting,temperature_right,Urządzenie z czujnikami temperatury - prawe nozdrze,5,70.0,75.0,25.0,Autokorelacja,20.0,-5.0,5.0,True,1,True
session_20260625_variable_sit_walk,sitting,temperature_right,Urządzenie z czujnikami temperatury - prawe nozdrze,5,70.0,75.0,25.0,FFT,18.583856582978896,-6.416143417021104,6.416143417021104,True,1,True
session_20260625_variable_sit_walk,sitting,temperature_right,Urządzenie z czujnikami temperatury - prawe nozdrze,5,70.0,75.0,25.0,Metoda nachylenia,12.0,-13.0,13.0,True,1,True
session_20260625_variable_sit_walk,sitting,temperature_right,Urządzenie z czujnikami temperatury - prawe nozdrze,5,75.0,80.0,25.0,Maksima,,,,False,1,False
session_20260625_variable_sit_walk,sitting,temperature_right,Urządzenie z czujnikami temperatury - prawe nozdrze,5,75.0,80.0,25.0,Minima,25.263157894736842,0.2631578947368425,0.2631578947368425,True,2,False
session_20260625_variable_sit_walk,sitting,temperature_right,Urządzenie z czujnikami temperatury - prawe nozdrze,5,75.0,80.0,25.0,Przejścia przez zero,28.235294117647058,3.235294117647058,3.235294117647058,True,2,False
session_20260625_variable_sit_walk,sitting,temperature_right,Urządzenie z czujnikami temperatury - prawe nozdrze,5,75.0,80.0,25.0,Autokorelacja,25.263157894736842,0.2631578947368425,0.2631578947368425,True,1,False
session_20260625_variable_sit_walk,sitting,temperature_right,Urządzenie z czujnikami temperatury - prawe nozdrze,5,75.0,80.0,25.0,FFT,22.697879263069616,-2.3021207369303838,2.3021207369303838,True,1,False
session_20260625_variable_sit_walk,sitting,temperature_right,Urządzenie z czujnikami temperatury - prawe nozdrze,5,75.0,80.0,25.0,Metoda nachylenia,24.0,-1.0,1.0,True,2,False
session_20260625_variable_sit_walk,sitting,temperature_right,Urządzenie z czujnikami temperatury - prawe nozdrze,5,80.0,85.0,10.0,Maksima,,,,False,0,True
session_20260625_variable_sit_walk,sitting,temperature_right,Urządzenie z czujnikami temperatury - prawe nozdrze,5,80.0,85.0,10.0,Minima,,,,False,1,True
session_20260625_variable_sit_walk,sitting,temperature_right,Urządzenie z czujnikami temperatury - prawe nozdrze,5,80.0,85.0,10.0,Przejścia przez zero,,,,False,1,True
session_20260625_variable_sit_walk,sitting,temperature_right,Urządzenie z czujnikami temperatury - prawe nozdrze,5,80.0,85.0,10.0,Autokorelacja,14.117647058823529,4.117647058823529,4.117647058823529,True,1,True
session_20260625_variable_sit_walk,sitting,temperature_right,Urządzenie z czujnikami temperatury - prawe nozdrze,5,80.0,85.0,10.0,FFT,5.00991209666695,-4.99008790333305,4.99008790333305,True,1,True
session_20260625_variable_sit_walk,sitting,temperature_right,Urządzenie z czujnikami temperatury - prawe nozdrze,5,80.0,85.0,10.0,Metoda nachylenia,12.0,2.0,2.0,True,1,True
session_20260625_variable_sit_walk,sitting,temperature_right,Urządzenie z czujnikami temperatury - prawe nozdrze,5,85.0,90.0,10.0,Maksima,,,,False,1,False
session_20260625_variable_sit_walk,sitting,temperature_right,Urządzenie z czujnikami temperatury - prawe nozdrze,5,85.0,90.0,10.0,Minima,,,,False,1,False
session_20260625_variable_sit_walk,sitting,temperature_right,Urządzenie z czujnikami temperatury - prawe nozdrze,5,85.0,90.0,10.0,Przejścia przez zero,15.0,5.0,5.0,True,2,False
session_20260625_variable_sit_walk,sitting,temperature_right,Urządzenie z czujnikami temperatury - prawe nozdrze,5,85.0,90.0,10.0,Autokorelacja,16.551724137931036,6.551724137931036,6.551724137931036,True,1,False
session_20260625_variable_sit_walk,sitting,temperature_right,Urządzenie z czujnikami temperatury - prawe nozdrze,5,85.0,90.0,10.0,FFT,9.694114807334206,-0.3058851926657944,0.3058851926657944,True,1,False
session_20260625_variable_sit_walk,sitting,temperature_right,Urządzenie z czujnikami temperatury - prawe nozdrze,5,85.0,90.0,10.0,Metoda nachylenia,12.0,2.0,2.0,True,1,False
session_20260625_variable_sit_walk,sitting,temperature_right,Urządzenie z czujnikami temperatury - prawe nozdrze,5,90.0,95.0,15.0,Maksima,21.818181818181817,6.818181818181817,6.818181818181817,True,2,True
session_20260625_variable_sit_walk,sitting,temperature_right,Urządzenie z czujnikami temperatury - prawe nozdrze,5,90.0,95.0,15.0,Minima,,,,False,1,True
session_20260625_variable_sit_walk,sitting,temperature_right,Urządzenie z czujnikami temperatury - prawe nozdrze,5,90.0,95.0,15.0,Przejścia przez zero,17.77777777777778,2.7777777777777786,2.7777777777777786,True,2,True
session_20260625_variable_sit_walk,sitting,temperature_right,Urządzenie z czujnikami temperatury - prawe nozdrze,5,90.0,95.0,15.0,Autokorelacja,20.869565217391305,5.869565217391305,5.869565217391305,True,1,True
session_20260625_variable_sit_walk,sitting,temperature_right,Urządzenie z czujnikami temperatury - prawe nozdrze,5,90.0,95.0,15.0,FFT,18.40820494183606,3.408204941836061,3.408204941836061,True,1,True
session_20260625_variable_sit_walk,sitting,temperature_right,Urządzenie z czujnikami temperatury - prawe nozdrze,5,90.0,95.0,15.0,Metoda nachylenia,12.0,-3.0,3.0,True,1,True
session_20260625_variable_sit_walk,sitting,temperature_right,Urządzenie z czujnikami temperatury - prawe nozdrze,5,95.0,100.0,15.0,Maksima,,,,False,1,False
session_20260625_variable_sit_walk,sitting,temperature_right,Urządzenie z czujnikami temperatury - prawe nozdrze,5,95.0,100.0,15.0,Minima,,,,False,1,False
session_20260625_variable_sit_walk,sitting,temperature_right,Urządzenie z czujnikami temperatury - prawe nozdrze,5,95.0,100.0,15.0,Przejścia przez zero,,,,False,1,False
session_20260625_variable_sit_walk,sitting,temperature_right,Urządzenie z czujnikami temperatury - prawe nozdrze,5,95.0,100.0,15.0,Autokorelacja,18.46153846153846,3.46153846153846,3.46153846153846,True,1,False
session_20260625_variable_sit_walk,sitting,temperature_right,Urządzenie z czujnikami temperatury - prawe nozdrze,5,95.0,100.0,15.0,FFT,14.983122781419278,-0.016877218580722442,0.016877218580722442,True,1,False
session_20260625_variable_sit_walk,sitting,temperature_right,Urządzenie z czujnikami temperatury - prawe nozdrze,5,95.0,100.0,15.0,Metoda nachylenia,12.0,-3.0,3.0,True,1,False
session_20260625_variable_sit_walk,sitting,temperature_right,Urządzenie z czujnikami temperatury - prawe nozdrze,5,100.0,105.0,20.0,Maksima,,,,False,1,True
session_20260625_variable_sit_walk,sitting,temperature_right,Urządzenie z czujnikami temperatury - prawe nozdrze,5,100.0,105.0,20.0,Minima,,,,False,0,True
session_20260625_variable_sit_walk,sitting,temperature_right,Urządzenie z czujnikami temperatury - prawe nozdrze,5,100.0,105.0,20.0,Przejścia przez zero,,,,False,1,True
session_20260625_variable_sit_walk,sitting,temperature_right,Urządzenie z czujnikami temperatury - prawe nozdrze,5,100.0,105.0,20.0,Autokorelacja,14.117647058823529,-5.882352941176471,5.882352941176471,True,1,True
session_20260625_variable_sit_walk,sitting,temperature_right,Urządzenie z czujnikami temperatury - prawe nozdrze,5,100.0,105.0,20.0,FFT,4.495448728274276,-15.504551271725724,15.504551271725724,True,1,True
session_20260625_variable_sit_walk,sitting,temperature_right,Urządzenie z czujnikami temperatury - prawe nozdrze,5,100.0,105.0,20.0,Metoda nachylenia,12.0,-8.0,8.0,True,1,True
session_20260625_variable_sit_walk,sitting,temperature_right,Urządzenie z czujnikami temperatury - prawe nozdrze,5,105.0,110.0,20.0,Maksima,21.818181818181817,1.8181818181818166,1.8181818181818166,True,2,False
session_20260625_variable_sit_walk,sitting,temperature_right,Urządzenie z czujnikami temperatury - prawe nozdrze,5,105.0,110.0,20.0,Minima,,,,False,1,False
session_20260625_variable_sit_walk,sitting,temperature_right,Urządzenie z czujnikami temperatury - prawe nozdrze,5,105.0,110.0,20.0,Przejścia przez zero,20.0,0.0,0.0,True,2,False
session_20260625_variable_sit_walk,sitting,temperature_right,Urządzenie z czujnikami temperatury - prawe nozdrze,5,105.0,110.0,20.0,Autokorelacja,21.818181818181817,1.8181818181818166,1.8181818181818166,True,1,False
session_20260625_variable_sit_walk,sitting,temperature_right,Urządzenie z czujnikami temperatury - prawe nozdrze,5,105.0,110.0,20.0,FFT,19.47109086124357,-0.5289091387564291,0.5289091387564291,True,1,False
session_20260625_variable_sit_walk,sitting,temperature_right,Urządzenie z czujnikami temperatury - prawe nozdrze,5,105.0,110.0,20.0,Metoda nachylenia,12.0,-8.0,8.0,True,1,False
session_20260625_variable_sit_walk,sitting,temperature_right,Urządzenie z czujnikami temperatury - prawe nozdrze,5,110.0,115.0,25.0,Maksima,,,,False,1,True
session_20260625_variable_sit_walk,sitting,temperature_right,Urządzenie z czujnikami temperatury - prawe nozdrze,5,110.0,115.0,25.0,Minima,17.77777777777778,-7.222222222222221,7.222222222222221,True,2,True
session_20260625_variable_sit_walk,sitting,temperature_right,Urządzenie z czujnikami temperatury - prawe nozdrze,5,110.0,115.0,25.0,Przejścia przez zero,,,,False,1,True
session_20260625_variable_sit_walk,sitting,temperature_right,Urządzenie z czujnikami temperatury - prawe nozdrze,5,110.0,115.0,25.0,Autokorelacja,18.46153846153846,-6.53846153846154,6.53846153846154,True,1,True
session_20260625_variable_sit_walk,sitting,temperature_right,Urządzenie z czujnikami temperatury - prawe nozdrze,5,110.0,115.0,25.0,FFT,16.172874726364444,-8.827125273635556,8.827125273635556,True,1,True
session_20260625_variable_sit_walk,sitting,temperature_right,Urządzenie z czujnikami temperatury - prawe nozdrze,5,110.0,115.0,25.0,Metoda nachylenia,12.0,-13.0,13.0,True,1,True
session_20260625_variable_sit_walk,sitting,temperature_right,Urządzenie z czujnikami temperatury - prawe nozdrze,5,115.0,120.0,25.0,Maksima,24.0,-1.0,1.0,True,2,False
session_20260625_variable_sit_walk,sitting,temperature_right,Urządzenie z czujnikami temperatury - prawe nozdrze,5,115.0,120.0,25.0,Minima,25.263157894736842,0.2631578947368425,0.2631578947368425,True,2,False
session_20260625_variable_sit_walk,sitting,temperature_right,Urządzenie z czujnikami temperatury - prawe nozdrze,5,115.0,120.0,25.0,Przejścia przez zero,28.235294117647058,3.235294117647058,3.235294117647058,True,2,False
session_20260625_variable_sit_walk,sitting,temperature_right,Urządzenie z czujnikami temperatury - prawe nozdrze,5,115.0,120.0,25.0,Autokorelacja,25.263157894736842,0.2631578947368425,0.2631578947368425,True,1,False
session_20260625_variable_sit_walk,sitting,temperature_right,Urządzenie z czujnikami temperatury - prawe nozdrze,5,115.0,120.0,25.0,FFT,22.428924637429983,-2.571075362570017,2.571075362570017,True,1,False
session_20260625_variable_sit_walk,sitting,temperature_right,Urządzenie z czujnikami temperatury - prawe nozdrze,5,115.0,120.0,25.0,Metoda nachylenia,24.0,-1.0,1.0,True,2,False
session_20260625_variable_sit_walk,walking,temperature_right,Urządzenie z czujnikami temperatury - prawe nozdrze,5,130.0,135.0,10.0,Maksima,,,,False,0,True
session_20260625_variable_sit_walk,walking,temperature_right,Urządzenie z czujnikami temperatury - prawe nozdrze,5,130.0,135.0,10.0,Minima,,,,False,1,True
session_20260625_variable_sit_walk,walking,temperature_right,Urządzenie z czujnikami temperatury - prawe nozdrze,5,130.0,135.0,10.0,Przejścia przez zero,,,,False,1,True
session_20260625_variable_sit_walk,walking,temperature_right,Urządzenie z czujnikami temperatury - prawe nozdrze,5,130.0,135.0,10.0,Autokorelacja,13.714285714285714,3.7142857142857135,3.7142857142857135,True,1,True
session_20260625_variable_sit_walk,walking,temperature_right,Urządzenie z czujnikami temperatury - prawe nozdrze,5,130.0,135.0,10.0,FFT,4.246811315825442,-5.753188684174558,5.753188684174558,True,1,True
session_20260625_variable_sit_walk,walking,temperature_right,Urządzenie z czujnikami temperatury - prawe nozdrze,5,130.0,135.0,10.0,Metoda nachylenia,12.0,2.0,2.0,True,1,True
session_20260625_variable_sit_walk,walking,temperature_right,Urządzenie z czujnikami temperatury - prawe nozdrze,5,135.0,140.0,10.0,Maksima,,,,False,1,False
session_20260625_variable_sit_walk,walking,temperature_right,Urządzenie z czujnikami temperatury - prawe nozdrze,5,135.0,140.0,10.0,Minima,,,,False,1,False
session_20260625_variable_sit_walk,walking,temperature_right,Urządzenie z czujnikami temperatury - prawe nozdrze,5,135.0,140.0,10.0,Przejścia przez zero,17.142857142857142,7.142857142857142,7.142857142857142,True,2,False
session_20260625_variable_sit_walk,walking,temperature_right,Urządzenie z czujnikami temperatury - prawe nozdrze,5,135.0,140.0,10.0,Autokorelacja,19.2,9.2,9.2,True,1,False
session_20260625_variable_sit_walk,walking,temperature_right,Urządzenie z czujnikami temperatury - prawe nozdrze,5,135.0,140.0,10.0,FFT,17.672357628968484,7.672357628968484,7.672357628968484,True,1,False
session_20260625_variable_sit_walk,walking,temperature_right,Urządzenie z czujnikami temperatury - prawe nozdrze,5,135.0,140.0,10.0,Metoda nachylenia,12.0,2.0,2.0,True,1,False
session_20260625_variable_sit_walk,walking,temperature_right,Urządzenie z czujnikami temperatury - prawe nozdrze,5,140.0,145.0,15.0,Maksima,,,,False,1,True
session_20260625_variable_sit_walk,walking,temperature_right,Urządzenie z czujnikami temperatury - prawe nozdrze,5,140.0,145.0,15.0,Minima,,,,False,1,True
session_20260625_variable_sit_walk,walking,temperature_right,Urządzenie z czujnikami temperatury - prawe nozdrze,5,140.0,145.0,15.0,Przejścia przez zero,17.77777777777778,2.7777777777777786,2.7777777777777786,True,2,True
session_20260625_variable_sit_walk,walking,temperature_right,Urządzenie z czujnikami temperatury - prawe nozdrze,5,140.0,145.0,15.0,Autokorelacja,19.2,4.199999999999999,4.199999999999999,True,1,True
session_20260625_variable_sit_walk,walking,temperature_right,Urządzenie z czujnikami temperatury - prawe nozdrze,5,140.0,145.0,15.0,FFT,17.07372112184447,2.0737211218444713,2.0737211218444713,True,1,True
session_20260625_variable_sit_walk,walking,temperature_right,Urządzenie z czujnikami temperatury - prawe nozdrze,5,140.0,145.0,15.0,Metoda nachylenia,12.0,-3.0,3.0,True,1,True
session_20260625_variable_sit_walk,walking,temperature_right,Urządzenie z czujnikami temperatury - prawe nozdrze,5,145.0,150.0,15.0,Maksima,,,,False,1,False
session_20260625_variable_sit_walk,walking,temperature_right,Urządzenie z czujnikami temperatury - prawe nozdrze,5,145.0,150.0,15.0,Minima,,,,False,1,False
session_20260625_variable_sit_walk,walking,temperature_right,Urządzenie z czujnikami temperatury - prawe nozdrze,5,145.0,150.0,15.0,Przejścia przez zero,,,,False,1,False
session_20260625_variable_sit_walk,walking,temperature_right,Urządzenie z czujnikami temperatury - prawe nozdrze,5,145.0,150.0,15.0,Autokorelacja,19.2,4.199999999999999,4.199999999999999,True,1,False
session_20260625_variable_sit_walk,walking,temperature_right,Urządzenie z czujnikami temperatury - prawe nozdrze,5,145.0,150.0,15.0,FFT,16.813917028088646,1.813917028088646,1.813917028088646,True,1,False
session_20260625_variable_sit_walk,walking,temperature_right,Urządzenie z czujnikami temperatury - prawe nozdrze,5,145.0,150.0,15.0,Metoda nachylenia,12.0,-3.0,3.0,True,1,False
session_20260625_variable_sit_walk,sitting,temperature_right,Urządzenie z czujnikami temperatury - prawe nozdrze,10,5.0,15.0,15.0,Maksima,24.0,9.0,9.0,True,2,True
session_20260625_variable_sit_walk,sitting,temperature_right,Urządzenie z czujnikami temperatury - prawe nozdrze,10,5.0,15.0,15.0,Minima,13.714285714285714,-1.2857142857142865,1.2857142857142865,True,2,True
session_20260625_variable_sit_walk,sitting,temperature_right,Urządzenie z czujnikami temperatury - prawe nozdrze,10,5.0,15.0,15.0,Przejścia przez zero,20.869565217391305,5.869565217391305,5.869565217391305,True,2,True
session_20260625_variable_sit_walk,sitting,temperature_right,Urządzenie z czujnikami temperatury - prawe nozdrze,10,5.0,15.0,15.0,Autokorelacja,48.0,33.0,33.0,True,1,True
session_20260625_variable_sit_walk,sitting,temperature_right,Urządzenie z czujnikami temperatury - prawe nozdrze,10,5.0,15.0,15.0,FFT,6.491679927338405,-8.508320072661595,8.508320072661595,True,1,True
session_20260625_variable_sit_walk,sitting,temperature_right,Urządzenie z czujnikami temperatury - prawe nozdrze,10,5.0,15.0,15.0,Metoda nachylenia,12.0,-3.0,3.0,True,2,True
session_20260625_variable_sit_walk,sitting,temperature_right,Urządzenie z czujnikami temperatury - prawe nozdrze,10,10.0,20.0,15.0,Maksima,18.46153846153846,3.46153846153846,3.46153846153846,True,3,True
session_20260625_variable_sit_walk,sitting,temperature_right,Urządzenie z czujnikami temperatury - prawe nozdrze,10,10.0,20.0,15.0,Minima,18.46153846153846,3.46153846153846,3.46153846153846,True,2,True
session_20260625_variable_sit_walk,sitting,temperature_right,Urządzenie z czujnikami temperatury - prawe nozdrze,10,10.0,20.0,15.0,Przejścia przez zero,18.46153846153846,3.46153846153846,3.46153846153846,True,3,True
session_20260625_variable_sit_walk,sitting,temperature_right,Urządzenie z czujnikami temperatury - prawe nozdrze,10,10.0,20.0,15.0,Autokorelacja,9.23076923076923,-5.76923076923077,5.76923076923077,True,1,True
session_20260625_variable_sit_walk,sitting,temperature_right,Urządzenie z czujnikami temperatury - prawe nozdrze,10,10.0,20.0,15.0,FFT,17.137555057843052,2.137555057843052,2.137555057843052,True,1,True
session_20260625_variable_sit_walk,sitting,temperature_right,Urządzenie z czujnikami temperatury - prawe nozdrze,10,10.0,20.0,15.0,Metoda nachylenia,18.0,3.0,3.0,True,3,True
session_20260625_variable_sit_walk,sitting,temperature_right,Urządzenie z czujnikami temperatury - prawe nozdrze,10,15.0,25.0,20.0,Maksima,15.483870967741936,-4.516129032258064,4.516129032258064,True,2,True
session_20260625_variable_sit_walk,sitting,temperature_right,Urządzenie z czujnikami temperatury - prawe nozdrze,10,15.0,25.0,20.0,Minima,17.77777777777778,-2.2222222222222214,2.2222222222222214,True,3,True
session_20260625_variable_sit_walk,sitting,temperature_right,Urządzenie z czujnikami temperatury - prawe nozdrze,10,15.0,25.0,20.0,Przejścia przez zero,14.117647058823529,-5.882352941176471,5.882352941176471,True,2,True
session_20260625_variable_sit_walk,sitting,temperature_right,Urządzenie z czujnikami temperatury - prawe nozdrze,10,15.0,25.0,20.0,Autokorelacja,14.545454545454545,-5.454545454545455,5.454545454545455,True,1,True
session_20260625_variable_sit_walk,sitting,temperature_right,Urządzenie z czujnikami temperatury - prawe nozdrze,10,15.0,25.0,20.0,FFT,14.420828671673739,-5.579171328326261,5.579171328326261,True,1,True
session_20260625_variable_sit_walk,sitting,temperature_right,Urządzenie z czujnikami temperatury - prawe nozdrze,10,15.0,25.0,20.0,Metoda nachylenia,12.0,-8.0,8.0,True,2,True
session_20260625_variable_sit_walk,sitting,temperature_right,Urządzenie z czujnikami temperatury - prawe nozdrze,10,20.0,30.0,20.0,Maksima,16.842105263157894,-3.157894736842106,3.157894736842106,True,3,True
session_20260625_variable_sit_walk,sitting,temperature_right,Urządzenie z czujnikami temperatury - prawe nozdrze,10,20.0,30.0,20.0,Minima,24.615384615384617,4.615384615384617,4.615384615384617,True,3,True
session_20260625_variable_sit_walk,sitting,temperature_right,Urządzenie z czujnikami temperatury - prawe nozdrze,10,20.0,30.0,20.0,Przejścia przez zero,16.0,-4.0,4.0,True,3,True
session_20260625_variable_sit_walk,sitting,temperature_right,Urządzenie z czujnikami temperatury - prawe nozdrze,10,20.0,30.0,20.0,Autokorelacja,8.135593220338983,-11.864406779661017,11.864406779661017,True,1,True
session_20260625_variable_sit_walk,sitting,temperature_right,Urządzenie z czujnikami temperatury - prawe nozdrze,10,20.0,30.0,20.0,FFT,15.779878262193938,-4.220121737806062,4.220121737806062,True,1,True
session_20260625_variable_sit_walk,sitting,temperature_right,Urządzenie z czujnikami temperatury - prawe nozdrze,10,20.0,30.0,20.0,Metoda nachylenia,12.0,-8.0,8.0,True,2,True
session_20260625_variable_sit_walk,sitting,temperature_right,Urządzenie z czujnikami temperatury - prawe nozdrze,10,25.0,35.0,25.0,Maksima,18.823529411764707,-6.1764705882352935,6.1764705882352935,True,3,True
session_20260625_variable_sit_walk,sitting,temperature_right,Urządzenie z czujnikami temperatury - prawe nozdrze,10,25.0,35.0,25.0,Minima,18.11320754716981,-6.886792452830189,6.886792452830189,True,3,True
session_20260625_variable_sit_walk,sitting,temperature_right,Urządzenie z czujnikami temperatury - prawe nozdrze,10,25.0,35.0,25.0,Przejścia przez zero,20.425531914893618,-4.574468085106382,4.574468085106382,True,3,True
session_20260625_variable_sit_walk,sitting,temperature_right,Urządzenie z czujnikami temperatury - prawe nozdrze,10,25.0,35.0,25.0,Autokorelacja,19.2,-5.800000000000001,5.800000000000001,True,1,True
session_20260625_variable_sit_walk,sitting,temperature_right,Urządzenie z czujnikami temperatury - prawe nozdrze,10,25.0,35.0,25.0,FFT,18.67851968120894,-6.32148031879106,6.32148031879106,True,1,True
session_20260625_variable_sit_walk,sitting,temperature_right,Urządzenie z czujnikami temperatury - prawe nozdrze,10,25.0,35.0,25.0,Metoda nachylenia,18.0,-7.0,7.0,True,3,True
session_20260625_variable_sit_walk,sitting,temperature_right,Urządzenie z czujnikami temperatury - prawe nozdrze,10,30.0,40.0,25.0,Maksima,24.615384615384617,-0.38461538461538325,0.38461538461538325,True,3,True
session_20260625_variable_sit_walk,sitting,temperature_right,Urządzenie z czujnikami temperatury - prawe nozdrze,10,30.0,40.0,25.0,Minima,24.0,-1.0,1.0,True,4,True
session_20260625_variable_sit_walk,sitting,temperature_right,Urządzenie z czujnikami temperatury - prawe nozdrze,10,30.0,40.0,25.0,Przejścia przez zero,24.0,-1.0,1.0,True,4,True
session_20260625_variable_sit_walk,sitting,temperature_right,Urządzenie z czujnikami temperatury - prawe nozdrze,10,30.0,40.0,25.0,Autokorelacja,7.164179104477612,-17.83582089552239,17.83582089552239,True,1,True
session_20260625_variable_sit_walk,sitting,temperature_right,Urządzenie z czujnikami temperatury - prawe nozdrze,10,30.0,40.0,25.0,FFT,22.938454901714124,-2.061545098285876,2.061545098285876,True,1,True
session_20260625_variable_sit_walk,sitting,temperature_right,Urządzenie z czujnikami temperatury - prawe nozdrze,10,30.0,40.0,25.0,Metoda nachylenia,18.0,-7.0,7.0,True,3,True
session_20260625_variable_sit_walk,sitting,temperature_right,Urządzenie z czujnikami temperatury - prawe nozdrze,10,35.0,45.0,10.0,Maksima,25.263157894736842,15.263157894736842,15.263157894736842,True,3,True
session_20260625_variable_sit_walk,sitting,temperature_right,Urządzenie z czujnikami temperatury - prawe nozdrze,10,35.0,45.0,10.0,Minima,19.2,9.2,9.2,True,3,True
session_20260625_variable_sit_walk,sitting,temperature_right,Urządzenie z czujnikami temperatury - prawe nozdrze,10,35.0,45.0,10.0,Przejścia przez zero,18.46153846153846,8.46153846153846,8.46153846153846,True,3,True
session_20260625_variable_sit_walk,sitting,temperature_right,Urządzenie z czujnikami temperatury - prawe nozdrze,10,35.0,45.0,10.0,Autokorelacja,13.333333333333334,3.333333333333334,3.333333333333334,True,1,True
session_20260625_variable_sit_walk,sitting,temperature_right,Urządzenie z czujnikami temperatury - prawe nozdrze,10,35.0,45.0,10.0,FFT,22.8831247016937,12.8831247016937,12.8831247016937,True,1,True
session_20260625_variable_sit_walk,sitting,temperature_right,Urządzenie z czujnikami temperatury - prawe nozdrze,10,35.0,45.0,10.0,Metoda nachylenia,18.0,8.0,8.0,True,3,True
session_20260625_variable_sit_walk,sitting,temperature_right,Urządzenie z czujnikami temperatury - prawe nozdrze,10,40.0,50.0,10.0,Maksima,,,,False,1,True
session_20260625_variable_sit_walk,sitting,temperature_right,Urządzenie z czujnikami temperatury - prawe nozdrze,10,40.0,50.0,10.0,Minima,9.795918367346939,-0.204081632653061,0.204081632653061,True,2,True
session_20260625_variable_sit_walk,sitting,temperature_right,Urządzenie z czujnikami temperatury - prawe nozdrze,10,40.0,50.0,10.0,Przejścia przez zero,,,,False,1,True
session_20260625_variable_sit_walk,sitting,temperature_right,Urządzenie z czujnikami temperatury - prawe nozdrze,10,40.0,50.0,10.0,Autokorelacja,48.0,38.0,38.0,True,1,True
session_20260625_variable_sit_walk,sitting,temperature_right,Urządzenie z czujnikami temperatury - prawe nozdrze,10,40.0,50.0,10.0,FFT,8.945736814710012,-1.0542631852899884,1.0542631852899884,True,1,True
session_20260625_variable_sit_walk,sitting,temperature_right,Urządzenie z czujnikami temperatury - prawe nozdrze,10,40.0,50.0,10.0,Metoda nachylenia,12.0,2.0,2.0,True,2,True
session_20260625_variable_sit_walk,sitting,temperature_right,Urządzenie z czujnikami temperatury - prawe nozdrze,10,45.0,55.0,15.0,Maksima,11.707317073170731,-3.2926829268292686,3.2926829268292686,True,2,True
session_20260625_variable_sit_walk,sitting,temperature_right,Urządzenie z czujnikami temperatury - prawe nozdrze,10,45.0,55.0,15.0,Minima,16.0,1.0,1.0,True,2,True
session_20260625_variable_sit_walk,sitting,temperature_right,Urządzenie z czujnikami temperatury - prawe nozdrze,10,45.0,55.0,15.0,Przejścia przez zero,20.869565217391305,5.869565217391305,5.869565217391305,True,2,True
session_20260625_variable_sit_walk,sitting,temperature_right,Urządzenie z czujnikami temperatury - prawe nozdrze,10,45.0,55.0,15.0,Autokorelacja,7.0588235294117645,-7.9411764705882355,7.9411764705882355,True,1,True
session_20260625_variable_sit_walk,sitting,temperature_right,Urządzenie z czujnikami temperatury - prawe nozdrze,10,45.0,55.0,15.0,FFT,9.231590346053645,-5.768409653946355,5.768409653946355,True,1,True
session_20260625_variable_sit_walk,sitting,temperature_right,Urządzenie z czujnikami temperatury - prawe nozdrze,10,45.0,55.0,15.0,Metoda nachylenia,12.0,-3.0,3.0,True,2,True
session_20260625_variable_sit_walk,sitting,temperature_right,Urządzenie z czujnikami temperatury - prawe nozdrze,10,50.0,60.0,15.0,Maksima,16.551724137931036,1.5517241379310356,1.5517241379310356,True,3,True
session_20260625_variable_sit_walk,sitting,temperature_right,Urządzenie z czujnikami temperatury - prawe nozdrze,10,50.0,60.0,15.0,Minima,16.551724137931036,1.5517241379310356,1.5517241379310356,True,2,True
session_20260625_variable_sit_walk,sitting,temperature_right,Urządzenie z czujnikami temperatury - prawe nozdrze,10,50.0,60.0,15.0,Przejścia przez zero,16.551724137931036,1.5517241379310356,1.5517241379310356,True,2,True
session_20260625_variable_sit_walk,sitting,temperature_right,Urządzenie z czujnikami temperatury - prawe nozdrze,10,50.0,60.0,15.0,Autokorelacja,16.551724137931036,1.5517241379310356,1.5517241379310356,True,1,True
session_20260625_variable_sit_walk,sitting,temperature_right,Urządzenie z czujnikami temperatury - prawe nozdrze,10,50.0,60.0,15.0,FFT,16.338067173799526,1.3380671737995264,1.3380671737995264,True,1,True
session_20260625_variable_sit_walk,sitting,temperature_right,Urządzenie z czujnikami temperatury - prawe nozdrze,10,50.0,60.0,15.0,Metoda nachylenia,18.0,3.0,3.0,True,3,True
session_20260625_variable_sit_walk,sitting,temperature_right,Urządzenie z czujnikami temperatury - prawe nozdrze,10,55.0,65.0,20.0,Maksima,22.857142857142858,2.8571428571428577,2.8571428571428577,True,3,True
session_20260625_variable_sit_walk,sitting,temperature_right,Urządzenie z czujnikami temperatury - prawe nozdrze,10,55.0,65.0,20.0,Minima,20.0,0.0,0.0,True,3,True
session_20260625_variable_sit_walk,sitting,temperature_right,Urządzenie z czujnikami temperatury - prawe nozdrze,10,55.0,65.0,20.0,Przejścia przez zero,20.425531914893618,0.4255319148936181,0.4255319148936181,True,3,True
session_20260625_variable_sit_walk,sitting,temperature_right,Urządzenie z czujnikami temperatury - prawe nozdrze,10,55.0,65.0,20.0,Autokorelacja,11.162790697674419,-8.837209302325581,8.837209302325581,True,1,True
session_20260625_variable_sit_walk,sitting,temperature_right,Urządzenie z czujnikami temperatury - prawe nozdrze,10,55.0,65.0,20.0,FFT,12.96562448323109,-7.034375516768909,7.034375516768909,True,1,True
session_20260625_variable_sit_walk,sitting,temperature_right,Urządzenie z czujnikami temperatury - prawe nozdrze,10,55.0,65.0,20.0,Metoda nachylenia,18.0,-2.0,2.0,True,3,True
session_20260625_variable_sit_walk,sitting,temperature_right,Urządzenie z czujnikami temperatury - prawe nozdrze,10,60.0,70.0,20.0,Maksima,21.818181818181817,1.8181818181818166,1.8181818181818166,True,4,True
session_20260625_variable_sit_walk,sitting,temperature_right,Urządzenie z czujnikami temperatury - prawe nozdrze,10,60.0,70.0,20.0,Minima,21.333333333333332,1.3333333333333321,1.3333333333333321,True,3,True
session_20260625_variable_sit_walk,sitting,temperature_right,Urządzenie z czujnikami temperatury - prawe nozdrze,10,60.0,70.0,20.0,Przejścia przez zero,20.869565217391305,0.8695652173913047,0.8695652173913047,True,4,True
session_20260625_variable_sit_walk,sitting,temperature_right,Urządzenie z czujnikami temperatury - prawe nozdrze,10,60.0,70.0,20.0,Autokorelacja,21.818181818181817,1.8181818181818166,1.8181818181818166,True,1,True
session_20260625_variable_sit_walk,sitting,temperature_right,Urządzenie z czujnikami temperatury - prawe nozdrze,10,60.0,70.0,20.0,FFT,21.24503353481487,1.2450335348148691,1.2450335348148691,True,1,True
session_20260625_variable_sit_walk,sitting,temperature_right,Urządzenie z czujnikami temperatury - prawe nozdrze,10,60.0,70.0,20.0,Metoda nachylenia,18.0,-2.0,2.0,True,3,True
session_20260625_variable_sit_walk,sitting,temperature_right,Urządzenie z czujnikami temperatury - prawe nozdrze,10,65.0,75.0,25.0,Maksima,18.11320754716981,-6.886792452830189,6.886792452830189,True,3,True
session_20260625_variable_sit_walk,sitting,temperature_right,Urządzenie z czujnikami temperatury - prawe nozdrze,10,65.0,75.0,25.0,Minima,18.823529411764707,-6.1764705882352935,6.1764705882352935,True,3,True
session_20260625_variable_sit_walk,sitting,temperature_right,Urządzenie z czujnikami temperatury - prawe nozdrze,10,65.0,75.0,25.0,Przejścia przez zero,20.869565217391305,-4.130434782608695,4.130434782608695,True,4,True
session_20260625_variable_sit_walk,sitting,temperature_right,Urządzenie z czujnikami temperatury - prawe nozdrze,10,65.0,75.0,25.0,Autokorelacja,18.46153846153846,-6.53846153846154,6.53846153846154,True,1,True
session_20260625_variable_sit_walk,sitting,temperature_right,Urządzenie z czujnikami temperatury - prawe nozdrze,10,65.0,75.0,25.0,FFT,16.777619175885217,-8.222380824114783,8.222380824114783,True,1,True
session_20260625_variable_sit_walk,sitting,temperature_right,Urządzenie z czujnikami temperatury - prawe nozdrze,10,65.0,75.0,25.0,Metoda nachylenia,18.0,-7.0,7.0,True,3,True
session_20260625_variable_sit_walk,sitting,temperature_right,Urządzenie z czujnikami temperatury - prawe nozdrze,10,70.0,80.0,25.0,Maksima,26.666666666666668,1.6666666666666679,1.6666666666666679,True,3,True
session_20260625_variable_sit_walk,sitting,temperature_right,Urządzenie z czujnikami temperatury - prawe nozdrze,10,70.0,80.0,25.0,Minima,24.0,-1.0,1.0,True,4,True
session_20260625_variable_sit_walk,sitting,temperature_right,Urządzenie z czujnikami temperatury - prawe nozdrze,10,70.0,80.0,25.0,Przejścia przez zero,25.263157894736842,0.2631578947368425,0.2631578947368425,True,3,True
session_20260625_variable_sit_walk,sitting,temperature_right,Urządzenie z czujnikami temperatury - prawe nozdrze,10,70.0,80.0,25.0,Autokorelacja,25.263157894736842,0.2631578947368425,0.2631578947368425,True,1,True
session_20260625_variable_sit_walk,sitting,temperature_right,Urządzenie z czujnikami temperatury - prawe nozdrze,10,70.0,80.0,25.0,FFT,25.896995797603214,0.8969957976032141,0.8969957976032141,True,1,True
session_20260625_variable_sit_walk,sitting,temperature_right,Urządzenie z czujnikami temperatury - prawe nozdrze,10,70.0,80.0,25.0,Metoda nachylenia,18.0,-7.0,7.0,True,3,True
session_20260625_variable_sit_walk,sitting,temperature_right,Urządzenie z czujnikami temperatury - prawe nozdrze,10,75.0,85.0,10.0,Maksima,24.0,14.0,14.0,True,2,True
session_20260625_variable_sit_walk,sitting,temperature_right,Urządzenie z czujnikami temperatury - prawe nozdrze,10,75.0,85.0,10.0,Minima,22.857142857142858,12.857142857142858,12.857142857142858,True,3,True
session_20260625_variable_sit_walk,sitting,temperature_right,Urządzenie z czujnikami temperatury - prawe nozdrze,10,75.0,85.0,10.0,Przejścia przez zero,20.0,10.0,10.0,True,3,True
session_20260625_variable_sit_walk,sitting,temperature_right,Urządzenie z czujnikami temperatury - prawe nozdrze,10,75.0,85.0,10.0,Autokorelacja,6.575342465753424,-3.4246575342465757,3.4246575342465757,True,1,True
session_20260625_variable_sit_walk,sitting,temperature_right,Urządzenie z czujnikami temperatury - prawe nozdrze,10,75.0,85.0,10.0,FFT,21.92583776220181,11.925837762201809,11.925837762201809,True,1,True
session_20260625_variable_sit_walk,sitting,temperature_right,Urządzenie z czujnikami temperatury - prawe nozdrze,10,75.0,85.0,10.0,Metoda nachylenia,18.0,8.0,8.0,True,3,True
session_20260625_variable_sit_walk,sitting,temperature_right,Urządzenie z czujnikami temperatury - prawe nozdrze,10,80.0,90.0,10.0,Maksima,,,,False,1,True
session_20260625_variable_sit_walk,sitting,temperature_right,Urządzenie z czujnikami temperatury - prawe nozdrze,10,80.0,90.0,10.0,Minima,8.275862068965518,-1.7241379310344822,1.7241379310344822,True,2,True
session_20260625_variable_sit_walk,sitting,temperature_right,Urządzenie z czujnikami temperatury - prawe nozdrze,10,80.0,90.0,10.0,Przejścia przez zero,,,,False,1,True
session_20260625_variable_sit_walk,sitting,temperature_right,Urządzenie z czujnikami temperatury - prawe nozdrze,10,80.0,90.0,10.0,Autokorelacja,48.0,38.0,38.0,True,1,True
session_20260625_variable_sit_walk,sitting,temperature_right,Urządzenie z czujnikami temperatury - prawe nozdrze,10,80.0,90.0,10.0,FFT,7.121487186608175,-2.8785128133918247,2.8785128133918247,True,1,True
session_20260625_variable_sit_walk,sitting,temperature_right,Urządzenie z czujnikami temperatury - prawe nozdrze,10,80.0,90.0,10.0,Metoda nachylenia,12.0,2.0,2.0,True,2,True
session_20260625_variable_sit_walk,sitting,temperature_right,Urządzenie z czujnikami temperatury - prawe nozdrze,10,85.0,95.0,15.0,Maksima,,,,False,1,True
session_20260625_variable_sit_walk,sitting,temperature_right,Urządzenie z czujnikami temperatury - prawe nozdrze,10,85.0,95.0,15.0,Minima,16.0,1.0,1.0,True,2,True
session_20260625_variable_sit_walk,sitting,temperature_right,Urządzenie z czujnikami temperatury - prawe nozdrze,10,85.0,95.0,15.0,Przejścia przez zero,20.869565217391305,5.869565217391305,5.869565217391305,True,2,True
session_20260625_variable_sit_walk,sitting,temperature_right,Urządzenie z czujnikami temperatury - prawe nozdrze,10,85.0,95.0,15.0,Autokorelacja,48.0,33.0,33.0,True,1,True
session_20260625_variable_sit_walk,sitting,temperature_right,Urządzenie z czujnikami temperatury - prawe nozdrze,10,85.0,95.0,15.0,FFT,6.604714496729367,-8.395285503270632,8.395285503270632,True,1,True
session_20260625_variable_sit_walk,sitting,temperature_right,Urządzenie z czujnikami temperatury - prawe nozdrze,10,85.0,95.0,15.0,Metoda nachylenia,12.0,-3.0,3.0,True,2,True
session_20260625_variable_sit_walk,sitting,temperature_right,Urządzenie z czujnikami temperatury - prawe nozdrze,10,90.0,100.0,15.0,Maksima,18.11320754716981,3.113207547169811,3.113207547169811,True,3,True
session_20260625_variable_sit_walk,sitting,temperature_right,Urządzenie z czujnikami temperatury - prawe nozdrze,10,90.0,100.0,15.0,Minima,17.142857142857142,2.1428571428571423,2.1428571428571423,True,2,True
session_20260625_variable_sit_walk,sitting,temperature_right,Urządzenie z czujnikami temperatury - prawe nozdrze,10,90.0,100.0,15.0,Przejścia przez zero,17.454545454545453,2.4545454545454533,2.4545454545454533,True,3,True
session_20260625_variable_sit_walk,sitting,temperature_right,Urządzenie z czujnikami temperatury - prawe nozdrze,10,90.0,100.0,15.0,Autokorelacja,17.77777777777778,2.7777777777777786,2.7777777777777786,True,1,True
session_20260625_variable_sit_walk,sitting,temperature_right,Urządzenie z czujnikami temperatury - prawe nozdrze,10,90.0,100.0,15.0,FFT,17.841016592183728,2.8410165921837276,2.8410165921837276,True,1,True
session_20260625_variable_sit_walk,sitting,temperature_right,Urządzenie z czujnikami temperatury - prawe nozdrze,10,90.0,100.0,15.0,Metoda nachylenia,18.0,3.0,3.0,True,3,True
session_20260625_variable_sit_walk,sitting,temperature_right,Urządzenie z czujnikami temperatury - prawe nozdrze,10,95.0,105.0,20.0,Maksima,11.707317073170731,-8.292682926829269,8.292682926829269,True,2,True
session_20260625_variable_sit_walk,sitting,temperature_right,Urządzenie z czujnikami temperatury - prawe nozdrze,10,95.0,105.0,20.0,Minima,15.483870967741936,-4.516129032258064,4.516129032258064,True,2,True
session_20260625_variable_sit_walk,sitting,temperature_right,Urządzenie z czujnikami temperatury - prawe nozdrze,10,95.0,105.0,20.0,Przejścia przez zero,13.333333333333334,-6.666666666666666,6.666666666666666,True,2,True
session_20260625_variable_sit_walk,sitting,temperature_right,Urządzenie z czujnikami temperatury - prawe nozdrze,10,95.0,105.0,20.0,Autokorelacja,12.972972972972974,-7.027027027027026,7.027027027027026,True,1,True
session_20260625_variable_sit_walk,sitting,temperature_right,Urządzenie z czujnikami temperatury - prawe nozdrze,10,95.0,105.0,20.0,FFT,12.445267851500496,-7.554732148499504,7.554732148499504,True,1,True
session_20260625_variable_sit_walk,sitting,temperature_right,Urządzenie z czujnikami temperatury - prawe nozdrze,10,95.0,105.0,20.0,Metoda nachylenia,12.0,-8.0,8.0,True,2,True
session_20260625_variable_sit_walk,sitting,temperature_right,Urządzenie z czujnikami temperatury - prawe nozdrze,10,100.0,110.0,20.0,Maksima,20.869565217391305,0.8695652173913047,0.8695652173913047,True,3,True
session_20260625_variable_sit_walk,sitting,temperature_right,Urządzenie z czujnikami temperatury - prawe nozdrze,10,100.0,110.0,20.0,Minima,21.818181818181817,1.8181818181818166,1.8181818181818166,True,2,True
session_20260625_variable_sit_walk,sitting,temperature_right,Urządzenie z czujnikami temperatury - prawe nozdrze,10,100.0,110.0,20.0,Przejścia przez zero,16.271186440677965,-3.7288135593220346,3.7288135593220346,True,3,True
session_20260625_variable_sit_walk,sitting,temperature_right,Urządzenie z czujnikami temperatury - prawe nozdrze,10,100.0,110.0,20.0,Autokorelacja,8.0,-12.0,12.0,True,1,True
session_20260625_variable_sit_walk,sitting,temperature_right,Urządzenie z czujnikami temperatury - prawe nozdrze,10,100.0,110.0,20.0,FFT,8.587592608053136,-11.412407391946864,11.412407391946864,True,1,True
session_20260625_variable_sit_walk,sitting,temperature_right,Urządzenie z czujnikami temperatury - prawe nozdrze,10,100.0,110.0,20.0,Metoda nachylenia,12.0,-8.0,8.0,True,2,True
session_20260625_variable_sit_walk,sitting,temperature_right,Urządzenie z czujnikami temperatury - prawe nozdrze,10,105.0,115.0,25.0,Maksima,18.11320754716981,-6.886792452830189,6.886792452830189,True,3,True
session_20260625_variable_sit_walk,sitting,temperature_right,Urządzenie z czujnikami temperatury - prawe nozdrze,10,105.0,115.0,25.0,Minima,18.823529411764707,-6.1764705882352935,6.1764705882352935,True,3,True
session_20260625_variable_sit_walk,sitting,temperature_right,Urządzenie z czujnikami temperatury - prawe nozdrze,10,105.0,115.0,25.0,Przejścia przez zero,18.11320754716981,-6.886792452830189,6.886792452830189,True,3,True
session_20260625_variable_sit_walk,sitting,temperature_right,Urządzenie z czujnikami temperatury - prawe nozdrze,10,105.0,115.0,25.0,Autokorelacja,9.23076923076923,-15.76923076923077,15.76923076923077,True,1,True
session_20260625_variable_sit_walk,sitting,temperature_right,Urządzenie z czujnikami temperatury - prawe nozdrze,10,105.0,115.0,25.0,FFT,16.849891370557643,-8.150108629442357,8.150108629442357,True,1,True
session_20260625_variable_sit_walk,sitting,temperature_right,Urządzenie z czujnikami temperatury - prawe nozdrze,10,105.0,115.0,25.0,Metoda nachylenia,18.0,-7.0,7.0,True,3,True
session_20260625_variable_sit_walk,sitting,temperature_right,Urządzenie z czujnikami temperatury - prawe nozdrze,10,110.0,120.0,25.0,Maksima,25.263157894736842,0.2631578947368425,0.2631578947368425,True,3,True
session_20260625_variable_sit_walk,sitting,temperature_right,Urządzenie z czujnikami temperatury - prawe nozdrze,10,110.0,120.0,25.0,Minima,24.0,-1.0,1.0,True,4,True
session_20260625_variable_sit_walk,sitting,temperature_right,Urządzenie z czujnikami temperatury - prawe nozdrze,10,110.0,120.0,25.0,Przejścia przez zero,23.414634146341463,-1.585365853658537,1.585365853658537,True,3,True
session_20260625_variable_sit_walk,sitting,temperature_right,Urządzenie z czujnikami temperatury - prawe nozdrze,10,110.0,120.0,25.0,Autokorelacja,25.263157894736842,0.2631578947368425,0.2631578947368425,True,1,True
session_20260625_variable_sit_walk,sitting,temperature_right,Urządzenie z czujnikami temperatury - prawe nozdrze,10,110.0,120.0,25.0,FFT,24.944204460860277,-0.055795539139722905,0.055795539139722905,True,1,True
session_20260625_variable_sit_walk,sitting,temperature_right,Urządzenie z czujnikami temperatury - prawe nozdrze,10,110.0,120.0,25.0,Metoda nachylenia,18.0,-7.0,7.0,True,3,True
session_20260625_variable_sit_walk,walking,temperature_right,Urządzenie z czujnikami temperatury - prawe nozdrze,10,125.0,135.0,10.0,Maksima,27.428571428571427,17.428571428571427,17.428571428571427,True,3,True
session_20260625_variable_sit_walk,walking,temperature_right,Urządzenie z czujnikami temperatury - prawe nozdrze,10,125.0,135.0,10.0,Minima,20.0,10.0,10.0,True,3,True
session_20260625_variable_sit_walk,walking,temperature_right,Urządzenie z czujnikami temperatury - prawe nozdrze,10,125.0,135.0,10.0,Przejścia przez zero,18.11320754716981,8.11320754716981,8.11320754716981,True,3,True
session_20260625_variable_sit_walk,walking,temperature_right,Urządzenie z czujnikami temperatury - prawe nozdrze,10,125.0,135.0,10.0,Autokorelacja,13.714285714285714,3.7142857142857135,3.7142857142857135,True,1,True
session_20260625_variable_sit_walk,walking,temperature_right,Urządzenie z czujnikami temperatury - prawe nozdrze,10,125.0,135.0,10.0,FFT,15.486394000453465,5.4863940004534655,5.4863940004534655,True,1,True
session_20260625_variable_sit_walk,walking,temperature_right,Urządzenie z czujnikami temperatury - prawe nozdrze,10,125.0,135.0,10.0,Metoda nachylenia,6.0,-4.0,4.0,True,1,True
session_20260625_variable_sit_walk,walking,temperature_right,Urządzenie z czujnikami temperatury - prawe nozdrze,10,130.0,140.0,10.0,Maksima,,,,False,1,True
session_20260625_variable_sit_walk,walking,temperature_right,Urządzenie z czujnikami temperatury - prawe nozdrze,10,130.0,140.0,10.0,Minima,9.411764705882353,-0.5882352941176467,0.5882352941176467,True,2,True
session_20260625_variable_sit_walk,walking,temperature_right,Urządzenie z czujnikami temperatury - prawe nozdrze,10,130.0,140.0,10.0,Przejścia przez zero,,,,False,1,True
session_20260625_variable_sit_walk,walking,temperature_right,Urządzenie z czujnikami temperatury - prawe nozdrze,10,130.0,140.0,10.0,Autokorelacja,9.795918367346939,-0.204081632653061,0.204081632653061,True,1,True
session_20260625_variable_sit_walk,walking,temperature_right,Urządzenie z czujnikami temperatury - prawe nozdrze,10,130.0,140.0,10.0,FFT,8.732508304438088,-1.2674916955619118,1.2674916955619118,True,1,True
session_20260625_variable_sit_walk,walking,temperature_right,Urządzenie z czujnikami temperatury - prawe nozdrze,10,130.0,140.0,10.0,Metoda nachylenia,12.0,2.0,2.0,True,2,True
session_20260625_variable_sit_walk,walking,temperature_right,Urządzenie z czujnikami temperatury - prawe nozdrze,10,135.0,145.0,15.0,Maksima,10.909090909090908,-4.090909090909092,4.090909090909092,True,2,True
session_20260625_variable_sit_walk,walking,temperature_right,Urządzenie z czujnikami temperatury - prawe nozdrze,10,135.0,145.0,15.0,Minima,13.714285714285714,-1.2857142857142865,1.2857142857142865,True,2,True
session_20260625_variable_sit_walk,walking,temperature_right,Urządzenie z czujnikami temperatury - prawe nozdrze,10,135.0,145.0,15.0,Przejścia przez zero,18.46153846153846,3.46153846153846,3.46153846153846,True,2,True
session_20260625_variable_sit_walk,walking,temperature_right,Urządzenie z czujnikami temperatury - prawe nozdrze,10,135.0,145.0,15.0,Autokorelacja,48.0,33.0,33.0,True,1,True
session_20260625_variable_sit_walk,walking,temperature_right,Urządzenie z czujnikami temperatury - prawe nozdrze,10,135.0,145.0,15.0,FFT,9.08480959487402,-5.91519040512598,5.91519040512598,True,1,True
session_20260625_variable_sit_walk,walking,temperature_right,Urządzenie z czujnikami temperatury - prawe nozdrze,10,135.0,145.0,15.0,Metoda nachylenia,12.0,-3.0,3.0,True,2,True
session_20260625_variable_sit_walk,walking,temperature_right,Urządzenie z czujnikami temperatury - prawe nozdrze,10,140.0,150.0,15.0,Maksima,18.46153846153846,3.46153846153846,3.46153846153846,True,3,True
session_20260625_variable_sit_walk,walking,temperature_right,Urządzenie z czujnikami temperatury - prawe nozdrze,10,140.0,150.0,15.0,Minima,20.0,5.0,5.0,True,2,True
session_20260625_variable_sit_walk,walking,temperature_right,Urządzenie z czujnikami temperatury - prawe nozdrze,10,140.0,150.0,15.0,Przejścia przez zero,17.77777777777778,2.7777777777777786,2.7777777777777786,True,3,True
session_20260625_variable_sit_walk,walking,temperature_right,Urządzenie z czujnikami temperatury - prawe nozdrze,10,140.0,150.0,15.0,Autokorelacja,9.23076923076923,-5.76923076923077,5.76923076923077,True,1,True
session_20260625_variable_sit_walk,walking,temperature_right,Urządzenie z czujnikami temperatury - prawe nozdrze,10,140.0,150.0,15.0,FFT,19.091583298549587,4.091583298549587,4.091583298549587,True,1,True
session_20260625_variable_sit_walk,walking,temperature_right,Urządzenie z czujnikami temperatury - prawe nozdrze,10,140.0,150.0,15.0,Metoda nachylenia,18.0,3.0,3.0,True,3,True
session_20260625_variable_sit_walk,sitting,temperature_right,Urządzenie z czujnikami temperatury - prawe nozdrze,20,5.0,25.0,20.0,Maksima,15.483870967741936,-4.516129032258064,4.516129032258064,True,4,True
session_20260625_variable_sit_walk,sitting,temperature_right,Urządzenie z czujnikami temperatury - prawe nozdrze,20,5.0,25.0,20.0,Minima,15.0,-5.0,5.0,True,4,True
session_20260625_variable_sit_walk,sitting,temperature_right,Urządzenie z czujnikami temperatury - prawe nozdrze,20,5.0,25.0,20.0,Przejścia przez zero,15.0,-5.0,5.0,True,4,True
session_20260625_variable_sit_walk,sitting,temperature_right,Urządzenie z czujnikami temperatury - prawe nozdrze,20,5.0,25.0,20.0,Autokorelacja,5.0,-15.0,15.0,True,1,True
session_20260625_variable_sit_walk,sitting,temperature_right,Urządzenie z czujnikami temperatury - prawe nozdrze,20,5.0,25.0,20.0,FFT,16.773999327827653,-3.226000672172347,3.226000672172347,True,1,True
session_20260625_variable_sit_walk,sitting,temperature_right,Urządzenie z czujnikami temperatury - prawe nozdrze,20,5.0,25.0,20.0,Metoda nachylenia,15.0,-5.0,5.0,True,5,True
session_20260625_variable_sit_walk,sitting,temperature_right,Urządzenie z czujnikami temperatury - prawe nozdrze,20,10.0,30.0,20.0,Maksima,15.483870967741936,-4.516129032258064,4.516129032258064,True,6,True
session_20260625_variable_sit_walk,sitting,temperature_right,Urządzenie z czujnikami temperatury - prawe nozdrze,20,10.0,30.0,20.0,Minima,22.857142857142858,2.8571428571428577,2.8571428571428577,True,6,True
session_20260625_variable_sit_walk,sitting,temperature_right,Urządzenie z czujnikami temperatury - prawe nozdrze,20,10.0,30.0,20.0,Przejścia przez zero,16.0,-4.0,4.0,True,6,True
session_20260625_variable_sit_walk,sitting,temperature_right,Urządzenie z czujnikami temperatury - prawe nozdrze,20,10.0,30.0,20.0,Autokorelacja,5.161290322580645,-14.838709677419356,14.838709677419356,True,1,True
session_20260625_variable_sit_walk,sitting,temperature_right,Urządzenie z czujnikami temperatury - prawe nozdrze,20,10.0,30.0,20.0,FFT,14.091678210626238,-5.908321789373762,5.908321789373762,True,1,True
session_20260625_variable_sit_walk,sitting,temperature_right,Urządzenie z czujnikami temperatury - prawe nozdrze,20,10.0,30.0,20.0,Metoda nachylenia,15.0,-5.0,5.0,True,5,True
session_20260625_variable_sit_walk,sitting,temperature_right,Urządzenie z czujnikami temperatury - prawe nozdrze,20,15.0,35.0,25.0,Maksima,16.0,-9.0,9.0,True,5,True
session_20260625_variable_sit_walk,sitting,temperature_right,Urządzenie z czujnikami temperatury - prawe nozdrze,20,15.0,35.0,25.0,Minima,20.869565217391305,-4.130434782608695,4.130434782608695,True,7,True
session_20260625_variable_sit_walk,sitting,temperature_right,Urządzenie z czujnikami temperatury - prawe nozdrze,20,15.0,35.0,25.0,Przejścia przez zero,17.142857142857142,-7.857142857142858,7.857142857142858,True,5,True
session_20260625_variable_sit_walk,sitting,temperature_right,Urządzenie z czujnikami temperatury - prawe nozdrze,20,15.0,35.0,25.0,Autokorelacja,15.483870967741936,-9.516129032258064,9.516129032258064,True,1,True
session_20260625_variable_sit_walk,sitting,temperature_right,Urządzenie z czujnikami temperatury - prawe nozdrze,20,15.0,35.0,25.0,FFT,12.514063870781271,-12.485936129218729,12.485936129218729,True,1,True
session_20260625_variable_sit_walk,sitting,temperature_right,Urządzenie z czujnikami temperatury - prawe nozdrze,20,15.0,35.0,25.0,Metoda nachylenia,15.0,-10.0,10.0,True,5,True
session_20260625_variable_sit_walk,sitting,temperature_right,Urządzenie z czujnikami temperatury - prawe nozdrze,20,20.0,40.0,25.0,Maksima,20.869565217391305,-4.130434782608695,4.130434782608695,True,6,True
session_20260625_variable_sit_walk,sitting,temperature_right,Urządzenie z czujnikami temperatury - prawe nozdrze,20,20.0,40.0,25.0,Minima,24.0,-1.0,1.0,True,7,True
session_20260625_variable_sit_walk,sitting,temperature_right,Urządzenie z czujnikami temperatury - prawe nozdrze,20,20.0,40.0,25.0,Przejścia przez zero,20.869565217391305,-4.130434782608695,4.130434782608695,True,7,True
session_20260625_variable_sit_walk,sitting,temperature_right,Urządzenie z czujnikami temperatury - prawe nozdrze,20,20.0,40.0,25.0,Autokorelacja,5.5813953488372094,-19.41860465116279,19.41860465116279,True,1,True
session_20260625_variable_sit_walk,sitting,temperature_right,Urządzenie z czujnikami temperatury - prawe nozdrze,20,20.0,40.0,25.0,FFT,19.352609729919312,-5.647390270080688,5.647390270080688,True,1,True
session_20260625_variable_sit_walk,sitting,temperature_right,Urządzenie z czujnikami temperatury - prawe nozdrze,20,20.0,40.0,25.0,Metoda nachylenia,18.0,-7.0,7.0,True,6,True
session_20260625_variable_sit_walk,sitting,temperature_right,Urządzenie z czujnikami temperatury - prawe nozdrze,20,25.0,45.0,10.0,Maksima,22.857142857142858,12.857142857142858,12.857142857142858,True,6,True
session_20260625_variable_sit_walk,sitting,temperature_right,Urządzenie z czujnikami temperatury - prawe nozdrze,20,25.0,45.0,10.0,Minima,19.2,9.2,9.2,True,6,True
session_20260625_variable_sit_walk,sitting,temperature_right,Urządzenie z czujnikami temperatury - prawe nozdrze,20,25.0,45.0,10.0,Przejścia przez zero,20.869565217391305,10.869565217391305,10.869565217391305,True,7,True
session_20260625_variable_sit_walk,sitting,temperature_right,Urządzenie z czujnikami temperatury - prawe nozdrze,20,25.0,45.0,10.0,Autokorelacja,21.818181818181817,11.818181818181817,11.818181818181817,True,1,True
session_20260625_variable_sit_walk,sitting,temperature_right,Urządzenie z czujnikami temperatury - prawe nozdrze,20,25.0,45.0,10.0,FFT,20.917232532689958,10.917232532689958,10.917232532689958,True,1,True
session_20260625_variable_sit_walk,sitting,temperature_right,Urządzenie z czujnikami temperatury - prawe nozdrze,20,25.0,45.0,10.0,Metoda nachylenia,18.0,8.0,8.0,True,6,True
session_20260625_variable_sit_walk,sitting,temperature_right,Urządzenie z czujnikami temperatury - prawe nozdrze,20,30.0,50.0,10.0,Maksima,24.0,14.0,14.0,True,5,True
session_20260625_variable_sit_walk,sitting,temperature_right,Urządzenie z czujnikami temperatury - prawe nozdrze,20,30.0,50.0,10.0,Minima,16.0,6.0,6.0,True,6,True
session_20260625_variable_sit_walk,sitting,temperature_right,Urządzenie z czujnikami temperatury - prawe nozdrze,20,30.0,50.0,10.0,Przejścia przez zero,21.333333333333332,11.333333333333332,11.333333333333332,True,5,True
session_20260625_variable_sit_walk,sitting,temperature_right,Urządzenie z czujnikami temperatury - prawe nozdrze,20,30.0,50.0,10.0,Autokorelacja,5.0,-5.0,5.0,True,1,True
session_20260625_variable_sit_walk,sitting,temperature_right,Urządzenie z czujnikami temperatury - prawe nozdrze,20,30.0,50.0,10.0,FFT,8.629329315572287,-1.3706706844277132,1.3706706844277132,True,1,True
session_20260625_variable_sit_walk,sitting,temperature_right,Urządzenie z czujnikami temperatury - prawe nozdrze,20,30.0,50.0,10.0,Metoda nachylenia,15.0,5.0,5.0,True,5,True
session_20260625_variable_sit_walk,sitting,temperature_right,Urządzenie z czujnikami temperatury - prawe nozdrze,20,35.0,55.0,15.0,Maksima,11.707317073170731,-3.2926829268292686,3.2926829268292686,True,4,True
session_20260625_variable_sit_walk,sitting,temperature_right,Urządzenie z czujnikami temperatury - prawe nozdrze,20,35.0,55.0,15.0,Minima,16.0,1.0,1.0,True,5,True
session_20260625_variable_sit_walk,sitting,temperature_right,Urządzenie z czujnikami temperatury - prawe nozdrze,20,35.0,55.0,15.0,Przejścia przez zero,15.483870967741936,0.48387096774193594,0.48387096774193594,True,5,True
session_20260625_variable_sit_walk,sitting,temperature_right,Urządzenie z czujnikami temperatury - prawe nozdrze,20,35.0,55.0,15.0,Autokorelacja,5.783132530120482,-9.216867469879517,9.216867469879517,True,1,True
session_20260625_variable_sit_walk,sitting,temperature_right,Urządzenie z czujnikami temperatury - prawe nozdrze,20,35.0,55.0,15.0,FFT,9.528727198069113,-5.471272801930887,5.471272801930887,True,1,True
session_20260625_variable_sit_walk,sitting,temperature_right,Urządzenie z czujnikami temperatury - prawe nozdrze,20,35.0,55.0,15.0,Metoda nachylenia,15.0,0.0,0.0,True,5,True
session_20260625_variable_sit_walk,sitting,temperature_right,Urządzenie z czujnikami temperatury - prawe nozdrze,20,40.0,60.0,15.0,Maksima,16.0,1.0,1.0,True,4,True
session_20260625_variable_sit_walk,sitting,temperature_right,Urządzenie z czujnikami temperatury - prawe nozdrze,20,40.0,60.0,15.0,Minima,16.0,1.0,1.0,True,4,True
session_20260625_variable_sit_walk,sitting,temperature_right,Urządzenie z czujnikami temperatury - prawe nozdrze,20,40.0,60.0,15.0,Przejścia przez zero,16.551724137931036,1.5517241379310356,1.5517241379310356,True,4,True
session_20260625_variable_sit_walk,sitting,temperature_right,Urządzenie z czujnikami temperatury - prawe nozdrze,20,40.0,60.0,15.0,Autokorelacja,10.0,-5.0,5.0,True,1,True
session_20260625_variable_sit_walk,sitting,temperature_right,Urządzenie z czujnikami temperatury - prawe nozdrze,20,40.0,60.0,15.0,FFT,12.232119029873518,-2.767880970126482,2.767880970126482,True,1,True
session_20260625_variable_sit_walk,sitting,temperature_right,Urządzenie z czujnikami temperatury - prawe nozdrze,20,40.0,60.0,15.0,Metoda nachylenia,15.0,0.0,0.0,True,5,True
session_20260625_variable_sit_walk,sitting,temperature_right,Urządzenie z czujnikami temperatury - prawe nozdrze,20,45.0,65.0,20.0,Maksima,17.142857142857142,-2.8571428571428577,2.8571428571428577,True,6,True
session_20260625_variable_sit_walk,sitting,temperature_right,Urządzenie z czujnikami temperatury - prawe nozdrze,20,45.0,65.0,20.0,Minima,16.0,-4.0,4.0,True,5,True
session_20260625_variable_sit_walk,sitting,temperature_right,Urządzenie z czujnikami temperatury - prawe nozdrze,20,45.0,65.0,20.0,Przejścia przez zero,17.77777777777778,-2.2222222222222214,2.2222222222222214,True,5,True
session_20260625_variable_sit_walk,sitting,temperature_right,Urządzenie z czujnikami temperatury - prawe nozdrze,20,45.0,65.0,20.0,Autokorelacja,5.0,-15.0,15.0,True,1,True
session_20260625_variable_sit_walk,sitting,temperature_right,Urządzenie z czujnikami temperatury - prawe nozdrze,20,45.0,65.0,20.0,FFT,16.14671510472441,-3.853284895275589,3.853284895275589,True,1,True
session_20260625_variable_sit_walk,sitting,temperature_right,Urządzenie z czujnikami temperatury - prawe nozdrze,20,45.0,65.0,20.0,Metoda nachylenia,18.0,-2.0,2.0,True,6,True
session_20260625_variable_sit_walk,sitting,temperature_right,Urządzenie z czujnikami temperatury - prawe nozdrze,20,50.0,70.0,20.0,Maksima,20.0,0.0,0.0,True,7,True
session_20260625_variable_sit_walk,sitting,temperature_right,Urządzenie z czujnikami temperatury - prawe nozdrze,20,50.0,70.0,20.0,Minima,20.0,0.0,0.0,True,6,True
session_20260625_variable_sit_walk,sitting,temperature_right,Urządzenie z czujnikami temperatury - prawe nozdrze,20,50.0,70.0,20.0,Przejścia przez zero,18.11320754716981,-1.8867924528301891,1.8867924528301891,True,5,True
session_20260625_variable_sit_walk,sitting,temperature_right,Urządzenie z czujnikami temperatury - prawe nozdrze,20,50.0,70.0,20.0,Autokorelacja,17.77777777777778,-2.2222222222222214,2.2222222222222214,True,1,True
session_20260625_variable_sit_walk,sitting,temperature_right,Urządzenie z czujnikami temperatury - prawe nozdrze,20,50.0,70.0,20.0,FFT,14.47091020480774,-5.5290897951922595,5.5290897951922595,True,1,True
session_20260625_variable_sit_walk,sitting,temperature_right,Urządzenie z czujnikami temperatury - prawe nozdrze,20,50.0,70.0,20.0,Metoda nachylenia,18.0,-2.0,2.0,True,6,True
session_20260625_variable_sit_walk,sitting,temperature_right,Urządzenie z czujnikami temperatury - prawe nozdrze,20,55.0,75.0,25.0,Maksima,20.869565217391305,-4.130434782608695,4.130434782608695,True,6,True
session_20260625_variable_sit_walk,sitting,temperature_right,Urządzenie z czujnikami temperatury - prawe nozdrze,20,55.0,75.0,25.0,Minima,21.333333333333332,-3.666666666666668,3.666666666666668,True,7,True
session_20260625_variable_sit_walk,sitting,temperature_right,Urządzenie z czujnikami temperatury - prawe nozdrze,20,55.0,75.0,25.0,Przejścia przez zero,20.0,-5.0,5.0,True,6,True
session_20260625_variable_sit_walk,sitting,temperature_right,Urządzenie z czujnikami temperatury - prawe nozdrze,20,55.0,75.0,25.0,Autokorelacja,5.217391304347826,-19.782608695652172,19.782608695652172,True,1,True
session_20260625_variable_sit_walk,sitting,temperature_right,Urządzenie z czujnikami temperatury - prawe nozdrze,20,55.0,75.0,25.0,FFT,21.327601208038402,-3.672398791961598,3.672398791961598,True,1,True
session_20260625_variable_sit_walk,sitting,temperature_right,Urządzenie z czujnikami temperatury - prawe nozdrze,20,55.0,75.0,25.0,Metoda nachylenia,18.0,-7.0,7.0,True,6,True
session_20260625_variable_sit_walk,sitting,temperature_right,Urządzenie z czujnikami temperatury - prawe nozdrze,20,60.0,80.0,25.0,Maksima,23.414634146341463,-1.585365853658537,1.585365853658537,True,7,True
session_20260625_variable_sit_walk,sitting,temperature_right,Urządzenie z czujnikami temperatury - prawe nozdrze,20,60.0,80.0,25.0,Minima,23.414634146341463,-1.585365853658537,1.585365853658537,True,7,True
session_20260625_variable_sit_walk,sitting,temperature_right,Urządzenie z czujnikami temperatury - prawe nozdrze,20,60.0,80.0,25.0,Przejścia przez zero,24.0,-1.0,1.0,True,7,True
session_20260625_variable_sit_walk,sitting,temperature_right,Urządzenie z czujnikami temperatury - prawe nozdrze,20,60.0,80.0,25.0,Autokorelacja,21.818181818181817,-3.1818181818181834,3.1818181818181834,True,1,True
session_20260625_variable_sit_walk,sitting,temperature_right,Urządzenie z czujnikami temperatury - prawe nozdrze,20,60.0,80.0,25.0,FFT,18.835373260171274,-6.164626739828726,6.164626739828726,True,1,True
session_20260625_variable_sit_walk,sitting,temperature_right,Urządzenie z czujnikami temperatury - prawe nozdrze,20,60.0,80.0,25.0,Metoda nachylenia,21.0,-4.0,4.0,True,7,True
session_20260625_variable_sit_walk,sitting,temperature_right,Urządzenie z czujnikami temperatury - prawe nozdrze,20,65.0,85.0,10.0,Maksima,24.0,14.0,14.0,True,6,True
session_20260625_variable_sit_walk,sitting,temperature_right,Urządzenie z czujnikami temperatury - prawe nozdrze,20,65.0,85.0,10.0,Minima,24.0,14.0,14.0,True,6,True
session_20260625_variable_sit_walk,sitting,temperature_right,Urządzenie z czujnikami temperatury - prawe nozdrze,20,65.0,85.0,10.0,Przejścia przez zero,21.333333333333332,11.333333333333332,11.333333333333332,True,7,True
session_20260625_variable_sit_walk,sitting,temperature_right,Urządzenie z czujnikami temperatury - prawe nozdrze,20,65.0,85.0,10.0,Autokorelacja,5.454545454545454,-4.545454545454546,4.545454545454546,True,1,True
session_20260625_variable_sit_walk,sitting,temperature_right,Urządzenie z czujnikami temperatury - prawe nozdrze,20,65.0,85.0,10.0,FFT,23.941077778658773,13.941077778658773,13.941077778658773,True,1,True
session_20260625_variable_sit_walk,sitting,temperature_right,Urządzenie z czujnikami temperatury - prawe nozdrze,20,65.0,85.0,10.0,Metoda nachylenia,18.0,8.0,8.0,True,6,True
session_20260625_variable_sit_walk,sitting,temperature_right,Urządzenie z czujnikami temperatury - prawe nozdrze,20,70.0,90.0,10.0,Maksima,25.263157894736842,15.263157894736842,15.263157894736842,True,5,True
session_20260625_variable_sit_walk,sitting,temperature_right,Urządzenie z czujnikami temperatury - prawe nozdrze,20,70.0,90.0,10.0,Minima,24.0,14.0,14.0,True,6,True
session_20260625_variable_sit_walk,sitting,temperature_right,Urządzenie z czujnikami temperatury - prawe nozdrze,20,70.0,90.0,10.0,Przejścia przez zero,24.0,14.0,14.0,True,5,True
session_20260625_variable_sit_walk,sitting,temperature_right,Urządzenie z czujnikami temperatury - prawe nozdrze,20,70.0,90.0,10.0,Autokorelacja,48.0,38.0,38.0,True,1,True
session_20260625_variable_sit_walk,sitting,temperature_right,Urządzenie z czujnikami temperatury - prawe nozdrze,20,70.0,90.0,10.0,FFT,7.265922212132592,-2.734077787867408,2.734077787867408,True,1,True
session_20260625_variable_sit_walk,sitting,temperature_right,Urządzenie z czujnikami temperatury - prawe nozdrze,20,70.0,90.0,10.0,Metoda nachylenia,15.0,5.0,5.0,True,5,True
session_20260625_variable_sit_walk,sitting,temperature_right,Urządzenie z czujnikami temperatury - prawe nozdrze,20,75.0,95.0,15.0,Maksima,10.666666666666666,-4.333333333333334,4.333333333333334,True,4,True
session_20260625_variable_sit_walk,sitting,temperature_right,Urządzenie z czujnikami temperatury - prawe nozdrze,20,75.0,95.0,15.0,Minima,18.46153846153846,3.46153846153846,3.46153846153846,True,5,True
session_20260625_variable_sit_walk,sitting,temperature_right,Urządzenie z czujnikami temperatury - prawe nozdrze,20,75.0,95.0,15.0,Przejścia przez zero,18.11320754716981,3.113207547169811,3.113207547169811,True,5,True
session_20260625_variable_sit_walk,sitting,temperature_right,Urządzenie z czujnikami temperatury - prawe nozdrze,20,75.0,95.0,15.0,Autokorelacja,48.0,33.0,33.0,True,1,True
session_20260625_variable_sit_walk,sitting,temperature_right,Urządzenie z czujnikami temperatury - prawe nozdrze,20,75.0,95.0,15.0,FFT,8.404164325227681,-6.595835674772319,6.595835674772319,True,1,True
session_20260625_variable_sit_walk,sitting,temperature_right,Urządzenie z czujnikami temperatury - prawe nozdrze,20,75.0,95.0,15.0,Metoda nachylenia,15.0,0.0,0.0,True,5,True
session_20260625_variable_sit_walk,sitting,temperature_right,Urządzenie z czujnikami temperatury - prawe nozdrze,20,80.0,100.0,15.0,Maksima,15.483870967741936,0.48387096774193594,0.48387096774193594,True,4,True
session_20260625_variable_sit_walk,sitting,temperature_right,Urządzenie z czujnikami temperatury - prawe nozdrze,20,80.0,100.0,15.0,Minima,15.483870967741936,0.48387096774193594,0.48387096774193594,True,4,True
session_20260625_variable_sit_walk,sitting,temperature_right,Urządzenie z czujnikami temperatury - prawe nozdrze,20,80.0,100.0,15.0,Przejścia przez zero,16.551724137931036,1.5517241379310356,1.5517241379310356,True,4,True
session_20260625_variable_sit_walk,sitting,temperature_right,Urządzenie z czujnikami temperatury - prawe nozdrze,20,80.0,100.0,15.0,Autokorelacja,9.23076923076923,-5.76923076923077,5.76923076923077,True,1,True
session_20260625_variable_sit_walk,sitting,temperature_right,Urządzenie z czujnikami temperatury - prawe nozdrze,20,80.0,100.0,15.0,FFT,8.140087573723497,-6.859912426276503,6.859912426276503,True,1,True
session_20260625_variable_sit_walk,sitting,temperature_right,Urządzenie z czujnikami temperatury - prawe nozdrze,20,80.0,100.0,15.0,Metoda nachylenia,15.0,0.0,0.0,True,5,True
session_20260625_variable_sit_walk,sitting,temperature_right,Urządzenie z czujnikami temperatury - prawe nozdrze,20,85.0,105.0,20.0,Maksima,15.483870967741936,-4.516129032258064,4.516129032258064,True,4,True
session_20260625_variable_sit_walk,sitting,temperature_right,Urządzenie z czujnikami temperatury - prawe nozdrze,20,85.0,105.0,20.0,Minima,16.0,-4.0,4.0,True,4,True
session_20260625_variable_sit_walk,sitting,temperature_right,Urządzenie z czujnikami temperatury - prawe nozdrze,20,85.0,105.0,20.0,Przejścia przez zero,16.0,-4.0,4.0,True,4,True
session_20260625_variable_sit_walk,sitting,temperature_right,Urządzenie z czujnikami temperatury - prawe nozdrze,20,85.0,105.0,20.0,Autokorelacja,5.0,-15.0,15.0,True,1,True
session_20260625_variable_sit_walk,sitting,temperature_right,Urządzenie z czujnikami temperatury - prawe nozdrze,20,85.0,105.0,20.0,FFT,16.445311607878697,-3.554688392121303,3.554688392121303,True,1,True
session_20260625_variable_sit_walk,sitting,temperature_right,Urządzenie z czujnikami temperatury - prawe nozdrze,20,85.0,105.0,20.0,Metoda nachylenia,15.0,-5.0,5.0,True,5,True
session_20260625_variable_sit_walk,sitting,temperature_right,Urządzenie z czujnikami temperatury - prawe nozdrze,20,90.0,110.0,20.0,Maksima,19.2,-0.8000000000000007,0.8000000000000007,True,6,True
session_20260625_variable_sit_walk,sitting,temperature_right,Urządzenie z czujnikami temperatury - prawe nozdrze,20,90.0,110.0,20.0,Minima,16.551724137931036,-3.4482758620689644,3.4482758620689644,True,5,True
session_20260625_variable_sit_walk,sitting,temperature_right,Urządzenie z czujnikami temperatury - prawe nozdrze,20,90.0,110.0,20.0,Przejścia przez zero,17.142857142857142,-2.8571428571428577,2.8571428571428577,True,6,True
session_20260625_variable_sit_walk,sitting,temperature_right,Urządzenie z czujnikami temperatury - prawe nozdrze,20,90.0,110.0,20.0,Autokorelacja,5.0,-15.0,15.0,True,1,True
session_20260625_variable_sit_walk,sitting,temperature_right,Urządzenie z czujnikami temperatury - prawe nozdrze,20,90.0,110.0,20.0,FFT,13.127805324631078,-6.872194675368922,6.872194675368922,True,1,True
session_20260625_variable_sit_walk,sitting,temperature_right,Urządzenie z czujnikami temperatury - prawe nozdrze,20,90.0,110.0,20.0,Metoda nachylenia,15.0,-5.0,5.0,True,5,True
session_20260625_variable_sit_walk,sitting,temperature_right,Urządzenie z czujnikami temperatury - prawe nozdrze,20,95.0,115.0,25.0,Maksima,17.142857142857142,-7.857142857142858,7.857142857142858,True,5,True
session_20260625_variable_sit_walk,sitting,temperature_right,Urządzenie z czujnikami temperatury - prawe nozdrze,20,95.0,115.0,25.0,Minima,18.46153846153846,-6.53846153846154,6.53846153846154,True,6,True
session_20260625_variable_sit_walk,sitting,temperature_right,Urządzenie z czujnikami temperatury - prawe nozdrze,20,95.0,115.0,25.0,Przejścia przez zero,15.737704918032787,-9.262295081967213,9.262295081967213,True,5,True
session_20260625_variable_sit_walk,sitting,temperature_right,Urządzenie z czujnikami temperatury - prawe nozdrze,20,95.0,115.0,25.0,Autokorelacja,5.333333333333333,-19.666666666666668,19.666666666666668,True,1,True
session_20260625_variable_sit_walk,sitting,temperature_right,Urządzenie z czujnikami temperatury - prawe nozdrze,20,95.0,115.0,25.0,FFT,9.08930986165709,-15.91069013834291,15.91069013834291,True,1,True
session_20260625_variable_sit_walk,sitting,temperature_right,Urządzenie z czujnikami temperatury - prawe nozdrze,20,95.0,115.0,25.0,Metoda nachylenia,15.0,-10.0,10.0,True,5,True
session_20260625_variable_sit_walk,sitting,temperature_right,Urządzenie z czujnikami temperatury - prawe nozdrze,20,100.0,120.0,25.0,Maksima,21.818181818181817,-3.1818181818181834,3.1818181818181834,True,6,True
session_20260625_variable_sit_walk,sitting,temperature_right,Urządzenie z czujnikami temperatury - prawe nozdrze,20,100.0,120.0,25.0,Minima,21.818181818181817,-3.1818181818181834,3.1818181818181834,True,6,True
session_20260625_variable_sit_walk,sitting,temperature_right,Urządzenie z czujnikami temperatury - prawe nozdrze,20,100.0,120.0,25.0,Przejścia przez zero,24.0,-1.0,1.0,True,7,True
session_20260625_variable_sit_walk,sitting,temperature_right,Urządzenie z czujnikami temperatury - prawe nozdrze,20,100.0,120.0,25.0,Autokorelacja,5.274725274725275,-19.725274725274726,19.725274725274726,True,1,True
session_20260625_variable_sit_walk,sitting,temperature_right,Urządzenie z czujnikami temperatury - prawe nozdrze,20,100.0,120.0,25.0,FFT,19.21029430946823,-5.789705690531768,5.789705690531768,True,1,True
session_20260625_variable_sit_walk,sitting,temperature_right,Urządzenie z czujnikami temperatury - prawe nozdrze,20,100.0,120.0,25.0,Metoda nachylenia,18.0,-7.0,7.0,True,6,True
session_20260625_variable_sit_walk,walking,temperature_right,Urządzenie z czujnikami temperatury - prawe nozdrze,20,115.0,135.0,10.0,Maksima,14.117647058823529,4.117647058823529,4.117647058823529,True,4,True
session_20260625_variable_sit_walk,walking,temperature_right,Urządzenie z czujnikami temperatury - prawe nozdrze,20,115.0,135.0,10.0,Minima,18.46153846153846,8.46153846153846,8.46153846153846,True,5,True
session_20260625_variable_sit_walk,walking,temperature_right,Urządzenie z czujnikami temperatury - prawe nozdrze,20,115.0,135.0,10.0,Przejścia przez zero,14.545454545454545,4.545454545454545,4.545454545454545,True,5,True
session_20260625_variable_sit_walk,walking,temperature_right,Urządzenie z czujnikami temperatury - prawe nozdrze,20,115.0,135.0,10.0,Autokorelacja,48.0,38.0,38.0,True,1,True
session_20260625_variable_sit_walk,walking,temperature_right,Urządzenie z czujnikami temperatury - prawe nozdrze,20,115.0,135.0,10.0,FFT,3.224826909546697,-6.775173090453303,6.775173090453303,True,1,True
session_20260625_variable_sit_walk,walking,temperature_right,Urządzenie z czujnikami temperatury - prawe nozdrze,20,115.0,135.0,10.0,Metoda nachylenia,15.0,5.0,5.0,True,5,True
session_20260625_variable_sit_walk,walking,temperature_right,Urządzenie z czujnikami temperatury - prawe nozdrze,20,120.0,140.0,10.0,Maksima,11.294117647058824,1.2941176470588243,1.2941176470588243,True,3,True
session_20260625_variable_sit_walk,walking,temperature_right,Urządzenie z czujnikami temperatury - prawe nozdrze,20,120.0,140.0,10.0,Minima,9.411764705882353,-0.5882352941176467,0.5882352941176467,True,4,True
session_20260625_variable_sit_walk,walking,temperature_right,Urządzenie z czujnikami temperatury - prawe nozdrze,20,120.0,140.0,10.0,Przejścia przez zero,11.428571428571429,1.4285714285714288,1.4285714285714288,True,4,True
session_20260625_variable_sit_walk,walking,temperature_right,Urządzenie z czujnikami temperatury - prawe nozdrze,20,120.0,140.0,10.0,Autokorelacja,48.0,38.0,38.0,True,1,True
session_20260625_variable_sit_walk,walking,temperature_right,Urządzenie z czujnikami temperatury - prawe nozdrze,20,120.0,140.0,10.0,FFT,5.853809411454882,-4.146190588545118,4.146190588545118,True,1,True
session_20260625_variable_sit_walk,walking,temperature_right,Urządzenie z czujnikami temperatury - prawe nozdrze,20,120.0,140.0,10.0,Metoda nachylenia,12.0,2.0,2.0,True,4,True
session_20260625_variable_sit_walk,walking,temperature_right,Urządzenie z czujnikami temperatury - prawe nozdrze,20,125.0,145.0,15.0,Maksima,10.105263157894736,-4.894736842105264,4.894736842105264,True,3,True
session_20260625_variable_sit_walk,walking,temperature_right,Urządzenie z czujnikami temperatury - prawe nozdrze,20,125.0,145.0,15.0,Minima,13.714285714285714,-1.2857142857142865,1.2857142857142865,True,4,True
session_20260625_variable_sit_walk,walking,temperature_right,Urządzenie z czujnikami temperatury - prawe nozdrze,20,125.0,145.0,15.0,Przejścia przez zero,11.428571428571429,-3.571428571428571,3.571428571428571,True,4,True
session_20260625_variable_sit_walk,walking,temperature_right,Urządzenie z czujnikami temperatury - prawe nozdrze,20,125.0,145.0,15.0,Autokorelacja,10.434782608695652,-4.565217391304348,4.565217391304348,True,1,True
session_20260625_variable_sit_walk,walking,temperature_right,Urządzenie z czujnikami temperatury - prawe nozdrze,20,125.0,145.0,15.0,FFT,9.378227323295402,-5.621772676704598,5.621772676704598,True,1,True
session_20260625_variable_sit_walk,walking,temperature_right,Urządzenie z czujnikami temperatury - prawe nozdrze,20,125.0,145.0,15.0,Metoda nachylenia,9.0,-6.0,6.0,True,3,True
session_20260625_variable_sit_walk,walking,temperature_right,Urządzenie z czujnikami temperatury - prawe nozdrze,20,130.0,150.0,15.0,Maksima,15.483870967741936,0.48387096774193594,0.48387096774193594,True,4,True
session_20260625_variable_sit_walk,walking,temperature_right,Urządzenie z czujnikami temperatury - prawe nozdrze,20,130.0,150.0,15.0,Minima,14.117647058823529,-0.882352941176471,0.882352941176471,True,4,True
session_20260625_variable_sit_walk,walking,temperature_right,Urządzenie z czujnikami temperatury - prawe nozdrze,20,130.0,150.0,15.0,Przejścia przez zero,16.0,1.0,1.0,True,4,True
session_20260625_variable_sit_walk,walking,temperature_right,Urządzenie z czujnikami temperatury - prawe nozdrze,20,130.0,150.0,15.0,Autokorelacja,9.6,-5.4,5.4,True,1,True
session_20260625_variable_sit_walk,walking,temperature_right,Urządzenie z czujnikami temperatury - prawe nozdrze,20,130.0,150.0,15.0,FFT,9.865849852242443,-5.134150147757557,5.134150147757557,True,1,True
session_20260625_variable_sit_walk,walking,temperature_right,Urządzenie z czujnikami temperatury - prawe nozdrze,20,130.0,150.0,15.0,Metoda nachylenia,15.0,0.0,0.0,True,5,True
session_20260625_variable_sit_walk,sitting,temperature_left,Urządzenie z czujnikami temperatury - lewe nozdrze,5,5.0,10.0,10.0,Maksima,,,,False,0,False
session_20260625_variable_sit_walk,sitting,temperature_left,Urządzenie z czujnikami temperatury - lewe nozdrze,5,5.0,10.0,10.0,Minima,,,,False,1,False
session_20260625_variable_sit_walk,sitting,temperature_left,Urządzenie z czujnikami temperatury - lewe nozdrze,5,5.0,10.0,10.0,Przejścia przez zero,,,,False,1,False
session_20260625_variable_sit_walk,sitting,temperature_left,Urządzenie z czujnikami temperatury - lewe nozdrze,5,5.0,10.0,10.0,Autokorelacja,14.545454545454545,4.545454545454545,4.545454545454545,True,1,False
session_20260625_variable_sit_walk,sitting,temperature_left,Urządzenie z czujnikami temperatury - lewe nozdrze,5,5.0,10.0,10.0,FFT,5.364810738235003,-4.635189261764997,4.635189261764997,True,1,False
session_20260625_variable_sit_walk,sitting,temperature_left,Urządzenie z czujnikami temperatury - lewe nozdrze,5,5.0,10.0,10.0,Metoda nachylenia,12.0,2.0,2.0,True,1,False
session_20260625_variable_sit_walk,sitting,temperature_left,Urządzenie z czujnikami temperatury - lewe nozdrze,5,10.0,15.0,15.0,Maksima,24.0,9.0,9.0,True,2,True
session_20260625_variable_sit_walk,sitting,temperature_left,Urządzenie z czujnikami temperatury - lewe nozdrze,5,10.0,15.0,15.0,Minima,,,,False,1,True
session_20260625_variable_sit_walk,sitting,temperature_left,Urządzenie z czujnikami temperatury - lewe nozdrze,5,10.0,15.0,15.0,Przejścia przez zero,19.2,4.199999999999999,4.199999999999999,True,2,True
session_20260625_variable_sit_walk,sitting,temperature_left,Urządzenie z czujnikami temperatury - lewe nozdrze,5,10.0,15.0,15.0,Autokorelacja,20.869565217391305,5.869565217391305,5.869565217391305,True,1,True
session_20260625_variable_sit_walk,sitting,temperature_left,Urządzenie z czujnikami temperatury - lewe nozdrze,5,10.0,15.0,15.0,FFT,19.670190544935053,4.670190544935053,4.670190544935053,True,1,True
session_20260625_variable_sit_walk,sitting,temperature_left,Urządzenie z czujnikami temperatury - lewe nozdrze,5,10.0,15.0,15.0,Metoda nachylenia,12.0,-3.0,3.0,True,1,True
session_20260625_variable_sit_walk,sitting,temperature_left,Urządzenie z czujnikami temperatury - lewe nozdrze,5,15.0,20.0,15.0,Maksima,,,,False,1,False
session_20260625_variable_sit_walk,sitting,temperature_left,Urządzenie z czujnikami temperatury - lewe nozdrze,5,15.0,20.0,15.0,Minima,,,,False,1,False
session_20260625_variable_sit_walk,sitting,temperature_left,Urządzenie z czujnikami temperatury - lewe nozdrze,5,15.0,20.0,15.0,Przejścia przez zero,,,,False,1,False
session_20260625_variable_sit_walk,sitting,temperature_left,Urządzenie z czujnikami temperatury - lewe nozdrze,5,15.0,20.0,15.0,Autokorelacja,17.77777777777778,2.7777777777777786,2.7777777777777786,True,1,False
session_20260625_variable_sit_walk,sitting,temperature_left,Urządzenie z czujnikami temperatury - lewe nozdrze,5,15.0,20.0,15.0,FFT,13.338156868252094,-1.661843131747906,1.661843131747906,True,1,False
session_20260625_variable_sit_walk,sitting,temperature_left,Urządzenie z czujnikami temperatury - lewe nozdrze,5,15.0,20.0,15.0,Metoda nachylenia,12.0,-3.0,3.0,True,1,False
session_20260625_variable_sit_walk,sitting,temperature_left,Urządzenie z czujnikami temperatury - lewe nozdrze,5,20.0,25.0,20.0,Maksima,43.63636363636363,23.636363636363633,23.636363636363633,True,2,True
session_20260625_variable_sit_walk,sitting,temperature_left,Urządzenie z czujnikami temperatury - lewe nozdrze,5,20.0,25.0,20.0,Minima,,,,False,1,True
session_20260625_variable_sit_walk,sitting,temperature_left,Urządzenie z czujnikami temperatury - lewe nozdrze,5,20.0,25.0,20.0,Przejścia przez zero,,,,False,1,True
session_20260625_variable_sit_walk,sitting,temperature_left,Urządzenie z czujnikami temperatury - lewe nozdrze,5,20.0,25.0,20.0,Autokorelacja,14.117647058823529,-5.882352941176471,5.882352941176471,True,1,True
session_20260625_variable_sit_walk,sitting,temperature_left,Urządzenie z czujnikami temperatury - lewe nozdrze,5,20.0,25.0,20.0,FFT,3.9447824750388234,-16.055217524961176,16.055217524961176,True,1,True
session_20260625_variable_sit_walk,sitting,temperature_left,Urządzenie z czujnikami temperatury - lewe nozdrze,5,20.0,25.0,20.0,Metoda nachylenia,12.0,-8.0,8.0,True,1,True
session_20260625_variable_sit_walk,sitting,temperature_left,Urządzenie z czujnikami temperatury - lewe nozdrze,5,25.0,30.0,20.0,Maksima,20.869565217391305,0.8695652173913047,0.8695652173913047,True,2,False
session_20260625_variable_sit_walk,sitting,temperature_left,Urządzenie z czujnikami temperatury - lewe nozdrze,5,25.0,30.0,20.0,Minima,,,,False,1,False
session_20260625_variable_sit_walk,sitting,temperature_left,Urządzenie z czujnikami temperatury - lewe nozdrze,5,25.0,30.0,20.0,Przejścia przez zero,20.0,0.0,0.0,True,2,False
session_20260625_variable_sit_walk,sitting,temperature_left,Urządzenie z czujnikami temperatury - lewe nozdrze,5,25.0,30.0,20.0,Autokorelacja,20.869565217391305,0.8695652173913047,0.8695652173913047,True,1,False
session_20260625_variable_sit_walk,sitting,temperature_left,Urządzenie z czujnikami temperatury - lewe nozdrze,5,25.0,30.0,20.0,FFT,19.36617239879304,-0.6338276012069599,0.6338276012069599,True,1,False
session_20260625_variable_sit_walk,sitting,temperature_left,Urządzenie z czujnikami temperatury - lewe nozdrze,5,25.0,30.0,20.0,Metoda nachylenia,12.0,-8.0,8.0,True,1,False
session_20260625_variable_sit_walk,sitting,temperature_left,Urządzenie z czujnikami temperatury - lewe nozdrze,5,30.0,35.0,25.0,Maksima,,,,False,1,True
session_20260625_variable_sit_walk,sitting,temperature_left,Urządzenie z czujnikami temperatury - lewe nozdrze,5,30.0,35.0,25.0,Minima,16.551724137931036,-8.448275862068964,8.448275862068964,True,2,True
session_20260625_variable_sit_walk,sitting,temperature_left,Urządzenie z czujnikami temperatury - lewe nozdrze,5,30.0,35.0,25.0,Przejścia przez zero,,,,False,1,True
session_20260625_variable_sit_walk,sitting,temperature_left,Urządzenie z czujnikami temperatury - lewe nozdrze,5,30.0,35.0,25.0,Autokorelacja,16.551724137931036,-8.448275862068964,8.448275862068964,True,1,True
session_20260625_variable_sit_walk,sitting,temperature_left,Urządzenie z czujnikami temperatury - lewe nozdrze,5,30.0,35.0,25.0,FFT,9.550160622550404,-15.449839377449596,15.449839377449596,True,1,True
session_20260625_variable_sit_walk,sitting,temperature_left,Urządzenie z czujnikami temperatury - lewe nozdrze,5,30.0,35.0,25.0,Metoda nachylenia,12.0,-13.0,13.0,True,1,True
session_20260625_variable_sit_walk,sitting,temperature_left,Urządzenie z czujnikami temperatury - lewe nozdrze,5,35.0,40.0,25.0,Maksima,25.263157894736842,0.2631578947368425,0.2631578947368425,True,2,False
session_20260625_variable_sit_walk,sitting,temperature_left,Urządzenie z czujnikami temperatury - lewe nozdrze,5,35.0,40.0,25.0,Minima,25.263157894736842,0.2631578947368425,0.2631578947368425,True,2,False
session_20260625_variable_sit_walk,sitting,temperature_left,Urządzenie z czujnikami temperatury - lewe nozdrze,5,35.0,40.0,25.0,Przejścia przez zero,28.235294117647058,3.235294117647058,3.235294117647058,True,2,False
session_20260625_variable_sit_walk,sitting,temperature_left,Urządzenie z czujnikami temperatury - lewe nozdrze,5,35.0,40.0,25.0,Autokorelacja,26.666666666666668,1.6666666666666679,1.6666666666666679,True,1,False
session_20260625_variable_sit_walk,sitting,temperature_left,Urządzenie z czujnikami temperatury - lewe nozdrze,5,35.0,40.0,25.0,FFT,24.27269125573629,-0.7273087442637092,0.7273087442637092,True,1,False
session_20260625_variable_sit_walk,sitting,temperature_left,Urządzenie z czujnikami temperatury - lewe nozdrze,5,35.0,40.0,25.0,Metoda nachylenia,,,,False,0,False
session_20260625_variable_sit_walk,sitting,temperature_left,Urządzenie z czujnikami temperatury - lewe nozdrze,5,40.0,45.0,10.0,Maksima,,,,False,0,True
session_20260625_variable_sit_walk,sitting,temperature_left,Urządzenie z czujnikami temperatury - lewe nozdrze,5,40.0,45.0,10.0,Minima,,,,False,1,True
session_20260625_variable_sit_walk,sitting,temperature_left,Urządzenie z czujnikami temperatury - lewe nozdrze,5,40.0,45.0,10.0,Przejścia przez zero,,,,False,1,True
session_20260625_variable_sit_walk,sitting,temperature_left,Urządzenie z czujnikami temperatury - lewe nozdrze,5,40.0,45.0,10.0,Autokorelacja,13.714285714285714,3.7142857142857135,3.7142857142857135,True,1,True
session_20260625_variable_sit_walk,sitting,temperature_left,Urządzenie z czujnikami temperatury - lewe nozdrze,5,40.0,45.0,10.0,FFT,3.8916258282475176,-6.108374171752482,6.108374171752482,True,1,True
session_20260625_variable_sit_walk,sitting,temperature_left,Urządzenie z czujnikami temperatury - lewe nozdrze,5,40.0,45.0,10.0,Metoda nachylenia,12.0,2.0,2.0,True,1,True
session_20260625_variable_sit_walk,sitting,temperature_left,Urządzenie z czujnikami temperatury - lewe nozdrze,5,45.0,50.0,10.0,Maksima,,,,False,1,False
session_20260625_variable_sit_walk,sitting,temperature_left,Urządzenie z czujnikami temperatury - lewe nozdrze,5,45.0,50.0,10.0,Minima,,,,False,1,False
session_20260625_variable_sit_walk,sitting,temperature_left,Urządzenie z czujnikami temperatury - lewe nozdrze,5,45.0,50.0,10.0,Przejścia przez zero,16.551724137931036,6.551724137931036,6.551724137931036,True,2,False
session_20260625_variable_sit_walk,sitting,temperature_left,Urządzenie z czujnikami temperatury - lewe nozdrze,5,45.0,50.0,10.0,Autokorelacja,17.77777777777778,7.777777777777779,7.777777777777779,True,1,False
session_20260625_variable_sit_walk,sitting,temperature_left,Urządzenie z czujnikami temperatury - lewe nozdrze,5,45.0,50.0,10.0,FFT,13.723289978135448,3.7232899781354476,3.7232899781354476,True,1,False
session_20260625_variable_sit_walk,sitting,temperature_left,Urządzenie z czujnikami temperatury - lewe nozdrze,5,45.0,50.0,10.0,Metoda nachylenia,,,,False,0,False
session_20260625_variable_sit_walk,sitting,temperature_left,Urządzenie z czujnikami temperatury - lewe nozdrze,5,50.0,55.0,15.0,Maksima,,,,False,1,True
session_20260625_variable_sit_walk,sitting,temperature_left,Urządzenie z czujnikami temperatury - lewe nozdrze,5,50.0,55.0,15.0,Minima,,,,False,1,True
session_20260625_variable_sit_walk,sitting,temperature_left,Urządzenie z czujnikami temperatury - lewe nozdrze,5,50.0,55.0,15.0,Przejścia przez zero,16.551724137931036,1.5517241379310356,1.5517241379310356,True,2,True
session_20260625_variable_sit_walk,sitting,temperature_left,Urządzenie z czujnikami temperatury - lewe nozdrze,5,50.0,55.0,15.0,Autokorelacja,17.77777777777778,2.7777777777777786,2.7777777777777786,True,1,True
session_20260625_variable_sit_walk,sitting,temperature_left,Urządzenie z czujnikami temperatury - lewe nozdrze,5,50.0,55.0,15.0,FFT,13.478072774872334,-1.5219272251276657,1.5219272251276657,True,1,True
session_20260625_variable_sit_walk,sitting,temperature_left,Urządzenie z czujnikami temperatury - lewe nozdrze,5,50.0,55.0,15.0,Metoda nachylenia,12.0,-3.0,3.0,True,1,True
session_20260625_variable_sit_walk,sitting,temperature_left,Urządzenie z czujnikami temperatury - lewe nozdrze,5,55.0,60.0,15.0,Maksima,,,,False,1,False
session_20260625_variable_sit_walk,sitting,temperature_left,Urządzenie z czujnikami temperatury - lewe nozdrze,5,55.0,60.0,15.0,Minima,,,,False,1,False
session_20260625_variable_sit_walk,sitting,temperature_left,Urządzenie z czujnikami temperatury - lewe nozdrze,5,55.0,60.0,15.0,Przejścia przez zero,,,,False,1,False
session_20260625_variable_sit_walk,sitting,temperature_left,Urządzenie z czujnikami temperatury - lewe nozdrze,5,55.0,60.0,15.0,Autokorelacja,18.46153846153846,3.46153846153846,3.46153846153846,True,1,False
session_20260625_variable_sit_walk,sitting,temperature_left,Urządzenie z czujnikami temperatury - lewe nozdrze,5,55.0,60.0,15.0,FFT,16.482114627901336,1.4821146279013355,1.4821146279013355,True,1,False
session_20260625_variable_sit_walk,sitting,temperature_left,Urządzenie z czujnikami temperatury - lewe nozdrze,5,55.0,60.0,15.0,Metoda nachylenia,12.0,-3.0,3.0,True,1,False
session_20260625_variable_sit_walk,sitting,temperature_left,Urządzenie z czujnikami temperatury - lewe nozdrze,5,60.0,65.0,20.0,Maksima,26.666666666666668,6.666666666666668,6.666666666666668,True,2,True
session_20260625_variable_sit_walk,sitting,temperature_left,Urządzenie z czujnikami temperatury - lewe nozdrze,5,60.0,65.0,20.0,Minima,,,,False,1,True
session_20260625_variable_sit_walk,sitting,temperature_left,Urządzenie z czujnikami temperatury - lewe nozdrze,5,60.0,65.0,20.0,Przejścia przez zero,28.235294117647058,8.235294117647058,8.235294117647058,True,2,True
session_20260625_variable_sit_walk,sitting,temperature_left,Urządzenie z czujnikami temperatury - lewe nozdrze,5,60.0,65.0,20.0,Autokorelacja,26.666666666666668,6.666666666666668,6.666666666666668,True,1,True
session_20260625_variable_sit_walk,sitting,temperature_left,Urządzenie z czujnikami temperatury - lewe nozdrze,5,60.0,65.0,20.0,FFT,28.9670971408093,8.967097140809301,8.967097140809301,True,1,True
session_20260625_variable_sit_walk,sitting,temperature_left,Urządzenie z czujnikami temperatury - lewe nozdrze,5,60.0,65.0,20.0,Metoda nachylenia,12.0,-8.0,8.0,True,1,True
session_20260625_variable_sit_walk,sitting,temperature_left,Urządzenie z czujnikami temperatury - lewe nozdrze,5,65.0,70.0,20.0,Maksima,19.2,-0.8000000000000007,0.8000000000000007,True,2,False
session_20260625_variable_sit_walk,sitting,temperature_left,Urządzenie z czujnikami temperatury - lewe nozdrze,5,65.0,70.0,20.0,Minima,,,,False,1,False
session_20260625_variable_sit_walk,sitting,temperature_left,Urządzenie z czujnikami temperatury - lewe nozdrze,5,65.0,70.0,20.0,Przejścia przez zero,17.77777777777778,-2.2222222222222214,2.2222222222222214,True,2,False
session_20260625_variable_sit_walk,sitting,temperature_left,Urządzenie z czujnikami temperatury - lewe nozdrze,5,65.0,70.0,20.0,Autokorelacja,19.2,-0.8000000000000007,0.8000000000000007,True,1,False
session_20260625_variable_sit_walk,sitting,temperature_left,Urządzenie z czujnikami temperatury - lewe nozdrze,5,65.0,70.0,20.0,FFT,17.401290226640644,-2.5987097733593565,2.5987097733593565,True,1,False
session_20260625_variable_sit_walk,sitting,temperature_left,Urządzenie z czujnikami temperatury - lewe nozdrze,5,65.0,70.0,20.0,Metoda nachylenia,12.0,-8.0,8.0,True,1,False
session_20260625_variable_sit_walk,sitting,temperature_left,Urządzenie z czujnikami temperatury - lewe nozdrze,5,70.0,75.0,25.0,Maksima,,,,False,1,True
session_20260625_variable_sit_walk,sitting,temperature_left,Urządzenie z czujnikami temperatury - lewe nozdrze,5,70.0,75.0,25.0,Minima,24.0,-1.0,1.0,True,2,True
session_20260625_variable_sit_walk,sitting,temperature_left,Urządzenie z czujnikami temperatury - lewe nozdrze,5,70.0,75.0,25.0,Przejścia przez zero,,,,False,1,True
session_20260625_variable_sit_walk,sitting,temperature_left,Urządzenie z czujnikami temperatury - lewe nozdrze,5,70.0,75.0,25.0,Autokorelacja,20.0,-5.0,5.0,True,1,True
session_20260625_variable_sit_walk,sitting,temperature_left,Urządzenie z czujnikami temperatury - lewe nozdrze,5,70.0,75.0,25.0,FFT,19.121015425942982,-5.878984574057018,5.878984574057018,True,1,True
session_20260625_variable_sit_walk,sitting,temperature_left,Urządzenie z czujnikami temperatury - lewe nozdrze,5,70.0,75.0,25.0,Metoda nachylenia,12.0,-13.0,13.0,True,1,True
session_20260625_variable_sit_walk,sitting,temperature_left,Urządzenie z czujnikami temperatury - lewe nozdrze,5,75.0,80.0,25.0,Maksima,,,,False,1,False
session_20260625_variable_sit_walk,sitting,temperature_left,Urządzenie z czujnikami temperatury - lewe nozdrze,5,75.0,80.0,25.0,Minima,24.0,-1.0,1.0,True,2,False
session_20260625_variable_sit_walk,sitting,temperature_left,Urządzenie z czujnikami temperatury - lewe nozdrze,5,75.0,80.0,25.0,Przejścia przez zero,26.666666666666668,1.6666666666666679,1.6666666666666679,True,2,False
session_20260625_variable_sit_walk,sitting,temperature_left,Urządzenie z czujnikami temperatury - lewe nozdrze,5,75.0,80.0,25.0,Autokorelacja,24.0,-1.0,1.0,True,1,False
session_20260625_variable_sit_walk,sitting,temperature_left,Urządzenie z czujnikami temperatury - lewe nozdrze,5,75.0,80.0,25.0,FFT,22.399926356995007,-2.6000736430049933,2.6000736430049933,True,1,False
session_20260625_variable_sit_walk,sitting,temperature_left,Urządzenie z czujnikami temperatury - lewe nozdrze,5,75.0,80.0,25.0,Metoda nachylenia,24.0,-1.0,1.0,True,2,False
session_20260625_variable_sit_walk,sitting,temperature_left,Urządzenie z czujnikami temperatury - lewe nozdrze,5,80.0,85.0,10.0,Maksima,,,,False,0,True
session_20260625_variable_sit_walk,sitting,temperature_left,Urządzenie z czujnikami temperatury - lewe nozdrze,5,80.0,85.0,10.0,Minima,,,,False,1,True
session_20260625_variable_sit_walk,sitting,temperature_left,Urządzenie z czujnikami temperatury - lewe nozdrze,5,80.0,85.0,10.0,Przejścia przez zero,,,,False,1,True
session_20260625_variable_sit_walk,sitting,temperature_left,Urządzenie z czujnikami temperatury - lewe nozdrze,5,80.0,85.0,10.0,Autokorelacja,14.117647058823529,4.117647058823529,4.117647058823529,True,1,True
session_20260625_variable_sit_walk,sitting,temperature_left,Urządzenie z czujnikami temperatury - lewe nozdrze,5,80.0,85.0,10.0,FFT,4.754471424533133,-5.245528575466867,5.245528575466867,True,1,True
session_20260625_variable_sit_walk,sitting,temperature_left,Urządzenie z czujnikami temperatury - lewe nozdrze,5,80.0,85.0,10.0,Metoda nachylenia,,,,False,0,True
session_20260625_variable_sit_walk,sitting,temperature_left,Urządzenie z czujnikami temperatury - lewe nozdrze,5,85.0,90.0,10.0,Maksima,,,,False,1,False
session_20260625_variable_sit_walk,sitting,temperature_left,Urządzenie z czujnikami temperatury - lewe nozdrze,5,85.0,90.0,10.0,Minima,,,,False,1,False
session_20260625_variable_sit_walk,sitting,temperature_left,Urządzenie z czujnikami temperatury - lewe nozdrze,5,85.0,90.0,10.0,Przejścia przez zero,,,,False,1,False
session_20260625_variable_sit_walk,sitting,temperature_left,Urządzenie z czujnikami temperatury - lewe nozdrze,5,85.0,90.0,10.0,Autokorelacja,16.551724137931036,6.551724137931036,6.551724137931036,True,1,False
session_20260625_variable_sit_walk,sitting,temperature_left,Urządzenie z czujnikami temperatury - lewe nozdrze,5,85.0,90.0,10.0,FFT,9.605450977770738,-0.3945490222292616,0.3945490222292616,True,1,False
session_20260625_variable_sit_walk,sitting,temperature_left,Urządzenie z czujnikami temperatury - lewe nozdrze,5,85.0,90.0,10.0,Metoda nachylenia,12.0,2.0,2.0,True,1,False
session_20260625_variable_sit_walk,sitting,temperature_left,Urządzenie z czujnikami temperatury - lewe nozdrze,5,90.0,95.0,15.0,Maksima,21.818181818181817,6.818181818181817,6.818181818181817,True,2,True
session_20260625_variable_sit_walk,sitting,temperature_left,Urządzenie z czujnikami temperatury - lewe nozdrze,5,90.0,95.0,15.0,Minima,,,,False,1,True
session_20260625_variable_sit_walk,sitting,temperature_left,Urządzenie z czujnikami temperatury - lewe nozdrze,5,90.0,95.0,15.0,Przejścia przez zero,17.77777777777778,2.7777777777777786,2.7777777777777786,True,2,True
session_20260625_variable_sit_walk,sitting,temperature_left,Urządzenie z czujnikami temperatury - lewe nozdrze,5,90.0,95.0,15.0,Autokorelacja,20.0,5.0,5.0,True,1,True
session_20260625_variable_sit_walk,sitting,temperature_left,Urządzenie z czujnikami temperatury - lewe nozdrze,5,90.0,95.0,15.0,FFT,18.11806672595847,3.118066725958471,3.118066725958471,True,1,True
session_20260625_variable_sit_walk,sitting,temperature_left,Urządzenie z czujnikami temperatury - lewe nozdrze,5,90.0,95.0,15.0,Metoda nachylenia,,,,False,0,True
session_20260625_variable_sit_walk,sitting,temperature_left,Urządzenie z czujnikami temperatury - lewe nozdrze,5,95.0,100.0,15.0,Maksima,,,,False,1,False
session_20260625_variable_sit_walk,sitting,temperature_left,Urządzenie z czujnikami temperatury - lewe nozdrze,5,95.0,100.0,15.0,Minima,,,,False,1,False
session_20260625_variable_sit_walk,sitting,temperature_left,Urządzenie z czujnikami temperatury - lewe nozdrze,5,95.0,100.0,15.0,Przejścia przez zero,,,,False,1,False
session_20260625_variable_sit_walk,sitting,temperature_left,Urządzenie z czujnikami temperatury - lewe nozdrze,5,95.0,100.0,15.0,Autokorelacja,18.46153846153846,3.46153846153846,3.46153846153846,True,1,False
session_20260625_variable_sit_walk,sitting,temperature_left,Urządzenie z czujnikami temperatury - lewe nozdrze,5,95.0,100.0,15.0,FFT,15.755124429326592,0.7551244293265924,0.7551244293265924,True,1,False
session_20260625_variable_sit_walk,sitting,temperature_left,Urządzenie z czujnikami temperatury - lewe nozdrze,5,95.0,100.0,15.0,Metoda nachylenia,12.0,-3.0,3.0,True,1,False
session_20260625_variable_sit_walk,sitting,temperature_left,Urządzenie z czujnikami temperatury - lewe nozdrze,5,100.0,105.0,20.0,Maksima,,,,False,1,True
session_20260625_variable_sit_walk,sitting,temperature_left,Urządzenie z czujnikami temperatury - lewe nozdrze,5,100.0,105.0,20.0,Minima,,,,False,0,True
session_20260625_variable_sit_walk,sitting,temperature_left,Urządzenie z czujnikami temperatury - lewe nozdrze,5,100.0,105.0,20.0,Przejścia przez zero,,,,False,1,True
session_20260625_variable_sit_walk,sitting,temperature_left,Urządzenie z czujnikami temperatury - lewe nozdrze,5,100.0,105.0,20.0,Autokorelacja,14.117647058823529,-5.882352941176471,5.882352941176471,True,1,True
session_20260625_variable_sit_walk,sitting,temperature_left,Urządzenie z czujnikami temperatury - lewe nozdrze,5,100.0,105.0,20.0,FFT,4.757875630325819,-15.24212436967418,15.24212436967418,True,1,True
session_20260625_variable_sit_walk,sitting,temperature_left,Urządzenie z czujnikami temperatury - lewe nozdrze,5,100.0,105.0,20.0,Metoda nachylenia,12.0,-8.0,8.0,True,1,True
session_20260625_variable_sit_walk,sitting,temperature_left,Urządzenie z czujnikami temperatury - lewe nozdrze,5,105.0,110.0,20.0,Maksima,22.857142857142858,2.8571428571428577,2.8571428571428577,True,2,False
session_20260625_variable_sit_walk,sitting,temperature_left,Urządzenie z czujnikami temperatury - lewe nozdrze,5,105.0,110.0,20.0,Minima,,,,False,1,False
session_20260625_variable_sit_walk,sitting,temperature_left,Urządzenie z czujnikami temperatury - lewe nozdrze,5,105.0,110.0,20.0,Przejścia przez zero,19.2,-0.8000000000000007,0.8000000000000007,True,2,False
session_20260625_variable_sit_walk,sitting,temperature_left,Urządzenie z czujnikami temperatury - lewe nozdrze,5,105.0,110.0,20.0,Autokorelacja,20.869565217391305,0.8695652173913047,0.8695652173913047,True,1,False
session_20260625_variable_sit_walk,sitting,temperature_left,Urządzenie z czujnikami temperatury - lewe nozdrze,5,105.0,110.0,20.0,FFT,18.247671297595485,-1.7523287024045153,1.7523287024045153,True,1,False
session_20260625_variable_sit_walk,sitting,temperature_left,Urządzenie z czujnikami temperatury - lewe nozdrze,5,105.0,110.0,20.0,Metoda nachylenia,12.0,-8.0,8.0,True,1,False
session_20260625_variable_sit_walk,sitting,temperature_left,Urządzenie z czujnikami temperatury - lewe nozdrze,5,110.0,115.0,25.0,Maksima,,,,False,1,True
session_20260625_variable_sit_walk,sitting,temperature_left,Urządzenie z czujnikami temperatury - lewe nozdrze,5,110.0,115.0,25.0,Minima,22.857142857142858,-2.1428571428571423,2.1428571428571423,True,2,True
session_20260625_variable_sit_walk,sitting,temperature_left,Urządzenie z czujnikami temperatury - lewe nozdrze,5,110.0,115.0,25.0,Przejścia przez zero,,,,False,1,True
session_20260625_variable_sit_walk,sitting,temperature_left,Urządzenie z czujnikami temperatury - lewe nozdrze,5,110.0,115.0,25.0,Autokorelacja,20.0,-5.0,5.0,True,1,True
session_20260625_variable_sit_walk,sitting,temperature_left,Urządzenie z czujnikami temperatury - lewe nozdrze,5,110.0,115.0,25.0,FFT,18.00548658261103,-6.994513417388969,6.994513417388969,True,1,True
session_20260625_variable_sit_walk,sitting,temperature_left,Urządzenie z czujnikami temperatury - lewe nozdrze,5,110.0,115.0,25.0,Metoda nachylenia,,,,False,0,True
session_20260625_variable_sit_walk,sitting,temperature_left,Urządzenie z czujnikami temperatury - lewe nozdrze,5,115.0,120.0,25.0,Maksima,25.263157894736842,0.2631578947368425,0.2631578947368425,True,2,False
session_20260625_variable_sit_walk,sitting,temperature_left,Urządzenie z czujnikami temperatury - lewe nozdrze,5,115.0,120.0,25.0,Minima,26.666666666666668,1.6666666666666679,1.6666666666666679,True,2,False
session_20260625_variable_sit_walk,sitting,temperature_left,Urządzenie z czujnikami temperatury - lewe nozdrze,5,115.0,120.0,25.0,Przejścia przez zero,28.235294117647058,3.235294117647058,3.235294117647058,True,2,False
session_20260625_variable_sit_walk,sitting,temperature_left,Urządzenie z czujnikami temperatury - lewe nozdrze,5,115.0,120.0,25.0,Autokorelacja,25.263157894736842,0.2631578947368425,0.2631578947368425,True,1,False
session_20260625_variable_sit_walk,sitting,temperature_left,Urządzenie z czujnikami temperatury - lewe nozdrze,5,115.0,120.0,25.0,FFT,23.606904977175986,-1.3930950228240135,1.3930950228240135,True,1,False
session_20260625_variable_sit_walk,sitting,temperature_left,Urządzenie z czujnikami temperatury - lewe nozdrze,5,115.0,120.0,25.0,Metoda nachylenia,,,,False,0,False
session_20260625_variable_sit_walk,walking,temperature_left,Urządzenie z czujnikami temperatury - lewe nozdrze,5,130.0,135.0,10.0,Maksima,,,,False,0,True
session_20260625_variable_sit_walk,walking,temperature_left,Urządzenie z czujnikami temperatury - lewe nozdrze,5,130.0,135.0,10.0,Minima,,,,False,1,True
session_20260625_variable_sit_walk,walking,temperature_left,Urządzenie z czujnikami temperatury - lewe nozdrze,5,130.0,135.0,10.0,Przejścia przez zero,,,,False,1,True
session_20260625_variable_sit_walk,walking,temperature_left,Urządzenie z czujnikami temperatury - lewe nozdrze,5,130.0,135.0,10.0,Autokorelacja,13.714285714285714,3.7142857142857135,3.7142857142857135,True,1,True
session_20260625_variable_sit_walk,walking,temperature_left,Urządzenie z czujnikami temperatury - lewe nozdrze,5,130.0,135.0,10.0,FFT,3.9996946831233164,-6.000305316876684,6.000305316876684,True,1,True
session_20260625_variable_sit_walk,walking,temperature_left,Urządzenie z czujnikami temperatury - lewe nozdrze,5,130.0,135.0,10.0,Metoda nachylenia,12.0,2.0,2.0,True,1,True
session_20260625_variable_sit_walk,walking,temperature_left,Urządzenie z czujnikami temperatury - lewe nozdrze,5,135.0,140.0,10.0,Maksima,,,,False,1,False
session_20260625_variable_sit_walk,walking,temperature_left,Urządzenie z czujnikami temperatury - lewe nozdrze,5,135.0,140.0,10.0,Minima,,,,False,1,False
session_20260625_variable_sit_walk,walking,temperature_left,Urządzenie z czujnikami temperatury - lewe nozdrze,5,135.0,140.0,10.0,Przejścia przez zero,16.551724137931036,6.551724137931036,6.551724137931036,True,2,False
session_20260625_variable_sit_walk,walking,temperature_left,Urządzenie z czujnikami temperatury - lewe nozdrze,5,135.0,140.0,10.0,Autokorelacja,18.46153846153846,8.46153846153846,8.46153846153846,True,1,False
session_20260625_variable_sit_walk,walking,temperature_left,Urządzenie z czujnikami temperatury - lewe nozdrze,5,135.0,140.0,10.0,FFT,16.55822357262762,6.558223572627622,6.558223572627622,True,1,False
session_20260625_variable_sit_walk,walking,temperature_left,Urządzenie z czujnikami temperatury - lewe nozdrze,5,135.0,140.0,10.0,Metoda nachylenia,12.0,2.0,2.0,True,1,False
session_20260625_variable_sit_walk,walking,temperature_left,Urządzenie z czujnikami temperatury - lewe nozdrze,5,140.0,145.0,15.0,Maksima,,,,False,1,True
session_20260625_variable_sit_walk,walking,temperature_left,Urządzenie z czujnikami temperatury - lewe nozdrze,5,140.0,145.0,15.0,Minima,,,,False,1,True
session_20260625_variable_sit_walk,walking,temperature_left,Urządzenie z czujnikami temperatury - lewe nozdrze,5,140.0,145.0,15.0,Przejścia przez zero,17.77777777777778,2.7777777777777786,2.7777777777777786,True,2,True
session_20260625_variable_sit_walk,walking,temperature_left,Urządzenie z czujnikami temperatury - lewe nozdrze,5,140.0,145.0,15.0,Autokorelacja,18.46153846153846,3.46153846153846,3.46153846153846,True,1,True
session_20260625_variable_sit_walk,walking,temperature_left,Urządzenie z czujnikami temperatury - lewe nozdrze,5,140.0,145.0,15.0,FFT,16.4448512449751,1.4448512449751014,1.4448512449751014,True,1,True
session_20260625_variable_sit_walk,walking,temperature_left,Urządzenie z czujnikami temperatury - lewe nozdrze,5,140.0,145.0,15.0,Metoda nachylenia,12.0,-3.0,3.0,True,1,True
session_20260625_variable_sit_walk,walking,temperature_left,Urządzenie z czujnikami temperatury - lewe nozdrze,5,145.0,150.0,15.0,Maksima,,,,False,1,False
session_20260625_variable_sit_walk,walking,temperature_left,Urządzenie z czujnikami temperatury - lewe nozdrze,5,145.0,150.0,15.0,Minima,,,,False,1,False
session_20260625_variable_sit_walk,walking,temperature_left,Urządzenie z czujnikami temperatury - lewe nozdrze,5,145.0,150.0,15.0,Przejścia przez zero,,,,False,1,False
session_20260625_variable_sit_walk,walking,temperature_left,Urządzenie z czujnikami temperatury - lewe nozdrze,5,145.0,150.0,15.0,Autokorelacja,18.46153846153846,3.46153846153846,3.46153846153846,True,1,False
session_20260625_variable_sit_walk,walking,temperature_left,Urządzenie z czujnikami temperatury - lewe nozdrze,5,145.0,150.0,15.0,FFT,17.02647682451299,2.02647682451299,2.02647682451299,True,1,False
session_20260625_variable_sit_walk,walking,temperature_left,Urządzenie z czujnikami temperatury - lewe nozdrze,5,145.0,150.0,15.0,Metoda nachylenia,12.0,-3.0,3.0,True,1,False
session_20260625_variable_sit_walk,sitting,temperature_left,Urządzenie z czujnikami temperatury - lewe nozdrze,10,5.0,15.0,15.0,Maksima,22.857142857142858,7.857142857142858,7.857142857142858,True,2,True
session_20260625_variable_sit_walk,sitting,temperature_left,Urządzenie z czujnikami temperatury - lewe nozdrze,10,5.0,15.0,15.0,Minima,12.972972972972974,-2.0270270270270263,2.0270270270270263,True,2,True
session_20260625_variable_sit_walk,sitting,temperature_left,Urządzenie z czujnikami temperatury - lewe nozdrze,10,5.0,15.0,15.0,Przejścia przez zero,17.77777777777778,2.7777777777777786,2.7777777777777786,True,2,True
session_20260625_variable_sit_walk,sitting,temperature_left,Urządzenie z czujnikami temperatury - lewe nozdrze,10,5.0,15.0,15.0,Autokorelacja,9.795918367346939,-5.204081632653061,5.204081632653061,True,1,True
session_20260625_variable_sit_walk,sitting,temperature_left,Urządzenie z czujnikami temperatury - lewe nozdrze,10,5.0,15.0,15.0,FFT,7.843007405634038,-7.156992594365962,7.156992594365962,True,1,True
session_20260625_variable_sit_walk,sitting,temperature_left,Urządzenie z czujnikami temperatury - lewe nozdrze,10,5.0,15.0,15.0,Metoda nachylenia,12.0,-3.0,3.0,True,2,True
session_20260625_variable_sit_walk,sitting,temperature_left,Urządzenie z czujnikami temperatury - lewe nozdrze,10,10.0,20.0,15.0,Maksima,18.46153846153846,3.46153846153846,3.46153846153846,True,3,True
session_20260625_variable_sit_walk,sitting,temperature_left,Urządzenie z czujnikami temperatury - lewe nozdrze,10,10.0,20.0,15.0,Minima,18.46153846153846,3.46153846153846,3.46153846153846,True,2,True
session_20260625_variable_sit_walk,sitting,temperature_left,Urządzenie z czujnikami temperatury - lewe nozdrze,10,10.0,20.0,15.0,Przejścia przez zero,17.454545454545453,2.4545454545454533,2.4545454545454533,True,3,True
session_20260625_variable_sit_walk,sitting,temperature_left,Urządzenie z czujnikami temperatury - lewe nozdrze,10,10.0,20.0,15.0,Autokorelacja,9.056603773584905,-5.943396226415095,5.943396226415095,True,1,True
session_20260625_variable_sit_walk,sitting,temperature_left,Urządzenie z czujnikami temperatury - lewe nozdrze,10,10.0,20.0,15.0,FFT,18.278786378064975,3.278786378064975,3.278786378064975,True,1,True
session_20260625_variable_sit_walk,sitting,temperature_left,Urządzenie z czujnikami temperatury - lewe nozdrze,10,10.0,20.0,15.0,Metoda nachylenia,18.0,3.0,3.0,True,3,True
session_20260625_variable_sit_walk,sitting,temperature_left,Urządzenie z czujnikami temperatury - lewe nozdrze,10,15.0,25.0,20.0,Maksima,22.857142857142858,2.8571428571428577,2.8571428571428577,True,3,True
session_20260625_variable_sit_walk,sitting,temperature_left,Urządzenie z czujnikami temperatury - lewe nozdrze,10,15.0,25.0,20.0,Minima,17.454545454545453,-2.5454545454545467,2.5454545454545467,True,3,True
session_20260625_variable_sit_walk,sitting,temperature_left,Urządzenie z czujnikami temperatury - lewe nozdrze,10,15.0,25.0,20.0,Przejścia przez zero,14.117647058823529,-5.882352941176471,5.882352941176471,True,2,True
session_20260625_variable_sit_walk,sitting,temperature_left,Urządzenie z czujnikami temperatury - lewe nozdrze,10,15.0,25.0,20.0,Autokorelacja,14.117647058823529,-5.882352941176471,5.882352941176471,True,1,True
session_20260625_variable_sit_walk,sitting,temperature_left,Urządzenie z czujnikami temperatury - lewe nozdrze,10,15.0,25.0,20.0,FFT,14.420676851504266,-5.5793231484957335,5.5793231484957335,True,1,True
session_20260625_variable_sit_walk,sitting,temperature_left,Urządzenie z czujnikami temperatury - lewe nozdrze,10,15.0,25.0,20.0,Metoda nachylenia,12.0,-8.0,8.0,True,2,True
session_20260625_variable_sit_walk,sitting,temperature_left,Urządzenie z czujnikami temperatury - lewe nozdrze,10,20.0,30.0,20.0,Maksima,20.869565217391305,0.8695652173913047,0.8695652173913047,True,4,True
session_20260625_variable_sit_walk,sitting,temperature_left,Urządzenie z czujnikami temperatury - lewe nozdrze,10,20.0,30.0,20.0,Minima,24.615384615384617,4.615384615384617,4.615384615384617,True,3,True
session_20260625_variable_sit_walk,sitting,temperature_left,Urządzenie z czujnikami temperatury - lewe nozdrze,10,20.0,30.0,20.0,Przejścia przez zero,16.0,-4.0,4.0,True,3,True
session_20260625_variable_sit_walk,sitting,temperature_left,Urządzenie z czujnikami temperatury - lewe nozdrze,10,20.0,30.0,20.0,Autokorelacja,8.0,-12.0,12.0,True,1,True
session_20260625_variable_sit_walk,sitting,temperature_left,Urządzenie z czujnikami temperatury - lewe nozdrze,10,20.0,30.0,20.0,FFT,18.38176674815849,-1.6182332518415095,1.6182332518415095,True,1,True
session_20260625_variable_sit_walk,sitting,temperature_left,Urządzenie z czujnikami temperatury - lewe nozdrze,10,20.0,30.0,20.0,Metoda nachylenia,12.0,-8.0,8.0,True,2,True
session_20260625_variable_sit_walk,sitting,temperature_left,Urządzenie z czujnikami temperatury - lewe nozdrze,10,25.0,35.0,25.0,Maksima,19.2,-5.800000000000001,5.800000000000001,True,3,True
session_20260625_variable_sit_walk,sitting,temperature_left,Urządzenie z czujnikami temperatury - lewe nozdrze,10,25.0,35.0,25.0,Minima,18.11320754716981,-6.886792452830189,6.886792452830189,True,3,True
session_20260625_variable_sit_walk,sitting,temperature_left,Urządzenie z czujnikami temperatury - lewe nozdrze,10,25.0,35.0,25.0,Przejścia przez zero,20.869565217391305,-4.130434782608695,4.130434782608695,True,3,True
session_20260625_variable_sit_walk,sitting,temperature_left,Urządzenie z czujnikami temperatury - lewe nozdrze,10,25.0,35.0,25.0,Autokorelacja,19.2,-5.800000000000001,5.800000000000001,True,1,True
session_20260625_variable_sit_walk,sitting,temperature_left,Urządzenie z czujnikami temperatury - lewe nozdrze,10,25.0,35.0,25.0,FFT,19.404405038078345,-5.595594961921655,5.595594961921655,True,1,True
session_20260625_variable_sit_walk,sitting,temperature_left,Urządzenie z czujnikami temperatury - lewe nozdrze,10,25.0,35.0,25.0,Metoda nachylenia,18.0,-7.0,7.0,True,3,True
session_20260625_variable_sit_walk,sitting,temperature_left,Urządzenie z czujnikami temperatury - lewe nozdrze,10,30.0,40.0,25.0,Maksima,24.0,-1.0,1.0,True,3,True
session_20260625_variable_sit_walk,sitting,temperature_left,Urządzenie z czujnikami temperatury - lewe nozdrze,10,30.0,40.0,25.0,Minima,24.0,-1.0,1.0,True,4,True
session_20260625_variable_sit_walk,sitting,temperature_left,Urządzenie z czujnikami temperatury - lewe nozdrze,10,30.0,40.0,25.0,Przejścia przez zero,25.263157894736842,0.2631578947368425,0.2631578947368425,True,4,True
session_20260625_variable_sit_walk,sitting,temperature_left,Urządzenie z czujnikami temperatury - lewe nozdrze,10,30.0,40.0,25.0,Autokorelacja,12.631578947368421,-12.368421052631579,12.368421052631579,True,1,True
session_20260625_variable_sit_walk,sitting,temperature_left,Urządzenie z czujnikami temperatury - lewe nozdrze,10,30.0,40.0,25.0,FFT,21.000892770691678,-3.999107229308322,3.999107229308322,True,1,True
session_20260625_variable_sit_walk,sitting,temperature_left,Urządzenie z czujnikami temperatury - lewe nozdrze,10,30.0,40.0,25.0,Metoda nachylenia,18.0,-7.0,7.0,True,3,True
session_20260625_variable_sit_walk,sitting,temperature_left,Urządzenie z czujnikami temperatury - lewe nozdrze,10,35.0,45.0,10.0,Maksima,25.263157894736842,15.263157894736842,15.263157894736842,True,3,True
session_20260625_variable_sit_walk,sitting,temperature_left,Urządzenie z czujnikami temperatury - lewe nozdrze,10,35.0,45.0,10.0,Minima,18.823529411764707,8.823529411764707,8.823529411764707,True,3,True
session_20260625_variable_sit_walk,sitting,temperature_left,Urządzenie z czujnikami temperatury - lewe nozdrze,10,35.0,45.0,10.0,Przejścia przez zero,18.11320754716981,8.11320754716981,8.11320754716981,True,3,True
session_20260625_variable_sit_walk,sitting,temperature_left,Urządzenie z czujnikami temperatury - lewe nozdrze,10,35.0,45.0,10.0,Autokorelacja,13.333333333333334,3.333333333333334,3.333333333333334,True,1,True
session_20260625_variable_sit_walk,sitting,temperature_left,Urządzenie z czujnikami temperatury - lewe nozdrze,10,35.0,45.0,10.0,FFT,22.58834530515421,12.58834530515421,12.58834530515421,True,1,True
session_20260625_variable_sit_walk,sitting,temperature_left,Urządzenie z czujnikami temperatury - lewe nozdrze,10,35.0,45.0,10.0,Metoda nachylenia,12.0,2.0,2.0,True,2,True
session_20260625_variable_sit_walk,sitting,temperature_left,Urządzenie z czujnikami temperatury - lewe nozdrze,10,40.0,50.0,10.0,Maksima,,,,False,1,True
session_20260625_variable_sit_walk,sitting,temperature_left,Urządzenie z czujnikami temperatury - lewe nozdrze,10,40.0,50.0,10.0,Minima,10.212765957446809,0.21276595744680904,0.21276595744680904,True,2,True
session_20260625_variable_sit_walk,sitting,temperature_left,Urządzenie z czujnikami temperatury - lewe nozdrze,10,40.0,50.0,10.0,Przejścia przez zero,,,,False,1,True
session_20260625_variable_sit_walk,sitting,temperature_left,Urządzenie z czujnikami temperatury - lewe nozdrze,10,40.0,50.0,10.0,Autokorelacja,48.0,38.0,38.0,True,1,True
session_20260625_variable_sit_walk,sitting,temperature_left,Urządzenie z czujnikami temperatury - lewe nozdrze,10,40.0,50.0,10.0,FFT,9.160567231250056,-0.8394327687499441,0.8394327687499441,True,1,True
session_20260625_variable_sit_walk,sitting,temperature_left,Urządzenie z czujnikami temperatury - lewe nozdrze,10,40.0,50.0,10.0,Metoda nachylenia,6.0,-4.0,4.0,True,1,True
session_20260625_variable_sit_walk,sitting,temperature_left,Urządzenie z czujnikami temperatury - lewe nozdrze,10,45.0,55.0,15.0,Maksima,,,,False,1,True
session_20260625_variable_sit_walk,sitting,temperature_left,Urządzenie z czujnikami temperatury - lewe nozdrze,10,45.0,55.0,15.0,Minima,16.0,1.0,1.0,True,2,True
session_20260625_variable_sit_walk,sitting,temperature_left,Urządzenie z czujnikami temperatury - lewe nozdrze,10,45.0,55.0,15.0,Przejścia przez zero,20.869565217391305,5.869565217391305,5.869565217391305,True,2,True
session_20260625_variable_sit_walk,sitting,temperature_left,Urządzenie z czujnikami temperatury - lewe nozdrze,10,45.0,55.0,15.0,Autokorelacja,7.0588235294117645,-7.9411764705882355,7.9411764705882355,True,1,True
session_20260625_variable_sit_walk,sitting,temperature_left,Urządzenie z czujnikami temperatury - lewe nozdrze,10,45.0,55.0,15.0,FFT,5.2821831168205176,-9.717816883179482,9.717816883179482,True,1,True
session_20260625_variable_sit_walk,sitting,temperature_left,Urządzenie z czujnikami temperatury - lewe nozdrze,10,45.0,55.0,15.0,Metoda nachylenia,12.0,-3.0,3.0,True,2,True
session_20260625_variable_sit_walk,sitting,temperature_left,Urządzenie z czujnikami temperatury - lewe nozdrze,10,50.0,60.0,15.0,Maksima,16.271186440677965,1.2711864406779654,1.2711864406779654,True,3,True
session_20260625_variable_sit_walk,sitting,temperature_left,Urządzenie z czujnikami temperatury - lewe nozdrze,10,50.0,60.0,15.0,Minima,16.0,1.0,1.0,True,2,True
session_20260625_variable_sit_walk,sitting,temperature_left,Urządzenie z czujnikami temperatury - lewe nozdrze,10,50.0,60.0,15.0,Przejścia przez zero,16.271186440677965,1.2711864406779654,1.2711864406779654,True,3,True
session_20260625_variable_sit_walk,sitting,temperature_left,Urządzenie z czujnikami temperatury - lewe nozdrze,10,50.0,60.0,15.0,Autokorelacja,16.551724137931036,1.5517241379310356,1.5517241379310356,True,1,True
session_20260625_variable_sit_walk,sitting,temperature_left,Urządzenie z czujnikami temperatury - lewe nozdrze,10,50.0,60.0,15.0,FFT,16.089196861070537,1.089196861070537,1.089196861070537,True,1,True
session_20260625_variable_sit_walk,sitting,temperature_left,Urządzenie z czujnikami temperatury - lewe nozdrze,10,50.0,60.0,15.0,Metoda nachylenia,18.0,3.0,3.0,True,3,True
session_20260625_variable_sit_walk,sitting,temperature_left,Urządzenie z czujnikami temperatury - lewe nozdrze,10,55.0,65.0,20.0,Maksima,23.414634146341463,3.414634146341463,3.414634146341463,True,3,True
session_20260625_variable_sit_walk,sitting,temperature_left,Urządzenie z czujnikami temperatury - lewe nozdrze,10,55.0,65.0,20.0,Minima,20.425531914893618,0.4255319148936181,0.4255319148936181,True,3,True
session_20260625_variable_sit_walk,sitting,temperature_left,Urządzenie z czujnikami temperatury - lewe nozdrze,10,55.0,65.0,20.0,Przejścia przez zero,20.869565217391305,0.8695652173913047,0.8695652173913047,True,3,True
session_20260625_variable_sit_walk,sitting,temperature_left,Urządzenie z czujnikami temperatury - lewe nozdrze,10,55.0,65.0,20.0,Autokorelacja,11.707317073170731,-8.292682926829269,8.292682926829269,True,1,True
session_20260625_variable_sit_walk,sitting,temperature_left,Urządzenie z czujnikami temperatury - lewe nozdrze,10,55.0,65.0,20.0,FFT,14.312353171539277,-5.687646828460723,5.687646828460723,True,1,True
session_20260625_variable_sit_walk,sitting,temperature_left,Urządzenie z czujnikami temperatury - lewe nozdrze,10,55.0,65.0,20.0,Metoda nachylenia,12.0,-8.0,8.0,True,2,True
session_20260625_variable_sit_walk,sitting,temperature_left,Urządzenie z czujnikami temperatury - lewe nozdrze,10,60.0,70.0,20.0,Maksima,21.818181818181817,1.8181818181818166,1.8181818181818166,True,4,True
session_20260625_variable_sit_walk,sitting,temperature_left,Urządzenie z czujnikami temperatury - lewe nozdrze,10,60.0,70.0,20.0,Minima,21.333333333333332,1.3333333333333321,1.3333333333333321,True,3,True
session_20260625_variable_sit_walk,sitting,temperature_left,Urządzenie z czujnikami temperatury - lewe nozdrze,10,60.0,70.0,20.0,Przejścia przez zero,21.818181818181817,1.8181818181818166,1.8181818181818166,True,4,True
session_20260625_variable_sit_walk,sitting,temperature_left,Urządzenie z czujnikami temperatury - lewe nozdrze,10,60.0,70.0,20.0,Autokorelacja,21.818181818181817,1.8181818181818166,1.8181818181818166,True,1,True
session_20260625_variable_sit_walk,sitting,temperature_left,Urządzenie z czujnikami temperatury - lewe nozdrze,10,60.0,70.0,20.0,FFT,21.33108998037267,1.3310899803726706,1.3310899803726706,True,1,True
session_20260625_variable_sit_walk,sitting,temperature_left,Urządzenie z czujnikami temperatury - lewe nozdrze,10,60.0,70.0,20.0,Metoda nachylenia,12.0,-8.0,8.0,True,2,True
session_20260625_variable_sit_walk,sitting,temperature_left,Urządzenie z czujnikami temperatury - lewe nozdrze,10,65.0,75.0,25.0,Maksima,17.77777777777778,-7.222222222222221,7.222222222222221,True,3,True
session_20260625_variable_sit_walk,sitting,temperature_left,Urządzenie z czujnikami temperatury - lewe nozdrze,10,65.0,75.0,25.0,Minima,19.2,-5.800000000000001,5.800000000000001,True,3,True
session_20260625_variable_sit_walk,sitting,temperature_left,Urządzenie z czujnikami temperatury - lewe nozdrze,10,65.0,75.0,25.0,Przejścia przez zero,19.2,-5.800000000000001,5.800000000000001,True,4,True
session_20260625_variable_sit_walk,sitting,temperature_left,Urządzenie z czujnikami temperatury - lewe nozdrze,10,65.0,75.0,25.0,Autokorelacja,17.77777777777778,-7.222222222222221,7.222222222222221,True,1,True
session_20260625_variable_sit_walk,sitting,temperature_left,Urządzenie z czujnikami temperatury - lewe nozdrze,10,65.0,75.0,25.0,FFT,16.75417727084377,-8.245822729156231,8.245822729156231,True,1,True
session_20260625_variable_sit_walk,sitting,temperature_left,Urządzenie z czujnikami temperatury - lewe nozdrze,10,65.0,75.0,25.0,Metoda nachylenia,18.0,-7.0,7.0,True,3,True
session_20260625_variable_sit_walk,sitting,temperature_left,Urządzenie z czujnikami temperatury - lewe nozdrze,10,70.0,80.0,25.0,Maksima,25.945945945945947,0.9459459459459474,0.9459459459459474,True,3,True
session_20260625_variable_sit_walk,sitting,temperature_left,Urządzenie z czujnikami temperatury - lewe nozdrze,10,70.0,80.0,25.0,Minima,24.0,-1.0,1.0,True,4,True
session_20260625_variable_sit_walk,sitting,temperature_left,Urządzenie z czujnikami temperatury - lewe nozdrze,10,70.0,80.0,25.0,Przejścia przez zero,25.945945945945947,0.9459459459459474,0.9459459459459474,True,3,True
session_20260625_variable_sit_walk,sitting,temperature_left,Urządzenie z czujnikami temperatury - lewe nozdrze,10,70.0,80.0,25.0,Autokorelacja,25.263157894736842,0.2631578947368425,0.2631578947368425,True,1,True
session_20260625_variable_sit_walk,sitting,temperature_left,Urządzenie z czujnikami temperatury - lewe nozdrze,10,70.0,80.0,25.0,FFT,26.057332309833633,1.0573323098336331,1.0573323098336331,True,1,True
session_20260625_variable_sit_walk,sitting,temperature_left,Urządzenie z czujnikami temperatury - lewe nozdrze,10,70.0,80.0,25.0,Metoda nachylenia,18.0,-7.0,7.0,True,3,True
session_20260625_variable_sit_walk,sitting,temperature_left,Urządzenie z czujnikami temperatury - lewe nozdrze,10,75.0,85.0,10.0,Maksima,25.263157894736842,15.263157894736842,15.263157894736842,True,2,True
session_20260625_variable_sit_walk,sitting,temperature_left,Urządzenie z czujnikami temperatury - lewe nozdrze,10,75.0,85.0,10.0,Minima,22.857142857142858,12.857142857142858,12.857142857142858,True,3,True
session_20260625_variable_sit_walk,sitting,temperature_left,Urządzenie z czujnikami temperatury - lewe nozdrze,10,75.0,85.0,10.0,Przejścia przez zero,20.0,10.0,10.0,True,3,True
session_20260625_variable_sit_walk,sitting,temperature_left,Urządzenie z czujnikami temperatury - lewe nozdrze,10,75.0,85.0,10.0,Autokorelacja,6.575342465753424,-3.4246575342465757,3.4246575342465757,True,1,True
session_20260625_variable_sit_walk,sitting,temperature_left,Urządzenie z czujnikami temperatury - lewe nozdrze,10,75.0,85.0,10.0,FFT,22.46969607008357,12.469696070083572,12.469696070083572,True,1,True
session_20260625_variable_sit_walk,sitting,temperature_left,Urządzenie z czujnikami temperatury - lewe nozdrze,10,75.0,85.0,10.0,Metoda nachylenia,18.0,8.0,8.0,True,3,True
session_20260625_variable_sit_walk,sitting,temperature_left,Urządzenie z czujnikami temperatury - lewe nozdrze,10,80.0,90.0,10.0,Maksima,,,,False,1,True
session_20260625_variable_sit_walk,sitting,temperature_left,Urządzenie z czujnikami temperatury - lewe nozdrze,10,80.0,90.0,10.0,Minima,8.88888888888889,-1.1111111111111107,1.1111111111111107,True,2,True
session_20260625_variable_sit_walk,sitting,temperature_left,Urządzenie z czujnikami temperatury - lewe nozdrze,10,80.0,90.0,10.0,Przejścia przez zero,,,,False,1,True
session_20260625_variable_sit_walk,sitting,temperature_left,Urządzenie z czujnikami temperatury - lewe nozdrze,10,80.0,90.0,10.0,Autokorelacja,48.0,38.0,38.0,True,1,True
session_20260625_variable_sit_walk,sitting,temperature_left,Urządzenie z czujnikami temperatury - lewe nozdrze,10,80.0,90.0,10.0,FFT,7.518378926617278,-2.4816210733827218,2.4816210733827218,True,1,True
session_20260625_variable_sit_walk,sitting,temperature_left,Urządzenie z czujnikami temperatury - lewe nozdrze,10,80.0,90.0,10.0,Metoda nachylenia,12.0,2.0,2.0,True,2,True
session_20260625_variable_sit_walk,sitting,temperature_left,Urządzenie z czujnikami temperatury - lewe nozdrze,10,85.0,95.0,15.0,Maksima,21.818181818181817,6.818181818181817,6.818181818181817,True,2,True
session_20260625_variable_sit_walk,sitting,temperature_left,Urządzenie z czujnikami temperatury - lewe nozdrze,10,85.0,95.0,15.0,Minima,13.714285714285714,-1.2857142857142865,1.2857142857142865,True,2,True
session_20260625_variable_sit_walk,sitting,temperature_left,Urządzenie z czujnikami temperatury - lewe nozdrze,10,85.0,95.0,15.0,Przejścia przez zero,20.869565217391305,5.869565217391305,5.869565217391305,True,2,True
session_20260625_variable_sit_walk,sitting,temperature_left,Urządzenie z czujnikami temperatury - lewe nozdrze,10,85.0,95.0,15.0,Autokorelacja,48.0,33.0,33.0,True,1,True
session_20260625_variable_sit_walk,sitting,temperature_left,Urządzenie z czujnikami temperatury - lewe nozdrze,10,85.0,95.0,15.0,FFT,6.165218432455124,-8.834781567544876,8.834781567544876,True,1,True
session_20260625_variable_sit_walk,sitting,temperature_left,Urządzenie z czujnikami temperatury - lewe nozdrze,10,85.0,95.0,15.0,Metoda nachylenia,12.0,-3.0,3.0,True,2,True
session_20260625_variable_sit_walk,sitting,temperature_left,Urządzenie z czujnikami temperatury - lewe nozdrze,10,90.0,100.0,15.0,Maksima,18.11320754716981,3.113207547169811,3.113207547169811,True,3,True
session_20260625_variable_sit_walk,sitting,temperature_left,Urządzenie z czujnikami temperatury - lewe nozdrze,10,90.0,100.0,15.0,Minima,17.77777777777778,2.7777777777777786,2.7777777777777786,True,2,True
session_20260625_variable_sit_walk,sitting,temperature_left,Urządzenie z czujnikami temperatury - lewe nozdrze,10,90.0,100.0,15.0,Przejścia przez zero,17.142857142857142,2.1428571428571423,2.1428571428571423,True,3,True
session_20260625_variable_sit_walk,sitting,temperature_left,Urządzenie z czujnikami temperatury - lewe nozdrze,10,90.0,100.0,15.0,Autokorelacja,17.142857142857142,2.1428571428571423,2.1428571428571423,True,1,True
session_20260625_variable_sit_walk,sitting,temperature_left,Urządzenie z czujnikami temperatury - lewe nozdrze,10,90.0,100.0,15.0,FFT,17.371620271512256,2.3716202715122563,2.3716202715122563,True,1,True
session_20260625_variable_sit_walk,sitting,temperature_left,Urządzenie z czujnikami temperatury - lewe nozdrze,10,90.0,100.0,15.0,Metoda nachylenia,12.0,-3.0,3.0,True,2,True
session_20260625_variable_sit_walk,sitting,temperature_left,Urządzenie z czujnikami temperatury - lewe nozdrze,10,95.0,105.0,20.0,Maksima,12.0,-8.0,8.0,True,2,True
session_20260625_variable_sit_walk,sitting,temperature_left,Urządzenie z czujnikami temperatury - lewe nozdrze,10,95.0,105.0,20.0,Minima,15.483870967741936,-4.516129032258064,4.516129032258064,True,2,True
session_20260625_variable_sit_walk,sitting,temperature_left,Urządzenie z czujnikami temperatury - lewe nozdrze,10,95.0,105.0,20.0,Przejścia przez zero,13.333333333333334,-6.666666666666666,6.666666666666666,True,2,True
session_20260625_variable_sit_walk,sitting,temperature_left,Urządzenie z czujnikami temperatury - lewe nozdrze,10,95.0,105.0,20.0,Autokorelacja,13.333333333333334,-6.666666666666666,6.666666666666666,True,1,True
session_20260625_variable_sit_walk,sitting,temperature_left,Urządzenie z czujnikami temperatury - lewe nozdrze,10,95.0,105.0,20.0,FFT,12.760546050699213,-7.239453949300787,7.239453949300787,True,1,True
session_20260625_variable_sit_walk,sitting,temperature_left,Urządzenie z czujnikami temperatury - lewe nozdrze,10,95.0,105.0,20.0,Metoda nachylenia,12.0,-8.0,8.0,True,2,True
session_20260625_variable_sit_walk,sitting,temperature_left,Urządzenie z czujnikami temperatury - lewe nozdrze,10,100.0,110.0,20.0,Maksima,20.425531914893618,0.4255319148936181,0.4255319148936181,True,3,True
session_20260625_variable_sit_walk,sitting,temperature_left,Urządzenie z czujnikami temperatury - lewe nozdrze,10,100.0,110.0,20.0,Minima,20.869565217391305,0.8695652173913047,0.8695652173913047,True,2,True
session_20260625_variable_sit_walk,sitting,temperature_left,Urządzenie z czujnikami temperatury - lewe nozdrze,10,100.0,110.0,20.0,Przejścia przez zero,16.271186440677965,-3.7288135593220346,3.7288135593220346,True,3,True
session_20260625_variable_sit_walk,sitting,temperature_left,Urządzenie z czujnikami temperatury - lewe nozdrze,10,100.0,110.0,20.0,Autokorelacja,7.868852459016393,-12.131147540983607,12.131147540983607,True,1,True
session_20260625_variable_sit_walk,sitting,temperature_left,Urządzenie z czujnikami temperatury - lewe nozdrze,10,100.0,110.0,20.0,FFT,12.674205782054711,-7.325794217945289,7.325794217945289,True,1,True
session_20260625_variable_sit_walk,sitting,temperature_left,Urządzenie z czujnikami temperatury - lewe nozdrze,10,100.0,110.0,20.0,Metoda nachylenia,12.0,-8.0,8.0,True,2,True
session_20260625_variable_sit_walk,sitting,temperature_left,Urządzenie z czujnikami temperatury - lewe nozdrze,10,105.0,115.0,25.0,Maksima,18.46153846153846,-6.53846153846154,6.53846153846154,True,3,True
session_20260625_variable_sit_walk,sitting,temperature_left,Urządzenie z czujnikami temperatury - lewe nozdrze,10,105.0,115.0,25.0,Minima,18.823529411764707,-6.1764705882352935,6.1764705882352935,True,3,True
session_20260625_variable_sit_walk,sitting,temperature_left,Urządzenie z czujnikami temperatury - lewe nozdrze,10,105.0,115.0,25.0,Przejścia przez zero,18.11320754716981,-6.886792452830189,6.886792452830189,True,3,True
session_20260625_variable_sit_walk,sitting,temperature_left,Urządzenie z czujnikami temperatury - lewe nozdrze,10,105.0,115.0,25.0,Autokorelacja,9.411764705882353,-15.588235294117647,15.588235294117647,True,1,True
session_20260625_variable_sit_walk,sitting,temperature_left,Urządzenie z czujnikami temperatury - lewe nozdrze,10,105.0,115.0,25.0,FFT,15.408152726683092,-9.591847273316908,9.591847273316908,True,1,True
session_20260625_variable_sit_walk,sitting,temperature_left,Urządzenie z czujnikami temperatury - lewe nozdrze,10,105.0,115.0,25.0,Metoda nachylenia,18.0,-7.0,7.0,True,3,True
session_20260625_variable_sit_walk,sitting,temperature_left,Urządzenie z czujnikami temperatury - lewe nozdrze,10,110.0,120.0,25.0,Maksima,25.945945945945947,0.9459459459459474,0.9459459459459474,True,3,True
session_20260625_variable_sit_walk,sitting,temperature_left,Urządzenie z czujnikami temperatury - lewe nozdrze,10,110.0,120.0,25.0,Minima,25.263157894736842,0.2631578947368425,0.2631578947368425,True,4,True
session_20260625_variable_sit_walk,sitting,temperature_left,Urządzenie z czujnikami temperatury - lewe nozdrze,10,110.0,120.0,25.0,Przejścia przez zero,24.615384615384617,-0.38461538461538325,0.38461538461538325,True,3,True
session_20260625_variable_sit_walk,sitting,temperature_left,Urządzenie z czujnikami temperatury - lewe nozdrze,10,110.0,120.0,25.0,Autokorelacja,25.263157894736842,0.2631578947368425,0.2631578947368425,True,1,True
session_20260625_variable_sit_walk,sitting,temperature_left,Urządzenie z czujnikami temperatury - lewe nozdrze,10,110.0,120.0,25.0,FFT,25.138271645298474,0.1382716452984738,0.1382716452984738,True,1,True
session_20260625_variable_sit_walk,sitting,temperature_left,Urządzenie z czujnikami temperatury - lewe nozdrze,10,110.0,120.0,25.0,Metoda nachylenia,18.0,-7.0,7.0,True,3,True
session_20260625_variable_sit_walk,walking,temperature_left,Urządzenie z czujnikami temperatury - lewe nozdrze,10,125.0,135.0,10.0,Maksima,27.428571428571427,17.428571428571427,17.428571428571427,True,3,True
session_20260625_variable_sit_walk,walking,temperature_left,Urządzenie z czujnikami temperatury - lewe nozdrze,10,125.0,135.0,10.0,Minima,20.869565217391305,10.869565217391305,10.869565217391305,True,3,True
session_20260625_variable_sit_walk,walking,temperature_left,Urządzenie z czujnikami temperatury - lewe nozdrze,10,125.0,135.0,10.0,Przejścia przez zero,12.972972972972974,2.9729729729729737,2.9729729729729737,True,2,True
session_20260625_variable_sit_walk,walking,temperature_left,Urządzenie z czujnikami temperatury - lewe nozdrze,10,125.0,135.0,10.0,Autokorelacja,13.333333333333334,3.333333333333334,3.333333333333334,True,1,True
session_20260625_variable_sit_walk,walking,temperature_left,Urządzenie z czujnikami temperatury - lewe nozdrze,10,125.0,135.0,10.0,FFT,13.792407546946741,3.792407546946741,3.792407546946741,True,1,True
session_20260625_variable_sit_walk,walking,temperature_left,Urządzenie z czujnikami temperatury - lewe nozdrze,10,125.0,135.0,10.0,Metoda nachylenia,6.0,-4.0,4.0,True,1,True
session_20260625_variable_sit_walk,walking,temperature_left,Urządzenie z czujnikami temperatury - lewe nozdrze,10,130.0,140.0,10.0,Maksima,,,,False,1,True
session_20260625_variable_sit_walk,walking,temperature_left,Urządzenie z czujnikami temperatury - lewe nozdrze,10,130.0,140.0,10.0,Minima,,,,False,1,True
session_20260625_variable_sit_walk,walking,temperature_left,Urządzenie z czujnikami temperatury - lewe nozdrze,10,130.0,140.0,10.0,Przejścia przez zero,,,,False,1,True
session_20260625_variable_sit_walk,walking,temperature_left,Urządzenie z czujnikami temperatury - lewe nozdrze,10,130.0,140.0,10.0,Autokorelacja,9.6,-0.40000000000000036,0.40000000000000036,True,1,True
session_20260625_variable_sit_walk,walking,temperature_left,Urządzenie z czujnikami temperatury - lewe nozdrze,10,130.0,140.0,10.0,FFT,8.685820992878195,-1.3141790071218047,1.3141790071218047,True,1,True
session_20260625_variable_sit_walk,walking,temperature_left,Urządzenie z czujnikami temperatury - lewe nozdrze,10,130.0,140.0,10.0,Metoda nachylenia,12.0,2.0,2.0,True,2,True
session_20260625_variable_sit_walk,walking,temperature_left,Urządzenie z czujnikami temperatury - lewe nozdrze,10,135.0,145.0,15.0,Maksima,10.909090909090908,-4.090909090909092,4.090909090909092,True,2,True
session_20260625_variable_sit_walk,walking,temperature_left,Urządzenie z czujnikami temperatury - lewe nozdrze,10,135.0,145.0,15.0,Minima,13.714285714285714,-1.2857142857142865,1.2857142857142865,True,2,True
session_20260625_variable_sit_walk,walking,temperature_left,Urządzenie z czujnikami temperatury - lewe nozdrze,10,135.0,145.0,15.0,Przejścia przez zero,17.142857142857142,2.1428571428571423,2.1428571428571423,True,2,True
session_20260625_variable_sit_walk,walking,temperature_left,Urządzenie z czujnikami temperatury - lewe nozdrze,10,135.0,145.0,15.0,Autokorelacja,10.909090909090908,-4.090909090909092,4.090909090909092,True,1,True
session_20260625_variable_sit_walk,walking,temperature_left,Urządzenie z czujnikami temperatury - lewe nozdrze,10,135.0,145.0,15.0,FFT,9.746321256205473,-5.253678743794527,5.253678743794527,True,1,True
session_20260625_variable_sit_walk,walking,temperature_left,Urządzenie z czujnikami temperatury - lewe nozdrze,10,135.0,145.0,15.0,Metoda nachylenia,12.0,-3.0,3.0,True,2,True
session_20260625_variable_sit_walk,walking,temperature_left,Urządzenie z czujnikami temperatury - lewe nozdrze,10,140.0,150.0,15.0,Maksima,18.46153846153846,3.46153846153846,3.46153846153846,True,3,True
session_20260625_variable_sit_walk,walking,temperature_left,Urządzenie z czujnikami temperatury - lewe nozdrze,10,140.0,150.0,15.0,Minima,20.869565217391305,5.869565217391305,5.869565217391305,True,2,True
session_20260625_variable_sit_walk,walking,temperature_left,Urządzenie z czujnikami temperatury - lewe nozdrze,10,140.0,150.0,15.0,Przejścia przez zero,17.454545454545453,2.4545454545454533,2.4545454545454533,True,3,True
session_20260625_variable_sit_walk,walking,temperature_left,Urządzenie z czujnikami temperatury - lewe nozdrze,10,140.0,150.0,15.0,Autokorelacja,9.056603773584905,-5.943396226415095,5.943396226415095,True,1,True
session_20260625_variable_sit_walk,walking,temperature_left,Urządzenie z czujnikami temperatury - lewe nozdrze,10,140.0,150.0,15.0,FFT,3.758808703003652,-11.241191296996348,11.241191296996348,True,1,True
session_20260625_variable_sit_walk,walking,temperature_left,Urządzenie z czujnikami temperatury - lewe nozdrze,10,140.0,150.0,15.0,Metoda nachylenia,18.0,3.0,3.0,True,3,True
session_20260625_variable_sit_walk,sitting,temperature_left,Urządzenie z czujnikami temperatury - lewe nozdrze,20,5.0,25.0,20.0,Maksima,16.0,-4.0,4.0,True,4,True
session_20260625_variable_sit_walk,sitting,temperature_left,Urządzenie z czujnikami temperatury - lewe nozdrze,20,5.0,25.0,20.0,Minima,15.0,-5.0,5.0,True,4,True
session_20260625_variable_sit_walk,sitting,temperature_left,Urządzenie z czujnikami temperatury - lewe nozdrze,20,5.0,25.0,20.0,Przejścia przez zero,16.0,-4.0,4.0,True,4,True
session_20260625_variable_sit_walk,sitting,temperature_left,Urządzenie z czujnikami temperatury - lewe nozdrze,20,5.0,25.0,20.0,Autokorelacja,8.88888888888889,-11.11111111111111,11.11111111111111,True,1,True
session_20260625_variable_sit_walk,sitting,temperature_left,Urządzenie z czujnikami temperatury - lewe nozdrze,20,5.0,25.0,20.0,FFT,16.84049471369213,-3.159505286307869,3.159505286307869,True,1,True
session_20260625_variable_sit_walk,sitting,temperature_left,Urządzenie z czujnikami temperatury - lewe nozdrze,20,5.0,25.0,20.0,Metoda nachylenia,15.0,-5.0,5.0,True,5,True
session_20260625_variable_sit_walk,sitting,temperature_left,Urządzenie z czujnikami temperatury - lewe nozdrze,20,10.0,30.0,20.0,Maksima,15.483870967741936,-4.516129032258064,4.516129032258064,True,6,True
session_20260625_variable_sit_walk,sitting,temperature_left,Urządzenie z czujnikami temperatury - lewe nozdrze,20,10.0,30.0,20.0,Minima,22.857142857142858,2.8571428571428577,2.8571428571428577,True,6,True
session_20260625_variable_sit_walk,sitting,temperature_left,Urządzenie z czujnikami temperatury - lewe nozdrze,20,10.0,30.0,20.0,Przejścia przez zero,16.0,-4.0,4.0,True,6,True
session_20260625_variable_sit_walk,sitting,temperature_left,Urządzenie z czujnikami temperatury - lewe nozdrze,20,10.0,30.0,20.0,Autokorelacja,5.1063829787234045,-14.893617021276595,14.893617021276595,True,1,True
session_20260625_variable_sit_walk,sitting,temperature_left,Urządzenie z czujnikami temperatury - lewe nozdrze,20,10.0,30.0,20.0,FFT,14.133941365082409,-5.866058634917591,5.866058634917591,True,1,True
session_20260625_variable_sit_walk,sitting,temperature_left,Urządzenie z czujnikami temperatury - lewe nozdrze,20,10.0,30.0,20.0,Metoda nachylenia,15.0,-5.0,5.0,True,5,True
session_20260625_variable_sit_walk,sitting,temperature_left,Urządzenie z czujnikami temperatury - lewe nozdrze,20,15.0,35.0,25.0,Maksima,16.551724137931036,-8.448275862068964,8.448275862068964,True,5,True
session_20260625_variable_sit_walk,sitting,temperature_left,Urządzenie z czujnikami temperatury - lewe nozdrze,20,15.0,35.0,25.0,Minima,20.869565217391305,-4.130434782608695,4.130434782608695,True,7,True
session_20260625_variable_sit_walk,sitting,temperature_left,Urządzenie z czujnikami temperatury - lewe nozdrze,20,15.0,35.0,25.0,Przejścia przez zero,17.454545454545453,-7.545454545454547,7.545454545454547,True,5,True
session_20260625_variable_sit_walk,sitting,temperature_left,Urządzenie z czujnikami temperatury - lewe nozdrze,20,15.0,35.0,25.0,Autokorelacja,16.551724137931036,-8.448275862068964,8.448275862068964,True,1,True
session_20260625_variable_sit_walk,sitting,temperature_left,Urządzenie z czujnikami temperatury - lewe nozdrze,20,15.0,35.0,25.0,FFT,14.872393128481233,-10.127606871518767,10.127606871518767,True,1,True
session_20260625_variable_sit_walk,sitting,temperature_left,Urządzenie z czujnikami temperatury - lewe nozdrze,20,15.0,35.0,25.0,Metoda nachylenia,15.0,-10.0,10.0,True,5,True
session_20260625_variable_sit_walk,sitting,temperature_left,Urządzenie z czujnikami temperatury - lewe nozdrze,20,20.0,40.0,25.0,Maksima,20.869565217391305,-4.130434782608695,4.130434782608695,True,6,True
session_20260625_variable_sit_walk,sitting,temperature_left,Urządzenie z czujnikami temperatury - lewe nozdrze,20,20.0,40.0,25.0,Minima,23.414634146341463,-1.585365853658537,1.585365853658537,True,7,True
session_20260625_variable_sit_walk,sitting,temperature_left,Urządzenie z czujnikami temperatury - lewe nozdrze,20,20.0,40.0,25.0,Przejścia przez zero,20.869565217391305,-4.130434782608695,4.130434782608695,True,7,True
session_20260625_variable_sit_walk,sitting,temperature_left,Urządzenie z czujnikami temperatury - lewe nozdrze,20,20.0,40.0,25.0,Autokorelacja,5.647058823529412,-19.352941176470587,19.352941176470587,True,1,True
session_20260625_variable_sit_walk,sitting,temperature_left,Urządzenie z czujnikami temperatury - lewe nozdrze,20,20.0,40.0,25.0,FFT,19.2219191450527,-5.7780808549473015,5.7780808549473015,True,1,True
session_20260625_variable_sit_walk,sitting,temperature_left,Urządzenie z czujnikami temperatury - lewe nozdrze,20,20.0,40.0,25.0,Metoda nachylenia,18.0,-7.0,7.0,True,6,True
session_20260625_variable_sit_walk,sitting,temperature_left,Urządzenie z czujnikami temperatury - lewe nozdrze,20,25.0,45.0,10.0,Maksima,21.818181818181817,11.818181818181817,11.818181818181817,True,6,True
session_20260625_variable_sit_walk,sitting,temperature_left,Urządzenie z czujnikami temperatury - lewe nozdrze,20,25.0,45.0,10.0,Minima,19.2,9.2,9.2,True,6,True
session_20260625_variable_sit_walk,sitting,temperature_left,Urządzenie z czujnikami temperatury - lewe nozdrze,20,25.0,45.0,10.0,Przejścia przez zero,20.869565217391305,10.869565217391305,10.869565217391305,True,7,True
session_20260625_variable_sit_walk,sitting,temperature_left,Urządzenie z czujnikami temperatury - lewe nozdrze,20,25.0,45.0,10.0,Autokorelacja,20.0,10.0,10.0,True,1,True
session_20260625_variable_sit_walk,sitting,temperature_left,Urządzenie z czujnikami temperatury - lewe nozdrze,20,25.0,45.0,10.0,FFT,15.949226490707279,5.949226490707279,5.949226490707279,True,1,True
session_20260625_variable_sit_walk,sitting,temperature_left,Urządzenie z czujnikami temperatury - lewe nozdrze,20,25.0,45.0,10.0,Metoda nachylenia,18.0,8.0,8.0,True,6,True
session_20260625_variable_sit_walk,sitting,temperature_left,Urządzenie z czujnikami temperatury - lewe nozdrze,20,30.0,50.0,10.0,Maksima,23.414634146341463,13.414634146341463,13.414634146341463,True,5,True
session_20260625_variable_sit_walk,sitting,temperature_left,Urządzenie z czujnikami temperatury - lewe nozdrze,20,30.0,50.0,10.0,Minima,16.551724137931036,6.551724137931036,6.551724137931036,True,6,True
session_20260625_variable_sit_walk,sitting,temperature_left,Urządzenie z czujnikami temperatury - lewe nozdrze,20,30.0,50.0,10.0,Przejścia przez zero,20.0,10.0,10.0,True,5,True
session_20260625_variable_sit_walk,sitting,temperature_left,Urządzenie z czujnikami temperatury - lewe nozdrze,20,30.0,50.0,10.0,Autokorelacja,10.909090909090908,0.9090909090909083,0.9090909090909083,True,1,True
session_20260625_variable_sit_walk,sitting,temperature_left,Urządzenie z czujnikami temperatury - lewe nozdrze,20,30.0,50.0,10.0,FFT,8.904149124080716,-1.0958508759192842,1.0958508759192842,True,1,True
session_20260625_variable_sit_walk,sitting,temperature_left,Urządzenie z czujnikami temperatury - lewe nozdrze,20,30.0,50.0,10.0,Metoda nachylenia,15.0,5.0,5.0,True,5,True
session_20260625_variable_sit_walk,sitting,temperature_left,Urządzenie z czujnikami temperatury - lewe nozdrze,20,35.0,55.0,15.0,Maksima,16.0,1.0,1.0,True,5,True
session_20260625_variable_sit_walk,sitting,temperature_left,Urządzenie z czujnikami temperatury - lewe nozdrze,20,35.0,55.0,15.0,Minima,15.483870967741936,0.48387096774193594,0.48387096774193594,True,5,True
session_20260625_variable_sit_walk,sitting,temperature_left,Urządzenie z czujnikami temperatury - lewe nozdrze,20,35.0,55.0,15.0,Przejścia przez zero,15.483870967741936,0.48387096774193594,0.48387096774193594,True,5,True
session_20260625_variable_sit_walk,sitting,temperature_left,Urządzenie z czujnikami temperatury - lewe nozdrze,20,35.0,55.0,15.0,Autokorelacja,6.666666666666667,-8.333333333333332,8.333333333333332,True,1,True
session_20260625_variable_sit_walk,sitting,temperature_left,Urządzenie z czujnikami temperatury - lewe nozdrze,20,35.0,55.0,15.0,FFT,9.703687479114215,-5.296312520885785,5.296312520885785,True,1,True
session_20260625_variable_sit_walk,sitting,temperature_left,Urządzenie z czujnikami temperatury - lewe nozdrze,20,35.0,55.0,15.0,Metoda nachylenia,12.0,-3.0,3.0,True,4,True
session_20260625_variable_sit_walk,sitting,temperature_left,Urządzenie z czujnikami temperatury - lewe nozdrze,20,40.0,60.0,15.0,Maksima,15.483870967741936,0.48387096774193594,0.48387096774193594,True,4,True
session_20260625_variable_sit_walk,sitting,temperature_left,Urządzenie z czujnikami temperatury - lewe nozdrze,20,40.0,60.0,15.0,Minima,15.483870967741936,0.48387096774193594,0.48387096774193594,True,4,True
session_20260625_variable_sit_walk,sitting,temperature_left,Urządzenie z czujnikami temperatury - lewe nozdrze,20,40.0,60.0,15.0,Przejścia przez zero,16.0,1.0,1.0,True,4,True
session_20260625_variable_sit_walk,sitting,temperature_left,Urządzenie z czujnikami temperatury - lewe nozdrze,20,40.0,60.0,15.0,Autokorelacja,10.909090909090908,-4.090909090909092,4.090909090909092,True,1,True
session_20260625_variable_sit_walk,sitting,temperature_left,Urządzenie z czujnikami temperatury - lewe nozdrze,20,40.0,60.0,15.0,FFT,11.560385476773307,-3.439614523226693,3.439614523226693,True,1,True
session_20260625_variable_sit_walk,sitting,temperature_left,Urządzenie z czujnikami temperatury - lewe nozdrze,20,40.0,60.0,15.0,Metoda nachylenia,12.0,-3.0,3.0,True,4,True
session_20260625_variable_sit_walk,sitting,temperature_left,Urządzenie z czujnikami temperatury - lewe nozdrze,20,45.0,65.0,20.0,Maksima,17.142857142857142,-2.8571428571428577,2.8571428571428577,True,6,True
session_20260625_variable_sit_walk,sitting,temperature_left,Urządzenie z czujnikami temperatury - lewe nozdrze,20,45.0,65.0,20.0,Minima,16.0,-4.0,4.0,True,5,True
session_20260625_variable_sit_walk,sitting,temperature_left,Urządzenie z czujnikami temperatury - lewe nozdrze,20,45.0,65.0,20.0,Przejścia przez zero,18.11320754716981,-1.8867924528301891,1.8867924528301891,True,5,True
session_20260625_variable_sit_walk,sitting,temperature_left,Urządzenie z czujnikami temperatury - lewe nozdrze,20,45.0,65.0,20.0,Autokorelacja,5.0,-15.0,15.0,True,1,True
session_20260625_variable_sit_walk,sitting,temperature_left,Urządzenie z czujnikami temperatury - lewe nozdrze,20,45.0,65.0,20.0,FFT,16.16063240179804,-3.83936759820196,3.83936759820196,True,1,True
session_20260625_variable_sit_walk,sitting,temperature_left,Urządzenie z czujnikami temperatury - lewe nozdrze,20,45.0,65.0,20.0,Metoda nachylenia,15.0,-5.0,5.0,True,5,True
session_20260625_variable_sit_walk,sitting,temperature_left,Urządzenie z czujnikami temperatury - lewe nozdrze,20,50.0,70.0,20.0,Maksima,20.0,0.0,0.0,True,7,True
session_20260625_variable_sit_walk,sitting,temperature_left,Urządzenie z czujnikami temperatury - lewe nozdrze,20,50.0,70.0,20.0,Minima,20.0,0.0,0.0,True,6,True
session_20260625_variable_sit_walk,sitting,temperature_left,Urządzenie z czujnikami temperatury - lewe nozdrze,20,50.0,70.0,20.0,Przejścia przez zero,17.454545454545453,-2.5454545454545467,2.5454545454545467,True,7,True
session_20260625_variable_sit_walk,sitting,temperature_left,Urządzenie z czujnikami temperatury - lewe nozdrze,20,50.0,70.0,20.0,Autokorelacja,17.77777777777778,-2.2222222222222214,2.2222222222222214,True,1,True
session_20260625_variable_sit_walk,sitting,temperature_left,Urządzenie z czujnikami temperatury - lewe nozdrze,20,50.0,70.0,20.0,FFT,14.808627660982665,-5.1913723390173345,5.1913723390173345,True,1,True
session_20260625_variable_sit_walk,sitting,temperature_left,Urządzenie z czujnikami temperatury - lewe nozdrze,20,50.0,70.0,20.0,Metoda nachylenia,15.0,-5.0,5.0,True,5,True
session_20260625_variable_sit_walk,sitting,temperature_left,Urządzenie z czujnikami temperatury - lewe nozdrze,20,55.0,75.0,25.0,Maksima,20.869565217391305,-4.130434782608695,4.130434782608695,True,6,True
session_20260625_variable_sit_walk,sitting,temperature_left,Urządzenie z czujnikami temperatury - lewe nozdrze,20,55.0,75.0,25.0,Minima,21.333333333333332,-3.666666666666668,3.666666666666668,True,7,True
session_20260625_variable_sit_walk,sitting,temperature_left,Urządzenie z czujnikami temperatury - lewe nozdrze,20,55.0,75.0,25.0,Przejścia przez zero,20.0,-5.0,5.0,True,7,True
session_20260625_variable_sit_walk,sitting,temperature_left,Urządzenie z czujnikami temperatury - lewe nozdrze,20,55.0,75.0,25.0,Autokorelacja,18.46153846153846,-6.53846153846154,6.53846153846154,True,1,True
session_20260625_variable_sit_walk,sitting,temperature_left,Urządzenie z czujnikami temperatury - lewe nozdrze,20,55.0,75.0,25.0,FFT,21.018395879392184,-3.981604120607816,3.981604120607816,True,1,True
session_20260625_variable_sit_walk,sitting,temperature_left,Urządzenie z czujnikami temperatury - lewe nozdrze,20,55.0,75.0,25.0,Metoda nachylenia,15.0,-10.0,10.0,True,5,True
session_20260625_variable_sit_walk,sitting,temperature_left,Urządzenie z czujnikami temperatury - lewe nozdrze,20,60.0,80.0,25.0,Maksima,22.857142857142858,-2.1428571428571423,2.1428571428571423,True,7,True
session_20260625_variable_sit_walk,sitting,temperature_left,Urządzenie z czujnikami temperatury - lewe nozdrze,20,60.0,80.0,25.0,Minima,23.414634146341463,-1.585365853658537,1.585365853658537,True,7,True
session_20260625_variable_sit_walk,sitting,temperature_left,Urządzenie z czujnikami temperatury - lewe nozdrze,20,60.0,80.0,25.0,Przejścia przez zero,22.857142857142858,-2.1428571428571423,2.1428571428571423,True,8,True
session_20260625_variable_sit_walk,sitting,temperature_left,Urządzenie z czujnikami temperatury - lewe nozdrze,20,60.0,80.0,25.0,Autokorelacja,5.217391304347826,-19.782608695652172,19.782608695652172,True,1,True
session_20260625_variable_sit_walk,sitting,temperature_left,Urządzenie z czujnikami temperatury - lewe nozdrze,20,60.0,80.0,25.0,FFT,18.168544295113673,-6.831455704886327,6.831455704886327,True,1,True
session_20260625_variable_sit_walk,sitting,temperature_left,Urządzenie z czujnikami temperatury - lewe nozdrze,20,60.0,80.0,25.0,Metoda nachylenia,18.0,-7.0,7.0,True,6,True
session_20260625_variable_sit_walk,sitting,temperature_left,Urządzenie z czujnikami temperatury - lewe nozdrze,20,65.0,85.0,10.0,Maksima,24.0,14.0,14.0,True,6,True
session_20260625_variable_sit_walk,sitting,temperature_left,Urządzenie z czujnikami temperatury - lewe nozdrze,20,65.0,85.0,10.0,Minima,24.0,14.0,14.0,True,6,True
session_20260625_variable_sit_walk,sitting,temperature_left,Urządzenie z czujnikami temperatury - lewe nozdrze,20,65.0,85.0,10.0,Przejścia przez zero,20.425531914893618,10.425531914893618,10.425531914893618,True,7,True
session_20260625_variable_sit_walk,sitting,temperature_left,Urządzenie z czujnikami temperatury - lewe nozdrze,20,65.0,85.0,10.0,Autokorelacja,5.393258426966292,-4.606741573033708,4.606741573033708,True,1,True
session_20260625_variable_sit_walk,sitting,temperature_left,Urządzenie z czujnikami temperatury - lewe nozdrze,20,65.0,85.0,10.0,FFT,24.142348113537388,14.142348113537388,14.142348113537388,True,1,True
session_20260625_variable_sit_walk,sitting,temperature_left,Urządzenie z czujnikami temperatury - lewe nozdrze,20,65.0,85.0,10.0,Metoda nachylenia,18.0,8.0,8.0,True,6,True
session_20260625_variable_sit_walk,sitting,temperature_left,Urządzenie z czujnikami temperatury - lewe nozdrze,20,70.0,90.0,10.0,Maksima,24.615384615384617,14.615384615384617,14.615384615384617,True,5,True
session_20260625_variable_sit_walk,sitting,temperature_left,Urządzenie z czujnikami temperatury - lewe nozdrze,20,70.0,90.0,10.0,Minima,24.0,14.0,14.0,True,6,True
session_20260625_variable_sit_walk,sitting,temperature_left,Urządzenie z czujnikami temperatury - lewe nozdrze,20,70.0,90.0,10.0,Przejścia przez zero,23.414634146341463,13.414634146341463,13.414634146341463,True,5,True
session_20260625_variable_sit_walk,sitting,temperature_left,Urządzenie z czujnikami temperatury - lewe nozdrze,20,70.0,90.0,10.0,Autokorelacja,48.0,38.0,38.0,True,1,True
session_20260625_variable_sit_walk,sitting,temperature_left,Urządzenie z czujnikami temperatury - lewe nozdrze,20,70.0,90.0,10.0,FFT,7.013829581183705,-2.986170418816295,2.986170418816295,True,1,True
session_20260625_variable_sit_walk,sitting,temperature_left,Urządzenie z czujnikami temperatury - lewe nozdrze,20,70.0,90.0,10.0,Metoda nachylenia,15.0,5.0,5.0,True,5,True
session_20260625_variable_sit_walk,sitting,temperature_left,Urządzenie z czujnikami temperatury - lewe nozdrze,20,75.0,95.0,15.0,Maksima,14.328358208955224,-0.6716417910447756,0.6716417910447756,True,5,True
session_20260625_variable_sit_walk,sitting,temperature_left,Urządzenie z czujnikami temperatury - lewe nozdrze,20,75.0,95.0,15.0,Minima,16.842105263157894,1.8421052631578938,1.8421052631578938,True,5,True
session_20260625_variable_sit_walk,sitting,temperature_left,Urządzenie z czujnikami temperatury - lewe nozdrze,20,75.0,95.0,15.0,Przejścia przez zero,17.77777777777778,2.7777777777777786,2.7777777777777786,True,5,True
session_20260625_variable_sit_walk,sitting,temperature_left,Urządzenie z czujnikami temperatury - lewe nozdrze,20,75.0,95.0,15.0,Autokorelacja,48.0,33.0,33.0,True,1,True
session_20260625_variable_sit_walk,sitting,temperature_left,Urządzenie z czujnikami temperatury - lewe nozdrze,20,75.0,95.0,15.0,FFT,8.555091271516256,-6.444908728483744,6.444908728483744,True,1,True
session_20260625_variable_sit_walk,sitting,temperature_left,Urządzenie z czujnikami temperatury - lewe nozdrze,20,75.0,95.0,15.0,Metoda nachylenia,15.0,0.0,0.0,True,5,True
session_20260625_variable_sit_walk,sitting,temperature_left,Urządzenie z czujnikami temperatury - lewe nozdrze,20,80.0,100.0,15.0,Maksima,15.483870967741936,0.48387096774193594,0.48387096774193594,True,4,True
session_20260625_variable_sit_walk,sitting,temperature_left,Urządzenie z czujnikami temperatury - lewe nozdrze,20,80.0,100.0,15.0,Minima,13.714285714285714,-1.2857142857142865,1.2857142857142865,True,4,True
session_20260625_variable_sit_walk,sitting,temperature_left,Urządzenie z czujnikami temperatury - lewe nozdrze,20,80.0,100.0,15.0,Przejścia przez zero,16.0,1.0,1.0,True,4,True
session_20260625_variable_sit_walk,sitting,temperature_left,Urządzenie z czujnikami temperatury - lewe nozdrze,20,80.0,100.0,15.0,Autokorelacja,9.23076923076923,-5.76923076923077,5.76923076923077,True,1,True
session_20260625_variable_sit_walk,sitting,temperature_left,Urządzenie z czujnikami temperatury - lewe nozdrze,20,80.0,100.0,15.0,FFT,8.345117420892848,-6.654882579107152,6.654882579107152,True,1,True
session_20260625_variable_sit_walk,sitting,temperature_left,Urządzenie z czujnikami temperatury - lewe nozdrze,20,80.0,100.0,15.0,Metoda nachylenia,15.0,0.0,0.0,True,5,True
session_20260625_variable_sit_walk,sitting,temperature_left,Urządzenie z czujnikami temperatury - lewe nozdrze,20,85.0,105.0,20.0,Maksima,15.483870967741936,-4.516129032258064,4.516129032258064,True,4,True
session_20260625_variable_sit_walk,sitting,temperature_left,Urządzenie z czujnikami temperatury - lewe nozdrze,20,85.0,105.0,20.0,Minima,16.0,-4.0,4.0,True,4,True
session_20260625_variable_sit_walk,sitting,temperature_left,Urządzenie z czujnikami temperatury - lewe nozdrze,20,85.0,105.0,20.0,Przejścia przez zero,15.483870967741936,-4.516129032258064,4.516129032258064,True,4,True
session_20260625_variable_sit_walk,sitting,temperature_left,Urządzenie z czujnikami temperatury - lewe nozdrze,20,85.0,105.0,20.0,Autokorelacja,48.0,28.0,28.0,True,1,True
session_20260625_variable_sit_walk,sitting,temperature_left,Urządzenie z czujnikami temperatury - lewe nozdrze,20,85.0,105.0,20.0,FFT,16.28090065088198,-3.7190993491180215,3.7190993491180215,True,1,True
session_20260625_variable_sit_walk,sitting,temperature_left,Urządzenie z czujnikami temperatury - lewe nozdrze,20,85.0,105.0,20.0,Metoda nachylenia,15.0,-5.0,5.0,True,5,True
session_20260625_variable_sit_walk,sitting,temperature_left,Urządzenie z czujnikami temperatury - lewe nozdrze,20,90.0,110.0,20.0,Maksima,18.46153846153846,-1.53846153846154,1.53846153846154,True,6,True
session_20260625_variable_sit_walk,sitting,temperature_left,Urządzenie z czujnikami temperatury - lewe nozdrze,20,90.0,110.0,20.0,Minima,16.551724137931036,-3.4482758620689644,3.4482758620689644,True,5,True
session_20260625_variable_sit_walk,sitting,temperature_left,Urządzenie z czujnikami temperatury - lewe nozdrze,20,90.0,110.0,20.0,Przejścia przez zero,15.483870967741936,-4.516129032258064,4.516129032258064,True,5,True
session_20260625_variable_sit_walk,sitting,temperature_left,Urządzenie z czujnikami temperatury - lewe nozdrze,20,90.0,110.0,20.0,Autokorelacja,5.0,-15.0,15.0,True,1,True
session_20260625_variable_sit_walk,sitting,temperature_left,Urządzenie z czujnikami temperatury - lewe nozdrze,20,90.0,110.0,20.0,FFT,13.422905531080898,-6.5770944689191015,6.5770944689191015,True,1,True
session_20260625_variable_sit_walk,sitting,temperature_left,Urządzenie z czujnikami temperatury - lewe nozdrze,20,90.0,110.0,20.0,Metoda nachylenia,12.0,-8.0,8.0,True,4,True
session_20260625_variable_sit_walk,sitting,temperature_left,Urządzenie z czujnikami temperatury - lewe nozdrze,20,95.0,115.0,25.0,Maksima,16.551724137931036,-8.448275862068964,8.448275862068964,True,5,True
session_20260625_variable_sit_walk,sitting,temperature_left,Urządzenie z czujnikami temperatury - lewe nozdrze,20,95.0,115.0,25.0,Minima,16.0,-9.0,9.0,True,6,True
session_20260625_variable_sit_walk,sitting,temperature_left,Urządzenie z czujnikami temperatury - lewe nozdrze,20,95.0,115.0,25.0,Przejścia przez zero,15.238095238095237,-9.761904761904763,9.761904761904763,True,5,True
session_20260625_variable_sit_walk,sitting,temperature_left,Urządzenie z czujnikami temperatury - lewe nozdrze,20,95.0,115.0,25.0,Autokorelacja,12.307692307692308,-12.692307692307692,12.692307692307692,True,1,True
session_20260625_variable_sit_walk,sitting,temperature_left,Urządzenie z czujnikami temperatury - lewe nozdrze,20,95.0,115.0,25.0,FFT,11.314222704723214,-13.685777295276786,13.685777295276786,True,1,True
session_20260625_variable_sit_walk,sitting,temperature_left,Urządzenie z czujnikami temperatury - lewe nozdrze,20,95.0,115.0,25.0,Metoda nachylenia,15.0,-10.0,10.0,True,5,True
session_20260625_variable_sit_walk,sitting,temperature_left,Urządzenie z czujnikami temperatury - lewe nozdrze,20,100.0,120.0,25.0,Maksima,21.818181818181817,-3.1818181818181834,3.1818181818181834,True,6,True
session_20260625_variable_sit_walk,sitting,temperature_left,Urządzenie z czujnikami temperatury - lewe nozdrze,20,100.0,120.0,25.0,Minima,21.818181818181817,-3.1818181818181834,3.1818181818181834,True,6,True
session_20260625_variable_sit_walk,sitting,temperature_left,Urządzenie z czujnikami temperatury - lewe nozdrze,20,100.0,120.0,25.0,Przejścia przez zero,24.0,-1.0,1.0,True,7,True
session_20260625_variable_sit_walk,sitting,temperature_left,Urządzenie z czujnikami temperatury - lewe nozdrze,20,100.0,120.0,25.0,Autokorelacja,5.333333333333333,-19.666666666666668,19.666666666666668,True,1,True
session_20260625_variable_sit_walk,sitting,temperature_left,Urządzenie z czujnikami temperatury - lewe nozdrze,20,100.0,120.0,25.0,FFT,19.169404787609203,-5.830595212390797,5.830595212390797,True,1,True
session_20260625_variable_sit_walk,sitting,temperature_left,Urządzenie z czujnikami temperatury - lewe nozdrze,20,100.0,120.0,25.0,Metoda nachylenia,18.0,-7.0,7.0,True,6,True
session_20260625_variable_sit_walk,walking,temperature_left,Urządzenie z czujnikami temperatury - lewe nozdrze,20,115.0,135.0,10.0,Maksima,13.333333333333334,3.333333333333334,3.333333333333334,True,4,True
session_20260625_variable_sit_walk,walking,temperature_left,Urządzenie z czujnikami temperatury - lewe nozdrze,20,115.0,135.0,10.0,Minima,17.77777777777778,7.777777777777779,7.777777777777779,True,5,True
session_20260625_variable_sit_walk,walking,temperature_left,Urządzenie z czujnikami temperatury - lewe nozdrze,20,115.0,135.0,10.0,Przejścia przez zero,14.76923076923077,4.76923076923077,4.76923076923077,True,5,True
session_20260625_variable_sit_walk,walking,temperature_left,Urządzenie z czujnikami temperatury - lewe nozdrze,20,115.0,135.0,10.0,Autokorelacja,48.0,38.0,38.0,True,1,True
session_20260625_variable_sit_walk,walking,temperature_left,Urządzenie z czujnikami temperatury - lewe nozdrze,20,115.0,135.0,10.0,FFT,2.9219450689980375,-7.0780549310019625,7.0780549310019625,True,1,True
session_20260625_variable_sit_walk,walking,temperature_left,Urządzenie z czujnikami temperatury - lewe nozdrze,20,115.0,135.0,10.0,Metoda nachylenia,12.0,2.0,2.0,True,4,True
session_20260625_variable_sit_walk,walking,temperature_left,Urządzenie z czujnikami temperatury - lewe nozdrze,20,120.0,140.0,10.0,Maksima,11.294117647058824,1.2941176470588243,1.2941176470588243,True,3,True
session_20260625_variable_sit_walk,walking,temperature_left,Urządzenie z czujnikami temperatury - lewe nozdrze,20,120.0,140.0,10.0,Minima,10.909090909090908,0.9090909090909083,0.9090909090909083,True,3,True
session_20260625_variable_sit_walk,walking,temperature_left,Urządzenie z czujnikami temperatury - lewe nozdrze,20,120.0,140.0,10.0,Przejścia przez zero,11.428571428571429,1.4285714285714288,1.4285714285714288,True,4,True
session_20260625_variable_sit_walk,walking,temperature_left,Urządzenie z czujnikami temperatury - lewe nozdrze,20,120.0,140.0,10.0,Autokorelacja,5.5813953488372094,-4.4186046511627906,4.4186046511627906,True,1,True
session_20260625_variable_sit_walk,walking,temperature_left,Urządzenie z czujnikami temperatury - lewe nozdrze,20,120.0,140.0,10.0,FFT,11.27221031677515,1.2722103167751495,1.2722103167751495,True,1,True
session_20260625_variable_sit_walk,walking,temperature_left,Urządzenie z czujnikami temperatury - lewe nozdrze,20,120.0,140.0,10.0,Metoda nachylenia,9.0,-1.0,1.0,True,3,True
session_20260625_variable_sit_walk,walking,temperature_left,Urządzenie z czujnikami temperatury - lewe nozdrze,20,125.0,145.0,15.0,Maksima,10.212765957446809,-4.787234042553191,4.787234042553191,True,3,True
session_20260625_variable_sit_walk,walking,temperature_left,Urządzenie z czujnikami temperatury - lewe nozdrze,20,125.0,145.0,15.0,Minima,14.117647058823529,-0.882352941176471,0.882352941176471,True,4,True
session_20260625_variable_sit_walk,walking,temperature_left,Urządzenie z czujnikami temperatury - lewe nozdrze,20,125.0,145.0,15.0,Przejścia przez zero,11.707317073170731,-3.2926829268292686,3.2926829268292686,True,4,True
session_20260625_variable_sit_walk,walking,temperature_left,Urządzenie z czujnikami temperatury - lewe nozdrze,20,125.0,145.0,15.0,Autokorelacja,10.909090909090908,-4.090909090909092,4.090909090909092,True,1,True
session_20260625_variable_sit_walk,walking,temperature_left,Urządzenie z czujnikami temperatury - lewe nozdrze,20,125.0,145.0,15.0,FFT,9.376912405901493,-5.623087594098507,5.623087594098507,True,1,True
session_20260625_variable_sit_walk,walking,temperature_left,Urządzenie z czujnikami temperatury - lewe nozdrze,20,125.0,145.0,15.0,Metoda nachylenia,9.0,-6.0,6.0,True,3,True
session_20260625_variable_sit_walk,walking,temperature_left,Urządzenie z czujnikami temperatury - lewe nozdrze,20,130.0,150.0,15.0,Maksima,16.0,1.0,1.0,True,4,True
session_20260625_variable_sit_walk,walking,temperature_left,Urządzenie z czujnikami temperatury - lewe nozdrze,20,130.0,150.0,15.0,Minima,14.117647058823529,-0.882352941176471,0.882352941176471,True,4,True
session_20260625_variable_sit_walk,walking,temperature_left,Urządzenie z czujnikami temperatury - lewe nozdrze,20,130.0,150.0,15.0,Przejścia przez zero,15.483870967741936,0.48387096774193594,0.48387096774193594,True,4,True
session_20260625_variable_sit_walk,walking,temperature_left,Urządzenie z czujnikami temperatury - lewe nozdrze,20,130.0,150.0,15.0,Autokorelacja,9.795918367346939,-5.204081632653061,5.204081632653061,True,1,True
session_20260625_variable_sit_walk,walking,temperature_left,Urządzenie z czujnikami temperatury - lewe nozdrze,20,130.0,150.0,15.0,FFT,10.437365465570993,-4.562634534429007,4.562634534429007,True,1,True
session_20260625_variable_sit_walk,walking,temperature_left,Urządzenie z czujnikami temperatury - lewe nozdrze,20,130.0,150.0,15.0,Metoda nachylenia,15.0,0.0,0.0,True,5,True
