session_id,sample_index,timestamp_ms,datetime_iso,device_name,raw_payload,raw_hx711,parse_ok
session_20260623_163953_final,0,9,2026-06-23T16:39:53.488022,Pas tensometryczny,-5214565,-5214565,true
session_20260623_163953_final,1,50,2026-06-23T16:39:53.529393,Pas tensometryczny,-5212788,-5212788,true
session_20260623_163953_final,2,140,2026-06-23T16:39:53.619153,Pas tensometryczny,-5211054,-5211054,true
session_20260623_163953_final,3,232,2026-06-23T16:39:53.710982,Pas tensometryczny,-5209476,-5209476,true
session_20260623_163953_final,4,367,2026-06-23T16:39:53.846135,Pas tensometryczny,-5209020,-5209020,true
session_20260623_163953_final,5,455,2026-06-23T16:39:53.934085,Pas tensometryczny,-5209841,-5209841,true
session_20260623_163953_final,6,546,2026-06-23T16:39:54.025133,Pas tensometryczny,-5211602,-5211602,true
session_20260623_163953_final,7,634,2026-06-23T16:39:54.113652,Pas tensometryczny,-5213084,-5213084,true
session_20260623_163953_final,8,818,2026-06-23T16:39:54.297123,Pas tensometryczny,-5213932,-5213932,true
session_20260623_163953_final,9,860,2026-06-23T16:39:54.339385,Pas tensometryczny,-5214824,-5214824,true
session_20260623_163953_final,10,950,2026-06-23T16:39:54.429676,Pas tensometryczny,-5215849,-5215849,true
session_20260623_163953_final,11,1041,2026-06-23T16:39:54.520055,Pas tensometryczny,-5216365,-5216365,true
session_20260623_163953_final,12,1131,2026-06-23T16:39:54.610552,Pas tensometryczny,-5216509,-5216509,true
session_20260623_163953_final,13,1264,2026-06-23T16:39:54.743661,Pas tensometryczny,-5216335,-5216335,true
session_20260623_163953_final,14,1355,2026-06-23T16:39:54.834027,Pas tensometryczny,-5216036,-5216036,true
session_20260623_163953_final,15,1444,2026-06-23T16:39:54.923436,Pas tensometryczny,-5215657,-5215657,true
session_20260623_163953_final,16,1536,2026-06-23T16:39:55.015492,Pas tensometryczny,-5215208,-5215208,true
session_20260623_163953_final,17,1670,2026-06-23T16:39:55.149448,Pas tensometryczny,-5214610,-5214610,true
session_20260623_163953_final,18,1760,2026-06-23T16:39:55.239719,Pas tensometryczny,-5213426,-5213426,true
session_20260623_163953_final,19,1850,2026-06-23T16:39:55.329656,Pas tensometryczny,-5211849,-5211849,true
session_20260623_163953_final,20,1943,2026-06-23T16:39:55.421886,Pas tensometryczny,-5210422,-5210422,true
session_20260623_163953_final,21,2031,2026-06-23T16:39:55.509876,Pas tensometryczny,-5209346,-5209346,true
session_20260623_163953_final,22,2165,2026-06-23T16:39:55.644517,Pas tensometryczny,-5208409,-5208409,true
session_20260623_163953_final,23,2257,2026-06-23T16:39:55.736512,Pas tensometryczny,-5207686,-5207686,true
session_20260623_163953_final,24,2346,2026-06-23T16:39:55.825795,Pas tensometryczny,-5207206,-5207206,true
session_20260623_163953_final,25,2437,2026-06-23T16:39:55.916286,Pas tensometryczny,-5206864,-5206864,true
session_20260623_163953_final,26,2574,2026-06-23T16:39:56.053757,Pas tensometryczny,-5206525,-5206525,true
session_20260623_163953_final,27,2663,2026-06-23T16:39:56.141924,Pas tensometryczny,-5206531,-5206531,true
session_20260623_163953_final,28,2752,2026-06-23T16:39:56.231632,Pas tensometryczny,-5208780,-5208780,true
session_20260623_163953_final,29,2841,2026-06-23T16:39:56.320208,Pas tensometryczny,-5210250,-5210250,true
session_20260623_163953_final,30,2975,2026-06-23T16:39:56.454104,Pas tensometryczny,-5211639,-5211639,true
session_20260623_163953_final,31,3066,2026-06-23T16:39:56.544950,Pas tensometryczny,-5212717,-5212717,true
session_20260623_163953_final,32,3155,2026-06-23T16:39:56.634567,Pas tensometryczny,-5213546,-5213546,true
session_20260623_163953_final,33,3247,2026-06-23T16:39:56.726487,Pas tensometryczny,-5214226,-5214226,true
session_20260623_163953_final,34,3335,2026-06-23T16:39:56.813918,Pas tensometryczny,-5214661,-5214661,true
session_20260623_163953_final,35,3471,2026-06-23T16:39:56.949874,Pas tensometryczny,-5214821,-5214821,true
session_20260623_163953_final,36,3561,2026-06-23T16:39:57.039909,Pas tensometryczny,-5214916,-5214916,true
session_20260623_163953_final,37,3652,2026-06-23T16:39:57.131729,Pas tensometryczny,-5214412,-5214412,true
session_20260623_163953_final,38,3743,2026-06-23T16:39:57.221828,Pas tensometryczny,-5212032,-5212032,true
session_20260623_163953_final,39,3875,2026-06-23T16:39:57.354800,Pas tensometryczny,-5209271,-5209271,true
session_20260623_163953_final,40,3968,2026-06-23T16:39:57.446983,Pas tensometryczny,-5207360,-5207360,true
session_20260623_163953_final,41,4057,2026-06-23T16:39:57.536496,Pas tensometryczny,-5206619,-5206619,true
session_20260623_163953_final,42,4146,2026-06-23T16:39:57.625018,Pas tensometryczny,-5206575,-5206575,true
session_20260623_163953_final,43,4281,2026-06-23T16:39:57.759907,Pas tensometryczny,-5205313,-5205313,true
session_20260623_163953_final,44,4371,2026-06-23T16:39:57.850098,Pas tensometryczny,-5204374,-5204374,true
session_20260623_163953_final,45,4505,2026-06-23T16:39:57.984714,Pas tensometryczny,-5204897,-5204897,true
session_20260623_163953_final,46,4551,2026-06-23T16:39:58.030635,Pas tensometryczny,-5205107,-5205107,true
session_20260623_163953_final,47,4640,2026-06-23T16:39:58.119143,Pas tensometryczny,-5204261,-5204261,true
session_20260623_163953_final,48,4821,2026-06-23T16:39:58.300331,Pas tensometryczny,-5204065,-5204065,true
session_20260623_163953_final,49,4866,2026-06-23T16:39:58.344995,Pas tensometryczny,-5204676,-5204676,true
session_20260623_163953_final,50,4957,2026-06-23T16:39:58.436411,Pas tensometryczny,-5205099,-5205099,true
session_20260623_163953_final,51,5044,2026-06-23T16:39:58.523730,Pas tensometryczny,-5205478,-5205478,true
session_20260623_163953_final,52,5181,2026-06-23T16:39:58.660491,Pas tensometryczny,-5206247,-5206247,true
session_20260623_163953_final,53,5273,2026-06-23T16:39:58.752389,Pas tensometryczny,-5206246,-5206246,true
session_20260623_163953_final,54,5362,2026-06-23T16:39:58.841190,Pas tensometryczny,-5205686,-5205686,true
session_20260623_163953_final,55,5450,2026-06-23T16:39:58.928909,Pas tensometryczny,-5206314,-5206314,true
session_20260623_163953_final,56,5540,2026-06-23T16:39:59.019292,Pas tensometryczny,-5208342,-5208342,true
session_20260623_163953_final,57,5676,2026-06-23T16:39:59.155754,Pas tensometryczny,-5210245,-5210245,true
session_20260623_163953_final,58,5764,2026-06-23T16:39:59.243747,Pas tensometryczny,-5211788,-5211788,true
session_20260623_163953_final,59,5856,2026-06-23T16:39:59.335069,Pas tensometryczny,-5212779,-5212779,true
session_20260623_163953_final,60,5945,2026-06-23T16:39:59.424009,Pas tensometryczny,-5213546,-5213546,true
session_20260623_163953_final,61,6080,2026-06-23T16:39:59.559129,Pas tensometryczny,-5214343,-5214343,true
session_20260623_163953_final,62,6172,2026-06-23T16:39:59.651184,Pas tensometryczny,-5214993,-5214993,true
session_20260623_163953_final,63,6259,2026-06-23T16:39:59.738672,Pas tensometryczny,-5215405,-5215405,true
session_20260623_163953_final,64,6350,2026-06-23T16:39:59.829522,Pas tensometryczny,-5215827,-5215827,true
session_20260623_163953_final,65,6488,2026-06-23T16:39:59.966993,Pas tensometryczny,-5216104,-5216104,true
session_20260623_163953_final,66,6578,2026-06-23T16:40:00.056936,Pas tensometryczny,-5216141,-5216141,true
session_20260623_163953_final,67,6666,2026-06-23T16:40:00.145713,Pas tensometryczny,-5216092,-5216092,true
session_20260623_163953_final,68,6755,2026-06-23T16:40:00.233983,Pas tensometryczny,-5215604,-5215604,true
session_20260623_163953_final,69,6845,2026-06-23T16:40:00.324621,Pas tensometryczny,-5214596,-5214596,true
session_20260623_163953_final,70,6980,2026-06-23T16:40:00.458948,Pas tensometryczny,-5213366,-5213366,true
session_20260623_163953_final,71,7070,2026-06-23T16:40:00.548825,Pas tensometryczny,-5212235,-5212235,true
session_20260623_163953_final,72,7163,2026-06-23T16:40:00.642415,Pas tensometryczny,-5211163,-5211163,true
session_20260623_163953_final,73,7295,2026-06-23T16:40:00.774405,Pas tensometryczny,-5209995,-5209995,true
session_20260623_163953_final,74,7390,2026-06-23T16:40:00.868962,Pas tensometryczny,-5209002,-5209002,true
session_20260623_163953_final,75,7476,2026-06-23T16:40:00.955759,Pas tensometryczny,-5208295,-5208295,true
session_20260623_163953_final,76,7574,2026-06-23T16:40:01.053097,Pas tensometryczny,-5207742,-5207742,true
session_20260623_163953_final,77,7656,2026-06-23T16:40:01.135302,Pas tensometryczny,-5207557,-5207557,true
session_20260623_163953_final,78,7745,2026-06-23T16:40:01.224443,Pas tensometryczny,-5208229,-5208229,true
session_20260623_163953_final,79,7880,2026-06-23T16:40:01.359163,Pas tensometryczny,-5209097,-5209097,true
session_20260623_163953_final,80,7971,2026-06-23T16:40:01.450225,Pas tensometryczny,-5209662,-5209662,true
session_20260623_163953_final,81,8062,2026-06-23T16:40:01.541308,Pas tensometryczny,-5211099,-5211099,true
session_20260623_163953_final,82,8158,2026-06-23T16:40:01.637484,Pas tensometryczny,-5211905,-5211905,true
session_20260623_163953_final,83,8287,2026-06-23T16:40:01.766068,Pas tensometryczny,-5212954,-5212954,true
session_20260623_163953_final,84,8375,2026-06-23T16:40:01.854664,Pas tensometryczny,-5214086,-5214086,true
session_20260623_163953_final,85,8466,2026-06-23T16:40:01.945403,Pas tensometryczny,-5214923,-5214923,true
session_20260623_163953_final,86,8558,2026-06-23T16:40:02.037508,Pas tensometryczny,-5215309,-5215309,true
session_20260623_163953_final,87,8694,2026-06-23T16:40:02.172956,Pas tensometryczny,-5215640,-5215640,true
session_20260623_163953_final,88,8782,2026-06-23T16:40:02.261719,Pas tensometryczny,-5215884,-5215884,true
session_20260623_163953_final,89,8874,2026-06-23T16:40:02.353151,Pas tensometryczny,-5216126,-5216126,true
session_20260623_163953_final,90,8962,2026-06-23T16:40:02.441065,Pas tensometryczny,-5216306,-5216306,true
session_20260623_163953_final,91,9051,2026-06-23T16:40:02.530505,Pas tensometryczny,-5216521,-5216521,true
session_20260623_163953_final,92,9188,2026-06-23T16:40:02.667613,Pas tensometryczny,-5216500,-5216500,true
session_20260623_163953_final,93,9278,2026-06-23T16:40:02.757716,Pas tensometryczny,-5216186,-5216186,true
session_20260623_163953_final,94,9368,2026-06-23T16:40:02.846884,Pas tensometryczny,-5215975,-5215975,true
session_20260623_163953_final,95,9455,2026-06-23T16:40:02.934801,Pas tensometryczny,-5215762,-5215762,true
session_20260623_163953_final,96,9591,2026-06-23T16:40:03.070148,Pas tensometryczny,-5215019,-5215019,true
session_20260623_163953_final,97,9681,2026-06-23T16:40:03.160080,Pas tensometryczny,-5213908,-5213908,true
session_20260623_163953_final,98,9770,2026-06-23T16:40:03.249249,Pas tensometryczny,-5212913,-5212913,true
session_20260623_163953_final,99,9862,2026-06-23T16:40:03.341032,Pas tensometryczny,-5211777,-5211777,true
session_20260623_163953_final,100,9955,2026-06-23T16:40:03.433883,Pas tensometryczny,-5210509,-5210509,true
session_20260623_163953_final,101,10087,2026-06-23T16:40:03.566289,Pas tensometryczny,-5209524,-5209524,true
session_20260623_163953_final,102,10178,2026-06-23T16:40:03.657518,Pas tensometryczny,-5208710,-5208710,true
session_20260623_163953_final,103,10271,2026-06-23T16:40:03.750189,Pas tensometryczny,-5208178,-5208178,true
session_20260623_163953_final,104,10356,2026-06-23T16:40:03.835359,Pas tensometryczny,-5207882,-5207882,true
session_20260623_163953_final,105,10491,2026-06-23T16:40:03.970290,Pas tensometryczny,-5208336,-5208336,true
session_20260623_163953_final,106,10581,2026-06-23T16:40:04.060419,Pas tensometryczny,-5211377,-5211377,true
session_20260623_163953_final,107,10672,2026-06-23T16:40:04.151094,Pas tensometryczny,-5212525,-5212525,true
session_20260623_163953_final,108,10766,2026-06-23T16:40:04.245673,Pas tensometryczny,-5213384,-5213384,true
session_20260623_163953_final,109,10897,2026-06-23T16:40:04.375858,Pas tensometryczny,-5214151,-5214151,true
session_20260623_163953_final,110,10986,2026-06-23T16:40:04.465376,Pas tensometryczny,-5214764,-5214764,true
session_20260623_163953_final,111,11168,2026-06-23T16:40:04.647567,Pas tensometryczny,-5215363,-5215363,true
session_20260623_163953_final,112,11169,2026-06-23T16:40:04.648251,Pas tensometryczny,-5215930,-5215930,true
session_20260623_163953_final,113,11301,2026-06-23T16:40:04.780781,Pas tensometryczny,-5216007,-5216007,true
session_20260623_163953_final,114,11392,2026-06-23T16:40:04.870914,Pas tensometryczny,-5215974,-5215974,true
session_20260623_163953_final,115,11490,2026-06-23T16:40:04.969217,Pas tensometryczny,-5215956,-5215956,true
session_20260623_163953_final,116,11587,2026-06-23T16:40:05.066779,Pas tensometryczny,-5215992,-5215992,true
session_20260623_163953_final,117,11660,2026-06-23T16:40:05.139407,Pas tensometryczny,-5216115,-5216115,true
session_20260623_163953_final,118,11798,2026-06-23T16:40:05.277787,Pas tensometryczny,-5216190,-5216190,true
session_20260623_163953_final,119,11887,2026-06-23T16:40:05.366335,Pas tensometryczny,-5216407,-5216407,true
session_20260623_163953_final,120,11975,2026-06-23T16:40:05.454445,Pas tensometryczny,-5216122,-5216122,true
session_20260623_163953_final,121,12072,2026-06-23T16:40:05.551344,Pas tensometryczny,-5215016,-5215016,true
session_20260623_163953_final,122,12157,2026-06-23T16:40:05.635884,Pas tensometryczny,-5213707,-5213707,true
session_20260623_163953_final,123,12306,2026-06-23T16:40:05.785697,Pas tensometryczny,-5212422,-5212422,true
session_20260623_163953_final,124,12380,2026-06-23T16:40:05.859127,Pas tensometryczny,-5211178,-5211178,true
session_20260623_163953_final,125,12474,2026-06-23T16:40:05.953140,Pas tensometryczny,-5210180,-5210180,true
session_20260623_163953_final,126,12563,2026-06-23T16:40:06.042271,Pas tensometryczny,-5209531,-5209531,true
session_20260623_163953_final,127,12695,2026-06-23T16:40:06.173922,Pas tensometryczny,-5208883,-5208883,true
session_20260623_163953_final,128,12791,2026-06-23T16:40:06.270682,Pas tensometryczny,-5208097,-5208097,true
session_20260623_163953_final,129,12893,2026-06-23T16:40:06.372607,Pas tensometryczny,-5207609,-5207609,true
session_20260623_163953_final,130,12966,2026-06-23T16:40:06.445211,Pas tensometryczny,-5207831,-5207831,true
session_20260623_163953_final,131,13109,2026-06-23T16:40:06.588401,Pas tensometryczny,-5208868,-5208868,true
session_20260623_163953_final,132,13237,2026-06-23T16:40:06.715888,Pas tensometryczny,-5209997,-5209997,true
session_20260623_163953_final,133,13294,2026-06-23T16:40:06.773243,Pas tensometryczny,-5212356,-5212356,true
session_20260623_163953_final,134,13372,2026-06-23T16:40:06.851077,Pas tensometryczny,-5212658,-5212658,true
session_20260623_163953_final,135,13470,2026-06-23T16:40:06.949780,Pas tensometryczny,-5212314,-5212314,true
session_20260623_163953_final,136,13596,2026-06-23T16:40:07.075808,Pas tensometryczny,-5212407,-5212407,true
session_20260623_163953_final,137,13684,2026-06-23T16:40:07.163635,Pas tensometryczny,-5213025,-5213025,true
session_20260623_163953_final,138,13774,2026-06-23T16:40:07.253470,Pas tensometryczny,-5213843,-5213843,true
session_20260623_163953_final,139,13875,2026-06-23T16:40:07.354043,Pas tensometryczny,-5214445,-5214445,true
session_20260623_163953_final,140,14001,2026-06-23T16:40:07.480457,Pas tensometryczny,-5214783,-5214783,true
session_20260623_163953_final,141,14091,2026-06-23T16:40:07.570412,Pas tensometryczny,-5214803,-5214803,true
session_20260623_163953_final,142,14186,2026-06-23T16:40:07.665635,Pas tensometryczny,-5214578,-5214578,true
session_20260623_163953_final,143,14274,2026-06-23T16:40:07.753203,Pas tensometryczny,-5214487,-5214487,true
session_20260623_163953_final,144,14406,2026-06-23T16:40:07.885274,Pas tensometryczny,-5214181,-5214181,true
session_20260623_163953_final,145,14494,2026-06-23T16:40:07.973631,Pas tensometryczny,-5213223,-5213223,true
session_20260623_163953_final,146,14585,2026-06-23T16:40:08.063841,Pas tensometryczny,-5211914,-5211914,true
session_20260623_163953_final,147,14676,2026-06-23T16:40:08.155122,Pas tensometryczny,-5211157,-5211157,true
session_20260623_163953_final,148,14777,2026-06-23T16:40:08.256544,Pas tensometryczny,-5210666,-5210666,true
session_20260623_163953_final,149,14917,2026-06-23T16:40:08.396689,Pas tensometryczny,-5209909,-5209909,true
session_20260623_163953_final,150,14991,2026-06-23T16:40:08.470371,Pas tensometryczny,-5209398,-5209398,true
session_20260623_163953_final,151,15079,2026-06-23T16:40:08.558416,Pas tensometryczny,-5209854,-5209854,true
session_20260623_163953_final,152,15179,2026-06-23T16:40:08.658178,Pas tensometryczny,-5211121,-5211121,true
session_20260623_163953_final,153,15305,2026-06-23T16:40:08.784104,Pas tensometryczny,-5212242,-5212242,true
session_20260623_163953_final,154,15395,2026-06-23T16:40:08.874793,Pas tensometryczny,-5213318,-5213318,true
session_20260623_163953_final,155,15489,2026-06-23T16:40:08.968233,Pas tensometryczny,-5214345,-5214345,true
session_20260623_163953_final,156,15578,2026-06-23T16:40:09.057495,Pas tensometryczny,-5215067,-5215067,true
session_20260623_163953_final,157,15667,2026-06-23T16:40:09.145881,Pas tensometryczny,-5215235,-5215235,true
session_20260623_163953_final,158,15813,2026-06-23T16:40:09.292704,Pas tensometryczny,-5215232,-5215232,true
session_20260623_163953_final,159,15890,2026-06-23T16:40:09.369419,Pas tensometryczny,-5215370,-5215370,true
session_20260623_163953_final,160,15986,2026-06-23T16:40:09.465237,Pas tensometryczny,-5215566,-5215566,true
session_20260623_163953_final,161,16069,2026-06-23T16:40:09.548490,Pas tensometryczny,-5215381,-5215381,true
session_20260623_163953_final,162,16214,2026-06-23T16:40:09.693637,Pas tensometryczny,-5214911,-5214911,true
session_20260623_163953_final,163,16302,2026-06-23T16:40:09.781382,Pas tensometryczny,-5214176,-5214176,true
session_20260623_163953_final,164,16392,2026-06-23T16:40:09.871444,Pas tensometryczny,-5213000,-5213000,true
session_20260623_163953_final,165,16481,2026-06-23T16:40:09.960238,Pas tensometryczny,-5211970,-5211970,true
session_20260623_163953_final,166,16611,2026-06-23T16:40:10.090632,Pas tensometryczny,-5211630,-5211630,true
session_20260623_163953_final,167,16700,2026-06-23T16:40:10.179151,Pas tensometryczny,-5212218,-5212218,true
session_20260623_163953_final,168,16800,2026-06-23T16:40:10.279179,Pas tensometryczny,-5213147,-5213147,true
session_20260623_163953_final,169,16881,2026-06-23T16:40:10.360802,Pas tensometryczny,-5213760,-5213760,true
session_20260623_163953_final,170,16972,2026-06-23T16:40:10.450922,Pas tensometryczny,-5213961,-5213961,true
session_20260623_163953_final,171,17118,2026-06-23T16:40:10.597340,Pas tensometryczny,-5214315,-5214315,true
session_20260623_163953_final,172,17194,2026-06-23T16:40:10.673433,Pas tensometryczny,-5215012,-5215012,true
session_20260623_163953_final,173,17291,2026-06-23T16:40:10.769855,Pas tensometryczny,-5215265,-5215265,true
session_20260623_163953_final,174,17378,2026-06-23T16:40:10.857766,Pas tensometryczny,-5215146,-5215146,true
session_20260623_163953_final,175,17514,2026-06-23T16:40:10.992925,Pas tensometryczny,-5214432,-5214432,true
session_20260623_163953_final,176,17608,2026-06-23T16:40:11.087652,Pas tensometryczny,-5213137,-5213137,true
session_20260623_163953_final,177,17696,2026-06-23T16:40:11.175167,Pas tensometryczny,-5211620,-5211620,true
session_20260623_163953_final,178,17795,2026-06-23T16:40:11.274624,Pas tensometryczny,-5210368,-5210368,true
session_20260623_163953_final,179,17871,2026-06-23T16:40:11.349834,Pas tensometryczny,-5209599,-5209599,true
session_20260623_163953_final,180,18009,2026-06-23T16:40:11.488018,Pas tensometryczny,-5208908,-5208908,true
session_20260623_163953_final,181,18095,2026-06-23T16:40:11.574333,Pas tensometryczny,-5208477,-5208477,true
session_20260623_163953_final,182,18197,2026-06-23T16:40:11.675987,Pas tensometryczny,-5208655,-5208655,true
session_20260623_163953_final,183,18287,2026-06-23T16:40:11.766682,Pas tensometryczny,-5209617,-5209617,true
session_20260623_163953_final,184,18409,2026-06-23T16:40:11.888342,Pas tensometryczny,-5210622,-5210622,true
session_20260623_163953_final,185,18505,2026-06-23T16:40:11.984415,Pas tensometryczny,-5212780,-5212780,true
session_20260623_163953_final,186,18594,2026-06-23T16:40:12.073029,Pas tensometryczny,-5213299,-5213299,true
session_20260623_163953_final,187,18679,2026-06-23T16:40:12.158805,Pas tensometryczny,-5213925,-5213925,true
session_20260623_163953_final,188,18815,2026-06-23T16:40:12.293841,Pas tensometryczny,-5214571,-5214571,true
session_20260623_163953_final,189,18905,2026-06-23T16:40:12.384375,Pas tensometryczny,-5214728,-5214728,true
session_20260623_163953_final,190,18994,2026-06-23T16:40:12.473522,Pas tensometryczny,-5214716,-5214716,true
session_20260623_163953_final,191,19085,2026-06-23T16:40:12.563843,Pas tensometryczny,-5214728,-5214728,true
session_20260623_163953_final,192,19174,2026-06-23T16:40:12.653422,Pas tensometryczny,-5214643,-5214643,true
session_20260623_163953_final,193,19311,2026-06-23T16:40:12.790409,Pas tensometryczny,-5213822,-5213822,true
session_20260623_163953_final,194,19400,2026-06-23T16:40:12.879335,Pas tensometryczny,-5212968,-5212968,true
session_20260623_163953_final,195,19497,2026-06-23T16:40:12.975933,Pas tensometryczny,-5212905,-5212905,true
session_20260623_163953_final,196,19581,2026-06-23T16:40:13.060444,Pas tensometryczny,-5212894,-5212894,true
session_20260623_163953_final,197,19715,2026-06-23T16:40:13.194149,Pas tensometryczny,-5212892,-5212892,true
session_20260623_163953_final,198,19805,2026-06-23T16:40:13.284077,Pas tensometryczny,-5213126,-5213126,true
session_20260623_163953_final,199,19898,2026-06-23T16:40:13.377137,Pas tensometryczny,-5213529,-5213529,true
session_20260623_163953_final,200,19985,2026-06-23T16:40:13.464528,Pas tensometryczny,-5213976,-5213976,true
session_20260623_163953_final,201,20078,2026-06-23T16:40:13.557017,Pas tensometryczny,-5214277,-5214277,true
session_20260623_163953_final,202,20211,2026-06-23T16:40:13.690480,Pas tensometryczny,-5214718,-5214718,true
session_20260623_163953_final,203,20301,2026-06-23T16:40:13.780576,Pas tensometryczny,-5214897,-5214897,true
session_20260623_163953_final,204,20398,2026-06-23T16:40:13.877540,Pas tensometryczny,-5214623,-5214623,true
session_20260623_163953_final,205,20486,2026-06-23T16:40:13.965568,Pas tensometryczny,-5214466,-5214466,true
session_20260623_163953_final,206,20618,2026-06-23T16:40:14.097429,Pas tensometryczny,-5214392,-5214392,true
session_20260623_163953_final,207,20750,2026-06-23T16:40:14.229295,Pas tensometryczny,-5214377,-5214377,true
session_20260623_163953_final,208,20795,2026-06-23T16:40:14.274709,Pas tensometryczny,-5214417,-5214417,true
session_20260623_163953_final,209,20888,2026-06-23T16:40:14.367208,Pas tensometryczny,-5214487,-5214487,true
session_20260623_163953_final,210,21032,2026-06-23T16:40:14.511574,Pas tensometryczny,-5214653,-5214653,true
session_20260623_163953_final,211,21155,2026-06-23T16:40:14.633903,Pas tensometryczny,-5214666,-5214666,true
session_20260623_163953_final,212,21205,2026-06-23T16:40:14.684159,Pas tensometryczny,-5212823,-5212823,true
session_20260623_163953_final,213,21290,2026-06-23T16:40:14.769624,Pas tensometryczny,-5211348,-5211348,true
session_20260623_163953_final,214,21387,2026-06-23T16:40:14.866026,Pas tensometryczny,-5210214,-5210214,true
session_20260623_163953_final,215,21560,2026-06-23T16:40:15.039015,Pas tensometryczny,-5209718,-5209718,true
session_20260623_163953_final,216,21610,2026-06-23T16:40:15.089303,Pas tensometryczny,-5209342,-5209342,true
session_20260623_163953_final,217,21697,2026-06-23T16:40:15.176345,Pas tensometryczny,-5208501,-5208501,true
session_20260623_163953_final,218,21802,2026-06-23T16:40:15.280869,Pas tensometryczny,-5207424,-5207424,true
session_20260623_163953_final,219,21922,2026-06-23T16:40:15.401249,Pas tensometryczny,-5207351,-5207351,true
session_20260623_163953_final,220,22022,2026-06-23T16:40:15.500920,Pas tensometryczny,-5208709,-5208709,true
session_20260623_163953_final,221,22104,2026-06-23T16:40:15.583729,Pas tensometryczny,-5209959,-5209959,true
session_20260623_163953_final,222,22240,2026-06-23T16:40:15.719340,Pas tensometryczny,-5210608,-5210608,true
session_20260623_163953_final,223,22324,2026-06-23T16:40:15.803407,Pas tensometryczny,-5211431,-5211431,true
session_20260623_163953_final,224,22416,2026-06-23T16:40:15.895097,Pas tensometryczny,-5212547,-5212547,true
session_20260623_163953_final,225,22508,2026-06-23T16:40:15.986870,Pas tensometryczny,-5213285,-5213285,true
session_20260623_163953_final,226,22595,2026-06-23T16:40:16.073956,Pas tensometryczny,-5213535,-5213535,true
session_20260623_163953_final,227,22684,2026-06-23T16:40:16.163281,Pas tensometryczny,-5213599,-5213599,true
session_20260623_163953_final,228,22826,2026-06-23T16:40:16.304984,Pas tensometryczny,-5213421,-5213421,true
session_20260623_163953_final,229,22910,2026-06-23T16:40:16.389455,Pas tensometryczny,-5213320,-5213320,true
session_20260623_163953_final,230,23000,2026-06-23T16:40:16.478869,Pas tensometryczny,-5213734,-5213734,true
session_20260623_163953_final,231,23090,2026-06-23T16:40:16.569296,Pas tensometryczny,-5214636,-5214636,true
session_20260623_163953_final,232,23226,2026-06-23T16:40:16.705644,Pas tensometryczny,-5214846,-5214846,true
session_20260623_163953_final,233,23315,2026-06-23T16:40:16.794557,Pas tensometryczny,-5213780,-5213780,true
session_20260623_163953_final,234,23407,2026-06-23T16:40:16.886567,Pas tensometryczny,-5212626,-5212626,true
session_20260623_163953_final,235,23495,2026-06-23T16:40:16.974030,Pas tensometryczny,-5211735,-5211735,true
session_20260623_163953_final,236,23588,2026-06-23T16:40:17.067546,Pas tensometryczny,-5210852,-5210852,true
session_20260623_163953_final,237,23725,2026-06-23T16:40:17.203889,Pas tensometryczny,-5209893,-5209893,true
session_20260623_163953_final,238,23810,2026-06-23T16:40:17.289035,Pas tensometryczny,-5208778,-5208778,true
session_20260623_163953_final,239,23908,2026-06-23T16:40:17.387235,Pas tensometryczny,-5208356,-5208356,true
session_20260623_163953_final,240,24000,2026-06-23T16:40:17.479236,Pas tensometryczny,-5208233,-5208233,true
session_20260623_163953_final,241,24125,2026-06-23T16:40:17.604333,Pas tensometryczny,-5209108,-5209108,true
session_20260623_163953_final,242,24215,2026-06-23T16:40:17.694185,Pas tensometryczny,-5210346,-5210346,true
session_20260623_163953_final,243,24305,2026-06-23T16:40:17.784701,Pas tensometryczny,-5211549,-5211549,true
session_20260623_163953_final,244,24395,2026-06-23T16:40:17.874507,Pas tensometryczny,-5212574,-5212574,true
session_20260623_163953_final,245,24530,2026-06-23T16:40:18.008818,Pas tensometryczny,-5213550,-5213550,true
session_20260623_163953_final,246,24619,2026-06-23T16:40:18.098714,Pas tensometryczny,-5214436,-5214436,true
session_20260623_163953_final,247,24711,2026-06-23T16:40:18.190228,Pas tensometryczny,-5214818,-5214818,true
session_20260623_163953_final,248,24801,2026-06-23T16:40:18.280405,Pas tensometryczny,-5214974,-5214974,true
session_20260623_163953_final,249,24893,2026-06-23T16:40:18.371955,Pas tensometryczny,-5215107,-5215107,true
session_20260623_163953_final,250,25028,2026-06-23T16:40:18.507173,Pas tensometryczny,-5215109,-5215109,true
session_20260623_163953_final,251,25115,2026-06-23T16:40:18.594295,Pas tensometryczny,-5215211,-5215211,true
session_20260623_163953_final,252,25207,2026-06-23T16:40:18.686469,Pas tensometryczny,-5215408,-5215408,true
session_20260623_163953_final,253,25296,2026-06-23T16:40:18.774867,Pas tensometryczny,-5215633,-5215633,true
session_20260623_163953_final,254,25430,2026-06-23T16:40:18.909339,Pas tensometryczny,-5215478,-5215478,true
session_20260623_163953_final,255,25520,2026-06-23T16:40:18.999661,Pas tensometryczny,-5214554,-5214554,true
session_20260623_163953_final,256,25610,2026-06-23T16:40:19.089269,Pas tensometryczny,-5213337,-5213337,true
session_20260623_163953_final,257,25702,2026-06-23T16:40:19.181506,Pas tensometryczny,-5212198,-5212198,true
session_20260623_163953_final,258,25790,2026-06-23T16:40:19.269566,Pas tensometryczny,-5211028,-5211028,true
session_20260623_163953_final,259,25925,2026-06-23T16:40:19.403837,Pas tensometryczny,-5209987,-5209987,true
session_20260623_163953_final,260,26029,2026-06-23T16:40:19.508698,Pas tensometryczny,-5209127,-5209127,true
session_20260623_163953_final,261,26106,2026-06-23T16:40:19.584905,Pas tensometryczny,-5208418,-5208418,true
session_20260623_163953_final,262,26195,2026-06-23T16:40:19.674341,Pas tensometryczny,-5207835,-5207835,true
session_20260623_163953_final,263,26375,2026-06-23T16:40:19.854304,Pas tensometryczny,-5207633,-5207633,true
session_20260623_163953_final,264,26422,2026-06-23T16:40:19.900839,Pas tensometryczny,-5209641,-5209641,true
session_20260623_163953_final,265,26512,2026-06-23T16:40:19.991328,Pas tensometryczny,-5210994,-5210994,true
session_20260623_163953_final,266,26602,2026-06-23T16:40:20.081370,Pas tensometryczny,-5212126,-5212126,true
session_20260623_163953_final,267,26738,2026-06-23T16:40:20.217030,Pas tensometryczny,-5213141,-5213141,true
session_20260623_163953_final,268,26833,2026-06-23T16:40:20.311954,Pas tensometryczny,-5214019,-5214019,true
session_20260623_163953_final,269,26928,2026-06-23T16:40:20.407611,Pas tensometryczny,-5214525,-5214525,true
session_20260623_163953_final,270,27006,2026-06-23T16:40:20.485102,Pas tensometryczny,-5214783,-5214783,true
session_20260623_163953_final,271,27140,2026-06-23T16:40:20.618895,Pas tensometryczny,-5214976,-5214976,true
session_20260623_163953_final,272,27231,2026-06-23T16:40:20.710638,Pas tensometryczny,-5215161,-5215161,true
session_20260623_163953_final,273,27321,2026-06-23T16:40:20.800668,Pas tensometryczny,-5215217,-5215217,true
session_20260623_163953_final,274,27410,2026-06-23T16:40:20.889360,Pas tensometryczny,-5215307,-5215307,true
session_20260623_163953_final,275,27501,2026-06-23T16:40:20.980688,Pas tensometryczny,-5215467,-5215467,true
session_20260623_163953_final,276,27635,2026-06-23T16:40:21.114721,Pas tensometryczny,-5215625,-5215625,true
session_20260623_163953_final,277,27725,2026-06-23T16:40:21.204560,Pas tensometryczny,-5215383,-5215383,true
session_20260623_163953_final,278,27816,2026-06-23T16:40:21.294869,Pas tensometryczny,-5214924,-5214924,true
session_20260623_163953_final,279,27907,2026-06-23T16:40:21.386509,Pas tensometryczny,-5214239,-5214239,true
session_20260623_163953_final,280,27996,2026-06-23T16:40:21.475481,Pas tensometryczny,-5213290,-5213290,true
session_20260623_163953_final,281,28131,2026-06-23T16:40:21.610474,Pas tensometryczny,-5212224,-5212224,true
session_20260623_163953_final,282,28266,2026-06-23T16:40:21.745383,Pas tensometryczny,-5211186,-5211186,true
session_20260623_163953_final,283,28311,2026-06-23T16:40:21.789881,Pas tensometryczny,-5210438,-5210438,true
session_20260623_163953_final,284,28405,2026-06-23T16:40:21.884105,Pas tensometryczny,-5209937,-5209937,true
session_20260623_163953_final,285,28536,2026-06-23T16:40:22.014981,Pas tensometryczny,-5209284,-5209284,true
session_20260623_163953_final,286,28627,2026-06-23T16:40:22.106581,Pas tensometryczny,-5208561,-5208561,true
session_20260623_163953_final,287,28722,2026-06-23T16:40:22.201578,Pas tensometryczny,-5207959,-5207959,true
session_20260623_163953_final,288,28808,2026-06-23T16:40:22.287329,Pas tensometryczny,-5207614,-5207614,true
session_20260623_163953_final,289,28952,2026-06-23T16:40:22.431158,Pas tensometryczny,-5207949,-5207949,true
session_20260623_163953_final,290,29034,2026-06-23T16:40:22.513541,Pas tensometryczny,-5210628,-5210628,true
session_20260623_163953_final,291,29123,2026-06-23T16:40:22.602789,Pas tensometryczny,-5212010,-5212010,true
session_20260623_163953_final,292,29215,2026-06-23T16:40:22.694480,Pas tensometryczny,-5212983,-5212983,true
session_20260623_163953_final,293,29301,2026-06-23T16:40:22.780326,Pas tensometryczny,-5213659,-5213659,true
session_20260623_163953_final,294,29435,2026-06-23T16:40:22.914751,Pas tensometryczny,-5214120,-5214120,true
session_20260623_163953_final,295,29543,2026-06-23T16:40:23.022488,Pas tensometryczny,-5214577,-5214577,true
session_20260623_163953_final,296,29616,2026-06-23T16:40:23.094921,Pas tensometryczny,-5214895,-5214895,true
session_20260623_163953_final,297,29708,2026-06-23T16:40:23.187781,Pas tensometryczny,-5214998,-5214998,true
session_20260623_163953_final,298,29840,2026-06-23T16:40:23.319107,Pas tensometryczny,-5215252,-5215252,true
session_20260623_163953_final,299,29931,2026-06-23T16:40:23.410199,Pas tensometryczny,-5215538,-5215538,true
session_20260623_163953_final,300,30027,2026-06-23T16:40:23.506811,Pas tensometryczny,-5215404,-5215404,true
session_20260623_163953_final,301,30110,2026-06-23T16:40:23.589026,Pas tensometryczny,-5215132,-5215132,true
session_20260623_163953_final,302,30201,2026-06-23T16:40:23.680432,Pas tensometryczny,-5214882,-5214882,true
session_20260623_163953_final,303,30344,2026-06-23T16:40:23.823612,Pas tensometryczny,-5214366,-5214366,true
session_20260623_163953_final,304,30430,2026-06-23T16:40:23.908979,Pas tensometryczny,-5213410,-5213410,true
session_20260623_163953_final,305,30515,2026-06-23T16:40:23.994221,Pas tensometryczny,-5212253,-5212253,true
session_20260623_163953_final,306,30608,2026-06-23T16:40:24.086871,Pas tensometryczny,-5211419,-5211419,true
session_20260623_163953_final,307,30741,2026-06-23T16:40:24.219884,Pas tensometryczny,-5210829,-5210829,true
session_20260623_163953_final,308,30830,2026-06-23T16:40:24.309669,Pas tensometryczny,-5209997,-5209997,true
session_20260623_163953_final,309,30926,2026-06-23T16:40:24.405518,Pas tensometryczny,-5209042,-5209042,true
session_20260623_163953_final,310,31030,2026-06-23T16:40:24.509680,Pas tensometryczny,-5208265,-5208265,true
session_20260623_163953_final,311,31151,2026-06-23T16:40:24.630184,Pas tensometryczny,-5207697,-5207697,true
session_20260623_163953_final,312,31238,2026-06-23T16:40:24.717083,Pas tensometryczny,-5207284,-5207284,true
session_20260623_163953_final,313,31326,2026-06-23T16:40:24.805706,Pas tensometryczny,-5207323,-5207323,true
session_20260623_163953_final,314,31418,2026-06-23T16:40:24.897530,Pas tensometryczny,-5208496,-5208496,true
session_20260623_163953_final,315,31506,2026-06-23T16:40:24.985807,Pas tensometryczny,-5209973,-5209973,true
session_20260623_163953_final,316,31649,2026-06-23T16:40:25.128083,Pas tensometryczny,-5210961,-5210961,true
session_20260623_163953_final,317,31735,2026-06-23T16:40:25.214018,Pas tensometryczny,-5212721,-5212721,true
session_20260623_163953_final,318,31836,2026-06-23T16:40:25.315367,Pas tensometryczny,-5213385,-5213385,true
session_20260623_163953_final,319,31912,2026-06-23T16:40:25.390909,Pas tensometryczny,-5213970,-5213970,true
session_20260623_163953_final,320,32047,2026-06-23T16:40:25.526419,Pas tensometryczny,-5214452,-5214452,true
session_20260623_163953_final,321,32137,2026-06-23T16:40:25.616798,Pas tensometryczny,-5214997,-5214997,true
session_20260623_163953_final,322,32228,2026-06-23T16:40:25.707710,Pas tensometryczny,-5215167,-5215167,true
session_20260623_163953_final,323,32321,2026-06-23T16:40:25.800268,Pas tensometryczny,-5215052,-5215052,true
session_20260623_163953_final,324,32460,2026-06-23T16:40:25.939197,Pas tensometryczny,-5214946,-5214946,true
session_20260623_163953_final,325,32540,2026-06-23T16:40:26.019450,Pas tensometryczny,-5214923,-5214923,true
session_20260623_163953_final,326,32631,2026-06-23T16:40:26.110579,Pas tensometryczny,-5215029,-5215029,true
session_20260623_163953_final,327,32727,2026-06-23T16:40:26.206735,Pas tensometryczny,-5215090,-5215090,true
session_20260623_163953_final,328,32810,2026-06-23T16:40:26.289327,Pas tensometryczny,-5215306,-5215306,true
session_20260623_163953_final,329,32991,2026-06-23T16:40:26.470196,Pas tensometryczny,-5215441,-5215441,true
session_20260623_163953_final,330,33038,2026-06-23T16:40:26.517558,Pas tensometryczny,-5215078,-5215078,true
session_20260623_163953_final,331,33133,2026-06-23T16:40:26.612727,Pas tensometryczny,-5214676,-5214676,true
session_20260623_163953_final,332,33218,2026-06-23T16:40:26.697596,Pas tensometryczny,-5214092,-5214092,true
session_20260623_163953_final,333,33405,2026-06-23T16:40:26.883817,Pas tensometryczny,-5213120,-5213120,true
session_20260623_163953_final,334,33442,2026-06-23T16:40:26.921087,Pas tensometryczny,-5212013,-5212013,true
session_20260623_163953_final,335,33531,2026-06-23T16:40:27.010782,Pas tensometryczny,-5211112,-5211112,true
session_20260623_163953_final,336,33624,2026-06-23T16:40:27.103557,Pas tensometryczny,-5210370,-5210370,true
session_20260623_163953_final,337,33711,2026-06-23T16:40:27.190375,Pas tensometryczny,-5209538,-5209538,true
session_20260623_163953_final,338,33845,2026-06-23T16:40:27.324726,Pas tensometryczny,-5208569,-5208569,true
session_20260623_163953_final,339,33937,2026-06-23T16:40:27.415889,Pas tensometryczny,-5207761,-5207761,true
session_20260623_163953_final,340,34032,2026-06-23T16:40:27.511268,Pas tensometryczny,-5207076,-5207076,true
session_20260623_163953_final,341,34116,2026-06-23T16:40:27.595487,Pas tensometryczny,-5206790,-5206790,true
session_20260623_163953_final,342,34253,2026-06-23T16:40:27.732293,Pas tensometryczny,-5207258,-5207258,true
session_20260623_163953_final,343,34341,2026-06-23T16:40:27.820728,Pas tensometryczny,-5209902,-5209902,true
session_20260623_163953_final,344,34477,2026-06-23T16:40:27.956117,Pas tensometryczny,-5210807,-5210807,true
session_20260623_163953_final,345,34521,2026-06-23T16:40:27.999887,Pas tensometryczny,-5211451,-5211451,true
session_20260623_163953_final,346,34707,2026-06-23T16:40:28.186410,Pas tensometryczny,-5212275,-5212275,true
session_20260623_163953_final,347,34746,2026-06-23T16:40:28.224851,Pas tensometryczny,-5213103,-5213103,true
session_20260623_163953_final,348,34842,2026-06-23T16:40:28.321012,Pas tensometryczny,-5213745,-5213745,true
session_20260623_163953_final,349,34925,2026-06-23T16:40:28.404316,Pas tensometryczny,-5214312,-5214312,true
session_20260623_163953_final,350,35015,2026-06-23T16:40:28.494753,Pas tensometryczny,-5214822,-5214822,true
session_20260623_163953_final,351,35154,2026-06-23T16:40:28.633286,Pas tensometryczny,-5214923,-5214923,true
session_20260623_163953_final,352,35240,2026-06-23T16:40:28.719167,Pas tensometryczny,-5214909,-5214909,true
session_20260623_163953_final,353,35343,2026-06-23T16:40:28.821830,Pas tensometryczny,-5214890,-5214890,true
session_20260623_163953_final,354,35422,2026-06-23T16:40:28.901555,Pas tensometryczny,-5214916,-5214916,true
session_20260623_163953_final,355,35565,2026-06-23T16:40:29.043839,Pas tensometryczny,-5214883,-5214883,true
session_20260623_163953_final,356,35662,2026-06-23T16:40:29.140898,Pas tensometryczny,-5214788,-5214788,true
session_20260623_163953_final,357,35736,2026-06-23T16:40:29.214932,Pas tensometryczny,-5214882,-5214882,true
session_20260623_163953_final,358,35828,2026-06-23T16:40:29.307134,Pas tensometryczny,-5214991,-5214991,true
session_20260623_163953_final,359,35921,2026-06-23T16:40:29.400017,Pas tensometryczny,-5214385,-5214385,true
session_20260623_163953_final,360,36061,2026-06-23T16:40:29.540414,Pas tensometryczny,-5213197,-5213197,true
session_20260623_163953_final,361,36143,2026-06-23T16:40:29.621938,Pas tensometryczny,-5212008,-5212008,true
session_20260623_163953_final,362,36231,2026-06-23T16:40:29.710246,Pas tensometryczny,-5211084,-5211084,true
session_20260623_163953_final,363,36366,2026-06-23T16:40:29.844901,Pas tensometryczny,-5210201,-5210201,true
session_20260623_163953_final,364,36462,2026-06-23T16:40:29.941459,Pas tensometryczny,-5209391,-5209391,true
session_20260623_163953_final,365,36546,2026-06-23T16:40:30.025477,Pas tensometryczny,-5208872,-5208872,true
session_20260623_163953_final,366,36636,2026-06-23T16:40:30.114946,Pas tensometryczny,-5208406,-5208406,true
session_20260623_163953_final,367,36726,2026-06-23T16:40:30.205765,Pas tensometryczny,-5207681,-5207681,true
session_20260623_163953_final,368,36861,2026-06-23T16:40:30.340314,Pas tensometryczny,-5206951,-5206951,true
session_20260623_163953_final,369,36951,2026-06-23T16:40:30.430052,Pas tensometryczny,-5206969,-5206969,true
session_20260623_163953_final,370,37041,2026-06-23T16:40:30.520236,Pas tensometryczny,-5208022,-5208022,true
session_20260623_163953_final,371,37135,2026-06-23T16:40:30.614645,Pas tensometryczny,-5209336,-5209336,true
session_20260623_163953_final,372,37221,2026-06-23T16:40:30.700561,Pas tensometryczny,-5210837,-5210837,true
session_20260623_163953_final,373,37365,2026-06-23T16:40:30.844816,Pas tensometryczny,-5212048,-5212048,true
session_20260623_163953_final,374,37452,2026-06-23T16:40:30.931362,Pas tensometryczny,-5212754,-5212754,true
session_20260623_163953_final,375,37537,2026-06-23T16:40:31.016489,Pas tensometryczny,-5213413,-5213413,true
session_20260623_163953_final,376,37626,2026-06-23T16:40:31.105578,Pas tensometryczny,-5213926,-5213926,true
session_20260623_163953_final,377,37766,2026-06-23T16:40:31.245637,Pas tensometryczny,-5214282,-5214282,true
session_20260623_163953_final,378,37853,2026-06-23T16:40:31.331948,Pas tensometryczny,-5214493,-5214493,true
session_20260623_163953_final,379,37952,2026-06-23T16:40:31.431473,Pas tensometryczny,-5214848,-5214848,true
session_20260623_163953_final,380,38031,2026-06-23T16:40:31.510450,Pas tensometryczny,-5215183,-5215183,true
session_20260623_163953_final,381,38123,2026-06-23T16:40:31.601908,Pas tensometryczny,-5214990,-5214990,true
session_20260623_163953_final,382,38255,2026-06-23T16:40:31.734736,Pas tensometryczny,-5214771,-5214771,true
session_20260623_163953_final,383,38346,2026-06-23T16:40:31.824862,Pas tensometryczny,-5214651,-5214651,true
session_20260623_163953_final,384,38445,2026-06-23T16:40:31.924617,Pas tensometryczny,-5214585,-5214585,true
session_20260623_163953_final,385,38525,2026-06-23T16:40:32.004405,Pas tensometryczny,-5214305,-5214305,true
session_20260623_163953_final,386,38661,2026-06-23T16:40:32.140365,Pas tensometryczny,-5213735,-5213735,true
session_20260623_163953_final,387,38751,2026-06-23T16:40:32.230387,Pas tensometryczny,-5213400,-5213400,true
session_20260623_163953_final,388,38840,2026-06-23T16:40:32.319702,Pas tensometryczny,-5212997,-5212997,true
session_20260623_163953_final,389,38932,2026-06-23T16:40:32.411262,Pas tensometryczny,-5212551,-5212551,true
session_20260623_163953_final,390,39068,2026-06-23T16:40:32.547372,Pas tensometryczny,-5212454,-5212454,true
session_20260623_163953_final,391,39157,2026-06-23T16:40:32.636308,Pas tensometryczny,-5212483,-5212483,true
session_20260623_163953_final,392,39257,2026-06-23T16:40:32.736327,Pas tensometryczny,-5212524,-5212524,true
session_20260623_163953_final,393,39336,2026-06-23T16:40:32.815126,Pas tensometryczny,-5212979,-5212979,true
session_20260623_163953_final,394,39425,2026-06-23T16:40:32.903817,Pas tensometryczny,-5213873,-5213873,true
session_20260623_163953_final,395,39561,2026-06-23T16:40:33.040249,Pas tensometryczny,-5214338,-5214338,true
session_20260623_163953_final,396,39651,2026-06-23T16:40:33.130469,Pas tensometryczny,-5212932,-5212932,true
session_20260623_163953_final,397,39743,2026-06-23T16:40:33.222512,Pas tensometryczny,-5211376,-5211376,true
session_20260623_163953_final,398,39831,2026-06-23T16:40:33.310076,Pas tensometryczny,-5210119,-5210119,true
session_20260623_163953_final,399,39967,2026-06-23T16:40:33.446256,Pas tensometryczny,-5209075,-5209075,true
session_20260623_163953_final,400,40058,2026-06-23T16:40:33.537355,Pas tensometryczny,-5208245,-5208245,true
session_20260623_163953_final,401,40145,2026-06-23T16:40:33.624221,Pas tensometryczny,-5207733,-5207733,true
session_20260623_163953_final,402,40280,2026-06-23T16:40:33.759550,Pas tensometryczny,-5207880,-5207880,true
session_20260623_163953_final,403,40372,2026-06-23T16:40:33.851467,Pas tensometryczny,-5208754,-5208754,true
session_20260623_163953_final,404,40462,2026-06-23T16:40:33.941711,Pas tensometryczny,-5209809,-5209809,true
session_20260623_163953_final,405,40551,2026-06-23T16:40:34.029909,Pas tensometryczny,-5210980,-5210980,true
session_20260623_163953_final,406,40652,2026-06-23T16:40:34.130850,Pas tensometryczny,-5212070,-5212070,true
session_20260623_163953_final,407,40730,2026-06-23T16:40:34.209267,Pas tensometryczny,-5212989,-5212989,true
session_20260623_163953_final,408,40868,2026-06-23T16:40:34.347014,Pas tensometryczny,-5213735,-5213735,true
session_20260623_163953_final,409,40958,2026-06-23T16:40:34.437564,Pas tensometryczny,-5214334,-5214334,true
session_20260623_163953_final,410,41047,2026-06-23T16:40:34.526727,Pas tensometryczny,-5214778,-5214778,true
session_20260623_163953_final,411,41147,2026-06-23T16:40:34.626082,Pas tensometryczny,-5214867,-5214867,true
session_20260623_163953_final,412,41272,2026-06-23T16:40:34.750977,Pas tensometryczny,-5214712,-5214712,true
session_20260623_163953_final,413,41361,2026-06-23T16:40:34.839921,Pas tensometryczny,-5214519,-5214519,true
session_20260623_163953_final,414,41450,2026-06-23T16:40:34.929614,Pas tensometryczny,-5214401,-5214401,true
session_20260623_163953_final,415,41541,2026-06-23T16:40:35.020632,Pas tensometryczny,-5213753,-5213753,true
session_20260623_163953_final,416,41631,2026-06-23T16:40:35.110559,Pas tensometryczny,-5212310,-5212310,true
session_20260623_163953_final,417,41765,2026-06-23T16:40:35.244583,Pas tensometryczny,-5211009,-5211009,true
session_20260623_163953_final,418,41856,2026-06-23T16:40:35.334918,Pas tensometryczny,-5210035,-5210035,true
session_20260623_163953_final,419,41963,2026-06-23T16:40:35.442498,Pas tensometryczny,-5208911,-5208911,true
session_20260623_163953_final,420,42084,2026-06-23T16:40:35.563587,Pas tensometryczny,-5207944,-5207944,true
session_20260623_163953_final,421,42171,2026-06-23T16:40:35.650261,Pas tensometryczny,-5207234,-5207234,true
session_20260623_163953_final,422,42263,2026-06-23T16:40:35.742808,Pas tensometryczny,-5207785,-5207785,true
session_20260623_163953_final,423,42352,2026-06-23T16:40:35.830842,Pas tensometryczny,-5209253,-5209253,true
session_20260623_163953_final,424,42441,2026-06-23T16:40:35.920002,Pas tensometryczny,-5210773,-5210773,true
session_20260623_163953_final,425,42584,2026-06-23T16:40:36.063456,Pas tensometryczny,-5212059,-5212059,true
session_20260623_163953_final,426,42665,2026-06-23T16:40:36.144348,Pas tensometryczny,-5212662,-5212662,true
session_20260623_163953_final,427,42767,2026-06-23T16:40:36.245967,Pas tensometryczny,-5213114,-5213114,true
session_20260623_163953_final,428,42847,2026-06-23T16:40:36.326242,Pas tensometryczny,-5213618,-5213618,true
session_20260623_163953_final,429,42937,2026-06-23T16:40:36.416712,Pas tensometryczny,-5213970,-5213970,true
session_20260623_163953_final,430,43071,2026-06-23T16:40:36.549824,Pas tensometryczny,-5214136,-5214136,true
session_20260623_163953_final,431,43161,2026-06-23T16:40:36.639950,Pas tensometryczny,-5214287,-5214287,true
session_20260623_163953_final,432,43259,2026-06-23T16:40:36.738199,Pas tensometryczny,-5214531,-5214531,true
session_20260623_163953_final,433,43341,2026-06-23T16:40:36.820365,Pas tensometryczny,-5214786,-5214786,true
session_20260623_163953_final,434,43476,2026-06-23T16:40:36.955475,Pas tensometryczny,-5214555,-5214555,true
session_20260623_163953_final,435,43611,2026-06-23T16:40:37.090107,Pas tensometryczny,-5214210,-5214210,true
session_20260623_163953_final,436,43655,2026-06-23T16:40:37.134303,Pas tensometryczny,-5213643,-5213643,true
session_20260623_163953_final,437,43791,2026-06-23T16:40:37.270244,Pas tensometryczny,-5212706,-5212706,true
session_20260623_163953_final,438,43838,2026-06-23T16:40:37.317811,Pas tensometryczny,-5211590,-5211590,true
session_20260623_163953_final,439,43973,2026-06-23T16:40:37.451969,Pas tensometryczny,-5210585,-5210585,true
session_20260623_163953_final,440,44060,2026-06-23T16:40:37.539771,Pas tensometryczny,-5209761,-5209761,true
session_20260623_163953_final,441,44155,2026-06-23T16:40:37.634249,Pas tensometryczny,-5209000,-5209000,true
session_20260623_163953_final,442,44241,2026-06-23T16:40:37.720035,Pas tensometryczny,-5208328,-5208328,true
session_20260623_163953_final,443,44420,2026-06-23T16:40:37.899425,Pas tensometryczny,-5208167,-5208167,true
session_20260623_163953_final,444,44466,2026-06-23T16:40:37.945643,Pas tensometryczny,-5209104,-5209104,true
session_20260623_163953_final,445,44558,2026-06-23T16:40:38.037068,Pas tensometryczny,-5210382,-5210382,true
session_20260623_163953_final,446,44664,2026-06-23T16:40:38.143457,Pas tensometryczny,-5211613,-5211613,true
session_20260623_163953_final,447,44783,2026-06-23T16:40:38.261998,Pas tensometryczny,-5213059,-5213059,true
session_20260623_163953_final,448,44880,2026-06-23T16:40:38.359717,Pas tensometryczny,-5213505,-5213505,true
session_20260623_163953_final,449,44961,2026-06-23T16:40:38.440772,Pas tensometryczny,-5213670,-5213670,true
session_20260623_163953_final,450,45051,2026-06-23T16:40:38.530008,Pas tensometryczny,-5213863,-5213863,true
session_20260623_163953_final,451,45157,2026-06-23T16:40:38.636734,Pas tensometryczny,-5213973,-5213973,true
session_20260623_163953_final,452,45277,2026-06-23T16:40:38.755823,Pas tensometryczny,-5214069,-5214069,true
session_20260623_163953_final,453,45368,2026-06-23T16:40:38.847021,Pas tensometryczny,-5214085,-5214085,true
session_20260623_163953_final,454,45458,2026-06-23T16:40:38.936916,Pas tensometryczny,-5214142,-5214142,true
session_20260623_163953_final,455,45545,2026-06-23T16:40:39.024796,Pas tensometryczny,-5214439,-5214439,true
session_20260623_163953_final,456,45681,2026-06-23T16:40:39.160311,Pas tensometryczny,-5214386,-5214386,true
session_20260623_163953_final,457,45770,2026-06-23T16:40:39.249457,Pas tensometryczny,-5214302,-5214302,true
session_20260623_163953_final,458,45863,2026-06-23T16:40:39.342039,Pas tensometryczny,-5214449,-5214449,true
session_20260623_163953_final,459,45951,2026-06-23T16:40:39.430686,Pas tensometryczny,-5214074,-5214074,true
session_20260623_163953_final,460,46042,2026-06-23T16:40:39.521065,Pas tensometryczny,-5213089,-5213089,true
session_20260623_163953_final,461,46178,2026-06-23T16:40:39.657556,Pas tensometryczny,-5211953,-5211953,true
session_20260623_163953_final,462,46266,2026-06-23T16:40:39.745046,Pas tensometryczny,-5211155,-5211155,true
session_20260623_163953_final,463,46360,2026-06-23T16:40:39.839133,Pas tensometryczny,-5210474,-5210474,true
session_20260623_163953_final,464,46448,2026-06-23T16:40:39.926967,Pas tensometryczny,-5209570,-5209570,true
session_20260623_163953_final,465,46581,2026-06-23T16:40:40.060065,Pas tensometryczny,-5209107,-5209107,true
session_20260623_163953_final,466,46676,2026-06-23T16:40:40.154891,Pas tensometryczny,-5209599,-5209599,true
session_20260623_163953_final,467,46768,2026-06-23T16:40:40.247014,Pas tensometryczny,-5210410,-5210410,true
session_20260623_163953_final,468,46851,2026-06-23T16:40:40.330032,Pas tensometryczny,-5211119,-5211119,true
session_20260623_163953_final,469,46987,2026-06-23T16:40:40.465825,Pas tensometryczny,-5212171,-5212171,true
session_20260623_163953_final,470,47121,2026-06-23T16:40:40.600425,Pas tensometryczny,-5213273,-5213273,true
session_20260623_163953_final,471,47176,2026-06-23T16:40:40.655747,Pas tensometryczny,-5213849,-5213849,true
session_20260623_163953_final,472,47263,2026-06-23T16:40:40.742536,Pas tensometryczny,-5214072,-5214072,true
session_20260623_163953_final,473,47346,2026-06-23T16:40:40.825670,Pas tensometryczny,-5214248,-5214248,true
session_20260623_163953_final,474,47537,2026-06-23T16:40:41.016172,Pas tensometryczny,-5214312,-5214312,true
session_20260623_163953_final,475,47571,2026-06-23T16:40:41.050079,Pas tensometryczny,-5214426,-5214426,true
session_20260623_163953_final,476,47660,2026-06-23T16:40:41.139142,Pas tensometryczny,-5214673,-5214673,true
session_20260623_163953_final,477,47751,2026-06-23T16:40:41.230711,Pas tensometryczny,-5214889,-5214889,true
session_20260623_163953_final,478,47886,2026-06-23T16:40:41.365072,Pas tensometryczny,-5214682,-5214682,true
session_20260623_163953_final,479,47976,2026-06-23T16:40:41.455595,Pas tensometryczny,-5214373,-5214373,true
session_20260623_163953_final,480,48065,2026-06-23T16:40:41.543896,Pas tensometryczny,-5213973,-5213973,true
session_20260623_163953_final,481,48156,2026-06-23T16:40:41.635692,Pas tensometryczny,-5213735,-5213735,true
session_20260623_163953_final,482,48251,2026-06-23T16:40:41.730528,Pas tensometryczny,-5213670,-5213670,true
session_20260623_163953_final,483,48386,2026-06-23T16:40:41.865548,Pas tensometryczny,-5213902,-5213902,true
session_20260623_163953_final,484,48471,2026-06-23T16:40:41.950591,Pas tensometryczny,-5214404,-5214404,true
session_20260623_163953_final,485,48564,2026-06-23T16:40:42.043116,Pas tensometryczny,-5214593,-5214593,true
session_20260623_163953_final,486,48651,2026-06-23T16:40:42.129884,Pas tensometryczny,-5214351,-5214351,true
session_20260623_163953_final,487,48785,2026-06-23T16:40:42.264264,Pas tensometryczny,-5214042,-5214042,true
session_20260623_163953_final,488,48882,2026-06-23T16:40:42.361049,Pas tensometryczny,-5213838,-5213838,true
session_20260623_163953_final,489,48970,2026-06-23T16:40:42.449774,Pas tensometryczny,-5213781,-5213781,true
session_20260623_163953_final,490,49070,2026-06-23T16:40:42.549,Pas tensometryczny,-5213742,-5213742,true
session_20260623_163953_final,491,49191,2026-06-23T16:40:42.670478,Pas tensometryczny,-5213919,-5213919,true
session_20260623_163953_final,492,49281,2026-06-23T16:40:42.760603,Pas tensometryczny,-5214367,-5214367,true
session_20260623_163953_final,493,49415,2026-06-23T16:40:42.894519,Pas tensometryczny,-5214528,-5214528,true
session_20260623_163953_final,494,49461,2026-06-23T16:40:42.939957,Pas tensometryczny,-5214020,-5214020,true
session_20260623_163953_final,495,49596,2026-06-23T16:40:43.075175,Pas tensometryczny,-5213206,-5213206,true
session_20260623_163953_final,496,49694,2026-06-23T16:40:43.173336,Pas tensometryczny,-5212153,-5212153,true
session_20260623_163953_final,497,49776,2026-06-23T16:40:43.255530,Pas tensometryczny,-5210878,-5210878,true
session_20260623_163953_final,498,49867,2026-06-23T16:40:43.346164,Pas tensometryczny,-5209716,-5209716,true
session_20260623_163953_final,499,49956,2026-06-23T16:40:43.435646,Pas tensometryczny,-5209061,-5209061,true
session_20260623_163953_final,500,50226,2026-06-23T16:40:43.705384,Pas tensometryczny,-5210870,-5210870,true
session_20260623_163953_final,501,50277,2026-06-23T16:40:43.756227,Pas tensometryczny,-5211681,-5211681,true
session_20260623_163953_final,502,50363,2026-06-23T16:40:43.841866,Pas tensometryczny,-5212320,-5212320,true
session_20260623_163953_final,503,50502,2026-06-23T16:40:43.981435,Pas tensometryczny,-5212857,-5212857,true
session_20260623_163953_final,504,50591,2026-06-23T16:40:44.069952,Pas tensometryczny,-5213342,-5213342,true
session_20260623_163953_final,505,50680,2026-06-23T16:40:44.159584,Pas tensometryczny,-5213841,-5213841,true
session_20260623_163953_final,506,50770,2026-06-23T16:40:44.249663,Pas tensometryczny,-5214329,-5214329,true
session_20260623_163953_final,507,50855,2026-06-23T16:40:44.334193,Pas tensometryczny,-5214390,-5214390,true
session_20260623_163953_final,508,50992,2026-06-23T16:40:44.471677,Pas tensometryczny,-5214249,-5214249,true
session_20260623_163953_final,509,51081,2026-06-23T16:40:44.560806,Pas tensometryczny,-5213837,-5213837,true
session_20260623_163953_final,510,51177,2026-06-23T16:40:44.655888,Pas tensometryczny,-5212855,-5212855,true
session_20260623_163953_final,511,51267,2026-06-23T16:40:44.746061,Pas tensometryczny,-5211427,-5211427,true
session_20260623_163953_final,512,51395,2026-06-23T16:40:44.874233,Pas tensometryczny,-5210316,-5210316,true
session_20260623_163953_final,513,51487,2026-06-23T16:40:44.966098,Pas tensometryczny,-5209633,-5209633,true
session_20260623_163953_final,514,51584,2026-06-23T16:40:45.063067,Pas tensometryczny,-5208992,-5208992,true
session_20260623_163953_final,515,51665,2026-06-23T16:40:45.144139,Pas tensometryczny,-5208229,-5208229,true
session_20260623_163953_final,516,51756,2026-06-23T16:40:45.235809,Pas tensometryczny,-5207544,-5207544,true
session_20260623_163953_final,517,51896,2026-06-23T16:40:45.375434,Pas tensometryczny,-5207114,-5207114,true
session_20260623_163953_final,518,51985,2026-06-23T16:40:45.463986,Pas tensometryczny,-5207401,-5207401,true
session_20260623_163953_final,519,52080,2026-06-23T16:40:45.559086,Pas tensometryczny,-5208545,-5208545,true
session_20260623_163953_final,520,52162,2026-06-23T16:40:45.641636,Pas tensometryczny,-5209871,-5209871,true
session_20260623_163953_final,521,52297,2026-06-23T16:40:45.775883,Pas tensometryczny,-5211194,-5211194,true
session_20260623_163953_final,522,52388,2026-06-23T16:40:45.866915,Pas tensometryczny,-5212260,-5212260,true
session_20260623_163953_final,523,52477,2026-06-23T16:40:45.956697,Pas tensometryczny,-5212779,-5212779,true
session_20260623_163953_final,524,52565,2026-06-23T16:40:46.043861,Pas tensometryczny,-5212985,-5212985,true
session_20260623_163953_final,525,52702,2026-06-23T16:40:46.181705,Pas tensometryczny,-5213744,-5213744,true
session_20260623_163953_final,526,52792,2026-06-23T16:40:46.271796,Pas tensometryczny,-5214026,-5214026,true
session_20260623_163953_final,527,52881,2026-06-23T16:40:46.359845,Pas tensometryczny,-5214275,-5214275,true
session_20260623_163953_final,528,52971,2026-06-23T16:40:46.450300,Pas tensometryczny,-5214564,-5214564,true
session_20260623_163953_final,529,53107,2026-06-23T16:40:46.586027,Pas tensometryczny,-5214641,-5214641,true
session_20260623_163953_final,530,53197,2026-06-23T16:40:46.676164,Pas tensometryczny,-5214259,-5214259,true
session_20260623_163953_final,531,53286,2026-06-23T16:40:46.765009,Pas tensometryczny,-5213886,-5213886,true
session_20260623_163953_final,532,53377,2026-06-23T16:40:46.856443,Pas tensometryczny,-5213748,-5213748,true
session_20260623_163953_final,533,53466,2026-06-23T16:40:46.945344,Pas tensometryczny,-5213745,-5213745,true
session_20260623_163953_final,534,53600,2026-06-23T16:40:47.079131,Pas tensometryczny,-5213724,-5213724,true
session_20260623_163953_final,535,53696,2026-06-23T16:40:47.175691,Pas tensometryczny,-5213849,-5213849,true
session_20260623_163953_final,536,53780,2026-06-23T16:40:47.259300,Pas tensometryczny,-5214198,-5214198,true
session_20260623_163953_final,537,53873,2026-06-23T16:40:47.352028,Pas tensometryczny,-5214335,-5214335,true
session_20260623_163953_final,538,53967,2026-06-23T16:40:47.446422,Pas tensometryczny,-5213972,-5213972,true
session_20260623_163953_final,539,54098,2026-06-23T16:40:47.577037,Pas tensometryczny,-5213756,-5213756,true
session_20260623_163953_final,540,54241,2026-06-23T16:40:47.720152,Pas tensometryczny,-5213662,-5213662,true
session_20260623_163953_final,541,54277,2026-06-23T16:40:47.755997,Pas tensometryczny,-5213596,-5213596,true
session_20260623_163953_final,542,54370,2026-06-23T16:40:47.849602,Pas tensometryczny,-5213368,-5213368,true
session_20260623_163953_final,543,54514,2026-06-23T16:40:47.992834,Pas tensometryczny,-5213039,-5213039,true
session_20260623_163953_final,544,54591,2026-06-23T16:40:48.070348,Pas tensometryczny,-5212314,-5212314,true
session_20260623_163953_final,545,54688,2026-06-23T16:40:48.167033,Pas tensometryczny,-5211392,-5211392,true
session_20260623_163953_final,546,54772,2026-06-23T16:40:48.251070,Pas tensometryczny,-5210249,-5210249,true
session_20260623_163953_final,547,54905,2026-06-23T16:40:48.384116,Pas tensometryczny,-5209246,-5209246,true
session_20260623_163953_final,548,55002,2026-06-23T16:40:48.481299,Pas tensometryczny,-5208534,-5208534,true
session_20260623_163953_final,549,55089,2026-06-23T16:40:48.567989,Pas tensometryczny,-5208465,-5208465,true
session_20260623_163953_final,550,55178,2026-06-23T16:40:48.657234,Pas tensometryczny,-5209324,-5209324,true
session_20260623_163953_final,551,55271,2026-06-23T16:40:48.750685,Pas tensometryczny,-5211416,-5211416,true
session_20260623_163953_final,552,55404,2026-06-23T16:40:48.883778,Pas tensometryczny,-5212246,-5212246,true
session_20260623_163953_final,553,55534,2026-06-23T16:40:49.012888,Pas tensometryczny,-5212891,-5212891,true
session_20260623_163953_final,554,55582,2026-06-23T16:40:49.061455,Pas tensometryczny,-5213332,-5213332,true
session_20260623_163953_final,555,55678,2026-06-23T16:40:49.157733,Pas tensometryczny,-5213760,-5213760,true
session_20260623_163953_final,556,55808,2026-06-23T16:40:49.286953,Pas tensometryczny,-5213981,-5213981,true
session_20260623_163953_final,557,55908,2026-06-23T16:40:49.386860,Pas tensometryczny,-5214154,-5214154,true
session_20260623_163953_final,558,55986,2026-06-23T16:40:49.465505,Pas tensometryczny,-5214245,-5214245,true
session_20260623_163953_final,559,56080,2026-06-23T16:40:49.559419,Pas tensometryczny,-5214328,-5214328,true
session_20260623_163953_final,560,56168,2026-06-23T16:40:49.647235,Pas tensometryczny,-5214568,-5214568,true
session_20260623_163953_final,561,56301,2026-06-23T16:40:49.780590,Pas tensometryczny,-5214573,-5214573,true
session_20260623_163953_final,562,56392,2026-06-23T16:40:49.871766,Pas tensometryczny,-5214197,-5214197,true
session_20260623_163953_final,563,56481,2026-06-23T16:40:49.960263,Pas tensometryczny,-5213809,-5213809,true
session_20260623_163953_final,564,56575,2026-06-23T16:40:50.054512,Pas tensometryczny,-5213633,-5213633,true
session_20260623_163953_final,565,56710,2026-06-23T16:40:50.189379,Pas tensometryczny,-5213605,-5213605,true
session_20260623_163953_final,566,56798,2026-06-23T16:40:50.277132,Pas tensometryczny,-5213638,-5213638,true
session_20260623_163953_final,567,56885,2026-06-23T16:40:50.364207,Pas tensometryczny,-5213832,-5213832,true
session_20260623_163953_final,568,56977,2026-06-23T16:40:50.456679,Pas tensometryczny,-5214125,-5214125,true
session_20260623_163953_final,569,57112,2026-06-23T16:40:50.591315,Pas tensometryczny,-5213803,-5213803,true
session_20260623_163953_final,570,57205,2026-06-23T16:40:50.684214,Pas tensometryczny,-5212603,-5212603,true
session_20260623_163953_final,571,57336,2026-06-23T16:40:50.814923,Pas tensometryczny,-5211331,-5211331,true
session_20260623_163953_final,572,57391,2026-06-23T16:40:50.870168,Pas tensometryczny,-5210178,-5210178,true
session_20260623_163953_final,573,57474,2026-06-23T16:40:50.953794,Pas tensometryczny,-5209141,-5209141,true
session_20260623_163953_final,574,57605,2026-06-23T16:40:51.084664,Pas tensometryczny,-5208354,-5208354,true
session_20260623_163953_final,575,57697,2026-06-23T16:40:51.176071,Pas tensometryczny,-5207751,-5207751,true
session_20260623_163953_final,576,57786,2026-06-23T16:40:51.265370,Pas tensometryczny,-5207498,-5207498,true
session_20260623_163953_final,577,57877,2026-06-23T16:40:51.356137,Pas tensometryczny,-5207593,-5207593,true
session_20260623_163953_final,578,58031,2026-06-23T16:40:51.510442,Pas tensometryczny,-5209340,-5209340,true
session_20260623_163953_final,579,58102,2026-06-23T16:40:51.581266,Pas tensometryczny,-5210430,-5210430,true
session_20260623_163953_final,580,58192,2026-06-23T16:40:51.670897,Pas tensometryczny,-5211553,-5211553,true
session_20260623_163953_final,581,58280,2026-06-23T16:40:51.758914,Pas tensometryczny,-5212380,-5212380,true
session_20260623_163953_final,582,58415,2026-06-23T16:40:51.894453,Pas tensometryczny,-5213050,-5213050,true
session_20260623_163953_final,583,58506,2026-06-23T16:40:51.984932,Pas tensometryczny,-5213745,-5213745,true
session_20260623_163953_final,584,58595,2026-06-23T16:40:52.074622,Pas tensometryczny,-5214254,-5214254,true
session_20260623_163953_final,585,58685,2026-06-23T16:40:52.164667,Pas tensometryczny,-5214274,-5214274,true
session_20260623_163953_final,586,58780,2026-06-23T16:40:52.259021,Pas tensometryczny,-5214074,-5214074,true
session_20260623_163953_final,587,58912,2026-06-23T16:40:52.390988,Pas tensometryczny,-5214032,-5214032,true
session_20260623_163953_final,588,59091,2026-06-23T16:40:52.570419,Pas tensometryczny,-5214067,-5214067,true
session_20260623_163953_final,589,59092,2026-06-23T16:40:52.570934,Pas tensometryczny,-5213985,-5213985,true
session_20260623_163953_final,590,59196,2026-06-23T16:40:52.675734,Pas tensometryczny,-5214007,-5214007,true
session_20260623_163953_final,591,59315,2026-06-23T16:40:52.794629,Pas tensometryczny,-5214418,-5214418,true
session_20260623_163953_final,592,59405,2026-06-23T16:40:52.884596,Pas tensometryczny,-5214568,-5214568,true
session_20260623_163953_final,593,59496,2026-06-23T16:40:52.975202,Pas tensometryczny,-5214205,-5214205,true
session_20260623_163953_final,594,59585,2026-06-23T16:40:53.064379,Pas tensometryczny,-5213881,-5213881,true
session_20260623_163953_final,595,59677,2026-06-23T16:40:53.155874,Pas tensometryczny,-5213850,-5213850,true
session_20260623_163953_final,596,59818,2026-06-23T16:40:53.297609,Pas tensometryczny,-5213913,-5213913,true
session_20260623_163953_final,597,59901,2026-06-23T16:40:53.380039,Pas tensometryczny,-5213813,-5213813,true
session_20260623_163953_final,598,59995,2026-06-23T16:40:53.474149,Pas tensometryczny,-5213489,-5213489,true
session_20260623_163953_final,599,60135,2026-06-23T16:40:53.614408,Pas tensometryczny,-5212627,-5212627,true
session_20260623_163953_final,600,60217,2026-06-23T16:40:53.696700,Pas tensometryczny,-5211520,-5211520,true
session_20260623_163953_final,601,60305,2026-06-23T16:40:53.784347,Pas tensometryczny,-5210305,-5210305,true
session_20260623_163953_final,602,60398,2026-06-23T16:40:53.877525,Pas tensometryczny,-5209240,-5209240,true
session_20260623_163953_final,603,60486,2026-06-23T16:40:53.965258,Pas tensometryczny,-5208932,-5208932,true
session_20260623_163953_final,604,60623,2026-06-23T16:40:54.102464,Pas tensometryczny,-5210044,-5210044,true
session_20260623_163953_final,605,60710,2026-06-23T16:40:54.189227,Pas tensometryczny,-5211017,-5211017,true
session_20260623_163953_final,606,60811,2026-06-23T16:40:54.290425,Pas tensometryczny,-5211899,-5211899,true
session_20260623_163953_final,607,60892,2026-06-23T16:40:54.371492,Pas tensometryczny,-5212873,-5212873,true
session_20260623_163953_final,608,60981,2026-06-23T16:40:54.460056,Pas tensometryczny,-5213629,-5213629,true
session_20260623_163953_final,609,61119,2026-06-23T16:40:54.598015,Pas tensometryczny,-5213804,-5213804,true
session_20260623_163953_final,610,61251,2026-06-23T16:40:54.730145,Pas tensometryczny,-5213905,-5213905,true
session_20260623_163953_final,611,61297,2026-06-23T16:40:54.776329,Pas tensometryczny,-5213991,-5213991,true
session_20260623_163953_final,612,61437,2026-06-23T16:40:54.916458,Pas tensometryczny,-5213969,-5213969,true
session_20260623_163953_final,613,61520,2026-06-23T16:40:54.999047,Pas tensometryczny,-5213885,-5213885,true
session_20260623_163953_final,614,61611,2026-06-23T16:40:55.089896,Pas tensometryczny,-5213418,-5213418,true
session_20260623_163953_final,615,61700,2026-06-23T16:40:55.178995,Pas tensometryczny,-5212508,-5212508,true
session_20260623_163953_final,616,61792,2026-06-23T16:40:55.271713,Pas tensometryczny,-5211522,-5211522,true
session_20260623_163953_final,617,61890,2026-06-23T16:40:55.369004,Pas tensometryczny,-5210304,-5210304,true
session_20260623_163953_final,618,62015,2026-06-23T16:40:55.494504,Pas tensometryczny,-5209263,-5209263,true
session_20260623_163953_final,619,62110,2026-06-23T16:40:55.589130,Pas tensometryczny,-5208869,-5208869,true
session_20260623_163953_final,620,62197,2026-06-23T16:40:55.676629,Pas tensometryczny,-5209356,-5209356,true
session_20260623_163953_final,621,62286,2026-06-23T16:40:55.764989,Pas tensometryczny,-5210327,-5210327,true
session_20260623_163953_final,622,62434,2026-06-23T16:40:55.912862,Pas tensometryczny,-5211175,-5211175,true
session_20260623_163953_final,623,62518,2026-06-23T16:40:55.996915,Pas tensometryczny,-5211773,-5211773,true
session_20260623_163953_final,624,62601,2026-06-23T16:40:56.080420,Pas tensometryczny,-5212699,-5212699,true
session_20260623_163953_final,625,62696,2026-06-23T16:40:56.175580,Pas tensometryczny,-5213433,-5213433,true
session_20260623_163953_final,626,62829,2026-06-23T16:40:56.308134,Pas tensometryczny,-5213895,-5213895,true
session_20260623_163953_final,627,62915,2026-06-23T16:40:56.394556,Pas tensometryczny,-5214158,-5214158,true
session_20260623_163953_final,628,63024,2026-06-23T16:40:56.502919,Pas tensometryczny,-5214337,-5214337,true
session_20260623_163953_final,629,63097,2026-06-23T16:40:56.576243,Pas tensometryczny,-5214422,-5214422,true
session_20260623_163953_final,630,63194,2026-06-23T16:40:56.673522,Pas tensometryczny,-5214552,-5214552,true
session_20260623_163953_final,631,63321,2026-06-23T16:40:56.799935,Pas tensometryczny,-5214524,-5214524,true
session_20260623_163953_final,632,63458,2026-06-23T16:40:56.937140,Pas tensometryczny,-5213655,-5213655,true
session_20260623_163953_final,633,63512,2026-06-23T16:40:56.991388,Pas tensometryczny,-5212343,-5212343,true
session_20260623_163953_final,634,63594,2026-06-23T16:40:57.072929,Pas tensometryczny,-5211030,-5211030,true
session_20260623_163953_final,635,63730,2026-06-23T16:40:57.209736,Pas tensometryczny,-5209928,-5209928,true
session_20260623_163953_final,636,63817,2026-06-23T16:40:57.295944,Pas tensometryczny,-5209051,-5209051,true
session_20260623_163953_final,637,63910,2026-06-23T16:40:57.389561,Pas tensometryczny,-5208234,-5208234,true
session_20260623_163953_final,638,63995,2026-06-23T16:40:57.474726,Pas tensometryczny,-5207590,-5207590,true
session_20260623_163953_final,639,64087,2026-06-23T16:40:57.566626,Pas tensometryczny,-5207264,-5207264,true
session_20260623_163953_final,640,64220,2026-06-23T16:40:57.699808,Pas tensometryczny,-5207088,-5207088,true
session_20260623_163953_final,641,64332,2026-06-23T16:40:57.811276,Pas tensometryczny,-5207488,-5207488,true
session_20260623_163953_final,642,64402,2026-06-23T16:40:57.880932,Pas tensometryczny,-5208269,-5208269,true
session_20260623_163953_final,643,64490,2026-06-23T16:40:57.969599,Pas tensometryczny,-5208834,-5208834,true
session_20260623_163953_final,644,64627,2026-06-23T16:40:58.106303,Pas tensometryczny,-5209048,-5209048,true
session_20260623_163953_final,645,64715,2026-06-23T16:40:58.194323,Pas tensometryczny,-5207782,-5207782,true
session_20260623_163953_final,646,64806,2026-06-23T16:40:58.285074,Pas tensometryczny,-5206292,-5206292,true
session_20260623_163953_final,647,64897,2026-06-23T16:40:58.375944,Pas tensometryczny,-5206328,-5206328,true
session_20260623_163953_final,648,65033,2026-06-23T16:40:58.512437,Pas tensometryczny,-5206378,-5206378,true
session_20260623_163953_final,649,65121,2026-06-23T16:40:58.599981,Pas tensometryczny,-5206846,-5206846,true
session_20260623_163953_final,650,65214,2026-06-23T16:40:58.693804,Pas tensometryczny,-5207745,-5207745,true
session_20260623_163953_final,651,65347,2026-06-23T16:40:58.826007,Pas tensometryczny,-5209626,-5209626,true
session_20260623_163953_final,652,65400,2026-06-23T16:40:58.878887,Pas tensometryczny,-5211627,-5211627,true
session_20260623_163953_final,653,65529,2026-06-23T16:40:59.008352,Pas tensometryczny,-5213046,-5213046,true
session_20260623_163953_final,654,65617,2026-06-23T16:40:59.096250,Pas tensometryczny,-5213893,-5213893,true
session_20260623_163953_final,655,65706,2026-06-23T16:40:59.185240,Pas tensometryczny,-5213989,-5213989,true
session_20260623_163953_final,656,65798,2026-06-23T16:40:59.277563,Pas tensometryczny,-5213781,-5213781,true
session_20260623_163953_final,657,65931,2026-06-23T16:40:59.410418,Pas tensometryczny,-5213748,-5213748,true
session_20260623_163953_final,658,66020,2026-06-23T16:40:59.499381,Pas tensometryczny,-5213663,-5213663,true
session_20260623_163953_final,659,66119,2026-06-23T16:40:59.597834,Pas tensometryczny,-5213798,-5213798,true
session_20260623_163953_final,660,66207,2026-06-23T16:40:59.686080,Pas tensometryczny,-5214187,-5214187,true
session_20260623_163953_final,661,66291,2026-06-23T16:40:59.769920,Pas tensometryczny,-5213874,-5213874,true
session_20260623_163953_final,662,66426,2026-06-23T16:40:59.905452,Pas tensometryczny,-5212551,-5212551,true
session_20260623_163953_final,663,66522,2026-06-23T16:41:00.001291,Pas tensometryczny,-5212137,-5212137,true
session_20260623_163953_final,664,66608,2026-06-23T16:41:00.087406,Pas tensometryczny,-5212666,-5212666,true
session_20260623_163953_final,665,66704,2026-06-23T16:41:00.183552,Pas tensometryczny,-5213223,-5213223,true
session_20260623_163953_final,666,66832,2026-06-23T16:41:00.310906,Pas tensometryczny,-5213647,-5213647,true
session_20260623_163953_final,667,66923,2026-06-23T16:41:00.402125,Pas tensometryczny,-5213967,-5213967,true
session_20260623_163953_final,668,67012,2026-06-23T16:41:00.491129,Pas tensometryczny,-5214484,-5214484,true
session_20260623_163953_final,669,67101,2026-06-23T16:41:00.579832,Pas tensometryczny,-5214273,-5214273,true
session_20260623_163953_final,670,67234,2026-06-23T16:41:00.713317,Pas tensometryczny,-5213495,-5213495,true
session_20260623_163953_final,671,67372,2026-06-23T16:41:00.850853,Pas tensometryczny,-5212891,-5212891,true
session_20260623_163953_final,672,67415,2026-06-23T16:41:00.894074,Pas tensometryczny,-5212504,-5212504,true
session_20260623_163953_final,673,67508,2026-06-23T16:41:00.987815,Pas tensometryczny,-5212056,-5212056,true
session_20260623_163953_final,674,67596,2026-06-23T16:41:01.075315,Pas tensometryczny,-5211441,-5211441,true
session_20260623_163953_final,675,67775,2026-06-23T16:41:01.254202,Pas tensometryczny,-5211164,-5211164,true
session_20260623_163953_final,676,67824,2026-06-23T16:41:01.303155,Pas tensometryczny,-5210574,-5210574,true
session_20260623_163953_final,677,68000,2026-06-23T16:41:01.478994,Pas tensometryczny,-5209478,-5209478,true
session_20260623_163953_final,678,68000,2026-06-23T16:41:01.479799,Pas tensometryczny,-5208454,-5208454,true
session_20260623_163953_final,679,68135,2026-06-23T16:41:01.614359,Pas tensometryczny,-5207702,-5207702,true
session_20260623_163953_final,680,68270,2026-06-23T16:41:01.749109,Pas tensometryczny,-5206902,-5206902,true
session_20260623_163953_final,681,68316,2026-06-23T16:41:01.795404,Pas tensometryczny,-5206149,-5206149,true
session_20260623_163953_final,682,68405,2026-06-23T16:41:01.884531,Pas tensometryczny,-5205269,-5205269,true
session_20260623_163953_final,683,68553,2026-06-23T16:41:02.032234,Pas tensometryczny,-5205136,-5205136,true
session_20260623_163953_final,684,68632,2026-06-23T16:41:02.110842,Pas tensometryczny,-5205751,-5205751,true
session_20260623_163953_final,685,68720,2026-06-23T16:41:02.199354,Pas tensometryczny,-5206844,-5206844,true
session_20260623_163953_final,686,68818,2026-06-23T16:41:02.297091,Pas tensometryczny,-5208014,-5208014,true
session_20260623_163953_final,687,68900,2026-06-23T16:41:02.378816,Pas tensometryczny,-5209319,-5209319,true
session_20260623_163953_final,688,69035,2026-06-23T16:41:02.514440,Pas tensometryczny,-5210693,-5210693,true
session_20260623_163953_final,689,69129,2026-06-23T16:41:02.608318,Pas tensometryczny,-5211811,-5211811,true
session_20260623_163953_final,690,69228,2026-06-23T16:41:02.707640,Pas tensometryczny,-5212360,-5212360,true
session_20260623_163953_final,691,69304,2026-06-23T16:41:02.783551,Pas tensometryczny,-5212837,-5212837,true
session_20260623_163953_final,692,69441,2026-06-23T16:41:02.920036,Pas tensometryczny,-5213322,-5213322,true
session_20260623_163953_final,693,69531,2026-06-23T16:41:03.010567,Pas tensometryczny,-5213620,-5213620,true
session_20260623_163953_final,694,69630,2026-06-23T16:41:03.109404,Pas tensometryczny,-5213789,-5213789,true
session_20260623_163953_final,695,69710,2026-06-23T16:41:03.189573,Pas tensometryczny,-5213944,-5213944,true
session_20260623_163953_final,696,69800,2026-06-23T16:41:03.279272,Pas tensometryczny,-5214203,-5214203,true
session_20260623_163953_final,697,69935,2026-06-23T16:41:03.414541,Pas tensometryczny,-5213989,-5213989,true
session_20260623_163953_final,698,70031,2026-06-23T16:41:03.510078,Pas tensometryczny,-5213639,-5213639,true
session_20260623_163953_final,699,70116,2026-06-23T16:41:03.595734,Pas tensometryczny,-5213518,-5213518,true
session_20260623_163953_final,700,70251,2026-06-23T16:41:03.730369,Pas tensometryczny,-5213322,-5213322,true
session_20260623_163953_final,701,70342,2026-06-23T16:41:03.821498,Pas tensometryczny,-5212735,-5212735,true
session_20260623_163953_final,702,70431,2026-06-23T16:41:03.909940,Pas tensometryczny,-5211653,-5211653,true
session_20260623_163953_final,703,70521,2026-06-23T16:41:04.000588,Pas tensometryczny,-5210747,-5210747,true
session_20260623_163953_final,704,70610,2026-06-23T16:41:04.089285,Pas tensometryczny,-5209664,-5209664,true
session_20260623_163953_final,705,70745,2026-06-23T16:41:04.224005,Pas tensometryczny,-5208419,-5208419,true
session_20260623_163953_final,706,70834,2026-06-23T16:41:04.313712,Pas tensometryczny,-5207447,-5207447,true
session_20260623_163953_final,707,70929,2026-06-23T16:41:04.408212,Pas tensometryczny,-5206733,-5206733,true
session_20260623_163953_final,708,71017,2026-06-23T16:41:04.496679,Pas tensometryczny,-5206118,-5206118,true
session_20260623_163953_final,709,71106,2026-06-23T16:41:04.585583,Pas tensometryczny,-5206676,-5206676,true
session_20260623_163953_final,710,71239,2026-06-23T16:41:04.718810,Pas tensometryczny,-5207934,-5207934,true
session_20260623_163953_final,711,71332,2026-06-23T16:41:04.811299,Pas tensometryczny,-5209066,-5209066,true
session_20260623_163953_final,712,71465,2026-06-23T16:41:04.944638,Pas tensometryczny,-5209982,-5209982,true
session_20260623_163953_final,713,71513,2026-06-23T16:41:04.992749,Pas tensometryczny,-5210919,-5210919,true
session_20260623_163953_final,714,71650,2026-06-23T16:41:05.128916,Pas tensometryczny,-5211777,-5211777,true
session_20260623_163953_final,715,71747,2026-06-23T16:41:05.226655,Pas tensometryczny,-5212555,-5212555,true
session_20260623_163953_final,716,71827,2026-06-23T16:41:05.306215,Pas tensometryczny,-5213119,-5213119,true
session_20260623_163953_final,717,71915,2026-06-23T16:41:05.394789,Pas tensometryczny,-5213732,-5213732,true
session_20260623_163953_final,718,72006,2026-06-23T16:41:05.485194,Pas tensometryczny,-5214075,-5214075,true
session_20260623_163953_final,719,72188,2026-06-23T16:41:05.667340,Pas tensometryczny,-5213979,-5213979,true
session_20260623_163953_final,720,72229,2026-06-23T16:41:05.708718,Pas tensometryczny,-5213781,-5213781,true
session_20260623_163953_final,721,72323,2026-06-23T16:41:05.801955,Pas tensometryczny,-5213666,-5213666,true
session_20260623_163953_final,722,72417,2026-06-23T16:41:05.896724,Pas tensometryczny,-5213597,-5213597,true
session_20260623_163953_final,723,72546,2026-06-23T16:41:06.025650,Pas tensometryczny,-5213618,-5213618,true
session_20260623_163953_final,724,72642,2026-06-23T16:41:06.121414,Pas tensometryczny,-5213741,-5213741,true
session_20260623_163953_final,725,72728,2026-06-23T16:41:06.207550,Pas tensometryczny,-5214112,-5214112,true
session_20260623_163953_final,726,72817,2026-06-23T16:41:06.296161,Pas tensometryczny,-5214354,-5214354,true
session_20260623_163953_final,727,72952,2026-06-23T16:41:06.430844,Pas tensometryczny,-5213919,-5213919,true
session_20260623_163953_final,728,73048,2026-06-23T16:41:06.527554,Pas tensometryczny,-5213406,-5213406,true
session_20260623_163953_final,729,73131,2026-06-23T16:41:06.610338,Pas tensometryczny,-5213014,-5213014,true
session_20260623_163953_final,730,73226,2026-06-23T16:41:06.705483,Pas tensometryczny,-5212421,-5212421,true
session_20260623_163953_final,731,73312,2026-06-23T16:41:06.791209,Pas tensometryczny,-5211107,-5211107,true
session_20260623_163953_final,732,73449,2026-06-23T16:41:06.927849,Pas tensometryczny,-5209896,-5209896,true
session_20260623_163953_final,733,73539,2026-06-23T16:41:07.017816,Pas tensometryczny,-5209115,-5209115,true
session_20260623_163953_final,734,73626,2026-06-23T16:41:07.105656,Pas tensometryczny,-5208299,-5208299,true
session_20260623_163953_final,735,73718,2026-06-23T16:41:07.196832,Pas tensometryczny,-5206599,-5206599,true
session_20260623_163953_final,736,73853,2026-06-23T16:41:07.332126,Pas tensometryczny,-5206087,-5206087,true
session_20260623_163953_final,737,73945,2026-06-23T16:41:07.424405,Pas tensometryczny,-5205948,-5205948,true
session_20260623_163953_final,738,74039,2026-06-23T16:41:07.518481,Pas tensometryczny,-5206745,-5206745,true
session_20260623_163953_final,739,74121,2026-06-23T16:41:07.600777,Pas tensometryczny,-5208121,-5208121,true
session_20260623_163953_final,740,74226,2026-06-23T16:41:07.705140,Pas tensometryczny,-5209552,-5209552,true
session_20260623_163953_final,741,74345,2026-06-23T16:41:07.824452,Pas tensometryczny,-5210631,-5210631,true
session_20260623_163953_final,742,74435,2026-06-23T16:41:07.914624,Pas tensometryczny,-5211456,-5211456,true
session_20260623_163953_final,743,74530,2026-06-23T16:41:08.009404,Pas tensometryczny,-5212154,-5212154,true
session_20260623_163953_final,744,74616,2026-06-23T16:41:08.095416,Pas tensometryczny,-5212726,-5212726,true
session_20260623_163953_final,745,74751,2026-06-23T16:41:08.230598,Pas tensometryczny,-5213230,-5213230,true
session_20260623_163953_final,746,74841,2026-06-23T16:41:08.320738,Pas tensometryczny,-5213590,-5213590,true
session_20260623_163953_final,747,74936,2026-06-23T16:41:08.415550,Pas tensometryczny,-5213855,-5213855,true
session_20260623_163953_final,748,75032,2026-06-23T16:41:08.511337,Pas tensometryczny,-5214093,-5214093,true
session_20260623_163953_final,749,75157,2026-06-23T16:41:08.635986,Pas tensometryczny,-5213945,-5213945,true
session_20260623_163953_final,750,75249,2026-06-23T16:41:08.728138,Pas tensometryczny,-5213728,-5213728,true
session_20260623_163953_final,751,75383,2026-06-23T16:41:08.862519,Pas tensometryczny,-5213608,-5213608,true
session_20260623_163953_final,752,75426,2026-06-23T16:41:08.904952,Pas tensometryczny,-5213725,-5213725,true
session_20260623_163953_final,753,75515,2026-06-23T16:41:08.994713,Pas tensometryczny,-5213785,-5213785,true
session_20260623_163953_final,754,75652,2026-06-23T16:41:09.131718,Pas tensometryczny,-5213920,-5213920,true
session_20260623_163953_final,755,75741,2026-06-23T16:41:09.220552,Pas tensometryczny,-5214250,-5214250,true
session_20260623_163953_final,756,75830,2026-06-23T16:41:09.309756,Pas tensometryczny,-5214318,-5214318,true
session_20260623_163953_final,757,75921,2026-06-23T16:41:09.400052,Pas tensometryczny,-5213886,-5213886,true
session_20260623_163953_final,758,76056,2026-06-23T16:41:09.535757,Pas tensometryczny,-5213523,-5213523,true
session_20260623_163953_final,759,76145,2026-06-23T16:41:09.624398,Pas tensometryczny,-5213438,-5213438,true
session_20260623_163953_final,760,76236,2026-06-23T16:41:09.715269,Pas tensometryczny,-5213495,-5213495,true
session_20260623_163953_final,761,76332,2026-06-23T16:41:09.811103,Pas tensometryczny,-5213665,-5213665,true
session_20260623_163953_final,762,76461,2026-06-23T16:41:09.940017,Pas tensometryczny,-5214048,-5214048,true
session_20260623_163953_final,763,76552,2026-06-23T16:41:10.031804,Pas tensometryczny,-5214131,-5214131,true
session_20260623_163953_final,764,76653,2026-06-23T16:41:10.132010,Pas tensometryczny,-5213635,-5213635,true
session_20260623_163953_final,765,76730,2026-06-23T16:41:10.208827,Pas tensometryczny,-5213306,-5213306,true
session_20260623_163953_final,766,76820,2026-06-23T16:41:10.299087,Pas tensometryczny,-5213147,-5213147,true
session_20260623_163953_final,767,76956,2026-06-23T16:41:10.435460,Pas tensometryczny,-5212785,-5212785,true
session_20260623_163953_final,768,77045,2026-06-23T16:41:10.524739,Pas tensometryczny,-5211915,-5211915,true
session_20260623_163953_final,769,77135,2026-06-23T16:41:10.613916,Pas tensometryczny,-5210867,-5210867,true
session_20260623_163953_final,770,77228,2026-06-23T16:41:10.707691,Pas tensometryczny,-5210044,-5210044,true
session_20260623_163953_final,771,77365,2026-06-23T16:41:10.844815,Pas tensometryczny,-5209259,-5209259,true
session_20260623_163953_final,772,77456,2026-06-23T16:41:10.935732,Pas tensometryczny,-5208596,-5208596,true
session_20260623_163953_final,773,77588,2026-06-23T16:41:11.066818,Pas tensometryczny,-5208653,-5208653,true
session_20260623_163953_final,774,77633,2026-06-23T16:41:11.111844,Pas tensometryczny,-5209687,-5209687,true
session_20260623_163953_final,775,77722,2026-06-23T16:41:11.201254,Pas tensometryczny,-5210902,-5210902,true
session_20260623_163953_final,776,77855,2026-06-23T16:41:11.334498,Pas tensometryczny,-5211814,-5211814,true
session_20260623_163953_final,777,77946,2026-06-23T16:41:11.424916,Pas tensometryczny,-5212629,-5212629,true
session_20260623_163953_final,778,78053,2026-06-23T16:41:11.532731,Pas tensometryczny,-5213323,-5213323,true
session_20260623_163953_final,779,78126,2026-06-23T16:41:11.605122,Pas tensometryczny,-5213615,-5213615,true
session_20260623_163953_final,780,78261,2026-06-23T16:41:11.739948,Pas tensometryczny,-5213593,-5213593,true
session_20260623_163953_final,781,78352,2026-06-23T16:41:11.831150,Pas tensometryczny,-5213617,-5213617,true
session_20260623_163953_final,782,78442,2026-06-23T16:41:11.921021,Pas tensometryczny,-5213546,-5213546,true
session_20260623_163953_final,783,78531,2026-06-23T16:41:12.010712,Pas tensometryczny,-5213488,-5213488,true
session_20260623_163953_final,784,78671,2026-06-23T16:41:12.150275,Pas tensometryczny,-5213559,-5213559,true
session_20260623_163953_final,785,78760,2026-06-23T16:41:12.239091,Pas tensometryczny,-5213923,-5213923,true
session_20260623_163953_final,786,78853,2026-06-23T16:41:12.332623,Pas tensometryczny,-5214118,-5214118,true
session_20260623_163953_final,787,78936,2026-06-23T16:41:12.415378,Pas tensometryczny,-5213206,-5213206,true
session_20260623_163953_final,788,79029,2026-06-23T16:41:12.508506,Pas tensometryczny,-5212771,-5212771,true
session_20260623_163953_final,789,79161,2026-06-23T16:41:12.640344,Pas tensometryczny,-5212657,-5212657,true
session_20260623_163953_final,790,79250,2026-06-23T16:41:12.729687,Pas tensometryczny,-5212777,-5212777,true
session_20260623_163953_final,791,79344,2026-06-23T16:41:12.823069,Pas tensometryczny,-5213034,-5213034,true
session_20260623_163953_final,792,79431,2026-06-23T16:41:12.910002,Pas tensometryczny,-5213519,-5213519,true
session_20260623_163953_final,793,79566,2026-06-23T16:41:13.045392,Pas tensometryczny,-5213800,-5213800,true
session_20260623_163953_final,794,79656,2026-06-23T16:41:13.134889,Pas tensometryczny,-5213502,-5213502,true
session_20260623_163953_final,795,79749,2026-06-23T16:41:13.228205,Pas tensometryczny,-5213267,-5213267,true
session_20260623_163953_final,796,79838,2026-06-23T16:41:13.317404,Pas tensometryczny,-5213214,-5213214,true
session_20260623_163953_final,797,79929,2026-06-23T16:41:13.407977,Pas tensometryczny,-5213230,-5213230,true
session_20260623_163953_final,798,80063,2026-06-23T16:41:13.542746,Pas tensometryczny,-5213288,-5213288,true
session_20260623_163953_final,799,80195,2026-06-23T16:41:13.674743,Pas tensometryczny,-5213335,-5213335,true
session_20260623_163953_final,800,80248,2026-06-23T16:41:13.727321,Pas tensometryczny,-5213746,-5213746,true
session_20260623_163953_final,801,80380,2026-06-23T16:41:13.859412,Pas tensometryczny,-5214032,-5214032,true
session_20260623_163953_final,802,80468,2026-06-23T16:41:13.947472,Pas tensometryczny,-5213656,-5213656,true
session_20260623_163953_final,803,80556,2026-06-23T16:41:14.035457,Pas tensometryczny,-5213338,-5213338,true
session_20260623_163953_final,804,80649,2026-06-23T16:41:14.128291,Pas tensometryczny,-5213246,-5213246,true
session_20260623_163953_final,805,80781,2026-06-23T16:41:14.260566,Pas tensometryczny,-5213340,-5213340,true
session_20260623_163953_final,806,80871,2026-06-23T16:41:14.350365,Pas tensometryczny,-5213325,-5213325,true
session_20260623_163953_final,807,80963,2026-06-23T16:41:14.442179,Pas tensometryczny,-5213476,-5213476,true
session_20260623_163953_final,808,81051,2026-06-23T16:41:14.529845,Pas tensometryczny,-5213888,-5213888,true
session_20260623_163953_final,809,81142,2026-06-23T16:41:14.621642,Pas tensometryczny,-5214151,-5214151,true
session_20260623_163953_final,810,81230,2026-06-23T16:41:14.709057,Pas tensometryczny,-5213853,-5213853,true
session_20260623_163953_final,811,81367,2026-06-23T16:41:14.846682,Pas tensometryczny,-5213548,-5213548,true
session_20260623_163953_final,812,81457,2026-06-23T16:41:14.936418,Pas tensometryczny,-5213269,-5213269,true
session_20260623_163953_final,813,81561,2026-06-23T16:41:15.040314,Pas tensometryczny,-5212084,-5212084,true
session_20260623_163953_final,814,81635,2026-06-23T16:41:15.114098,Pas tensometryczny,-5210954,-5210954,true
session_20260623_163953_final,815,81770,2026-06-23T16:41:15.249737,Pas tensometryczny,-5209992,-5209992,true
session_20260623_163953_final,816,81861,2026-06-23T16:41:15.340084,Pas tensometryczny,-5209104,-5209104,true
session_20260623_163953_final,817,81965,2026-06-23T16:41:15.443936,Pas tensometryczny,-5208063,-5208063,true
session_20260623_163953_final,818,82086,2026-06-23T16:41:15.565431,Pas tensometryczny,-5207079,-5207079,true
session_20260623_163953_final,819,82149,2026-06-23T16:41:15.628465,Pas tensometryczny,-5206293,-5206293,true
session_20260623_163953_final,820,82267,2026-06-23T16:41:15.746713,Pas tensometryczny,-5205837,-5205837,true
session_20260623_163953_final,821,82357,2026-06-23T16:41:15.836424,Pas tensometryczny,-5206068,-5206068,true
session_20260623_163953_final,822,82450,2026-06-23T16:41:15.928927,Pas tensometryczny,-5207153,-5207153,true
session_20260623_163953_final,823,82535,2026-06-23T16:41:16.014146,Pas tensometryczny,-5208604,-5208604,true
session_20260623_163953_final,824,82670,2026-06-23T16:41:16.149268,Pas tensometryczny,-5209885,-5209885,true
session_20260623_163953_final,825,82766,2026-06-23T16:41:16.245181,Pas tensometryczny,-5210723,-5210723,true
session_20260623_163953_final,826,82855,2026-06-23T16:41:16.334334,Pas tensometryczny,-5211298,-5211298,true
session_20260623_163953_final,827,82944,2026-06-23T16:41:16.423680,Pas tensometryczny,-5211883,-5211883,true
session_20260623_163953_final,828,83083,2026-06-23T16:41:16.562252,Pas tensometryczny,-5212500,-5212500,true
session_20260623_163953_final,829,83167,2026-06-23T16:41:16.646606,Pas tensometryczny,-5212986,-5212986,true
session_20260623_163953_final,830,83269,2026-06-23T16:41:16.748236,Pas tensometryczny,-5213341,-5213341,true
session_20260623_163953_final,831,83347,2026-06-23T16:41:16.825845,Pas tensometryczny,-5213705,-5213705,true
session_20260623_163953_final,832,83439,2026-06-23T16:41:16.918023,Pas tensometryczny,-5213843,-5213843,true
session_20260623_163953_final,833,83570,2026-06-23T16:41:17.048963,Pas tensometryczny,-5213680,-5213680,true
session_20260623_163953_final,834,83661,2026-06-23T16:41:17.140405,Pas tensometryczny,-5213431,-5213431,true
session_20260623_163953_final,835,83757,2026-06-23T16:41:17.236722,Pas tensometryczny,-5213147,-5213147,true
session_20260623_163953_final,836,83841,2026-06-23T16:41:17.320259,Pas tensometryczny,-5212583,-5212583,true
session_20260623_163953_final,837,84034,2026-06-23T16:41:17.513533,Pas tensometryczny,-5211861,-5211861,true
session_20260623_163953_final,838,84065,2026-06-23T16:41:17.544811,Pas tensometryczny,-5211573,-5211573,true
session_20260623_163953_final,839,84158,2026-06-23T16:41:17.637780,Pas tensometryczny,-5211727,-5211727,true
session_20260623_163953_final,840,84249,2026-06-23T16:41:17.728565,Pas tensometryczny,-5211751,-5211751,true
session_20260623_163953_final,841,84336,2026-06-23T16:41:17.815676,Pas tensometryczny,-5211630,-5211630,true
session_20260623_163953_final,842,84472,2026-06-23T16:41:17.951758,Pas tensometryczny,-5211752,-5211752,true
session_20260623_163953_final,843,84560,2026-06-23T16:41:18.039089,Pas tensometryczny,-5211915,-5211915,true
session_20260623_163953_final,844,84652,2026-06-23T16:41:18.130858,Pas tensometryczny,-5211981,-5211981,true
session_20260623_163953_final,845,84744,2026-06-23T16:41:18.223484,Pas tensometryczny,-5212103,-5212103,true
session_20260623_163953_final,846,84878,2026-06-23T16:41:18.357740,Pas tensometryczny,-5212356,-5212356,true
session_20260623_163953_final,847,84965,2026-06-23T16:41:18.444543,Pas tensometryczny,-5212759,-5212759,true
session_20260623_163953_final,848,85100,2026-06-23T16:41:18.579129,Pas tensometryczny,-5212746,-5212746,true
session_20260623_163953_final,849,85146,2026-06-23T16:41:18.625146,Pas tensometryczny,-5212471,-5212471,true
session_20260623_163953_final,850,85281,2026-06-23T16:41:18.760650,Pas tensometryczny,-5212174,-5212174,true
session_20260623_163953_final,851,85371,2026-06-23T16:41:18.850394,Pas tensometryczny,-5212187,-5212187,true
session_20260623_163953_final,852,85463,2026-06-23T16:41:18.942204,Pas tensometryczny,-5212267,-5212267,true
session_20260623_163953_final,853,85561,2026-06-23T16:41:19.039972,Pas tensometryczny,-5212159,-5212159,true
session_20260623_163953_final,854,85646,2026-06-23T16:41:19.125152,Pas tensometryczny,-5212260,-5212260,true
session_20260623_163953_final,855,85781,2026-06-23T16:41:19.260285,Pas tensometryczny,-5212690,-5212690,true
session_20260623_163953_final,856,85880,2026-06-23T16:41:19.359494,Pas tensometryczny,-5212758,-5212758,true
session_20260623_163953_final,857,85956,2026-06-23T16:41:19.435614,Pas tensometryczny,-5212431,-5212431,true
session_20260623_163953_final,858,86046,2026-06-23T16:41:19.525224,Pas tensometryczny,-5212317,-5212317,true
session_20260623_163953_final,859,86181,2026-06-23T16:41:19.660688,Pas tensometryczny,-5212203,-5212203,true
session_20260623_163953_final,860,86315,2026-06-23T16:41:19.794267,Pas tensometryczny,-5212077,-5212077,true
session_20260623_163953_final,861,86363,2026-06-23T16:41:19.841995,Pas tensometryczny,-5212054,-5212054,true
session_20260623_163953_final,862,86451,2026-06-23T16:41:19.930057,Pas tensometryczny,-5212301,-5212301,true
session_20260623_163953_final,863,86587,2026-06-23T16:41:20.066376,Pas tensometryczny,-5212452,-5212452,true
session_20260623_163953_final,864,86675,2026-06-23T16:41:20.154797,Pas tensometryczny,-5212658,-5212658,true
session_20260623_163953_final,865,86766,2026-06-23T16:41:20.245394,Pas tensometryczny,-5212113,-5212113,true
session_20260623_163953_final,866,86856,2026-06-23T16:41:20.335446,Pas tensometryczny,-5211808,-5211808,true
session_20260623_163953_final,867,86947,2026-06-23T16:41:20.426440,Pas tensometryczny,-5211730,-5211730,true
session_20260623_163953_final,868,87087,2026-06-23T16:41:20.566416,Pas tensometryczny,-5211306,-5211306,true
session_20260623_163953_final,869,87171,2026-06-23T16:41:20.650404,Pas tensometryczny,-5210416,-5210416,true
session_20260623_163953_final,870,87263,2026-06-23T16:41:20.742348,Pas tensometryczny,-5209914,-5209914,true
session_20260623_163953_final,871,87350,2026-06-23T16:41:20.829095,Pas tensometryczny,-5209532,-5209532,true
session_20260623_163953_final,872,87492,2026-06-23T16:41:20.971077,Pas tensometryczny,-5208568,-5208568,true
session_20260623_163953_final,873,87578,2026-06-23T16:41:21.057451,Pas tensometryczny,-5207664,-5207664,true
session_20260623_163953_final,874,87665,2026-06-23T16:41:21.144721,Pas tensometryczny,-5206956,-5206956,true
session_20260623_163953_final,875,87758,2026-06-23T16:41:21.236970,Pas tensometryczny,-5206861,-5206861,true
session_20260623_163953_final,876,87846,2026-06-23T16:41:21.325385,Pas tensometryczny,-5208012,-5208012,true
session_20260623_163953_final,877,87983,2026-06-23T16:41:21.462582,Pas tensometryczny,-5209496,-5209496,true
session_20260623_163953_final,878,88080,2026-06-23T16:41:21.559197,Pas tensometryczny,-5210892,-5210892,true
session_20260623_163953_final,879,88161,2026-06-23T16:41:21.640238,Pas tensometryczny,-5211968,-5211968,true
session_20260623_163953_final,880,88252,2026-06-23T16:41:21.731798,Pas tensometryczny,-5212394,-5212394,true
session_20260623_163953_final,881,88387,2026-06-23T16:41:21.865954,Pas tensometryczny,-5212649,-5212649,true
session_20260623_163953_final,882,88477,2026-06-23T16:41:21.956122,Pas tensometryczny,-5212933,-5212933,true
session_20260623_163953_final,883,88568,2026-06-23T16:41:22.047590,Pas tensometryczny,-5213145,-5213145,true
session_20260623_163953_final,884,88655,2026-06-23T16:41:22.134575,Pas tensometryczny,-5213319,-5213319,true
session_20260623_163953_final,885,88839,2026-06-23T16:41:22.318471,Pas tensometryczny,-5213396,-5213396,true
session_20260623_163953_final,886,88882,2026-06-23T16:41:22.360985,Pas tensometryczny,-5212612,-5212612,true
session_20260623_163953_final,887,88973,2026-06-23T16:41:22.451889,Pas tensometryczny,-5210451,-5210451,true
session_20260623_163953_final,888,89061,2026-06-23T16:41:22.540409,Pas tensometryczny,-5208369,-5208369,true
session_20260623_163953_final,889,89152,2026-06-23T16:41:22.631043,Pas tensometryczny,-5206861,-5206861,true
session_20260623_163953_final,890,89304,2026-06-23T16:41:22.782963,Pas tensometryczny,-5206408,-5206408,true
session_20260623_163953_final,891,89377,2026-06-23T16:41:22.855865,Pas tensometryczny,-5207241,-5207241,true
session_20260623_163953_final,892,89466,2026-06-23T16:41:22.945403,Pas tensometryczny,-5210146,-5210146,true
session_20260623_163953_final,893,89558,2026-06-23T16:41:23.037318,Pas tensometryczny,-5211400,-5211400,true
session_20260623_163953_final,894,89708,2026-06-23T16:41:23.186853,Pas tensometryczny,-5212112,-5212112,true
session_20260623_163953_final,895,89789,2026-06-23T16:41:23.267856,Pas tensometryczny,-5212584,-5212584,true
session_20260623_163953_final,896,89874,2026-06-23T16:41:23.353293,Pas tensometryczny,-5212938,-5212938,true
session_20260623_163953_final,897,89960,2026-06-23T16:41:23.439365,Pas tensometryczny,-5213171,-5213171,true
session_20260623_163953_final,898,90052,2026-06-23T16:41:23.531442,Pas tensometryczny,-5213228,-5213228,true
session_20260623_163953_final,899,90187,2026-06-23T16:41:23.666567,Pas tensometryczny,-5213371,-5213371,true
session_20260623_163953_final,900,90277,2026-06-23T16:41:23.756756,Pas tensometryczny,-5213233,-5213233,true
session_20260623_163953_final,901,90374,2026-06-23T16:41:23.853786,Pas tensometryczny,-5211879,-5211879,true
session_20260623_163953_final,902,90467,2026-06-23T16:41:23.946510,Pas tensometryczny,-5210169,-5210169,true
session_20260623_163953_final,903,90592,2026-06-23T16:41:24.071691,Pas tensometryczny,-5208844,-5208844,true
session_20260623_163953_final,904,90680,2026-06-23T16:41:24.159671,Pas tensometryczny,-5207702,-5207702,true
session_20260623_163953_final,905,90770,2026-06-23T16:41:24.249580,Pas tensometryczny,-5206668,-5206668,true
session_20260623_163953_final,906,90862,2026-06-23T16:41:24.341122,Pas tensometryczny,-5205901,-5205901,true
session_20260623_163953_final,907,90995,2026-06-23T16:41:24.474188,Pas tensometryczny,-5206155,-5206155,true
session_20260623_163953_final,908,91087,2026-06-23T16:41:24.565944,Pas tensometryczny,-5207528,-5207528,true
session_20260623_163953_final,909,91185,2026-06-23T16:41:24.664269,Pas tensometryczny,-5208734,-5208734,true
session_20260623_163953_final,910,91268,2026-06-23T16:41:24.746950,Pas tensometryczny,-5209511,-5209511,true
session_20260623_163953_final,911,91361,2026-06-23T16:41:24.839931,Pas tensometryczny,-5210303,-5210303,true
session_20260623_163953_final,912,91497,2026-06-23T16:41:24.976308,Pas tensometryczny,-5211122,-5211122,true
session_20260623_163953_final,913,91581,2026-06-23T16:41:25.060417,Pas tensometryczny,-5211829,-5211829,true
session_20260623_163953_final,914,91678,2026-06-23T16:41:25.157410,Pas tensometryczny,-5212408,-5212408,true
session_20260623_163953_final,915,91764,2026-06-23T16:41:25.243484,Pas tensometryczny,-5212956,-5212956,true
session_20260623_163953_final,916,91898,2026-06-23T16:41:25.377429,Pas tensometryczny,-5213258,-5213258,true
session_20260623_163953_final,917,91990,2026-06-23T16:41:25.469384,Pas tensometryczny,-5213305,-5213305,true
session_20260623_163953_final,918,92075,2026-06-23T16:41:25.554474,Pas tensometryczny,-5213179,-5213179,true
session_20260623_163953_final,919,92166,2026-06-23T16:41:25.645094,Pas tensometryczny,-5213256,-5213256,true
session_20260623_163953_final,920,92260,2026-06-23T16:41:25.739270,Pas tensometryczny,-5213236,-5213236,true
session_20260623_163953_final,921,92392,2026-06-23T16:41:25.870841,Pas tensometryczny,-5213290,-5213290,true
session_20260623_163953_final,922,92483,2026-06-23T16:41:25.962154,Pas tensometryczny,-5213299,-5213299,true
session_20260623_163953_final,923,92571,2026-06-23T16:41:26.049866,Pas tensometryczny,-5212623,-5212623,true
session_20260623_163953_final,924,92685,2026-06-23T16:41:26.163885,Pas tensometryczny,-5211131,-5211131,true
session_20260623_163953_final,925,92801,2026-06-23T16:41:26.279974,Pas tensometryczny,-5209708,-5209708,true
session_20260623_163953_final,926,92888,2026-06-23T16:41:26.366869,Pas tensometryczny,-5208541,-5208541,true
session_20260623_163953_final,927,92976,2026-06-23T16:41:26.455301,Pas tensometryczny,-5207541,-5207541,true
session_20260623_163953_final,928,93065,2026-06-23T16:41:26.544599,Pas tensometryczny,-5206624,-5206624,true
session_20260623_163953_final,929,93205,2026-06-23T16:41:26.683929,Pas tensometryczny,-5206054,-5206054,true
session_20260623_163953_final,930,93290,2026-06-23T16:41:26.769605,Pas tensometryczny,-5206591,-5206591,true
session_20260623_163953_final,931,93381,2026-06-23T16:41:26.859953,Pas tensometryczny,-5207920,-5207920,true
session_20260623_163953_final,932,93470,2026-06-23T16:41:26.949192,Pas tensometryczny,-5208943,-5208943,true
session_20260623_163953_final,933,93564,2026-06-23T16:41:27.043773,Pas tensometryczny,-5209780,-5209780,true
session_20260623_163953_final,934,93696,2026-06-23T16:41:27.175451,Pas tensometryczny,-5210515,-5210515,true
session_20260623_163953_final,935,93786,2026-06-23T16:41:27.265216,Pas tensometryczny,-5211245,-5211245,true
session_20260623_163953_final,936,93877,2026-06-23T16:41:27.356164,Pas tensometryczny,-5212025,-5212025,true
session_20260623_163953_final,937,94010,2026-06-23T16:41:27.489614,Pas tensometryczny,-5212608,-5212608,true
session_20260623_163953_final,938,94107,2026-06-23T16:41:27.586081,Pas tensometryczny,-5213162,-5213162,true
session_20260623_163953_final,939,94191,2026-06-23T16:41:27.670403,Pas tensometryczny,-5213542,-5213542,true
session_20260623_163953_final,940,94281,2026-06-23T16:41:27.760194,Pas tensometryczny,-5213488,-5213488,true
session_20260623_163953_final,941,94385,2026-06-23T16:41:27.864211,Pas tensometryczny,-5213413,-5213413,true
session_20260623_163953_final,942,94524,2026-06-23T16:41:28.002874,Pas tensometryczny,-5213383,-5213383,true
session_20260623_163953_final,943,94689,2026-06-23T16:41:28.168060,Pas tensometryczny,-5213479,-5213479,true
session_20260623_163953_final,944,94824,2026-06-23T16:41:28.302874,Pas tensometryczny,-5213552,-5213552,true
session_20260623_163953_final,945,94866,2026-06-23T16:41:28.345681,Pas tensometryczny,-5213034,-5213034,true
session_20260623_163953_final,946,95003,2026-06-23T16:41:28.482261,Pas tensometryczny,-5211326,-5211326,true
session_20260623_163953_final,947,95142,2026-06-23T16:41:28.620869,Pas tensometryczny,-5209619,-5209619,true
session_20260623_163953_final,948,95181,2026-06-23T16:41:28.660233,Pas tensometryczny,-5208363,-5208363,true
session_20260623_163953_final,949,95280,2026-06-23T16:41:28.759709,Pas tensometryczny,-5207282,-5207282,true
session_20260623_163953_final,950,95406,2026-06-23T16:41:28.885531,Pas tensometryczny,-5206381,-5206381,true
session_20260623_163953_final,951,95494,2026-06-23T16:41:28.973779,Pas tensometryczny,-5206399,-5206399,true
session_20260623_163953_final,952,95586,2026-06-23T16:41:29.065563,Pas tensometryczny,-5207801,-5207801,true
session_20260623_163953_final,953,95675,2026-06-23T16:41:29.154303,Pas tensometryczny,-5209568,-5209568,true
session_20260623_163953_final,954,95768,2026-06-23T16:41:29.247789,Pas tensometryczny,-5210804,-5210804,true
session_20260623_163953_final,955,95901,2026-06-23T16:41:29.380171,Pas tensometryczny,-5211471,-5211471,true
session_20260623_163953_final,956,95994,2026-06-23T16:41:29.473538,Pas tensometryczny,-5211909,-5211909,true
session_20260623_163953_final,957,96084,2026-06-23T16:41:29.562904,Pas tensometryczny,-5212343,-5212343,true
session_20260623_163953_final,958,96172,2026-06-23T16:41:29.650940,Pas tensometryczny,-5212745,-5212745,true
session_20260623_163953_final,959,96307,2026-06-23T16:41:29.786431,Pas tensometryczny,-5213001,-5213001,true
session_20260623_163953_final,960,96397,2026-06-23T16:41:29.876809,Pas tensometryczny,-5213153,-5213153,true
session_20260623_163953_final,961,96487,2026-06-23T16:41:29.965917,Pas tensometryczny,-5213472,-5213472,true
session_20260623_163953_final,962,96575,2026-06-23T16:41:30.054365,Pas tensometryczny,-5213707,-5213707,true
session_20260623_163953_final,963,96711,2026-06-23T16:41:30.190062,Pas tensometryczny,-5213459,-5213459,true
session_20260623_163953_final,964,96802,2026-06-23T16:41:30.280906,Pas tensometryczny,-5213013,-5213013,true
session_20260623_163953_final,965,96891,2026-06-23T16:41:30.370348,Pas tensometryczny,-5212867,-5212867,true
session_20260623_163953_final,966,96981,2026-06-23T16:41:30.460182,Pas tensometryczny,-5212861,-5212861,true
session_20260623_163953_final,967,97073,2026-06-23T16:41:30.552213,Pas tensometryczny,-5212332,-5212332,true
session_20260623_163953_final,968,97206,2026-06-23T16:41:30.685371,Pas tensometryczny,-5211256,-5211256,true
session_20260623_163953_final,969,97305,2026-06-23T16:41:30.784310,Pas tensometryczny,-5209177,-5209177,true
session_20260623_163953_final,970,97386,2026-06-23T16:41:30.865700,Pas tensometryczny,-5208046,-5208046,true
session_20260623_163953_final,971,97477,2026-06-23T16:41:30.955918,Pas tensometryczny,-5206980,-5206980,true
session_20260623_163953_final,972,97621,2026-06-23T16:41:31.100611,Pas tensometryczny,-5206399,-5206399,true
session_20260623_163953_final,973,97700,2026-06-23T16:41:31.179735,Pas tensometryczny,-5206510,-5206510,true
session_20260623_163953_final,974,97791,2026-06-23T16:41:31.270672,Pas tensometryczny,-5207283,-5207283,true
session_20260623_163953_final,975,97880,2026-06-23T16:41:31.359789,Pas tensometryczny,-5208375,-5208375,true
session_20260623_163953_final,976,97971,2026-06-23T16:41:31.450009,Pas tensometryczny,-5209777,-5209777,true
session_20260623_163953_final,977,98108,2026-06-23T16:41:31.586925,Pas tensometryczny,-5210927,-5210927,true
session_20260623_163953_final,978,98196,2026-06-23T16:41:31.675189,Pas tensometryczny,-5211703,-5211703,true
session_20260623_163953_final,979,98289,2026-06-23T16:41:31.768394,Pas tensometryczny,-5212293,-5212293,true
session_20260623_163953_final,980,98380,2026-06-23T16:41:31.859410,Pas tensometryczny,-5212680,-5212680,true
session_20260623_163953_final,981,98511,2026-06-23T16:41:31.990587,Pas tensometryczny,-5212982,-5212982,true
session_20260623_163953_final,982,98602,2026-06-23T16:41:32.081327,Pas tensometryczny,-5213231,-5213231,true
session_20260623_163953_final,983,98702,2026-06-23T16:41:32.181181,Pas tensometryczny,-5213423,-5213423,true
session_20260623_163953_final,984,98828,2026-06-23T16:41:32.307486,Pas tensometryczny,-5213614,-5213614,true
session_20260623_163953_final,985,98919,2026-06-23T16:41:32.398032,Pas tensometryczny,-5213359,-5213359,true
session_20260623_163953_final,986,99009,2026-06-23T16:41:32.488413,Pas tensometryczny,-5213080,-5213080,true
session_20260623_163953_final,987,99096,2026-06-23T16:41:32.575027,Pas tensometryczny,-5212957,-5212957,true
session_20260623_163953_final,988,99186,2026-06-23T16:41:32.665153,Pas tensometryczny,-5212933,-5212933,true
session_20260623_163953_final,989,99276,2026-06-23T16:41:32.755390,Pas tensometryczny,-5212901,-5212901,true
session_20260623_163953_final,990,99411,2026-06-23T16:41:32.890394,Pas tensometryczny,-5213123,-5213123,true
session_20260623_163953_final,991,99509,2026-06-23T16:41:32.988787,Pas tensometryczny,-5213622,-5213622,true
session_20260623_163953_final,992,99590,2026-06-23T16:41:33.069149,Pas tensometryczny,-5213497,-5213497,true
session_20260623_163953_final,993,99684,2026-06-23T16:41:33.163796,Pas tensometryczny,-5213062,-5213062,true
session_20260623_163953_final,994,99828,2026-06-23T16:41:33.307082,Pas tensometryczny,-5212822,-5212822,true
session_20260623_163953_final,995,99957,2026-06-23T16:41:33.436102,Pas tensometryczny,-5212784,-5212784,true
session_20260623_163953_final,996,100057,2026-06-23T16:41:33.536615,Pas tensometryczny,-5213072,-5213072,true
session_20260623_163953_final,997,100087,2026-06-23T16:41:33.566049,Pas tensometryczny,-5213502,-5213502,true
session_20260623_163953_final,998,100176,2026-06-23T16:41:33.655813,Pas tensometryczny,-5213556,-5213556,true
session_20260623_163953_final,999,100311,2026-06-23T16:41:33.790517,Pas tensometryczny,-5213151,-5213151,true
session_20260623_163953_final,1000,100401,2026-06-23T16:41:33.879855,Pas tensometryczny,-5212465,-5212465,true
session_20260623_163953_final,1001,100501,2026-06-23T16:41:33.980627,Pas tensometryczny,-5211101,-5211101,true
session_20260623_163953_final,1002,100581,2026-06-23T16:41:34.060059,Pas tensometryczny,-5209747,-5209747,true
session_20260623_163953_final,1003,100722,2026-06-23T16:41:34.201235,Pas tensometryczny,-5208599,-5208599,true
session_20260623_163953_final,1004,100808,2026-06-23T16:41:34.287358,Pas tensometryczny,-5207626,-5207626,true
session_20260623_163953_final,1005,100909,2026-06-23T16:41:34.387917,Pas tensometryczny,-5206679,-5206679,true
session_20260623_163953_final,1006,100986,2026-06-23T16:41:34.465785,Pas tensometryczny,-5205743,-5205743,true
session_20260623_163953_final,1007,101122,2026-06-23T16:41:34.601547,Pas tensometryczny,-5205267,-5205267,true
session_20260623_163953_final,1008,101211,2026-06-23T16:41:34.690147,Pas tensometryczny,-5205926,-5205926,true
session_20260623_163953_final,1009,101306,2026-06-23T16:41:34.785232,Pas tensometryczny,-5207323,-5207323,true
session_20260623_163953_final,1010,101393,2026-06-23T16:41:34.872612,Pas tensometryczny,-5208802,-5208802,true
session_20260623_163953_final,1011,101490,2026-06-23T16:41:34.969771,Pas tensometryczny,-5210202,-5210202,true
session_20260623_163953_final,1012,101625,2026-06-23T16:41:35.104114,Pas tensometryczny,-5211081,-5211081,true
session_20260623_163953_final,1013,101708,2026-06-23T16:41:35.187278,Pas tensometryczny,-5211681,-5211681,true
session_20260623_163953_final,1014,101804,2026-06-23T16:41:35.283300,Pas tensometryczny,-5212240,-5212240,true
session_20260623_163953_final,1015,101888,2026-06-23T16:41:35.366950,Pas tensometryczny,-5212691,-5212691,true
session_20260623_163953_final,1016,102021,2026-06-23T16:41:35.499940,Pas tensometryczny,-5213061,-5213061,true
session_20260623_163953_final,1017,102111,2026-06-23T16:41:35.590795,Pas tensometryczny,-5213402,-5213402,true
session_20260623_163953_final,1018,102202,2026-06-23T16:41:35.680905,Pas tensometryczny,-5213484,-5213484,true
session_20260623_163953_final,1019,102296,2026-06-23T16:41:35.775200,Pas tensometryczny,-5213139,-5213139,true
session_20260623_163953_final,1020,102382,2026-06-23T16:41:35.861005,Pas tensometryczny,-5212825,-5212825,true
session_20260623_163953_final,1021,102517,2026-06-23T16:41:35.996009,Pas tensometryczny,-5212806,-5212806,true
session_20260623_163953_final,1022,102607,2026-06-23T16:41:36.085950,Pas tensometryczny,-5213025,-5213025,true
session_20260623_163953_final,1023,102697,2026-06-23T16:41:36.176184,Pas tensometryczny,-5213289,-5213289,true
session_20260623_163953_final,1024,102787,2026-06-23T16:41:36.266238,Pas tensometryczny,-5212905,-5212905,true
session_20260623_163953_final,1025,102923,2026-06-23T16:41:36.402406,Pas tensometryczny,-5211543,-5211543,true
session_20260623_163953_final,1026,103012,2026-06-23T16:41:36.491112,Pas tensometryczny,-5210270,-5210270,true
session_20260623_163953_final,1027,103100,2026-06-23T16:41:36.579713,Pas tensometryczny,-5209211,-5209211,true
session_20260623_163953_final,1028,103193,2026-06-23T16:41:36.672162,Pas tensometryczny,-5208093,-5208093,true
session_20260623_163953_final,1029,103327,2026-06-23T16:41:36.806551,Pas tensometryczny,-5207218,-5207218,true
session_20260623_163953_final,1030,103418,2026-06-23T16:41:36.897262,Pas tensometryczny,-5206509,-5206509,true
session_20260623_163953_final,1031,103507,2026-06-23T16:41:36.986017,Pas tensometryczny,-5205795,-5205795,true
session_20260623_163953_final,1032,103600,2026-06-23T16:41:37.079588,Pas tensometryczny,-5205084,-5205084,true
session_20260623_163953_final,1033,103686,2026-06-23T16:41:37.164857,Pas tensometryczny,-5204580,-5204580,true
session_20260623_163953_final,1034,103820,2026-06-23T16:41:37.299761,Pas tensometryczny,-5204817,-5204817,true
session_20260623_163953_final,1035,103910,2026-06-23T16:41:37.389666,Pas tensometryczny,-5206068,-5206068,true
session_20260623_163953_final,1036,104003,2026-06-23T16:41:37.482035,Pas tensometryczny,-5207676,-5207676,true
session_20260623_163953_final,1037,104091,2026-06-23T16:41:37.570309,Pas tensometryczny,-5209145,-5209145,true
session_20260623_163953_final,1038,104229,2026-06-23T16:41:37.707922,Pas tensometryczny,-5210242,-5210242,true
session_20260623_163953_final,1039,104317,2026-06-23T16:41:37.796572,Pas tensometryczny,-5210924,-5210924,true
session_20260623_163953_final,1040,104410,2026-06-23T16:41:37.889060,Pas tensometryczny,-5211438,-5211438,true
session_20260623_163953_final,1041,104498,2026-06-23T16:41:37.977608,Pas tensometryczny,-5211907,-5211907,true
session_20260623_163953_final,1042,104631,2026-06-23T16:41:38.110302,Pas tensometryczny,-5212204,-5212204,true
session_20260623_163953_final,1043,104721,2026-06-23T16:41:38.200077,Pas tensometryczny,-5212490,-5212490,true
session_20260623_163953_final,1044,104815,2026-06-23T16:41:38.294538,Pas tensometryczny,-5212929,-5212929,true
session_20260623_163953_final,1045,104902,2026-06-23T16:41:38.380868,Pas tensometryczny,-5213186,-5213186,true
session_20260623_163953_final,1046,104990,2026-06-23T16:41:38.469712,Pas tensometryczny,-5213124,-5213124,true
session_20260623_163953_final,1047,105127,2026-06-23T16:41:38.606615,Pas tensometryczny,-5213004,-5213004,true
session_20260623_163953_final,1048,105215,2026-06-23T16:41:38.694692,Pas tensometryczny,-5212832,-5212832,true
session_20260623_163953_final,1049,105305,2026-06-23T16:41:38.784228,Pas tensometryczny,-5212366,-5212366,true
session_20260623_163953_final,1050,105396,2026-06-23T16:41:38.875719,Pas tensometryczny,-5211319,-5211319,true
session_20260623_163953_final,1051,105531,2026-06-23T16:41:39.010300,Pas tensometryczny,-5209875,-5209875,true
session_20260623_163953_final,1052,105667,2026-06-23T16:41:39.145863,Pas tensometryczny,-5208478,-5208478,true
session_20260623_163953_final,1053,105710,2026-06-23T16:41:39.189326,Pas tensometryczny,-5207438,-5207438,true
session_20260623_163953_final,1054,105805,2026-06-23T16:41:39.284126,Pas tensometryczny,-5206570,-5206570,true
session_20260623_163953_final,1055,105890,2026-06-23T16:41:39.369463,Pas tensometryczny,-5205858,-5205858,true
session_20260623_163953_final,1056,106026,2026-06-23T16:41:39.505097,Pas tensometryczny,-5205358,-5205358,true
session_20260623_163953_final,1057,106121,2026-06-23T16:41:39.600602,Pas tensometryczny,-5205321,-5205321,true
session_20260623_163953_final,1058,106205,2026-06-23T16:41:39.684210,Pas tensometryczny,-5206126,-5206126,true
session_20260623_163953_final,1059,106300,2026-06-23T16:41:39.779094,Pas tensometryczny,-5207287,-5207287,true
session_20260623_163953_final,1060,106440,2026-06-23T16:41:39.919459,Pas tensometryczny,-5208355,-5208355,true
session_20260623_163953_final,1061,106521,2026-06-23T16:41:40.000109,Pas tensometryczny,-5209328,-5209328,true
session_20260623_163953_final,1062,106611,2026-06-23T16:41:40.090078,Pas tensometryczny,-5210394,-5210394,true
session_20260623_163953_final,1063,106701,2026-06-23T16:41:40.180767,Pas tensometryczny,-5211361,-5211361,true
session_20260623_163953_final,1064,106839,2026-06-23T16:41:40.318273,Pas tensometryczny,-5212192,-5212192,true
session_20260623_163953_final,1065,106925,2026-06-23T16:41:40.404238,Pas tensometryczny,-5212915,-5212915,true
session_20260623_163953_final,1066,107016,2026-06-23T16:41:40.495173,Pas tensometryczny,-5213263,-5213263,true
session_20260623_163953_final,1067,107110,2026-06-23T16:41:40.589686,Pas tensometryczny,-5213237,-5213237,true
session_20260623_163953_final,1068,107196,2026-06-23T16:41:40.674856,Pas tensometryczny,-5213057,-5213057,true
session_20260623_163953_final,1069,107331,2026-06-23T16:41:40.810025,Pas tensometryczny,-5213051,-5213051,true
session_20260623_163953_final,1070,107423,2026-06-23T16:41:40.902301,Pas tensometryczny,-5213040,-5213040,true
session_20260623_163953_final,1071,107512,2026-06-23T16:41:40.991448,Pas tensometryczny,-5212996,-5212996,true
session_20260623_163953_final,1072,107605,2026-06-23T16:41:41.084200,Pas tensometryczny,-5213318,-5213318,true
session_20260623_163953_final,1073,107744,2026-06-23T16:41:41.223745,Pas tensometryczny,-5213425,-5213425,true
session_20260623_163953_final,1074,107830,2026-06-23T16:41:41.308850,Pas tensometryczny,-5211865,-5211865,true
session_20260623_163953_final,1075,107925,2026-06-23T16:41:41.403822,Pas tensometryczny,-5210734,-5210734,true
session_20260623_163953_final,1076,108006,2026-06-23T16:41:41.485442,Pas tensometryczny,-5209612,-5209612,true
session_20260623_163953_final,1077,108097,2026-06-23T16:41:41.576328,Pas tensometryczny,-5208640,-5208640,true
session_20260623_163953_final,1078,108230,2026-06-23T16:41:41.709680,Pas tensometryczny,-5208128,-5208128,true
session_20260623_163953_final,1079,108321,2026-06-23T16:41:41.800504,Pas tensometryczny,-5207758,-5207758,true
session_20260623_163953_final,1080,108414,2026-06-23T16:41:41.893508,Pas tensometryczny,-5207269,-5207269,true
session_20260623_163953_final,1081,108502,2026-06-23T16:41:41.981640,Pas tensometryczny,-5207161,-5207161,true
session_20260623_163953_final,1082,108650,2026-06-23T16:41:42.129088,Pas tensometryczny,-5208129,-5208129,true
session_20260623_163953_final,1083,108725,2026-06-23T16:41:42.204411,Pas tensometryczny,-5209351,-5209351,true
session_20260623_163953_final,1084,108816,2026-06-23T16:41:42.295013,Pas tensometryczny,-5210520,-5210520,true
session_20260623_163953_final,1085,108906,2026-06-23T16:41:42.385033,Pas tensometryczny,-5211517,-5211517,true
session_20260623_163953_final,1086,109042,2026-06-23T16:41:42.521456,Pas tensometryczny,-5212482,-5212482,true
session_20260623_163953_final,1087,109132,2026-06-23T16:41:42.611395,Pas tensometryczny,-5213085,-5213085,true
session_20260623_163953_final,1088,109232,2026-06-23T16:41:42.710886,Pas tensometryczny,-5213090,-5213090,true
session_20260623_163953_final,1089,109357,2026-06-23T16:41:42.836777,Pas tensometryczny,-5213029,-5213029,true
session_20260623_163953_final,1090,109412,2026-06-23T16:41:42.891686,Pas tensometryczny,-5213017,-5213017,true
session_20260623_163953_final,1091,109536,2026-06-23T16:41:43.015724,Pas tensometryczny,-5213040,-5213040,true
session_20260623_163953_final,1092,109626,2026-06-23T16:41:43.105103,Pas tensometryczny,-5213075,-5213075,true
session_20260623_163953_final,1093,109718,2026-06-23T16:41:43.197652,Pas tensometryczny,-5213178,-5213178,true
session_20260623_163953_final,1094,109806,2026-06-23T16:41:43.285333,Pas tensometryczny,-5213433,-5213433,true
session_20260623_163953_final,1095,109943,2026-06-23T16:41:43.422160,Pas tensometryczny,-5213261,-5213261,true
session_20260623_163953_final,1096,110030,2026-06-23T16:41:43.509538,Pas tensometryczny,-5212786,-5212786,true
session_20260623_163953_final,1097,110121,2026-06-23T16:41:43.600199,Pas tensometryczny,-5212299,-5212299,true
session_20260623_163953_final,1098,110259,2026-06-23T16:41:43.738815,Pas tensometryczny,-5211543,-5211543,true
session_20260623_163953_final,1099,110301,2026-06-23T16:41:43.780726,Pas tensometryczny,-5210488,-5210488,true
session_20260623_163953_final,1100,110437,2026-06-23T16:41:43.916644,Pas tensometryczny,-5209589,-5209589,true
session_20260623_163953_final,1101,110533,2026-06-23T16:41:44.012200,Pas tensometryczny,-5208141,-5208141,true
session_20260623_163953_final,1102,110616,2026-06-23T16:41:44.095028,Pas tensometryczny,-5207218,-5207218,true
session_20260623_163953_final,1103,110706,2026-06-23T16:41:44.184817,Pas tensometryczny,-5206447,-5206447,true
session_20260623_163953_final,1104,110841,2026-06-23T16:41:44.319879,Pas tensometryczny,-5206180,-5206180,true
session_20260623_163953_final,1105,110935,2026-06-23T16:41:44.414509,Pas tensometryczny,-5206808,-5206808,true
session_20260623_163953_final,1106,111020,2026-06-23T16:41:44.499750,Pas tensometryczny,-5207923,-5207923,true
session_20260623_163953_final,1107,111111,2026-06-23T16:41:44.590635,Pas tensometryczny,-5209230,-5209230,true
session_20260623_163953_final,1108,111247,2026-06-23T16:41:44.726453,Pas tensometryczny,-5210591,-5210591,true
session_20260623_163953_final,1109,111341,2026-06-23T16:41:44.819975,Pas tensometryczny,-5211479,-5211479,true
session_20260623_163953_final,1110,111426,2026-06-23T16:41:44.904860,Pas tensometryczny,-5212063,-5212063,true
session_20260623_163953_final,1111,111535,2026-06-23T16:41:45.014502,Pas tensometryczny,-5212461,-5212461,true
session_20260623_163953_final,1112,111611,2026-06-23T16:41:45.089937,Pas tensometryczny,-5212737,-5212737,true
session_20260623_163953_final,1113,111745,2026-06-23T16:41:45.224190,Pas tensometryczny,-5212943,-5212943,true
session_20260623_163953_final,1114,111831,2026-06-23T16:41:45.310291,Pas tensometryczny,-5213104,-5213104,true
session_20260623_163953_final,1115,111940,2026-06-23T16:41:45.419785,Pas tensometryczny,-5213421,-5213421,true
session_20260623_163953_final,1116,112019,2026-06-23T16:41:45.498403,Pas tensometryczny,-5213319,-5213319,true
session_20260623_163953_final,1117,112146,2026-06-23T16:41:45.625044,Pas tensometryczny,-5212955,-5212955,true
session_20260623_163953_final,1118,112238,2026-06-23T16:41:45.716903,Pas tensometryczny,-5212677,-5212677,true
session_20260623_163953_final,1119,112327,2026-06-23T16:41:45.806083,Pas tensometryczny,-5212590,-5212590,true
session_20260623_163953_final,1120,112422,2026-06-23T16:41:45.901157,Pas tensometryczny,-5212557,-5212557,true
session_20260623_163953_final,1121,112557,2026-06-23T16:41:46.036146,Pas tensometryczny,-5212363,-5212363,true
session_20260623_163953_final,1122,112642,2026-06-23T16:41:46.121187,Pas tensometryczny,-5211719,-5211719,true
session_20260623_163953_final,1123,112736,2026-06-23T16:41:46.215348,Pas tensometryczny,-5210573,-5210573,true
session_20260623_163953_final,1124,112822,2026-06-23T16:41:46.301006,Pas tensometryczny,-5209140,-5209140,true
session_20260623_163953_final,1125,112915,2026-06-23T16:41:46.394617,Pas tensometryczny,-5207992,-5207992,true
session_20260623_163953_final,1126,113048,2026-06-23T16:41:46.526824,Pas tensometryczny,-5206140,-5206140,true
session_20260623_163953_final,1127,113137,2026-06-23T16:41:46.616489,Pas tensometryczny,-5205547,-5205547,true
session_20260623_163953_final,1128,113225,2026-06-23T16:41:46.703966,Pas tensometryczny,-5205396,-5205396,true
session_20260623_163953_final,1129,113320,2026-06-23T16:41:46.799252,Pas tensometryczny,-5205655,-5205655,true
session_20260623_163953_final,1130,113450,2026-06-23T16:41:46.929717,Pas tensometryczny,-5206302,-5206302,true
session_20260623_163953_final,1131,113543,2026-06-23T16:41:47.022221,Pas tensometryczny,-5207233,-5207233,true
session_20260623_163953_final,1132,113632,2026-06-23T16:41:47.110824,Pas tensometryczny,-5208349,-5208349,true
session_20260623_163953_final,1133,113721,2026-06-23T16:41:47.200521,Pas tensometryczny,-5209395,-5209395,true
session_20260623_163953_final,1134,113812,2026-06-23T16:41:47.291347,Pas tensometryczny,-5210402,-5210402,true
session_20260623_163953_final,1135,113955,2026-06-23T16:41:47.433950,Pas tensometryczny,-5211472,-5211472,true
session_20260623_163953_final,1136,114040,2026-06-23T16:41:47.519290,Pas tensometryczny,-5212356,-5212356,true
session_20260623_163953_final,1137,114132,2026-06-23T16:41:47.610923,Pas tensometryczny,-5212628,-5212628,true
session_20260623_163953_final,1138,114216,2026-06-23T16:41:47.695273,Pas tensometryczny,-5212744,-5212744,true
session_20260623_163953_final,1139,114352,2026-06-23T16:41:47.831025,Pas tensometryczny,-5212828,-5212828,true
session_20260623_163953_final,1140,114442,2026-06-23T16:41:47.921432,Pas tensometryczny,-5212861,-5212861,true
session_20260623_163953_final,1141,114533,2026-06-23T16:41:48.012148,Pas tensometryczny,-5212845,-5212845,true
session_20260623_163953_final,1142,114623,2026-06-23T16:41:48.102260,Pas tensometryczny,-5213021,-5213021,true
session_20260623_163953_final,1143,114756,2026-06-23T16:41:48.235002,Pas tensometryczny,-5213449,-5213449,true
session_20260623_163953_final,1144,114850,2026-06-23T16:41:48.329184,Pas tensometryczny,-5213274,-5213274,true
session_20260623_163953_final,1145,114936,2026-06-23T16:41:48.414826,Pas tensometryczny,-5212119,-5212119,true
session_20260623_163953_final,1146,115033,2026-06-23T16:41:48.512638,Pas tensometryczny,-5210624,-5210624,true
session_20260623_163953_final,1147,115125,2026-06-23T16:41:48.604711,Pas tensometryczny,-5209290,-5209290,true
session_20260623_163953_final,1148,115252,2026-06-23T16:41:48.731001,Pas tensometryczny,-5208055,-5208055,true
session_20260623_163953_final,1149,115342,2026-06-23T16:41:48.820920,Pas tensometryczny,-5207139,-5207139,true
session_20260623_163953_final,1150,115437,2026-06-23T16:41:48.915900,Pas tensometryczny,-5206868,-5206868,true
session_20260623_163953_final,1151,115521,2026-06-23T16:41:48.999943,Pas tensometryczny,-5207511,-5207511,true
session_20260623_163953_final,1152,115700,2026-06-23T16:41:49.179262,Pas tensometryczny,-5208579,-5208579,true
session_20260623_163953_final,1153,115747,2026-06-23T16:41:49.225944,Pas tensometryczny,-5210534,-5210534,true
session_20260623_163953_final,1154,115841,2026-06-23T16:41:49.320561,Pas tensometryczny,-5211257,-5211257,true
session_20260623_163953_final,1155,115931,2026-06-23T16:41:49.410615,Pas tensometryczny,-5211788,-5211788,true
session_20260623_163953_final,1156,116018,2026-06-23T16:41:49.497241,Pas tensometryczny,-5212316,-5212316,true
session_20260623_163953_final,1157,116154,2026-06-23T16:41:49.633515,Pas tensometryczny,-5212889,-5212889,true
session_20260623_163953_final,1158,116241,2026-06-23T16:41:49.720218,Pas tensometryczny,-5213006,-5213006,true
session_20260623_163953_final,1159,116332,2026-06-23T16:41:49.811407,Pas tensometryczny,-5212914,-5212914,true
session_20260623_163953_final,1160,116435,2026-06-23T16:41:49.914581,Pas tensometryczny,-5212863,-5212863,true
session_20260623_163953_final,1161,116619,2026-06-23T16:41:50.098767,Pas tensometryczny,-5212859,-5212859,true
session_20260623_163953_final,1162,116649,2026-06-23T16:41:50.128071,Pas tensometryczny,-5212913,-5212913,true
session_20260623_163953_final,1163,116737,2026-06-23T16:41:50.215939,Pas tensometryczny,-5212946,-5212946,true
session_20260623_163953_final,1164,116826,2026-06-23T16:41:50.305544,Pas tensometryczny,-5213081,-5213081,true
session_20260623_163953_final,1165,116960,2026-06-23T16:41:50.439080,Pas tensometryczny,-5212943,-5212943,true
session_20260623_163953_final,1166,117055,2026-06-23T16:41:50.534162,Pas tensometryczny,-5211389,-5211389,true
session_20260623_163953_final,1167,117140,2026-06-23T16:41:50.619189,Pas tensometryczny,-5209540,-5209540,true
session_20260623_163953_final,1168,117233,2026-06-23T16:41:50.712554,Pas tensometryczny,-5208133,-5208133,true
session_20260623_163953_final,1169,117322,2026-06-23T16:41:50.800850,Pas tensometryczny,-5207062,-5207062,true
session_20260623_163953_final,1170,117455,2026-06-23T16:41:50.933867,Pas tensometryczny,-5206404,-5206404,true
session_20260623_163953_final,1171,117545,2026-06-23T16:41:51.023896,Pas tensometryczny,-5206366,-5206366,true
session_20260623_163953_final,1172,117639,2026-06-23T16:41:51.118117,Pas tensometryczny,-5207373,-5207373,true
session_20260623_163953_final,1173,117725,2026-06-23T16:41:51.204041,Pas tensometryczny,-5208906,-5208906,true
session_20260623_163953_final,1174,117861,2026-06-23T16:41:51.340697,Pas tensometryczny,-5210198,-5210198,true
session_20260623_163953_final,1175,117950,2026-06-23T16:41:51.429792,Pas tensometryczny,-5211090,-5211090,true
session_20260623_163953_final,1176,118055,2026-06-23T16:41:51.534321,Pas tensometryczny,-5211531,-5211531,true
session_20260623_163953_final,1177,118131,2026-06-23T16:41:51.610496,Pas tensometryczny,-5211935,-5211935,true
session_20260623_163953_final,1178,118228,2026-06-23T16:41:51.706912,Pas tensometryczny,-5212449,-5212449,true
session_20260623_163953_final,1179,118378,2026-06-23T16:41:51.856953,Pas tensometryczny,-5212791,-5212791,true
session_20260623_163953_final,1180,118446,2026-06-23T16:41:51.925104,Pas tensometryczny,-5213277,-5213277,true
session_20260623_163953_final,1181,118537,2026-06-23T16:41:52.016700,Pas tensometryczny,-5213234,-5213234,true
session_20260623_163953_final,1182,118628,2026-06-23T16:41:52.107586,Pas tensometryczny,-5212768,-5212768,true
session_20260623_163953_final,1183,118761,2026-06-23T16:41:52.240120,Pas tensometryczny,-5211925,-5211925,true
session_20260623_163953_final,1184,118859,2026-06-23T16:41:52.338149,Pas tensometryczny,-5210620,-5210620,true
session_20260623_163953_final,1185,118945,2026-06-23T16:41:52.424722,Pas tensometryczny,-5209291,-5209291,true
session_20260623_163953_final,1186,119044,2026-06-23T16:41:52.523035,Pas tensometryczny,-5208167,-5208167,true
session_20260623_163953_final,1187,119217,2026-06-23T16:41:52.696104,Pas tensometryczny,-5207290,-5207290,true
session_20260623_163953_final,1188,119257,2026-06-23T16:41:52.736408,Pas tensometryczny,-5206595,-5206595,true
session_20260623_163953_final,1189,119347,2026-06-23T16:41:52.826761,Pas tensometryczny,-5205959,-5205959,true
session_20260623_163953_final,1190,119436,2026-06-23T16:41:52.915411,Pas tensometryczny,-5205410,-5205410,true
session_20260623_163953_final,1191,119536,2026-06-23T16:41:53.015558,Pas tensometryczny,-5205833,-5205833,true
session_20260623_163953_final,1192,119673,2026-06-23T16:41:53.152559,Pas tensometryczny,-5207238,-5207238,true
session_20260623_163953_final,1193,119753,2026-06-23T16:41:53.231913,Pas tensometryczny,-5208791,-5208791,true
session_20260623_163953_final,1194,119841,2026-06-23T16:41:53.319880,Pas tensometryczny,-5210071,-5210071,true
session_20260623_163953_final,1195,119932,2026-06-23T16:41:53.411638,Pas tensometryczny,-5211046,-5211046,true
session_20260623_163953_final,1196,120068,2026-06-23T16:41:53.547171,Pas tensometryczny,-5211914,-5211914,true
session_20260623_163953_final,1197,120154,2026-06-23T16:41:53.633711,Pas tensometryczny,-5212446,-5212446,true
session_20260623_163953_final,1198,120250,2026-06-23T16:41:53.728884,Pas tensometryczny,-5212592,-5212592,true
session_20260623_163953_final,1199,120338,2026-06-23T16:41:53.817777,Pas tensometryczny,-5212640,-5212640,true
session_20260623_163953_final,1200,120426,2026-06-23T16:41:53.905540,Pas tensometryczny,-5212706,-5212706,true
session_20260623_163953_final,1201,120561,2026-06-23T16:41:54.040208,Pas tensometryczny,-5212472,-5212472,true
session_20260623_163953_final,1202,120651,2026-06-23T16:41:54.129866,Pas tensometryczny,-5211397,-5211397,true
session_20260623_163953_final,1203,120743,2026-06-23T16:41:54.222101,Pas tensometryczny,-5210092,-5210092,true
session_20260623_163953_final,1204,120835,2026-06-23T16:41:54.314148,Pas tensometryczny,-5208938,-5208938,true
session_20260623_163953_final,1205,120968,2026-06-23T16:41:54.447126,Pas tensometryczny,-5206359,-5206359,true
session_20260623_163953_final,1206,121057,2026-06-23T16:41:54.536416,Pas tensometryczny,-5205317,-5205317,true
session_20260623_163953_final,1207,121146,2026-06-23T16:41:54.625697,Pas tensometryczny,-5204508,-5204508,true
session_20260623_163953_final,1208,121236,2026-06-23T16:41:54.715662,Pas tensometryczny,-5203821,-5203821,true
session_20260623_163953_final,1209,121371,2026-06-23T16:41:54.850137,Pas tensometryczny,-5203363,-5203363,true
session_20260623_163953_final,1210,121461,2026-06-23T16:41:54.939938,Pas tensometryczny,-5203322,-5203322,true
session_20260623_163953_final,1211,121554,2026-06-23T16:41:55.033074,Pas tensometryczny,-5203650,-5203650,true
session_20260623_163953_final,1212,121640,2026-06-23T16:41:55.119402,Pas tensometryczny,-5204525,-5204525,true
session_20260623_163953_final,1213,121731,2026-06-23T16:41:55.210418,Pas tensometryczny,-5205645,-5205645,true
session_20260623_163953_final,1214,121869,2026-06-23T16:41:55.348579,Pas tensometryczny,-5206898,-5206898,true
session_20260623_163953_final,1215,121956,2026-06-23T16:41:55.434897,Pas tensometryczny,-5208277,-5208277,true
session_20260623_163953_final,1216,122063,2026-06-23T16:41:55.541971,Pas tensometryczny,-5209725,-5209725,true
session_20260623_163953_final,1217,122137,2026-06-23T16:41:55.616052,Pas tensometryczny,-5211036,-5211036,true
session_20260623_163953_final,1218,122270,2026-06-23T16:41:55.749324,Pas tensometryczny,-5211913,-5211913,true
session_20260623_163953_final,1219,122372,2026-06-23T16:41:55.851492,Pas tensometryczny,-5212168,-5212168,true
session_20260623_163953_final,1220,122454,2026-06-23T16:41:55.933266,Pas tensometryczny,-5212327,-5212327,true
session_20260623_163953_final,1221,122540,2026-06-23T16:41:56.019672,Pas tensometryczny,-5212415,-5212415,true
session_20260623_163953_final,1222,122677,2026-06-23T16:41:56.156427,Pas tensometryczny,-5212482,-5212482,true
session_20260623_163953_final,1223,122766,2026-06-23T16:41:56.245622,Pas tensometryczny,-5212342,-5212342,true
session_20260623_163953_final,1224,122855,2026-06-23T16:41:56.334611,Pas tensometryczny,-5211640,-5211640,true
session_20260623_163953_final,1225,122946,2026-06-23T16:41:56.425228,Pas tensometryczny,-5210297,-5210297,true
session_20260623_163953_final,1226,123036,2026-06-23T16:41:56.515257,Pas tensometryczny,-5208668,-5208668,true
session_20260623_163953_final,1227,123185,2026-06-23T16:41:56.664710,Pas tensometryczny,-5207191,-5207191,true
session_20260623_163953_final,1228,123263,2026-06-23T16:41:56.742213,Pas tensometryczny,-5206120,-5206120,true
session_20260623_163953_final,1229,123357,2026-06-23T16:41:56.835833,Pas tensometryczny,-5205320,-5205320,true
session_20260623_163953_final,1230,123440,2026-06-23T16:41:56.919241,Pas tensometryczny,-5204631,-5204631,true
session_20260623_163953_final,1231,123575,2026-06-23T16:41:57.054636,Pas tensometryczny,-5204873,-5204873,true
session_20260623_163953_final,1232,123674,2026-06-23T16:41:57.153506,Pas tensometryczny,-5206250,-5206250,true
session_20260623_163953_final,1233,123757,2026-06-23T16:41:57.236603,Pas tensometryczny,-5207387,-5207387,true
session_20260623_163953_final,1234,123845,2026-06-23T16:41:57.324702,Pas tensometryczny,-5208468,-5208468,true
session_20260623_163953_final,1235,123938,2026-06-23T16:41:57.417231,Pas tensometryczny,-5209724,-5209724,true
session_20260623_163953_final,1236,124075,2026-06-23T16:41:57.554665,Pas tensometryczny,-5210781,-5210781,true
session_20260623_163953_final,1237,124160,2026-06-23T16:41:57.639064,Pas tensometryczny,-5211497,-5211497,true
session_20260623_163953_final,1238,124250,2026-06-23T16:41:57.729713,Pas tensometryczny,-5212141,-5212141,true
session_20260623_163953_final,1239,124346,2026-06-23T16:41:57.825507,Pas tensometryczny,-5212697,-5212697,true
session_20260623_163953_final,1240,124476,2026-06-23T16:41:57.955398,Pas tensometryczny,-5212771,-5212771,true
session_20260623_163953_final,1241,124566,2026-06-23T16:41:58.045089,Pas tensometryczny,-5212622,-5212622,true
session_20260623_163953_final,1242,124657,2026-06-23T16:41:58.136139,Pas tensometryczny,-5212425,-5212425,true
session_20260623_163953_final,1243,124747,2026-06-23T16:41:58.226016,Pas tensometryczny,-5212209,-5212209,true
session_20260623_163953_final,1244,124880,2026-06-23T16:41:58.359256,Pas tensometryczny,-5211928,-5211928,true
session_20260623_163953_final,1245,124975,2026-06-23T16:41:58.454698,Pas tensometryczny,-5211976,-5211976,true
session_20260623_163953_final,1246,125064,2026-06-23T16:41:58.543302,Pas tensometryczny,-5212461,-5212461,true
session_20260623_163953_final,1247,125150,2026-06-23T16:41:58.629737,Pas tensometryczny,-5212963,-5212963,true
session_20260623_163953_final,1248,125242,2026-06-23T16:41:58.721757,Pas tensometryczny,-5212717,-5212717,true
session_20260623_163953_final,1249,125377,2026-06-23T16:41:58.856807,Pas tensometryczny,-5212411,-5212411,true
session_20260623_163953_final,1250,125472,2026-06-23T16:41:58.950996,Pas tensometryczny,-5212388,-5212388,true
session_20260623_163953_final,1251,125556,2026-06-23T16:41:59.035399,Pas tensometryczny,-5212399,-5212399,true
session_20260623_163953_final,1252,125649,2026-06-23T16:41:59.128771,Pas tensometryczny,-5212210,-5212210,true
session_20260623_163953_final,1253,125795,2026-06-23T16:41:59.274734,Pas tensometryczny,-5211904,-5211904,true
session_20260623_163953_final,1254,125873,2026-06-23T16:41:59.352354,Pas tensometryczny,-5211993,-5211993,true
session_20260623_163953_final,1255,125962,2026-06-23T16:41:59.441022,Pas tensometryczny,-5212463,-5212463,true
session_20260623_163953_final,1256,126111,2026-06-23T16:41:59.590533,Pas tensometryczny,-5212440,-5212440,true
session_20260623_163953_final,1257,126147,2026-06-23T16:41:59.626202,Pas tensometryczny,-5212334,-5212334,true
session_20260623_163953_final,1258,126277,2026-06-23T16:41:59.755895,Pas tensometryczny,-5211238,-5211238,true
session_20260623_163953_final,1259,126368,2026-06-23T16:41:59.847637,Pas tensometryczny,-5209383,-5209383,true
session_20260623_163953_final,1260,126457,2026-06-23T16:41:59.935864,Pas tensometryczny,-5207896,-5207896,true
session_20260623_163953_final,1261,126554,2026-06-23T16:42:00.032972,Pas tensometryczny,-5206991,-5206991,true
session_20260623_163953_final,1262,126686,2026-06-23T16:42:00.165552,Pas tensometryczny,-5206489,-5206489,true
session_20260623_163953_final,1263,126779,2026-06-23T16:42:00.258024,Pas tensometryczny,-5206440,-5206440,true
session_20260623_163953_final,1264,126861,2026-06-23T16:42:00.340560,Pas tensometryczny,-5207137,-5207137,true
session_20260623_163953_final,1265,126953,2026-06-23T16:42:00.432581,Pas tensometryczny,-5208182,-5208182,true
session_20260623_163953_final,1266,127093,2026-06-23T16:42:00.571859,Pas tensometryczny,-5209044,-5209044,true
session_20260623_163953_final,1267,127179,2026-06-23T16:42:00.657883,Pas tensometryczny,-5209712,-5209712,true
session_20260623_163953_final,1268,127271,2026-06-23T16:42:00.749994,Pas tensometryczny,-5210382,-5210382,true
session_20260623_163953_final,1269,127405,2026-06-23T16:42:00.883871,Pas tensometryczny,-5211098,-5211098,true
session_20260623_163953_final,1270,127449,2026-06-23T16:42:00.928557,Pas tensometryczny,-5211818,-5211818,true
session_20260623_163953_final,1271,127581,2026-06-23T16:42:01.060454,Pas tensometryczny,-5212207,-5212207,true
session_20260623_163953_final,1272,127671,2026-06-23T16:42:01.150522,Pas tensometryczny,-5212209,-5212209,true
session_20260623_163953_final,1273,127760,2026-06-23T16:42:01.239313,Pas tensometryczny,-5212137,-5212137,true
session_20260623_163953_final,1274,127869,2026-06-23T16:42:01.348245,Pas tensometryczny,-5212187,-5212187,true
session_20260623_163953_final,1275,127995,2026-06-23T16:42:01.474219,Pas tensometryczny,-5212239,-5212239,true
session_20260623_163953_final,1276,128077,2026-06-23T16:42:01.556087,Pas tensometryczny,-5212314,-5212314,true
session_20260623_163953_final,1277,128166,2026-06-23T16:42:01.644897,Pas tensometryczny,-5212456,-5212456,true
session_20260623_163953_final,1278,128255,2026-06-23T16:42:01.734498,Pas tensometryczny,-5212064,-5212064,true
session_20260623_163953_final,1279,128351,2026-06-23T16:42:01.829927,Pas tensometryczny,-5210110,-5210110,true
session_20260623_163953_final,1280,128527,2026-06-23T16:42:02.006015,Pas tensometryczny,-5207863,-5207863,true
session_20260623_163953_final,1281,128586,2026-06-23T16:42:02.065088,Pas tensometryczny,-5206372,-5206372,true
session_20260623_163953_final,1282,128660,2026-06-23T16:42:02.139602,Pas tensometryczny,-5205407,-5205407,true
session_20260623_163953_final,1283,128755,2026-06-23T16:42:02.233912,Pas tensometryczny,-5204040,-5204040,true
session_20260623_163953_final,1284,128887,2026-06-23T16:42:02.365922,Pas tensometryczny,-5203608,-5203608,true
session_20260623_163953_final,1285,128975,2026-06-23T16:42:02.454008,Pas tensometryczny,-5204109,-5204109,true
session_20260623_163953_final,1286,129068,2026-06-23T16:42:02.547617,Pas tensometryczny,-5205323,-5205323,true
session_20260623_163953_final,1287,129174,2026-06-23T16:42:02.653775,Pas tensometryczny,-5206340,-5206340,true
session_20260623_163953_final,1288,129290,2026-06-23T16:42:02.769584,Pas tensometryczny,-5207206,-5207206,true
session_20260623_163953_final,1289,129381,2026-06-23T16:42:02.859951,Pas tensometryczny,-5208052,-5208052,true
session_20260623_163953_final,1290,129471,2026-06-23T16:42:02.950411,Pas tensometryczny,-5209000,-5209000,true
session_20260623_163953_final,1291,129560,2026-06-23T16:42:03.039350,Pas tensometryczny,-5209887,-5209887,true
session_20260623_163953_final,1292,129653,2026-06-23T16:42:03.132559,Pas tensometryczny,-5210614,-5210614,true
session_20260623_163953_final,1293,129790,2026-06-23T16:42:03.269505,Pas tensometryczny,-5211285,-5211285,true
session_20260623_163953_final,1294,129875,2026-06-23T16:42:03.354593,Pas tensometryczny,-5211499,-5211499,true
session_20260623_163953_final,1295,129967,2026-06-23T16:42:03.445997,Pas tensometryczny,-5211196,-5211196,true
session_20260623_163953_final,1296,130069,2026-06-23T16:42:03.548523,Pas tensometryczny,-5210911,-5210911,true
session_20260623_163953_final,1297,130191,2026-06-23T16:42:03.670459,Pas tensometryczny,-5210596,-5210596,true
session_20260623_163953_final,1298,130280,2026-06-23T16:42:03.759335,Pas tensometryczny,-5209902,-5209902,true
session_20260623_163953_final,1299,130371,2026-06-23T16:42:03.850484,Pas tensometryczny,-5208665,-5208665,true
session_20260623_163953_final,1300,130463,2026-06-23T16:42:03.942326,Pas tensometryczny,-5207512,-5207512,true
session_20260623_163953_final,1301,130611,2026-06-23T16:42:04.090370,Pas tensometryczny,-5206611,-5206611,true
session_20260623_163953_final,1302,130686,2026-06-23T16:42:04.165509,Pas tensometryczny,-5205672,-5205672,true
session_20260623_163953_final,1303,130776,2026-06-23T16:42:04.255615,Pas tensometryczny,-5204716,-5204716,true
session_20260623_163953_final,1304,130865,2026-06-23T16:42:04.344717,Pas tensometryczny,-5203898,-5203898,true
session_20260623_163953_final,1305,130957,2026-06-23T16:42:04.436357,Pas tensometryczny,-5203057,-5203057,true
session_20260623_163953_final,1306,131096,2026-06-23T16:42:04.575202,Pas tensometryczny,-5202155,-5202155,true
session_20260623_163953_final,1307,131183,2026-06-23T16:42:04.662062,Pas tensometryczny,-5201250,-5201250,true
session_20260623_163953_final,1308,131271,2026-06-23T16:42:04.750539,Pas tensometryczny,-5200311,-5200311,true
session_20260623_163953_final,1309,131370,2026-06-23T16:42:04.849090,Pas tensometryczny,-5199443,-5199443,true
session_20260623_163953_final,1310,131505,2026-06-23T16:42:04.984211,Pas tensometryczny,-5197291,-5197291,true
session_20260623_163953_final,1311,131589,2026-06-23T16:42:05.068504,Pas tensometryczny,-5196098,-5196098,true
session_20260623_163953_final,1312,131676,2026-06-23T16:42:05.155762,Pas tensometryczny,-5195006,-5195006,true
session_20260623_163953_final,1313,131767,2026-06-23T16:42:05.246399,Pas tensometryczny,-5194033,-5194033,true
session_20260623_163953_final,1314,131857,2026-06-23T16:42:05.336079,Pas tensometryczny,-5193247,-5193247,true
session_20260623_163953_final,1315,131991,2026-06-23T16:42:05.470457,Pas tensometryczny,-5192807,-5192807,true
session_20260623_163953_final,1316,132083,2026-06-23T16:42:05.562529,Pas tensometryczny,-5192423,-5192423,true
session_20260623_163953_final,1317,132174,2026-06-23T16:42:05.653149,Pas tensometryczny,-5191836,-5191836,true
session_20260623_163953_final,1318,132262,2026-06-23T16:42:05.741256,Pas tensometryczny,-5191280,-5191280,true
session_20260623_163953_final,1319,132397,2026-06-23T16:42:05.876052,Pas tensometryczny,-5190806,-5190806,true
session_20260623_163953_final,1320,132491,2026-06-23T16:42:05.970223,Pas tensometryczny,-5190409,-5190409,true
session_20260623_163953_final,1321,132577,2026-06-23T16:42:06.056705,Pas tensometryczny,-5190272,-5190272,true
session_20260623_163953_final,1322,132669,2026-06-23T16:42:06.148627,Pas tensometryczny,-5191153,-5191153,true
session_20260623_163953_final,1323,132803,2026-06-23T16:42:06.282711,Pas tensometryczny,-5193106,-5193106,true
session_20260623_163953_final,1324,132935,2026-06-23T16:42:06.414193,Pas tensometryczny,-5194964,-5194964,true
session_20260623_163953_final,1325,132981,2026-06-23T16:42:06.460520,Pas tensometryczny,-5196510,-5196510,true
session_20260623_163953_final,1326,133071,2026-06-23T16:42:06.549992,Pas tensometryczny,-5197989,-5197989,true
session_20260623_163953_final,1327,133170,2026-06-23T16:42:06.648849,Pas tensometryczny,-5199391,-5199391,true
session_20260623_163953_final,1328,133340,2026-06-23T16:42:06.819592,Pas tensometryczny,-5200632,-5200632,true
session_20260623_163953_final,1329,133393,2026-06-23T16:42:06.872735,Pas tensometryczny,-5201934,-5201934,true
session_20260623_163953_final,1330,133479,2026-06-23T16:42:06.957968,Pas tensometryczny,-5203185,-5203185,true
session_20260623_163953_final,1331,133570,2026-06-23T16:42:07.049347,Pas tensometryczny,-5204151,-5204151,true
session_20260623_163953_final,1332,133701,2026-06-23T16:42:07.180750,Pas tensometryczny,-5205092,-5205092,true
session_20260623_163953_final,1333,133792,2026-06-23T16:42:07.270935,Pas tensometryczny,-5206013,-5206013,true
session_20260623_163953_final,1334,133928,2026-06-23T16:42:07.407226,Pas tensometryczny,-5206940,-5206940,true
session_20260623_163953_final,1335,133974,2026-06-23T16:42:07.453204,Pas tensometryczny,-5208217,-5208217,true
session_20260623_163953_final,1336,134061,2026-06-23T16:42:07.540203,Pas tensometryczny,-5209569,-5209569,true
session_20260623_163953_final,1337,134198,2026-06-23T16:42:07.676883,Pas tensometryczny,-5211665,-5211665,true
session_20260623_163953_final,1338,134287,2026-06-23T16:42:07.766117,Pas tensometryczny,-5212307,-5212307,true
session_20260623_163953_final,1339,134375,2026-06-23T16:42:07.854289,Pas tensometryczny,-5212823,-5212823,true
session_20260623_163953_final,1340,134473,2026-06-23T16:42:07.952587,Pas tensometryczny,-5213308,-5213308,true
session_20260623_163953_final,1341,134601,2026-06-23T16:42:08.079948,Pas tensometryczny,-5213741,-5213741,true
session_20260623_163953_final,1342,134690,2026-06-23T16:42:08.169195,Pas tensometryczny,-5214042,-5214042,true
session_20260623_163953_final,1343,134790,2026-06-23T16:42:08.269737,Pas tensometryczny,-5214360,-5214360,true
session_20260623_163953_final,1344,134870,2026-06-23T16:42:08.349646,Pas tensometryczny,-5214558,-5214558,true
session_20260623_163953_final,1345,135007,2026-06-23T16:42:08.486561,Pas tensometryczny,-5214302,-5214302,true
session_20260623_163953_final,1346,135105,2026-06-23T16:42:08.583887,Pas tensometryczny,-5213183,-5213183,true
session_20260623_163953_final,1347,135192,2026-06-23T16:42:08.670963,Pas tensometryczny,-5211808,-5211808,true
session_20260623_163953_final,1348,135275,2026-06-23T16:42:08.753941,Pas tensometryczny,-5210336,-5210336,true
session_20260623_163953_final,1349,135370,2026-06-23T16:42:08.849774,Pas tensometryczny,-5208849,-5208849,true
session_20260623_163953_final,1350,135501,2026-06-23T16:42:08.980320,Pas tensometryczny,-5207419,-5207419,true
session_20260623_163953_final,1351,135597,2026-06-23T16:42:09.076588,Pas tensometryczny,-5206048,-5206048,true
session_20260623_163953_final,1352,135680,2026-06-23T16:42:09.158841,Pas tensometryczny,-5204816,-5204816,true
session_20260623_163953_final,1353,135772,2026-06-23T16:42:09.251688,Pas tensometryczny,-5203871,-5203871,true
session_20260623_163953_final,1354,135908,2026-06-23T16:42:09.387454,Pas tensometryczny,-5203014,-5203014,true
session_20260623_163953_final,1355,135995,2026-06-23T16:42:09.474756,Pas tensometryczny,-5202085,-5202085,true
session_20260623_163953_final,1356,136091,2026-06-23T16:42:09.570398,Pas tensometryczny,-5201096,-5201096,true
session_20260623_163953_final,1357,136181,2026-06-23T16:42:09.660459,Pas tensometryczny,-5200105,-5200105,true
session_20260623_163953_final,1358,136266,2026-06-23T16:42:09.745393,Pas tensometryczny,-5199210,-5199210,true
session_20260623_163953_final,1359,136401,2026-06-23T16:42:09.879815,Pas tensometryczny,-5198522,-5198522,true
session_20260623_163953_final,1360,136491,2026-06-23T16:42:09.970292,Pas tensometryczny,-5197985,-5197985,true
session_20260623_163953_final,1361,136582,2026-06-23T16:42:10.061348,Pas tensometryczny,-5197614,-5197614,true
session_20260623_163953_final,1362,136674,2026-06-23T16:42:10.153171,Pas tensometryczny,-5197421,-5197421,true
session_20260623_163953_final,1363,136806,2026-06-23T16:42:10.285276,Pas tensometryczny,-5198576,-5198576,true
session_20260623_163953_final,1364,136900,2026-06-23T16:42:10.378865,Pas tensometryczny,-5200440,-5200440,true
session_20260623_163953_final,1365,137032,2026-06-23T16:42:10.511594,Pas tensometryczny,-5202139,-5202139,true
session_20260623_163953_final,1366,137077,2026-06-23T16:42:10.555921,Pas tensometryczny,-5203545,-5203545,true
session_20260623_163953_final,1367,137211,2026-06-23T16:42:10.689898,Pas tensometryczny,-5204717,-5204717,true
session_20260623_163953_final,1368,137301,2026-06-23T16:42:10.780302,Pas tensometryczny,-5205905,-5205905,true
session_20260623_163953_final,1369,137391,2026-06-23T16:42:10.870133,Pas tensometryczny,-5207305,-5207305,true
session_20260623_163953_final,1370,137485,2026-06-23T16:42:10.964283,Pas tensometryczny,-5208533,-5208533,true
session_20260623_163953_final,1371,137584,2026-06-23T16:42:11.062888,Pas tensometryczny,-5209603,-5209603,true
session_20260623_163953_final,1372,137709,2026-06-23T16:42:11.187905,Pas tensometryczny,-5210515,-5210515,true
session_20260623_163953_final,1373,137796,2026-06-23T16:42:11.275561,Pas tensometryczny,-5211256,-5211256,true
session_20260623_163953_final,1374,137885,2026-06-23T16:42:11.364168,Pas tensometryczny,-5211769,-5211769,true
session_20260623_163953_final,1375,137976,2026-06-23T16:42:11.455214,Pas tensometryczny,-5212371,-5212371,true
session_20260623_163953_final,1376,138111,2026-06-23T16:42:11.590596,Pas tensometryczny,-5213012,-5213012,true
session_20260623_163953_final,1377,138202,2026-06-23T16:42:11.680858,Pas tensometryczny,-5213558,-5213558,true
session_20260623_163953_final,1378,138294,2026-06-23T16:42:11.772988,Pas tensometryczny,-5213912,-5213912,true
session_20260623_163953_final,1379,138382,2026-06-23T16:42:11.861286,Pas tensometryczny,-5214264,-5214264,true
session_20260623_163953_final,1380,138471,2026-06-23T16:42:11.950,Pas tensometryczny,-5214510,-5214510,true
session_20260623_163953_final,1381,138605,2026-06-23T16:42:12.084589,Pas tensometryczny,-5214668,-5214668,true
session_20260623_163953_final,1382,138696,2026-06-23T16:42:12.175789,Pas tensometryczny,-5214764,-5214764,true
session_20260623_163953_final,1383,138789,2026-06-23T16:42:12.268520,Pas tensometryczny,-5214854,-5214854,true
session_20260623_163953_final,1384,138875,2026-06-23T16:42:12.354366,Pas tensometryczny,-5215059,-5215059,true
session_20260623_163953_final,1385,139013,2026-06-23T16:42:12.492140,Pas tensometryczny,-5215105,-5215105,true
session_20260623_163953_final,1386,139101,2026-06-23T16:42:12.580257,Pas tensometryczny,-5214736,-5214736,true
session_20260623_163953_final,1387,139190,2026-06-23T16:42:12.669585,Pas tensometryczny,-5214283,-5214283,true
session_20260623_163953_final,1388,139281,2026-06-23T16:42:12.760178,Pas tensometryczny,-5213537,-5213537,true
session_20260623_163953_final,1389,139416,2026-06-23T16:42:12.895152,Pas tensometryczny,-5211693,-5211693,true
session_20260623_163953_final,1390,139508,2026-06-23T16:42:12.986930,Pas tensometryczny,-5210857,-5210857,true
session_20260623_163953_final,1391,139597,2026-06-23T16:42:13.076120,Pas tensometryczny,-5209900,-5209900,true
session_20260623_163953_final,1392,139689,2026-06-23T16:42:13.168423,Pas tensometryczny,-5209012,-5209012,true
session_20260623_163953_final,1393,139775,2026-06-23T16:42:13.254326,Pas tensometryczny,-5207953,-5207953,true
session_20260623_163953_final,1394,139910,2026-06-23T16:42:13.389570,Pas tensometryczny,-5206901,-5206901,true
session_20260623_163953_final,1395,140010,2026-06-23T16:42:13.489021,Pas tensometryczny,-5206106,-5206106,true
session_20260623_163953_final,1396,140093,2026-06-23T16:42:13.572235,Pas tensometryczny,-5205379,-5205379,true
session_20260623_163953_final,1397,140181,2026-06-23T16:42:13.660069,Pas tensometryczny,-5204708,-5204708,true
session_20260623_163953_final,1398,140316,2026-06-23T16:42:13.795352,Pas tensometryczny,-5204051,-5204051,true
session_20260623_163953_final,1399,140407,2026-06-23T16:42:13.886596,Pas tensometryczny,-5203477,-5203477,true
session_20260623_163953_final,1400,140495,2026-06-23T16:42:13.974030,Pas tensometryczny,-5202937,-5202937,true
session_20260623_163953_final,1401,140586,2026-06-23T16:42:14.064850,Pas tensometryczny,-5202276,-5202276,true
session_20260623_163953_final,1402,140722,2026-06-23T16:42:14.201263,Pas tensometryczny,-5201435,-5201435,true
session_20260623_163953_final,1403,140825,2026-06-23T16:42:14.304203,Pas tensometryczny,-5200652,-5200652,true
session_20260623_163953_final,1404,140907,2026-06-23T16:42:14.386227,Pas tensometryczny,-5200038,-5200038,true
session_20260623_163953_final,1405,140992,2026-06-23T16:42:14.471776,Pas tensometryczny,-5199393,-5199393,true
session_20260623_163953_final,1406,141079,2026-06-23T16:42:14.558681,Pas tensometryczny,-5198805,-5198805,true
session_20260623_163953_final,1407,141215,2026-06-23T16:42:14.694554,Pas tensometryczny,-5198381,-5198381,true
session_20260623_163953_final,1408,141305,2026-06-23T16:42:14.784435,Pas tensometryczny,-5197844,-5197844,true
session_20260623_163953_final,1409,141396,2026-06-23T16:42:14.874947,Pas tensometryczny,-5197177,-5197177,true
session_20260623_163953_final,1410,141486,2026-06-23T16:42:14.965455,Pas tensometryczny,-5196556,-5196556,true
session_20260623_163953_final,1411,141630,2026-06-23T16:42:15.109345,Pas tensometryczny,-5196083,-5196083,true
session_20260623_163953_final,1412,141710,2026-06-23T16:42:15.189597,Pas tensometryczny,-5195676,-5195676,true
session_20260623_163953_final,1413,141802,2026-06-23T16:42:15.281344,Pas tensometryczny,-5195283,-5195283,true
session_20260623_163953_final,1414,141892,2026-06-23T16:42:15.371044,Pas tensometryczny,-5195111,-5195111,true
session_20260623_163953_final,1415,141983,2026-06-23T16:42:15.462245,Pas tensometryczny,-5194153,-5194153,true
session_20260623_163953_final,1416,142116,2026-06-23T16:42:15.595466,Pas tensometryczny,-5193674,-5193674,true
session_20260623_163953_final,1417,142207,2026-06-23T16:42:15.686222,Pas tensometryczny,-5193410,-5193410,true
session_20260623_163953_final,1418,142300,2026-06-23T16:42:15.778905,Pas tensometryczny,-5193042,-5193042,true
session_20260623_163953_final,1419,142437,2026-06-23T16:42:15.916563,Pas tensometryczny,-5192624,-5192624,true
session_20260623_163953_final,1420,142530,2026-06-23T16:42:16.009198,Pas tensometryczny,-5192560,-5192560,true
session_20260623_163953_final,1421,142613,2026-06-23T16:42:16.091927,Pas tensometryczny,-5192443,-5192443,true
session_20260623_163953_final,1422,142702,2026-06-23T16:42:16.180980,Pas tensometryczny,-5191995,-5191995,true
session_20260623_163953_final,1423,142798,2026-06-23T16:42:16.277479,Pas tensometryczny,-5191599,-5191599,true
session_20260623_163953_final,1424,142930,2026-06-23T16:42:16.409428,Pas tensometryczny,-5191249,-5191249,true
session_20260623_163953_final,1425,143061,2026-06-23T16:42:16.540239,Pas tensometryczny,-5191026,-5191026,true
session_20260623_163953_final,1426,143106,2026-06-23T16:42:16.585744,Pas tensometryczny,-5190881,-5190881,true
session_20260623_163953_final,1427,143203,2026-06-23T16:42:16.682551,Pas tensometryczny,-5190723,-5190723,true
session_20260623_163953_final,1428,143290,2026-06-23T16:42:16.769463,Pas tensometryczny,-5190599,-5190599,true
session_20260623_163953_final,1429,143421,2026-06-23T16:42:16.900039,Pas tensometryczny,-5190382,-5190382,true
session_20260623_163953_final,1430,143511,2026-06-23T16:42:16.989963,Pas tensometryczny,-5190192,-5190192,true
session_20260623_163953_final,1431,143605,2026-06-23T16:42:17.084544,Pas tensometryczny,-5189954,-5189954,true
session_20260623_163953_final,1432,143694,2026-06-23T16:42:17.172983,Pas tensometryczny,-5189755,-5189755,true
session_20260623_163953_final,1433,143828,2026-06-23T16:42:17.306995,Pas tensometryczny,-5189673,-5189673,true
session_20260623_163953_final,1434,143921,2026-06-23T16:42:17.400224,Pas tensometryczny,-5189984,-5189984,true
session_20260623_163953_final,1435,144012,2026-06-23T16:42:17.491337,Pas tensometryczny,-5190776,-5190776,true
session_20260623_163953_final,1436,144098,2026-06-23T16:42:17.577413,Pas tensometryczny,-5191344,-5191344,true
session_20260623_163953_final,1437,144190,2026-06-23T16:42:17.669658,Pas tensometryczny,-5191390,-5191390,true
session_20260623_163953_final,1438,144323,2026-06-23T16:42:17.802264,Pas tensometryczny,-5191150,-5191150,true
session_20260623_163953_final,1439,144411,2026-06-23T16:42:17.890556,Pas tensometryczny,-5191086,-5191086,true
session_20260623_163953_final,1440,144506,2026-06-23T16:42:17.985790,Pas tensometryczny,-5191231,-5191231,true
session_20260623_163953_final,1441,144591,2026-06-23T16:42:18.070429,Pas tensometryczny,-5191616,-5191616,true
session_20260623_163953_final,1442,144725,2026-06-23T16:42:18.204350,Pas tensometryczny,-5192265,-5192265,true
session_20260623_163953_final,1443,144816,2026-06-23T16:42:18.295494,Pas tensometryczny,-5192980,-5192980,true
session_20260623_163953_final,1444,144911,2026-06-23T16:42:18.390494,Pas tensometryczny,-5193431,-5193431,true
session_20260623_163953_final,1445,145008,2026-06-23T16:42:18.487100,Pas tensometryczny,-5193350,-5193350,true
session_20260623_163953_final,1446,145133,2026-06-23T16:42:18.612406,Pas tensometryczny,-5193332,-5193332,true
session_20260623_163953_final,1447,145225,2026-06-23T16:42:18.704075,Pas tensometryczny,-5193699,-5193699,true
session_20260623_163953_final,1448,145324,2026-06-23T16:42:18.802911,Pas tensometryczny,-5194316,-5194316,true
session_20260623_163953_final,1449,145400,2026-06-23T16:42:18.879790,Pas tensometryczny,-5194872,-5194872,true
session_20260623_163953_final,1450,145490,2026-06-23T16:42:18.969096,Pas tensometryczny,-5195342,-5195342,true
session_20260623_163953_final,1451,145627,2026-06-23T16:42:19.106446,Pas tensometryczny,-5196107,-5196107,true
session_20260623_163953_final,1452,145716,2026-06-23T16:42:19.195096,Pas tensometryczny,-5197270,-5197270,true
session_20260623_163953_final,1453,145806,2026-06-23T16:42:19.285487,Pas tensometryczny,-5198124,-5198124,true
session_20260623_163953_final,1454,145896,2026-06-23T16:42:19.375048,Pas tensometryczny,-5198659,-5198659,true
session_20260623_163953_final,1455,146031,2026-06-23T16:42:19.510463,Pas tensometryczny,-5199151,-5199151,true
session_20260623_163953_final,1456,146124,2026-06-23T16:42:19.603655,Pas tensometryczny,-5199749,-5199749,true
session_20260623_163953_final,1457,146211,2026-06-23T16:42:19.689985,Pas tensometryczny,-5200186,-5200186,true
session_20260623_163953_final,1458,146305,2026-06-23T16:42:19.783862,Pas tensometryczny,-5200655,-5200655,true
session_20260623_163953_final,1459,146391,2026-06-23T16:42:19.870228,Pas tensometryczny,-5201145,-5201145,true
session_20260623_163953_final,1460,146525,2026-06-23T16:42:20.004504,Pas tensometryczny,-5201682,-5201682,true
session_20260623_163953_final,1461,146614,2026-06-23T16:42:20.093799,Pas tensometryczny,-5202246,-5202246,true
session_20260623_163953_final,1462,146727,2026-06-23T16:42:20.206020,Pas tensometryczny,-5202624,-5202624,true
session_20260623_163953_final,1463,146794,2026-06-23T16:42:20.273668,Pas tensometryczny,-5202948,-5202948,true
session_20260623_163953_final,1464,146931,2026-06-23T16:42:20.410457,Pas tensometryczny,-5203361,-5203361,true
session_20260623_163953_final,1465,147024,2026-06-23T16:42:20.502901,Pas tensometryczny,-5203699,-5203699,true
session_20260623_163953_final,1466,147157,2026-06-23T16:42:20.636134,Pas tensometryczny,-5204018,-5204018,true
session_20260623_163953_final,1467,147201,2026-06-23T16:42:20.679876,Pas tensometryczny,-5204923,-5204923,true
session_20260623_163953_final,1468,147343,2026-06-23T16:42:20.822093,Pas tensometryczny,-5205385,-5205385,true
session_20260623_163953_final,1469,147471,2026-06-23T16:42:20.950587,Pas tensometryczny,-5205810,-5205810,true
session_20260623_163953_final,1470,147522,2026-06-23T16:42:21.000880,Pas tensometryczny,-5206205,-5206205,true
session_20260623_163953_final,1471,147606,2026-06-23T16:42:21.085642,Pas tensometryczny,-5206562,-5206562,true
session_20260623_163953_final,1472,147695,2026-06-23T16:42:21.174260,Pas tensometryczny,-5206956,-5206956,true
session_20260623_163953_final,1473,147831,2026-06-23T16:42:21.310092,Pas tensometryczny,-5207334,-5207334,true
session_20260623_163953_final,1474,147921,2026-06-23T16:42:21.400735,Pas tensometryczny,-5207680,-5207680,true
session_20260623_163953_final,1475,148028,2026-06-23T16:42:21.506883,Pas tensometryczny,-5208087,-5208087,true
session_20260623_163953_final,1476,148101,2026-06-23T16:42:21.580594,Pas tensometryczny,-5208500,-5208500,true
session_20260623_163953_final,1477,148237,2026-06-23T16:42:21.715922,Pas tensometryczny,-5208850,-5208850,true
session_20260623_163953_final,1478,148325,2026-06-23T16:42:21.804725,Pas tensometryczny,-5209157,-5209157,true
session_20260623_163953_final,1479,148420,2026-06-23T16:42:21.899382,Pas tensometryczny,-5209642,-5209642,true
session_20260623_163953_final,1480,148506,2026-06-23T16:42:21.985235,Pas tensometryczny,-5210330,-5210330,true
session_20260623_163953_final,1481,148649,2026-06-23T16:42:22.128354,Pas tensometryczny,-5210941,-5210941,true
session_20260623_163953_final,1482,148732,2026-06-23T16:42:22.211411,Pas tensometryczny,-5211339,-5211339,true
session_20260623_163953_final,1483,148821,2026-06-23T16:42:22.300729,Pas tensometryczny,-5211669,-5211669,true
session_20260623_163953_final,1484,148912,2026-06-23T16:42:22.391634,Pas tensometryczny,-5212001,-5212001,true
session_20260623_163953_final,1485,149001,2026-06-23T16:42:22.480762,Pas tensometryczny,-5212093,-5212093,true
session_20260623_163953_final,1486,149137,2026-06-23T16:42:22.616088,Pas tensometryczny,-5212215,-5212215,true
session_20260623_163953_final,1487,149226,2026-06-23T16:42:22.705065,Pas tensometryczny,-5212427,-5212427,true
session_20260623_163953_final,1488,149319,2026-06-23T16:42:22.798063,Pas tensometryczny,-5212566,-5212566,true
session_20260623_163953_final,1489,149408,2026-06-23T16:42:22.887565,Pas tensometryczny,-5212787,-5212787,true
session_20260623_163953_final,1490,149539,2026-06-23T16:42:23.018674,Pas tensometryczny,-5213078,-5213078,true
session_20260623_163953_final,1491,149631,2026-06-23T16:42:23.110557,Pas tensometryczny,-5213348,-5213348,true
session_20260623_163953_final,1492,149722,2026-06-23T16:42:23.201396,Pas tensometryczny,-5213556,-5213556,true
session_20260623_163953_final,1493,149811,2026-06-23T16:42:23.290646,Pas tensometryczny,-5213588,-5213588,true
session_20260623_163953_final,1494,149906,2026-06-23T16:42:23.385069,Pas tensometryczny,-5213632,-5213632,true
session_20260623_163953_final,1495,150036,2026-06-23T16:42:23.515619,Pas tensometryczny,-5213537,-5213537,true
session_20260623_163953_final,1496,150126,2026-06-23T16:42:23.605309,Pas tensometryczny,-5213483,-5213483,true
session_20260623_163953_final,1497,150217,2026-06-23T16:42:23.696262,Pas tensometryczny,-5213575,-5213575,true
session_20260623_163953_final,1498,150305,2026-06-23T16:42:23.784719,Pas tensometryczny,-5213722,-5213722,true
session_20260623_163953_final,1499,150440,2026-06-23T16:42:23.919138,Pas tensometryczny,-5213260,-5213260,true
session_20260623_163953_final,1500,150540,2026-06-23T16:42:24.019729,Pas tensometryczny,-5212408,-5212408,true
session_20260623_163953_final,1501,150624,2026-06-23T16:42:24.103199,Pas tensometryczny,-5211416,-5211416,true
session_20260623_163953_final,1502,150722,2026-06-23T16:42:24.201181,Pas tensometryczny,-5210372,-5210372,true
session_20260623_163953_final,1503,150845,2026-06-23T16:42:24.324811,Pas tensometryczny,-5209546,-5209546,true
session_20260623_163953_final,1504,150936,2026-06-23T16:42:24.415246,Pas tensometryczny,-5208913,-5208913,true
session_20260623_163953_final,1505,151038,2026-06-23T16:42:24.517499,Pas tensometryczny,-5208228,-5208228,true
session_20260623_163953_final,1506,151163,2026-06-23T16:42:24.642339,Pas tensometryczny,-5207271,-5207271,true
session_20260623_163953_final,1507,151219,2026-06-23T16:42:24.698498,Pas tensometryczny,-5206222,-5206222,true
session_20260623_163953_final,1508,151341,2026-06-23T16:42:24.820033,Pas tensometryczny,-5205335,-5205335,true
session_20260623_163953_final,1509,151431,2026-06-23T16:42:24.910060,Pas tensometryczny,-5204523,-5204523,true
session_20260623_163953_final,1510,151520,2026-06-23T16:42:24.998902,Pas tensometryczny,-5203838,-5203838,true
session_20260623_163953_final,1511,151610,2026-06-23T16:42:25.089420,Pas tensometryczny,-5203310,-5203310,true
session_20260623_163953_final,1512,151748,2026-06-23T16:42:25.226957,Pas tensometryczny,-5202609,-5202609,true
session_20260623_163953_final,1513,151838,2026-06-23T16:42:25.317117,Pas tensometryczny,-5201742,-5201742,true
session_20260623_163953_final,1514,151925,2026-06-23T16:42:25.404186,Pas tensometryczny,-5200868,-5200868,true
session_20260623_163953_final,1515,152025,2026-06-23T16:42:25.504540,Pas tensometryczny,-5200164,-5200164,true
session_20260623_163953_final,1516,152109,2026-06-23T16:42:25.588158,Pas tensometryczny,-5199518,-5199518,true
session_20260623_163953_final,1517,152242,2026-06-23T16:42:25.721479,Pas tensometryczny,-5199125,-5199125,true
session_20260623_163953_final,1518,152386,2026-06-23T16:42:25.865316,Pas tensometryczny,-5198660,-5198660,true
session_20260623_163953_final,1519,152421,2026-06-23T16:42:25.900217,Pas tensometryczny,-5198105,-5198105,true
session_20260623_163953_final,1520,152510,2026-06-23T16:42:25.989494,Pas tensometryczny,-5196677,-5196677,true
session_20260623_163953_final,1521,152645,2026-06-23T16:42:26.124110,Pas tensometryczny,-5196074,-5196074,true
session_20260623_163953_final,1522,152744,2026-06-23T16:42:26.222859,Pas tensometryczny,-5195589,-5195589,true
session_20260623_163953_final,1523,152828,2026-06-23T16:42:26.307643,Pas tensometryczny,-5195162,-5195162,true
session_20260623_163953_final,1524,152915,2026-06-23T16:42:26.394116,Pas tensometryczny,-5194659,-5194659,true
session_20260623_163953_final,1525,153050,2026-06-23T16:42:26.529382,Pas tensometryczny,-5194240,-5194240,true
session_20260623_163953_final,1526,153141,2026-06-23T16:42:26.619948,Pas tensometryczny,-5193695,-5193695,true
session_20260623_163953_final,1527,153246,2026-06-23T16:42:26.725364,Pas tensometryczny,-5193069,-5193069,true
session_20260623_163953_final,1528,153326,2026-06-23T16:42:26.805305,Pas tensometryczny,-5192616,-5192616,true
session_20260623_163953_final,1529,153416,2026-06-23T16:42:26.895226,Pas tensometryczny,-5192435,-5192435,true
session_20260623_163953_final,1530,153546,2026-06-23T16:42:27.024957,Pas tensometryczny,-5192136,-5192136,true
session_20260623_163953_final,1531,153636,2026-06-23T16:42:27.115225,Pas tensometryczny,-5191890,-5191890,true
session_20260623_163953_final,1532,153728,2026-06-23T16:42:27.206963,Pas tensometryczny,-5191877,-5191877,true
session_20260623_163953_final,1533,153818,2026-06-23T16:42:27.296945,Pas tensometryczny,-5191962,-5191962,true
session_20260623_163953_final,1534,153950,2026-06-23T16:42:27.429751,Pas tensometryczny,-5192305,-5192305,true
session_20260623_163953_final,1535,154041,2026-06-23T16:42:27.520583,Pas tensometryczny,-5192796,-5192796,true
session_20260623_163953_final,1536,154143,2026-06-23T16:42:27.622611,Pas tensometryczny,-5192826,-5192826,true
session_20260623_163953_final,1537,154220,2026-06-23T16:42:27.699611,Pas tensometryczny,-5192509,-5192509,true
session_20260623_163953_final,1538,154312,2026-06-23T16:42:27.790909,Pas tensometryczny,-5192846,-5192846,true
session_20260623_163953_final,1539,154447,2026-06-23T16:42:27.926209,Pas tensometryczny,-5193400,-5193400,true
session_20260623_163953_final,1540,154537,2026-06-23T16:42:28.015939,Pas tensometryczny,-5194153,-5194153,true
session_20260623_163953_final,1541,154626,2026-06-23T16:42:28.105449,Pas tensometryczny,-5194920,-5194920,true
session_20260623_163953_final,1542,154720,2026-06-23T16:42:28.199037,Pas tensometryczny,-5195255,-5195255,true
session_20260623_163953_final,1543,154850,2026-06-23T16:42:28.329247,Pas tensometryczny,-5194661,-5194661,true
session_20260623_163953_final,1544,154941,2026-06-23T16:42:28.420371,Pas tensometryczny,-5193684,-5193684,true
session_20260623_163953_final,1545,155036,2026-06-23T16:42:28.515745,Pas tensometryczny,-5192823,-5192823,true
session_20260623_163953_final,1546,155122,2026-06-23T16:42:28.601259,Pas tensometryczny,-5192231,-5192231,true
session_20260623_163953_final,1547,155256,2026-06-23T16:42:28.735648,Pas tensometryczny,-5192604,-5192604,true
session_20260623_163953_final,1548,155346,2026-06-23T16:42:28.825391,Pas tensometryczny,-5193454,-5193454,true
session_20260623_163953_final,1549,155437,2026-06-23T16:42:28.916162,Pas tensometryczny,-5194040,-5194040,true
session_20260623_163953_final,1550,155526,2026-06-23T16:42:29.004902,Pas tensometryczny,-5194580,-5194580,true
session_20260623_163953_final,1551,155616,2026-06-23T16:42:29.095721,Pas tensometryczny,-5195681,-5195681,true
session_20260623_163953_final,1552,155756,2026-06-23T16:42:29.235385,Pas tensometryczny,-5197083,-5197083,true
session_20260623_163953_final,1553,155850,2026-06-23T16:42:29.329009,Pas tensometryczny,-5198220,-5198220,true
session_20260623_163953_final,1554,155976,2026-06-23T16:42:29.455013,Pas tensometryczny,-5199119,-5199119,true
session_20260623_163953_final,1555,156033,2026-06-23T16:42:29.512316,Pas tensometryczny,-5200035,-5200035,true
session_20260623_163953_final,1556,156156,2026-06-23T16:42:29.635698,Pas tensometryczny,-5200908,-5200908,true
session_20260623_163953_final,1557,156246,2026-06-23T16:42:29.725457,Pas tensometryczny,-5201534,-5201534,true
session_20260623_163953_final,1558,156341,2026-06-23T16:42:29.819998,Pas tensometryczny,-5201801,-5201801,true
session_20260623_163953_final,1559,156441,2026-06-23T16:42:29.920193,Pas tensometryczny,-5202083,-5202083,true
session_20260623_163953_final,1560,156518,2026-06-23T16:42:29.997296,Pas tensometryczny,-5202490,-5202490,true
session_20260623_163953_final,1561,156653,2026-06-23T16:42:30.132196,Pas tensometryczny,-5202947,-5202947,true
session_20260623_163953_final,1562,156741,2026-06-23T16:42:30.220315,Pas tensometryczny,-5203392,-5203392,true
session_20260623_163953_final,1563,156831,2026-06-23T16:42:30.310580,Pas tensometryczny,-5203839,-5203839,true
session_20260623_163953_final,1564,156923,2026-06-23T16:42:30.402745,Pas tensometryczny,-5204407,-5204407,true
session_20260623_163953_final,1565,157059,2026-06-23T16:42:30.537944,Pas tensometryczny,-5205061,-5205061,true
session_20260623_163953_final,1566,157149,2026-06-23T16:42:30.628720,Pas tensometryczny,-5205517,-5205517,true
session_20260623_163953_final,1567,157245,2026-06-23T16:42:30.724087,Pas tensometryczny,-5205886,-5205886,true
session_20260623_163953_final,1568,157326,2026-06-23T16:42:30.805466,Pas tensometryczny,-5206366,-5206366,true
session_20260623_163953_final,1569,157462,2026-06-23T16:42:30.941019,Pas tensometryczny,-5206913,-5206913,true
session_20260623_163953_final,1570,157551,2026-06-23T16:42:31.030079,Pas tensometryczny,-5207455,-5207455,true
session_20260623_163953_final,1571,157686,2026-06-23T16:42:31.165377,Pas tensometryczny,-5207979,-5207979,true
session_20260623_163953_final,1572,157737,2026-06-23T16:42:31.216635,Pas tensometryczny,-5209461,-5209461,true
session_20260623_163953_final,1573,157820,2026-06-23T16:42:31.299189,Pas tensometryczny,-5210064,-5210064,true
session_20260623_163953_final,1574,157956,2026-06-23T16:42:31.434846,Pas tensometryczny,-5210309,-5210309,true
session_20260623_163953_final,1575,158045,2026-06-23T16:42:31.524159,Pas tensometryczny,-5210420,-5210420,true
session_20260623_163953_final,1576,158135,2026-06-23T16:42:31.614768,Pas tensometryczny,-5210443,-5210443,true
session_20260623_163953_final,1577,158226,2026-06-23T16:42:31.705109,Pas tensometryczny,-5210436,-5210436,true
session_20260623_163953_final,1578,158375,2026-06-23T16:42:31.854762,Pas tensometryczny,-5210516,-5210516,true
session_20260623_163953_final,1579,158451,2026-06-23T16:42:31.930511,Pas tensometryczny,-5210683,-5210683,true
session_20260623_163953_final,1580,158543,2026-06-23T16:42:32.022455,Pas tensometryczny,-5210932,-5210932,true
session_20260623_163953_final,1581,158631,2026-06-23T16:42:32.110012,Pas tensometryczny,-5211119,-5211119,true
session_20260623_163953_final,1582,158774,2026-06-23T16:42:32.253504,Pas tensometryczny,-5211420,-5211420,true
session_20260623_163953_final,1583,158859,2026-06-23T16:42:32.338129,Pas tensometryczny,-5211782,-5211782,true
session_20260623_163953_final,1584,158944,2026-06-23T16:42:32.423345,Pas tensometryczny,-5212208,-5212208,true
session_20260623_163953_final,1585,159034,2026-06-23T16:42:32.513464,Pas tensometryczny,-5212510,-5212510,true
session_20260623_163953_final,1586,159124,2026-06-23T16:42:32.603622,Pas tensometryczny,-5212849,-5212849,true
session_20260623_163953_final,1587,159276,2026-06-23T16:42:32.755730,Pas tensometryczny,-5213107,-5213107,true
session_20260623_163953_final,1588,159359,2026-06-23T16:42:32.838262,Pas tensometryczny,-5213396,-5213396,true
session_20260623_163953_final,1589,159440,2026-06-23T16:42:32.919462,Pas tensometryczny,-5213554,-5213554,true
session_20260623_163953_final,1590,159530,2026-06-23T16:42:33.009655,Pas tensometryczny,-5213596,-5213596,true
session_20260623_163953_final,1591,159666,2026-06-23T16:42:33.144844,Pas tensometryczny,-5213511,-5213511,true
session_20260623_163953_final,1592,159760,2026-06-23T16:42:33.239779,Pas tensometryczny,-5213262,-5213262,true
session_20260623_163953_final,1593,159849,2026-06-23T16:42:33.328368,Pas tensometryczny,-5213181,-5213181,true
session_20260623_163953_final,1594,159937,2026-06-23T16:42:33.416098,Pas tensometryczny,-5213382,-5213382,true
session_20260623_163953_final,1595,160069,2026-06-23T16:42:33.548642,Pas tensometryczny,-5213586,-5213586,true
session_20260623_163953_final,1596,160160,2026-06-23T16:42:33.639259,Pas tensometryczny,-5213703,-5213703,true
session_20260623_163953_final,1597,160252,2026-06-23T16:42:33.730878,Pas tensometryczny,-5213871,-5213871,true
session_20260623_163953_final,1598,160340,2026-06-23T16:42:33.819238,Pas tensometryczny,-5213973,-5213973,true
session_20260623_163953_final,1599,160476,2026-06-23T16:42:33.955267,Pas tensometryczny,-5213976,-5213976,true
session_20260623_163953_final,1600,160566,2026-06-23T16:42:34.045795,Pas tensometryczny,-5214077,-5214077,true
session_20260623_163953_final,1601,160655,2026-06-23T16:42:34.134121,Pas tensometryczny,-5213691,-5213691,true
session_20260623_163953_final,1602,160745,2026-06-23T16:42:34.224061,Pas tensometryczny,-5212678,-5212678,true
session_20260623_163953_final,1603,160837,2026-06-23T16:42:34.316523,Pas tensometryczny,-5211460,-5211460,true
session_20260623_163953_final,1604,160970,2026-06-23T16:42:34.449475,Pas tensometryczny,-5210534,-5210534,true
session_20260623_163953_final,1605,161061,2026-06-23T16:42:34.539860,Pas tensometryczny,-5209832,-5209832,true
session_20260623_163953_final,1606,161154,2026-06-23T16:42:34.633350,Pas tensometryczny,-5208810,-5208810,true
session_20260623_163953_final,1607,161242,2026-06-23T16:42:34.721222,Pas tensometryczny,-5207682,-5207682,true
session_20260623_163953_final,1608,161332,2026-06-23T16:42:34.811346,Pas tensometryczny,-5206726,-5206726,true
session_20260623_163953_final,1609,161466,2026-06-23T16:42:34.945222,Pas tensometryczny,-5205775,-5205775,true
session_20260623_163953_final,1610,161562,2026-06-23T16:42:35.041598,Pas tensometryczny,-5204857,-5204857,true
session_20260623_163953_final,1611,161645,2026-06-23T16:42:35.124811,Pas tensometryczny,-5204186,-5204186,true
session_20260623_163953_final,1612,161739,2026-06-23T16:42:35.218232,Pas tensometryczny,-5203646,-5203646,true
session_20260623_163953_final,1613,161873,2026-06-23T16:42:35.351871,Pas tensometryczny,-5202876,-5202876,true
session_20260623_163953_final,1614,161972,2026-06-23T16:42:35.451328,Pas tensometryczny,-5202022,-5202022,true
session_20260623_163953_final,1615,162053,2026-06-23T16:42:35.532085,Pas tensometryczny,-5201184,-5201184,true
session_20260623_163953_final,1616,162143,2026-06-23T16:42:35.622274,Pas tensometryczny,-5200541,-5200541,true
session_20260623_163953_final,1617,162230,2026-06-23T16:42:35.708937,Pas tensometryczny,-5199969,-5199969,true
session_20260623_163953_final,1618,162366,2026-06-23T16:42:35.845124,Pas tensometryczny,-5199399,-5199399,true
session_20260623_163953_final,1619,162459,2026-06-23T16:42:35.938195,Pas tensometryczny,-5198932,-5198932,true
session_20260623_163953_final,1620,162546,2026-06-23T16:42:36.024927,Pas tensometryczny,-5198263,-5198263,true
session_20260623_163953_final,1621,162682,2026-06-23T16:42:36.161602,Pas tensometryczny,-5197476,-5197476,true
session_20260623_163953_final,1622,162770,2026-06-23T16:42:36.249575,Pas tensometryczny,-5196766,-5196766,true
session_20260623_163953_final,1623,162861,2026-06-23T16:42:36.340085,Pas tensometryczny,-5196216,-5196216,true
session_20260623_163953_final,1624,162949,2026-06-23T16:42:36.428696,Pas tensometryczny,-5195474,-5195474,true
session_20260623_163953_final,1625,163053,2026-06-23T16:42:36.532321,Pas tensometryczny,-5194869,-5194869,true
session_20260623_163953_final,1626,163175,2026-06-23T16:42:36.654631,Pas tensometryczny,-5194055,-5194055,true
session_20260623_163953_final,1627,163278,2026-06-23T16:42:36.757121,Pas tensometryczny,-5193431,-5193431,true
session_20260623_163953_final,1628,163358,2026-06-23T16:42:36.837120,Pas tensometryczny,-5192902,-5192902,true
session_20260623_163953_final,1629,163445,2026-06-23T16:42:36.924310,Pas tensometryczny,-5192306,-5192306,true
session_20260623_163953_final,1630,163543,2026-06-23T16:42:37.022137,Pas tensometryczny,-5191770,-5191770,true
session_20260623_163953_final,1631,163672,2026-06-23T16:42:37.150926,Pas tensometryczny,-5191455,-5191455,true
session_20260623_163953_final,1632,163759,2026-06-23T16:42:37.238656,Pas tensometryczny,-5190892,-5190892,true
session_20260623_163953_final,1633,163850,2026-06-23T16:42:37.328906,Pas tensometryczny,-5190173,-5190173,true
session_20260623_163953_final,1634,163957,2026-06-23T16:42:37.436220,Pas tensometryczny,-5189598,-5189598,true
session_20260623_163953_final,1635,164075,2026-06-23T16:42:37.554052,Pas tensometryczny,-5189241,-5189241,true
session_20260623_163953_final,1636,164164,2026-06-23T16:42:37.643777,Pas tensometryczny,-5189170,-5189170,true
session_20260623_163953_final,1637,164256,2026-06-23T16:42:37.735321,Pas tensometryczny,-5189366,-5189366,true
session_20260623_163953_final,1638,164391,2026-06-23T16:42:37.870224,Pas tensometryczny,-5189173,-5189173,true
session_20260623_163953_final,1639,164445,2026-06-23T16:42:37.924060,Pas tensometryczny,-5188996,-5188996,true
session_20260623_163953_final,1640,164570,2026-06-23T16:42:38.049758,Pas tensometryczny,-5188991,-5188991,true
session_20260623_163953_final,1641,164663,2026-06-23T16:42:38.141901,Pas tensometryczny,-5189078,-5189078,true
session_20260623_163953_final,1642,164750,2026-06-23T16:42:38.229271,Pas tensometryczny,-5189318,-5189318,true
session_20260623_163953_final,1643,164841,2026-06-23T16:42:38.320478,Pas tensometryczny,-5189977,-5189977,true
session_20260623_163953_final,1644,164979,2026-06-23T16:42:38.458054,Pas tensometryczny,-5190953,-5190953,true
session_20260623_163953_final,1645,165066,2026-06-23T16:42:38.544936,Pas tensometryczny,-5191815,-5191815,true
session_20260623_163953_final,1646,165155,2026-06-23T16:42:38.633830,Pas tensometryczny,-5192334,-5192334,true
session_20260623_163953_final,1647,165258,2026-06-23T16:42:38.736910,Pas tensometryczny,-5192700,-5192700,true
session_20260623_163953_final,1648,165380,2026-06-23T16:42:38.859592,Pas tensometryczny,-5193163,-5193163,true
session_20260623_163953_final,1649,165470,2026-06-23T16:42:38.949182,Pas tensometryczny,-5193721,-5193721,true
session_20260623_163953_final,1650,165560,2026-06-23T16:42:39.039690,Pas tensometryczny,-5194594,-5194594,true
session_20260623_163953_final,1651,165653,2026-06-23T16:42:39.132210,Pas tensometryczny,-5196599,-5196599,true
session_20260623_163953_final,1652,165741,2026-06-23T16:42:39.220570,Pas tensometryczny,-5197642,-5197642,true
session_20260623_163953_final,1653,165875,2026-06-23T16:42:39.354041,Pas tensometryczny,-5198265,-5198265,true
session_20260623_163953_final,1654,165968,2026-06-23T16:42:39.447201,Pas tensometryczny,-5198752,-5198752,true
session_20260623_163953_final,1655,166057,2026-06-23T16:42:39.535823,Pas tensometryczny,-5199351,-5199351,true
session_20260623_163953_final,1656,166154,2026-06-23T16:42:39.632883,Pas tensometryczny,-5200050,-5200050,true
session_20260623_163953_final,1657,166284,2026-06-23T16:42:39.763304,Pas tensometryczny,-5200601,-5200601,true
session_20260623_163953_final,1658,166373,2026-06-23T16:42:39.852370,Pas tensometryczny,-5201106,-5201106,true
session_20260623_163953_final,1659,166472,2026-06-23T16:42:39.951229,Pas tensometryczny,-5201625,-5201625,true
session_20260623_163953_final,1660,166554,2026-06-23T16:42:40.033689,Pas tensometryczny,-5202269,-5202269,true
session_20260623_163953_final,1661,166686,2026-06-23T16:42:40.165025,Pas tensometryczny,-5202780,-5202780,true
session_20260623_163953_final,1662,166782,2026-06-23T16:42:40.261638,Pas tensometryczny,-5202902,-5202902,true
session_20260623_163953_final,1663,166865,2026-06-23T16:42:40.344773,Pas tensometryczny,-5203095,-5203095,true
session_20260623_163953_final,1664,166958,2026-06-23T16:42:40.437730,Pas tensometryczny,-5203412,-5203412,true
session_20260623_163953_final,1665,167050,2026-06-23T16:42:40.529123,Pas tensometryczny,-5203660,-5203660,true
session_20260623_163953_final,1666,167182,2026-06-23T16:42:40.661586,Pas tensometryczny,-5203969,-5203969,true
session_20260623_163953_final,1667,167274,2026-06-23T16:42:40.753463,Pas tensometryczny,-5204320,-5204320,true
session_20260623_163953_final,1668,167365,2026-06-23T16:42:40.843976,Pas tensometryczny,-5204835,-5204835,true
session_20260623_163953_final,1669,167452,2026-06-23T16:42:40.931380,Pas tensometryczny,-5205247,-5205247,true
session_20260623_163953_final,1670,167591,2026-06-23T16:42:41.070542,Pas tensometryczny,-5205231,-5205231,true
session_20260623_163953_final,1671,167678,2026-06-23T16:42:41.157288,Pas tensometryczny,-5205270,-5205270,true
session_20260623_163953_final,1672,167767,2026-06-23T16:42:41.246060,Pas tensometryczny,-5205561,-5205561,true
session_20260623_163953_final,1673,167860,2026-06-23T16:42:41.338878,Pas tensometryczny,-5205874,-5205874,true
session_20260623_163953_final,1674,167945,2026-06-23T16:42:41.423976,Pas tensometryczny,-5206189,-5206189,true
session_20260623_163953_final,1675,168082,2026-06-23T16:42:41.560875,Pas tensometryczny,-5206342,-5206342,true
session_20260623_163953_final,1676,168183,2026-06-23T16:42:41.661866,Pas tensometryczny,-5206638,-5206638,true
session_20260623_163953_final,1677,168260,2026-06-23T16:42:41.739222,Pas tensometryczny,-5207169,-5207169,true
session_20260623_163953_final,1678,168360,2026-06-23T16:42:41.839314,Pas tensometryczny,-5208122,-5208122,true
session_20260623_163953_final,1679,168486,2026-06-23T16:42:41.965798,Pas tensometryczny,-5208398,-5208398,true
session_20260623_163953_final,1680,168579,2026-06-23T16:42:42.058032,Pas tensometryczny,-5208873,-5208873,true
session_20260623_163953_final,1681,168666,2026-06-23T16:42:42.145013,Pas tensometryczny,-5209434,-5209434,true
session_20260623_163953_final,1682,168758,2026-06-23T16:42:42.237147,Pas tensometryczny,-5209857,-5209857,true
session_20260623_163953_final,1683,168901,2026-06-23T16:42:42.380329,Pas tensometryczny,-5210151,-5210151,true
session_20260623_163953_final,1684,168981,2026-06-23T16:42:42.460135,Pas tensometryczny,-5210403,-5210403,true
session_20260623_163953_final,1685,169071,2026-06-23T16:42:42.550612,Pas tensometryczny,-5210833,-5210833,true
session_20260623_163953_final,1686,169160,2026-06-23T16:42:42.639412,Pas tensometryczny,-5211022,-5211022,true
session_20260623_163953_final,1687,169251,2026-06-23T16:42:42.730678,Pas tensometryczny,-5211202,-5211202,true
session_20260623_163953_final,1688,169386,2026-06-23T16:42:42.864944,Pas tensometryczny,-5211471,-5211471,true
session_20260623_163953_final,1689,169493,2026-06-23T16:42:42.972064,Pas tensometryczny,-5211742,-5211742,true
session_20260623_163953_final,1690,169565,2026-06-23T16:42:43.043988,Pas tensometryczny,-5212120,-5212120,true
session_20260623_163953_final,1691,169661,2026-06-23T16:42:43.140742,Pas tensometryczny,-5212470,-5212470,true
session_20260623_163953_final,1692,169791,2026-06-23T16:42:43.270732,Pas tensometryczny,-5212710,-5212710,true
session_20260623_163953_final,1693,169880,2026-06-23T16:42:43.359661,Pas tensometryczny,-5212963,-5212963,true
session_20260623_163953_final,1694,169975,2026-06-23T16:42:43.454219,Pas tensometryczny,-5212963,-5212963,true
session_20260623_163953_final,1695,170063,2026-06-23T16:42:43.542403,Pas tensometryczny,-5212692,-5212692,true
session_20260623_163953_final,1696,170151,2026-06-23T16:42:43.630298,Pas tensometryczny,-5212266,-5212266,true
session_20260623_163953_final,1697,170288,2026-06-23T16:42:43.767406,Pas tensometryczny,-5211736,-5211736,true
session_20260623_163953_final,1698,170375,2026-06-23T16:42:43.854808,Pas tensometryczny,-5211242,-5211242,true
session_20260623_163953_final,1699,170466,2026-06-23T16:42:43.945442,Pas tensometryczny,-5210941,-5210941,true
session_20260623_163953_final,1700,170557,2026-06-23T16:42:44.036431,Pas tensometryczny,-5210780,-5210780,true
session_20260623_163953_final,1701,170691,2026-06-23T16:42:44.170024,Pas tensometryczny,-5210212,-5210212,true
session_20260623_163953_final,1702,170797,2026-06-23T16:42:44.276771,Pas tensometryczny,-5209121,-5209121,true
session_20260623_163953_final,1703,170870,2026-06-23T16:42:44.349158,Pas tensometryczny,-5207192,-5207192,true
session_20260623_163953_final,1704,170961,2026-06-23T16:42:44.440754,Pas tensometryczny,-5206429,-5206429,true
session_20260623_163953_final,1705,171098,2026-06-23T16:42:44.577357,Pas tensometryczny,-5205670,-5205670,true
session_20260623_163953_final,1706,171186,2026-06-23T16:42:44.665454,Pas tensometryczny,-5205162,-5205162,true
session_20260623_163953_final,1707,171282,2026-06-23T16:42:44.761540,Pas tensometryczny,-5204717,-5204717,true
session_20260623_163953_final,1708,171371,2026-06-23T16:42:44.849926,Pas tensometryczny,-5204068,-5204068,true
session_20260623_163953_final,1709,171459,2026-06-23T16:42:44.938366,Pas tensometryczny,-5203266,-5203266,true
session_20260623_163953_final,1710,171595,2026-06-23T16:42:45.073895,Pas tensometryczny,-5202541,-5202541,true
session_20260623_163953_final,1711,171681,2026-06-23T16:42:45.160566,Pas tensometryczny,-5201887,-5201887,true
session_20260623_163953_final,1712,171775,2026-06-23T16:42:45.254472,Pas tensometryczny,-5201356,-5201356,true
session_20260623_163953_final,1713,171871,2026-06-23T16:42:45.349893,Pas tensometryczny,-5200968,-5200968,true
session_20260623_163953_final,1714,171996,2026-06-23T16:42:45.475400,Pas tensometryczny,-5200665,-5200665,true
session_20260623_163953_final,1715,172102,2026-06-23T16:42:45.581424,Pas tensometryczny,-5200223,-5200223,true
session_20260623_163953_final,1716,172177,2026-06-23T16:42:45.655894,Pas tensometryczny,-5199724,-5199724,true
session_20260623_163953_final,1717,172272,2026-06-23T16:42:45.751088,Pas tensometryczny,-5199274,-5199274,true
session_20260623_163953_final,1718,172356,2026-06-23T16:42:45.835100,Pas tensometryczny,-5198766,-5198766,true
session_20260623_163953_final,1719,172491,2026-06-23T16:42:45.970577,Pas tensometryczny,-5198367,-5198367,true
session_20260623_163953_final,1720,172583,2026-06-23T16:42:46.062148,Pas tensometryczny,-5198095,-5198095,true
session_20260623_163953_final,1721,172673,2026-06-23T16:42:46.152238,Pas tensometryczny,-5197688,-5197688,true
session_20260623_163953_final,1722,172772,2026-06-23T16:42:46.251218,Pas tensometryczny,-5197203,-5197203,true
session_20260623_163953_final,1723,172907,2026-06-23T16:42:46.386537,Pas tensometryczny,-5196774,-5196774,true
session_20260623_163953_final,1724,172988,2026-06-23T16:42:46.467766,Pas tensometryczny,-5196236,-5196236,true
session_20260623_163953_final,1725,173081,2026-06-23T16:42:46.559917,Pas tensometryczny,-5195790,-5195790,true
session_20260623_163953_final,1726,173177,2026-06-23T16:42:46.656056,Pas tensometryczny,-5195476,-5195476,true
session_20260623_163953_final,1727,173301,2026-06-23T16:42:46.780223,Pas tensometryczny,-5195193,-5195193,true
session_20260623_163953_final,1728,173392,2026-06-23T16:42:46.871048,Pas tensometryczny,-5194789,-5194789,true
session_20260623_163953_final,1729,173480,2026-06-23T16:42:46.959636,Pas tensometryczny,-5194351,-5194351,true
session_20260623_163953_final,1730,173575,2026-06-23T16:42:47.054648,Pas tensometryczny,-5193671,-5193671,true
session_20260623_163953_final,1731,173666,2026-06-23T16:42:47.145002,Pas tensometryczny,-5193739,-5193739,true
session_20260623_163953_final,1732,173795,2026-06-23T16:42:47.274729,Pas tensometryczny,-5194009,-5194009,true
session_20260623_163953_final,1733,173887,2026-06-23T16:42:47.365825,Pas tensometryczny,-5193735,-5193735,true
session_20260623_163953_final,1734,173975,2026-06-23T16:42:47.454769,Pas tensometryczny,-5192916,-5192916,true
session_20260623_163953_final,1735,174066,2026-06-23T16:42:47.545554,Pas tensometryczny,-5192418,-5192418,true
session_20260623_163953_final,1736,174201,2026-06-23T16:42:47.680289,Pas tensometryczny,-5192080,-5192080,true
session_20260623_163953_final,1737,174295,2026-06-23T16:42:47.774127,Pas tensometryczny,-5191667,-5191667,true
session_20260623_163953_final,1738,174394,2026-06-23T16:42:47.873154,Pas tensometryczny,-5191366,-5191366,true
session_20260623_163953_final,1739,174474,2026-06-23T16:42:47.953558,Pas tensometryczny,-5191111,-5191111,true
session_20260623_163953_final,1740,174563,2026-06-23T16:42:48.041869,Pas tensometryczny,-5190675,-5190675,true
session_20260623_163953_final,1741,174697,2026-06-23T16:42:48.176055,Pas tensometryczny,-5190197,-5190197,true
session_20260623_163953_final,1742,174786,2026-06-23T16:42:48.265391,Pas tensometryczny,-5190086,-5190086,true
session_20260623_163953_final,1743,174877,2026-06-23T16:42:48.356579,Pas tensometryczny,-5190295,-5190295,true
session_20260623_163953_final,1744,174966,2026-06-23T16:42:48.445073,Pas tensometryczny,-5190877,-5190877,true
session_20260623_163953_final,1745,175103,2026-06-23T16:42:48.582387,Pas tensometryczny,-5191425,-5191425,true
session_20260623_163953_final,1746,175191,2026-06-23T16:42:48.670589,Pas tensometryczny,-5192092,-5192092,true
session_20260623_163953_final,1747,175282,2026-06-23T16:42:48.761011,Pas tensometryczny,-5193120,-5193120,true
session_20260623_163953_final,1748,175371,2026-06-23T16:42:48.850579,Pas tensometryczny,-5194030,-5194030,true
session_20260623_163953_final,1749,175506,2026-06-23T16:42:48.985448,Pas tensometryczny,-5194336,-5194336,true
session_20260623_163953_final,1750,175605,2026-06-23T16:42:49.084079,Pas tensometryczny,-5194472,-5194472,true
session_20260623_163953_final,1751,175687,2026-06-23T16:42:49.166613,Pas tensometryczny,-5194933,-5194933,true
session_20260623_163953_final,1752,175779,2026-06-23T16:42:49.258193,Pas tensometryczny,-5195787,-5195787,true
session_20260623_163953_final,1753,175865,2026-06-23T16:42:49.344592,Pas tensometryczny,-5196547,-5196547,true
session_20260623_163953_final,1754,176000,2026-06-23T16:42:49.479249,Pas tensometryczny,-5197045,-5197045,true
session_20260623_163953_final,1755,176093,2026-06-23T16:42:49.571943,Pas tensometryczny,-5197624,-5197624,true
session_20260623_163953_final,1756,176180,2026-06-23T16:42:49.659335,Pas tensometryczny,-5198720,-5198720,true
session_20260623_163953_final,1757,176271,2026-06-23T16:42:49.750618,Pas tensometryczny,-5198848,-5198848,true
session_20260623_163953_final,1758,176406,2026-06-23T16:42:49.885067,Pas tensometryczny,-5199030,-5199030,true
session_20260623_163953_final,1759,176496,2026-06-23T16:42:49.974890,Pas tensometryczny,-5199375,-5199375,true
session_20260623_163953_final,1760,176586,2026-06-23T16:42:50.065278,Pas tensometryczny,-5199722,-5199722,true
session_20260623_163953_final,1761,176676,2026-06-23T16:42:50.155073,Pas tensometryczny,-5200166,-5200166,true
session_20260623_163953_final,1762,176814,2026-06-23T16:42:50.293195,Pas tensometryczny,-5200717,-5200717,true
session_20260623_163953_final,1763,176913,2026-06-23T16:42:50.391903,Pas tensometryczny,-5201371,-5201371,true
session_20260623_163953_final,1764,176991,2026-06-23T16:42:50.470227,Pas tensometryczny,-5202002,-5202002,true
session_20260623_163953_final,1765,177087,2026-06-23T16:42:50.566258,Pas tensometryczny,-5202358,-5202358,true
session_20260623_163953_final,1766,177178,2026-06-23T16:42:50.656943,Pas tensometryczny,-5202618,-5202618,true
session_20260623_163953_final,1767,177306,2026-06-23T16:42:50.784843,Pas tensometryczny,-5202899,-5202899,true
session_20260623_163953_final,1768,177402,2026-06-23T16:42:50.881019,Pas tensometryczny,-5203224,-5203224,true
session_20260623_163953_final,1769,177488,2026-06-23T16:42:50.967154,Pas tensometryczny,-5203474,-5203474,true
session_20260623_163953_final,1770,177577,2026-06-23T16:42:51.056059,Pas tensometryczny,-5203808,-5203808,true
session_20260623_163953_final,1771,177719,2026-06-23T16:42:51.198771,Pas tensometryczny,-5204299,-5204299,true
session_20260623_163953_final,1772,177802,2026-06-23T16:42:51.281571,Pas tensometryczny,-5204709,-5204709,true
session_20260623_163953_final,1773,177889,2026-06-23T16:42:51.368800,Pas tensometryczny,-5205198,-5205198,true
session_20260623_163953_final,1774,177982,2026-06-23T16:42:51.461119,Pas tensometryczny,-5205525,-5205525,true
session_20260623_163953_final,1775,178073,2026-06-23T16:42:51.552545,Pas tensometryczny,-5205702,-5205702,true
session_20260623_163953_final,1776,178212,2026-06-23T16:42:51.691027,Pas tensometryczny,-5205967,-5205967,true
session_20260623_163953_final,1777,178296,2026-06-23T16:42:51.775173,Pas tensometryczny,-5206391,-5206391,true
session_20260623_163953_final,1778,178390,2026-06-23T16:42:51.869424,Pas tensometryczny,-5206802,-5206802,true
session_20260623_163953_final,1779,178481,2026-06-23T16:42:51.959890,Pas tensometryczny,-5207456,-5207456,true
session_20260623_163953_final,1780,178666,2026-06-23T16:42:52.145488,Pas tensometryczny,-5208221,-5208221,true
session_20260623_163953_final,1781,178745,2026-06-23T16:42:52.223942,Pas tensometryczny,-5208865,-5208865,true
session_20260623_163953_final,1782,178790,2026-06-23T16:42:52.269153,Pas tensometryczny,-5208784,-5208784,true
session_20260623_163953_final,1783,178893,2026-06-23T16:42:52.371947,Pas tensometryczny,-5209019,-5209019,true
session_20260623_163953_final,1784,179017,2026-06-23T16:42:52.496330,Pas tensometryczny,-5209351,-5209351,true
session_20260623_163953_final,1785,179108,2026-06-23T16:42:52.587254,Pas tensometryczny,-5209741,-5209741,true
session_20260623_163953_final,1786,179197,2026-06-23T16:42:52.675982,Pas tensometryczny,-5210234,-5210234,true
session_20260623_163953_final,1787,179286,2026-06-23T16:42:52.765221,Pas tensometryczny,-5210909,-5210909,true
session_20260623_163953_final,1788,179382,2026-06-23T16:42:52.861727,Pas tensometryczny,-5211411,-5211411,true
session_20260623_163953_final,1789,179512,2026-06-23T16:42:52.991288,Pas tensometryczny,-5211525,-5211525,true
session_20260623_163953_final,1790,179601,2026-06-23T16:42:53.080197,Pas tensometryczny,-5211756,-5211756,true
session_20260623_163953_final,1791,179694,2026-06-23T16:42:53.173730,Pas tensometryczny,-5212077,-5212077,true
session_20260623_163953_final,1792,179782,2026-06-23T16:42:53.261699,Pas tensometryczny,-5212340,-5212340,true
session_20260623_163953_final,1793,179917,2026-06-23T16:42:53.396485,Pas tensometryczny,-5212616,-5212616,true
session_20260623_163953_final,1794,180007,2026-06-23T16:42:53.485952,Pas tensometryczny,-5212904,-5212904,true
session_20260623_163953_final,1795,180096,2026-06-23T16:42:53.575118,Pas tensometryczny,-5213266,-5213266,true
session_20260623_163953_final,1796,180186,2026-06-23T16:42:53.665023,Pas tensometryczny,-5213258,-5213258,true
session_20260623_163953_final,1797,180276,2026-06-23T16:42:53.755580,Pas tensometryczny,-5212972,-5212972,true
session_20260623_163953_final,1798,180410,2026-06-23T16:42:53.888858,Pas tensometryczny,-5212499,-5212499,true
session_20260623_163953_final,1799,180500,2026-06-23T16:42:53.979514,Pas tensometryczny,-5211971,-5211971,true
session_20260623_163953_final,1800,180591,2026-06-23T16:42:54.070515,Pas tensometryczny,-5211288,-5211288,true
session_20260623_163953_final,1801,180730,2026-06-23T16:42:54.209162,Pas tensometryczny,-5210587,-5210587,true
session_20260623_163953_final,1802,180824,2026-06-23T16:42:54.302823,Pas tensometryczny,-5209988,-5209988,true
session_20260623_163953_final,1803,180906,2026-06-23T16:42:54.385762,Pas tensometryczny,-5209074,-5209074,true
session_20260623_163953_final,1804,181002,2026-06-23T16:42:54.481379,Pas tensometryczny,-5207952,-5207952,true
session_20260623_163953_final,1805,181085,2026-06-23T16:42:54.564622,Pas tensometryczny,-5206939,-5206939,true
session_20260623_163953_final,1806,181222,2026-06-23T16:42:54.700892,Pas tensometryczny,-5206124,-5206124,true
session_20260623_163953_final,1807,181315,2026-06-23T16:42:54.794591,Pas tensometryczny,-5205445,-5205445,true
session_20260623_163953_final,1808,181401,2026-06-23T16:42:54.879829,Pas tensometryczny,-5204271,-5204271,true
session_20260623_163953_final,1809,181491,2026-06-23T16:42:54.970488,Pas tensometryczny,-5203553,-5203553,true
session_20260623_163953_final,1810,181598,2026-06-23T16:42:55.077689,Pas tensometryczny,-5202735,-5202735,true
session_20260623_163953_final,1811,181730,2026-06-23T16:42:55.209690,Pas tensometryczny,-5202088,-5202088,true
session_20260623_163953_final,1812,181851,2026-06-23T16:42:55.330101,Pas tensometryczny,-5201460,-5201460,true
session_20260623_163953_final,1813,181914,2026-06-23T16:42:55.393264,Pas tensometryczny,-5200902,-5200902,true
session_20260623_163953_final,1814,181986,2026-06-23T16:42:55.465614,Pas tensometryczny,-5200572,-5200572,true
session_20260623_163953_final,1815,182121,2026-06-23T16:42:55.600090,Pas tensometryczny,-5200303,-5200303,true
session_20260623_163953_final,1816,182212,2026-06-23T16:42:55.691602,Pas tensometryczny,-5199770,-5199770,true
session_20260623_163953_final,1817,182302,2026-06-23T16:42:55.781020,Pas tensometryczny,-5199069,-5199069,true
session_20260623_163953_final,1818,182392,2026-06-23T16:42:55.871295,Pas tensometryczny,-5198411,-5198411,true
session_20260623_163953_final,1819,182490,2026-06-23T16:42:55.969530,Pas tensometryczny,-5197897,-5197897,true
session_20260623_163953_final,1820,182621,2026-06-23T16:42:56.100205,Pas tensometryczny,-5197513,-5197513,true
session_20260623_163953_final,1821,182705,2026-06-23T16:42:56.184402,Pas tensometryczny,-5197320,-5197320,true
session_20260623_163953_final,1822,182796,2026-06-23T16:42:56.274840,Pas tensometryczny,-5196944,-5196944,true
session_20260623_163953_final,1823,182886,2026-06-23T16:42:56.365745,Pas tensometryczny,-5196507,-5196507,true
session_20260623_163953_final,1824,183031,2026-06-23T16:42:56.510368,Pas tensometryczny,-5196129,-5196129,true
session_20260623_163953_final,1825,183111,2026-06-23T16:42:56.590346,Pas tensometryczny,-5195711,-5195711,true
session_20260623_163953_final,1826,183205,2026-06-23T16:42:56.684732,Pas tensometryczny,-5195370,-5195370,true
session_20260623_163953_final,1827,183291,2026-06-23T16:42:56.769991,Pas tensometryczny,-5195066,-5195066,true
session_20260623_163953_final,1828,183427,2026-06-23T16:42:56.906325,Pas tensometryczny,-5194988,-5194988,true
session_20260623_163953_final,1829,183518,2026-06-23T16:42:56.997502,Pas tensometryczny,-5194641,-5194641,true
session_20260623_163953_final,1830,183607,2026-06-23T16:42:57.086717,Pas tensometryczny,-5194189,-5194189,true
session_20260623_163953_final,1831,183696,2026-06-23T16:42:57.175038,Pas tensometryczny,-5193743,-5193743,true
session_20260623_163953_final,1832,183788,2026-06-23T16:42:57.267795,Pas tensometryczny,-5193196,-5193196,true
session_20260623_163953_final,1833,183920,2026-06-23T16:42:57.398950,Pas tensometryczny,-5192846,-5192846,true
session_20260623_163953_final,1834,184011,2026-06-23T16:42:57.490500,Pas tensometryczny,-5192736,-5192736,true
session_20260623_163953_final,1835,184101,2026-06-23T16:42:57.579903,Pas tensometryczny,-5192376,-5192376,true
session_20260623_163953_final,1836,184195,2026-06-23T16:42:57.674707,Pas tensometryczny,-5191954,-5191954,true
session_20260623_163953_final,1837,184326,2026-06-23T16:42:57.805461,Pas tensometryczny,-5191608,-5191608,true
session_20260623_163953_final,1838,184419,2026-06-23T16:42:57.898113,Pas tensometryczny,-5191759,-5191759,true
session_20260623_163953_final,1839,184507,2026-06-23T16:42:57.986065,Pas tensometryczny,-5192516,-5192516,true
session_20260623_163953_final,1840,184595,2026-06-23T16:42:58.074323,Pas tensometryczny,-5193427,-5193427,true
session_20260623_163953_final,1841,184731,2026-06-23T16:42:58.210663,Pas tensometryczny,-5193916,-5193916,true
session_20260623_163953_final,1842,184821,2026-06-23T16:42:58.300235,Pas tensometryczny,-5194132,-5194132,true
session_20260623_163953_final,1843,184912,2026-06-23T16:42:58.391330,Pas tensometryczny,-5194546,-5194546,true
session_20260623_163953_final,1844,185002,2026-06-23T16:42:58.480835,Pas tensometryczny,-5194949,-5194949,true
session_20260623_163953_final,1845,185092,2026-06-23T16:42:58.570946,Pas tensometryczny,-5195421,-5195421,true
session_20260623_163953_final,1846,185228,2026-06-23T16:42:58.706902,Pas tensometryczny,-5195986,-5195986,true
session_20260623_163953_final,1847,185316,2026-06-23T16:42:58.795166,Pas tensometryczny,-5196559,-5196559,true
session_20260623_163953_final,1848,185413,2026-06-23T16:42:58.891886,Pas tensometryczny,-5197132,-5197132,true
session_20260623_163953_final,1849,185512,2026-06-23T16:42:58.991754,Pas tensometryczny,-5197168,-5197168,true
session_20260623_163953_final,1850,185631,2026-06-23T16:42:59.110395,Pas tensometryczny,-5197195,-5197195,true
session_20260623_163953_final,1851,185721,2026-06-23T16:42:59.200130,Pas tensometryczny,-5197744,-5197744,true
session_20260623_163953_final,1852,185817,2026-06-23T16:42:59.296198,Pas tensometryczny,-5198478,-5198478,true
session_20260623_163953_final,1853,185906,2026-06-23T16:42:59.384971,Pas tensometryczny,-5199034,-5199034,true
session_20260623_163953_final,1854,185994,2026-06-23T16:42:59.473160,Pas tensometryczny,-5199560,-5199560,true
session_20260623_163953_final,1855,186130,2026-06-23T16:42:59.609117,Pas tensometryczny,-5200139,-5200139,true
session_20260623_163953_final,1856,186220,2026-06-23T16:42:59.699,Pas tensometryczny,-5200887,-5200887,true
session_20260623_163953_final,1857,186308,2026-06-23T16:42:59.787409,Pas tensometryczny,-5201413,-5201413,true
session_20260623_163953_final,1858,186414,2026-06-23T16:42:59.892830,Pas tensometryczny,-5201632,-5201632,true
session_20260623_163953_final,1859,186534,2026-06-23T16:43:00.013773,Pas tensometryczny,-5201737,-5201737,true
session_20260623_163953_final,1860,186671,2026-06-23T16:43:00.150395,Pas tensometryczny,-5201980,-5201980,true
session_20260623_163953_final,1861,186728,2026-06-23T16:43:00.207201,Pas tensometryczny,-5202608,-5202608,true
session_20260623_163953_final,1862,186800,2026-06-23T16:43:00.279138,Pas tensometryczny,-5203097,-5203097,true
session_20260623_163953_final,1863,186936,2026-06-23T16:43:00.415126,Pas tensometryczny,-5203684,-5203684,true
session_20260623_163953_final,1864,187028,2026-06-23T16:43:00.507210,Pas tensometryczny,-5204204,-5204204,true
session_20260623_163953_final,1865,187116,2026-06-23T16:43:00.594849,Pas tensometryczny,-5204422,-5204422,true
session_20260623_163953_final,1866,187213,2026-06-23T16:43:00.692318,Pas tensometryczny,-5204648,-5204648,true
session_20260623_163953_final,1867,187295,2026-06-23T16:43:00.774023,Pas tensometryczny,-5205089,-5205089,true
session_20260623_163953_final,1868,187435,2026-06-23T16:43:00.914084,Pas tensometryczny,-5205600,-5205600,true
session_20260623_163953_final,1869,187521,2026-06-23T16:43:00.999883,Pas tensometryczny,-5206056,-5206056,true
session_20260623_163953_final,1870,187616,2026-06-23T16:43:01.095678,Pas tensometryczny,-5206355,-5206355,true
session_20260623_163953_final,1871,187699,2026-06-23T16:43:01.178722,Pas tensometryczny,-5206755,-5206755,true
session_20260623_163953_final,1872,187835,2026-06-23T16:43:01.314128,Pas tensometryczny,-5207217,-5207217,true
session_20260623_163953_final,1873,187926,2026-06-23T16:43:01.405728,Pas tensometryczny,-5207534,-5207534,true
session_20260623_163953_final,1874,188034,2026-06-23T16:43:01.513806,Pas tensometryczny,-5207718,-5207718,true
session_20260623_163953_final,1875,188106,2026-06-23T16:43:01.584960,Pas tensometryczny,-5207885,-5207885,true
session_20260623_163953_final,1876,188197,2026-06-23T16:43:01.675817,Pas tensometryczny,-5208191,-5208191,true
session_20260623_163953_final,1877,188351,2026-06-23T16:43:01.830372,Pas tensometryczny,-5208182,-5208182,true
session_20260623_163953_final,1878,188421,2026-06-23T16:43:01.900597,Pas tensometryczny,-5208074,-5208074,true
session_20260623_163953_final,1879,188518,2026-06-23T16:43:01.997509,Pas tensometryczny,-5208284,-5208284,true
session_20260623_163953_final,1880,188605,2026-06-23T16:43:02.083926,Pas tensometryczny,-5208760,-5208760,true
session_20260623_163953_final,1881,188738,2026-06-23T16:43:02.217752,Pas tensometryczny,-5209306,-5209306,true
session_20260623_163953_final,1882,188918,2026-06-23T16:43:02.397651,Pas tensometryczny,-5209611,-5209611,true
session_20260623_163953_final,1883,188919,2026-06-23T16:43:02.398503,Pas tensometryczny,-5209645,-5209645,true
session_20260623_163953_final,1884,189005,2026-06-23T16:43:02.484176,Pas tensometryczny,-5209607,-5209607,true
session_20260623_163953_final,1885,189141,2026-06-23T16:43:02.620228,Pas tensometryczny,-5209625,-5209625,true
session_20260623_163953_final,1886,189231,2026-06-23T16:43:02.710297,Pas tensometryczny,-5209810,-5209810,true
session_20260623_163953_final,1887,189323,2026-06-23T16:43:02.802123,Pas tensometryczny,-5210348,-5210348,true
session_20260623_163953_final,1888,189412,2026-06-23T16:43:02.891617,Pas tensometryczny,-5210823,-5210823,true
session_20260623_163953_final,1889,189501,2026-06-23T16:43:02.980716,Pas tensometryczny,-5211217,-5211217,true
session_20260623_163953_final,1890,189653,2026-06-23T16:43:03.132457,Pas tensometryczny,-5211382,-5211382,true
session_20260623_163953_final,1891,189727,2026-06-23T16:43:03.206032,Pas tensometryczny,-5211614,-5211614,true
session_20260623_163953_final,1892,189816,2026-06-23T16:43:03.295335,Pas tensometryczny,-5212024,-5212024,true
session_20260623_163953_final,1893,189909,2026-06-23T16:43:03.388181,Pas tensometryczny,-5212362,-5212362,true
session_20260623_163953_final,1894,190040,2026-06-23T16:43:03.519128,Pas tensometryczny,-5212729,-5212729,true
session_20260623_163953_final,1895,190132,2026-06-23T16:43:03.611232,Pas tensometryczny,-5213174,-5213174,true
session_20260623_163953_final,1896,190226,2026-06-23T16:43:03.705090,Pas tensometryczny,-5213490,-5213490,true
session_20260623_163953_final,1897,190317,2026-06-23T16:43:03.796601,Pas tensometryczny,-5213634,-5213634,true
session_20260623_163953_final,1898,190404,2026-06-23T16:43:03.883807,Pas tensometryczny,-5213693,-5213693,true
session_20260623_163953_final,1899,190536,2026-06-23T16:43:04.015775,Pas tensometryczny,-5213474,-5213474,true
session_20260623_163953_final,1900,190631,2026-06-23T16:43:04.110037,Pas tensometryczny,-5213001,-5213001,true
session_20260623_163953_final,1901,190762,2026-06-23T16:43:04.241376,Pas tensometryczny,-5212272,-5212272,true
session_20260623_163953_final,1902,190810,2026-06-23T16:43:04.289591,Pas tensometryczny,-5211620,-5211620,true
session_20260623_163953_final,1903,190945,2026-06-23T16:43:04.423936,Pas tensometryczny,-5211311,-5211311,true
session_20260623_163953_final,1904,191036,2026-06-23T16:43:04.515734,Pas tensometryczny,-5210729,-5210729,true
session_20260623_163953_final,1905,191122,2026-06-23T16:43:04.601015,Pas tensometryczny,-5209934,-5209934,true
session_20260623_163953_final,1906,191214,2026-06-23T16:43:04.693,Pas tensometryczny,-5209280,-5209280,true
session_20260623_163953_final,1907,191352,2026-06-23T16:43:04.831616,Pas tensometryczny,-5208666,-5208666,true
session_20260623_163953_final,1908,191436,2026-06-23T16:43:04.915217,Pas tensometryczny,-5208143,-5208143,true
session_20260623_163953_final,1909,191529,2026-06-23T16:43:05.008136,Pas tensometryczny,-5207614,-5207614,true
session_20260623_163953_final,1910,191616,2026-06-23T16:43:05.095618,Pas tensometryczny,-5207010,-5207010,true
session_20260623_163953_final,1911,191706,2026-06-23T16:43:05.185392,Pas tensometryczny,-5206226,-5206226,true
session_20260623_163953_final,1912,191900,2026-06-23T16:43:05.379179,Pas tensometryczny,-5205358,-5205358,true
session_20260623_163953_final,1913,191933,2026-06-23T16:43:05.412138,Pas tensometryczny,-5204427,-5204427,true
session_20260623_163953_final,1914,192028,2026-06-23T16:43:05.507247,Pas tensometryczny,-5202869,-5202869,true
session_20260623_163953_final,1915,192110,2026-06-23T16:43:05.589018,Pas tensometryczny,-5202111,-5202111,true
session_20260623_163953_final,1916,192247,2026-06-23T16:43:05.726805,Pas tensometryczny,-5201541,-5201541,true
session_20260623_163953_final,1917,192338,2026-06-23T16:43:05.817645,Pas tensometryczny,-5200883,-5200883,true
session_20260623_163953_final,1918,192431,2026-06-23T16:43:05.910654,Pas tensometryczny,-5200220,-5200220,true
session_20260623_163953_final,1919,192515,2026-06-23T16:43:05.994358,Pas tensometryczny,-5199560,-5199560,true
session_20260623_163953_final,1920,192606,2026-06-23T16:43:06.085303,Pas tensometryczny,-5198983,-5198983,true
session_20260623_163953_final,1921,192742,2026-06-23T16:43:06.221021,Pas tensometryczny,-5198452,-5198452,true
session_20260623_163953_final,1922,192848,2026-06-23T16:43:06.326835,Pas tensometryczny,-5197979,-5197979,true
session_20260623_163953_final,1923,192921,2026-06-23T16:43:06.399906,Pas tensometryczny,-5197494,-5197494,true
session_20260623_163953_final,1924,193010,2026-06-23T16:43:06.489615,Pas tensometryczny,-5196838,-5196838,true
session_20260623_163953_final,1925,193148,2026-06-23T16:43:06.627402,Pas tensometryczny,-5196186,-5196186,true
session_20260623_163953_final,1926,193236,2026-06-23T16:43:06.715122,Pas tensometryczny,-5195628,-5195628,true
session_20260623_163953_final,1927,193331,2026-06-23T16:43:06.810498,Pas tensometryczny,-5195235,-5195235,true
session_20260623_163953_final,1928,193415,2026-06-23T16:43:06.894355,Pas tensometryczny,-5194904,-5194904,true
session_20260623_163953_final,1929,193552,2026-06-23T16:43:07.031294,Pas tensometryczny,-5194556,-5194556,true
session_20260623_163953_final,1930,193641,2026-06-23T16:43:07.119856,Pas tensometryczny,-5193842,-5193842,true
session_20260623_163953_final,1931,193736,2026-06-23T16:43:07.215662,Pas tensometryczny,-5193163,-5193163,true
session_20260623_163953_final,1932,193821,2026-06-23T16:43:07.299841,Pas tensometryczny,-5192748,-5192748,true
session_20260623_163953_final,1933,193910,2026-06-23T16:43:07.389176,Pas tensometryczny,-5192500,-5192500,true
session_20260623_163953_final,1934,194046,2026-06-23T16:43:07.525479,Pas tensometryczny,-5192450,-5192450,true
session_20260623_163953_final,1935,194151,2026-06-23T16:43:07.630191,Pas tensometryczny,-5192647,-5192647,true
session_20260623_163953_final,1936,194226,2026-06-23T16:43:07.705367,Pas tensometryczny,-5192935,-5192935,true
session_20260623_163953_final,1937,194326,2026-06-23T16:43:07.805140,Pas tensometryczny,-5193191,-5193191,true
session_20260623_163953_final,1938,194465,2026-06-23T16:43:07.944432,Pas tensometryczny,-5193471,-5193471,true
session_20260623_163953_final,1939,194541,2026-06-23T16:43:08.020155,Pas tensometryczny,-5193365,-5193365,true
session_20260623_163953_final,1940,194635,2026-06-23T16:43:08.114715,Pas tensometryczny,-5192158,-5192158,true
session_20260623_163953_final,1941,194723,2026-06-23T16:43:08.202010,Pas tensometryczny,-5191237,-5191237,true
session_20260623_163953_final,1942,194905,2026-06-23T16:43:08.383844,Pas tensometryczny,-5190330,-5190330,true
session_20260623_163953_final,1943,194945,2026-06-23T16:43:08.424345,Pas tensometryczny,-5189737,-5189737,true
session_20260623_163953_final,1944,195082,2026-06-23T16:43:08.561734,Pas tensometryczny,-5189427,-5189427,true
session_20260623_163953_final,1945,195126,2026-06-23T16:43:08.605032,Pas tensometryczny,-5189969,-5189969,true
session_20260623_163953_final,1946,195217,2026-06-23T16:43:08.696604,Pas tensometryczny,-5190960,-5190960,true
session_20260623_163953_final,1947,195351,2026-06-23T16:43:08.830170,Pas tensometryczny,-5191932,-5191932,true
session_20260623_163953_final,1948,195440,2026-06-23T16:43:08.919247,Pas tensometryczny,-5192832,-5192832,true
session_20260623_163953_final,1949,195539,2026-06-23T16:43:09.018081,Pas tensometryczny,-5193720,-5193720,true
session_20260623_163953_final,1950,195667,2026-06-23T16:43:09.146083,Pas tensometryczny,-5194619,-5194619,true
session_20260623_163953_final,1951,195772,2026-06-23T16:43:09.251253,Pas tensometryczny,-5195653,-5195653,true
session_20260623_163953_final,1952,195845,2026-06-23T16:43:09.324777,Pas tensometryczny,-5196737,-5196737,true
session_20260623_163953_final,1953,195942,2026-06-23T16:43:09.421276,Pas tensometryczny,-5197620,-5197620,true
session_20260623_163953_final,1954,196040,2026-06-23T16:43:09.519077,Pas tensometryczny,-5198279,-5198279,true
session_20260623_163953_final,1955,196118,2026-06-23T16:43:09.596987,Pas tensometryczny,-5199011,-5199011,true
session_20260623_163953_final,1956,196252,2026-06-23T16:43:09.730954,Pas tensometryczny,-5199733,-5199733,true
session_20260623_163953_final,1957,196344,2026-06-23T16:43:09.822937,Pas tensometryczny,-5200391,-5200391,true
session_20260623_163953_final,1958,196431,2026-06-23T16:43:09.910796,Pas tensometryczny,-5201061,-5201061,true
session_20260623_163953_final,1959,196521,2026-06-23T16:43:10.000168,Pas tensometryczny,-5201691,-5201691,true
session_20260623_163953_final,1960,196662,2026-06-23T16:43:10.141011,Pas tensometryczny,-5202250,-5202250,true
session_20260623_163953_final,1961,196759,2026-06-23T16:43:10.238065,Pas tensometryczny,-5202854,-5202854,true
session_20260623_163953_final,1962,196836,2026-06-23T16:43:10.315661,Pas tensometryczny,-5203366,-5203366,true
session_20260623_163953_final,1963,196930,2026-06-23T16:43:10.409506,Pas tensometryczny,-5203706,-5203706,true
session_20260623_163953_final,1964,197063,2026-06-23T16:43:10.542750,Pas tensometryczny,-5204190,-5204190,true
session_20260623_163953_final,1965,197242,2026-06-23T16:43:10.720817,Pas tensometryczny,-5205495,-5205495,true
session_20260623_163953_final,1966,197332,2026-06-23T16:43:10.810896,Pas tensometryczny,-5205946,-5205946,true
session_20260623_163953_final,1967,197423,2026-06-23T16:43:10.902137,Pas tensometryczny,-5206678,-5206678,true
session_20260623_163953_final,1968,197557,2026-06-23T16:43:11.035902,Pas tensometryczny,-5207519,-5207519,true
session_20260623_163953_final,1969,197648,2026-06-23T16:43:11.127575,Pas tensometryczny,-5208204,-5208204,true
session_20260623_163953_final,1970,197736,2026-06-23T16:43:11.215527,Pas tensometryczny,-5208565,-5208565,true
session_20260623_163953_final,1971,197827,2026-06-23T16:43:11.305913,Pas tensometryczny,-5208952,-5208952,true
session_20260623_163953_final,1972,197966,2026-06-23T16:43:11.445081,Pas tensometryczny,-5209435,-5209435,true
session_20260623_163953_final,1973,198062,2026-06-23T16:43:11.541051,Pas tensometryczny,-5209795,-5209795,true
session_20260623_163953_final,1974,198143,2026-06-23T16:43:11.622701,Pas tensometryczny,-5209945,-5209945,true
session_20260623_163953_final,1975,198230,2026-06-23T16:43:11.709307,Pas tensometryczny,-5210238,-5210238,true
session_20260623_163953_final,1976,198320,2026-06-23T16:43:11.799427,Pas tensometryczny,-5210589,-5210589,true
session_20260623_163953_final,1977,198456,2026-06-23T16:43:11.935580,Pas tensometryczny,-5211025,-5211025,true
session_20260623_163953_final,1978,198547,2026-06-23T16:43:12.026105,Pas tensometryczny,-5211452,-5211452,true
session_20260623_163953_final,1979,198636,2026-06-23T16:43:12.115348,Pas tensometryczny,-5211526,-5211526,true
session_20260623_163953_final,1980,198731,2026-06-23T16:43:12.210729,Pas tensometryczny,-5211631,-5211631,true
session_20260623_163953_final,1981,198861,2026-06-23T16:43:12.340531,Pas tensometryczny,-5211874,-5211874,true
session_20260623_163953_final,1982,198950,2026-06-23T16:43:12.429666,Pas tensometryczny,-5212106,-5212106,true
session_20260623_163953_final,1983,199040,2026-06-23T16:43:12.519291,Pas tensometryczny,-5212306,-5212306,true
session_20260623_163953_final,1984,199177,2026-06-23T16:43:12.656361,Pas tensometryczny,-5212490,-5212490,true
session_20260623_163953_final,1985,199270,2026-06-23T16:43:12.749720,Pas tensometryczny,-5212672,-5212672,true
session_20260623_163953_final,1986,199359,2026-06-23T16:43:12.838619,Pas tensometryczny,-5213029,-5213029,true
session_20260623_163953_final,1987,199445,2026-06-23T16:43:12.924786,Pas tensometryczny,-5213455,-5213455,true
session_20260623_163953_final,1988,199535,2026-06-23T16:43:13.014085,Pas tensometryczny,-5213614,-5213614,true
session_20260623_163953_final,1989,199633,2026-06-23T16:43:13.112188,Pas tensometryczny,-5213642,-5213642,true
session_20260623_163953_final,1990,199768,2026-06-23T16:43:13.247078,Pas tensometryczny,-5213505,-5213505,true
session_20260623_163953_final,1991,199851,2026-06-23T16:43:13.329986,Pas tensometryczny,-5212866,-5212866,true
session_20260623_163953_final,1992,199941,2026-06-23T16:43:13.419964,Pas tensometryczny,-5211921,-5211921,true
session_20260623_163953_final,1993,200034,2026-06-23T16:43:13.513254,Pas tensometryczny,-5211043,-5211043,true
session_20260623_163953_final,1994,200169,2026-06-23T16:43:13.648472,Pas tensometryczny,-5210662,-5210662,true
session_20260623_163953_final,1995,200255,2026-06-23T16:43:13.734076,Pas tensometryczny,-5210275,-5210275,true
session_20260623_163953_final,1996,200345,2026-06-23T16:43:13.823943,Pas tensometryczny,-5209657,-5209657,true
session_20260623_163953_final,1997,200440,2026-06-23T16:43:13.919040,Pas tensometryczny,-5209075,-5209075,true
session_20260623_163953_final,1998,200530,2026-06-23T16:43:14.008817,Pas tensometryczny,-5208323,-5208323,true
session_20260623_163953_final,1999,200661,2026-06-23T16:43:14.139866,Pas tensometryczny,-5207531,-5207531,true
session_20260623_163953_final,2000,200763,2026-06-23T16:43:14.242773,Pas tensometryczny,-5206753,-5206753,true
session_20260623_163953_final,2001,200842,2026-06-23T16:43:14.321083,Pas tensometryczny,-5205918,-5205918,true
session_20260623_163953_final,2002,200931,2026-06-23T16:43:14.410770,Pas tensometryczny,-5205254,-5205254,true
session_20260623_163953_final,2003,201066,2026-06-23T16:43:14.545741,Pas tensometryczny,-5204719,-5204719,true
session_20260623_163953_final,2004,201155,2026-06-23T16:43:14.634025,Pas tensometryczny,-5204045,-5204045,true
session_20260623_163953_final,2005,201246,2026-06-23T16:43:14.725667,Pas tensometryczny,-5203068,-5203068,true
session_20260623_163953_final,2006,201336,2026-06-23T16:43:14.815428,Pas tensometryczny,-5202231,-5202231,true
session_20260623_163953_final,2007,201470,2026-06-23T16:43:14.949303,Pas tensometryczny,-5201467,-5201467,true
session_20260623_163953_final,2008,201566,2026-06-23T16:43:15.045379,Pas tensometryczny,-5200804,-5200804,true
session_20260623_163953_final,2009,201657,2026-06-23T16:43:15.136150,Pas tensometryczny,-5200203,-5200203,true
session_20260623_163953_final,2010,201749,2026-06-23T16:43:15.228050,Pas tensometryczny,-5199792,-5199792,true
session_20260623_163953_final,2011,201833,2026-06-23T16:43:15.311831,Pas tensometryczny,-5199373,-5199373,true
session_20260623_163953_final,2012,201966,2026-06-23T16:43:15.445455,Pas tensometryczny,-5198771,-5198771,true
session_20260623_163953_final,2013,202057,2026-06-23T16:43:15.536502,Pas tensometryczny,-5198162,-5198162,true
session_20260623_163953_final,2014,202147,2026-06-23T16:43:15.626002,Pas tensometryczny,-5197535,-5197535,true
session_20260623_163953_final,2015,202237,2026-06-23T16:43:15.716256,Pas tensometryczny,-5196939,-5196939,true
session_20260623_163953_final,2016,202389,2026-06-23T16:43:15.868094,Pas tensometryczny,-5196447,-5196447,true
session_20260623_163953_final,2017,202463,2026-06-23T16:43:15.941981,Pas tensometryczny,-5196118,-5196118,true
session_20260623_163953_final,2018,202551,2026-06-23T16:43:16.030282,Pas tensometryczny,-5195539,-5195539,true
session_20260623_163953_final,2019,202647,2026-06-23T16:43:16.126433,Pas tensometryczny,-5195080,-5195080,true
session_20260623_163953_final,2020,202780,2026-06-23T16:43:16.258873,Pas tensometryczny,-5194558,-5194558,true
session_20260623_163953_final,2021,202868,2026-06-23T16:43:16.347483,Pas tensometryczny,-5194115,-5194115,true
session_20260623_163953_final,2022,202963,2026-06-23T16:43:16.442232,Pas tensometryczny,-5193598,-5193598,true
session_20260623_163953_final,2023,203053,2026-06-23T16:43:16.532654,Pas tensometryczny,-5193396,-5193396,true
session_20260623_163953_final,2024,203137,2026-06-23T16:43:16.616498,Pas tensometryczny,-5193270,-5193270,true
session_20260623_163953_final,2025,203271,2026-06-23T16:43:16.750288,Pas tensometryczny,-5192858,-5192858,true
session_20260623_163953_final,2026,203370,2026-06-23T16:43:16.849588,Pas tensometryczny,-5192482,-5192482,true
session_20260623_163953_final,2027,203453,2026-06-23T16:43:16.931897,Pas tensometryczny,-5192038,-5192038,true
session_20260623_163953_final,2028,203549,2026-06-23T16:43:17.028238,Pas tensometryczny,-5191467,-5191467,true
session_20260623_163953_final,2029,203677,2026-06-23T16:43:17.156157,Pas tensometryczny,-5190940,-5190940,true
session_20260623_163953_final,2030,203767,2026-06-23T16:43:17.246441,Pas tensometryczny,-5190339,-5190339,true
session_20260623_163953_final,2031,203858,2026-06-23T16:43:17.337234,Pas tensometryczny,-5189979,-5189979,true
session_20260623_163953_final,2032,203961,2026-06-23T16:43:17.439859,Pas tensometryczny,-5189889,-5189889,true
session_20260623_163953_final,2033,204036,2026-06-23T16:43:17.515315,Pas tensometryczny,-5189594,-5189594,true
session_20260623_163953_final,2034,204173,2026-06-23T16:43:17.651918,Pas tensometryczny,-5189564,-5189564,true
session_20260623_163953_final,2035,204260,2026-06-23T16:43:17.739708,Pas tensometryczny,-5189763,-5189763,true
session_20260623_163953_final,2036,204365,2026-06-23T16:43:17.843907,Pas tensometryczny,-5190047,-5190047,true
session_20260623_163953_final,2037,204486,2026-06-23T16:43:17.965673,Pas tensometryczny,-5190480,-5190480,true
session_20260623_163953_final,2038,204580,2026-06-23T16:43:18.059270,Pas tensometryczny,-5191366,-5191366,true
session_20260623_163953_final,2039,204666,2026-06-23T16:43:18.145030,Pas tensometryczny,-5192410,-5192410,true
session_20260623_163953_final,2040,204756,2026-06-23T16:43:18.234893,Pas tensometryczny,-5193231,-5193231,true
session_20260623_163953_final,2041,204848,2026-06-23T16:43:18.326926,Pas tensometryczny,-5193862,-5193862,true
session_20260623_163953_final,2042,204987,2026-06-23T16:43:18.465886,Pas tensometryczny,-5194640,-5194640,true
session_20260623_163953_final,2043,205117,2026-06-23T16:43:18.596496,Pas tensometryczny,-5195949,-5195949,true
session_20260623_163953_final,2044,205161,2026-06-23T16:43:18.639931,Pas tensometryczny,-5196541,-5196541,true
session_20260623_163953_final,2045,205267,2026-06-23T16:43:18.746377,Pas tensometryczny,-5197179,-5197179,true
session_20260623_163953_final,2046,205341,2026-06-23T16:43:18.820693,Pas tensometryczny,-5197607,-5197607,true
session_20260623_163953_final,2047,205474,2026-06-23T16:43:18.953766,Pas tensometryczny,-5198218,-5198218,true
session_20260623_163953_final,2048,205566,2026-06-23T16:43:19.045796,Pas tensometryczny,-5198862,-5198862,true
session_20260623_163953_final,2049,205656,2026-06-23T16:43:19.135102,Pas tensometryczny,-5199204,-5199204,true
session_20260623_163953_final,2050,205754,2026-06-23T16:43:19.233349,Pas tensometryczny,-5199559,-5199559,true
session_20260623_163953_final,2051,205880,2026-06-23T16:43:19.359801,Pas tensometryczny,-5200046,-5200046,true
session_20260623_163953_final,2052,205972,2026-06-23T16:43:19.451388,Pas tensometryczny,-5200585,-5200585,true
session_20260623_163953_final,2053,206068,2026-06-23T16:43:19.546942,Pas tensometryczny,-5201111,-5201111,true
session_20260623_163953_final,2054,206151,2026-06-23T16:43:19.630597,Pas tensometryczny,-5201682,-5201682,true
session_20260623_163953_final,2055,206241,2026-06-23T16:43:19.720728,Pas tensometryczny,-5202257,-5202257,true
session_20260623_163953_final,2056,206377,2026-06-23T16:43:19.855955,Pas tensometryczny,-5202858,-5202858,true
session_20260623_163953_final,2057,206469,2026-06-23T16:43:19.948228,Pas tensometryczny,-5203528,-5203528,true
session_20260623_163953_final,2058,206558,2026-06-23T16:43:20.037212,Pas tensometryczny,-5203962,-5203962,true
session_20260623_163953_final,2059,206655,2026-06-23T16:43:20.134644,Pas tensometryczny,-5204122,-5204122,true
session_20260623_163953_final,2060,206781,2026-06-23T16:43:20.260172,Pas tensometryczny,-5204523,-5204523,true
session_20260623_163953_final,2061,206888,2026-06-23T16:43:20.367326,Pas tensometryczny,-5204975,-5204975,true
session_20260623_163953_final,2062,206960,2026-06-23T16:43:20.439194,Pas tensometryczny,-5205319,-5205319,true
session_20260623_163953_final,2063,207050,2026-06-23T16:43:20.529582,Pas tensometryczny,-5205681,-5205681,true
session_20260623_163953_final,2064,207186,2026-06-23T16:43:20.665430,Pas tensometryczny,-5206070,-5206070,true
session_20260623_163953_final,2065,207275,2026-06-23T16:43:20.754408,Pas tensometryczny,-5206438,-5206438,true
session_20260623_163953_final,2066,207366,2026-06-23T16:43:20.845789,Pas tensometryczny,-5206914,-5206914,true
session_20260623_163953_final,2067,207461,2026-06-23T16:43:20.939973,Pas tensometryczny,-5207305,-5207305,true
session_20260623_163953_final,2068,207560,2026-06-23T16:43:21.039237,Pas tensometryczny,-5207634,-5207634,true
session_20260623_163953_final,2069,207682,2026-06-23T16:43:21.161257,Pas tensometryczny,-5208159,-5208159,true
session_20260623_163953_final,2070,207773,2026-06-23T16:43:21.252129,Pas tensometryczny,-5209011,-5209011,true
session_20260623_163953_final,2071,207861,2026-06-23T16:43:21.339892,Pas tensometryczny,-5209294,-5209294,true
session_20260623_163953_final,2072,207952,2026-06-23T16:43:21.430877,Pas tensometryczny,-5209612,-5209612,true
session_20260623_163953_final,2073,208087,2026-06-23T16:43:21.566217,Pas tensometryczny,-5210105,-5210105,true
session_20260623_163953_final,2074,208180,2026-06-23T16:43:21.659122,Pas tensometryczny,-5210728,-5210728,true
session_20260623_163953_final,2075,208266,2026-06-23T16:43:21.745351,Pas tensometryczny,-5211057,-5211057,true
session_20260623_163953_final,2076,208363,2026-06-23T16:43:21.842345,Pas tensometryczny,-5211231,-5211231,true
session_20260623_163953_final,2077,208447,2026-06-23T16:43:21.926416,Pas tensometryczny,-5211509,-5211509,true
session_20260623_163953_final,2078,208581,2026-06-23T16:43:22.060192,Pas tensometryczny,-5212183,-5212183,true
session_20260623_163953_final,2079,208715,2026-06-23T16:43:22.194306,Pas tensometryczny,-5212991,-5212991,true
session_20260623_163953_final,2080,208764,2026-06-23T16:43:22.243423,Pas tensometryczny,-5213728,-5213728,true
session_20260623_163953_final,2081,208852,2026-06-23T16:43:22.331406,Pas tensometryczny,-5214290,-5214290,true
session_20260623_163953_final,2082,208986,2026-06-23T16:43:22.465692,Pas tensometryczny,-5214777,-5214777,true
session_20260623_163953_final,2083,209077,2026-06-23T16:43:22.556229,Pas tensometryczny,-5214976,-5214976,true
session_20260623_163953_final,2084,209166,2026-06-23T16:43:22.645368,Pas tensometryczny,-5215079,-5215079,true
session_20260623_163953_final,2085,209256,2026-06-23T16:43:22.734858,Pas tensometryczny,-5215193,-5215193,true
session_20260623_163953_final,2086,209391,2026-06-23T16:43:22.870550,Pas tensometryczny,-5215283,-5215283,true
session_20260623_163953_final,2087,209482,2026-06-23T16:43:22.961100,Pas tensometryczny,-5215188,-5215188,true
session_20260623_163953_final,2088,209570,2026-06-23T16:43:23.049461,Pas tensometryczny,-5214840,-5214840,true
session_20260623_163953_final,2089,209662,2026-06-23T16:43:23.141340,Pas tensometryczny,-5214595,-5214595,true
session_20260623_163953_final,2090,209750,2026-06-23T16:43:23.229630,Pas tensometryczny,-5214421,-5214421,true
session_20260623_163953_final,2091,209891,2026-06-23T16:43:23.370486,Pas tensometryczny,-5213715,-5213715,true
session_20260623_163953_final,2092,209978,2026-06-23T16:43:23.457143,Pas tensometryczny,-5212971,-5212971,true
session_20260623_163953_final,2093,210066,2026-06-23T16:43:23.544977,Pas tensometryczny,-5212321,-5212321,true
session_20260623_163953_final,2094,210156,2026-06-23T16:43:23.635237,Pas tensometryczny,-5211841,-5211841,true
session_20260623_163953_final,2095,210292,2026-06-23T16:43:23.771778,Pas tensometryczny,-5211529,-5211529,true
session_20260623_163953_final,2096,210385,2026-06-23T16:43:23.863906,Pas tensometryczny,-5211286,-5211286,true
session_20260623_163953_final,2097,210470,2026-06-23T16:43:23.949447,Pas tensometryczny,-5211196,-5211196,true
session_20260623_163953_final,2098,210560,2026-06-23T16:43:24.039478,Pas tensometryczny,-5210384,-5210384,true
session_20260623_163953_final,2099,210654,2026-06-23T16:43:24.132967,Pas tensometryczny,-5209406,-5209406,true
session_20260623_163953_final,2100,210785,2026-06-23T16:43:24.263953,Pas tensometryczny,-5208618,-5208618,true
session_20260623_163953_final,2101,210877,2026-06-23T16:43:24.356021,Pas tensometryczny,-5207853,-5207853,true
session_20260623_163953_final,2102,210969,2026-06-23T16:43:24.447986,Pas tensometryczny,-5206932,-5206932,true
session_20260623_163953_final,2103,211056,2026-06-23T16:43:24.534851,Pas tensometryczny,-5206168,-5206168,true
session_20260623_163953_final,2104,211189,2026-06-23T16:43:24.668805,Pas tensometryczny,-5205484,-5205484,true
session_20260623_163953_final,2105,211286,2026-06-23T16:43:24.765591,Pas tensometryczny,-5204578,-5204578,true
session_20260623_163953_final,2106,211370,2026-06-23T16:43:24.849254,Pas tensometryczny,-5203677,-5203677,true
session_20260623_163953_final,2107,211507,2026-06-23T16:43:24.986631,Pas tensometryczny,-5202803,-5202803,true
session_20260623_163953_final,2108,211602,2026-06-23T16:43:25.081323,Pas tensometryczny,-5202038,-5202038,true
session_20260623_163953_final,2109,211686,2026-06-23T16:43:25.165473,Pas tensometryczny,-5201333,-5201333,true
session_20260623_163953_final,2110,211778,2026-06-23T16:43:25.256960,Pas tensometryczny,-5200825,-5200825,true
session_20260623_163953_final,2111,211866,2026-06-23T16:43:25.344940,Pas tensometryczny,-5200268,-5200268,true
session_20260623_163953_final,2112,211958,2026-06-23T16:43:25.436818,Pas tensometryczny,-5199674,-5199674,true
session_20260623_163953_final,2113,212099,2026-06-23T16:43:25.578345,Pas tensometryczny,-5199148,-5199148,true
session_20260623_163953_final,2114,212189,2026-06-23T16:43:25.668075,Pas tensometryczny,-5198543,-5198543,true
session_20260623_163953_final,2115,212275,2026-06-23T16:43:25.754798,Pas tensometryczny,-5197967,-5197967,true
session_20260623_163953_final,2116,212360,2026-06-23T16:43:25.839662,Pas tensometryczny,-5197551,-5197551,true
session_20260623_163953_final,2117,212497,2026-06-23T16:43:25.975909,Pas tensometryczny,-5197389,-5197389,true
session_20260623_163953_final,2118,212589,2026-06-23T16:43:26.068598,Pas tensometryczny,-5197073,-5197073,true
session_20260623_163953_final,2119,212678,2026-06-23T16:43:26.156827,Pas tensometryczny,-5196610,-5196610,true
session_20260623_163953_final,2120,212775,2026-06-23T16:43:26.254403,Pas tensometryczny,-5196150,-5196150,true
session_20260623_163953_final,2121,212908,2026-06-23T16:43:26.386862,Pas tensometryczny,-5195716,-5195716,true
session_20260623_163953_final,2122,213005,2026-06-23T16:43:26.484086,Pas tensometryczny,-5195287,-5195287,true
session_20260623_163953_final,2123,213081,2026-06-23T16:43:26.560278,Pas tensometryczny,-5195069,-5195069,true
session_20260623_163953_final,2124,213171,2026-06-23T16:43:26.649854,Pas tensometryczny,-5194499,-5194499,true
session_20260623_163953_final,2125,213267,2026-06-23T16:43:26.746240,Pas tensometryczny,-5193823,-5193823,true
session_20260623_163953_final,2126,213396,2026-06-23T16:43:26.874944,Pas tensometryczny,-5193266,-5193266,true
session_20260623_163953_final,2127,213488,2026-06-23T16:43:26.967387,Pas tensometryczny,-5192851,-5192851,true
session_20260623_163953_final,2128,213578,2026-06-23T16:43:27.057663,Pas tensometryczny,-5192364,-5192364,true
session_20260623_163953_final,2129,213668,2026-06-23T16:43:27.147661,Pas tensometryczny,-5191610,-5191610,true
session_20260623_163953_final,2130,213802,2026-06-23T16:43:27.281021,Pas tensometryczny,-5190991,-5190991,true
session_20260623_163953_final,2131,213896,2026-06-23T16:43:27.375434,Pas tensometryczny,-5190507,-5190507,true
session_20260623_163953_final,2132,213982,2026-06-23T16:43:27.461741,Pas tensometryczny,-5190359,-5190359,true
session_20260623_163953_final,2133,214071,2026-06-23T16:43:27.550483,Pas tensometryczny,-5190563,-5190563,true
session_20260623_163953_final,2134,214164,2026-06-23T16:43:27.643757,Pas tensometryczny,-5191268,-5191268,true
session_20260623_163953_final,2135,214305,2026-06-23T16:43:27.783845,Pas tensometryczny,-5191884,-5191884,true
session_20260623_163953_final,2136,214386,2026-06-23T16:43:27.865066,Pas tensometryczny,-5192580,-5192580,true
session_20260623_163953_final,2137,214481,2026-06-23T16:43:27.960661,Pas tensometryczny,-5193298,-5193298,true
session_20260623_163953_final,2138,214566,2026-06-23T16:43:28.045551,Pas tensometryczny,-5193845,-5193845,true
session_20260623_163953_final,2139,214702,2026-06-23T16:43:28.181436,Pas tensometryczny,-5194325,-5194325,true
session_20260623_163953_final,2140,214791,2026-06-23T16:43:28.270727,Pas tensometryczny,-5195186,-5195186,true
session_20260623_163953_final,2141,214881,2026-06-23T16:43:28.360722,Pas tensometryczny,-5196091,-5196091,true
session_20260623_163953_final,2142,214973,2026-06-23T16:43:28.452154,Pas tensometryczny,-5196737,-5196737,true
session_20260623_163953_final,2143,215106,2026-06-23T16:43:28.584972,Pas tensometryczny,-5197341,-5197341,true
session_20260623_163953_final,2144,215200,2026-06-23T16:43:28.679283,Pas tensometryczny,-5198144,-5198144,true
session_20260623_163953_final,2145,215285,2026-06-23T16:43:28.764360,Pas tensometryczny,-5199038,-5199038,true
session_20260623_163953_final,2146,215376,2026-06-23T16:43:28.855126,Pas tensometryczny,-5199986,-5199986,true
session_20260623_163953_final,2147,215465,2026-06-23T16:43:28.944366,Pas tensometryczny,-5200666,-5200666,true
session_20260623_163953_final,2148,215602,2026-06-23T16:43:29.081479,Pas tensometryczny,-5201741,-5201741,true
session_20260623_163953_final,2149,215694,2026-06-23T16:43:29.173570,Pas tensometryczny,-5202355,-5202355,true
session_20260623_163953_final,2150,215783,2026-06-23T16:43:29.262227,Pas tensometryczny,-5202951,-5202951,true
session_20260623_163953_final,2151,215871,2026-06-23T16:43:29.349836,Pas tensometryczny,-5203385,-5203385,true
session_20260623_163953_final,2152,216005,2026-06-23T16:43:29.483910,Pas tensometryczny,-5203821,-5203821,true
session_20260623_163953_final,2153,216096,2026-06-23T16:43:29.575425,Pas tensometryczny,-5204413,-5204413,true
session_20260623_163953_final,2154,216185,2026-06-23T16:43:29.664706,Pas tensometryczny,-5204999,-5204999,true
session_20260623_163953_final,2155,216276,2026-06-23T16:43:29.755346,Pas tensometryczny,-5205379,-5205379,true
session_20260623_163953_final,2156,216367,2026-06-23T16:43:29.846782,Pas tensometryczny,-5205876,-5205876,true
session_20260623_163953_final,2157,216505,2026-06-23T16:43:29.984069,Pas tensometryczny,-5206289,-5206289,true
session_20260623_163953_final,2158,216590,2026-06-23T16:43:30.069171,Pas tensometryczny,-5206624,-5206624,true
session_20260623_163953_final,2159,216681,2026-06-23T16:43:30.160065,Pas tensometryczny,-5207007,-5207007,true
session_20260623_163953_final,2160,216788,2026-06-23T16:43:30.266896,Pas tensometryczny,-5207411,-5207411,true
session_20260623_163953_final,2161,216905,2026-06-23T16:43:30.384412,Pas tensometryczny,-5207891,-5207891,true
session_20260623_163953_final,2162,216997,2026-06-23T16:43:30.476208,Pas tensometryczny,-5208357,-5208357,true
session_20260623_163953_final,2163,217086,2026-06-23T16:43:30.565648,Pas tensometryczny,-5208701,-5208701,true
session_20260623_163953_final,2164,217175,2026-06-23T16:43:30.654724,Pas tensometryczny,-5209089,-5209089,true
session_20260623_163953_final,2165,217312,2026-06-23T16:43:30.791616,Pas tensometryczny,-5209642,-5209642,true
session_20260623_163953_final,2166,217404,2026-06-23T16:43:30.883378,Pas tensometryczny,-5210172,-5210172,true
session_20260623_163953_final,2167,217491,2026-06-23T16:43:30.970558,Pas tensometryczny,-5210655,-5210655,true
session_20260623_163953_final,2168,217587,2026-06-23T16:43:31.066052,Pas tensometryczny,-5210935,-5210935,true
session_20260623_163953_final,2169,217674,2026-06-23T16:43:31.153812,Pas tensometryczny,-5211210,-5211210,true
session_20260623_163953_final,2170,217807,2026-06-23T16:43:31.285872,Pas tensometryczny,-5211760,-5211760,true
session_20260623_163953_final,2171,217898,2026-06-23T16:43:31.376926,Pas tensometryczny,-5212338,-5212338,true
session_20260623_163953_final,2172,217985,2026-06-23T16:43:31.464685,Pas tensometryczny,-5212674,-5212674,true
session_20260623_163953_final,2173,218076,2026-06-23T16:43:31.555267,Pas tensometryczny,-5213048,-5213048,true
session_20260623_163953_final,2174,218211,2026-06-23T16:43:31.690201,Pas tensometryczny,-5213514,-5213514,true
session_20260623_163953_final,2175,218345,2026-06-23T16:43:31.824234,Pas tensometryczny,-5214297,-5214297,true
session_20260623_163953_final,2176,218394,2026-06-23T16:43:31.873445,Pas tensometryczny,-5214693,-5214693,true
session_20260623_163953_final,2177,218481,2026-06-23T16:43:31.960435,Pas tensometryczny,-5215361,-5215361,true
session_20260623_163953_final,2178,218576,2026-06-23T16:43:32.055132,Pas tensometryczny,-5215913,-5215913,true
session_20260623_163953_final,2179,218707,2026-06-23T16:43:32.186754,Pas tensometryczny,-5216078,-5216078,true
session_20260623_163953_final,2180,218797,2026-06-23T16:43:32.275866,Pas tensometryczny,-5216151,-5216151,true
session_20260623_163953_final,2181,218887,2026-06-23T16:43:32.365971,Pas tensometryczny,-5216053,-5216053,true
session_20260623_163953_final,2182,218977,2026-06-23T16:43:32.456370,Pas tensometryczny,-5215830,-5215830,true
session_20260623_163953_final,2183,219157,2026-06-23T16:43:32.636234,Pas tensometryczny,-5215589,-5215589,true
session_20260623_163953_final,2184,219210,2026-06-23T16:43:32.688939,Pas tensometryczny,-5215566,-5215566,true
session_20260623_163953_final,2185,219295,2026-06-23T16:43:32.774157,Pas tensometryczny,-5215756,-5215756,true
session_20260623_163953_final,2186,219380,2026-06-23T16:43:32.859523,Pas tensometryczny,-5215474,-5215474,true
session_20260623_163953_final,2187,219514,2026-06-23T16:43:32.993787,Pas tensometryczny,-5214913,-5214913,true
session_20260623_163953_final,2188,219606,2026-06-23T16:43:33.085502,Pas tensometryczny,-5214117,-5214117,true
session_20260623_163953_final,2189,219703,2026-06-23T16:43:33.182668,Pas tensometryczny,-5213192,-5213192,true
session_20260623_163953_final,2190,219787,2026-06-23T16:43:33.266620,Pas tensometryczny,-5212362,-5212362,true
session_20260623_163953_final,2191,219882,2026-06-23T16:43:33.360959,Pas tensometryczny,-5211597,-5211597,true
session_20260623_163953_final,2192,220028,2026-06-23T16:43:33.507735,Pas tensometryczny,-5211047,-5211047,true
session_20260623_163953_final,2193,220101,2026-06-23T16:43:33.580291,Pas tensometryczny,-5210298,-5210298,true
session_20260623_163953_final,2194,220199,2026-06-23T16:43:33.678190,Pas tensometryczny,-5209220,-5209220,true
session_20260623_163953_final,2195,220287,2026-06-23T16:43:33.766783,Pas tensometryczny,-5208282,-5208282,true
session_20260623_163953_final,2196,220416,2026-06-23T16:43:33.895668,Pas tensometryczny,-5207352,-5207352,true
session_20260623_163953_final,2197,220506,2026-06-23T16:43:33.984998,Pas tensometryczny,-5206518,-5206518,true
session_20260623_163953_final,2198,220604,2026-06-23T16:43:34.083069,Pas tensometryczny,-5205835,-5205835,true
session_20260623_163953_final,2199,220688,2026-06-23T16:43:34.166905,Pas tensometryczny,-5205194,-5205194,true
session_20260623_163953_final,2200,220821,2026-06-23T16:43:34.299964,Pas tensometryczny,-5203678,-5203678,true
session_20260623_163953_final,2201,220910,2026-06-23T16:43:34.389511,Pas tensometryczny,-5203006,-5203006,true
session_20260623_163953_final,2202,221001,2026-06-23T16:43:34.480748,Pas tensometryczny,-5202326,-5202326,true
session_20260623_163953_final,2203,221091,2026-06-23T16:43:34.570444,Pas tensometryczny,-5201643,-5201643,true
session_20260623_163953_final,2204,221182,2026-06-23T16:43:34.660942,Pas tensometryczny,-5201250,-5201250,true
session_20260623_163953_final,2205,221319,2026-06-23T16:43:34.798540,Pas tensometryczny,-5200783,-5200783,true
session_20260623_163953_final,2206,221409,2026-06-23T16:43:34.888561,Pas tensometryczny,-5200084,-5200084,true
session_20260623_163953_final,2207,221495,2026-06-23T16:43:34.974715,Pas tensometryczny,-5199438,-5199438,true
session_20260623_163953_final,2208,221597,2026-06-23T16:43:35.076500,Pas tensometryczny,-5198872,-5198872,true
session_20260623_163953_final,2209,221722,2026-06-23T16:43:35.201662,Pas tensometryczny,-5198410,-5198410,true
session_20260623_163953_final,2210,221811,2026-06-23T16:43:35.289947,Pas tensometryczny,-5197961,-5197961,true
session_20260623_163953_final,2211,221917,2026-06-23T16:43:35.396456,Pas tensometryczny,-5197591,-5197591,true
session_20260623_163953_final,2212,221991,2026-06-23T16:43:35.470043,Pas tensometryczny,-5196991,-5196991,true
session_20260623_163953_final,2213,222085,2026-06-23T16:43:35.564371,Pas tensometryczny,-5196370,-5196370,true
session_20260623_163953_final,2214,222221,2026-06-23T16:43:35.700612,Pas tensometryczny,-5195915,-5195915,true
session_20260623_163953_final,2215,222305,2026-06-23T16:43:35.784274,Pas tensometryczny,-5195732,-5195732,true
session_20260623_163953_final,2216,222401,2026-06-23T16:43:35.879949,Pas tensometryczny,-5196128,-5196128,true
session_20260623_163953_final,2217,222486,2026-06-23T16:43:35.965139,Pas tensometryczny,-5196526,-5196526,true
session_20260623_163953_final,2218,222623,2026-06-23T16:43:36.101907,Pas tensometryczny,-5196354,-5196354,true
session_20260623_163953_final,2219,222712,2026-06-23T16:43:36.191491,Pas tensometryczny,-5196007,-5196007,true
session_20260623_163953_final,2220,222800,2026-06-23T16:43:36.279691,Pas tensometryczny,-5196237,-5196237,true
session_20260623_163953_final,2221,222890,2026-06-23T16:43:36.369545,Pas tensometryczny,-5197068,-5197068,true
session_20260623_163953_final,2222,223130,2026-06-23T16:43:36.609166,Pas tensometryczny,-5198404,-5198404,true
session_20260623_163953_final,2223,223131,2026-06-23T16:43:36.609899,Pas tensometryczny,-5200127,-5200127,true
session_20260623_163953_final,2224,223221,2026-06-23T16:43:36.700340,Pas tensometryczny,-5201521,-5201521,true
session_20260623_163953_final,2225,223296,2026-06-23T16:43:36.775305,Pas tensometryczny,-5202578,-5202578,true
session_20260623_163953_final,2226,223391,2026-06-23T16:43:36.870520,Pas tensometryczny,-5203377,-5203377,true
session_20260623_163953_final,2227,223521,2026-06-23T16:43:37.000029,Pas tensometryczny,-5204719,-5204719,true
session_20260623_163953_final,2228,223612,2026-06-23T16:43:37.091093,Pas tensometryczny,-5205254,-5205254,true
session_20260623_163953_final,2229,223706,2026-06-23T16:43:37.185375,Pas tensometryczny,-5205760,-5205760,true
session_20260623_163953_final,2230,223793,2026-06-23T16:43:37.272467,Pas tensometryczny,-5206381,-5206381,true
session_20260623_163953_final,2231,223925,2026-06-23T16:43:37.404628,Pas tensometryczny,-5207268,-5207268,true
session_20260623_163953_final,2232,224024,2026-06-23T16:43:37.503095,Pas tensometryczny,-5208091,-5208091,true
session_20260623_163953_final,2233,224119,2026-06-23T16:43:37.598449,Pas tensometryczny,-5208723,-5208723,true
session_20260623_163953_final,2234,224195,2026-06-23T16:43:37.674356,Pas tensometryczny,-5209223,-5209223,true
session_20260623_163953_final,2235,224288,2026-06-23T16:43:37.767121,Pas tensometryczny,-5209615,-5209615,true
session_20260623_163953_final,2236,224421,2026-06-23T16:43:37.900170,Pas tensometryczny,-5209970,-5209970,true
session_20260623_163953_final,2237,224511,2026-06-23T16:43:37.990214,Pas tensometryczny,-5210312,-5210312,true
session_20260623_163953_final,2238,224602,2026-06-23T16:43:38.081245,Pas tensometryczny,-5210578,-5210578,true
session_20260623_163953_final,2239,224696,2026-06-23T16:43:38.175111,Pas tensometryczny,-5210916,-5210916,true
session_20260623_163953_final,2240,224825,2026-06-23T16:43:38.304360,Pas tensometryczny,-5211360,-5211360,true
session_20260623_163953_final,2241,224916,2026-06-23T16:43:38.395265,Pas tensometryczny,-5211871,-5211871,true
session_20260623_163953_final,2242,225051,2026-06-23T16:43:38.530176,Pas tensometryczny,-5212229,-5212229,true
session_20260623_163953_final,2243,225096,2026-06-23T16:43:38.575553,Pas tensometryczny,-5212331,-5212331,true
session_20260623_163953_final,2244,225230,2026-06-23T16:43:38.709360,Pas tensometryczny,-5212163,-5212163,true
session_20260623_163953_final,2245,225331,2026-06-23T16:43:38.810084,Pas tensometryczny,-5211124,-5211124,true
session_20260623_163953_final,2246,225412,2026-06-23T16:43:38.891664,Pas tensometryczny,-5209418,-5209418,true
session_20260623_163953_final,2247,225503,2026-06-23T16:43:38.982307,Pas tensometryczny,-5207845,-5207845,true
session_20260623_163953_final,2248,225592,2026-06-23T16:43:39.071177,Pas tensometryczny,-5206494,-5206494,true
session_20260623_163953_final,2249,225727,2026-06-23T16:43:39.205990,Pas tensometryczny,-5205379,-5205379,true
session_20260623_163953_final,2250,225817,2026-06-23T16:43:39.296433,Pas tensometryczny,-5204515,-5204515,true
session_20260623_163953_final,2251,225906,2026-06-23T16:43:39.385666,Pas tensometryczny,-5203585,-5203585,true
session_20260623_163953_final,2252,225999,2026-06-23T16:43:39.477862,Pas tensometryczny,-5202586,-5202586,true
session_20260623_163953_final,2253,226133,2026-06-23T16:43:39.612542,Pas tensometryczny,-5200903,-5200903,true
session_20260623_163953_final,2254,226221,2026-06-23T16:43:39.700234,Pas tensometryczny,-5200167,-5200167,true
session_20260623_163953_final,2255,226316,2026-06-23T16:43:39.795658,Pas tensometryczny,-5199494,-5199494,true
session_20260623_163953_final,2256,226406,2026-06-23T16:43:39.885249,Pas tensometryczny,-5198926,-5198926,true
session_20260623_163953_final,2257,226490,2026-06-23T16:43:39.969067,Pas tensometryczny,-5198516,-5198516,true
session_20260623_163953_final,2258,226628,2026-06-23T16:43:40.107192,Pas tensometryczny,-5198004,-5198004,true
session_20260623_163953_final,2259,226717,2026-06-23T16:43:40.196320,Pas tensometryczny,-5197301,-5197301,true
session_20260623_163953_final,2260,226807,2026-06-23T16:43:40.286243,Pas tensometryczny,-5196739,-5196739,true
session_20260623_163953_final,2261,226901,2026-06-23T16:43:40.380060,Pas tensometryczny,-5196360,-5196360,true
session_20260623_163953_final,2262,227033,2026-06-23T16:43:40.512030,Pas tensometryczny,-5196082,-5196082,true
session_20260623_163953_final,2263,227120,2026-06-23T16:43:40.599745,Pas tensometryczny,-5195904,-5195904,true
session_20260623_163953_final,2264,227210,2026-06-23T16:43:40.689769,Pas tensometryczny,-5195890,-5195890,true
session_20260623_163953_final,2265,227301,2026-06-23T16:43:40.780433,Pas tensometryczny,-5195575,-5195575,true
session_20260623_163953_final,2266,227444,2026-06-23T16:43:40.923735,Pas tensometryczny,-5195191,-5195191,true
session_20260623_163953_final,2267,227526,2026-06-23T16:43:41.005414,Pas tensometryczny,-5194898,-5194898,true
session_20260623_163953_final,2268,227617,2026-06-23T16:43:41.096174,Pas tensometryczny,-5194645,-5194645,true
session_20260623_163953_final,2269,227705,2026-06-23T16:43:41.184312,Pas tensometryczny,-5194710,-5194710,true
session_20260623_163953_final,2270,227797,2026-06-23T16:43:41.275820,Pas tensometryczny,-5195677,-5195677,true
session_20260623_163953_final,2271,227930,2026-06-23T16:43:41.409774,Pas tensometryczny,-5197665,-5197665,true
session_20260623_163953_final,2272,228031,2026-06-23T16:43:41.510352,Pas tensometryczny,-5199274,-5199274,true
session_20260623_163953_final,2273,228111,2026-06-23T16:43:41.590017,Pas tensometryczny,-5200186,-5200186,true
session_20260623_163953_final,2274,228203,2026-06-23T16:43:41.682659,Pas tensometryczny,-5201115,-5201115,true
session_20260623_163953_final,2275,228347,2026-06-23T16:43:41.826351,Pas tensometryczny,-5201974,-5201974,true
session_20260623_163953_final,2276,228425,2026-06-23T16:43:41.904330,Pas tensometryczny,-5202777,-5202777,true
session_20260623_163953_final,2277,228522,2026-06-23T16:43:42.001314,Pas tensometryczny,-5203543,-5203543,true
session_20260623_163953_final,2278,228605,2026-06-23T16:43:42.084168,Pas tensometryczny,-5204251,-5204251,true
session_20260623_163953_final,2279,228702,2026-06-23T16:43:42.180947,Pas tensometryczny,-5204926,-5204926,true
session_20260623_163953_final,2280,228839,2026-06-23T16:43:42.318226,Pas tensometryczny,-5206106,-5206106,true
session_20260623_163953_final,2281,228921,2026-06-23T16:43:42.399885,Pas tensometryczny,-5206660,-5206660,true
session_20260623_163953_final,2282,229011,2026-06-23T16:43:42.489983,Pas tensometryczny,-5207311,-5207311,true
session_20260623_163953_final,2283,229102,2026-06-23T16:43:42.581719,Pas tensometryczny,-5207959,-5207959,true
session_20260623_163953_final,2284,229237,2026-06-23T16:43:42.716017,Pas tensometryczny,-5208457,-5208457,true
session_20260623_163953_final,2285,229337,2026-06-23T16:43:42.815992,Pas tensometryczny,-5208959,-5208959,true
session_20260623_163953_final,2286,229416,2026-06-23T16:43:42.895131,Pas tensometryczny,-5209499,-5209499,true
session_20260623_163953_final,2287,229515,2026-06-23T16:43:42.994622,Pas tensometryczny,-5209947,-5209947,true
session_20260623_163953_final,2288,229648,2026-06-23T16:43:43.127159,Pas tensometryczny,-5210144,-5210144,true
session_20260623_163953_final,2289,229775,2026-06-23T16:43:43.254637,Pas tensometryczny,-5210452,-5210452,true
session_20260623_163953_final,2290,229822,2026-06-23T16:43:43.301013,Pas tensometryczny,-5210776,-5210776,true
session_20260623_163953_final,2291,229913,2026-06-23T16:43:43.392582,Pas tensometryczny,-5210989,-5210989,true
session_20260623_163953_final,2292,230001,2026-06-23T16:43:43.480368,Pas tensometryczny,-5211230,-5211230,true
session_20260623_163953_final,2293,230137,2026-06-23T16:43:43.616791,Pas tensometryczny,-5211370,-5211370,true
session_20260623_163953_final,2294,230225,2026-06-23T16:43:43.704436,Pas tensometryczny,-5211644,-5211644,true
session_20260623_163953_final,2295,230317,2026-06-23T16:43:43.796010,Pas tensometryczny,-5211784,-5211784,true
session_20260623_163953_final,2296,230405,2026-06-23T16:43:43.884527,Pas tensometryczny,-5211703,-5211703,true
session_20260623_163953_final,2297,230540,2026-06-23T16:43:44.019342,Pas tensometryczny,-5211513,-5211513,true
session_20260623_163953_final,2298,230633,2026-06-23T16:43:44.111884,Pas tensometryczny,-5211356,-5211356,true
session_20260623_163953_final,2299,230776,2026-06-23T16:43:44.255225,Pas tensometryczny,-5211392,-5211392,true
session_20260623_163953_final,2300,230810,2026-06-23T16:43:44.289761,Pas tensometryczny,-5211535,-5211535,true
session_20260623_163953_final,2301,230962,2026-06-23T16:43:44.440937,Pas tensometryczny,-5211796,-5211796,true
session_20260623_163953_final,2302,231044,2026-06-23T16:43:44.523467,Pas tensometryczny,-5212044,-5212044,true
session_20260623_163953_final,2303,231126,2026-06-23T16:43:44.605332,Pas tensometryczny,-5211106,-5211106,true
session_20260623_163953_final,2304,231218,2026-06-23T16:43:44.696910,Pas tensometryczny,-5208600,-5208600,true
session_20260623_163953_final,2305,231306,2026-06-23T16:43:44.784829,Pas tensometryczny,-5205187,-5205187,true
session_20260623_163953_final,2306,231442,2026-06-23T16:43:44.920852,Pas tensometryczny,-5203957,-5203957,true
session_20260623_163953_final,2307,231532,2026-06-23T16:43:45.011070,Pas tensometryczny,-5203029,-5203029,true
session_20260623_163953_final,2308,231632,2026-06-23T16:43:45.111171,Pas tensometryczny,-5202191,-5202191,true
session_20260623_163953_final,2309,231724,2026-06-23T16:43:45.203336,Pas tensometryczny,-5201358,-5201358,true
session_20260623_163953_final,2310,231850,2026-06-23T16:43:45.329592,Pas tensometryczny,-5200426,-5200426,true
session_20260623_163953_final,2311,231936,2026-06-23T16:43:45.415061,Pas tensometryczny,-5199485,-5199485,true
session_20260623_163953_final,2312,232028,2026-06-23T16:43:45.507370,Pas tensometryczny,-5198696,-5198696,true
session_20260623_163953_final,2313,232118,2026-06-23T16:43:45.597297,Pas tensometryczny,-5198048,-5198048,true
session_20260623_163953_final,2314,232211,2026-06-23T16:43:45.690623,Pas tensometryczny,-5197394,-5197394,true
session_20260623_163953_final,2315,232341,2026-06-23T16:43:45.820361,Pas tensometryczny,-5197062,-5197062,true
session_20260623_163953_final,2316,232434,2026-06-23T16:43:45.913525,Pas tensometryczny,-5196787,-5196787,true
session_20260623_163953_final,2317,232526,2026-06-23T16:43:46.005762,Pas tensometryczny,-5196460,-5196460,true
session_20260623_163953_final,2318,232611,2026-06-23T16:43:46.090075,Pas tensometryczny,-5196438,-5196438,true
session_20260623_163953_final,2319,232747,2026-06-23T16:43:46.226704,Pas tensometryczny,-5196776,-5196776,true
session_20260623_163953_final,2320,232837,2026-06-23T16:43:46.316773,Pas tensometryczny,-5197666,-5197666,true
session_20260623_163953_final,2321,232936,2026-06-23T16:43:46.415236,Pas tensometryczny,-5199418,-5199418,true
session_20260623_163953_final,2322,233035,2026-06-23T16:43:46.514651,Pas tensometryczny,-5201439,-5201439,true
session_20260623_163953_final,2323,233153,2026-06-23T16:43:46.632043,Pas tensometryczny,-5202929,-5202929,true
session_20260623_163953_final,2324,233241,2026-06-23T16:43:46.720462,Pas tensometryczny,-5203680,-5203680,true
session_20260623_163953_final,2325,233345,2026-06-23T16:43:46.824223,Pas tensometryczny,-5204262,-5204262,true
session_20260623_163953_final,2326,233421,2026-06-23T16:43:46.899852,Pas tensometryczny,-5204996,-5204996,true
session_20260623_163953_final,2327,233518,2026-06-23T16:43:46.996871,Pas tensometryczny,-5205748,-5205748,true
session_20260623_163953_final,2328,233654,2026-06-23T16:43:47.133710,Pas tensometryczny,-5206434,-5206434,true
session_20260623_163953_final,2329,233735,2026-06-23T16:43:47.213926,Pas tensometryczny,-5207363,-5207363,true
session_20260623_163953_final,2330,233825,2026-06-23T16:43:47.304137,Pas tensometryczny,-5208104,-5208104,true
session_20260623_163953_final,2331,233936,2026-06-23T16:43:47.415412,Pas tensometryczny,-5208749,-5208749,true
session_20260623_163953_final,2332,234062,2026-06-23T16:43:47.541716,Pas tensometryczny,-5210291,-5210291,true
session_20260623_163953_final,2333,234140,2026-06-23T16:43:47.619698,Pas tensometryczny,-5210864,-5210864,true
session_20260623_163953_final,2334,234232,2026-06-23T16:43:47.711065,Pas tensometryczny,-5211456,-5211456,true
session_20260623_163953_final,2335,234324,2026-06-23T16:43:47.803746,Pas tensometryczny,-5211961,-5211961,true
session_20260623_163953_final,2336,234410,2026-06-23T16:43:47.889425,Pas tensometryczny,-5212351,-5212351,true
session_20260623_163953_final,2337,234545,2026-06-23T16:43:48.024812,Pas tensometryczny,-5212655,-5212655,true
session_20260623_163953_final,2338,234638,2026-06-23T16:43:48.117210,Pas tensometryczny,-5212942,-5212942,true
session_20260623_163953_final,2339,234725,2026-06-23T16:43:48.204384,Pas tensometryczny,-5213173,-5213173,true
session_20260623_163953_final,2340,234823,2026-06-23T16:43:48.302486,Pas tensometryczny,-5213342,-5213342,true
session_20260623_163953_final,2341,234950,2026-06-23T16:43:48.429343,Pas tensometryczny,-5213453,-5213453,true
session_20260623_163953_final,2342,235040,2026-06-23T16:43:48.519173,Pas tensometryczny,-5213508,-5213508,true
session_20260623_163953_final,2343,235138,2026-06-23T16:43:48.617153,Pas tensometryczny,-5213157,-5213157,true
session_20260623_163953_final,2344,235221,2026-06-23T16:43:48.699976,Pas tensometryczny,-5212386,-5212386,true
session_20260623_163953_final,2345,235358,2026-06-23T16:43:48.836836,Pas tensometryczny,-5210931,-5210931,true
session_20260623_163953_final,2346,235445,2026-06-23T16:43:48.924213,Pas tensometryczny,-5209365,-5209365,true
session_20260623_163953_final,2347,235536,2026-06-23T16:43:49.015353,Pas tensometryczny,-5208116,-5208116,true
session_20260623_163953_final,2348,235627,2026-06-23T16:43:49.106670,Pas tensometryczny,-5207077,-5207077,true
session_20260623_163953_final,2349,235716,2026-06-23T16:43:49.195653,Pas tensometryczny,-5206338,-5206338,true
session_20260623_163953_final,2350,235851,2026-06-23T16:43:49.330064,Pas tensometryczny,-5205412,-5205412,true
session_20260623_163953_final,2351,235943,2026-06-23T16:43:49.422280,Pas tensometryczny,-5204308,-5204308,true
session_20260623_163953_final,2352,236043,2026-06-23T16:43:49.522284,Pas tensometryczny,-5203359,-5203359,true
session_20260623_163953_final,2353,236122,2026-06-23T16:43:49.600960,Pas tensometryczny,-5202516,-5202516,true
session_20260623_163953_final,2354,236260,2026-06-23T16:43:49.739100,Pas tensometryczny,-5201659,-5201659,true
session_20260623_163953_final,2355,236345,2026-06-23T16:43:49.824217,Pas tensometryczny,-5201001,-5201001,true
session_20260623_163953_final,2356,236439,2026-06-23T16:43:49.917870,Pas tensometryczny,-5200403,-5200403,true
session_20260623_163953_final,2357,236527,2026-06-23T16:43:50.006280,Pas tensometryczny,-5199767,-5199767,true
session_20260623_163953_final,2358,236623,2026-06-23T16:43:50.102097,Pas tensometryczny,-5199170,-5199170,true
session_20260623_163953_final,2359,236750,2026-06-23T16:43:50.229427,Pas tensometryczny,-5197945,-5197945,true
session_20260623_163953_final,2360,236841,2026-06-23T16:43:50.319951,Pas tensometryczny,-5197460,-5197460,true
session_20260623_163953_final,2361,236932,2026-06-23T16:43:50.411198,Pas tensometryczny,-5197051,-5197051,true
session_20260623_163953_final,2362,237024,2026-06-23T16:43:50.503786,Pas tensometryczny,-5196818,-5196818,true
session_20260623_163953_final,2363,237156,2026-06-23T16:43:50.635415,Pas tensometryczny,-5196391,-5196391,true
session_20260623_163953_final,2364,237250,2026-06-23T16:43:50.729302,Pas tensometryczny,-5196074,-5196074,true
session_20260623_163953_final,2365,237394,2026-06-23T16:43:50.872974,Pas tensometryczny,-5195938,-5195938,true
session_20260623_163953_final,2366,237434,2026-06-23T16:43:50.913638,Pas tensometryczny,-5195765,-5195765,true
session_20260623_163953_final,2367,237562,2026-06-23T16:43:51.041233,Pas tensometryczny,-5196072,-5196072,true
session_20260623_163953_final,2368,237654,2026-06-23T16:43:51.133723,Pas tensometryczny,-5196972,-5196972,true
session_20260623_163953_final,2369,237751,2026-06-23T16:43:51.229997,Pas tensometryczny,-5197794,-5197794,true
session_20260623_163953_final,2370,237841,2026-06-23T16:43:51.320159,Pas tensometryczny,-5198262,-5198262,true
session_20260623_163953_final,2371,237921,2026-06-23T16:43:51.400101,Pas tensometryczny,-5198831,-5198831,true
session_20260623_163953_final,2372,238055,2026-06-23T16:43:51.534804,Pas tensometryczny,-5199550,-5199550,true
session_20260623_163953_final,2373,238146,2026-06-23T16:43:51.625058,Pas tensometryczny,-5200603,-5200603,true
session_20260623_163953_final,2374,238235,2026-06-23T16:43:51.714598,Pas tensometryczny,-5201808,-5201808,true
session_20260623_163953_final,2375,238335,2026-06-23T16:43:51.814350,Pas tensometryczny,-5202814,-5202814,true
session_20260623_163953_final,2376,238505,2026-06-23T16:43:51.983836,Pas tensometryczny,-5203599,-5203599,true
session_20260623_163953_final,2377,238555,2026-06-23T16:43:52.034341,Pas tensometryczny,-5204188,-5204188,true
session_20260623_163953_final,2378,238642,2026-06-23T16:43:52.120996,Pas tensometryczny,-5204877,-5204877,true
session_20260623_163953_final,2379,238731,2026-06-23T16:43:52.209922,Pas tensometryczny,-5205752,-5205752,true
session_20260623_163953_final,2380,238872,2026-06-23T16:43:52.351265,Pas tensometryczny,-5206510,-5206510,true
session_20260623_163953_final,2381,238957,2026-06-23T16:43:52.436557,Pas tensometryczny,-5207354,-5207354,true
session_20260623_163953_final,2382,239054,2026-06-23T16:43:52.532980,Pas tensometryczny,-5208313,-5208313,true
session_20260623_163953_final,2383,239134,2026-06-23T16:43:52.613811,Pas tensometryczny,-5209001,-5209001,true
session_20260623_163953_final,2384,239227,2026-06-23T16:43:52.706164,Pas tensometryczny,-5210053,-5210053,true
session_20260623_163953_final,2385,239360,2026-06-23T16:43:52.839814,Pas tensometryczny,-5210667,-5210667,true
session_20260623_163953_final,2386,239455,2026-06-23T16:43:52.934534,Pas tensometryczny,-5211053,-5211053,true
session_20260623_163953_final,2387,239541,2026-06-23T16:43:53.020063,Pas tensometryczny,-5211328,-5211328,true
session_20260623_163953_final,2388,239637,2026-06-23T16:43:53.116418,Pas tensometryczny,-5211735,-5211735,true
session_20260623_163953_final,2389,239768,2026-06-23T16:43:53.247114,Pas tensometryczny,-5212063,-5212063,true
session_20260623_163953_final,2390,239858,2026-06-23T16:43:53.337660,Pas tensometryczny,-5212176,-5212176,true
session_20260623_163953_final,2391,239946,2026-06-23T16:43:53.424830,Pas tensometryczny,-5212503,-5212503,true
session_20260623_163953_final,2392,240038,2026-06-23T16:43:53.517632,Pas tensometryczny,-5212705,-5212705,true
session_20260623_163953_final,2393,240125,2026-06-23T16:43:53.604209,Pas tensometryczny,-5213056,-5213056,true
session_20260623_163953_final,2394,240309,2026-06-23T16:43:53.788307,Pas tensometryczny,-5213443,-5213443,true
session_20260623_163953_final,2395,240351,2026-06-23T16:43:53.830520,Pas tensometryczny,-5213578,-5213578,true
session_20260623_163953_final,2396,240458,2026-06-23T16:43:53.937477,Pas tensometryczny,-5213709,-5213709,true
session_20260623_163953_final,2397,240531,2026-06-23T16:43:54.010290,Pas tensometryczny,-5213313,-5213313,true
session_20260623_163953_final,2398,240665,2026-06-23T16:43:54.143941,Pas tensometryczny,-5212329,-5212329,true
session_20260623_163953_final,2399,240760,2026-06-23T16:43:54.239085,Pas tensometryczny,-5210770,-5210770,true
session_20260623_163953_final,2400,240846,2026-06-23T16:43:54.325185,Pas tensometryczny,-5209163,-5209163,true
session_20260623_163953_final,2401,240941,2026-06-23T16:43:54.419986,Pas tensometryczny,-5207722,-5207722,true
session_20260623_163953_final,2402,241075,2026-06-23T16:43:54.554493,Pas tensometryczny,-5206424,-5206424,true
session_20260623_163953_final,2403,241161,2026-06-23T16:43:54.639839,Pas tensometryczny,-5205382,-5205382,true
session_20260623_163953_final,2404,241264,2026-06-23T16:43:54.743186,Pas tensometryczny,-5204299,-5204299,true
session_20260623_163953_final,2405,241345,2026-06-23T16:43:54.824436,Pas tensometryczny,-5203004,-5203004,true
session_20260623_163953_final,2406,241442,2026-06-23T16:43:54.920886,Pas tensometryczny,-5201901,-5201901,true
session_20260623_163953_final,2407,241566,2026-06-23T16:43:55.045232,Pas tensometryczny,-5200913,-5200913,true
session_20260623_163953_final,2408,241657,2026-06-23T16:43:55.136151,Pas tensometryczny,-5200093,-5200093,true
session_20260623_163953_final,2409,241745,2026-06-23T16:43:55.224815,Pas tensometryczny,-5199562,-5199562,true
session_20260623_163953_final,2410,241838,2026-06-23T16:43:55.317234,Pas tensometryczny,-5199074,-5199074,true
session_20260623_163953_final,2411,241971,2026-06-23T16:43:55.450422,Pas tensometryczny,-5197838,-5197838,true
session_20260623_163953_final,2412,242077,2026-06-23T16:43:55.556697,Pas tensometryczny,-5197220,-5197220,true
session_20260623_163953_final,2413,242154,2026-06-23T16:43:55.633788,Pas tensometryczny,-5196685,-5196685,true
session_20260623_163953_final,2414,242248,2026-06-23T16:43:55.727748,Pas tensometryczny,-5196319,-5196319,true
session_20260623_163953_final,2415,242332,2026-06-23T16:43:55.810889,Pas tensometryczny,-5196155,-5196155,true
session_20260623_163953_final,2416,242465,2026-06-23T16:43:55.944616,Pas tensometryczny,-5196273,-5196273,true
session_20260623_163953_final,2417,242558,2026-06-23T16:43:56.037461,Pas tensometryczny,-5196002,-5196002,true
session_20260623_163953_final,2418,242649,2026-06-23T16:43:56.128687,Pas tensometryczny,-5195809,-5195809,true
session_20260623_163953_final,2419,242738,2026-06-23T16:43:56.217376,Pas tensometryczny,-5196058,-5196058,true
session_20260623_163953_final,2420,242874,2026-06-23T16:43:56.352885,Pas tensometryczny,-5197044,-5197044,true
session_20260623_163953_final,2421,242967,2026-06-23T16:43:56.446686,Pas tensometryczny,-5198805,-5198805,true
session_20260623_163953_final,2422,243055,2026-06-23T16:43:56.533930,Pas tensometryczny,-5200633,-5200633,true
session_20260623_163953_final,2423,243141,2026-06-23T16:43:56.620402,Pas tensometryczny,-5202028,-5202028,true
session_20260623_163953_final,2424,243276,2026-06-23T16:43:56.755747,Pas tensometryczny,-5202929,-5202929,true
session_20260623_163953_final,2425,243369,2026-06-23T16:43:56.847865,Pas tensometryczny,-5203706,-5203706,true
session_20260623_163953_final,2426,243456,2026-06-23T16:43:56.935383,Pas tensometryczny,-5204356,-5204356,true
session_20260623_163953_final,2427,243552,2026-06-23T16:43:57.031669,Pas tensometryczny,-5205043,-5205043,true
session_20260623_163953_final,2428,243635,2026-06-23T16:43:57.114787,Pas tensometryczny,-5205824,-5205824,true
session_20260623_163953_final,2429,243774,2026-06-23T16:43:57.253477,Pas tensometryczny,-5206778,-5206778,true
session_20260623_163953_final,2430,243861,2026-06-23T16:43:57.340332,Pas tensometryczny,-5207749,-5207749,true
session_20260623_163953_final,2431,243950,2026-06-23T16:43:57.429048,Pas tensometryczny,-5208633,-5208633,true
session_20260623_163953_final,2432,244046,2026-06-23T16:43:57.525216,Pas tensometryczny,-5209394,-5209394,true
session_20260623_163953_final,2433,244176,2026-06-23T16:43:57.655466,Pas tensometryczny,-5210174,-5210174,true
session_20260623_163953_final,2434,244269,2026-06-23T16:43:57.748631,Pas tensometryczny,-5210543,-5210543,true
session_20260623_163953_final,2435,244354,2026-06-23T16:43:57.833678,Pas tensometryczny,-5210984,-5210984,true
session_20260623_163953_final,2436,244455,2026-06-23T16:43:57.933909,Pas tensometryczny,-5211835,-5211835,true
session_20260623_163953_final,2437,244537,2026-06-23T16:43:58.016068,Pas tensometryczny,-5212678,-5212678,true
session_20260623_163953_final,2438,244672,2026-06-23T16:43:58.151068,Pas tensometryczny,-5212628,-5212628,true
session_20260623_163953_final,2439,244806,2026-06-23T16:43:58.285756,Pas tensometryczny,-5212722,-5212722,true
session_20260623_163953_final,2440,244871,2026-06-23T16:43:58.350438,Pas tensometryczny,-5213129,-5213129,true
session_20260623_163953_final,2441,244940,2026-06-23T16:43:58.419252,Pas tensometryczny,-5213320,-5213320,true
session_20260623_163953_final,2442,245077,2026-06-23T16:43:58.555953,Pas tensometryczny,-5213304,-5213304,true
session_20260623_163953_final,2443,245166,2026-06-23T16:43:58.645391,Pas tensometryczny,-5213300,-5213300,true
session_20260623_163953_final,2444,245271,2026-06-23T16:43:58.750108,Pas tensometryczny,-5212837,-5212837,true
session_20260623_163953_final,2445,245347,2026-06-23T16:43:58.826509,Pas tensometryczny,-5211644,-5211644,true
session_20260623_163953_final,2446,245481,2026-06-23T16:43:58.960205,Pas tensometryczny,-5209996,-5209996,true
session_20260623_163953_final,2447,245583,2026-06-23T16:43:59.062118,Pas tensometryczny,-5208339,-5208339,true
session_20260623_163953_final,2448,245663,2026-06-23T16:43:59.142546,Pas tensometryczny,-5206936,-5206936,true
session_20260623_163953_final,2449,245755,2026-06-23T16:43:59.234303,Pas tensometryczny,-5205928,-5205928,true
session_20260623_163953_final,2450,245839,2026-06-23T16:43:59.318814,Pas tensometryczny,-5205069,-5205069,true
session_20260623_163953_final,2451,245975,2026-06-23T16:43:59.453975,Pas tensometryczny,-5204231,-5204231,true
session_20260623_163953_final,2452,246111,2026-06-23T16:43:59.590150,Pas tensometryczny,-5203163,-5203163,true
session_20260623_163953_final,2453,246169,2026-06-23T16:43:59.648650,Pas tensometryczny,-5201998,-5201998,true
session_20260623_163953_final,2454,246245,2026-06-23T16:43:59.724077,Pas tensometryczny,-5201014,-5201014,true
session_20260623_163953_final,2455,246382,2026-06-23T16:43:59.860888,Pas tensometryczny,-5200049,-5200049,true
session_20260623_163953_final,2456,246475,2026-06-23T16:43:59.953980,Pas tensometryczny,-5199151,-5199151,true
session_20260623_163953_final,2457,246559,2026-06-23T16:44:00.038751,Pas tensometryczny,-5198546,-5198546,true
session_20260623_163953_final,2458,246651,2026-06-23T16:44:00.130002,Pas tensometryczny,-5198139,-5198139,true
session_20260623_163953_final,2459,246745,2026-06-23T16:44:00.224057,Pas tensometryczny,-5197532,-5197532,true
session_20260623_163953_final,2460,246878,2026-06-23T16:44:00.357107,Pas tensometryczny,-5196866,-5196866,true
session_20260623_163953_final,2461,246966,2026-06-23T16:44:00.444828,Pas tensometryczny,-5196298,-5196298,true
session_20260623_163953_final,2462,247057,2026-06-23T16:44:00.535959,Pas tensometryczny,-5195800,-5195800,true
session_20260623_163953_final,2463,247146,2026-06-23T16:44:00.625310,Pas tensometryczny,-5195272,-5195272,true
session_20260623_163953_final,2464,247280,2026-06-23T16:44:00.759535,Pas tensometryczny,-5195113,-5195113,true
session_20260623_163953_final,2465,247375,2026-06-23T16:44:00.854582,Pas tensometryczny,-5194757,-5194757,true
session_20260623_163953_final,2466,247464,2026-06-23T16:44:00.942978,Pas tensometryczny,-5194559,-5194559,true
session_20260623_163953_final,2467,247558,2026-06-23T16:44:01.036936,Pas tensometryczny,-5194675,-5194675,true
session_20260623_163953_final,2468,247690,2026-06-23T16:44:01.169102,Pas tensometryczny,-5195109,-5195109,true
session_20260623_163953_final,2469,247777,2026-06-23T16:44:01.256500,Pas tensometryczny,-5196006,-5196006,true
session_20260623_163953_final,2470,247866,2026-06-23T16:44:01.344849,Pas tensometryczny,-5197531,-5197531,true
session_20260623_163953_final,2471,247956,2026-06-23T16:44:01.435001,Pas tensometryczny,-5199473,-5199473,true
session_20260623_163953_final,2472,248047,2026-06-23T16:44:01.526545,Pas tensometryczny,-5200702,-5200702,true
session_20260623_163953_final,2473,248180,2026-06-23T16:44:01.659253,Pas tensometryczny,-5201445,-5201445,true
session_20260623_163953_final,2474,248270,2026-06-23T16:44:01.749392,Pas tensometryczny,-5202227,-5202227,true
session_20260623_163953_final,2475,248374,2026-06-23T16:44:01.853012,Pas tensometryczny,-5203112,-5203112,true
session_20260623_163953_final,2476,248451,2026-06-23T16:44:01.929880,Pas tensometryczny,-5203909,-5203909,true
session_20260623_163953_final,2477,248585,2026-06-23T16:44:02.064184,Pas tensometryczny,-5204681,-5204681,true
session_20260623_163953_final,2478,248677,2026-06-23T16:44:02.156238,Pas tensometryczny,-5205557,-5205557,true
session_20260623_163953_final,2479,248767,2026-06-23T16:44:02.246758,Pas tensometryczny,-5206283,-5206283,true
session_20260623_163953_final,2480,248861,2026-06-23T16:44:02.339864,Pas tensometryczny,-5206738,-5206738,true
session_20260623_163953_final,2481,248993,2026-06-23T16:44:02.472265,Pas tensometryczny,-5207206,-5207206,true
session_20260623_163953_final,2482,249085,2026-06-23T16:44:02.564172,Pas tensometryczny,-5207582,-5207582,true
session_20260623_163953_final,2483,249184,2026-06-23T16:44:02.663233,Pas tensometryczny,-5207931,-5207931,true
session_20260623_163953_final,2484,249263,2026-06-23T16:44:02.741843,Pas tensometryczny,-5208304,-5208304,true
session_20260623_163953_final,2485,249353,2026-06-23T16:44:02.831872,Pas tensometryczny,-5208794,-5208794,true
session_20260623_163953_final,2486,249487,2026-06-23T16:44:02.966072,Pas tensometryczny,-5209319,-5209319,true
session_20260623_163953_final,2487,249621,2026-06-23T16:44:03.100246,Pas tensometryczny,-5209703,-5209703,true
session_20260623_163953_final,2488,249675,2026-06-23T16:44:03.154421,Pas tensometryczny,-5210224,-5210224,true
session_20260623_163953_final,2489,249755,2026-06-23T16:44:03.234312,Pas tensometryczny,-5211675,-5211675,true
session_20260623_163953_final,2490,249891,2026-06-23T16:44:03.370531,Pas tensometryczny,-5212104,-5212104,true
session_20260623_163953_final,2491,249981,2026-06-23T16:44:03.460152,Pas tensometryczny,-5212247,-5212247,true
session_20260623_163953_final,2492,250072,2026-06-23T16:44:03.551124,Pas tensometryczny,-5212456,-5212456,true
session_20260623_163953_final,2493,250213,2026-06-23T16:44:03.692099,Pas tensometryczny,-5212816,-5212816,true
session_20260623_163953_final,2494,250252,2026-06-23T16:44:03.731027,Pas tensometryczny,-5212797,-5212797,true
session_20260623_163953_final,2495,250389,2026-06-23T16:44:03.868221,Pas tensometryczny,-5212703,-5212703,true
session_20260623_163953_final,2496,250487,2026-06-23T16:44:03.966011,Pas tensometryczny,-5212605,-5212605,true
session_20260623_163953_final,2497,250566,2026-06-23T16:44:04.045209,Pas tensometryczny,-5212444,-5212444,true
session_20260623_163953_final,2498,250657,2026-06-23T16:44:04.136515,Pas tensometryczny,-5211721,-5211721,true
session_20260623_163953_final,2499,250790,2026-06-23T16:44:04.269355,Pas tensometryczny,-5210192,-5210192,true
session_20260623_163953_final,2500,250883,2026-06-23T16:44:04.361984,Pas tensometryczny,-5208435,-5208435,true
session_20260623_163953_final,2501,250970,2026-06-23T16:44:04.449806,Pas tensometryczny,-5206878,-5206878,true
session_20260623_163953_final,2502,251067,2026-06-23T16:44:04.546645,Pas tensometryczny,-5205385,-5205385,true
session_20260623_163953_final,2503,251197,2026-06-23T16:44:04.676774,Pas tensometryczny,-5203964,-5203964,true
session_20260623_163953_final,2504,251286,2026-06-23T16:44:04.765064,Pas tensometryczny,-5202890,-5202890,true
session_20260623_163953_final,2505,251375,2026-06-23T16:44:04.854481,Pas tensometryczny,-5201949,-5201949,true
session_20260623_163953_final,2506,251466,2026-06-23T16:44:04.944839,Pas tensometryczny,-5201086,-5201086,true
session_20260623_163953_final,2507,251556,2026-06-23T16:44:05.035122,Pas tensometryczny,-5200426,-5200426,true
session_20260623_163953_final,2508,251698,2026-06-23T16:44:05.177550,Pas tensometryczny,-5199829,-5199829,true
session_20260623_163953_final,2509,251781,2026-06-23T16:44:05.260373,Pas tensometryczny,-5199299,-5199299,true
session_20260623_163953_final,2510,251890,2026-06-23T16:44:05.369344,Pas tensometryczny,-5198479,-5198479,true
session_20260623_163953_final,2511,251960,2026-06-23T16:44:05.439580,Pas tensometryczny,-5197640,-5197640,true
session_20260623_163953_final,2512,252096,2026-06-23T16:44:05.575746,Pas tensometryczny,-5197081,-5197081,true
session_20260623_163953_final,2513,252192,2026-06-23T16:44:05.671128,Pas tensometryczny,-5196619,-5196619,true
session_20260623_163953_final,2514,252276,2026-06-23T16:44:05.754893,Pas tensometryczny,-5196109,-5196109,true
session_20260623_163953_final,2515,252365,2026-06-23T16:44:05.843886,Pas tensometryczny,-5195721,-5195721,true
session_20260623_163953_final,2516,252466,2026-06-23T16:44:05.945798,Pas tensometryczny,-5194811,-5194811,true
session_20260623_163953_final,2517,252591,2026-06-23T16:44:06.070423,Pas tensometryczny,-5194390,-5194390,true
session_20260623_163953_final,2518,252680,2026-06-23T16:44:06.158909,Pas tensometryczny,-5193969,-5193969,true
session_20260623_163953_final,2519,252771,2026-06-23T16:44:06.250136,Pas tensometryczny,-5193698,-5193698,true
session_20260623_163953_final,2520,252863,2026-06-23T16:44:06.342033,Pas tensometryczny,-5193778,-5193778,true
session_20260623_163953_final,2521,252995,2026-06-23T16:44:06.474094,Pas tensometryczny,-5194346,-5194346,true
session_20260623_163953_final,2522,253131,2026-06-23T16:44:06.610739,Pas tensometryczny,-5194834,-5194834,true
session_20260623_163953_final,2523,253176,2026-06-23T16:44:06.655805,Pas tensometryczny,-5194826,-5194826,true
session_20260623_163953_final,2524,253268,2026-06-23T16:44:06.746834,Pas tensometryczny,-5194703,-5194703,true
session_20260623_163953_final,2525,253400,2026-06-23T16:44:06.879598,Pas tensometryczny,-5195006,-5195006,true
session_20260623_163953_final,2526,253491,2026-06-23T16:44:06.970165,Pas tensometryczny,-5196357,-5196357,true
session_20260623_163953_final,2527,253583,2026-06-23T16:44:07.062545,Pas tensometryczny,-5198337,-5198337,true
session_20260623_163953_final,2528,253716,2026-06-23T16:44:07.194996,Pas tensometryczny,-5200031,-5200031,true
session_20260623_163953_final,2529,253771,2026-06-23T16:44:07.250771,Pas tensometryczny,-5201125,-5201125,true
session_20260623_163953_final,2530,253895,2026-06-23T16:44:07.374406,Pas tensometryczny,-5202076,-5202076,true
session_20260623_163953_final,2531,253986,2026-06-23T16:44:07.465816,Pas tensometryczny,-5202894,-5202894,true
session_20260623_163953_final,2532,254076,2026-06-23T16:44:07.555368,Pas tensometryczny,-5203466,-5203466,true
session_20260623_163953_final,2533,254167,2026-06-23T16:44:07.646030,Pas tensometryczny,-5204046,-5204046,true
session_20260623_163953_final,2534,254300,2026-06-23T16:44:07.779237,Pas tensometryczny,-5204816,-5204816,true
session_20260623_163953_final,2535,254391,2026-06-23T16:44:07.870730,Pas tensometryczny,-5205641,-5205641,true
session_20260623_163953_final,2536,254485,2026-06-23T16:44:07.964351,Pas tensometryczny,-5206364,-5206364,true
session_20260623_163953_final,2537,254570,2026-06-23T16:44:08.049632,Pas tensometryczny,-5206948,-5206948,true
session_20260623_163953_final,2538,254663,2026-06-23T16:44:08.142109,Pas tensometryczny,-5207653,-5207653,true
session_20260623_163953_final,2539,254807,2026-06-23T16:44:08.286342,Pas tensometryczny,-5208549,-5208549,true
session_20260623_163953_final,2540,254891,2026-06-23T16:44:08.370220,Pas tensometryczny,-5209385,-5209385,true
session_20260623_163953_final,2541,254977,2026-06-23T16:44:08.455903,Pas tensometryczny,-5210497,-5210497,true
session_20260623_163953_final,2542,255068,2026-06-23T16:44:08.547153,Pas tensometryczny,-5210818,-5210818,true
session_20260623_163953_final,2543,255200,2026-06-23T16:44:08.678825,Pas tensometryczny,-5210997,-5210997,true
session_20260623_163953_final,2544,255291,2026-06-23T16:44:08.769849,Pas tensometryczny,-5211242,-5211242,true
session_20260623_163953_final,2545,255385,2026-06-23T16:44:08.864360,Pas tensometryczny,-5211431,-5211431,true
session_20260623_163953_final,2546,255472,2026-06-23T16:44:08.951701,Pas tensometryczny,-5211675,-5211675,true
session_20260623_163953_final,2547,255612,2026-06-23T16:44:09.091808,Pas tensometryczny,-5211775,-5211775,true
session_20260623_163953_final,2548,255698,2026-06-23T16:44:09.177455,Pas tensometryczny,-5211624,-5211624,true
session_20260623_163953_final,2549,255789,2026-06-23T16:44:09.268058,Pas tensometryczny,-5211611,-5211611,true
session_20260623_163953_final,2550,255878,2026-06-23T16:44:09.356833,Pas tensometryczny,-5210994,-5210994,true
session_20260623_163953_final,2551,255966,2026-06-23T16:44:09.445101,Pas tensometryczny,-5208982,-5208982,true
session_20260623_163953_final,2552,256106,2026-06-23T16:44:09.585162,Pas tensometryczny,-5207028,-5207028,true
session_20260623_163953_final,2553,256191,2026-06-23T16:44:09.670104,Pas tensometryczny,-5205757,-5205757,true
session_20260623_163953_final,2554,256283,2026-06-23T16:44:09.762081,Pas tensometryczny,-5204577,-5204577,true
session_20260623_163953_final,2555,256387,2026-06-23T16:44:09.866031,Pas tensometryczny,-5203440,-5203440,true
session_20260623_163953_final,2556,256508,2026-06-23T16:44:09.987004,Pas tensometryczny,-5202538,-5202538,true
session_20260623_163953_final,2557,256601,2026-06-23T16:44:10.079832,Pas tensometryczny,-5201811,-5201811,true
session_20260623_163953_final,2558,256703,2026-06-23T16:44:10.182041,Pas tensometryczny,-5201181,-5201181,true
session_20260623_163953_final,2559,256776,2026-06-23T16:44:10.255201,Pas tensometryczny,-5200351,-5200351,true
session_20260623_163953_final,2560,256910,2026-06-23T16:44:10.389247,Pas tensometryczny,-5199477,-5199477,true
session_20260623_163953_final,2561,257001,2026-06-23T16:44:10.480097,Pas tensometryczny,-5198724,-5198724,true
session_20260623_163953_final,2562,257091,2026-06-23T16:44:10.570519,Pas tensometryczny,-5198105,-5198105,true
session_20260623_163953_final,2563,257181,2026-06-23T16:44:10.660426,Pas tensometryczny,-5197636,-5197636,true
session_20260623_163953_final,2564,257272,2026-06-23T16:44:10.751574,Pas tensometryczny,-5197326,-5197326,true
session_20260623_163953_final,2565,257416,2026-06-23T16:44:10.895150,Pas tensometryczny,-5197026,-5197026,true
session_20260623_163953_final,2566,257508,2026-06-23T16:44:10.987244,Pas tensometryczny,-5196594,-5196594,true
session_20260623_163953_final,2567,257596,2026-06-23T16:44:11.074847,Pas tensometryczny,-5196242,-5196242,true
session_20260623_163953_final,2568,257687,2026-06-23T16:44:11.166771,Pas tensometryczny,-5196789,-5196789,true
session_20260623_163953_final,2569,257811,2026-06-23T16:44:11.290779,Pas tensometryczny,-5198143,-5198143,true
session_20260623_163953_final,2570,257899,2026-06-23T16:44:11.378737,Pas tensometryczny,-5199987,-5199987,true
session_20260623_163953_final,2571,258008,2026-06-23T16:44:11.487414,Pas tensometryczny,-5201663,-5201663,true
session_20260623_163953_final,2572,258080,2026-06-23T16:44:11.559354,Pas tensometryczny,-5202695,-5202695,true
session_20260623_163953_final,2573,258172,2026-06-23T16:44:11.651403,Pas tensometryczny,-5203567,-5203567,true
session_20260623_163953_final,2574,258306,2026-06-23T16:44:11.785800,Pas tensometryczny,-5204299,-5204299,true
session_20260623_163953_final,2575,258410,2026-06-23T16:44:11.889680,Pas tensometryczny,-5205059,-5205059,true
session_20260623_163953_final,2576,258493,2026-06-23T16:44:11.972131,Pas tensometryczny,-5205792,-5205792,true
session_20260623_163953_final,2577,258580,2026-06-23T16:44:12.059329,Pas tensometryczny,-5206723,-5206723,true
session_20260623_163953_final,2578,258711,2026-06-23T16:44:12.189937,Pas tensometryczny,-5207763,-5207763,true
session_20260623_163953_final,2579,258800,2026-06-23T16:44:12.279597,Pas tensometryczny,-5208571,-5208571,true
session_20260623_163953_final,2580,258894,2026-06-23T16:44:12.372888,Pas tensometryczny,-5209158,-5209158,true
session_20260623_163953_final,2581,258982,2026-06-23T16:44:12.461092,Pas tensometryczny,-5209727,-5209727,true
session_20260623_163953_final,2582,259118,2026-06-23T16:44:12.597141,Pas tensometryczny,-5210229,-5210229,true
session_20260623_163953_final,2583,259206,2026-06-23T16:44:12.684951,Pas tensometryczny,-5210657,-5210657,true
session_20260623_163953_final,2584,259309,2026-06-23T16:44:12.787912,Pas tensometryczny,-5211138,-5211138,true
session_20260623_163953_final,2585,259388,2026-06-23T16:44:12.867144,Pas tensometryczny,-5211810,-5211810,true
session_20260623_163953_final,2586,259477,2026-06-23T16:44:12.956092,Pas tensometryczny,-5212299,-5212299,true
session_20260623_163953_final,2587,259611,2026-06-23T16:44:13.090014,Pas tensometryczny,-5212632,-5212632,true
session_20260623_163953_final,2588,259701,2026-06-23T16:44:13.180317,Pas tensometryczny,-5212976,-5212976,true
session_20260623_163953_final,2589,259791,2026-06-23T16:44:13.270583,Pas tensometryczny,-5213186,-5213186,true
session_20260623_163953_final,2590,259883,2026-06-23T16:44:13.362768,Pas tensometryczny,-5213241,-5213241,true
session_20260623_163953_final,2591,260015,2026-06-23T16:44:13.494194,Pas tensometryczny,-5213251,-5213251,true
session_20260623_163953_final,2592,260107,2026-06-23T16:44:13.586029,Pas tensometryczny,-5213371,-5213371,true
session_20260623_163953_final,2593,260246,2026-06-23T16:44:13.724850,Pas tensometryczny,-5213497,-5213497,true
session_20260623_163953_final,2594,260286,2026-06-23T16:44:13.764873,Pas tensometryczny,-5211428,-5211428,true
session_20260623_163953_final,2595,260376,2026-06-23T16:44:13.855037,Pas tensometryczny,-5209710,-5209710,true
session_20260623_163953_final,2596,260512,2026-06-23T16:44:13.990956,Pas tensometryczny,-5208326,-5208326,true
session_20260623_163953_final,2597,260604,2026-06-23T16:44:14.082906,Pas tensometryczny,-5207041,-5207041,true
session_20260623_163953_final,2598,260693,2026-06-23T16:44:14.172436,Pas tensometryczny,-5205934,-5205934,true
session_20260623_163953_final,2599,260786,2026-06-23T16:44:14.264943,Pas tensometryczny,-5205185,-5205185,true
session_20260623_163953_final,2600,260920,2026-06-23T16:44:14.399683,Pas tensometryczny,-5204364,-5204364,true
session_20260623_163953_final,2601,261007,2026-06-23T16:44:14.486371,Pas tensometryczny,-5203319,-5203319,true
session_20260623_163953_final,2602,261096,2026-06-23T16:44:14.575436,Pas tensometryczny,-5202408,-5202408,true
session_20260623_163953_final,2603,261186,2026-06-23T16:44:14.665718,Pas tensometryczny,-5201566,-5201566,true
session_20260623_163953_final,2604,261320,2026-06-23T16:44:14.798950,Pas tensometryczny,-5200795,-5200795,true
session_20260623_163953_final,2605,261411,2026-06-23T16:44:14.890428,Pas tensometryczny,-5200148,-5200148,true
session_20260623_163953_final,2606,261504,2026-06-23T16:44:14.983326,Pas tensometryczny,-5199732,-5199732,true
session_20260623_163953_final,2607,261603,2026-06-23T16:44:15.082089,Pas tensometryczny,-5199088,-5199088,true
session_20260623_163953_final,2608,261680,2026-06-23T16:44:15.159118,Pas tensometryczny,-5198409,-5198409,true
session_20260623_163953_final,2609,261816,2026-06-23T16:44:15.295193,Pas tensometryczny,-5197833,-5197833,true
session_20260623_163953_final,2610,261906,2026-06-23T16:44:15.385611,Pas tensometryczny,-5197317,-5197317,true
session_20260623_163953_final,2611,261998,2026-06-23T16:44:15.477394,Pas tensometryczny,-5196825,-5196825,true
session_20260623_163953_final,2612,262087,2026-06-23T16:44:15.565848,Pas tensometryczny,-5196387,-5196387,true
session_20260623_163953_final,2613,262224,2026-06-23T16:44:15.702947,Pas tensometryczny,-5196083,-5196083,true
session_20260623_163953_final,2614,262312,2026-06-23T16:44:15.790911,Pas tensometryczny,-5195694,-5195694,true
session_20260623_163953_final,2615,262401,2026-06-23T16:44:15.880680,Pas tensometryczny,-5195166,-5195166,true
session_20260623_163953_final,2616,262493,2026-06-23T16:44:15.972792,Pas tensometryczny,-5194839,-5194839,true
session_20260623_163953_final,2617,262626,2026-06-23T16:44:16.105107,Pas tensometryczny,-5194810,-5194810,true
session_20260623_163953_final,2618,262716,2026-06-23T16:44:16.195222,Pas tensometryczny,-5195381,-5195381,true
session_20260623_163953_final,2619,262817,2026-06-23T16:44:16.296325,Pas tensometryczny,-5196545,-5196545,true
session_20260623_163953_final,2620,262895,2026-06-23T16:44:16.374505,Pas tensometryczny,-5198332,-5198332,true
session_20260623_163953_final,2621,262985,2026-06-23T16:44:16.464773,Pas tensometryczny,-5198741,-5198741,true
session_20260623_163953_final,2622,263122,2026-06-23T16:44:16.600914,Pas tensometryczny,-5199515,-5199515,true
session_20260623_163953_final,2623,263210,2026-06-23T16:44:16.689606,Pas tensometryczny,-5200367,-5200367,true
session_20260623_163953_final,2624,263308,2026-06-23T16:44:16.787251,Pas tensometryczny,-5201381,-5201381,true
session_20260623_163953_final,2625,263390,2026-06-23T16:44:16.869109,Pas tensometryczny,-5202364,-5202364,true
session_20260623_163953_final,2626,263528,2026-06-23T16:44:17.007581,Pas tensometryczny,-5203144,-5203144,true
session_20260623_163953_final,2627,263629,2026-06-23T16:44:17.108420,Pas tensometryczny,-5203543,-5203543,true
session_20260623_163953_final,2628,263710,2026-06-23T16:44:17.189805,Pas tensometryczny,-5204190,-5204190,true
session_20260623_163953_final,2629,263796,2026-06-23T16:44:17.274926,Pas tensometryczny,-5204958,-5204958,true
session_20260623_163953_final,2630,263886,2026-06-23T16:44:17.365243,Pas tensometryczny,-5205636,-5205636,true
session_20260623_163953_final,2631,264027,2026-06-23T16:44:17.506206,Pas tensometryczny,-5206406,-5206406,true
session_20260623_163953_final,2632,264124,2026-06-23T16:44:17.603665,Pas tensometryczny,-5207151,-5207151,true
session_20260623_163953_final,2633,264201,2026-06-23T16:44:17.680541,Pas tensometryczny,-5207410,-5207410,true
session_20260623_163953_final,2634,264292,2026-06-23T16:44:17.770817,Pas tensometryczny,-5207285,-5207285,true
session_20260623_163953_final,2635,264431,2026-06-23T16:44:17.910186,Pas tensometryczny,-5207052,-5207052,true
session_20260623_163953_final,2636,264517,2026-06-23T16:44:17.995999,Pas tensometryczny,-5206557,-5206557,true
session_20260623_163953_final,2637,264607,2026-06-23T16:44:18.085962,Pas tensometryczny,-5206156,-5206156,true
session_20260623_163953_final,2638,264698,2026-06-23T16:44:18.177530,Pas tensometryczny,-5206537,-5206537,true
session_20260623_163953_final,2639,264786,2026-06-23T16:44:18.265312,Pas tensometryczny,-5207545,-5207545,true
session_20260623_163953_final,2640,264927,2026-06-23T16:44:18.406111,Pas tensometryczny,-5208563,-5208563,true
session_20260623_163953_final,2641,265019,2026-06-23T16:44:18.498066,Pas tensometryczny,-5209179,-5209179,true
session_20260623_163953_final,2642,265101,2026-06-23T16:44:18.580137,Pas tensometryczny,-5209595,-5209595,true
session_20260623_163953_final,2643,265193,2026-06-23T16:44:18.672679,Pas tensometryczny,-5209936,-5209936,true
session_20260623_163953_final,2644,265330,2026-06-23T16:44:18.809704,Pas tensometryczny,-5210196,-5210196,true
session_20260623_163953_final,2645,265427,2026-06-23T16:44:18.906020,Pas tensometryczny,-5210496,-5210496,true
session_20260623_163953_final,2646,265506,2026-06-23T16:44:18.985123,Pas tensometryczny,-5210870,-5210870,true
session_20260623_163953_final,2647,265607,2026-06-23T16:44:19.086776,Pas tensometryczny,-5209734,-5209734,true
session_20260623_163953_final,2648,265743,2026-06-23T16:44:19.222651,Pas tensometryczny,-5207592,-5207592,true
session_20260623_163953_final,2649,265820,2026-06-23T16:44:19.299335,Pas tensometryczny,-5205798,-5205798,true
session_20260623_163953_final,2650,265911,2026-06-23T16:44:19.390668,Pas tensometryczny,-5204438,-5204438,true
session_20260623_163953_final,2651,266001,2026-06-23T16:44:19.480097,Pas tensometryczny,-5203357,-5203357,true
session_20260623_163953_final,2652,266094,2026-06-23T16:44:19.573565,Pas tensometryczny,-5202482,-5202482,true
session_20260623_163953_final,2653,266228,2026-06-23T16:44:19.707089,Pas tensometryczny,-5201749,-5201749,true
session_20260623_163953_final,2654,266326,2026-06-23T16:44:19.805058,Pas tensometryczny,-5201114,-5201114,true
session_20260623_163953_final,2655,266405,2026-06-23T16:44:19.884026,Pas tensometryczny,-5200307,-5200307,true
session_20260623_163953_final,2656,266497,2026-06-23T16:44:19.975846,Pas tensometryczny,-5199441,-5199441,true
session_20260623_163953_final,2657,266631,2026-06-23T16:44:20.110244,Pas tensometryczny,-5198704,-5198704,true
session_20260623_163953_final,2658,266721,2026-06-23T16:44:20.200414,Pas tensometryczny,-5198070,-5198070,true
session_20260623_163953_final,2659,266810,2026-06-23T16:44:20.289027,Pas tensometryczny,-5197609,-5197609,true
session_20260623_163953_final,2660,266905,2026-06-23T16:44:20.384417,Pas tensometryczny,-5197287,-5197287,true
session_20260623_163953_final,2661,267085,2026-06-23T16:44:20.564245,Pas tensometryczny,-5197094,-5197094,true
session_20260623_163953_final,2662,267170,2026-06-23T16:44:20.649670,Pas tensometryczny,-5196730,-5196730,true
session_20260623_163953_final,2663,267217,2026-06-23T16:44:20.696736,Pas tensometryczny,-5196311,-5196311,true
session_20260623_163953_final,2664,267311,2026-06-23T16:44:20.790253,Pas tensometryczny,-5196023,-5196023,true
session_20260623_163953_final,2665,267404,2026-06-23T16:44:20.882985,Pas tensometryczny,-5196047,-5196047,true
session_20260623_163953_final,2666,267536,2026-06-23T16:44:21.014851,Pas tensometryczny,-5196401,-5196401,true
session_20260623_163953_final,2667,267624,2026-06-23T16:44:21.102856,Pas tensometryczny,-5197014,-5197014,true
session_20260623_163953_final,2668,267711,2026-06-23T16:44:21.190550,Pas tensometryczny,-5197699,-5197699,true
session_20260623_163953_final,2669,267801,2026-06-23T16:44:21.280642,Pas tensometryczny,-5197669,-5197669,true
session_20260623_163953_final,2670,267941,2026-06-23T16:44:21.420141,Pas tensometryczny,-5197304,-5197304,true
session_20260623_163953_final,2671,268036,2026-06-23T16:44:21.515659,Pas tensometryczny,-5197136,-5197136,true
session_20260623_163953_final,2672,268116,2026-06-23T16:44:21.594980,Pas tensometryczny,-5197141,-5197141,true
session_20260623_163953_final,2673,268206,2026-06-23T16:44:21.685171,Pas tensometryczny,-5197770,-5197770,true
session_20260623_163953_final,2674,268296,2026-06-23T16:44:21.775030,Pas tensometryczny,-5199367,-5199367,true
session_20260623_163953_final,2675,268431,2026-06-23T16:44:21.910175,Pas tensometryczny,-5200762,-5200762,true
session_20260623_163953_final,2676,268532,2026-06-23T16:44:22.011584,Pas tensometryczny,-5201890,-5201890,true
session_20260623_163953_final,2677,268611,2026-06-23T16:44:22.090165,Pas tensometryczny,-5202858,-5202858,true
session_20260623_163953_final,2678,268710,2026-06-23T16:44:22.189358,Pas tensometryczny,-5203685,-5203685,true
session_20260623_163953_final,2679,268836,2026-06-23T16:44:22.315408,Pas tensometryczny,-5204485,-5204485,true
session_20260623_163953_final,2680,268927,2026-06-23T16:44:22.406146,Pas tensometryczny,-5205493,-5205493,true
session_20260623_163953_final,2681,269016,2026-06-23T16:44:22.495588,Pas tensometryczny,-5206370,-5206370,true
session_20260623_163953_final,2682,269122,2026-06-23T16:44:22.601293,Pas tensometryczny,-5206960,-5206960,true
session_20260623_163953_final,2683,269288,2026-06-23T16:44:22.767233,Pas tensometryczny,-5207697,-5207697,true
session_20260623_163953_final,2684,269344,2026-06-23T16:44:22.823210,Pas tensometryczny,-5208437,-5208437,true
session_20260623_163953_final,2685,269421,2026-06-23T16:44:22.900638,Pas tensometryczny,-5209108,-5209108,true
session_20260623_163953_final,2686,269511,2026-06-23T16:44:22.989845,Pas tensometryczny,-5209601,-5209601,true
session_20260623_163953_final,2687,269600,2026-06-23T16:44:23.079549,Pas tensometryczny,-5210255,-5210255,true
session_20260623_163953_final,2688,269742,2026-06-23T16:44:23.221795,Pas tensometryczny,-5210812,-5210812,true
session_20260623_163953_final,2689,269826,2026-06-23T16:44:23.305212,Pas tensometryczny,-5211217,-5211217,true
session_20260623_163953_final,2690,269916,2026-06-23T16:44:23.395407,Pas tensometryczny,-5211623,-5211623,true
session_20260623_163953_final,2691,270012,2026-06-23T16:44:23.491378,Pas tensometryczny,-5211725,-5211725,true
session_20260623_163953_final,2692,270144,2026-06-23T16:44:23.622967,Pas tensometryczny,-5211812,-5211812,true
session_20260623_163953_final,2693,270231,2026-06-23T16:44:23.710463,Pas tensometryczny,-5212266,-5212266,true
session_20260623_163953_final,2694,270322,2026-06-23T16:44:23.801594,Pas tensometryczny,-5212715,-5212715,true
session_20260623_163953_final,2695,270426,2026-06-23T16:44:23.904940,Pas tensometryczny,-5212815,-5212815,true
session_20260623_163953_final,2696,270503,2026-06-23T16:44:23.982788,Pas tensometryczny,-5211796,-5211796,true
session_20260623_163953_final,2697,270636,2026-06-23T16:44:24.115043,Pas tensometryczny,-5209896,-5209896,true
session_20260623_163953_final,2698,270726,2026-06-23T16:44:24.204937,Pas tensometryczny,-5208153,-5208153,true
session_20260623_163953_final,2699,270817,2026-06-23T16:44:24.295995,Pas tensometryczny,-5206753,-5206753,true
session_20260623_163953_final,2700,270908,2026-06-23T16:44:24.387076,Pas tensometryczny,-5204416,-5204416,true
session_20260623_163953_final,2701,271041,2026-06-23T16:44:24.520219,Pas tensometryczny,-5203569,-5203569,true
session_20260623_163953_final,2702,271131,2026-06-23T16:44:24.610385,Pas tensometryczny,-5202777,-5202777,true
session_20260623_163953_final,2703,271221,2026-06-23T16:44:24.700723,Pas tensometryczny,-5201683,-5201683,true
session_20260623_163953_final,2704,271312,2026-06-23T16:44:24.791623,Pas tensometryczny,-5200758,-5200758,true
session_20260623_163953_final,2705,271453,2026-06-23T16:44:24.932074,Pas tensometryczny,-5199939,-5199939,true
session_20260623_163953_final,2706,271586,2026-06-23T16:44:25.065074,Pas tensometryczny,-5199183,-5199183,true
session_20260623_163953_final,2707,271626,2026-06-23T16:44:25.105011,Pas tensometryczny,-5198560,-5198560,true
session_20260623_163953_final,2708,271717,2026-06-23T16:44:25.196597,Pas tensometryczny,-5198145,-5198145,true
session_20260623_163953_final,2709,271807,2026-06-23T16:44:25.285839,Pas tensometryczny,-5197671,-5197671,true
session_20260623_163953_final,2710,271941,2026-06-23T16:44:25.420365,Pas tensometryczny,-5197048,-5197048,true
session_20260623_163953_final,2711,272032,2026-06-23T16:44:25.511059,Pas tensometryczny,-5196394,-5196394,true
session_20260623_163953_final,2712,272121,2026-06-23T16:44:25.600318,Pas tensometryczny,-5195875,-5195875,true
session_20260623_163953_final,2713,272211,2026-06-23T16:44:25.690490,Pas tensometryczny,-5195721,-5195721,true
session_20260623_163953_final,2714,272347,2026-06-23T16:44:25.826350,Pas tensometryczny,-5195696,-5195696,true
session_20260623_163953_final,2715,272440,2026-06-23T16:44:25.918899,Pas tensometryczny,-5195687,-5195687,true
session_20260623_163953_final,2716,272532,2026-06-23T16:44:26.011337,Pas tensometryczny,-5195341,-5195341,true
session_20260623_163953_final,2717,272616,2026-06-23T16:44:26.095469,Pas tensometryczny,-5195025,-5195025,true
session_20260623_163953_final,2718,272706,2026-06-23T16:44:26.185397,Pas tensometryczny,-5195102,-5195102,true
session_20260623_163953_final,2719,272847,2026-06-23T16:44:26.326095,Pas tensometryczny,-5195469,-5195469,true
session_20260623_163953_final,2720,272933,2026-06-23T16:44:26.411819,Pas tensometryczny,-5196677,-5196677,true
session_20260623_163953_final,2721,273028,2026-06-23T16:44:26.507634,Pas tensometryczny,-5198610,-5198610,true
session_20260623_163953_final,2722,273115,2026-06-23T16:44:26.593943,Pas tensometryczny,-5200433,-5200433,true
session_20260623_163953_final,2723,273246,2026-06-23T16:44:26.725249,Pas tensometryczny,-5201464,-5201464,true
session_20260623_163953_final,2724,273341,2026-06-23T16:44:26.820579,Pas tensometryczny,-5202149,-5202149,true
session_20260623_163953_final,2725,273426,2026-06-23T16:44:26.905731,Pas tensometryczny,-5203749,-5203749,true
session_20260623_163953_final,2726,273517,2026-06-23T16:44:26.996312,Pas tensometryczny,-5204337,-5204337,true
session_20260623_163953_final,2727,273651,2026-06-23T16:44:27.130451,Pas tensometryczny,-5205104,-5205104,true
session_20260623_163953_final,2728,273744,2026-06-23T16:44:27.223247,Pas tensometryczny,-5205969,-5205969,true
session_20260623_163953_final,2729,273831,2026-06-23T16:44:27.310700,Pas tensometryczny,-5206523,-5206523,true
session_20260623_163953_final,2730,273932,2026-06-23T16:44:27.411775,Pas tensometryczny,-5207151,-5207151,true
session_20260623_163953_final,2731,274012,2026-06-23T16:44:27.490936,Pas tensometryczny,-5207972,-5207972,true
session_20260623_163953_final,2732,274147,2026-06-23T16:44:27.626480,Pas tensometryczny,-5208871,-5208871,true
session_20260623_163953_final,2733,274236,2026-06-23T16:44:27.715328,Pas tensometryczny,-5209652,-5209652,true
session_20260623_163953_final,2734,274337,2026-06-23T16:44:27.816159,Pas tensometryczny,-5210300,-5210300,true
session_20260623_163953_final,2735,274416,2026-06-23T16:44:27.895492,Pas tensometryczny,-5210809,-5210809,true
session_20260623_163953_final,2736,274551,2026-06-23T16:44:28.030678,Pas tensometryczny,-5211045,-5211045,true
session_20260623_163953_final,2737,274645,2026-06-23T16:44:28.124494,Pas tensometryczny,-5211256,-5211256,true
session_20260623_163953_final,2738,274731,2026-06-23T16:44:28.210041,Pas tensometryczny,-5211501,-5211501,true
session_20260623_163953_final,2739,274830,2026-06-23T16:44:28.309696,Pas tensometryczny,-5211761,-5211761,true
session_20260623_163953_final,2740,274957,2026-06-23T16:44:28.435971,Pas tensometryczny,-5212065,-5212065,true
session_20260623_163953_final,2741,275047,2026-06-23T16:44:28.525882,Pas tensometryczny,-5212366,-5212366,true
session_20260623_163953_final,2742,275141,2026-06-23T16:44:28.619819,Pas tensometryczny,-5212632,-5212632,true
session_20260623_163953_final,2743,275271,2026-06-23T16:44:28.750625,Pas tensometryczny,-5212356,-5212356,true
session_20260623_163953_final,2744,275327,2026-06-23T16:44:28.805854,Pas tensometryczny,-5211907,-5211907,true
session_20260623_163953_final,2745,275451,2026-06-23T16:44:28.930569,Pas tensometryczny,-5211399,-5211399,true
session_20260623_163953_final,2746,275541,2026-06-23T16:44:29.020678,Pas tensometryczny,-5210392,-5210392,true
session_20260623_163953_final,2747,275681,2026-06-23T16:44:29.160808,Pas tensometryczny,-5208924,-5208924,true
session_20260623_163953_final,2748,275721,2026-06-23T16:44:29.199914,Pas tensometryczny,-5207575,-5207575,true
session_20260623_163953_final,2749,275856,2026-06-23T16:44:29.335521,Pas tensometryczny,-5206454,-5206454,true
session_20260623_163953_final,2750,275945,2026-06-23T16:44:29.423993,Pas tensometryczny,-5205221,-5205221,true
session_20260623_163953_final,2751,276035,2026-06-23T16:44:29.514098,Pas tensometryczny,-5203955,-5203955,true
session_20260623_163953_final,2752,276128,2026-06-23T16:44:29.606955,Pas tensometryczny,-5201895,-5201895,true
session_20260623_163953_final,2753,276216,2026-06-23T16:44:29.695546,Pas tensometryczny,-5200955,-5200955,true
session_20260623_163953_final,2754,276352,2026-06-23T16:44:29.831710,Pas tensometryczny,-5200182,-5200182,true
session_20260623_163953_final,2755,276449,2026-06-23T16:44:29.928048,Pas tensometryczny,-5199682,-5199682,true
session_20260623_163953_final,2756,276550,2026-06-23T16:44:30.029131,Pas tensometryczny,-5199009,-5199009,true
session_20260623_163953_final,2757,276621,2026-06-23T16:44:30.100438,Pas tensometryczny,-5198306,-5198306,true
session_20260623_163953_final,2758,276756,2026-06-23T16:44:30.235044,Pas tensometryczny,-5197661,-5197661,true
session_20260623_163953_final,2759,276846,2026-06-23T16:44:30.324846,Pas tensometryczny,-5197207,-5197207,true
session_20260623_163953_final,2760,276935,2026-06-23T16:44:30.414292,Pas tensometryczny,-5196960,-5196960,true
session_20260623_163953_final,2761,277030,2026-06-23T16:44:30.509435,Pas tensometryczny,-5196645,-5196645,true
session_20260623_163953_final,2762,277160,2026-06-23T16:44:30.638829,Pas tensometryczny,-5196375,-5196375,true
session_20260623_163953_final,2763,277250,2026-06-23T16:44:30.729504,Pas tensometryczny,-5195926,-5195926,true
session_20260623_163953_final,2764,277342,2026-06-23T16:44:30.820984,Pas tensometryczny,-5195369,-5195369,true
session_20260623_163953_final,2765,277436,2026-06-23T16:44:30.915741,Pas tensometryczny,-5194762,-5194762,true
session_20260623_163953_final,2766,277531,2026-06-23T16:44:31.010720,Pas tensometryczny,-5194435,-5194435,true
session_20260623_163953_final,2767,277667,2026-06-23T16:44:31.145907,Pas tensometryczny,-5194569,-5194569,true
session_20260623_163953_final,2768,277746,2026-06-23T16:44:31.225709,Pas tensometryczny,-5195227,-5195227,true
session_20260623_163953_final,2769,277835,2026-06-23T16:44:31.314345,Pas tensometryczny,-5195920,-5195920,true
session_20260623_163953_final,2770,277930,2026-06-23T16:44:31.409334,Pas tensometryczny,-5196123,-5196123,true
session_20260623_163953_final,2771,278071,2026-06-23T16:44:31.549915,Pas tensometryczny,-5196424,-5196424,true
session_20260623_163953_final,2772,278161,2026-06-23T16:44:31.640320,Pas tensometryczny,-5197066,-5197066,true
session_20260623_163953_final,2773,278241,2026-06-23T16:44:31.719991,Pas tensometryczny,-5198158,-5198158,true
session_20260623_163953_final,2774,278333,2026-06-23T16:44:31.812774,Pas tensometryczny,-5199485,-5199485,true
session_20260623_163953_final,2775,278423,2026-06-23T16:44:31.901881,Pas tensometryczny,-5200823,-5200823,true
session_20260623_163953_final,2776,278562,2026-06-23T16:44:32.041256,Pas tensometryczny,-5201659,-5201659,true
session_20260623_163953_final,2777,278648,2026-06-23T16:44:32.127799,Pas tensometryczny,-5202354,-5202354,true
session_20260623_163953_final,2778,278740,2026-06-23T16:44:32.218993,Pas tensometryczny,-5203699,-5203699,true
session_20260623_163953_final,2779,278840,2026-06-23T16:44:32.319369,Pas tensometryczny,-5204178,-5204178,true
session_20260623_163953_final,2780,278960,2026-06-23T16:44:32.439776,Pas tensometryczny,-5204907,-5204907,true
session_20260623_163953_final,2781,279055,2026-06-23T16:44:32.534005,Pas tensometryczny,-5205823,-5205823,true
session_20260623_163953_final,2782,279141,2026-06-23T16:44:32.620429,Pas tensometryczny,-5206614,-5206614,true
session_20260623_163953_final,2783,279234,2026-06-23T16:44:32.713185,Pas tensometryczny,-5207131,-5207131,true
session_20260623_163953_final,2784,279366,2026-06-23T16:44:32.845057,Pas tensometryczny,-5207931,-5207931,true
session_20260623_163953_final,2785,279460,2026-06-23T16:44:32.938824,Pas tensometryczny,-5208663,-5208663,true
session_20260623_163953_final,2786,279546,2026-06-23T16:44:33.025252,Pas tensometryczny,-5209265,-5209265,true
session_20260623_163953_final,2787,279637,2026-06-23T16:44:33.116310,Pas tensometryczny,-5209803,-5209803,true
session_20260623_163953_final,2788,279724,2026-06-23T16:44:33.203785,Pas tensometryczny,-5210197,-5210197,true
session_20260623_163953_final,2789,279866,2026-06-23T16:44:33.345501,Pas tensometryczny,-5210836,-5210836,true
session_20260623_163953_final,2790,279953,2026-06-23T16:44:33.432619,Pas tensometryczny,-5211406,-5211406,true
session_20260623_163953_final,2791,280087,2026-06-23T16:44:33.566175,Pas tensometryczny,-5211691,-5211691,true
session_20260623_163953_final,2792,280145,2026-06-23T16:44:33.624323,Pas tensometryczny,-5212074,-5212074,true
session_20260623_163953_final,2793,280267,2026-06-23T16:44:33.746394,Pas tensometryczny,-5212352,-5212352,true
session_20260623_163953_final,2794,280356,2026-06-23T16:44:33.835403,Pas tensometryczny,-5212547,-5212547,true
session_20260623_163953_final,2795,280446,2026-06-23T16:44:33.924859,Pas tensometryczny,-5212490,-5212490,true
session_20260623_163953_final,2796,280535,2026-06-23T16:44:34.014772,Pas tensometryczny,-5211820,-5211820,true
session_20260623_163953_final,2797,280630,2026-06-23T16:44:34.109342,Pas tensometryczny,-5210553,-5210553,true
session_20260623_163953_final,2798,280763,2026-06-23T16:44:34.242483,Pas tensometryczny,-5208747,-5208747,true
session_20260623_163953_final,2799,280851,2026-06-23T16:44:34.330201,Pas tensometryczny,-5206977,-5206977,true
session_20260623_163953_final,2800,280943,2026-06-23T16:44:34.422411,Pas tensometryczny,-5205665,-5205665,true
session_20260623_163953_final,2801,281034,2026-06-23T16:44:34.512836,Pas tensometryczny,-5204503,-5204503,true
session_20260623_163953_final,2802,281170,2026-06-23T16:44:34.649641,Pas tensometryczny,-5203494,-5203494,true
session_20260623_163953_final,2803,281257,2026-06-23T16:44:34.736598,Pas tensometryczny,-5202589,-5202589,true
session_20260623_163953_final,2804,281345,2026-06-23T16:44:34.823970,Pas tensometryczny,-5201194,-5201194,true
session_20260623_163953_final,2805,281436,2026-06-23T16:44:34.915220,Pas tensometryczny,-5200409,-5200409,true
session_20260623_163953_final,2806,281616,2026-06-23T16:44:35.095235,Pas tensometryczny,-5199597,-5199597,true
session_20260623_163953_final,2807,281678,2026-06-23T16:44:35.157413,Pas tensometryczny,-5198893,-5198893,true
session_20260623_163953_final,2808,281751,2026-06-23T16:44:35.230745,Pas tensometryczny,-5198417,-5198417,true
session_20260623_163953_final,2809,281841,2026-06-23T16:44:35.320201,Pas tensometryczny,-5197925,-5197925,true
session_20260623_163953_final,2810,281976,2026-06-23T16:44:35.454956,Pas tensometryczny,-5197501,-5197501,true
session_20260623_163953_final,2811,282067,2026-06-23T16:44:35.546523,Pas tensometryczny,-5197182,-5197182,true
session_20260623_163953_final,2812,282171,2026-06-23T16:44:35.650678,Pas tensometryczny,-5196851,-5196851,true
session_20260623_163953_final,2813,282253,2026-06-23T16:44:35.732271,Pas tensometryczny,-5196242,-5196242,true
session_20260623_163953_final,2814,282336,2026-06-23T16:44:35.815025,Pas tensometryczny,-5195627,-5195627,true
session_20260623_163953_final,2815,282471,2026-06-23T16:44:35.950333,Pas tensometryczny,-5195337,-5195337,true
session_20260623_163953_final,2816,282561,2026-06-23T16:44:36.040570,Pas tensometryczny,-5195357,-5195357,true
session_20260623_163953_final,2817,282697,2026-06-23T16:44:36.176144,Pas tensometryczny,-5195777,-5195777,true
session_20260623_163953_final,2818,282747,2026-06-23T16:44:36.226801,Pas tensometryczny,-5196228,-5196228,true
session_20260623_163953_final,2819,282836,2026-06-23T16:44:36.315580,Pas tensometryczny,-5196108,-5196108,true
session_20260623_163953_final,2820,282982,2026-06-23T16:44:36.461812,Pas tensometryczny,-5195815,-5195815,true
session_20260623_163953_final,2821,283056,2026-06-23T16:44:36.535026,Pas tensometryczny,-5195936,-5195936,true
session_20260623_163953_final,2822,283160,2026-06-23T16:44:36.639184,Pas tensometryczny,-5196941,-5196941,true
session_20260623_163953_final,2823,283243,2026-06-23T16:44:36.722428,Pas tensometryczny,-5198523,-5198523,true
session_20260623_163953_final,2824,283384,2026-06-23T16:44:36.863727,Pas tensometryczny,-5200087,-5200087,true
session_20260623_163953_final,2825,283462,2026-06-23T16:44:36.940991,Pas tensometryczny,-5201436,-5201436,true
session_20260623_163953_final,2826,283553,2026-06-23T16:44:37.032629,Pas tensometryczny,-5202330,-5202330,true
session_20260623_163953_final,2827,283645,2026-06-23T16:44:37.124030,Pas tensometryczny,-5202914,-5202914,true
session_20260623_163953_final,2828,283776,2026-06-23T16:44:37.255161,Pas tensometryczny,-5203530,-5203530,true
session_20260623_163953_final,2829,283877,2026-06-23T16:44:37.356634,Pas tensometryczny,-5203901,-5203901,true
session_20260623_163953_final,2830,283956,2026-06-23T16:44:37.435260,Pas tensometryczny,-5205414,-5205414,true
session_20260623_163953_final,2831,284046,2026-06-23T16:44:37.525208,Pas tensometryczny,-5206252,-5206252,true
session_20260623_163953_final,2832,284187,2026-06-23T16:44:37.666212,Pas tensometryczny,-5206703,-5206703,true
session_20260623_163953_final,2833,284275,2026-06-23T16:44:37.754033,Pas tensometryczny,-5207085,-5207085,true
session_20260623_163953_final,2834,284363,2026-06-23T16:44:37.841819,Pas tensometryczny,-5207528,-5207528,true
session_20260623_163953_final,2835,284452,2026-06-23T16:44:37.931132,Pas tensometryczny,-5207777,-5207777,true
session_20260623_163953_final,2836,284541,2026-06-23T16:44:38.020400,Pas tensometryczny,-5208161,-5208161,true
session_20260623_163953_final,2837,284676,2026-06-23T16:44:38.155345,Pas tensometryczny,-5208550,-5208550,true
session_20260623_163953_final,2838,284767,2026-06-23T16:44:38.245973,Pas tensometryczny,-5209027,-5209027,true
session_20260623_163953_final,2839,284858,2026-06-23T16:44:38.337420,Pas tensometryczny,-5209265,-5209265,true
session_20260623_163953_final,2840,284947,2026-06-23T16:44:38.426476,Pas tensometryczny,-5209467,-5209467,true
session_20260623_163953_final,2841,285081,2026-06-23T16:44:38.560794,Pas tensometryczny,-5209762,-5209762,true
session_20260623_163953_final,2842,285177,2026-06-23T16:44:38.656767,Pas tensometryczny,-5210012,-5210012,true
session_20260623_163953_final,2843,285260,2026-06-23T16:44:38.739414,Pas tensometryczny,-5210124,-5210124,true
session_20260623_163953_final,2844,285351,2026-06-23T16:44:38.830619,Pas tensometryczny,-5210110,-5210110,true
session_20260623_163953_final,2845,285456,2026-06-23T16:44:38.934944,Pas tensometryczny,-5209818,-5209818,true
session_20260623_163953_final,2846,285585,2026-06-23T16:44:39.064281,Pas tensometryczny,-5208806,-5208806,true
session_20260623_163953_final,2847,285665,2026-06-23T16:44:39.144131,Pas tensometryczny,-5206749,-5206749,true
session_20260623_163953_final,2848,285761,2026-06-23T16:44:39.240610,Pas tensometryczny,-5204824,-5204824,true
session_20260623_163953_final,2849,285845,2026-06-23T16:44:39.324170,Pas tensometryczny,-5203472,-5203472,true
session_20260623_163953_final,2850,285985,2026-06-23T16:44:39.464274,Pas tensometryczny,-5202326,-5202326,true
session_20260623_163953_final,2851,286073,2026-06-23T16:44:39.552473,Pas tensometryczny,-5201421,-5201421,true
session_20260623_163953_final,2852,286160,2026-06-23T16:44:39.639060,Pas tensometryczny,-5200625,-5200625,true
session_20260623_163953_final,2853,286251,2026-06-23T16:44:39.730064,Pas tensometryczny,-5200091,-5200091,true
session_20260623_163953_final,2854,286359,2026-06-23T16:44:39.838248,Pas tensometryczny,-5199438,-5199438,true
session_20260623_163953_final,2855,286487,2026-06-23T16:44:39.966146,Pas tensometryczny,-5198536,-5198536,true
session_20260623_163953_final,2856,286565,2026-06-23T16:44:40.044454,Pas tensometryczny,-5197726,-5197726,true
session_20260623_163953_final,2857,286656,2026-06-23T16:44:40.135383,Pas tensometryczny,-5196558,-5196558,true
session_20260623_163953_final,2858,286764,2026-06-23T16:44:40.243407,Pas tensometryczny,-5196032,-5196032,true
session_20260623_163953_final,2859,286880,2026-06-23T16:44:40.359241,Pas tensometryczny,-5195697,-5195697,true
session_20260623_163953_final,2860,286971,2026-06-23T16:44:40.450185,Pas tensometryczny,-5195306,-5195306,true
session_20260623_163953_final,2861,287063,2026-06-23T16:44:40.541829,Pas tensometryczny,-5194713,-5194713,true
session_20260623_163953_final,2862,287150,2026-06-23T16:44:40.629508,Pas tensometryczny,-5194044,-5194044,true
session_20260623_163953_final,2863,287290,2026-06-23T16:44:40.768861,Pas tensometryczny,-5193502,-5193502,true
session_20260623_163953_final,2864,287381,2026-06-23T16:44:40.859915,Pas tensometryczny,-5193210,-5193210,true
session_20260623_163953_final,2865,287466,2026-06-23T16:44:40.944892,Pas tensometryczny,-5193479,-5193479,true
session_20260623_163953_final,2866,287566,2026-06-23T16:44:41.044942,Pas tensometryczny,-5194694,-5194694,true
session_20260623_163953_final,2867,287653,2026-06-23T16:44:41.132095,Pas tensometryczny,-5195980,-5195980,true
session_20260623_163953_final,2868,287780,2026-06-23T16:44:41.259593,Pas tensometryczny,-5196546,-5196546,true
session_20260623_163953_final,2869,287871,2026-06-23T16:44:41.350113,Pas tensometryczny,-5197108,-5197108,true
session_20260623_163953_final,2870,287961,2026-06-23T16:44:41.439899,Pas tensometryczny,-5198073,-5198073,true
session_20260623_163953_final,2871,288052,2026-06-23T16:44:41.530998,Pas tensometryczny,-5199156,-5199156,true
session_20260623_163953_final,2872,288186,2026-06-23T16:44:41.665069,Pas tensometryczny,-5200237,-5200237,true
session_20260623_163953_final,2873,288282,2026-06-23T16:44:41.761726,Pas tensometryczny,-5201396,-5201396,true
session_20260623_163953_final,2874,288366,2026-06-23T16:44:41.844904,Pas tensometryczny,-5202365,-5202365,true
session_20260623_163953_final,2875,288458,2026-06-23T16:44:41.937518,Pas tensometryczny,-5202888,-5202888,true
session_20260623_163953_final,2876,288546,2026-06-23T16:44:42.025583,Pas tensometryczny,-5203293,-5203293,true
session_20260623_163953_final,2877,288683,2026-06-23T16:44:42.162578,Pas tensometryczny,-5203954,-5203954,true
session_20260623_163953_final,2878,288770,2026-06-23T16:44:42.249753,Pas tensometryczny,-5204734,-5204734,true
session_20260623_163953_final,2879,288861,2026-06-23T16:44:42.339916,Pas tensometryczny,-5205494,-5205494,true
session_20260623_163953_final,2880,288952,2026-06-23T16:44:42.430899,Pas tensometryczny,-5206366,-5206366,true
session_20260623_163953_final,2881,289085,2026-06-23T16:44:42.564700,Pas tensometryczny,-5207239,-5207239,true
session_20260623_163953_final,2882,289176,2026-06-23T16:44:42.655009,Pas tensometryczny,-5208441,-5208441,true
session_20260623_163953_final,2883,289266,2026-06-23T16:44:42.745673,Pas tensometryczny,-5208980,-5208980,true
session_20260623_163953_final,2884,289356,2026-06-23T16:44:42.835035,Pas tensometryczny,-5209577,-5209577,true
session_20260623_163953_final,2885,289493,2026-06-23T16:44:42.971989,Pas tensometryczny,-5209996,-5209996,true
session_20260623_163953_final,2886,289583,2026-06-23T16:44:43.061870,Pas tensometryczny,-5210468,-5210468,true
session_20260623_163953_final,2887,289673,2026-06-23T16:44:43.152294,Pas tensometryczny,-5210929,-5210929,true
session_20260623_163953_final,2888,289760,2026-06-23T16:44:43.239491,Pas tensometryczny,-5211284,-5211284,true
session_20260623_163953_final,2889,289851,2026-06-23T16:44:43.330293,Pas tensometryczny,-5211347,-5211347,true
session_20260623_163953_final,2890,289990,2026-06-23T16:44:43.469782,Pas tensometryczny,-5211327,-5211327,true
session_20260623_163953_final,2891,290081,2026-06-23T16:44:43.560726,Pas tensometryczny,-5211197,-5211197,true
session_20260623_163953_final,2892,290166,2026-06-23T16:44:43.645076,Pas tensometryczny,-5210892,-5210892,true
session_20260623_163953_final,2893,290259,2026-06-23T16:44:43.738169,Pas tensometryczny,-5210027,-5210027,true
session_20260623_163953_final,2894,290391,2026-06-23T16:44:43.870121,Pas tensometryczny,-5208547,-5208547,true
session_20260623_163953_final,2895,290493,2026-06-23T16:44:43.972619,Pas tensometryczny,-5206940,-5206940,true
session_20260623_163953_final,2896,290579,2026-06-23T16:44:44.058565,Pas tensometryczny,-5205250,-5205250,true
session_20260623_163953_final,2897,290661,2026-06-23T16:44:44.140725,Pas tensometryczny,-5203668,-5203668,true
session_20260623_163953_final,2898,290750,2026-06-23T16:44:44.229015,Pas tensometryczny,-5202489,-5202489,true
session_20260623_163953_final,2899,290887,2026-06-23T16:44:44.366165,Pas tensometryczny,-5201534,-5201534,true
session_20260623_163953_final,2900,290976,2026-06-23T16:44:44.455799,Pas tensometryczny,-5200671,-5200671,true
session_20260623_163953_final,2901,291071,2026-06-23T16:44:44.550563,Pas tensometryczny,-5199733,-5199733,true
session_20260623_163953_final,2902,291155,2026-06-23T16:44:44.634642,Pas tensometryczny,-5198909,-5198909,true
session_20260623_163953_final,2903,291301,2026-06-23T16:44:44.779909,Pas tensometryczny,-5198419,-5198419,true
session_20260623_163953_final,2904,291381,2026-06-23T16:44:44.860446,Pas tensometryczny,-5197820,-5197820,true
session_20260623_163953_final,2905,291471,2026-06-23T16:44:44.950731,Pas tensometryczny,-5197214,-5197214,true
session_20260623_163953_final,2906,291562,2026-06-23T16:44:45.041584,Pas tensometryczny,-5196590,-5196590,true
session_20260623_163953_final,2907,291699,2026-06-23T16:44:45.177913,Pas tensometryczny,-5196003,-5196003,true
session_20260623_163953_final,2908,291786,2026-06-23T16:44:45.265186,Pas tensometryczny,-5195614,-5195614,true
session_20260623_163953_final,2909,291883,2026-06-23T16:44:45.362582,Pas tensometryczny,-5195042,-5195042,true
session_20260623_163953_final,2910,291965,2026-06-23T16:44:45.444643,Pas tensometryczny,-5194604,-5194604,true
session_20260623_163953_final,2911,292055,2026-06-23T16:44:45.534735,Pas tensometryczny,-5194132,-5194132,true
session_20260623_163953_final,2912,292192,2026-06-23T16:44:45.671113,Pas tensometryczny,-5193758,-5193758,true
session_20260623_163953_final,2913,292282,2026-06-23T16:44:45.761220,Pas tensometryczny,-5193486,-5193486,true
session_20260623_163953_final,2914,292374,2026-06-23T16:44:45.852983,Pas tensometryczny,-5193735,-5193735,true
session_20260623_163953_final,2915,292461,2026-06-23T16:44:45.939913,Pas tensometryczny,-5194478,-5194478,true
session_20260623_163953_final,2916,292605,2026-06-23T16:44:46.083922,Pas tensometryczny,-5195313,-5195313,true
session_20260623_163953_final,2917,292686,2026-06-23T16:44:46.165346,Pas tensometryczny,-5195605,-5195605,true
session_20260623_163953_final,2918,292776,2026-06-23T16:44:46.255410,Pas tensometryczny,-5195945,-5195945,true
session_20260623_163953_final,2919,292878,2026-06-23T16:44:46.357727,Pas tensometryczny,-5196477,-5196477,true
session_20260623_163953_final,2920,293001,2026-06-23T16:44:46.480704,Pas tensometryczny,-5197408,-5197408,true
session_20260623_163953_final,2921,293139,2026-06-23T16:44:46.618562,Pas tensometryczny,-5198689,-5198689,true
session_20260623_163953_final,2922,293181,2026-06-23T16:44:46.660017,Pas tensometryczny,-5199977,-5199977,true
session_20260623_163953_final,2923,293271,2026-06-23T16:44:46.750093,Pas tensometryczny,-5200960,-5200960,true
session_20260623_163953_final,2924,293363,2026-06-23T16:44:46.841968,Pas tensometryczny,-5201696,-5201696,true
session_20260623_163953_final,2925,293498,2026-06-23T16:44:46.977307,Pas tensometryczny,-5202338,-5202338,true
session_20260623_163953_final,2926,293587,2026-06-23T16:44:47.066566,Pas tensometryczny,-5202887,-5202887,true
session_20260623_163953_final,2927,293678,2026-06-23T16:44:47.156844,Pas tensometryczny,-5203414,-5203414,true
session_20260623_163953_final,2928,293769,2026-06-23T16:44:47.248255,Pas tensometryczny,-5204073,-5204073,true
session_20260623_163953_final,2929,293900,2026-06-23T16:44:47.379803,Pas tensometryczny,-5204919,-5204919,true
session_20260623_163953_final,2930,293998,2026-06-23T16:44:47.477805,Pas tensometryczny,-5205777,-5205777,true
session_20260623_163953_final,2931,294081,2026-06-23T16:44:47.559853,Pas tensometryczny,-5206379,-5206379,true
session_20260623_163953_final,2932,294170,2026-06-23T16:44:47.649235,Pas tensometryczny,-5206831,-5206831,true
session_20260623_163953_final,2933,294270,2026-06-23T16:44:47.749231,Pas tensometryczny,-5207470,-5207470,true
session_20260623_163953_final,2934,294396,2026-06-23T16:44:47.875204,Pas tensometryczny,-5208143,-5208143,true
session_20260623_163953_final,2935,294499,2026-06-23T16:44:47.977906,Pas tensometryczny,-5209143,-5209143,true
session_20260623_163953_final,2936,294621,2026-06-23T16:44:48.099831,Pas tensometryczny,-5209752,-5209752,true
session_20260623_163953_final,2937,294668,2026-06-23T16:44:48.147251,Pas tensometryczny,-5210281,-5210281,true
session_20260623_163953_final,2938,294803,2026-06-23T16:44:48.282004,Pas tensometryczny,-5210667,-5210667,true
session_20260623_163953_final,2939,294892,2026-06-23T16:44:48.371706,Pas tensometryczny,-5211270,-5211270,true
session_20260623_163953_final,2940,294983,2026-06-23T16:44:48.462471,Pas tensometryczny,-5211890,-5211890,true
session_20260623_163953_final,2941,295070,2026-06-23T16:44:48.548861,Pas tensometryczny,-5212375,-5212375,true
session_20260623_163953_final,2942,295211,2026-06-23T16:44:48.689898,Pas tensometryczny,-5212658,-5212658,true
session_20260623_163953_final,2943,295305,2026-06-23T16:44:48.784811,Pas tensometryczny,-5212906,-5212906,true
session_20260623_163953_final,2944,295390,2026-06-23T16:44:48.869788,Pas tensometryczny,-5213196,-5213196,true
session_20260623_163953_final,2945,295489,2026-06-23T16:44:48.967886,Pas tensometryczny,-5213095,-5213095,true
session_20260623_163953_final,2946,295573,2026-06-23T16:44:49.052455,Pas tensometryczny,-5212018,-5212018,true
session_20260623_163953_final,2947,295701,2026-06-23T16:44:49.180743,Pas tensometryczny,-5210628,-5210628,true
session_20260623_163953_final,2948,295791,2026-06-23T16:44:49.269875,Pas tensometryczny,-5209184,-5209184,true
session_20260623_163953_final,2949,295881,2026-06-23T16:44:49.360632,Pas tensometryczny,-5207822,-5207822,true
session_20260623_163953_final,2950,295975,2026-06-23T16:44:49.454473,Pas tensometryczny,-5206542,-5206542,true
session_20260623_163953_final,2951,296108,2026-06-23T16:44:49.587449,Pas tensometryczny,-5205156,-5205156,true
session_20260623_163953_final,2952,296199,2026-06-23T16:44:49.678113,Pas tensometryczny,-5203829,-5203829,true
session_20260623_163953_final,2953,296292,2026-06-23T16:44:49.771446,Pas tensometryczny,-5202973,-5202973,true
session_20260623_163953_final,2954,296376,2026-06-23T16:44:49.855559,Pas tensometryczny,-5202156,-5202156,true
session_20260623_163953_final,2955,296476,2026-06-23T16:44:49.955672,Pas tensometryczny,-5200960,-5200960,true
session_20260623_163953_final,2956,296603,2026-06-23T16:44:50.082212,Pas tensometryczny,-5199821,-5199821,true
session_20260623_163953_final,2957,296692,2026-06-23T16:44:50.171433,Pas tensometryczny,-5198902,-5198902,true
session_20260623_163953_final,2958,296781,2026-06-23T16:44:50.259879,Pas tensometryczny,-5198106,-5198106,true
session_20260623_163953_final,2959,296875,2026-06-23T16:44:50.353912,Pas tensometryczny,-5197508,-5197508,true
session_20260623_163953_final,2960,297006,2026-06-23T16:44:50.485567,Pas tensometryczny,-5197022,-5197022,true
session_20260623_163953_final,2961,297101,2026-06-23T16:44:50.580785,Pas tensometryczny,-5196258,-5196258,true
session_20260623_163953_final,2962,297186,2026-06-23T16:44:50.664940,Pas tensometryczny,-5195859,-5195859,true
session_20260623_163953_final,2963,297277,2026-06-23T16:44:50.756295,Pas tensometryczny,-5195372,-5195372,true
session_20260623_163953_final,2964,297413,2026-06-23T16:44:50.892064,Pas tensometryczny,-5195110,-5195110,true
session_20260623_163953_final,2965,297502,2026-06-23T16:44:50.981167,Pas tensometryczny,-5195101,-5195101,true
session_20260623_163953_final,2966,297604,2026-06-23T16:44:51.083439,Pas tensometryczny,-5195970,-5195970,true
session_20260623_163953_final,2967,297679,2026-06-23T16:44:51.158520,Pas tensometryczny,-5197972,-5197972,true
session_20260623_163953_final,2968,297771,2026-06-23T16:44:51.250394,Pas tensometryczny,-5199851,-5199851,true
session_20260623_163953_final,2969,297951,2026-06-23T16:44:51.430578,Pas tensometryczny,-5200967,-5200967,true
session_20260623_163953_final,2970,297996,2026-06-23T16:44:51.475227,Pas tensometryczny,-5201794,-5201794,true
session_20260623_163953_final,2971,298085,2026-06-23T16:44:51.564003,Pas tensometryczny,-5202755,-5202755,true
session_20260623_163953_final,2972,298175,2026-06-23T16:44:51.654374,Pas tensometryczny,-5203680,-5203680,true
session_20260623_163953_final,2973,298322,2026-06-23T16:44:51.801258,Pas tensometryczny,-5204507,-5204507,true
session_20260623_163953_final,2974,298402,2026-06-23T16:44:51.880987,Pas tensometryczny,-5205449,-5205449,true
session_20260623_163953_final,2975,298494,2026-06-23T16:44:51.973700,Pas tensometryczny,-5206414,-5206414,true
session_20260623_163953_final,2976,298580,2026-06-23T16:44:52.059741,Pas tensometryczny,-5207154,-5207154,true
session_20260623_163953_final,2977,298677,2026-06-23T16:44:52.156483,Pas tensometryczny,-5207532,-5207532,true
session_20260623_163953_final,2978,298814,2026-06-23T16:44:52.293001,Pas tensometryczny,-5208138,-5208138,true
session_20260623_163953_final,2979,298895,2026-06-23T16:44:52.374352,Pas tensometryczny,-5208622,-5208622,true
session_20260623_163953_final,2980,298985,2026-06-23T16:44:52.463928,Pas tensometryczny,-5209118,-5209118,true
session_20260623_163953_final,2981,299076,2026-06-23T16:44:52.555463,Pas tensometryczny,-5209599,-5209599,true
session_20260623_163953_final,2982,299212,2026-06-23T16:44:52.691398,Pas tensometryczny,-5209960,-5209960,true
session_20260623_163953_final,2983,299303,2026-06-23T16:44:52.782246,Pas tensometryczny,-5210332,-5210332,true
session_20260623_163953_final,2984,299391,2026-06-23T16:44:52.870024,Pas tensometryczny,-5210701,-5210701,true
session_20260623_163953_final,2985,299486,2026-06-23T16:44:52.964895,Pas tensometryczny,-5210955,-5210955,true
session_20260623_163953_final,2986,299631,2026-06-23T16:44:53.110247,Pas tensometryczny,-5211305,-5211305,true
session_20260623_163953_final,2987,299706,2026-06-23T16:44:53.185619,Pas tensometryczny,-5211931,-5211931,true
session_20260623_163953_final,2988,299800,2026-06-23T16:44:53.279467,Pas tensometryczny,-5212020,-5212020,true
session_20260623_163953_final,2989,299887,2026-06-23T16:44:53.366337,Pas tensometryczny,-5212250,-5212250,true
session_20260623_163953_final,2990,299975,2026-06-23T16:44:53.454812,Pas tensometryczny,-5212486,-5212486,true
session_20260623_163953_final,2991,300113,2026-06-23T16:44:53.592242,Pas tensometryczny,-5212376,-5212376,true
session_20260623_163953_final,2992,300202,2026-06-23T16:44:53.681785,Pas tensometryczny,-5211904,-5211904,true
session_20260623_163953_final,2993,300292,2026-06-23T16:44:53.771002,Pas tensometryczny,-5211199,-5211199,true
session_20260623_163953_final,2994,300386,2026-06-23T16:44:53.865185,Pas tensometryczny,-5209973,-5209973,true
session_20260623_163953_final,2995,300517,2026-06-23T16:44:53.996687,Pas tensometryczny,-5208469,-5208469,true
session_20260623_163953_final,2996,300616,2026-06-23T16:44:54.095272,Pas tensometryczny,-5207140,-5207140,true
session_20260623_163953_final,2997,300700,2026-06-23T16:44:54.179718,Pas tensometryczny,-5206030,-5206030,true
session_20260623_163953_final,2998,300788,2026-06-23T16:44:54.267298,Pas tensometryczny,-5205161,-5205161,true
session_20260623_163953_final,2999,300883,2026-06-23T16:44:54.361859,Pas tensometryczny,-5204108,-5204108,true
session_20260623_163953_final,3000,301010,2026-06-23T16:44:54.489670,Pas tensometryczny,-5202962,-5202962,true
session_20260623_163953_final,3001,301102,2026-06-23T16:44:54.580979,Pas tensometryczny,-5201965,-5201965,true
session_20260623_163953_final,3002,301193,2026-06-23T16:44:54.671907,Pas tensometryczny,-5201134,-5201134,true
session_20260623_163953_final,3003,301280,2026-06-23T16:44:54.759481,Pas tensometryczny,-5200314,-5200314,true
session_20260623_163953_final,3004,301417,2026-06-23T16:44:54.896110,Pas tensometryczny,-5199616,-5199616,true
session_20260623_163953_final,3005,301514,2026-06-23T16:44:54.993312,Pas tensometryczny,-5199099,-5199099,true
session_20260623_163953_final,3006,301595,2026-06-23T16:44:55.074671,Pas tensometryczny,-5198554,-5198554,true
session_20260623_163953_final,3007,301691,2026-06-23T16:44:55.170042,Pas tensometryczny,-5197805,-5197805,true
session_20260623_163953_final,3008,301831,2026-06-23T16:44:55.310672,Pas tensometryczny,-5197107,-5197107,true
session_20260623_163953_final,3009,301911,2026-06-23T16:44:55.389913,Pas tensometryczny,-5196517,-5196517,true
session_20260623_163953_final,3010,302003,2026-06-23T16:44:55.482068,Pas tensometryczny,-5196136,-5196136,true
session_20260623_163953_final,3011,302093,2026-06-23T16:44:55.571967,Pas tensometryczny,-5195906,-5195906,true
session_20260623_163953_final,3012,302182,2026-06-23T16:44:55.660900,Pas tensometryczny,-5195670,-5195670,true
session_20260623_163953_final,3013,302318,2026-06-23T16:44:55.797156,Pas tensometryczny,-5195567,-5195567,true
session_20260623_163953_final,3014,302411,2026-06-23T16:44:55.890025,Pas tensometryczny,-5194816,-5194816,true
session_20260623_163953_final,3015,302495,2026-06-23T16:44:55.974620,Pas tensometryczny,-5194810,-5194810,true
session_20260623_163953_final,3016,302591,2026-06-23T16:44:56.070550,Pas tensometryczny,-5194621,-5194621,true
session_20260623_163953_final,3017,302721,2026-06-23T16:44:56.200624,Pas tensometryczny,-5194752,-5194752,true
session_20260623_163953_final,3018,302812,2026-06-23T16:44:56.291122,Pas tensometryczny,-5196047,-5196047,true
session_20260623_163953_final,3019,302901,2026-06-23T16:44:56.380083,Pas tensometryczny,-5197934,-5197934,true
session_20260623_163953_final,3020,302990,2026-06-23T16:44:56.469369,Pas tensometryczny,-5199370,-5199370,true
session_20260623_163953_final,3021,303129,2026-06-23T16:44:56.608699,Pas tensometryczny,-5200566,-5200566,true
session_20260623_163953_final,3022,303230,2026-06-23T16:44:56.709377,Pas tensometryczny,-5201490,-5201490,true
session_20260623_163953_final,3023,303306,2026-06-23T16:44:56.785173,Pas tensometryczny,-5202276,-5202276,true
session_20260623_163953_final,3024,303395,2026-06-23T16:44:56.874276,Pas tensometryczny,-5203102,-5203102,true
session_20260623_163953_final,3025,303530,2026-06-23T16:44:57.009557,Pas tensometryczny,-5204033,-5204033,true
session_20260623_163953_final,3026,303623,2026-06-23T16:44:57.101948,Pas tensometryczny,-5204822,-5204822,true
session_20260623_163953_final,3027,303724,2026-06-23T16:44:57.203369,Pas tensometryczny,-5205449,-5205449,true
session_20260623_163953_final,3028,303801,2026-06-23T16:44:57.279864,Pas tensometryczny,-5206000,-5206000,true
session_20260623_163953_final,3029,303891,2026-06-23T16:44:57.370282,Pas tensometryczny,-5206680,-5206680,true
session_20260623_163953_final,3030,304025,2026-06-23T16:44:57.504704,Pas tensometryczny,-5207293,-5207293,true
session_20260623_163953_final,3031,304116,2026-06-23T16:44:57.595272,Pas tensometryczny,-5207928,-5207928,true
session_20260623_163953_final,3032,304251,2026-06-23T16:44:57.730151,Pas tensometryczny,-5208612,-5208612,true
session_20260623_163953_final,3033,304305,2026-06-23T16:44:57.784064,Pas tensometryczny,-5209321,-5209321,true
session_20260623_163953_final,3034,304385,2026-06-23T16:44:57.864807,Pas tensometryczny,-5209782,-5209782,true
session_20260623_163953_final,3035,304520,2026-06-23T16:44:57.998949,Pas tensometryczny,-5210109,-5210109,true
session_20260623_163953_final,3036,304615,2026-06-23T16:44:58.093887,Pas tensometryczny,-5210534,-5210534,true
session_20260623_163953_final,3037,304701,2026-06-23T16:44:58.179839,Pas tensometryczny,-5210830,-5210830,true
session_20260623_163953_final,3038,304798,2026-06-23T16:44:58.277016,Pas tensometryczny,-5211094,-5211094,true
session_20260623_163953_final,3039,304928,2026-06-23T16:44:58.406848,Pas tensometryczny,-5211478,-5211478,true
session_20260623_163953_final,3040,305016,2026-06-23T16:44:58.494962,Pas tensometryczny,-5212039,-5212039,true
session_20260623_163953_final,3041,305105,2026-06-23T16:44:58.584137,Pas tensometryczny,-5212188,-5212188,true
session_20260623_163953_final,3042,305196,2026-06-23T16:44:58.675441,Pas tensometryczny,-5211906,-5211906,true
session_20260623_163953_final,3043,305333,2026-06-23T16:44:58.812421,Pas tensometryczny,-5211512,-5211512,true
session_20260623_163953_final,3044,305420,2026-06-23T16:44:58.899727,Pas tensometryczny,-5211014,-5211014,true
session_20260623_163953_final,3045,305562,2026-06-23T16:44:59.041389,Pas tensometryczny,-5209946,-5209946,true
session_20260623_163953_final,3046,305604,2026-06-23T16:44:59.083390,Pas tensometryczny,-5208419,-5208419,true
session_20260623_163953_final,3047,305693,2026-06-23T16:44:59.172093,Pas tensometryczny,-5206885,-5206885,true
session_20260623_163953_final,3048,305825,2026-06-23T16:44:59.304349,Pas tensometryczny,-5205648,-5205648,true
session_20260623_163953_final,3049,305917,2026-06-23T16:44:59.395976,Pas tensometryczny,-5204497,-5204497,true
session_20260623_163953_final,3050,306006,2026-06-23T16:44:59.484869,Pas tensometryczny,-5203268,-5203268,true
session_20260623_163953_final,3051,306106,2026-06-23T16:44:59.585033,Pas tensometryczny,-5202156,-5202156,true
session_20260623_163953_final,3052,306275,2026-06-23T16:44:59.754308,Pas tensometryczny,-5201185,-5201185,true
session_20260623_163953_final,3053,306324,2026-06-23T16:44:59.803007,Pas tensometryczny,-5200285,-5200285,true
session_20260623_163953_final,3054,306417,2026-06-23T16:44:59.896568,Pas tensometryczny,-5199547,-5199547,true
session_20260623_163953_final,3055,306502,2026-06-23T16:44:59.980959,Pas tensometryczny,-5198745,-5198745,true
session_20260623_163953_final,3056,306590,2026-06-23T16:45:00.069349,Pas tensometryczny,-5198154,-5198154,true
session_20260623_163953_final,3057,306726,2026-06-23T16:45:00.204893,Pas tensometryczny,-5197684,-5197684,true
session_20260623_163953_final,3058,306816,2026-06-23T16:45:00.295039,Pas tensometryczny,-5197169,-5197169,true
session_20260623_163953_final,3059,306910,2026-06-23T16:45:00.389471,Pas tensometryczny,-5196620,-5196620,true
session_20260623_163953_final,3060,306997,2026-06-23T16:45:00.476091,Pas tensometryczny,-5196125,-5196125,true
session_20260623_163953_final,3061,307132,2026-06-23T16:45:00.611410,Pas tensometryczny,-5195634,-5195634,true
session_20260623_163953_final,3062,307225,2026-06-23T16:45:00.704330,Pas tensometryczny,-5195250,-5195250,true
session_20260623_163953_final,3063,307317,2026-06-23T16:45:00.796315,Pas tensometryczny,-5195108,-5195108,true
session_20260623_163953_final,3064,307402,2026-06-23T16:45:00.880965,Pas tensometryczny,-5195005,-5195005,true
session_20260623_163953_final,3065,307541,2026-06-23T16:45:01.020104,Pas tensometryczny,-5194638,-5194638,true
session_20260623_163953_final,3066,307626,2026-06-23T16:45:01.105649,Pas tensometryczny,-5194208,-5194208,true
session_20260623_163953_final,3067,307725,2026-06-23T16:45:01.203825,Pas tensometryczny,-5194587,-5194587,true
session_20260623_163953_final,3068,307806,2026-06-23T16:45:01.285801,Pas tensometryczny,-5195720,-5195720,true
session_20260623_163953_final,3069,307910,2026-06-23T16:45:01.389710,Pas tensometryczny,-5197514,-5197514,true
session_20260623_163953_final,3070,308033,2026-06-23T16:45:01.511918,Pas tensometryczny,-5199609,-5199609,true
session_20260623_163953_final,3071,308122,2026-06-23T16:45:01.601019,Pas tensometryczny,-5200948,-5200948,true
session_20260623_163953_final,3072,308217,2026-06-23T16:45:01.696713,Pas tensometryczny,-5201699,-5201699,true
session_20260623_163953_final,3073,308301,2026-06-23T16:45:01.780331,Pas tensometryczny,-5202373,-5202373,true
session_20260623_163953_final,3074,308436,2026-06-23T16:45:01.915055,Pas tensometryczny,-5203023,-5203023,true
session_20260623_163953_final,3075,308530,2026-06-23T16:45:02.008990,Pas tensometryczny,-5203542,-5203542,true
session_20260623_163953_final,3076,308621,2026-06-23T16:45:02.100319,Pas tensometryczny,-5204031,-5204031,true
session_20260623_163953_final,3077,308706,2026-06-23T16:45:02.185525,Pas tensometryczny,-5204949,-5204949,true
session_20260623_163953_final,3078,308801,2026-06-23T16:45:02.280575,Pas tensometryczny,-5205760,-5205760,true
session_20260623_163953_final,3079,308936,2026-06-23T16:45:02.415771,Pas tensometryczny,-5206319,-5206319,true
session_20260623_163953_final,3080,309026,2026-06-23T16:45:02.505524,Pas tensometryczny,-5206740,-5206740,true
session_20260623_163953_final,3081,309115,2026-06-23T16:45:02.594111,Pas tensometryczny,-5207046,-5207046,true
session_20260623_163953_final,3082,309200,2026-06-23T16:45:02.679229,Pas tensometryczny,-5207507,-5207507,true
session_20260623_163953_final,3083,309341,2026-06-23T16:45:02.820202,Pas tensometryczny,-5208203,-5208203,true
session_20260623_163953_final,3084,309426,2026-06-23T16:45:02.905703,Pas tensometryczny,-5208826,-5208826,true
session_20260623_163953_final,3085,309518,2026-06-23T16:45:02.996946,Pas tensometryczny,-5209614,-5209614,true
session_20260623_163953_final,3086,309613,2026-06-23T16:45:03.092685,Pas tensometryczny,-5210366,-5210366,true
session_20260623_163953_final,3087,309742,2026-06-23T16:45:03.221024,Pas tensometryczny,-5210847,-5210847,true
session_20260623_163953_final,3088,309833,2026-06-23T16:45:03.312276,Pas tensometryczny,-5211152,-5211152,true
session_20260623_163953_final,3089,309921,2026-06-23T16:45:03.400694,Pas tensometryczny,-5211473,-5211473,true
session_20260623_163953_final,3090,310013,2026-06-23T16:45:03.492587,Pas tensometryczny,-5211840,-5211840,true
session_20260623_163953_final,3091,310100,2026-06-23T16:45:03.579310,Pas tensometryczny,-5212172,-5212172,true
session_20260623_163953_final,3092,310243,2026-06-23T16:45:03.721954,Pas tensometryczny,-5212754,-5212754,true
session_20260623_163953_final,3093,310326,2026-06-23T16:45:03.804863,Pas tensometryczny,-5212839,-5212839,true
session_20260623_163953_final,3094,310428,2026-06-23T16:45:03.907697,Pas tensometryczny,-5212427,-5212427,true
session_20260623_163953_final,3095,310514,2026-06-23T16:45:03.993581,Pas tensometryczny,-5211748,-5211748,true
session_20260623_163953_final,3096,310642,2026-06-23T16:45:04.121324,Pas tensometryczny,-5210706,-5210706,true
session_20260623_163953_final,3097,310748,2026-06-23T16:45:04.226993,Pas tensometryczny,-5208995,-5208995,true
session_20260623_163953_final,3098,310821,2026-06-23T16:45:04.299833,Pas tensometryczny,-5207265,-5207265,true
session_20260623_163953_final,3099,310916,2026-06-23T16:45:04.395192,Pas tensometryczny,-5205877,-5205877,true
session_20260623_163953_final,3100,311051,2026-06-23T16:45:04.530520,Pas tensometryczny,-5204730,-5204730,true
session_20260623_163953_final,3101,311135,2026-06-23T16:45:04.614354,Pas tensometryczny,-5203680,-5203680,true
session_20260623_163953_final,3102,311233,2026-06-23T16:45:04.712301,Pas tensometryczny,-5202629,-5202629,true
session_20260623_163953_final,3103,311315,2026-06-23T16:45:04.793819,Pas tensometryczny,-5201564,-5201564,true
session_20260623_163953_final,3104,311406,2026-06-23T16:45:04.885586,Pas tensometryczny,-5200594,-5200594,true
session_20260623_163953_final,3105,311540,2026-06-23T16:45:05.018880,Pas tensometryczny,-5199720,-5199720,true
session_20260623_163953_final,3106,311631,2026-06-23T16:45:05.110582,Pas tensometryczny,-5199062,-5199062,true
session_20260623_163953_final,3107,311721,2026-06-23T16:45:05.200534,Pas tensometryczny,-5198446,-5198446,true
session_20260623_163953_final,3108,311812,2026-06-23T16:45:05.290871,Pas tensometryczny,-5197884,-5197884,true
session_20260623_163953_final,3109,311946,2026-06-23T16:45:05.425019,Pas tensometryczny,-5197337,-5197337,true
session_20260623_163953_final,3110,312053,2026-06-23T16:45:05.532063,Pas tensometryczny,-5196796,-5196796,true
session_20260623_163953_final,3111,312131,2026-06-23T16:45:05.610266,Pas tensometryczny,-5196807,-5196807,true
session_20260623_163953_final,3112,312218,2026-06-23T16:45:05.697278,Pas tensometryczny,-5198242,-5198242,true
session_20260623_163953_final,3113,312307,2026-06-23T16:45:05.786109,Pas tensometryczny,-5200399,-5200399,true
session_20260623_163953_final,3114,312440,2026-06-23T16:45:05.919246,Pas tensometryczny,-5202171,-5202171,true
session_20260623_163953_final,3115,312531,2026-06-23T16:45:06.010650,Pas tensometryczny,-5203522,-5203522,true
session_20260623_163953_final,3116,312623,2026-06-23T16:45:06.102292,Pas tensometryczny,-5204557,-5204557,true
session_20260623_163953_final,3117,312756,2026-06-23T16:45:06.235200,Pas tensometryczny,-5205541,-5205541,true
session_20260623_163953_final,3118,312856,2026-06-23T16:45:06.334879,Pas tensometryczny,-5206623,-5206623,true
session_20260623_163953_final,3119,312936,2026-06-23T16:45:06.414985,Pas tensometryczny,-5208249,-5208249,true
session_20260623_163953_final,3120,313039,2026-06-23T16:45:06.517983,Pas tensometryczny,-5208579,-5208579,true
session_20260623_163953_final,3121,313118,2026-06-23T16:45:06.596998,Pas tensometryczny,-5209064,-5209064,true
session_20260623_163953_final,3122,313251,2026-06-23T16:45:06.730630,Pas tensometryczny,-5209449,-5209449,true
session_20260623_163953_final,3123,313341,2026-06-23T16:45:06.820728,Pas tensometryczny,-5209799,-5209799,true
session_20260623_163953_final,3124,313435,2026-06-23T16:45:06.914116,Pas tensometryczny,-5210130,-5210130,true
session_20260623_163953_final,3125,313522,2026-06-23T16:45:07.001429,Pas tensometryczny,-5210331,-5210331,true
session_20260623_163953_final,3126,313612,2026-06-23T16:45:07.091330,Pas tensometryczny,-5209991,-5209991,true
session_20260623_163953_final,3127,313746,2026-06-23T16:45:07.224892,Pas tensometryczny,-5208510,-5208510,true
session_20260623_163953_final,3128,313837,2026-06-23T16:45:07.315953,Pas tensometryczny,-5206645,-5206645,true
session_20260623_163953_final,3129,313927,2026-06-23T16:45:07.406423,Pas tensometryczny,-5204921,-5204921,true
session_20260623_163953_final,3130,314016,2026-06-23T16:45:07.495567,Pas tensometryczny,-5203143,-5203143,true
session_20260623_163953_final,3131,314151,2026-06-23T16:45:07.630714,Pas tensometryczny,-5201861,-5201861,true
session_20260623_163953_final,3132,314247,2026-06-23T16:45:07.726455,Pas tensometryczny,-5200854,-5200854,true
session_20260623_163953_final,3133,314348,2026-06-23T16:45:07.827375,Pas tensometryczny,-5199964,-5199964,true
session_20260623_163953_final,3134,314421,2026-06-23T16:45:07.900746,Pas tensometryczny,-5199091,-5199091,true
session_20260623_163953_final,3135,314511,2026-06-23T16:45:07.990274,Pas tensometryczny,-5198538,-5198538,true
session_20260623_163953_final,3136,314654,2026-06-23T16:45:08.133313,Pas tensometryczny,-5197943,-5197943,true
session_20260623_163953_final,3137,314738,2026-06-23T16:45:08.217075,Pas tensometryczny,-5197141,-5197141,true
session_20260623_163953_final,3138,314831,2026-06-23T16:45:08.310456,Pas tensometryczny,-5196581,-5196581,true
session_20260623_163953_final,3139,314915,2026-06-23T16:45:08.394218,Pas tensometryczny,-5196319,-5196319,true
session_20260623_163953_final,3140,315064,2026-06-23T16:45:08.543417,Pas tensometryczny,-5196980,-5196980,true
session_20260623_163953_final,3141,315143,2026-06-23T16:45:08.622126,Pas tensometryczny,-5198975,-5198975,true
session_20260623_163953_final,3142,315243,2026-06-23T16:45:08.721842,Pas tensometryczny,-5200945,-5200945,true
session_20260623_163953_final,3143,315321,2026-06-23T16:45:08.800261,Pas tensometryczny,-5202387,-5202387,true
session_20260623_163953_final,3144,315455,2026-06-23T16:45:08.934703,Pas tensometryczny,-5204073,-5204073,true
session_20260623_163953_final,3145,315551,2026-06-23T16:45:09.030571,Pas tensometryczny,-5204986,-5204986,true
session_20260623_163953_final,3146,315636,2026-06-23T16:45:09.115525,Pas tensometryczny,-5206089,-5206089,true
session_20260623_163953_final,3147,315730,2026-06-23T16:45:09.209293,Pas tensometryczny,-5207283,-5207283,true
session_20260623_163953_final,3148,315815,2026-06-23T16:45:09.294437,Pas tensometryczny,-5208366,-5208366,true
session_20260623_163953_final,3149,315954,2026-06-23T16:45:09.432941,Pas tensometryczny,-5208933,-5208933,true
session_20260623_163953_final,3150,316050,2026-06-23T16:45:09.529459,Pas tensometryczny,-5209271,-5209271,true
session_20260623_163953_final,3151,316133,2026-06-23T16:45:09.612603,Pas tensometryczny,-5209472,-5209472,true
session_20260623_163953_final,3152,316221,2026-06-23T16:45:09.700551,Pas tensometryczny,-5209598,-5209598,true
session_20260623_163953_final,3153,316359,2026-06-23T16:45:09.837855,Pas tensometryczny,-5209792,-5209792,true
session_20260623_163953_final,3154,316445,2026-06-23T16:45:09.923866,Pas tensometryczny,-5209781,-5209781,true
session_20260623_163953_final,3155,316550,2026-06-23T16:45:10.029617,Pas tensometryczny,-5208827,-5208827,true
session_20260623_163953_final,3156,316627,2026-06-23T16:45:10.106472,Pas tensometryczny,-5206728,-5206728,true
session_20260623_163953_final,3157,316720,2026-06-23T16:45:10.199731,Pas tensometryczny,-5204691,-5204691,true
session_20260623_163953_final,3158,316866,2026-06-23T16:45:10.345209,Pas tensometryczny,-5203100,-5203100,true
session_20260623_163953_final,3159,316942,2026-06-23T16:45:10.421573,Pas tensometryczny,-5201787,-5201787,true
session_20260623_163953_final,3160,317034,2026-06-23T16:45:10.512887,Pas tensometryczny,-5200506,-5200506,true
session_20260623_163953_final,3161,317122,2026-06-23T16:45:10.601220,Pas tensometryczny,-5199224,-5199224,true
session_20260623_163953_final,3162,317255,2026-06-23T16:45:10.733878,Pas tensometryczny,-5198046,-5198046,true
session_20260623_163953_final,3163,317353,2026-06-23T16:45:10.832436,Pas tensometryczny,-5197160,-5197160,true
session_20260623_163953_final,3164,317436,2026-06-23T16:45:10.914819,Pas tensometryczny,-5196376,-5196376,true
session_20260623_163953_final,3165,317527,2026-06-23T16:45:11.006132,Pas tensometryczny,-5195631,-5195631,true
session_20260623_163953_final,3166,317661,2026-06-23T16:45:11.140374,Pas tensometryczny,-5195029,-5195029,true
session_20260623_163953_final,3167,317754,2026-06-23T16:45:11.233552,Pas tensometryczny,-5194598,-5194598,true
session_20260623_163953_final,3168,317840,2026-06-23T16:45:11.319093,Pas tensometryczny,-5194234,-5194234,true
session_20260623_163953_final,3169,317932,2026-06-23T16:45:11.411658,Pas tensometryczny,-5194052,-5194052,true
session_20260623_163953_final,3170,318040,2026-06-23T16:45:11.519302,Pas tensometryczny,-5194731,-5194731,true
session_20260623_163953_final,3171,318173,2026-06-23T16:45:11.652386,Pas tensometryczny,-5197798,-5197798,true
session_20260623_163953_final,3172,318246,2026-06-23T16:45:11.725021,Pas tensometryczny,-5199463,-5199463,true
session_20260623_163953_final,3173,318347,2026-06-23T16:45:11.826266,Pas tensometryczny,-5200860,-5200860,true
session_20260623_163953_final,3174,318425,2026-06-23T16:45:11.904608,Pas tensometryczny,-5202145,-5202145,true
session_20260623_163953_final,3175,318560,2026-06-23T16:45:12.039293,Pas tensometryczny,-5203347,-5203347,true
session_20260623_163953_final,3176,318651,2026-06-23T16:45:12.130728,Pas tensometryczny,-5204478,-5204478,true
session_20260623_163953_final,3177,318743,2026-06-23T16:45:12.222366,Pas tensometryczny,-5205599,-5205599,true
session_20260623_163953_final,3178,318832,2026-06-23T16:45:12.311581,Pas tensometryczny,-5206475,-5206475,true
session_20260623_163953_final,3179,318926,2026-06-23T16:45:12.405203,Pas tensometryczny,-5207285,-5207285,true
session_20260623_163953_final,3180,319062,2026-06-23T16:45:12.541546,Pas tensometryczny,-5208105,-5208105,true
session_20260623_163953_final,3181,319158,2026-06-23T16:45:12.637407,Pas tensometryczny,-5208742,-5208742,true
session_20260623_163953_final,3182,319236,2026-06-23T16:45:12.715028,Pas tensometryczny,-5209152,-5209152,true
session_20260623_163953_final,3183,319328,2026-06-23T16:45:12.807795,Pas tensometryczny,-5209596,-5209596,true
session_20260623_163953_final,3184,319460,2026-06-23T16:45:12.939666,Pas tensometryczny,-5209879,-5209879,true
session_20260623_163953_final,3185,319551,2026-06-23T16:45:13.030762,Pas tensometryczny,-5209339,-5209339,true
session_20260623_163953_final,3186,319646,2026-06-23T16:45:13.125061,Pas tensometryczny,-5207434,-5207434,true
session_20260623_163953_final,3187,319735,2026-06-23T16:45:13.213898,Pas tensometryczny,-5205224,-5205224,true
session_20260623_163953_final,3188,319866,2026-06-23T16:45:13.344971,Pas tensometryczny,-5203368,-5203368,true
session_20260623_163953_final,3189,319956,2026-06-23T16:45:13.435415,Pas tensometryczny,-5201903,-5201903,true
session_20260623_163953_final,3190,320045,2026-06-23T16:45:13.524617,Pas tensometryczny,-5200705,-5200705,true
session_20260623_163953_final,3191,320136,2026-06-23T16:45:13.614876,Pas tensometryczny,-5199828,-5199828,true
session_20260623_163953_final,3192,320243,2026-06-23T16:45:13.722769,Pas tensometryczny,-5199049,-5199049,true
session_20260623_163953_final,3193,320366,2026-06-23T16:45:13.844822,Pas tensometryczny,-5198238,-5198238,true
session_20260623_163953_final,3194,320457,2026-06-23T16:45:13.936038,Pas tensometryczny,-5197366,-5197366,true
session_20260623_163953_final,3195,320541,2026-06-23T16:45:14.020556,Pas tensometryczny,-5196603,-5196603,true
session_20260623_163953_final,3196,320630,2026-06-23T16:45:14.109514,Pas tensometryczny,-5196077,-5196077,true
session_20260623_163953_final,3197,320767,2026-06-23T16:45:14.246172,Pas tensometryczny,-5195792,-5195792,true
session_20260623_163953_final,3198,320856,2026-06-23T16:45:14.335527,Pas tensometryczny,-5197201,-5197201,true
session_20260623_163953_final,3199,320950,2026-06-23T16:45:14.429635,Pas tensometryczny,-5198878,-5198878,true
session_20260623_163953_final,3200,321035,2026-06-23T16:45:14.514467,Pas tensometryczny,-5200301,-5200301,true
session_20260623_163953_final,3201,321171,2026-06-23T16:45:14.650757,Pas tensometryczny,-5201467,-5201467,true
session_20260623_163953_final,3202,321267,2026-06-23T16:45:14.746127,Pas tensometryczny,-5202554,-5202554,true
session_20260623_163953_final,3203,321351,2026-06-23T16:45:14.830297,Pas tensometryczny,-5203567,-5203567,true
session_20260623_163953_final,3204,321441,2026-06-23T16:45:14.919897,Pas tensometryczny,-5204640,-5204640,true
session_20260623_163953_final,3205,321546,2026-06-23T16:45:15.025110,Pas tensometryczny,-5205710,-5205710,true
session_20260623_163953_final,3206,321674,2026-06-23T16:45:15.153575,Pas tensometryczny,-5206697,-5206697,true
session_20260623_163953_final,3207,321756,2026-06-23T16:45:15.235170,Pas tensometryczny,-5207563,-5207563,true
session_20260623_163953_final,3208,321846,2026-06-23T16:45:15.325150,Pas tensometryczny,-5208305,-5208305,true
session_20260623_163953_final,3209,321935,2026-06-23T16:45:15.414075,Pas tensometryczny,-5208873,-5208873,true
session_20260623_163953_final,3210,322071,2026-06-23T16:45:15.550178,Pas tensometryczny,-5209134,-5209134,true
session_20260623_163953_final,3211,322164,2026-06-23T16:45:15.643733,Pas tensometryczny,-5209564,-5209564,true
session_20260623_163953_final,3212,322253,2026-06-23T16:45:15.732732,Pas tensometryczny,-5210058,-5210058,true
session_20260623_163953_final,3213,322341,2026-06-23T16:45:15.820274,Pas tensometryczny,-5210335,-5210335,true
session_20260623_163953_final,3214,322432,2026-06-23T16:45:15.911199,Pas tensometryczny,-5210450,-5210450,true
session_20260623_163953_final,3215,322569,2026-06-23T16:45:16.048007,Pas tensometryczny,-5210513,-5210513,true
session_20260623_163953_final,3216,322655,2026-06-23T16:45:16.134530,Pas tensometryczny,-5210096,-5210096,true
session_20260623_163953_final,3217,322746,2026-06-23T16:45:16.224855,Pas tensometryczny,-5208419,-5208419,true
session_20260623_163953_final,3218,322839,2026-06-23T16:45:16.317947,Pas tensometryczny,-5206287,-5206287,true
session_20260623_163953_final,3219,322977,2026-06-23T16:45:16.456605,Pas tensometryczny,-5204638,-5204638,true
session_20260623_163953_final,3220,323067,2026-06-23T16:45:16.546766,Pas tensometryczny,-5203184,-5203184,true
session_20260623_163953_final,3221,323157,2026-06-23T16:45:16.636642,Pas tensometryczny,-5201778,-5201778,true
session_20260623_163953_final,3222,323240,2026-06-23T16:45:16.719199,Pas tensometryczny,-5200626,-5200626,true
session_20260623_163953_final,3223,323376,2026-06-23T16:45:16.855518,Pas tensometryczny,-5198966,-5198966,true
session_20260623_163953_final,3224,323468,2026-06-23T16:45:16.947661,Pas tensometryczny,-5198334,-5198334,true
session_20260623_163953_final,3225,323556,2026-06-23T16:45:17.035377,Pas tensometryczny,-5197678,-5197678,true
session_20260623_163953_final,3226,323648,2026-06-23T16:45:17.127526,Pas tensometryczny,-5197030,-5197030,true
session_20260623_163953_final,3227,323739,2026-06-23T16:45:17.218806,Pas tensometryczny,-5196537,-5196537,true
session_20260623_163953_final,3228,323871,2026-06-23T16:45:17.350028,Pas tensometryczny,-5196296,-5196296,true
session_20260623_163953_final,3229,323961,2026-06-23T16:45:17.440264,Pas tensometryczny,-5196730,-5196730,true
session_20260623_163953_final,3230,324051,2026-06-23T16:45:17.530804,Pas tensometryczny,-5198342,-5198342,true
session_20260623_163953_final,3231,324141,2026-06-23T16:45:17.620745,Pas tensometryczny,-5200338,-5200338,true
session_20260623_163953_final,3232,324289,2026-06-23T16:45:17.768591,Pas tensometryczny,-5202018,-5202018,true
session_20260623_163953_final,3233,324367,2026-06-23T16:45:17.846214,Pas tensometryczny,-5203116,-5203116,true
session_20260623_163953_final,3234,324464,2026-06-23T16:45:17.942990,Pas tensometryczny,-5203764,-5203764,true
session_20260623_163953_final,3235,324545,2026-06-23T16:45:18.024769,Pas tensometryczny,-5204510,-5204510,true
session_20260623_163953_final,3236,324638,2026-06-23T16:45:18.117038,Pas tensometryczny,-5205380,-5205380,true
session_20260623_163953_final,3237,324772,2026-06-23T16:45:18.251011,Pas tensometryczny,-5206222,-5206222,true
session_20260623_163953_final,3238,324860,2026-06-23T16:45:18.339587,Pas tensometryczny,-5207134,-5207134,true
session_20260623_163953_final,3239,324951,2026-06-23T16:45:18.430673,Pas tensometryczny,-5208132,-5208132,true
session_20260623_163953_final,3240,325056,2026-06-23T16:45:18.535062,Pas tensometryczny,-5208737,-5208737,true
session_20260623_163953_final,3241,325184,2026-06-23T16:45:18.663282,Pas tensometryczny,-5209155,-5209155,true
session_20260623_163953_final,3242,325266,2026-06-23T16:45:18.744901,Pas tensometryczny,-5209404,-5209404,true
session_20260623_163953_final,3243,325361,2026-06-23T16:45:18.839896,Pas tensometryczny,-5209644,-5209644,true
session_20260623_163953_final,3244,325445,2026-06-23T16:45:18.924022,Pas tensometryczny,-5209796,-5209796,true
session_20260623_163953_final,3245,325581,2026-06-23T16:45:19.059846,Pas tensometryczny,-5209568,-5209568,true
session_20260623_163953_final,3246,325671,2026-06-23T16:45:19.150262,Pas tensometryczny,-5208756,-5208756,true
session_20260623_163953_final,3247,325764,2026-06-23T16:45:19.243615,Pas tensometryczny,-5206840,-5206840,true
session_20260623_163953_final,3248,325851,2026-06-23T16:45:19.329839,Pas tensometryczny,-5204534,-5204534,true
session_20260623_163953_final,3249,325945,2026-06-23T16:45:19.424054,Pas tensometryczny,-5202728,-5202728,true
session_20260623_163953_final,3250,326076,2026-06-23T16:45:19.555494,Pas tensometryczny,-5200416,-5200416,true
session_20260623_163953_final,3251,326171,2026-06-23T16:45:19.649983,Pas tensometryczny,-5199487,-5199487,true
session_20260623_163953_final,3252,326256,2026-06-23T16:45:19.734945,Pas tensometryczny,-5198901,-5198901,true
session_20260623_163953_final,3253,326358,2026-06-23T16:45:19.837765,Pas tensometryczny,-5198208,-5198208,true
session_20260623_163953_final,3254,326489,2026-06-23T16:45:19.968675,Pas tensometryczny,-5197307,-5197307,true
session_20260623_163953_final,3255,326572,2026-06-23T16:45:20.051322,Pas tensometryczny,-5196383,-5196383,true
session_20260623_163953_final,3256,326661,2026-06-23T16:45:20.140669,Pas tensometryczny,-5195769,-5195769,true
session_20260623_163953_final,3257,326764,2026-06-23T16:45:20.243397,Pas tensometryczny,-5195405,-5195405,true
session_20260623_163953_final,3258,326840,2026-06-23T16:45:20.318976,Pas tensometryczny,-5195339,-5195339,true
session_20260623_163953_final,3259,326976,2026-06-23T16:45:20.455693,Pas tensometryczny,-5195330,-5195330,true
session_20260623_163953_final,3260,327067,2026-06-23T16:45:20.546459,Pas tensometryczny,-5195623,-5195623,true
session_20260623_163953_final,3261,327155,2026-06-23T16:45:20.634065,Pas tensometryczny,-5196566,-5196566,true
session_20260623_163953_final,3262,327245,2026-06-23T16:45:20.724078,Pas tensometryczny,-5198188,-5198188,true
session_20260623_163953_final,3263,327386,2026-06-23T16:45:20.865111,Pas tensometryczny,-5199906,-5199906,true
session_20260623_163953_final,3264,327472,2026-06-23T16:45:20.951659,Pas tensometryczny,-5201302,-5201302,true
session_20260623_163953_final,3265,327566,2026-06-23T16:45:21.044921,Pas tensometryczny,-5202561,-5202561,true
session_20260623_163953_final,3266,327696,2026-06-23T16:45:21.175697,Pas tensometryczny,-5203680,-5203680,true
session_20260623_163953_final,3267,327786,2026-06-23T16:45:21.265432,Pas tensometryczny,-5204439,-5204439,true
session_20260623_163953_final,3268,327874,2026-06-23T16:45:21.353799,Pas tensometryczny,-5205259,-5205259,true
session_20260623_163953_final,3269,327981,2026-06-23T16:45:21.460587,Pas tensometryczny,-5206014,-5206014,true
session_20260623_163953_final,3270,328056,2026-06-23T16:45:21.534838,Pas tensometryczny,-5207056,-5207056,true
session_20260623_163953_final,3271,328152,2026-06-23T16:45:21.631317,Pas tensometryczny,-5208051,-5208051,true
session_20260623_163953_final,3272,328280,2026-06-23T16:45:21.759654,Pas tensometryczny,-5208868,-5208868,true
session_20260623_163953_final,3273,328370,2026-06-23T16:45:21.849056,Pas tensometryczny,-5209406,-5209406,true
session_20260623_163953_final,3274,328462,2026-06-23T16:45:21.941547,Pas tensometryczny,-5209651,-5209651,true
session_20260623_163953_final,3275,328551,2026-06-23T16:45:22.030179,Pas tensometryczny,-5209719,-5209719,true
session_20260623_163953_final,3276,328733,2026-06-23T16:45:22.212588,Pas tensometryczny,-5209409,-5209409,true
session_20260623_163953_final,3277,328775,2026-06-23T16:45:22.254317,Pas tensometryczny,-5207997,-5207997,true
session_20260623_163953_final,3278,328868,2026-06-23T16:45:22.347127,Pas tensometryczny,-5206042,-5206042,true
session_20260623_163953_final,3279,328964,2026-06-23T16:45:22.442865,Pas tensometryczny,-5204189,-5204189,true
session_20260623_163953_final,3280,329090,2026-06-23T16:45:22.569008,Pas tensometryczny,-5202442,-5202442,true
session_20260623_163953_final,3281,329180,2026-06-23T16:45:22.659021,Pas tensometryczny,-5201141,-5201141,true
session_20260623_163953_final,3282,329287,2026-06-23T16:45:22.765833,Pas tensometryczny,-5200065,-5200065,true
session_20260623_163953_final,3283,329363,2026-06-23T16:45:22.842670,Pas tensometryczny,-5199210,-5199210,true
session_20260623_163953_final,3284,329453,2026-06-23T16:45:22.932109,Pas tensometryczny,-5198497,-5198497,true
session_20260623_163953_final,3285,329587,2026-06-23T16:45:23.066372,Pas tensometryczny,-5198067,-5198067,true
session_20260623_163953_final,3286,329677,2026-06-23T16:45:23.156191,Pas tensometryczny,-5197459,-5197459,true
session_20260623_163953_final,3287,329767,2026-06-23T16:45:23.246213,Pas tensometryczny,-5196810,-5196810,true
session_20260623_163953_final,3288,329860,2026-06-23T16:45:23.339303,Pas tensometryczny,-5196246,-5196246,true
session_20260623_163953_final,3289,329992,2026-06-23T16:45:23.470822,Pas tensometryczny,-5196286,-5196286,true
session_20260623_163953_final,3290,330081,2026-06-23T16:45:23.560200,Pas tensometryczny,-5197267,-5197267,true
session_20260623_163953_final,3291,330172,2026-06-23T16:45:23.651027,Pas tensometryczny,-5198905,-5198905,true
session_20260623_163953_final,3292,330261,2026-06-23T16:45:23.740605,Pas tensometryczny,-5200788,-5200788,true
session_20260623_163953_final,3293,330361,2026-06-23T16:45:23.840015,Pas tensometryczny,-5202224,-5202224,true
session_20260623_163953_final,3294,330486,2026-06-23T16:45:23.964873,Pas tensometryczny,-5203007,-5203007,true
session_20260623_163953_final,3295,330577,2026-06-23T16:45:24.056445,Pas tensometryczny,-5203749,-5203749,true
session_20260623_163953_final,3296,330668,2026-06-23T16:45:24.147248,Pas tensometryczny,-5204603,-5204603,true
session_20260623_163953_final,3297,330756,2026-06-23T16:45:24.235607,Pas tensometryczny,-5205120,-5205120,true
session_20260623_163953_final,3298,330896,2026-06-23T16:45:24.375081,Pas tensometryczny,-5205940,-5205940,true
session_20260623_163953_final,3299,330982,2026-06-23T16:45:24.461793,Pas tensometryczny,-5206786,-5206786,true
session_20260623_163953_final,3300,331072,2026-06-23T16:45:24.550856,Pas tensometryczny,-5207429,-5207429,true
session_20260623_163953_final,3301,331165,2026-06-23T16:45:24.644048,Pas tensometryczny,-5207788,-5207788,true
session_20260623_163953_final,3302,331298,2026-06-23T16:45:24.777628,Pas tensometryczny,-5208735,-5208735,true
session_20260623_163953_final,3303,331388,2026-06-23T16:45:24.867419,Pas tensometryczny,-5209089,-5209089,true
session_20260623_163953_final,3304,331481,2026-06-23T16:45:24.960598,Pas tensometryczny,-5209397,-5209397,true
session_20260623_163953_final,3305,331569,2026-06-23T16:45:25.048551,Pas tensometryczny,-5208810,-5208810,true
session_20260623_163953_final,3306,331657,2026-06-23T16:45:25.136524,Pas tensometryczny,-5206853,-5206853,true
session_20260623_163953_final,3307,331792,2026-06-23T16:45:25.271241,Pas tensometryczny,-5204834,-5204834,true
session_20260623_163953_final,3308,331881,2026-06-23T16:45:25.360025,Pas tensometryczny,-5203170,-5203170,true
session_20260623_163953_final,3309,331973,2026-06-23T16:45:25.452163,Pas tensometryczny,-5201697,-5201697,true
session_20260623_163953_final,3310,332066,2026-06-23T16:45:25.545497,Pas tensometryczny,-5200581,-5200581,true
session_20260623_163953_final,3311,332200,2026-06-23T16:45:25.679540,Pas tensometryczny,-5199565,-5199565,true
session_20260623_163953_final,3312,332286,2026-06-23T16:45:25.765288,Pas tensometryczny,-5198792,-5198792,true
session_20260623_163953_final,3313,332377,2026-06-23T16:45:25.855869,Pas tensometryczny,-5198160,-5198160,true
session_20260623_163953_final,3314,332466,2026-06-23T16:45:25.945273,Pas tensometryczny,-5197262,-5197262,true
session_20260623_163953_final,3315,332558,2026-06-23T16:45:26.037265,Pas tensometryczny,-5196509,-5196509,true
session_20260623_163953_final,3316,332693,2026-06-23T16:45:26.172385,Pas tensometryczny,-5195852,-5195852,true
session_20260623_163953_final,3317,332783,2026-06-23T16:45:26.261996,Pas tensometryczny,-5195479,-5195479,true
session_20260623_163953_final,3318,332870,2026-06-23T16:45:26.349322,Pas tensometryczny,-5195219,-5195219,true
session_20260623_163953_final,3319,333008,2026-06-23T16:45:26.487463,Pas tensometryczny,-5194881,-5194881,true
session_20260623_163953_final,3320,333103,2026-06-23T16:45:26.582339,Pas tensometryczny,-5194511,-5194511,true
session_20260623_163953_final,3321,333185,2026-06-23T16:45:26.663846,Pas tensometryczny,-5194892,-5194892,true
session_20260623_163953_final,3322,333282,2026-06-23T16:45:26.761594,Pas tensometryczny,-5196477,-5196477,true
session_20260623_163953_final,3323,333367,2026-06-23T16:45:26.846776,Pas tensometryczny,-5198428,-5198428,true
session_20260623_163953_final,3324,333503,2026-06-23T16:45:26.982686,Pas tensometryczny,-5200164,-5200164,true
session_20260623_163953_final,3325,333591,2026-06-23T16:45:27.070223,Pas tensometryczny,-5201587,-5201587,true
session_20260623_163953_final,3326,333683,2026-06-23T16:45:27.162662,Pas tensometryczny,-5202771,-5202771,true
session_20260623_163953_final,3327,333770,2026-06-23T16:45:27.249511,Pas tensometryczny,-5203440,-5203440,true
session_20260623_163953_final,3328,333862,2026-06-23T16:45:27.341442,Pas tensometryczny,-5204846,-5204846,true
session_20260623_163953_final,3329,333997,2026-06-23T16:45:27.476490,Pas tensometryczny,-5205561,-5205561,true
session_20260623_163953_final,3330,334099,2026-06-23T16:45:27.577954,Pas tensometryczny,-5206395,-5206395,true
session_20260623_163953_final,3331,334177,2026-06-23T16:45:27.655834,Pas tensometryczny,-5207627,-5207627,true
session_20260623_163953_final,3332,334271,2026-06-23T16:45:27.750724,Pas tensometryczny,-5208465,-5208465,true
session_20260623_163953_final,3333,334416,2026-06-23T16:45:27.895252,Pas tensometryczny,-5208716,-5208716,true
session_20260623_163953_final,3334,334490,2026-06-23T16:45:27.969322,Pas tensometryczny,-5209048,-5209048,true
session_20260623_163953_final,3335,334588,2026-06-23T16:45:28.067382,Pas tensometryczny,-5208856,-5208856,true
session_20260623_163953_final,3336,334673,2026-06-23T16:45:28.152470,Pas tensometryczny,-5207554,-5207554,true
session_20260623_163953_final,3337,334761,2026-06-23T16:45:28.240374,Pas tensometryczny,-5205258,-5205258,true
session_20260623_163953_final,3338,334909,2026-06-23T16:45:28.388315,Pas tensometryczny,-5203318,-5203318,true
session_20260623_163953_final,3339,334988,2026-06-23T16:45:28.467810,Pas tensometryczny,-5201766,-5201766,true
session_20260623_163953_final,3340,335121,2026-06-23T16:45:28.600627,Pas tensometryczny,-5200357,-5200357,true
session_20260623_163953_final,3341,335168,2026-06-23T16:45:28.646889,Pas tensometryczny,-5199244,-5199244,true
session_20260623_163953_final,3342,335306,2026-06-23T16:45:28.785482,Pas tensometryczny,-5198344,-5198344,true
session_20260623_163953_final,3343,335435,2026-06-23T16:45:28.914403,Pas tensometryczny,-5197628,-5197628,true
session_20260623_163953_final,3344,335481,2026-06-23T16:45:28.959822,Pas tensometryczny,-5196814,-5196814,true
session_20260623_163953_final,3345,335582,2026-06-23T16:45:29.061187,Pas tensometryczny,-5196227,-5196227,true
session_20260623_163953_final,3346,335724,2026-06-23T16:45:29.202848,Pas tensometryczny,-5195647,-5195647,true
session_20260623_163953_final,3347,335796,2026-06-23T16:45:29.274819,Pas tensometryczny,-5195232,-5195232,true
session_20260623_163953_final,3348,335889,2026-06-23T16:45:29.368232,Pas tensometryczny,-5195704,-5195704,true
session_20260623_163953_final,3349,335978,2026-06-23T16:45:29.457262,Pas tensometryczny,-5197670,-5197670,true
session_20260623_163953_final,3350,336069,2026-06-23T16:45:29.548465,Pas tensometryczny,-5199917,-5199917,true
session_20260623_163953_final,3351,336206,2026-06-23T16:45:29.685124,Pas tensometryczny,-5201505,-5201505,true
session_20260623_163953_final,3352,336295,2026-06-23T16:45:29.774714,Pas tensometryczny,-5202706,-5202706,true
session_20260623_163953_final,3353,336385,2026-06-23T16:45:29.864606,Pas tensometryczny,-5203559,-5203559,true
session_20260623_163953_final,3354,336471,2026-06-23T16:45:29.950448,Pas tensometryczny,-5204180,-5204180,true
session_20260623_163953_final,3355,336613,2026-06-23T16:45:30.092118,Pas tensometryczny,-5205742,-5205742,true
session_20260623_163953_final,3356,336696,2026-06-23T16:45:30.175750,Pas tensometryczny,-5206507,-5206507,true
session_20260623_163953_final,3357,336795,2026-06-23T16:45:30.274782,Pas tensometryczny,-5207383,-5207383,true
session_20260623_163953_final,3358,336881,2026-06-23T16:45:30.359935,Pas tensometryczny,-5207863,-5207863,true
session_20260623_163953_final,3359,336966,2026-06-23T16:45:30.444835,Pas tensometryczny,-5208249,-5208249,true
session_20260623_163953_final,3360,337103,2026-06-23T16:45:30.582368,Pas tensometryczny,-5208603,-5208603,true
session_20260623_163953_final,3361,337203,2026-06-23T16:45:30.682391,Pas tensometryczny,-5209021,-5209021,true
session_20260623_163953_final,3362,337281,2026-06-23T16:45:30.760622,Pas tensometryczny,-5209208,-5209208,true
session_20260623_163953_final,3363,337373,2026-06-23T16:45:30.852685,Pas tensometryczny,-5208448,-5208448,true
session_20260623_163953_final,3364,337506,2026-06-23T16:45:30.985391,Pas tensometryczny,-5206861,-5206861,true
session_20260623_163953_final,3365,337646,2026-06-23T16:45:31.125042,Pas tensometryczny,-5204810,-5204810,true
session_20260623_163953_final,3366,337685,2026-06-23T16:45:31.164099,Pas tensometryczny,-5202822,-5202822,true
session_20260623_163953_final,3367,337776,2026-06-23T16:45:31.255780,Pas tensometryczny,-5201229,-5201229,true
session_20260623_163953_final,3368,337912,2026-06-23T16:45:31.391066,Pas tensometryczny,-5199980,-5199980,true
session_20260623_163953_final,3369,338001,2026-06-23T16:45:31.479898,Pas tensometryczny,-5199078,-5199078,true
session_20260623_163953_final,3370,338095,2026-06-23T16:45:31.574611,Pas tensometryczny,-5198252,-5198252,true
session_20260623_163953_final,3371,338180,2026-06-23T16:45:31.659764,Pas tensometryczny,-5197492,-5197492,true
session_20260623_163953_final,3372,338270,2026-06-23T16:45:31.749607,Pas tensometryczny,-5196854,-5196854,true
session_20260623_163953_final,3373,338409,2026-06-23T16:45:31.888613,Pas tensometryczny,-5196018,-5196018,true
session_20260623_163953_final,3374,338497,2026-06-23T16:45:31.976141,Pas tensometryczny,-5195304,-5195304,true
session_20260623_163953_final,3375,338585,2026-06-23T16:45:32.064415,Pas tensometryczny,-5194884,-5194884,true
session_20260623_163953_final,3376,338679,2026-06-23T16:45:32.158203,Pas tensometryczny,-5194834,-5194834,true
session_20260623_163953_final,3377,338810,2026-06-23T16:45:32.288817,Pas tensometryczny,-5196038,-5196038,true
session_20260623_163953_final,3378,338904,2026-06-23T16:45:32.382839,Pas tensometryczny,-5198079,-5198079,true
session_20260623_163953_final,3379,338990,2026-06-23T16:45:32.469237,Pas tensometryczny,-5199666,-5199666,true
session_20260623_163953_final,3380,339080,2026-06-23T16:45:32.559665,Pas tensometryczny,-5201812,-5201812,true
session_20260623_163953_final,3381,339222,2026-06-23T16:45:32.700922,Pas tensometryczny,-5202839,-5202839,true
session_20260623_163953_final,3382,339313,2026-06-23T16:45:32.792109,Pas tensometryczny,-5203965,-5203965,true
session_20260623_163953_final,3383,339396,2026-06-23T16:45:32.875444,Pas tensometryczny,-5205100,-5205100,true
session_20260623_163953_final,3384,339485,2026-06-23T16:45:32.964458,Pas tensometryczny,-5206111,-5206111,true
session_20260623_163953_final,3385,339576,2026-06-23T16:45:33.055388,Pas tensometryczny,-5206620,-5206620,true
session_20260623_163953_final,3386,339720,2026-06-23T16:45:33.198892,Pas tensometryczny,-5207364,-5207364,true
session_20260623_163953_final,3387,339803,2026-06-23T16:45:33.282297,Pas tensometryczny,-5208095,-5208095,true
session_20260623_163953_final,3388,339891,2026-06-23T16:45:33.369950,Pas tensometryczny,-5208527,-5208527,true
session_20260623_163953_final,3389,339987,2026-06-23T16:45:33.466584,Pas tensometryczny,-5208978,-5208978,true
session_20260623_163953_final,3390,340121,2026-06-23T16:45:33.600192,Pas tensometryczny,-5209439,-5209439,true
session_20260623_163953_final,3391,340205,2026-06-23T16:45:33.683988,Pas tensometryczny,-5209581,-5209581,true
session_20260623_163953_final,3392,340296,2026-06-23T16:45:33.774964,Pas tensometryczny,-5208909,-5208909,true
session_20260623_163953_final,3393,340402,2026-06-23T16:45:33.881784,Pas tensometryczny,-5207207,-5207207,true
session_20260623_163953_final,3394,340476,2026-06-23T16:45:33.955682,Pas tensometryczny,-5204936,-5204936,true
session_20260623_163953_final,3395,340611,2026-06-23T16:45:34.089957,Pas tensometryczny,-5202997,-5202997,true
session_20260623_163953_final,3396,340701,2026-06-23T16:45:34.180119,Pas tensometryczny,-5201528,-5201528,true
session_20260623_163953_final,3397,340790,2026-06-23T16:45:34.269693,Pas tensometryczny,-5200342,-5200342,true
session_20260623_163953_final,3398,340881,2026-06-23T16:45:34.360716,Pas tensometryczny,-5199425,-5199425,true
session_20260623_163953_final,3399,341022,2026-06-23T16:45:34.501318,Pas tensometryczny,-5198527,-5198527,true
session_20260623_163953_final,3400,341105,2026-06-23T16:45:34.584075,Pas tensometryczny,-5197677,-5197677,true
session_20260623_163953_final,3401,341197,2026-06-23T16:45:34.675918,Pas tensometryczny,-5196921,-5196921,true
session_20260623_163953_final,3402,341289,2026-06-23T16:45:34.767889,Pas tensometryczny,-5196336,-5196336,true
session_20260623_163953_final,3403,341423,2026-06-23T16:45:34.902133,Pas tensometryczny,-5195986,-5195986,true
session_20260623_163953_final,3404,341510,2026-06-23T16:45:34.988981,Pas tensometryczny,-5195756,-5195756,true
session_20260623_163953_final,3405,341602,2026-06-23T16:45:35.081716,Pas tensometryczny,-5195573,-5195573,true
session_20260623_163953_final,3406,341699,2026-06-23T16:45:35.178535,Pas tensometryczny,-5196158,-5196158,true
session_20260623_163953_final,3407,341780,2026-06-23T16:45:35.259486,Pas tensometryczny,-5199019,-5199019,true
session_20260623_163953_final,3408,341916,2026-06-23T16:45:35.395037,Pas tensometryczny,-5200627,-5200627,true
session_20260623_163953_final,3409,342007,2026-06-23T16:45:35.486632,Pas tensometryczny,-5202053,-5202053,true
session_20260623_163953_final,3410,342100,2026-06-23T16:45:35.579179,Pas tensometryczny,-5202954,-5202954,true
session_20260623_163953_final,3411,342187,2026-06-23T16:45:35.665881,Pas tensometryczny,-5203533,-5203533,true
session_20260623_163953_final,3412,342327,2026-06-23T16:45:35.806737,Pas tensometryczny,-5204290,-5204290,true
session_20260623_163953_final,3413,342414,2026-06-23T16:45:35.893080,Pas tensometryczny,-5205072,-5205072,true
session_20260623_163953_final,3414,342501,2026-06-23T16:45:35.980048,Pas tensometryczny,-5205909,-5205909,true
session_20260623_163953_final,3415,342598,2026-06-23T16:45:36.077529,Pas tensometryczny,-5206703,-5206703,true
session_20260623_163953_final,3416,342681,2026-06-23T16:45:36.160247,Pas tensometryczny,-5207489,-5207489,true
session_20260623_163953_final,3417,342824,2026-06-23T16:45:36.303380,Pas tensometryczny,-5208016,-5208016,true
session_20260623_163953_final,3418,342907,2026-06-23T16:45:36.385827,Pas tensometryczny,-5208332,-5208332,true
session_20260623_163953_final,3419,343051,2026-06-23T16:45:36.530233,Pas tensometryczny,-5208630,-5208630,true
session_20260623_163953_final,3420,343088,2026-06-23T16:45:36.567394,Pas tensometryczny,-5208821,-5208821,true
session_20260623_163953_final,3421,343221,2026-06-23T16:45:36.700119,Pas tensometryczny,-5208903,-5208903,true
session_20260623_163953_final,3422,343322,2026-06-23T16:45:36.801208,Pas tensometryczny,-5208969,-5208969,true
session_20260623_163953_final,3423,343403,2026-06-23T16:45:36.882804,Pas tensometryczny,-5208657,-5208657,true
session_20260623_163953_final,3424,343491,2026-06-23T16:45:36.970010,Pas tensometryczny,-5207034,-5207034,true
session_20260623_163953_final,3425,343634,2026-06-23T16:45:37.113803,Pas tensometryczny,-5204955,-5204955,true
session_20260623_163953_final,3426,343715,2026-06-23T16:45:37.193829,Pas tensometryczny,-5203045,-5203045,true
session_20260623_163953_final,3427,343808,2026-06-23T16:45:37.287344,Pas tensometryczny,-5201534,-5201534,true
session_20260623_163953_final,3428,343909,2026-06-23T16:45:37.388367,Pas tensometryczny,-5200444,-5200444,true
session_20260623_163953_final,3429,344048,2026-06-23T16:45:37.526827,Pas tensometryczny,-5199578,-5199578,true
session_20260623_163953_final,3430,344120,2026-06-23T16:45:37.599636,Pas tensometryczny,-5198878,-5198878,true
session_20260623_163953_final,3431,344211,2026-06-23T16:45:37.690807,Pas tensometryczny,-5198144,-5198144,true
session_20260623_163953_final,3432,344316,2026-06-23T16:45:37.794922,Pas tensometryczny,-5197437,-5197437,true
session_20260623_163953_final,3433,344391,2026-06-23T16:45:37.869985,Pas tensometryczny,-5196146,-5196146,true
session_20260623_163953_final,3434,344527,2026-06-23T16:45:38.006209,Pas tensometryczny,-5195831,-5195831,true
session_20260623_163953_final,3435,344626,2026-06-23T16:45:38.105489,Pas tensometryczny,-5195901,-5195901,true
session_20260623_163953_final,3436,344753,2026-06-23T16:45:38.232150,Pas tensometryczny,-5196108,-5196108,true
session_20260623_163953_final,3437,344845,2026-06-23T16:45:38.324337,Pas tensometryczny,-5196335,-5196335,true
session_20260623_163953_final,3438,344905,2026-06-23T16:45:38.384781,Pas tensometryczny,-5197405,-5197405,true
session_20260623_163953_final,3439,345021,2026-06-23T16:45:38.500758,Pas tensometryczny,-5198958,-5198958,true
session_20260623_163953_final,3440,345117,2026-06-23T16:45:38.596459,Pas tensometryczny,-5200503,-5200503,true
session_20260623_163953_final,3441,345203,2026-06-23T16:45:38.682330,Pas tensometryczny,-5201951,-5201951,true
session_20260623_163953_final,3442,345290,2026-06-23T16:45:38.769526,Pas tensometryczny,-5203312,-5203312,true
session_20260623_163953_final,3443,345425,2026-06-23T16:45:38.904595,Pas tensometryczny,-5204167,-5204167,true
session_20260623_163953_final,3444,345516,2026-06-23T16:45:38.995349,Pas tensometryczny,-5204963,-5204963,true
session_20260623_163953_final,3445,345619,2026-06-23T16:45:39.098167,Pas tensometryczny,-5205923,-5205923,true
session_20260623_163953_final,3446,345702,2026-06-23T16:45:39.181463,Pas tensometryczny,-5206976,-5206976,true
session_20260623_163953_final,3447,345832,2026-06-23T16:45:39.311202,Pas tensometryczny,-5207583,-5207583,true
session_20260623_163953_final,3448,345920,2026-06-23T16:45:39.398898,Pas tensometryczny,-5208075,-5208075,true
session_20260623_163953_final,3449,346011,2026-06-23T16:45:39.490531,Pas tensometryczny,-5208752,-5208752,true
session_20260623_163953_final,3450,346103,2026-06-23T16:45:39.582453,Pas tensometryczny,-5209216,-5209216,true
session_20260623_163953_final,3451,346191,2026-06-23T16:45:39.669847,Pas tensometryczny,-5209352,-5209352,true
session_20260623_163953_final,3452,346326,2026-06-23T16:45:39.804875,Pas tensometryczny,-5209400,-5209400,true
session_20260623_163953_final,3453,346417,2026-06-23T16:45:39.896510,Pas tensometryczny,-5209115,-5209115,true
session_20260623_163953_final,3454,346506,2026-06-23T16:45:39.985223,Pas tensometryczny,-5208300,-5208300,true
session_20260623_163953_final,3455,346597,2026-06-23T16:45:40.076465,Pas tensometryczny,-5207045,-5207045,true
session_20260623_163953_final,3456,346777,2026-06-23T16:45:40.256397,Pas tensometryczny,-5205539,-5205539,true
session_20260623_163953_final,3457,346821,2026-06-23T16:45:40.300777,Pas tensometryczny,-5203663,-5203663,true
session_20260623_163953_final,3458,346910,2026-06-23T16:45:40.389473,Pas tensometryczny,-5202028,-5202028,true
session_20260623_163953_final,3459,347001,2026-06-23T16:45:40.480649,Pas tensometryczny,-5200724,-5200724,true
session_20260623_163953_final,3460,347136,2026-06-23T16:45:40.615408,Pas tensometryczny,-5198812,-5198812,true
session_20260623_163953_final,3461,347225,2026-06-23T16:45:40.704680,Pas tensometryczny,-5198057,-5198057,true
session_20260623_163953_final,3462,347318,2026-06-23T16:45:40.797287,Pas tensometryczny,-5197414,-5197414,true
session_20260623_163953_final,3463,347406,2026-06-23T16:45:40.885551,Pas tensometryczny,-5196659,-5196659,true
session_20260623_163953_final,3464,347495,2026-06-23T16:45:40.974506,Pas tensometryczny,-5195944,-5195944,true
session_20260623_163953_final,3465,347630,2026-06-23T16:45:41.109243,Pas tensometryczny,-5195386,-5195386,true
session_20260623_163953_final,3466,347723,2026-06-23T16:45:41.202550,Pas tensometryczny,-5195320,-5195320,true
session_20260623_163953_final,3467,347810,2026-06-23T16:45:41.289771,Pas tensometryczny,-5195946,-5195946,true
session_20260623_163953_final,3468,347901,2026-06-23T16:45:41.380066,Pas tensometryczny,-5197404,-5197404,true
session_20260623_163953_final,3469,348035,2026-06-23T16:45:41.514302,Pas tensometryczny,-5199104,-5199104,true
session_20260623_163953_final,3470,348130,2026-06-23T16:45:41.608833,Pas tensometryczny,-5200480,-5200480,true
session_20260623_163953_final,3471,348282,2026-06-23T16:45:41.761392,Pas tensometryczny,-5201498,-5201498,true
session_20260623_163953_final,3472,348308,2026-06-23T16:45:41.787023,Pas tensometryczny,-5202517,-5202517,true
session_20260623_163953_final,3473,348399,2026-06-23T16:45:41.877890,Pas tensometryczny,-5203662,-5203662,true
session_20260623_163953_final,3474,348541,2026-06-23T16:45:42.020383,Pas tensometryczny,-5204921,-5204921,true
session_20260623_163953_final,3475,348621,2026-06-23T16:45:42.100391,Pas tensometryczny,-5206199,-5206199,true
session_20260623_163953_final,3476,348715,2026-06-23T16:45:42.194735,Pas tensometryczny,-5207280,-5207280,true
session_20260623_163953_final,3477,348815,2026-06-23T16:45:42.294737,Pas tensometryczny,-5207966,-5207966,true
session_20260623_163953_final,3478,348938,2026-06-23T16:45:42.417022,Pas tensometryczny,-5208445,-5208445,true
session_20260623_163953_final,3479,349047,2026-06-23T16:45:42.526464,Pas tensometryczny,-5208874,-5208874,true
session_20260623_163953_final,3480,349117,2026-06-23T16:45:42.596291,Pas tensometryczny,-5209149,-5209149,true
session_20260623_163953_final,3481,349210,2026-06-23T16:45:42.688926,Pas tensometryczny,-5209633,-5209633,true
session_20260623_163953_final,3482,349341,2026-06-23T16:45:42.820446,Pas tensometryczny,-5209696,-5209696,true
session_20260623_163953_final,3483,349434,2026-06-23T16:45:42.913561,Pas tensometryczny,-5208846,-5208846,true
session_20260623_163953_final,3484,349521,2026-06-23T16:45:43.000360,Pas tensometryczny,-5207006,-5207006,true
session_20260623_163953_final,3485,349612,2026-06-23T16:45:43.090919,Pas tensometryczny,-5202429,-5202429,true
session_20260623_163953_final,3486,349701,2026-06-23T16:45:43.180110,Pas tensometryczny,-5200822,-5200822,true
session_20260623_163953_final,3487,349837,2026-06-23T16:45:43.316592,Pas tensometryczny,-5199867,-5199867,true
session_20260623_163953_final,3488,349970,2026-06-23T16:45:43.449127,Pas tensometryczny,-5198995,-5198995,true
session_20260623_163953_final,3489,350018,2026-06-23T16:45:43.497751,Pas tensometryczny,-5198109,-5198109,true
session_20260623_163953_final,3490,350106,2026-06-23T16:45:43.584834,Pas tensometryczny,-5197201,-5197201,true
session_20260623_163953_final,3491,350241,2026-06-23T16:45:43.720770,Pas tensometryczny,-5196418,-5196418,true
session_20260623_163953_final,3492,350335,2026-06-23T16:45:43.814203,Pas tensometryczny,-5195714,-5195714,true
session_20260623_163953_final,3493,350420,2026-06-23T16:45:43.898900,Pas tensometryczny,-5195057,-5195057,true
session_20260623_163953_final,3494,350511,2026-06-23T16:45:43.990501,Pas tensometryczny,-5194848,-5194848,true
session_20260623_163953_final,3495,350602,2026-06-23T16:45:44.081044,Pas tensometryczny,-5195133,-5195133,true
session_20260623_163953_final,3496,350742,2026-06-23T16:45:44.221419,Pas tensometryczny,-5195879,-5195879,true
session_20260623_163953_final,3497,350827,2026-06-23T16:45:44.306698,Pas tensometryczny,-5197313,-5197313,true
session_20260623_163953_final,3498,350916,2026-06-23T16:45:44.395753,Pas tensometryczny,-5199045,-5199045,true
session_20260623_163953_final,3499,351006,2026-06-23T16:45:44.485059,Pas tensometryczny,-5200787,-5200787,true
session_20260623_163953_final,3500,351142,2026-06-23T16:45:44.621760,Pas tensometryczny,-5202156,-5202156,true
session_20260623_163953_final,3501,351236,2026-06-23T16:45:44.715681,Pas tensometryczny,-5203124,-5203124,true
session_20260623_163953_final,3502,351321,2026-06-23T16:45:44.800206,Pas tensometryczny,-5204078,-5204078,true
session_20260623_163953_final,3503,351457,2026-06-23T16:45:44.936333,Pas tensometryczny,-5204657,-5204657,true
session_20260623_163953_final,3504,351548,2026-06-23T16:45:45.027143,Pas tensometryczny,-5205381,-5205381,true
session_20260623_163953_final,3505,351654,2026-06-23T16:45:45.132941,Pas tensometryczny,-5206370,-5206370,true
session_20260623_163953_final,3506,351726,2026-06-23T16:45:45.205116,Pas tensometryczny,-5207180,-5207180,true
session_20260623_163953_final,3507,351815,2026-06-23T16:45:45.293836,Pas tensometryczny,-5207876,-5207876,true
session_20260623_163953_final,3508,351915,2026-06-23T16:45:45.394108,Pas tensometryczny,-5208550,-5208550,true
session_20260623_163953_final,3509,352056,2026-06-23T16:45:45.535098,Pas tensometryczny,-5209008,-5209008,true
session_20260623_163953_final,3510,352132,2026-06-23T16:45:45.611539,Pas tensometryczny,-5208994,-5208994,true
session_20260623_163953_final,3511,352222,2026-06-23T16:45:45.701483,Pas tensometryczny,-5208560,-5208560,true
session_20260623_163953_final,3512,352311,2026-06-23T16:45:45.790447,Pas tensometryczny,-5205775,-5205775,true
session_20260623_163953_final,3513,352445,2026-06-23T16:45:45.924645,Pas tensometryczny,-5204107,-5204107,true
session_20260623_163953_final,3514,352541,2026-06-23T16:45:46.019979,Pas tensometryczny,-5202708,-5202708,true
session_20260623_163953_final,3515,352625,2026-06-23T16:45:46.104049,Pas tensometryczny,-5201427,-5201427,true
session_20260623_163953_final,3516,352718,2026-06-23T16:45:46.197194,Pas tensometryczny,-5200239,-5200239,true
session_20260623_163953_final,3517,352808,2026-06-23T16:45:46.287149,Pas tensometryczny,-5199127,-5199127,true
session_20260623_163953_final,3518,352958,2026-06-23T16:45:46.437087,Pas tensometryczny,-5198152,-5198152,true
session_20260623_163953_final,3519,353030,2026-06-23T16:45:46.509083,Pas tensometryczny,-5197478,-5197478,true
session_20260623_163953_final,3520,353124,2026-06-23T16:45:46.602931,Pas tensometryczny,-5197071,-5197071,true
session_20260623_163953_final,3521,353212,2026-06-23T16:45:46.691294,Pas tensometryczny,-5196725,-5196725,true
session_20260623_163953_final,3522,353345,2026-06-23T16:45:46.824725,Pas tensometryczny,-5196020,-5196020,true
session_20260623_163953_final,3523,353437,2026-06-23T16:45:46.916225,Pas tensometryczny,-5195411,-5195411,true
session_20260623_163953_final,3524,353543,2026-06-23T16:45:47.022341,Pas tensometryczny,-5194980,-5194980,true
session_20260623_163953_final,3525,353616,2026-06-23T16:45:47.095068,Pas tensometryczny,-5194803,-5194803,true
session_20260623_163953_final,3526,353751,2026-06-23T16:45:47.230011,Pas tensometryczny,-5195220,-5195220,true
session_20260623_163953_final,3527,353842,2026-06-23T16:45:47.321266,Pas tensometryczny,-5196065,-5196065,true
session_20260623_163953_final,3528,353930,2026-06-23T16:45:47.409497,Pas tensometryczny,-5197116,-5197116,true
session_20260623_163953_final,3529,354022,2026-06-23T16:45:47.501560,Pas tensometryczny,-5198315,-5198315,true
session_20260623_163953_final,3530,354116,2026-06-23T16:45:47.595696,Pas tensometryczny,-5199908,-5199908,true
session_20260623_163953_final,3531,354255,2026-06-23T16:45:47.734143,Pas tensometryczny,-5201408,-5201408,true
session_20260623_163953_final,3532,354350,2026-06-23T16:45:47.829020,Pas tensometryczny,-5202529,-5202529,true
session_20260623_163953_final,3533,354432,2026-06-23T16:45:47.911177,Pas tensometryczny,-5203583,-5203583,true
session_20260623_163953_final,3534,354517,2026-06-23T16:45:47.996186,Pas tensometryczny,-5204466,-5204466,true
session_20260623_163953_final,3535,354650,2026-06-23T16:45:48.129673,Pas tensometryczny,-5205329,-5205329,true
session_20260623_163953_final,3536,354741,2026-06-23T16:45:48.220631,Pas tensometryczny,-5205877,-5205877,true
session_20260623_163953_final,3537,354833,2026-06-23T16:45:48.312160,Pas tensometryczny,-5206393,-5206393,true
session_20260623_163953_final,3538,354924,2026-06-23T16:45:48.403156,Pas tensometryczny,-5207049,-5207049,true
session_20260623_163953_final,3539,355011,2026-06-23T16:45:48.490559,Pas tensometryczny,-5207812,-5207812,true
session_20260623_163953_final,3540,355158,2026-06-23T16:45:48.636925,Pas tensometryczny,-5208294,-5208294,true
session_20260623_163953_final,3541,355239,2026-06-23T16:45:48.718413,Pas tensometryczny,-5208377,-5208377,true
session_20260623_163953_final,3542,355327,2026-06-23T16:45:48.806222,Pas tensometryczny,-5207690,-5207690,true
session_20260623_163953_final,3543,355431,2026-06-23T16:45:48.909827,Pas tensometryczny,-5206070,-5206070,true
session_20260623_163953_final,3544,355553,2026-06-23T16:45:49.032566,Pas tensometryczny,-5203770,-5203770,true
session_20260623_163953_final,3545,355646,2026-06-23T16:45:49.125268,Pas tensometryczny,-5201695,-5201695,true
session_20260623_163953_final,3546,355743,2026-06-23T16:45:49.222184,Pas tensometryczny,-5200387,-5200387,true
session_20260623_163953_final,3547,355821,2026-06-23T16:45:49.299919,Pas tensometryczny,-5199557,-5199557,true
session_20260623_163953_final,3548,355961,2026-06-23T16:45:49.439819,Pas tensometryczny,-5198521,-5198521,true
session_20260623_163953_final,3549,356053,2026-06-23T16:45:49.532415,Pas tensometryczny,-5197542,-5197542,true
session_20260623_163953_final,3550,356141,2026-06-23T16:45:49.619868,Pas tensometryczny,-5196751,-5196751,true
session_20260623_163953_final,3551,356233,2026-06-23T16:45:49.712778,Pas tensometryczny,-5196082,-5196082,true
session_20260623_163953_final,3552,356320,2026-06-23T16:45:49.799048,Pas tensometryczny,-5195597,-5195597,true
session_20260623_163953_final,3553,356456,2026-06-23T16:45:49.935203,Pas tensometryczny,-5195246,-5195246,true
session_20260623_163953_final,3554,356540,2026-06-23T16:45:50.019810,Pas tensometryczny,-5194941,-5194941,true
session_20260623_163953_final,3555,356630,2026-06-23T16:45:50.109797,Pas tensometryczny,-5194406,-5194406,true
session_20260623_163953_final,3556,356738,2026-06-23T16:45:50.217299,Pas tensometryczny,-5194210,-5194210,true
session_20260623_163953_final,3557,356855,2026-06-23T16:45:50.334454,Pas tensometryczny,-5194184,-5194184,true
session_20260623_163953_final,3558,356945,2026-06-23T16:45:50.424134,Pas tensometryczny,-5194325,-5194325,true
session_20260623_163953_final,3559,357035,2026-06-23T16:45:50.514338,Pas tensometryczny,-5195483,-5195483,true
session_20260623_163953_final,3560,357125,2026-06-23T16:45:50.604118,Pas tensometryczny,-5197518,-5197518,true
session_20260623_163953_final,3561,357262,2026-06-23T16:45:50.741442,Pas tensometryczny,-5199446,-5199446,true
session_20260623_163953_final,3562,357359,2026-06-23T16:45:50.838378,Pas tensometryczny,-5200737,-5200737,true
session_20260623_163953_final,3563,357441,2026-06-23T16:45:50.920397,Pas tensometryczny,-5201742,-5201742,true
session_20260623_163953_final,3564,357531,2026-06-23T16:45:51.010481,Pas tensometryczny,-5203459,-5203459,true
session_20260623_163953_final,3565,357639,2026-06-23T16:45:51.118469,Pas tensometryczny,-5204404,-5204404,true
session_20260623_163953_final,3566,357756,2026-06-23T16:45:51.235193,Pas tensometryczny,-5205402,-5205402,true
session_20260623_163953_final,3567,357846,2026-06-23T16:45:51.324902,Pas tensometryczny,-5206249,-5206249,true
session_20260623_163953_final,3568,357936,2026-06-23T16:45:51.415257,Pas tensometryczny,-5206924,-5206924,true
session_20260623_163953_final,3569,358041,2026-06-23T16:45:51.520203,Pas tensometryczny,-5207437,-5207437,true
session_20260623_163953_final,3570,358175,2026-06-23T16:45:51.654163,Pas tensometryczny,-5207784,-5207784,true
session_20260623_163953_final,3571,358296,2026-06-23T16:45:51.775034,Pas tensometryczny,-5208236,-5208236,true
session_20260623_163953_final,3572,358358,2026-06-23T16:45:51.837785,Pas tensometryczny,-5208413,-5208413,true
session_20260623_163953_final,3573,358433,2026-06-23T16:45:51.912352,Pas tensometryczny,-5208041,-5208041,true
session_20260623_163953_final,3574,358520,2026-06-23T16:45:51.999262,Pas tensometryczny,-5206074,-5206074,true
session_20260623_163953_final,3575,358661,2026-06-23T16:45:52.140809,Pas tensometryczny,-5203269,-5203269,true
session_20260623_163953_final,3576,358746,2026-06-23T16:45:52.225066,Pas tensometryczny,-5201191,-5201191,true
session_20260623_163953_final,3577,358837,2026-06-23T16:45:52.315902,Pas tensometryczny,-5199750,-5199750,true
session_20260623_163953_final,3578,358930,2026-06-23T16:45:52.409216,Pas tensometryczny,-5198651,-5198651,true
session_20260623_163953_final,3579,359107,2026-06-23T16:45:52.586534,Pas tensometryczny,-5197705,-5197705,true
session_20260623_163953_final,3580,359162,2026-06-23T16:45:52.641117,Pas tensometryczny,-5197187,-5197187,true
session_20260623_163953_final,3581,359241,2026-06-23T16:45:52.720087,Pas tensometryczny,-5196670,-5196670,true
session_20260623_163953_final,3582,359338,2026-06-23T16:45:52.817544,Pas tensometryczny,-5195860,-5195860,true
session_20260623_163953_final,3583,359465,2026-06-23T16:45:52.944770,Pas tensometryczny,-5195133,-5195133,true
session_20260623_163953_final,3584,359556,2026-06-23T16:45:53.035797,Pas tensometryczny,-5194621,-5194621,true
session_20260623_163953_final,3585,359649,2026-06-23T16:45:53.128279,Pas tensometryczny,-5194258,-5194258,true
session_20260623_163953_final,3586,359737,2026-06-23T16:45:53.216093,Pas tensometryczny,-5194540,-5194540,true
session_20260623_163953_final,3587,359827,2026-06-23T16:45:53.306279,Pas tensometryczny,-5195831,-5195831,true
session_20260623_163953_final,3588,360007,2026-06-23T16:45:53.486048,Pas tensometryczny,-5197526,-5197526,true
session_20260623_163953_final,3589,360050,2026-06-23T16:45:53.529105,Pas tensometryczny,-5199063,-5199063,true
session_20260623_163953_final,3590,360143,2026-06-23T16:45:53.622143,Pas tensometryczny,-5200601,-5200601,true
session_20260623_163953_final,3591,360232,2026-06-23T16:45:53.710933,Pas tensometryczny,-5202791,-5202791,true
session_20260623_163953_final,3592,360373,2026-06-23T16:45:53.852296,Pas tensometryczny,-5203745,-5203745,true
session_20260623_163953_final,3593,360456,2026-06-23T16:45:53.935118,Pas tensometryczny,-5204732,-5204732,true
session_20260623_163953_final,3594,360551,2026-06-23T16:45:54.030204,Pas tensometryczny,-5205487,-5205487,true
session_20260623_163953_final,3595,360638,2026-06-23T16:45:54.117279,Pas tensometryczny,-5206021,-5206021,true
session_20260623_163953_final,3596,360726,2026-06-23T16:45:54.205186,Pas tensometryczny,-5206400,-5206400,true
session_20260623_163953_final,3597,360861,2026-06-23T16:45:54.340783,Pas tensometryczny,-5206883,-5206883,true
session_20260623_163953_final,3598,360953,2026-06-23T16:45:54.432386,Pas tensometryczny,-5207370,-5207370,true
session_20260623_163953_final,3599,361046,2026-06-23T16:45:54.525198,Pas tensometryczny,-5207665,-5207665,true
session_20260623_163953_final,3600,361136,2026-06-23T16:45:54.615281,Pas tensometryczny,-5208067,-5208067,true
session_20260623_163953_final,3601,361266,2026-06-23T16:45:54.745385,Pas tensometryczny,-5207609,-5207609,true
session_20260623_163953_final,3602,361357,2026-06-23T16:45:54.836430,Pas tensometryczny,-5205906,-5205906,true
session_20260623_163953_final,3603,361446,2026-06-23T16:45:54.924891,Pas tensometryczny,-5203975,-5203975,true
session_20260623_163953_final,3604,361552,2026-06-23T16:45:55.031149,Pas tensometryczny,-5202137,-5202137,true
session_20260623_163953_final,3605,361674,2026-06-23T16:45:55.152890,Pas tensometryczny,-5200676,-5200676,true
session_20260623_163953_final,3606,361764,2026-06-23T16:45:55.243533,Pas tensometryczny,-5199458,-5199458,true
session_20260623_163953_final,3607,361854,2026-06-23T16:45:55.333053,Pas tensometryczny,-5198465,-5198465,true
session_20260623_163953_final,3608,361941,2026-06-23T16:45:55.420148,Pas tensometryczny,-5197850,-5197850,true
session_20260623_163953_final,3609,362034,2026-06-23T16:45:55.513317,Pas tensometryczny,-5197269,-5197269,true
session_20260623_163953_final,3610,362166,2026-06-23T16:45:55.645459,Pas tensometryczny,-5196584,-5196584,true
session_20260623_163953_final,3611,362262,2026-06-23T16:45:55.741556,Pas tensometryczny,-5196042,-5196042,true
session_20260623_163953_final,3612,362354,2026-06-23T16:45:55.833636,Pas tensometryczny,-5195527,-5195527,true
session_20260623_163953_final,3613,362436,2026-06-23T16:45:55.915571,Pas tensometryczny,-5195046,-5195046,true
session_20260623_163953_final,3614,362616,2026-06-23T16:45:56.095722,Pas tensometryczny,-5195064,-5195064,true
session_20260623_163953_final,3615,362660,2026-06-23T16:45:56.139419,Pas tensometryczny,-5195394,-5195394,true
session_20260623_163953_final,3616,362751,2026-06-23T16:45:56.229960,Pas tensometryczny,-5195396,-5195396,true
session_20260623_163953_final,3617,362840,2026-06-23T16:45:56.319090,Pas tensometryczny,-5195046,-5195046,true
session_20260623_163953_final,3618,362939,2026-06-23T16:45:56.417909,Pas tensometryczny,-5195869,-5195869,true
session_20260623_163953_final,3619,363070,2026-06-23T16:45:56.549596,Pas tensometryczny,-5197871,-5197871,true
session_20260623_163953_final,3620,363156,2026-06-23T16:45:56.635350,Pas tensometryczny,-5200116,-5200116,true
session_20260623_163953_final,3621,363246,2026-06-23T16:45:56.725199,Pas tensometryczny,-5201986,-5201986,true
session_20260623_163953_final,3622,363340,2026-06-23T16:45:56.819372,Pas tensometryczny,-5203100,-5203100,true
session_20260623_163953_final,3623,363475,2026-06-23T16:45:56.954384,Pas tensometryczny,-5204114,-5204114,true
session_20260623_163953_final,3624,363560,2026-06-23T16:45:57.039482,Pas tensometryczny,-5205224,-5205224,true
session_20260623_163953_final,3625,363656,2026-06-23T16:45:57.134883,Pas tensometryczny,-5206025,-5206025,true
session_20260623_163953_final,3626,363741,2026-06-23T16:45:57.220585,Pas tensometryczny,-5206615,-5206615,true
session_20260623_163953_final,3627,363876,2026-06-23T16:45:57.354899,Pas tensometryczny,-5207194,-5207194,true
session_20260623_163953_final,3628,363968,2026-06-23T16:45:57.447093,Pas tensometryczny,-5207782,-5207782,true
session_20260623_163953_final,3629,364111,2026-06-23T16:45:57.590796,Pas tensometryczny,-5208040,-5208040,true
session_20260623_163953_final,3630,364149,2026-06-23T16:45:57.628507,Pas tensometryczny,-5208189,-5208189,true
session_20260623_163953_final,3631,364236,2026-06-23T16:45:57.715473,Pas tensometryczny,-5208356,-5208356,true
session_20260623_163953_final,3632,364371,2026-06-23T16:45:57.850582,Pas tensometryczny,-5208131,-5208131,true
session_20260623_163953_final,3633,364473,2026-06-23T16:45:57.952449,Pas tensometryczny,-5207261,-5207261,true
session_20260623_163953_final,3634,364553,2026-06-23T16:45:58.032262,Pas tensometryczny,-5205858,-5205858,true
session_20260623_163953_final,3635,364641,2026-06-23T16:45:58.120345,Pas tensometryczny,-5204009,-5204009,true
session_20260623_163953_final,3636,364778,2026-06-23T16:45:58.257508,Pas tensometryczny,-5202145,-5202145,true
session_20260623_163953_final,3637,364918,2026-06-23T16:45:58.396954,Pas tensometryczny,-5200790,-5200790,true
session_20260623_163953_final,3638,364958,2026-06-23T16:45:58.437684,Pas tensometryczny,-5199686,-5199686,true
session_20260623_163953_final,3639,365046,2026-06-23T16:45:58.524876,Pas tensometryczny,-5198592,-5198592,true
session_20260623_163953_final,3640,365182,2026-06-23T16:45:58.660825,Pas tensometryczny,-5197696,-5197696,true
session_20260623_163953_final,3641,365277,2026-06-23T16:45:58.755868,Pas tensometryczny,-5197248,-5197248,true
session_20260623_163953_final,3642,365367,2026-06-23T16:45:58.846076,Pas tensometryczny,-5195619,-5195619,true
session_20260623_163953_final,3643,365465,2026-06-23T16:45:58.943928,Pas tensometryczny,-5194875,-5194875,true
session_20260623_163953_final,3644,365549,2026-06-23T16:45:59.028427,Pas tensometryczny,-5194459,-5194459,true
session_20260623_163953_final,3645,365676,2026-06-23T16:45:59.154983,Pas tensometryczny,-5194646,-5194646,true
session_20260623_163953_final,3646,365767,2026-06-23T16:45:59.246458,Pas tensometryczny,-5195883,-5195883,true
session_20260623_163953_final,3647,365857,2026-06-23T16:45:59.336431,Pas tensometryczny,-5198091,-5198091,true
session_20260623_163953_final,3648,365951,2026-06-23T16:45:59.430205,Pas tensometryczny,-5199887,-5199887,true
session_20260623_163953_final,3649,366126,2026-06-23T16:45:59.605503,Pas tensometryczny,-5200824,-5200824,true
session_20260623_163953_final,3650,366230,2026-06-23T16:45:59.708917,Pas tensometryczny,-5201714,-5201714,true
session_20260623_163953_final,3651,366269,2026-06-23T16:45:59.748312,Pas tensometryczny,-5202545,-5202545,true
session_20260623_163953_final,3652,366358,2026-06-23T16:45:59.837443,Pas tensometryczny,-5203391,-5203391,true
session_20260623_163953_final,3653,366440,2026-06-23T16:45:59.919058,Pas tensometryczny,-5204337,-5204337,true
session_20260623_163953_final,3654,366576,2026-06-23T16:46:00.055658,Pas tensometryczny,-5205317,-5205317,true
session_20260623_163953_final,3655,366669,2026-06-23T16:46:00.147965,Pas tensometryczny,-5205730,-5205730,true
session_20260623_163953_final,3656,366755,2026-06-23T16:46:00.234082,Pas tensometryczny,-5206127,-5206127,true
session_20260623_163953_final,3657,366891,2026-06-23T16:46:00.370198,Pas tensometryczny,-5206224,-5206224,true
session_20260623_163953_final,3658,366981,2026-06-23T16:46:00.460391,Pas tensometryczny,-5205969,-5205969,true
session_20260623_163953_final,3659,367072,2026-06-23T16:46:00.551241,Pas tensometryczny,-5205805,-5205805,true
session_20260623_163953_final,3660,367162,2026-06-23T16:46:00.641566,Pas tensometryczny,-5205861,-5205861,true
session_20260623_163953_final,3661,367297,2026-06-23T16:46:00.776026,Pas tensometryczny,-5206391,-5206391,true
session_20260623_163953_final,3662,367389,2026-06-23T16:46:00.868200,Pas tensometryczny,-5206446,-5206446,true
session_20260623_163953_final,3663,367476,2026-06-23T16:46:00.955365,Pas tensometryczny,-5206139,-5206139,true
session_20260623_163953_final,3664,367566,2026-06-23T16:46:01.045428,Pas tensometryczny,-5206050,-5206050,true
session_20260623_163953_final,3665,367669,2026-06-23T16:46:01.148665,Pas tensometryczny,-5205394,-5205394,true
session_20260623_163953_final,3666,367746,2026-06-23T16:46:01.225046,Pas tensometryczny,-5203447,-5203447,true
session_20260623_163953_final,3667,367883,2026-06-23T16:46:01.362175,Pas tensometryczny,-5201442,-5201442,true
session_20260623_163953_final,3668,367972,2026-06-23T16:46:01.450822,Pas tensometryczny,-5199773,-5199773,true
session_20260623_163953_final,3669,368074,2026-06-23T16:46:01.552873,Pas tensometryczny,-5197255,-5197255,true
session_20260623_163953_final,3670,368154,2026-06-23T16:46:01.633426,Pas tensometryczny,-5196254,-5196254,true
session_20260623_163953_final,3671,368292,2026-06-23T16:46:01.770924,Pas tensometryczny,-5195275,-5195275,true
session_20260623_163953_final,3672,368376,2026-06-23T16:46:01.854923,Pas tensometryczny,-5194578,-5194578,true
session_20260623_163953_final,3673,368470,2026-06-23T16:46:01.948854,Pas tensometryczny,-5194341,-5194341,true
session_20260623_163953_final,3674,368603,2026-06-23T16:46:02.081979,Pas tensometryczny,-5194148,-5194148,true
session_20260623_163953_final,3675,368656,2026-06-23T16:46:02.135381,Pas tensometryczny,-5194532,-5194532,true
session_20260623_163953_final,3676,368788,2026-06-23T16:46:02.267764,Pas tensometryczny,-5196089,-5196089,true
session_20260623_163953_final,3677,368874,2026-06-23T16:46:02.353009,Pas tensometryczny,-5197894,-5197894,true
session_20260623_163953_final,3678,368960,2026-06-23T16:46:02.438828,Pas tensometryczny,-5199525,-5199525,true
session_20260623_163953_final,3679,369051,2026-06-23T16:46:02.530215,Pas tensometryczny,-5200739,-5200739,true
session_20260623_163953_final,3680,369186,2026-06-23T16:46:02.665349,Pas tensometryczny,-5201769,-5201769,true
session_20260623_163953_final,3681,369283,2026-06-23T16:46:02.762063,Pas tensometryczny,-5202655,-5202655,true
session_20260623_163953_final,3682,369366,2026-06-23T16:46:02.845015,Pas tensometryczny,-5203294,-5203294,true
session_20260623_163953_final,3683,369457,2026-06-23T16:46:02.936070,Pas tensometryczny,-5204155,-5204155,true
session_20260623_163953_final,3684,369611,2026-06-23T16:46:03.090066,Pas tensometryczny,-5204972,-5204972,true
session_20260623_163953_final,3685,369680,2026-06-23T16:46:03.159153,Pas tensometryczny,-5205837,-5205837,true
session_20260623_163953_final,3686,369775,2026-06-23T16:46:03.253960,Pas tensometryczny,-5206658,-5206658,true
session_20260623_163953_final,3687,369860,2026-06-23T16:46:03.339393,Pas tensometryczny,-5207376,-5207376,true
session_20260623_163953_final,3688,369952,2026-06-23T16:46:03.431030,Pas tensometryczny,-5207791,-5207791,true
session_20260623_163953_final,3689,370093,2026-06-23T16:46:03.572508,Pas tensometryczny,-5207834,-5207834,true
session_20260623_163953_final,3690,370175,2026-06-23T16:46:03.654402,Pas tensometryczny,-5207976,-5207976,true
session_20260623_163953_final,3691,370265,2026-06-23T16:46:03.744452,Pas tensometryczny,-5207983,-5207983,true
session_20260623_163953_final,3692,370355,2026-06-23T16:46:03.834790,Pas tensometryczny,-5207433,-5207433,true
session_20260623_163953_final,3693,370491,2026-06-23T16:46:03.970242,Pas tensometryczny,-5206415,-5206415,true
session_20260623_163953_final,3694,370592,2026-06-23T16:46:04.071691,Pas tensometryczny,-5204758,-5204758,true
session_20260623_163953_final,3695,370672,2026-06-23T16:46:04.151403,Pas tensometryczny,-5202544,-5202544,true
session_20260623_163953_final,3696,370765,2026-06-23T16:46:04.244481,Pas tensometryczny,-5199604,-5199604,true
session_20260623_163953_final,3697,370851,2026-06-23T16:46:04.329849,Pas tensometryczny,-5198670,-5198670,true
session_20260623_163953_final,3698,370986,2026-06-23T16:46:04.464893,Pas tensometryczny,-5197900,-5197900,true
session_20260623_163953_final,3699,371083,2026-06-23T16:46:04.561877,Pas tensometryczny,-5197418,-5197418,true
session_20260623_163953_final,3700,371166,2026-06-23T16:46:04.645698,Pas tensometryczny,-5196773,-5196773,true
session_20260623_163953_final,3701,371265,2026-06-23T16:46:04.744795,Pas tensometryczny,-5196060,-5196060,true
session_20260623_163953_final,3702,371396,2026-06-23T16:46:04.875393,Pas tensometryczny,-5195426,-5195426,true
session_20260623_163953_final,3703,371484,2026-06-23T16:46:04.963149,Pas tensometryczny,-5195188,-5195188,true
session_20260623_163953_final,3704,371581,2026-06-23T16:46:05.060514,Pas tensometryczny,-5195544,-5195544,true
session_20260623_163953_final,3705,371661,2026-06-23T16:46:05.139916,Pas tensometryczny,-5196204,-5196204,true
session_20260623_163953_final,3706,371806,2026-06-23T16:46:05.285734,Pas tensometryczny,-5197323,-5197323,true
session_20260623_163953_final,3707,371885,2026-06-23T16:46:05.363850,Pas tensometryczny,-5198683,-5198683,true
session_20260623_163953_final,3708,371977,2026-06-23T16:46:05.456092,Pas tensometryczny,-5200207,-5200207,true
session_20260623_163953_final,3709,372069,2026-06-23T16:46:05.548591,Pas tensometryczny,-5201365,-5201365,true
session_20260623_163953_final,3710,372155,2026-06-23T16:46:05.634610,Pas tensometryczny,-5202398,-5202398,true
session_20260623_163953_final,3711,372292,2026-06-23T16:46:05.771172,Pas tensometryczny,-5203589,-5203589,true
session_20260623_163953_final,3712,372392,2026-06-23T16:46:05.870904,Pas tensometryczny,-5204758,-5204758,true
session_20260623_163953_final,3713,372476,2026-06-23T16:46:05.955210,Pas tensometryczny,-5205752,-5205752,true
session_20260623_163953_final,3714,372571,2026-06-23T16:46:06.050029,Pas tensometryczny,-5206581,-5206581,true
session_20260623_163953_final,3715,372697,2026-06-23T16:46:06.176623,Pas tensometryczny,-5207320,-5207320,true
session_20260623_163953_final,3716,372785,2026-06-23T16:46:06.264039,Pas tensometryczny,-5208063,-5208063,true
session_20260623_163953_final,3717,372876,2026-06-23T16:46:06.355121,Pas tensometryczny,-5208649,-5208649,true
session_20260623_163953_final,3718,372967,2026-06-23T16:46:06.445839,Pas tensometryczny,-5209194,-5209194,true
session_20260623_163953_final,3719,373067,2026-06-23T16:46:06.546610,Pas tensometryczny,-5209564,-5209564,true
session_20260623_163953_final,3720,373190,2026-06-23T16:46:06.669254,Pas tensometryczny,-5209568,-5209568,true
session_20260623_163953_final,3721,373281,2026-06-23T16:46:06.760495,Pas tensometryczny,-5209385,-5209385,true
session_20260623_163953_final,3722,373372,2026-06-23T16:46:06.851457,Pas tensometryczny,-5208772,-5208772,true
session_20260623_163953_final,3723,373461,2026-06-23T16:46:06.940434,Pas tensometryczny,-5207465,-5207465,true
session_20260623_163953_final,3724,373596,2026-06-23T16:46:07.074958,Pas tensometryczny,-5205706,-5205706,true
session_20260623_163953_final,3725,373690,2026-06-23T16:46:07.169487,Pas tensometryczny,-5204192,-5204192,true
session_20260623_163953_final,3726,373775,2026-06-23T16:46:07.254629,Pas tensometryczny,-5202710,-5202710,true
session_20260623_163953_final,3727,373866,2026-06-23T16:46:07.344925,Pas tensometryczny,-5201275,-5201275,true
session_20260623_163953_final,3728,374001,2026-06-23T16:46:07.479926,Pas tensometryczny,-5200063,-5200063,true
session_20260623_163953_final,3729,374090,2026-06-23T16:46:07.569318,Pas tensometryczny,-5199159,-5199159,true
session_20260623_163953_final,3730,374181,2026-06-23T16:46:07.660009,Pas tensometryczny,-5198374,-5198374,true
session_20260623_163953_final,3731,374286,2026-06-23T16:46:07.765258,Pas tensometryczny,-5197872,-5197872,true
session_20260623_163953_final,3732,374361,2026-06-23T16:46:07.840029,Pas tensometryczny,-5197495,-5197495,true
session_20260623_163953_final,3733,374495,2026-06-23T16:46:07.974793,Pas tensometryczny,-5197106,-5197106,true
session_20260623_163953_final,3734,374585,2026-06-23T16:46:08.064171,Pas tensometryczny,-5196700,-5196700,true
session_20260623_163953_final,3735,374676,2026-06-23T16:46:08.155355,Pas tensometryczny,-5196843,-5196843,true
session_20260623_163953_final,3736,374775,2026-06-23T16:46:08.253867,Pas tensometryczny,-5197878,-5197878,true
session_20260623_163953_final,3737,374902,2026-06-23T16:46:08.381334,Pas tensometryczny,-5199527,-5199527,true
session_20260623_163953_final,3738,374992,2026-06-23T16:46:08.471475,Pas tensometryczny,-5201278,-5201278,true
session_20260623_163953_final,3739,375080,2026-06-23T16:46:08.559126,Pas tensometryczny,-5202802,-5202802,true
session_20260623_163953_final,3740,375171,2026-06-23T16:46:08.650763,Pas tensometryczny,-5204131,-5204131,true
session_20260623_163953_final,3741,375309,2026-06-23T16:46:08.788147,Pas tensometryczny,-5204872,-5204872,true
session_20260623_163953_final,3742,375395,2026-06-23T16:46:08.873952,Pas tensometryczny,-5205814,-5205814,true
session_20260623_163953_final,3743,375488,2026-06-23T16:46:08.967564,Pas tensometryczny,-5206936,-5206936,true
session_20260623_163953_final,3744,375577,2026-06-23T16:46:09.056562,Pas tensometryczny,-5207702,-5207702,true
session_20260623_163953_final,3745,375666,2026-06-23T16:46:09.145549,Pas tensometryczny,-5208302,-5208302,true
session_20260623_163953_final,3746,375799,2026-06-23T16:46:09.278600,Pas tensometryczny,-5208818,-5208818,true
session_20260623_163953_final,3747,375987,2026-06-23T16:46:09.466587,Pas tensometryczny,-5209269,-5209269,true
session_20260623_163953_final,3748,375988,2026-06-23T16:46:09.467250,Pas tensometryczny,-5209316,-5209316,true
session_20260623_163953_final,3749,376073,2026-06-23T16:46:09.552117,Pas tensometryczny,-5209261,-5209261,true
session_20260623_163953_final,3750,376210,2026-06-23T16:46:09.689276,Pas tensometryczny,-5208977,-5208977,true
session_20260623_163953_final,3751,376298,2026-06-23T16:46:09.777538,Pas tensometryczny,-5208100,-5208100,true
session_20260623_163953_final,3752,376386,2026-06-23T16:46:09.865317,Pas tensometryczny,-5206823,-5206823,true
session_20260623_163953_final,3753,376476,2026-06-23T16:46:09.955396,Pas tensometryczny,-5205112,-5205112,true
session_20260623_163953_final,3754,376565,2026-06-23T16:46:10.044613,Pas tensometryczny,-5203407,-5203407,true
session_20260623_163953_final,3755,376702,2026-06-23T16:46:10.180938,Pas tensometryczny,-5201708,-5201708,true
session_20260623_163953_final,3756,376836,2026-06-23T16:46:10.314861,Pas tensometryczny,-5200340,-5200340,true
session_20260623_163953_final,3757,376926,2026-06-23T16:46:10.405563,Pas tensometryczny,-5199266,-5199266,true
session_20260623_163953_final,3758,376974,2026-06-23T16:46:10.453025,Pas tensometryczny,-5198401,-5198401,true
session_20260623_163953_final,3759,377105,2026-06-23T16:46:10.584093,Pas tensometryczny,-5197729,-5197729,true
session_20260623_163953_final,3760,377203,2026-06-23T16:46:10.681872,Pas tensometryczny,-5197308,-5197308,true
session_20260623_163953_final,3761,377291,2026-06-23T16:46:10.770265,Pas tensometryczny,-5196935,-5196935,true
session_20260623_163953_final,3762,377385,2026-06-23T16:46:10.863914,Pas tensometryczny,-5196440,-5196440,true
session_20260623_163953_final,3763,377516,2026-06-23T16:46:10.995330,Pas tensometryczny,-5196078,-5196078,true
session_20260623_163953_final,3764,377606,2026-06-23T16:46:11.085126,Pas tensometryczny,-5196407,-5196407,true
session_20260623_163953_final,3765,377692,2026-06-23T16:46:11.170994,Pas tensometryczny,-5197534,-5197534,true
session_20260623_163953_final,3766,377786,2026-06-23T16:46:11.265528,Pas tensometryczny,-5199079,-5199079,true
session_20260623_163953_final,3767,377874,2026-06-23T16:46:11.353806,Pas tensometryczny,-5200901,-5200901,true
session_20260623_163953_final,3768,378006,2026-06-23T16:46:11.484868,Pas tensometryczny,-5202412,-5202412,true
session_20260623_163953_final,3769,378095,2026-06-23T16:46:11.573965,Pas tensometryczny,-5203557,-5203557,true
session_20260623_163953_final,3770,378194,2026-06-23T16:46:11.673336,Pas tensometryczny,-5204175,-5204175,true
session_20260623_163953_final,3771,378278,2026-06-23T16:46:11.757060,Pas tensometryczny,-5204785,-5204785,true
session_20260623_163953_final,3772,378413,2026-06-23T16:46:11.892530,Pas tensometryczny,-5205610,-5205610,true
session_20260623_163953_final,3773,378511,2026-06-23T16:46:11.990005,Pas tensometryczny,-5206465,-5206465,true
session_20260623_163953_final,3774,378591,2026-06-23T16:46:12.070112,Pas tensometryczny,-5208126,-5208126,true
session_20260623_163953_final,3775,378681,2026-06-23T16:46:12.160787,Pas tensometryczny,-5208721,-5208721,true
session_20260623_163953_final,3776,378772,2026-06-23T16:46:12.251570,Pas tensometryczny,-5209007,-5209007,true
session_20260623_163953_final,3777,378906,2026-06-23T16:46:12.385452,Pas tensometryczny,-5209080,-5209080,true
session_20260623_163953_final,3778,378997,2026-06-23T16:46:12.476707,Pas tensometryczny,-5209052,-5209052,true
session_20260623_163953_final,3779,379088,2026-06-23T16:46:12.567103,Pas tensometryczny,-5208435,-5208435,true
session_20260623_163953_final,3780,379176,2026-06-23T16:46:12.655151,Pas tensometryczny,-5207029,-5207029,true
session_20260623_163953_final,3781,379310,2026-06-23T16:46:12.789305,Pas tensometryczny,-5205175,-5205175,true
session_20260623_163953_final,3782,379401,2026-06-23T16:46:12.880045,Pas tensometryczny,-5203608,-5203608,true
session_20260623_163953_final,3783,379492,2026-06-23T16:46:12.971089,Pas tensometryczny,-5202126,-5202126,true
session_20260623_163953_final,3784,379588,2026-06-23T16:46:13.066853,Pas tensometryczny,-5200693,-5200693,true
session_20260623_163953_final,3785,379727,2026-06-23T16:46:13.206143,Pas tensometryczny,-5199548,-5199548,true
session_20260623_163953_final,3786,379809,2026-06-23T16:46:13.288149,Pas tensometryczny,-5198652,-5198652,true
session_20260623_163953_final,3787,379895,2026-06-23T16:46:13.374753,Pas tensometryczny,-5197860,-5197860,true
session_20260623_163953_final,3788,379985,2026-06-23T16:46:13.464427,Pas tensometryczny,-5197067,-5197067,true
session_20260623_163953_final,3789,380078,2026-06-23T16:46:13.556956,Pas tensometryczny,-5196589,-5196589,true
session_20260623_163953_final,3790,380216,2026-06-23T16:46:13.695768,Pas tensometryczny,-5196234,-5196234,true
session_20260623_163953_final,3791,380301,2026-06-23T16:46:13.780542,Pas tensometryczny,-5195981,-5195981,true
session_20260623_163953_final,3792,380409,2026-06-23T16:46:13.887870,Pas tensometryczny,-5195427,-5195427,true
session_20260623_163953_final,3793,380481,2026-06-23T16:46:13.960162,Pas tensometryczny,-5195052,-5195052,true
session_20260623_163953_final,3794,380616,2026-06-23T16:46:14.095092,Pas tensometryczny,-5195348,-5195348,true
session_20260623_163953_final,3795,380706,2026-06-23T16:46:14.184898,Pas tensometryczny,-5196692,-5196692,true
session_20260623_163953_final,3796,380795,2026-06-23T16:46:14.274418,Pas tensometryczny,-5198782,-5198782,true
session_20260623_163953_final,3797,380892,2026-06-23T16:46:14.371109,Pas tensometryczny,-5200598,-5200598,true
session_20260623_163953_final,3798,380976,2026-06-23T16:46:14.455286,Pas tensometryczny,-5201604,-5201604,true
session_20260623_163953_final,3799,381114,2026-06-23T16:46:14.593547,Pas tensometryczny,-5202343,-5202343,true
session_20260623_163953_final,3800,381203,2026-06-23T16:46:14.681877,Pas tensometryczny,-5203716,-5203716,true
session_20260623_163953_final,3801,381293,2026-06-23T16:46:14.772219,Pas tensometryczny,-5204560,-5204560,true
session_20260623_163953_final,3802,381381,2026-06-23T16:46:14.859972,Pas tensometryczny,-5205429,-5205429,true
session_20260623_163953_final,3803,381516,2026-06-23T16:46:14.995750,Pas tensometryczny,-5206372,-5206372,true
session_20260623_163953_final,3804,381606,2026-06-23T16:46:15.084935,Pas tensometryczny,-5206702,-5206702,true
session_20260623_163953_final,3805,381712,2026-06-23T16:46:15.191308,Pas tensometryczny,-5206833,-5206833,true
session_20260623_163953_final,3806,381788,2026-06-23T16:46:15.267457,Pas tensometryczny,-5207253,-5207253,true
session_20260623_163953_final,3807,381921,2026-06-23T16:46:15.399995,Pas tensometryczny,-5207746,-5207746,true
session_20260623_163953_final,3808,382029,2026-06-23T16:46:15.508502,Pas tensometryczny,-5207923,-5207923,true
session_20260623_163953_final,3809,382100,2026-06-23T16:46:15.579293,Pas tensometryczny,-5207809,-5207809,true
session_20260623_163953_final,3810,382193,2026-06-23T16:46:15.672313,Pas tensometryczny,-5207465,-5207465,true
session_20260623_163953_final,3811,382283,2026-06-23T16:46:15.761823,Pas tensometryczny,-5205959,-5205959,true
session_20260623_163953_final,3812,382415,2026-06-23T16:46:15.894201,Pas tensometryczny,-5203822,-5203822,true
session_20260623_163953_final,3813,382511,2026-06-23T16:46:15.990571,Pas tensometryczny,-5201952,-5201952,true
session_20260623_163953_final,3814,382600,2026-06-23T16:46:16.079205,Pas tensometryczny,-5200387,-5200387,true
session_20260623_163953_final,3815,382689,2026-06-23T16:46:16.167966,Pas tensometryczny,-5199112,-5199112,true
session_20260623_163953_final,3816,382820,2026-06-23T16:46:16.299797,Pas tensometryczny,-5198197,-5198197,true
session_20260623_163953_final,3817,382912,2026-06-23T16:46:16.391306,Pas tensometryczny,-5197443,-5197443,true
session_20260623_163953_final,3818,383001,2026-06-23T16:46:16.479876,Pas tensometryczny,-5196799,-5196799,true
session_20260623_163953_final,3819,383091,2026-06-23T16:46:16.570551,Pas tensometryczny,-5196154,-5196154,true
session_20260623_163953_final,3820,383226,2026-06-23T16:46:16.705003,Pas tensometryczny,-5195381,-5195381,true
session_20260623_163953_final,3821,383320,2026-06-23T16:46:16.799040,Pas tensometryczny,-5194774,-5194774,true
session_20260623_163953_final,3822,383405,2026-06-23T16:46:16.884814,Pas tensometryczny,-5194583,-5194583,true
session_20260623_163953_final,3823,383497,2026-06-23T16:46:16.975984,Pas tensometryczny,-5194801,-5194801,true
session_20260623_163953_final,3824,383587,2026-06-23T16:46:17.066472,Pas tensometryczny,-5196189,-5196189,true
session_20260623_163953_final,3825,383721,2026-06-23T16:46:17.200098,Pas tensometryczny,-5197952,-5197952,true
session_20260623_163953_final,3826,383813,2026-06-23T16:46:17.292041,Pas tensometryczny,-5200436,-5200436,true
session_20260623_163953_final,3827,383902,2026-06-23T16:46:17.380817,Pas tensometryczny,-5201209,-5201209,true
session_20260623_163953_final,3828,383991,2026-06-23T16:46:17.470337,Pas tensometryczny,-5202170,-5202170,true
session_20260623_163953_final,3829,384128,2026-06-23T16:46:17.607442,Pas tensometryczny,-5203152,-5203152,true
session_20260623_163953_final,3830,384220,2026-06-23T16:46:17.699140,Pas tensometryczny,-5204224,-5204224,true
session_20260623_163953_final,3831,384307,2026-06-23T16:46:17.786037,Pas tensometryczny,-5205075,-5205075,true
session_20260623_163953_final,3832,384396,2026-06-23T16:46:17.875,Pas tensometryczny,-5205986,-5205986,true
session_20260623_163953_final,3833,384487,2026-06-23T16:46:17.966636,Pas tensometryczny,-5206943,-5206943,true
session_20260623_163953_final,3834,384629,2026-06-23T16:46:18.108737,Pas tensometryczny,-5207476,-5207476,true
session_20260623_163953_final,3835,384711,2026-06-23T16:46:18.190551,Pas tensometryczny,-5207512,-5207512,true
session_20260623_163953_final,3836,384807,2026-06-23T16:46:18.286320,Pas tensometryczny,-5207515,-5207515,true
session_20260623_163953_final,3837,384890,2026-06-23T16:46:18.369175,Pas tensometryczny,-5207767,-5207767,true
session_20260623_163953_final,3838,385036,2026-06-23T16:46:18.515145,Pas tensometryczny,-5207872,-5207872,true
session_20260623_163953_final,3839,385116,2026-06-23T16:46:18.595777,Pas tensometryczny,-5207967,-5207967,true
session_20260623_163953_final,3840,385209,2026-06-23T16:46:18.687819,Pas tensometryczny,-5208321,-5208321,true
session_20260623_163953_final,3841,385300,2026-06-23T16:46:18.779376,Pas tensometryczny,-5208177,-5208177,true
session_20260623_163953_final,3842,385431,2026-06-23T16:46:18.910015,Pas tensometryczny,-5207032,-5207032,true
session_20260623_163953_final,3843,385523,2026-06-23T16:46:19.002781,Pas tensometryczny,-5204894,-5204894,true
session_20260623_163953_final,3844,385613,2026-06-23T16:46:19.091874,Pas tensometryczny,-5203052,-5203052,true
session_20260623_163953_final,3845,385707,2026-06-23T16:46:19.186141,Pas tensometryczny,-5201610,-5201610,true
session_20260623_163953_final,3846,385837,2026-06-23T16:46:19.316390,Pas tensometryczny,-5200112,-5200112,true
session_20260623_163953_final,3847,385927,2026-06-23T16:46:19.405980,Pas tensometryczny,-5198836,-5198836,true
session_20260623_163953_final,3848,386028,2026-06-23T16:46:19.507811,Pas tensometryczny,-5197849,-5197849,true
session_20260623_163953_final,3849,386110,2026-06-23T16:46:19.589126,Pas tensometryczny,-5197009,-5197009,true
session_20260623_163953_final,3850,386194,2026-06-23T16:46:19.673692,Pas tensometryczny,-5196374,-5196374,true
session_20260623_163953_final,3851,386331,2026-06-23T16:46:19.810316,Pas tensometryczny,-5195831,-5195831,true
session_20260623_163953_final,3852,386426,2026-06-23T16:46:19.904828,Pas tensometryczny,-5195642,-5195642,true
session_20260623_163953_final,3853,386510,2026-06-23T16:46:19.989541,Pas tensometryczny,-5196321,-5196321,true
session_20260623_163953_final,3854,386601,2026-06-23T16:46:20.079870,Pas tensometryczny,-5197521,-5197521,true
session_20260623_163953_final,3855,386693,2026-06-23T16:46:20.172517,Pas tensometryczny,-5198869,-5198869,true
session_20260623_163953_final,3856,386842,2026-06-23T16:46:20.321002,Pas tensometryczny,-5200187,-5200187,true
session_20260623_163953_final,3857,386917,2026-06-23T16:46:20.396163,Pas tensometryczny,-5201468,-5201468,true
session_20260623_163953_final,3858,387010,2026-06-23T16:46:20.489334,Pas tensometryczny,-5202428,-5202428,true
session_20260623_163953_final,3859,387094,2026-06-23T16:46:20.573601,Pas tensometryczny,-5203434,-5203434,true
session_20260623_163953_final,3860,387230,2026-06-23T16:46:20.709455,Pas tensometryczny,-5204371,-5204371,true
session_20260623_163953_final,3861,387329,2026-06-23T16:46:20.808434,Pas tensometryczny,-5205332,-5205332,true
session_20260623_163953_final,3862,387412,2026-06-23T16:46:20.890991,Pas tensometryczny,-5206163,-5206163,true
session_20260623_163953_final,3863,387501,2026-06-23T16:46:20.980303,Pas tensometryczny,-5206653,-5206653,true
session_20260623_163953_final,3864,387635,2026-06-23T16:46:21.114062,Pas tensometryczny,-5206702,-5206702,true
session_20260623_163953_final,3865,387728,2026-06-23T16:46:21.206965,Pas tensometryczny,-5206799,-5206799,true
session_20260623_163953_final,3866,387823,2026-06-23T16:46:21.302176,Pas tensometryczny,-5206878,-5206878,true
session_20260623_163953_final,3867,387907,2026-06-23T16:46:21.386719,Pas tensometryczny,-5206294,-5206294,true
session_20260623_163953_final,3868,388006,2026-06-23T16:46:21.484964,Pas tensometryczny,-5205779,-5205779,true
session_20260623_163953_final,3869,388134,2026-06-23T16:46:21.613260,Pas tensometryczny,-5205626,-5205626,true
session_20260623_163953_final,3870,388226,2026-06-23T16:46:21.705302,Pas tensometryczny,-5205503,-5205503,true
session_20260623_163953_final,3871,388327,2026-06-23T16:46:21.806570,Pas tensometryczny,-5205550,-5205550,true
session_20260623_163953_final,3872,388407,2026-06-23T16:46:21.885985,Pas tensometryczny,-5206514,-5206514,true
session_20260623_163953_final,3873,388535,2026-06-23T16:46:22.014198,Pas tensometryczny,-5206025,-5206025,true
session_20260623_163953_final,3874,388633,2026-06-23T16:46:22.112110,Pas tensometryczny,-5203700,-5203700,true
session_20260623_163953_final,3875,388719,2026-06-23T16:46:22.198232,Pas tensometryczny,-5201480,-5201480,true
session_20260623_163953_final,3876,388810,2026-06-23T16:46:22.288860,Pas tensometryczny,-5199807,-5199807,true
session_20260623_163953_final,3877,388896,2026-06-23T16:46:22.375648,Pas tensometryczny,-5198647,-5198647,true
session_20260623_163953_final,3878,389052,2026-06-23T16:46:22.531279,Pas tensometryczny,-5197774,-5197774,true
session_20260623_163953_final,3879,389211,2026-06-23T16:46:22.690050,Pas tensometryczny,-5195437,-5195437,true
session_20260623_163953_final,3880,389304,2026-06-23T16:46:22.783061,Pas tensometryczny,-5194566,-5194566,true
session_20260623_163953_final,3881,389437,2026-06-23T16:46:22.916618,Pas tensometryczny,-5193867,-5193867,true
session_20260623_163953_final,3882,389527,2026-06-23T16:46:23.006738,Pas tensometryczny,-5193379,-5193379,true
session_20260623_163953_final,3883,389622,2026-06-23T16:46:23.101056,Pas tensometryczny,-5193540,-5193540,true
session_20260623_163953_final,3884,389706,2026-06-23T16:46:23.184932,Pas tensometryczny,-5194517,-5194517,true
session_20260623_163953_final,3885,389842,2026-06-23T16:46:23.321556,Pas tensometryczny,-5195669,-5195669,true
session_20260623_163953_final,3886,389931,2026-06-23T16:46:23.410698,Pas tensometryczny,-5197045,-5197045,true
session_20260623_163953_final,3887,390036,2026-06-23T16:46:23.515049,Pas tensometryczny,-5198520,-5198520,true
session_20260623_163953_final,3888,390112,2026-06-23T16:46:23.591256,Pas tensometryczny,-5199830,-5199830,true
session_20260623_163953_final,3889,390200,2026-06-23T16:46:23.679754,Pas tensometryczny,-5200911,-5200911,true
session_20260623_163953_final,3890,390348,2026-06-23T16:46:23.827466,Pas tensometryczny,-5201883,-5201883,true
session_20260623_163953_final,3891,390425,2026-06-23T16:46:23.904212,Pas tensometryczny,-5202821,-5202821,true
session_20260623_163953_final,3892,390516,2026-06-23T16:46:23.995017,Pas tensometryczny,-5203483,-5203483,true
session_20260623_163953_final,3893,390608,2026-06-23T16:46:24.087556,Pas tensometryczny,-5204097,-5204097,true
session_20260623_163953_final,3894,390742,2026-06-23T16:46:24.221623,Pas tensometryczny,-5204987,-5204987,true
session_20260623_163953_final,3895,390832,2026-06-23T16:46:24.311234,Pas tensometryczny,-5205699,-5205699,true
session_20260623_163953_final,3896,390925,2026-06-23T16:46:24.404712,Pas tensometryczny,-5206302,-5206302,true
session_20260623_163953_final,3897,391011,2026-06-23T16:46:24.490,Pas tensometryczny,-5207072,-5207072,true
session_20260623_163953_final,3898,391106,2026-06-23T16:46:24.584957,Pas tensometryczny,-5207594,-5207594,true
session_20260623_163953_final,3899,391237,2026-06-23T16:46:24.715950,Pas tensometryczny,-5207578,-5207578,true
session_20260623_163953_final,3900,391328,2026-06-23T16:46:24.806960,Pas tensometryczny,-5207309,-5207309,true
session_20260623_163953_final,3901,391414,2026-06-23T16:46:24.893565,Pas tensometryczny,-5206681,-5206681,true
session_20260623_163953_final,3902,391521,2026-06-23T16:46:25.000033,Pas tensometryczny,-5204991,-5204991,true
session_20260623_163953_final,3903,391650,2026-06-23T16:46:25.129744,Pas tensometryczny,-5202830,-5202830,true
session_20260623_163953_final,3904,391730,2026-06-23T16:46:25.209039,Pas tensometryczny,-5200079,-5200079,true
session_20260623_163953_final,3905,391822,2026-06-23T16:46:25.301769,Pas tensometryczny,-5198909,-5198909,true
session_20260623_163953_final,3906,391911,2026-06-23T16:46:25.390792,Pas tensometryczny,-5197842,-5197842,true
session_20260623_163953_final,3907,392045,2026-06-23T16:46:25.524036,Pas tensometryczny,-5196985,-5196985,true
session_20260623_163953_final,3908,392181,2026-06-23T16:46:25.660493,Pas tensometryczny,-5196164,-5196164,true
session_20260623_163953_final,3909,392226,2026-06-23T16:46:25.705666,Pas tensometryczny,-5195538,-5195538,true
session_20260623_163953_final,3910,392316,2026-06-23T16:46:25.795201,Pas tensometryczny,-5194885,-5194885,true
session_20260623_163953_final,3911,392405,2026-06-23T16:46:25.884766,Pas tensometryczny,-5194637,-5194637,true
session_20260623_163953_final,3912,392541,2026-06-23T16:46:26.020138,Pas tensometryczny,-5194571,-5194571,true
session_20260623_163953_final,3913,392630,2026-06-23T16:46:26.109622,Pas tensometryczny,-5194725,-5194725,true
session_20260623_163953_final,3914,392722,2026-06-23T16:46:26.201526,Pas tensometryczny,-5195733,-5195733,true
session_20260623_163953_final,3915,392827,2026-06-23T16:46:26.306520,Pas tensometryczny,-5197616,-5197616,true
session_20260623_163953_final,3916,392945,2026-06-23T16:46:26.424373,Pas tensometryczny,-5199431,-5199431,true
session_20260623_163953_final,3917,393036,2026-06-23T16:46:26.515260,Pas tensometryczny,-5201065,-5201065,true
session_20260623_163953_final,3918,393127,2026-06-23T16:46:26.605828,Pas tensometryczny,-5202613,-5202613,true
session_20260623_163953_final,3919,393215,2026-06-23T16:46:26.693874,Pas tensometryczny,-5203969,-5203969,true
session_20260623_163953_final,3920,393351,2026-06-23T16:46:26.829844,Pas tensometryczny,-5204785,-5204785,true
session_20260623_163953_final,3921,393447,2026-06-23T16:46:26.926364,Pas tensometryczny,-5205628,-5205628,true
session_20260623_163953_final,3922,393530,2026-06-23T16:46:27.009645,Pas tensometryczny,-5206640,-5206640,true
session_20260623_163953_final,3923,393624,2026-06-23T16:46:27.103255,Pas tensometryczny,-5207395,-5207395,true
session_20260623_163953_final,3924,393711,2026-06-23T16:46:27.190413,Pas tensometryczny,-5207746,-5207746,true
session_20260623_163953_final,3925,393847,2026-06-23T16:46:27.326611,Pas tensometryczny,-5208074,-5208074,true
session_20260623_163953_final,3926,393935,2026-06-23T16:46:27.414103,Pas tensometryczny,-5208524,-5208524,true
session_20260623_163953_final,3927,394026,2026-06-23T16:46:27.505102,Pas tensometryczny,-5208683,-5208683,true
session_20260623_163953_final,3928,394115,2026-06-23T16:46:27.594813,Pas tensometryczny,-5208616,-5208616,true
session_20260623_163953_final,3929,394258,2026-06-23T16:46:27.737093,Pas tensometryczny,-5208254,-5208254,true
session_20260623_163953_final,3930,394341,2026-06-23T16:46:27.819868,Pas tensometryczny,-5205936,-5205936,true
session_20260623_163953_final,3931,394442,2026-06-23T16:46:27.921472,Pas tensometryczny,-5204315,-5204315,true
session_20260623_163953_final,3932,394520,2026-06-23T16:46:27.999492,Pas tensometryczny,-5202737,-5202737,true
session_20260623_163953_final,3933,394613,2026-06-23T16:46:28.092089,Pas tensometryczny,-5201201,-5201201,true
session_20260623_163953_final,3934,394750,2026-06-23T16:46:28.229489,Pas tensometryczny,-5199828,-5199828,true
session_20260623_163953_final,3935,394837,2026-06-23T16:46:28.316634,Pas tensometryczny,-5198710,-5198710,true
session_20260623_163953_final,3936,394926,2026-06-23T16:46:28.405432,Pas tensometryczny,-5197838,-5197838,true
session_20260623_163953_final,3937,395021,2026-06-23T16:46:28.499955,Pas tensometryczny,-5197136,-5197136,true
session_20260623_163953_final,3938,395162,2026-06-23T16:46:28.641099,Pas tensometryczny,-5196400,-5196400,true
session_20260623_163953_final,3939,395240,2026-06-23T16:46:28.719392,Pas tensometryczny,-5195865,-5195865,true
session_20260623_163953_final,3940,395331,2026-06-23T16:46:28.810466,Pas tensometryczny,-5195301,-5195301,true
session_20260623_163953_final,3941,395427,2026-06-23T16:46:28.905885,Pas tensometryczny,-5194900,-5194900,true
session_20260623_163953_final,3942,395557,2026-06-23T16:46:29.036539,Pas tensometryczny,-5194733,-5194733,true
session_20260623_163953_final,3943,395646,2026-06-23T16:46:29.125067,Pas tensometryczny,-5195353,-5195353,true
session_20260623_163953_final,3944,395749,2026-06-23T16:46:29.228296,Pas tensometryczny,-5197042,-5197042,true
session_20260623_163953_final,3945,395828,2026-06-23T16:46:29.307387,Pas tensometryczny,-5199188,-5199188,true
session_20260623_163953_final,3946,395917,2026-06-23T16:46:29.396043,Pas tensometryczny,-5200961,-5200961,true
session_20260623_163953_final,3947,396052,2026-06-23T16:46:29.530831,Pas tensometryczny,-5202243,-5202243,true
session_20260623_163953_final,3948,396141,2026-06-23T16:46:29.620355,Pas tensometryczny,-5203136,-5203136,true
session_20260623_163953_final,3949,396233,2026-06-23T16:46:29.712073,Pas tensometryczny,-5204019,-5204019,true
session_20260623_163953_final,3950,396326,2026-06-23T16:46:29.804831,Pas tensometryczny,-5204902,-5204902,true
session_20260623_163953_final,3951,396458,2026-06-23T16:46:29.937281,Pas tensometryczny,-5205653,-5205653,true
session_20260623_163953_final,3952,396556,2026-06-23T16:46:30.034907,Pas tensometryczny,-5206472,-5206472,true
session_20260623_163953_final,3953,396645,2026-06-23T16:46:30.124140,Pas tensometryczny,-5206977,-5206977,true
session_20260623_163953_final,3954,396725,2026-06-23T16:46:30.204174,Pas tensometryczny,-5207383,-5207383,true
session_20260623_163953_final,3955,396824,2026-06-23T16:46:30.303076,Pas tensometryczny,-5207773,-5207773,true
session_20260623_163953_final,3956,396952,2026-06-23T16:46:30.431603,Pas tensometryczny,-5207996,-5207996,true
session_20260623_163953_final,3957,397040,2026-06-23T16:46:30.519107,Pas tensometryczny,-5208108,-5208108,true
session_20260623_163953_final,3958,397131,2026-06-23T16:46:30.610522,Pas tensometryczny,-5207813,-5207813,true
session_20260623_163953_final,3959,397223,2026-06-23T16:46:30.702246,Pas tensometryczny,-5207084,-5207084,true
session_20260623_163953_final,3960,397367,2026-06-23T16:46:30.846104,Pas tensometryczny,-5205582,-5205582,true
session_20260623_163953_final,3961,397447,2026-06-23T16:46:30.926729,Pas tensometryczny,-5203306,-5203306,true
session_20260623_163953_final,3962,397539,2026-06-23T16:46:31.018431,Pas tensometryczny,-5201398,-5201398,true
session_20260623_163953_final,3963,397644,2026-06-23T16:46:31.123444,Pas tensometryczny,-5199963,-5199963,true
session_20260623_163953_final,3964,397763,2026-06-23T16:46:31.242150,Pas tensometryczny,-5198755,-5198755,true
session_20260623_163953_final,3965,397856,2026-06-23T16:46:31.335074,Pas tensometryczny,-5197901,-5197901,true
session_20260623_163953_final,3966,397957,2026-06-23T16:46:31.436300,Pas tensometryczny,-5197126,-5197126,true
session_20260623_163953_final,3967,398034,2026-06-23T16:46:31.513530,Pas tensometryczny,-5196690,-5196690,true
session_20260623_163953_final,3968,398128,2026-06-23T16:46:31.607426,Pas tensometryczny,-5196016,-5196016,true
session_20260623_163953_final,3969,398256,2026-06-23T16:46:31.735709,Pas tensometryczny,-5195248,-5195248,true
session_20260623_163953_final,3970,398345,2026-06-23T16:46:31.824353,Pas tensometryczny,-5194905,-5194905,true
session_20260623_163953_final,3971,398445,2026-06-23T16:46:31.924418,Pas tensometryczny,-5195632,-5195632,true
session_20260623_163953_final,3972,398525,2026-06-23T16:46:32.004523,Pas tensometryczny,-5197578,-5197578,true
session_20260623_163953_final,3973,398662,2026-06-23T16:46:32.141260,Pas tensometryczny,-5199498,-5199498,true
session_20260623_163953_final,3974,398750,2026-06-23T16:46:32.229699,Pas tensometryczny,-5200900,-5200900,true
session_20260623_163953_final,3975,398846,2026-06-23T16:46:32.324867,Pas tensometryczny,-5201522,-5201522,true
session_20260623_163953_final,3976,398942,2026-06-23T16:46:32.421652,Pas tensometryczny,-5202232,-5202232,true
session_20260623_163953_final,3977,399021,2026-06-23T16:46:32.500332,Pas tensometryczny,-5202999,-5202999,true
session_20260623_163953_final,3978,399156,2026-06-23T16:46:32.635057,Pas tensometryczny,-5203870,-5203870,true
session_20260623_163953_final,3979,399261,2026-06-23T16:46:32.739951,Pas tensometryczny,-5204517,-5204517,true
session_20260623_163953_final,3980,399339,2026-06-23T16:46:32.818409,Pas tensometryczny,-5205518,-5205518,true
session_20260623_163953_final,3981,399426,2026-06-23T16:46:32.905775,Pas tensometryczny,-5206248,-5206248,true
session_20260623_163953_final,3982,399561,2026-06-23T16:46:33.040718,Pas tensometryczny,-5206613,-5206613,true
session_20260623_163953_final,3983,399650,2026-06-23T16:46:33.129329,Pas tensometryczny,-5206604,-5206604,true
session_20260623_163953_final,3984,399785,2026-06-23T16:46:33.264413,Pas tensometryczny,-5206819,-5206819,true
session_20260623_163953_final,3985,399834,2026-06-23T16:46:33.313733,Pas tensometryczny,-5206920,-5206920,true
session_20260623_163953_final,3986,399970,2026-06-23T16:46:33.449014,Pas tensometryczny,-5207097,-5207097,true
session_20260623_163953_final,3987,400055,2026-06-23T16:46:33.534074,Pas tensometryczny,-5206776,-5206776,true
session_20260623_163953_final,3988,400146,2026-06-23T16:46:33.625485,Pas tensometryczny,-5205200,-5205200,true
session_20260623_163953_final,3989,400235,2026-06-23T16:46:33.714669,Pas tensometryczny,-5203311,-5203311,true
session_20260623_163953_final,3990,400328,2026-06-23T16:46:33.807102,Pas tensometryczny,-5201455,-5201455,true
session_20260623_163953_final,3991,400462,2026-06-23T16:46:33.941124,Pas tensometryczny,-5200015,-5200015,true
session_20260623_163953_final,3992,400560,2026-06-23T16:46:34.039223,Pas tensometryczny,-5199125,-5199125,true
session_20260623_163953_final,3993,400642,2026-06-23T16:46:34.121033,Pas tensometryczny,-5198248,-5198248,true
session_20260623_163953_final,3994,400731,2026-06-23T16:46:34.210602,Pas tensometryczny,-5197556,-5197556,true
session_20260623_163953_final,3995,400880,2026-06-23T16:46:34.359300,Pas tensometryczny,-5197041,-5197041,true
session_20260623_163953_final,3996,400963,2026-06-23T16:46:34.441931,Pas tensometryczny,-5196609,-5196609,true
session_20260623_163953_final,3997,401051,2026-06-23T16:46:34.530399,Pas tensometryczny,-5196657,-5196657,true
session_20260623_163953_final,3998,401139,2026-06-23T16:46:34.618689,Pas tensometryczny,-5197521,-5197521,true
session_20260623_163953_final,3999,401272,2026-06-23T16:46:34.750997,Pas tensometryczny,-5198646,-5198646,true
session_20260623_163953_final,4000,401363,2026-06-23T16:46:34.842754,Pas tensometryczny,-5199762,-5199762,true
session_20260623_163953_final,4001,401451,2026-06-23T16:46:34.930198,Pas tensometryczny,-5200419,-5200419,true
session_20260623_163953_final,4002,401541,2026-06-23T16:46:35.020470,Pas tensometryczny,-5199869,-5199869,true
session_20260623_163953_final,4003,401632,2026-06-23T16:46:35.110856,Pas tensometryczny,-5198959,-5198959,true
session_20260623_163953_final,4004,401766,2026-06-23T16:46:35.245148,Pas tensometryczny,-5198948,-5198948,true
session_20260623_163953_final,4005,401857,2026-06-23T16:46:35.335875,Pas tensometryczny,-5199510,-5199510,true
session_20260623_163953_final,4006,401946,2026-06-23T16:46:35.425651,Pas tensometryczny,-5200318,-5200318,true
session_20260623_163953_final,4007,402037,2026-06-23T16:46:35.515872,Pas tensometryczny,-5200958,-5200958,true
session_20260623_163953_final,4008,402175,2026-06-23T16:46:35.654634,Pas tensometryczny,-5200646,-5200646,true
session_20260623_163953_final,4009,402261,2026-06-23T16:46:35.740390,Pas tensometryczny,-5203092,-5203092,true
session_20260623_163953_final,4010,402353,2026-06-23T16:46:35.832176,Pas tensometryczny,-5203735,-5203735,true
session_20260623_163953_final,4011,402443,2026-06-23T16:46:35.922035,Pas tensometryczny,-5203730,-5203730,true
session_20260623_163953_final,4012,402532,2026-06-23T16:46:36.011662,Pas tensometryczny,-5202952,-5202952,true
session_20260623_163953_final,4013,402666,2026-06-23T16:46:36.144890,Pas tensometryczny,-5203671,-5203671,true
session_20260623_163953_final,4014,402759,2026-06-23T16:46:36.238017,Pas tensometryczny,-5205549,-5205549,true
session_20260623_163953_final,4015,402845,2026-06-23T16:46:36.324371,Pas tensometryczny,-5206233,-5206233,true
session_20260623_163953_final,4016,402936,2026-06-23T16:46:36.414901,Pas tensometryczny,-5205287,-5205287,true
session_20260623_163953_final,4017,403071,2026-06-23T16:46:36.550750,Pas tensometryczny,-5203930,-5203930,true
session_20260623_163953_final,4018,403161,2026-06-23T16:46:36.640259,Pas tensometryczny,-5203467,-5203467,true
session_20260623_163953_final,4019,403251,2026-06-23T16:46:36.730673,Pas tensometryczny,-5203489,-5203489,true
session_20260623_163953_final,4020,403342,2026-06-23T16:46:36.821440,Pas tensometryczny,-5203789,-5203789,true
session_20260623_163953_final,4021,403479,2026-06-23T16:46:36.958476,Pas tensometryczny,-5204460,-5204460,true
session_20260623_163953_final,4022,403569,2026-06-23T16:46:37.048059,Pas tensometryczny,-5205056,-5205056,true
session_20260623_163953_final,4023,403662,2026-06-23T16:46:37.141739,Pas tensometryczny,-5203780,-5203780,true
session_20260623_163953_final,4024,403745,2026-06-23T16:46:37.224164,Pas tensometryczny,-5201389,-5201389,true
session_20260623_163953_final,4025,403837,2026-06-23T16:46:37.316444,Pas tensometryczny,-5199401,-5199401,true
session_20260623_163953_final,4026,403973,2026-06-23T16:46:37.452287,Pas tensometryczny,-5197687,-5197687,true
session_20260623_163953_final,4027,404079,2026-06-23T16:46:37.558026,Pas tensometryczny,-5197074,-5197074,true
session_20260623_163953_final,4028,404152,2026-06-23T16:46:37.631763,Pas tensometryczny,-5197667,-5197667,true
session_20260623_163953_final,4029,404244,2026-06-23T16:46:37.723614,Pas tensometryczny,-5198474,-5198474,true
session_20260623_163953_final,4030,404376,2026-06-23T16:46:37.855433,Pas tensometryczny,-5198500,-5198500,true
session_20260623_163953_final,4031,404482,2026-06-23T16:46:37.961007,Pas tensometryczny,-5198320,-5198320,true
session_20260623_163953_final,4032,404562,2026-06-23T16:46:38.041568,Pas tensometryczny,-5198241,-5198241,true
session_20260623_163953_final,4033,404646,2026-06-23T16:46:38.125565,Pas tensometryczny,-5198429,-5198429,true
session_20260623_163953_final,4034,404737,2026-06-23T16:46:38.216557,Pas tensometryczny,-5198974,-5198974,true
session_20260623_163953_final,4035,404871,2026-06-23T16:46:38.350730,Pas tensometryczny,-5199299,-5199299,true
session_20260623_163953_final,4036,404964,2026-06-23T16:46:38.442846,Pas tensometryczny,-5199977,-5199977,true
session_20260623_163953_final,4037,405055,2026-06-23T16:46:38.534369,Pas tensometryczny,-5199388,-5199388,true
session_20260623_163953_final,4038,405141,2026-06-23T16:46:38.620405,Pas tensometryczny,-5198897,-5198897,true
session_20260623_163953_final,4039,405279,2026-06-23T16:46:38.758814,Pas tensometryczny,-5198762,-5198762,true
session_20260623_163953_final,4040,405376,2026-06-23T16:46:38.855255,Pas tensometryczny,-5199861,-5199861,true
session_20260623_163953_final,4041,405456,2026-06-23T16:46:38.935335,Pas tensometryczny,-5201168,-5201168,true
session_20260623_163953_final,4042,405547,2026-06-23T16:46:39.026383,Pas tensometryczny,-5201721,-5201721,true
session_20260623_163953_final,4043,405697,2026-06-23T16:46:39.176470,Pas tensometryczny,-5201383,-5201383,true
session_20260623_163953_final,4044,405770,2026-06-23T16:46:39.249208,Pas tensometryczny,-5200785,-5200785,true
session_20260623_163953_final,4045,405862,2026-06-23T16:46:39.341631,Pas tensometryczny,-5200839,-5200839,true
session_20260623_163953_final,4046,405953,2026-06-23T16:46:39.432055,Pas tensometryczny,-5201345,-5201345,true
session_20260623_163953_final,4047,406052,2026-06-23T16:46:39.531252,Pas tensometryczny,-5201904,-5201904,true
session_20260623_163953_final,4048,406184,2026-06-23T16:46:39.663632,Pas tensometryczny,-5202684,-5202684,true
session_20260623_163953_final,4049,406271,2026-06-23T16:46:39.750031,Pas tensometryczny,-5203135,-5203135,true
session_20260623_163953_final,4050,406355,2026-06-23T16:46:39.834142,Pas tensometryczny,-5203299,-5203299,true
session_20260623_163953_final,4051,406446,2026-06-23T16:46:39.925545,Pas tensometryczny,-5203458,-5203458,true
session_20260623_163953_final,4052,406585,2026-06-23T16:46:40.064259,Pas tensometryczny,-5203578,-5203578,true
session_20260623_163953_final,4053,406673,2026-06-23T16:46:40.152346,Pas tensometryczny,-5203724,-5203724,true
session_20260623_163953_final,4054,406761,2026-06-23T16:46:40.239894,Pas tensometryczny,-5203787,-5203787,true
session_20260623_163953_final,4055,406855,2026-06-23T16:46:40.334206,Pas tensometryczny,-5204068,-5204068,true
session_20260623_163953_final,4056,406947,2026-06-23T16:46:40.426324,Pas tensometryczny,-5204161,-5204161,true
session_20260623_163953_final,4057,407076,2026-06-23T16:46:40.555334,Pas tensometryczny,-5204139,-5204139,true
session_20260623_163953_final,4058,407168,2026-06-23T16:46:40.647770,Pas tensometryczny,-5204271,-5204271,true
session_20260623_163953_final,4059,407257,2026-06-23T16:46:40.736263,Pas tensometryczny,-5204486,-5204486,true
session_20260623_163953_final,4060,407346,2026-06-23T16:46:40.825186,Pas tensometryczny,-5204757,-5204757,true
session_20260623_163953_final,4061,407481,2026-06-23T16:46:40.960314,Pas tensometryczny,-5205256,-5205256,true
session_20260623_163953_final,4062,407575,2026-06-23T16:46:41.053994,Pas tensometryczny,-5205321,-5205321,true
session_20260623_163953_final,4063,407674,2026-06-23T16:46:41.153364,Pas tensometryczny,-5205347,-5205347,true
session_20260623_163953_final,4064,407751,2026-06-23T16:46:41.230481,Pas tensometryczny,-5205274,-5205274,true
session_20260623_163953_final,4065,407886,2026-06-23T16:46:41.365326,Pas tensometryczny,-5205117,-5205117,true
session_20260623_163953_final,4066,407976,2026-06-23T16:46:41.455721,Pas tensometryczny,-5204180,-5204180,true
session_20260623_163953_final,4067,408111,2026-06-23T16:46:41.590089,Pas tensometryczny,-5202563,-5202563,true
session_20260623_163953_final,4068,408158,2026-06-23T16:46:41.637719,Pas tensometryczny,-5200754,-5200754,true
session_20260623_163953_final,4069,408246,2026-06-23T16:46:41.725192,Pas tensometryczny,-5199063,-5199063,true
session_20260623_163953_final,4070,408382,2026-06-23T16:46:41.860911,Pas tensometryczny,-5197353,-5197353,true
session_20260623_163953_final,4071,408471,2026-06-23T16:46:41.950117,Pas tensometryczny,-5196013,-5196013,true
session_20260623_163953_final,4072,408561,2026-06-23T16:46:42.040117,Pas tensometryczny,-5195846,-5195846,true
session_20260623_163953_final,4073,408658,2026-06-23T16:46:42.136912,Pas tensometryczny,-5197062,-5197062,true
session_20260623_163953_final,4074,408786,2026-06-23T16:46:42.265720,Pas tensometryczny,-5197836,-5197836,true
session_20260623_163953_final,4075,408885,2026-06-23T16:46:42.364557,Pas tensometryczny,-5197827,-5197827,true
session_20260623_163953_final,4076,408965,2026-06-23T16:46:42.444538,Pas tensometryczny,-5198112,-5198112,true
session_20260623_163953_final,4077,409055,2026-06-23T16:46:42.534474,Pas tensometryczny,-5198101,-5198101,true
session_20260623_163953_final,4078,409146,2026-06-23T16:46:42.625146,Pas tensometryczny,-5197618,-5197618,true
session_20260623_163953_final,4079,409281,2026-06-23T16:46:42.760634,Pas tensometryczny,-5197910,-5197910,true
session_20260623_163953_final,4080,409371,2026-06-23T16:46:42.849919,Pas tensometryczny,-5198603,-5198603,true
session_20260623_163953_final,4081,409460,2026-06-23T16:46:42.939586,Pas tensometryczny,-5198891,-5198891,true
session_20260623_163953_final,4082,409550,2026-06-23T16:46:43.029691,Pas tensometryczny,-5199112,-5199112,true
session_20260623_163953_final,4083,409686,2026-06-23T16:46:43.165598,Pas tensometryczny,-5199246,-5199246,true
session_20260623_163953_final,4084,409781,2026-06-23T16:46:43.260248,Pas tensometryczny,-5199337,-5199337,true
session_20260623_163953_final,4085,409865,2026-06-23T16:46:43.344298,Pas tensometryczny,-5199749,-5199749,true
session_20260623_163953_final,4086,409956,2026-06-23T16:46:43.434875,Pas tensometryczny,-5200202,-5200202,true
session_20260623_163953_final,4087,410180,2026-06-23T16:46:43.659010,Pas tensometryczny,-5200414,-5200414,true
session_20260623_163953_final,4088,410273,2026-06-23T16:46:43.752170,Pas tensometryczny,-5200830,-5200830,true
session_20260623_163953_final,4089,410361,2026-06-23T16:46:43.840103,Pas tensometryczny,-5201117,-5201117,true
session_20260623_163953_final,4090,410451,2026-06-23T16:46:43.930184,Pas tensometryczny,-5201128,-5201128,true
session_20260623_163953_final,4091,410585,2026-06-23T16:46:44.064369,Pas tensometryczny,-5200872,-5200872,true
session_20260623_163953_final,4092,410676,2026-06-23T16:46:44.154956,Pas tensometryczny,-5200885,-5200885,true
session_20260623_163953_final,4093,410767,2026-06-23T16:46:44.246102,Pas tensometryczny,-5201252,-5201252,true
session_20260623_163953_final,4094,410859,2026-06-23T16:46:44.337860,Pas tensometryczny,-5200844,-5200844,true
session_20260623_163953_final,4095,410999,2026-06-23T16:46:44.478659,Pas tensometryczny,-5199317,-5199317,true
session_20260623_163953_final,4096,411083,2026-06-23T16:46:44.561969,Pas tensometryczny,-5197537,-5197537,true
session_20260623_163953_final,4097,411171,2026-06-23T16:46:44.650167,Pas tensometryczny,-5195779,-5195779,true
session_20260623_163953_final,4098,411262,2026-06-23T16:46:44.741761,Pas tensometryczny,-5194416,-5194416,true
session_20260623_163953_final,4099,411400,2026-06-23T16:46:44.879210,Pas tensometryczny,-5193520,-5193520,true
session_20260623_163953_final,4100,411485,2026-06-23T16:46:44.964127,Pas tensometryczny,-5192720,-5192720,true
session_20260623_163953_final,4101,411576,2026-06-23T16:46:45.055683,Pas tensometryczny,-5191889,-5191889,true
session_20260623_163953_final,4102,411670,2026-06-23T16:46:45.149659,Pas tensometryczny,-5191137,-5191137,true
session_20260623_163953_final,4103,411758,2026-06-23T16:46:45.236980,Pas tensometryczny,-5190508,-5190508,true
session_20260623_163953_final,4104,411890,2026-06-23T16:46:45.369467,Pas tensometryczny,-5189954,-5189954,true
session_20260623_163953_final,4105,412026,2026-06-23T16:46:45.504820,Pas tensometryczny,-5189178,-5189178,true
session_20260623_163953_final,4106,412073,2026-06-23T16:46:45.552142,Pas tensometryczny,-5188705,-5188705,true
session_20260623_163953_final,4107,412163,2026-06-23T16:46:45.642025,Pas tensometryczny,-5188340,-5188340,true
session_20260623_163953_final,4108,412302,2026-06-23T16:46:45.781173,Pas tensometryczny,-5188215,-5188215,true
session_20260623_163953_final,4109,412389,2026-06-23T16:46:45.868240,Pas tensometryczny,-5189309,-5189309,true
session_20260623_163953_final,4110,412476,2026-06-23T16:46:45.955058,Pas tensometryczny,-5191588,-5191588,true
session_20260623_163953_final,4111,412574,2026-06-23T16:46:46.053082,Pas tensometryczny,-5194388,-5194388,true
session_20260623_163953_final,4112,412662,2026-06-23T16:46:46.141649,Pas tensometryczny,-5196330,-5196330,true
session_20260623_163953_final,4113,412792,2026-06-23T16:46:46.271574,Pas tensometryczny,-5198739,-5198739,true
session_20260623_163953_final,4114,412882,2026-06-23T16:46:46.361425,Pas tensometryczny,-5199784,-5199784,true
session_20260623_163953_final,4115,412973,2026-06-23T16:46:46.452332,Pas tensometryczny,-5200710,-5200710,true
session_20260623_163953_final,4116,413061,2026-06-23T16:46:46.539907,Pas tensometryczny,-5201489,-5201489,true
session_20260623_163953_final,4117,413195,2026-06-23T16:46:46.674680,Pas tensometryczny,-5202157,-5202157,true
session_20260623_163953_final,4118,413292,2026-06-23T16:46:46.771135,Pas tensometryczny,-5202883,-5202883,true
session_20260623_163953_final,4119,413376,2026-06-23T16:46:46.855292,Pas tensometryczny,-5203565,-5203565,true
session_20260623_163953_final,4120,413466,2026-06-23T16:46:46.944997,Pas tensometryczny,-5204239,-5204239,true
session_20260623_163953_final,4121,413603,2026-06-23T16:46:47.082232,Pas tensometryczny,-5204938,-5204938,true
session_20260623_163953_final,4122,413693,2026-06-23T16:46:47.172278,Pas tensometryczny,-5205374,-5205374,true
session_20260623_163953_final,4123,413783,2026-06-23T16:46:47.262315,Pas tensometryczny,-5205584,-5205584,true
session_20260623_163953_final,4124,413871,2026-06-23T16:46:47.349819,Pas tensometryczny,-5205934,-5205934,true
session_20260623_163953_final,4125,413961,2026-06-23T16:46:47.440187,Pas tensometryczny,-5205870,-5205870,true
session_20260623_163953_final,4126,414109,2026-06-23T16:46:47.588755,Pas tensometryczny,-5204200,-5204200,true
session_20260623_163953_final,4127,414187,2026-06-23T16:46:47.666167,Pas tensometryczny,-5201661,-5201661,true
session_20260623_163953_final,4128,414277,2026-06-23T16:46:47.756299,Pas tensometryczny,-5199686,-5199686,true
session_20260623_163953_final,4129,414413,2026-06-23T16:46:47.891977,Pas tensometryczny,-5198306,-5198306,true
session_20260623_163953_final,4130,414510,2026-06-23T16:46:47.988905,Pas tensometryczny,-5197325,-5197325,true
session_20260623_163953_final,4131,414596,2026-06-23T16:46:48.075416,Pas tensometryczny,-5197045,-5197045,true
session_20260623_163953_final,4132,414686,2026-06-23T16:46:48.165513,Pas tensometryczny,-5197551,-5197551,true
session_20260623_163953_final,4133,414774,2026-06-23T16:46:48.253185,Pas tensometryczny,-5197613,-5197613,true
session_20260623_163953_final,4134,414863,2026-06-23T16:46:48.342410,Pas tensometryczny,-5197635,-5197635,true
session_20260623_163953_final,4135,415002,2026-06-23T16:46:48.481214,Pas tensometryczny,-5197951,-5197951,true
session_20260623_163953_final,4136,415093,2026-06-23T16:46:48.572128,Pas tensometryczny,-5198523,-5198523,true
session_20260623_163953_final,4137,415192,2026-06-23T16:46:48.671026,Pas tensometryczny,-5198904,-5198904,true
session_20260623_163953_final,4138,415265,2026-06-23T16:46:48.744782,Pas tensometryczny,-5198326,-5198326,true
session_20260623_163953_final,4139,415400,2026-06-23T16:46:48.879111,Pas tensometryczny,-5198270,-5198270,true
session_20260623_163953_final,4140,415492,2026-06-23T16:46:48.970881,Pas tensometryczny,-5198473,-5198473,true
session_20260623_163953_final,4141,415595,2026-06-23T16:46:49.074681,Pas tensometryczny,-5198655,-5198655,true
session_20260623_163953_final,4142,415670,2026-06-23T16:46:49.149128,Pas tensometryczny,-5198896,-5198896,true
session_20260623_163953_final,4143,415809,2026-06-23T16:46:49.288019,Pas tensometryczny,-5199276,-5199276,true
session_20260623_163953_final,4144,415897,2026-06-23T16:46:49.376421,Pas tensometryczny,-5199697,-5199697,true
session_20260623_163953_final,4145,415991,2026-06-23T16:46:49.470047,Pas tensometryczny,-5200143,-5200143,true
session_20260623_163953_final,4146,416079,2026-06-23T16:46:49.558205,Pas tensometryczny,-5200285,-5200285,true
session_20260623_163953_final,4147,416167,2026-06-23T16:46:49.646344,Pas tensometryczny,-5200396,-5200396,true
session_20260623_163953_final,4148,416300,2026-06-23T16:46:49.779700,Pas tensometryczny,-5200618,-5200618,true
session_20260623_163953_final,4149,416397,2026-06-23T16:46:49.876485,Pas tensometryczny,-5200818,-5200818,true
session_20260623_163953_final,4150,416485,2026-06-23T16:46:49.964645,Pas tensometryczny,-5201001,-5201001,true
session_20260623_163953_final,4151,416570,2026-06-23T16:46:50.049528,Pas tensometryczny,-5201119,-5201119,true
session_20260623_163953_final,4152,416705,2026-06-23T16:46:50.184282,Pas tensometryczny,-5201289,-5201289,true
session_20260623_163953_final,4153,416795,2026-06-23T16:46:50.274531,Pas tensometryczny,-5201589,-5201589,true
session_20260623_163953_final,4154,416886,2026-06-23T16:46:50.364853,Pas tensometryczny,-5201518,-5201518,true
session_20260623_163953_final,4155,416981,2026-06-23T16:46:50.459885,Pas tensometryczny,-5201415,-5201415,true
session_20260623_163953_final,4156,417073,2026-06-23T16:46:50.552008,Pas tensometryczny,-5201553,-5201553,true
session_20260623_163953_final,4157,417200,2026-06-23T16:46:50.679422,Pas tensometryczny,-5201921,-5201921,true
session_20260623_163953_final,4158,417300,2026-06-23T16:46:50.779371,Pas tensometryczny,-5202116,-5202116,true
session_20260623_163953_final,4159,417387,2026-06-23T16:46:50.866322,Pas tensometryczny,-5202326,-5202326,true
session_20260623_163953_final,4160,417471,2026-06-23T16:46:50.950534,Pas tensometryczny,-5202511,-5202511,true
session_20260623_163953_final,4161,417604,2026-06-23T16:46:51.083797,Pas tensometryczny,-5202435,-5202435,true
session_20260623_163953_final,4162,417703,2026-06-23T16:46:51.182469,Pas tensometryczny,-5202012,-5202012,true
session_20260623_163953_final,4163,417789,2026-06-23T16:46:51.267977,Pas tensometryczny,-5201486,-5201486,true
session_20260623_163953_final,4164,417886,2026-06-23T16:46:51.365732,Pas tensometryczny,-5201618,-5201618,true
session_20260623_163953_final,4165,418078,2026-06-23T16:46:51.557389,Pas tensometryczny,-5199288,-5199288,true
session_20260623_163953_final,4166,418100,2026-06-23T16:46:51.579010,Pas tensometryczny,-5196905,-5196905,true
session_20260623_163953_final,4167,418191,2026-06-23T16:46:51.670232,Pas tensometryczny,-5195274,-5195274,true
session_20260623_163953_final,4168,418282,2026-06-23T16:46:51.761062,Pas tensometryczny,-5194340,-5194340,true
session_20260623_163953_final,4169,418373,2026-06-23T16:46:51.852652,Pas tensometryczny,-5194036,-5194036,true
session_20260623_163953_final,4170,418509,2026-06-23T16:46:51.988033,Pas tensometryczny,-5194545,-5194545,true
session_20260623_163953_final,4171,418597,2026-06-23T16:46:52.076710,Pas tensometryczny,-5195135,-5195135,true
session_20260623_163953_final,4172,418685,2026-06-23T16:46:52.164355,Pas tensometryczny,-5195432,-5195432,true
session_20260623_163953_final,4173,418775,2026-06-23T16:46:52.254564,Pas tensometryczny,-5195658,-5195658,true
session_20260623_163953_final,4174,418911,2026-06-23T16:46:52.390793,Pas tensometryczny,-5195902,-5195902,true
session_20260623_163953_final,4175,419007,2026-06-23T16:46:52.486507,Pas tensometryczny,-5196295,-5196295,true
session_20260623_163953_final,4176,419093,2026-06-23T16:46:52.572312,Pas tensometryczny,-5196936,-5196936,true
session_20260623_163953_final,4177,419193,2026-06-23T16:46:52.672386,Pas tensometryczny,-5197672,-5197672,true
session_20260623_163953_final,4178,419316,2026-06-23T16:46:52.795093,Pas tensometryczny,-5197977,-5197977,true
session_20260623_163953_final,4179,419413,2026-06-23T16:46:52.892379,Pas tensometryczny,-5197833,-5197833,true
session_20260623_163953_final,4180,419496,2026-06-23T16:46:52.974855,Pas tensometryczny,-5198081,-5198081,true
session_20260623_163953_final,4181,419587,2026-06-23T16:46:53.065911,Pas tensometryczny,-5198938,-5198938,true
session_20260623_163953_final,4182,419676,2026-06-23T16:46:53.155369,Pas tensometryczny,-5200107,-5200107,true
session_20260623_163953_final,4183,419811,2026-06-23T16:46:53.290614,Pas tensometryczny,-5201509,-5201509,true
session_20260623_163953_final,4184,419903,2026-06-23T16:46:53.382604,Pas tensometryczny,-5202462,-5202462,true
session_20260623_163953_final,4185,419995,2026-06-23T16:46:53.474372,Pas tensometryczny,-5202712,-5202712,true
session_20260623_163953_final,4186,420081,2026-06-23T16:46:53.560584,Pas tensometryczny,-5202714,-5202714,true
session_20260623_163953_final,4187,420216,2026-06-23T16:46:53.694829,Pas tensometryczny,-5202785,-5202785,true
session_20260623_163953_final,4188,420309,2026-06-23T16:46:53.788569,Pas tensometryczny,-5202979,-5202979,true
session_20260623_163953_final,4189,420403,2026-06-23T16:46:53.882540,Pas tensometryczny,-5203189,-5203189,true
session_20260623_163953_final,4190,420486,2026-06-23T16:46:53.965201,Pas tensometryczny,-5203259,-5203259,true
session_20260623_163953_final,4191,420576,2026-06-23T16:46:54.055004,Pas tensometryczny,-5203855,-5203855,true
session_20260623_163953_final,4192,420720,2026-06-23T16:46:54.199113,Pas tensometryczny,-5203848,-5203848,true
session_20260623_163953_final,4193,420801,2026-06-23T16:46:54.279978,Pas tensometryczny,-5203948,-5203948,true
session_20260623_163953_final,4194,420891,2026-06-23T16:46:54.369890,Pas tensometryczny,-5204184,-5204184,true
session_20260623_163953_final,4195,420980,2026-06-23T16:46:54.459269,Pas tensometryczny,-5204330,-5204330,true
session_20260623_163953_final,4196,421116,2026-06-23T16:46:54.594866,Pas tensometryczny,-5204403,-5204403,true
session_20260623_163953_final,4197,421210,2026-06-23T16:46:54.689724,Pas tensometryczny,-5204528,-5204528,true
session_20260623_163953_final,4198,421295,2026-06-23T16:46:54.774813,Pas tensometryczny,-5204734,-5204734,true
session_20260623_163953_final,4199,421392,2026-06-23T16:46:54.871445,Pas tensometryczny,-5204852,-5204852,true
session_20260623_163953_final,4200,421519,2026-06-23T16:46:54.998596,Pas tensometryczny,-5204897,-5204897,true
session_20260623_163953_final,4201,421610,2026-06-23T16:46:55.089426,Pas tensometryczny,-5204862,-5204862,true
session_20260623_163953_final,4202,421713,2026-06-23T16:46:55.191944,Pas tensometryczny,-5205050,-5205050,true
session_20260623_163953_final,4203,421795,2026-06-23T16:46:55.273854,Pas tensometryczny,-5205226,-5205226,true
session_20260623_163953_final,4204,421884,2026-06-23T16:46:55.363307,Pas tensometryczny,-5205320,-5205320,true
session_20260623_163953_final,4205,422025,2026-06-23T16:46:55.504776,Pas tensometryczny,-5205446,-5205446,true
session_20260623_163953_final,4206,422114,2026-06-23T16:46:55.593519,Pas tensometryczny,-5205489,-5205489,true
session_20260623_163953_final,4207,422198,2026-06-23T16:46:55.676966,Pas tensometryczny,-5205582,-5205582,true
session_20260623_163953_final,4208,422285,2026-06-23T16:46:55.764737,Pas tensometryczny,-5205626,-5205626,true
session_20260623_163953_final,4209,422420,2026-06-23T16:46:55.899192,Pas tensometryczny,-5205754,-5205754,true
session_20260623_163953_final,4210,422512,2026-06-23T16:46:55.991727,Pas tensometryczny,-5205757,-5205757,true
session_20260623_163953_final,4211,422600,2026-06-23T16:46:56.079783,Pas tensometryczny,-5205909,-5205909,true
session_20260623_163953_final,4212,422691,2026-06-23T16:46:56.170018,Pas tensometryczny,-5206004,-5206004,true
session_20260623_163953_final,4213,422781,2026-06-23T16:46:56.259836,Pas tensometryczny,-5205531,-5205531,true
session_20260623_163953_final,4214,422934,2026-06-23T16:46:56.413626,Pas tensometryczny,-5204183,-5204183,true
session_20260623_163953_final,4215,423007,2026-06-23T16:46:56.486145,Pas tensometryczny,-5202025,-5202025,true
session_20260623_163953_final,4216,423097,2026-06-23T16:46:56.576308,Pas tensometryczny,-5200110,-5200110,true
session_20260623_163953_final,4217,423188,2026-06-23T16:46:56.667490,Pas tensometryczny,-5198859,-5198859,true
session_20260623_163953_final,4218,423323,2026-06-23T16:46:56.802490,Pas tensometryczny,-5197316,-5197316,true
session_20260623_163953_final,4219,423422,2026-06-23T16:46:56.900839,Pas tensometryczny,-5197403,-5197403,true
session_20260623_163953_final,4220,423513,2026-06-23T16:46:56.991964,Pas tensometryczny,-5198372,-5198372,true
session_20260623_163953_final,4221,423591,2026-06-23T16:46:57.070215,Pas tensometryczny,-5199147,-5199147,true
session_20260623_163953_final,4222,423725,2026-06-23T16:46:57.204545,Pas tensometryczny,-5199641,-5199641,true
session_20260623_163953_final,4223,423821,2026-06-23T16:46:57.300177,Pas tensometryczny,-5200268,-5200268,true
session_20260623_163953_final,4224,423909,2026-06-23T16:46:57.387944,Pas tensometryczny,-5200813,-5200813,true
session_20260623_163953_final,4225,424010,2026-06-23T16:46:57.489239,Pas tensometryczny,-5201088,-5201088,true
session_20260623_163953_final,4226,424089,2026-06-23T16:46:57.568428,Pas tensometryczny,-5201199,-5201199,true
session_20260623_163953_final,4227,424224,2026-06-23T16:46:57.703281,Pas tensometryczny,-5201319,-5201319,true
session_20260623_163953_final,4228,424317,2026-06-23T16:46:57.796335,Pas tensometryczny,-5201686,-5201686,true
session_20260623_163953_final,4229,424401,2026-06-23T16:46:57.880571,Pas tensometryczny,-5202101,-5202101,true
session_20260623_163953_final,4230,424498,2026-06-23T16:46:57.977413,Pas tensometryczny,-5202502,-5202502,true
session_20260623_163953_final,4231,424625,2026-06-23T16:46:58.104776,Pas tensometryczny,-5202441,-5202441,true
session_20260623_163953_final,4232,424718,2026-06-23T16:46:58.197164,Pas tensometryczny,-5202008,-5202008,true
session_20260623_163953_final,4233,424810,2026-06-23T16:46:58.289096,Pas tensometryczny,-5201872,-5201872,true
session_20260623_163953_final,4234,424896,2026-06-23T16:46:58.375151,Pas tensometryczny,-5202122,-5202122,true
session_20260623_163953_final,4235,424988,2026-06-23T16:46:58.466822,Pas tensometryczny,-5202722,-5202722,true
session_20260623_163953_final,4236,425121,2026-06-23T16:46:58.600658,Pas tensometryczny,-5203281,-5203281,true
session_20260623_163953_final,4237,425210,2026-06-23T16:46:58.689454,Pas tensometryczny,-5203673,-5203673,true
session_20260623_163953_final,4238,425301,2026-06-23T16:46:58.779945,Pas tensometryczny,-5203784,-5203784,true
session_20260623_163953_final,4239,425395,2026-06-23T16:46:58.874668,Pas tensometryczny,-5203954,-5203954,true
session_20260623_163953_final,4240,425529,2026-06-23T16:46:59.008136,Pas tensometryczny,-5204243,-5204243,true
session_20260623_163953_final,4241,425617,2026-06-23T16:46:59.096322,Pas tensometryczny,-5204501,-5204501,true
session_20260623_163953_final,4242,425707,2026-06-23T16:46:59.186102,Pas tensometryczny,-5204413,-5204413,true
session_20260623_163953_final,4243,425795,2026-06-23T16:46:59.274013,Pas tensometryczny,-5204920,-5204920,true
session_20260623_163953_final,4244,425931,2026-06-23T16:46:59.410238,Pas tensometryczny,-5205054,-5205054,true
session_20260623_163953_final,4245,426078,2026-06-23T16:46:59.557767,Pas tensometryczny,-5205187,-5205187,true
session_20260623_163953_final,4246,426110,2026-06-23T16:46:59.589719,Pas tensometryczny,-5205344,-5205344,true
session_20260623_163953_final,4247,426199,2026-06-23T16:46:59.678769,Pas tensometryczny,-5205608,-5205608,true
session_20260623_163953_final,4248,426291,2026-06-23T16:46:59.770684,Pas tensometryczny,-5205638,-5205638,true
session_20260623_163953_final,4249,426426,2026-06-23T16:46:59.905020,Pas tensometryczny,-5205656,-5205656,true
session_20260623_163953_final,4250,426516,2026-06-23T16:46:59.994940,Pas tensometryczny,-5205685,-5205685,true
session_20260623_163953_final,4251,426607,2026-06-23T16:47:00.086068,Pas tensometryczny,-5205570,-5205570,true
session_20260623_163953_final,4252,426695,2026-06-23T16:47:00.174600,Pas tensometryczny,-5205690,-5205690,true
session_20260623_163953_final,4253,426832,2026-06-23T16:47:00.311561,Pas tensometryczny,-5205890,-5205890,true
session_20260623_163953_final,4254,426920,2026-06-23T16:47:00.399815,Pas tensometryczny,-5206115,-5206115,true
session_20260623_163953_final,4255,427013,2026-06-23T16:47:00.492032,Pas tensometryczny,-5206190,-5206190,true
session_20260623_163953_final,4256,427102,2026-06-23T16:47:00.581357,Pas tensometryczny,-5206414,-5206414,true
session_20260623_163953_final,4257,427192,2026-06-23T16:47:00.671272,Pas tensometryczny,-5206748,-5206748,true
session_20260623_163953_final,4258,427327,2026-06-23T16:47:00.806488,Pas tensometryczny,-5206569,-5206569,true
session_20260623_163953_final,4259,427415,2026-06-23T16:47:00.894180,Pas tensometryczny,-5206459,-5206459,true
session_20260623_163953_final,4260,427506,2026-06-23T16:47:00.985102,Pas tensometryczny,-5206502,-5206502,true
session_20260623_163953_final,4261,427612,2026-06-23T16:47:01.091015,Pas tensometryczny,-5206429,-5206429,true
session_20260623_163953_final,4262,427732,2026-06-23T16:47:01.210980,Pas tensometryczny,-5205376,-5205376,true
session_20260623_163953_final,4263,427821,2026-06-23T16:47:01.299917,Pas tensometryczny,-5203002,-5203002,true
session_20260623_163953_final,4264,427958,2026-06-23T16:47:01.437626,Pas tensometryczny,-5200698,-5200698,true
session_20260623_163953_final,4265,428001,2026-06-23T16:47:01.479867,Pas tensometryczny,-5198979,-5198979,true
session_20260623_163953_final,4266,428141,2026-06-23T16:47:01.620668,Pas tensometryczny,-5197397,-5197397,true
session_20260623_163953_final,4267,428226,2026-06-23T16:47:01.705402,Pas tensometryczny,-5196153,-5196153,true
session_20260623_163953_final,4268,428320,2026-06-23T16:47:01.799653,Pas tensometryczny,-5195207,-5195207,true
session_20260623_163953_final,4269,428411,2026-06-23T16:47:01.889859,Pas tensometryczny,-5194607,-5194607,true
session_20260623_163953_final,4270,428498,2026-06-23T16:47:01.976925,Pas tensometryczny,-5195654,-5195654,true
session_20260623_163953_final,4271,428635,2026-06-23T16:47:02.114387,Pas tensometryczny,-5196526,-5196526,true
session_20260623_163953_final,4272,428772,2026-06-23T16:47:02.250893,Pas tensometryczny,-5196599,-5196599,true
session_20260623_163953_final,4273,428811,2026-06-23T16:47:02.290748,Pas tensometryczny,-5196623,-5196623,true
session_20260623_163953_final,4274,428905,2026-06-23T16:47:02.384333,Pas tensometryczny,-5196633,-5196633,true
session_20260623_163953_final,4275,429039,2026-06-23T16:47:02.518693,Pas tensometryczny,-5196804,-5196804,true
session_20260623_163953_final,4276,429126,2026-06-23T16:47:02.605359,Pas tensometryczny,-5197289,-5197289,true
session_20260623_163953_final,4277,429229,2026-06-23T16:47:02.707828,Pas tensometryczny,-5197731,-5197731,true
session_20260623_163953_final,4278,429305,2026-06-23T16:47:02.784514,Pas tensometryczny,-5197801,-5197801,true
session_20260623_163953_final,4279,429440,2026-06-23T16:47:02.919121,Pas tensometryczny,-5197913,-5197913,true
session_20260623_163953_final,4280,429532,2026-06-23T16:47:03.010870,Pas tensometryczny,-5197844,-5197844,true
session_20260623_163953_final,4281,429627,2026-06-23T16:47:03.106586,Pas tensometryczny,-5197945,-5197945,true
session_20260623_163953_final,4282,429711,2026-06-23T16:47:03.190499,Pas tensometryczny,-5198364,-5198364,true
session_20260623_163953_final,4283,429801,2026-06-23T16:47:03.280475,Pas tensometryczny,-5198604,-5198604,true
session_20260623_163953_final,4284,429937,2026-06-23T16:47:03.416736,Pas tensometryczny,-5198698,-5198698,true
session_20260623_163953_final,4285,430031,2026-06-23T16:47:03.510780,Pas tensometryczny,-5198664,-5198664,true
session_20260623_163953_final,4286,430117,2026-06-23T16:47:03.596611,Pas tensometryczny,-5198680,-5198680,true
session_20260623_163953_final,4287,430208,2026-06-23T16:47:03.687256,Pas tensometryczny,-5198771,-5198771,true
session_20260623_163953_final,4288,430342,2026-06-23T16:47:03.821466,Pas tensometryczny,-5198955,-5198955,true
session_20260623_163953_final,4289,430445,2026-06-23T16:47:03.923818,Pas tensometryczny,-5199298,-5199298,true
session_20260623_163953_final,4290,430521,2026-06-23T16:47:04.000228,Pas tensometryczny,-5199586,-5199586,true
session_20260623_163953_final,4291,430611,2026-06-23T16:47:04.090644,Pas tensometryczny,-5199756,-5199756,true
session_20260623_163953_final,4292,430701,2026-06-23T16:47:04.180386,Pas tensometryczny,-5199865,-5199865,true
session_20260623_163953_final,4293,430837,2026-06-23T16:47:04.315945,Pas tensometryczny,-5200142,-5200142,true
session_20260623_163953_final,4294,430928,2026-06-23T16:47:04.407224,Pas tensometryczny,-5200418,-5200418,true
session_20260623_163953_final,4295,431017,2026-06-23T16:47:04.496447,Pas tensometryczny,-5200545,-5200545,true
session_20260623_163953_final,4296,431111,2026-06-23T16:47:04.590441,Pas tensometryczny,-5200775,-5200775,true
session_20260623_163953_final,4297,431246,2026-06-23T16:47:04.724830,Pas tensometryczny,-5201388,-5201388,true
session_20260623_163953_final,4298,431333,2026-06-23T16:47:04.812305,Pas tensometryczny,-5201341,-5201341,true
session_20260623_163953_final,4299,431426,2026-06-23T16:47:04.905263,Pas tensometryczny,-5201463,-5201463,true
session_20260623_163953_final,4300,431520,2026-06-23T16:47:04.998829,Pas tensometryczny,-5201629,-5201629,true
session_20260623_163953_final,4301,431645,2026-06-23T16:47:05.124262,Pas tensometryczny,-5201803,-5201803,true
session_20260623_163953_final,4302,431736,2026-06-23T16:47:05.215620,Pas tensometryczny,-5202086,-5202086,true
session_20260623_163953_final,4303,431828,2026-06-23T16:47:05.307293,Pas tensometryczny,-5202262,-5202262,true
session_20260623_163953_final,4304,431916,2026-06-23T16:47:05.394916,Pas tensometryczny,-5202586,-5202586,true
session_20260623_163953_final,4305,432012,2026-06-23T16:47:05.490887,Pas tensometryczny,-5202746,-5202746,true
session_20260623_163953_final,4306,432141,2026-06-23T16:47:05.620722,Pas tensometryczny,-5202650,-5202650,true
session_20260623_163953_final,4307,432232,2026-06-23T16:47:05.710833,Pas tensometryczny,-5202808,-5202808,true
session_20260623_163953_final,4308,432322,2026-06-23T16:47:05.800850,Pas tensometryczny,-5203059,-5203059,true
session_20260623_163953_final,4309,432412,2026-06-23T16:47:05.891665,Pas tensometryczny,-5203310,-5203310,true
session_20260623_163953_final,4310,432555,2026-06-23T16:47:06.034080,Pas tensometryczny,-5203458,-5203458,true
session_20260623_163953_final,4311,432638,2026-06-23T16:47:06.117784,Pas tensometryczny,-5203515,-5203515,true
session_20260623_163953_final,4312,432726,2026-06-23T16:47:06.205156,Pas tensometryczny,-5203625,-5203625,true
session_20260623_163953_final,4313,432815,2026-06-23T16:47:06.294255,Pas tensometryczny,-5203727,-5203727,true
session_20260623_163953_final,4314,432914,2026-06-23T16:47:06.392934,Pas tensometryczny,-5203814,-5203814,true
session_20260623_163953_final,4315,433087,2026-06-23T16:47:06.566804,Pas tensometryczny,-5203920,-5203920,true
session_20260623_163953_final,4316,433148,2026-06-23T16:47:06.626877,Pas tensometryczny,-5204001,-5204001,true
session_20260623_163953_final,4317,433222,2026-06-23T16:47:06.701627,Pas tensometryczny,-5204000,-5204000,true
session_20260623_163953_final,4318,433314,2026-06-23T16:47:06.793434,Pas tensometryczny,-5204046,-5204046,true
session_20260623_163953_final,4319,433450,2026-06-23T16:47:06.928922,Pas tensometryczny,-5204378,-5204378,true
session_20260623_163953_final,4320,433535,2026-06-23T16:47:07.014253,Pas tensometryczny,-5204647,-5204647,true
session_20260623_163953_final,4321,433625,2026-06-23T16:47:07.104649,Pas tensometryczny,-5204693,-5204693,true
session_20260623_163953_final,4322,433733,2026-06-23T16:47:07.211915,Pas tensometryczny,-5204778,-5204778,true
session_20260623_163953_final,4323,433850,2026-06-23T16:47:07.329604,Pas tensometryczny,-5205012,-5205012,true
session_20260623_163953_final,4324,433941,2026-06-23T16:47:07.419866,Pas tensometryczny,-5205074,-5205074,true
session_20260623_163953_final,4325,434031,2026-06-23T16:47:07.510764,Pas tensometryczny,-5205126,-5205126,true
session_20260623_163953_final,4326,434138,2026-06-23T16:47:07.617398,Pas tensometryczny,-5205283,-5205283,true
session_20260623_163953_final,4327,434211,2026-06-23T16:47:07.690430,Pas tensometryczny,-5205443,-5205443,true
session_20260623_163953_final,4328,434344,2026-06-23T16:47:07.823686,Pas tensometryczny,-5205611,-5205611,true
session_20260623_163953_final,4329,434436,2026-06-23T16:47:07.915264,Pas tensometryczny,-5205650,-5205650,true
session_20260623_163953_final,4330,434525,2026-06-23T16:47:08.004386,Pas tensometryczny,-5205728,-5205728,true
session_20260623_163953_final,4331,434732,2026-06-23T16:47:08.211485,Pas tensometryczny,-5206016,-5206016,true
session_20260623_163953_final,4332,434759,2026-06-23T16:47:08.238498,Pas tensometryczny,-5206092,-5206092,true
session_20260623_163953_final,4333,434841,2026-06-23T16:47:08.320441,Pas tensometryczny,-5206137,-5206137,true
session_20260623_163953_final,4334,434931,2026-06-23T16:47:08.410600,Pas tensometryczny,-5206248,-5206248,true
session_20260623_163953_final,4335,435020,2026-06-23T16:47:08.499522,Pas tensometryczny,-5206419,-5206419,true
session_20260623_163953_final,4336,435110,2026-06-23T16:47:08.589403,Pas tensometryczny,-5206508,-5206508,true
session_20260623_163953_final,4337,435246,2026-06-23T16:47:08.725415,Pas tensometryczny,-5206301,-5206301,true
session_20260623_163953_final,4338,435337,2026-06-23T16:47:08.816812,Pas tensometryczny,-5206384,-5206384,true
session_20260623_163953_final,4339,435427,2026-06-23T16:47:08.906514,Pas tensometryczny,-5206705,-5206705,true
session_20260623_163953_final,4340,435518,2026-06-23T16:47:08.997788,Pas tensometryczny,-5206788,-5206788,true
session_20260623_163953_final,4341,435652,2026-06-23T16:47:09.130882,Pas tensometryczny,-5206868,-5206868,true
session_20260623_163953_final,4342,435743,2026-06-23T16:47:09.222562,Pas tensometryczny,-5206998,-5206998,true
session_20260623_163953_final,4343,435833,2026-06-23T16:47:09.312102,Pas tensometryczny,-5207087,-5207087,true
session_20260623_163953_final,4344,435929,2026-06-23T16:47:09.408344,Pas tensometryczny,-5206901,-5206901,true
session_20260623_163953_final,4345,436056,2026-06-23T16:47:09.534989,Pas tensometryczny,-5207155,-5207155,true
session_20260623_163953_final,4346,436157,2026-06-23T16:47:09.636578,Pas tensometryczny,-5208079,-5208079,true
session_20260623_163953_final,4347,436238,2026-06-23T16:47:09.717359,Pas tensometryczny,-5208409,-5208409,true
session_20260623_163953_final,4348,436328,2026-06-23T16:47:09.807451,Pas tensometryczny,-5208102,-5208102,true
session_20260623_163953_final,4349,436461,2026-06-23T16:47:09.940648,Pas tensometryczny,-5208065,-5208065,true
session_20260623_163953_final,4350,436591,2026-06-23T16:47:10.070628,Pas tensometryczny,-5206670,-5206670,true
session_20260623_163953_final,4351,436742,2026-06-23T16:47:10.220957,Pas tensometryczny,-5204509,-5204509,true
session_20260623_163953_final,4352,436762,2026-06-23T16:47:10.241281,Pas tensometryczny,-5202714,-5202714,true
session_20260623_163953_final,4353,436823,2026-06-23T16:47:10.302122,Pas tensometryczny,-5201286,-5201286,true
session_20260623_163953_final,4354,436954,2026-06-23T16:47:10.433349,Pas tensometryczny,-5200447,-5200447,true
session_20260623_163953_final,4355,437047,2026-06-23T16:47:10.526781,Pas tensometryczny,-5200532,-5200532,true
session_20260623_163953_final,4356,437139,2026-06-23T16:47:10.618646,Pas tensometryczny,-5201532,-5201532,true
session_20260623_163953_final,4357,437227,2026-06-23T16:47:10.706073,Pas tensometryczny,-5202309,-5202309,true
session_20260623_163953_final,4358,437366,2026-06-23T16:47:10.845681,Pas tensometryczny,-5202386,-5202386,true
session_20260623_163953_final,4359,437450,2026-06-23T16:47:10.929257,Pas tensometryczny,-5202164,-5202164,true
session_20260623_163953_final,4360,437542,2026-06-23T16:47:11.021373,Pas tensometryczny,-5201974,-5201974,true
session_20260623_163953_final,4361,437636,2026-06-23T16:47:11.114983,Pas tensometryczny,-5202000,-5202000,true
session_20260623_163953_final,4362,437720,2026-06-23T16:47:11.198955,Pas tensometryczny,-5202447,-5202447,true
session_20260623_163953_final,4363,437859,2026-06-23T16:47:11.338620,Pas tensometryczny,-5203174,-5203174,true
session_20260623_163953_final,4364,437947,2026-06-23T16:47:11.426543,Pas tensometryczny,-5203236,-5203236,true
session_20260623_163953_final,4365,438042,2026-06-23T16:47:11.521466,Pas tensometryczny,-5203177,-5203177,true
session_20260623_163953_final,4366,438126,2026-06-23T16:47:11.605548,Pas tensometryczny,-5203231,-5203231,true
session_20260623_163953_final,4367,438262,2026-06-23T16:47:11.741654,Pas tensometryczny,-5201926,-5201926,true
session_20260623_163953_final,4368,438359,2026-06-23T16:47:11.838216,Pas tensometryczny,-5200420,-5200420,true
session_20260623_163953_final,4369,438440,2026-06-23T16:47:11.918944,Pas tensometryczny,-5200444,-5200444,true
session_20260623_163953_final,4370,438535,2026-06-23T16:47:12.014352,Pas tensometryczny,-5201246,-5201246,true
session_20260623_163953_final,4371,438635,2026-06-23T16:47:12.114418,Pas tensometryczny,-5201319,-5201319,true
session_20260623_163953_final,4372,438810,2026-06-23T16:47:12.289694,Pas tensometryczny,-5201184,-5201184,true
session_20260623_163953_final,4373,438845,2026-06-23T16:47:12.324115,Pas tensometryczny,-5201770,-5201770,true
session_20260623_163953_final,4374,438936,2026-06-23T16:47:12.415090,Pas tensometryczny,-5203110,-5203110,true
session_20260623_163953_final,4375,439025,2026-06-23T16:47:12.503869,Pas tensometryczny,-5203083,-5203083,true
session_20260623_163953_final,4376,439160,2026-06-23T16:47:12.639370,Pas tensometryczny,-5201437,-5201437,true
session_20260623_163953_final,4377,439249,2026-06-23T16:47:12.728755,Pas tensometryczny,-5200757,-5200757,true
session_20260623_163953_final,4378,439353,2026-06-23T16:47:12.832137,Pas tensometryczny,-5200751,-5200751,true
session_20260623_163953_final,4379,439431,2026-06-23T16:47:12.910487,Pas tensometryczny,-5201077,-5201077,true
session_20260623_163953_final,4380,439565,2026-06-23T16:47:13.044672,Pas tensometryczny,-5201552,-5201552,true
session_20260623_163953_final,4381,439655,2026-06-23T16:47:13.134442,Pas tensometryczny,-5201665,-5201665,true
session_20260623_163953_final,4382,439747,2026-06-23T16:47:13.226051,Pas tensometryczny,-5201538,-5201538,true
session_20260623_163953_final,4383,439838,2026-06-23T16:47:13.317616,Pas tensometryczny,-5202938,-5202938,true
session_20260623_163953_final,4384,439925,2026-06-23T16:47:13.404509,Pas tensometryczny,-5205652,-5205652,true
session_20260623_163953_final,4385,440061,2026-06-23T16:47:13.540495,Pas tensometryczny,-5207722,-5207722,true
session_20260623_163953_final,4386,440155,2026-06-23T16:47:13.634487,Pas tensometryczny,-5207896,-5207896,true
session_20260623_163953_final,4387,440243,2026-06-23T16:47:13.722053,Pas tensometryczny,-5208072,-5208072,true
session_20260623_163953_final,4388,440330,2026-06-23T16:47:13.809397,Pas tensometryczny,-5207798,-5207798,true
session_20260623_163953_final,4389,440464,2026-06-23T16:47:13.943677,Pas tensometryczny,-5206325,-5206325,true
session_20260623_163953_final,4390,440556,2026-06-23T16:47:14.035045,Pas tensometryczny,-5203808,-5203808,true
session_20260623_163953_final,4391,440645,2026-06-23T16:47:14.124754,Pas tensometryczny,-5201631,-5201631,true
session_20260623_163953_final,4392,440738,2026-06-23T16:47:14.216836,Pas tensometryczny,-5200411,-5200411,true
session_20260623_163953_final,4393,440827,2026-06-23T16:47:14.306297,Pas tensometryczny,-5201068,-5201068,true
session_20260623_163953_final,4394,440959,2026-06-23T16:47:14.438791,Pas tensometryczny,-5201975,-5201975,true
session_20260623_163953_final,4395,441050,2026-06-23T16:47:14.529013,Pas tensometryczny,-5202079,-5202079,true
session_20260623_163953_final,4396,441146,2026-06-23T16:47:14.625227,Pas tensometryczny,-5202941,-5202941,true
session_20260623_163953_final,4397,441230,2026-06-23T16:47:14.708845,Pas tensometryczny,-5203384,-5203384,true
session_20260623_163953_final,4398,441364,2026-06-23T16:47:14.843378,Pas tensometryczny,-5203734,-5203734,true
session_20260623_163953_final,4399,441456,2026-06-23T16:47:14.935471,Pas tensometryczny,-5204576,-5204576,true
session_20260623_163953_final,4400,441546,2026-06-23T16:47:15.024896,Pas tensometryczny,-5205392,-5205392,true
session_20260623_163953_final,4401,441640,2026-06-23T16:47:15.119102,Pas tensometryczny,-5204387,-5204387,true
session_20260623_163953_final,4402,441771,2026-06-23T16:47:15.250696,Pas tensometryczny,-5202661,-5202661,true
session_20260623_163953_final,4403,441863,2026-06-23T16:47:15.341909,Pas tensometryczny,-5202487,-5202487,true
session_20260623_163953_final,4404,441951,2026-06-23T16:47:15.429970,Pas tensometryczny,-5205102,-5205102,true
session_20260623_163953_final,4405,442040,2026-06-23T16:47:15.519318,Pas tensometryczny,-5207932,-5207932,true
session_20260623_163953_final,4406,442132,2026-06-23T16:47:15.610865,Pas tensometryczny,-5209668,-5209668,true
session_20260623_163953_final,4407,442272,2026-06-23T16:47:15.751637,Pas tensometryczny,-5209436,-5209436,true
