session_id,sample_index,timestamp_ms,datetime_iso,device_name,raw_payload,raw_pressure,parse_ok
session_20260623_163953_final,0,24,2026-06-23T16:39:53.503306,Pas barometryczny,1078.35,1078.35,true
session_20260623_163953_final,1,114,2026-06-23T16:39:53.592948,Pas barometryczny,1078.94,1078.94,true
session_20260623_163953_final,2,202,2026-06-23T16:39:53.681244,Pas barometryczny,1079.19,1079.19,true
session_20260623_163953_final,3,337,2026-06-23T16:39:53.815902,Pas barometryczny,1079.33,1079.33,true
session_20260623_163953_final,4,429,2026-06-23T16:39:53.908394,Pas barometryczny,1079.05,1079.05,true
session_20260623_163953_final,5,517,2026-06-23T16:39:53.996717,Pas barometryczny,1078.43,1078.43,true
session_20260623_163953_final,6,612,2026-06-23T16:39:54.091418,Pas barometryczny,1077.89,1077.89,true
session_20260623_163953_final,7,745,2026-06-23T16:39:54.224188,Pas barometryczny,1077.53,1077.53,true
session_20260623_163953_final,8,836,2026-06-23T16:39:54.315423,Pas barometryczny,1076.35,1076.35,true
session_20260623_163953_final,9,924,2026-06-23T16:39:54.403,Pas barometryczny,1075.92,1075.92,true
session_20260623_163953_final,10,1018,2026-06-23T16:39:54.497580,Pas barometryczny,1075.98,1075.98,true
session_20260623_163953_final,11,1149,2026-06-23T16:39:54.627931,Pas barometryczny,1075.90,1075.90,true
session_20260623_163953_final,12,1238,2026-06-23T16:39:54.716864,Pas barometryczny,1075.94,1075.94,true
session_20260623_163953_final,13,1327,2026-06-23T16:39:54.806579,Pas barometryczny,1076.00,1076.00,true
session_20260623_163953_final,14,1419,2026-06-23T16:39:54.898062,Pas barometryczny,1076.12,1076.12,true
session_20260623_163953_final,15,1554,2026-06-23T16:39:55.033674,Pas barometryczny,1076.31,1076.31,true
session_20260623_163953_final,16,1644,2026-06-23T16:39:55.123788,Pas barometryczny,1076.57,1076.57,true
session_20260623_163953_final,17,1732,2026-06-23T16:39:55.211572,Pas barometryczny,1077.21,1077.21,true
session_20260623_163953_final,18,1871,2026-06-23T16:39:55.350048,Pas barometryczny,1077.76,1077.76,true
session_20260623_163953_final,19,1970,2026-06-23T16:39:55.448861,Pas barometryczny,1078.29,1078.29,true
session_20260623_163953_final,20,2050,2026-06-23T16:39:55.529720,Pas barometryczny,1078.73,1078.73,true
session_20260623_163953_final,21,2137,2026-06-23T16:39:55.616425,Pas barometryczny,1079.15,1079.15,true
session_20260623_163953_final,22,2272,2026-06-23T16:39:55.751700,Pas barometryczny,1079.56,1079.56,true
session_20260623_163953_final,23,2371,2026-06-23T16:39:55.849898,Pas barometryczny,1079.84,1079.84,true
session_20260623_163953_final,24,2458,2026-06-23T16:39:55.937496,Pas barometryczny,1079.90,1079.90,true
session_20260623_163953_final,25,2545,2026-06-23T16:39:56.024448,Pas barometryczny,1079.33,1079.33,true
session_20260623_163953_final,26,2693,2026-06-23T16:39:56.172151,Pas barometryczny,1078.41,1078.41,true
session_20260623_163953_final,27,2770,2026-06-23T16:39:56.248941,Pas barometryczny,1077.65,1077.65,true
session_20260623_163953_final,28,2857,2026-06-23T16:39:56.336131,Pas barometryczny,1077.20,1077.20,true
session_20260623_163953_final,29,2949,2026-06-23T16:39:56.428115,Pas barometryczny,1077.06,1077.06,true
session_20260623_163953_final,30,3090,2026-06-23T16:39:56.569504,Pas barometryczny,1076.74,1076.74,true
session_20260623_163953_final,31,3172,2026-06-23T16:39:56.651057,Pas barometryczny,1076.52,1076.52,true
session_20260623_163953_final,32,3271,2026-06-23T16:39:56.750689,Pas barometryczny,1076.35,1076.35,true
session_20260623_163953_final,33,3397,2026-06-23T16:39:56.876390,Pas barometryczny,1076.41,1076.41,true
session_20260623_163953_final,34,3490,2026-06-23T16:39:56.969495,Pas barometryczny,1076.85,1076.85,true
session_20260623_163953_final,35,3577,2026-06-23T16:39:57.056132,Pas barometryczny,1077.01,1077.01,true
session_20260623_163953_final,36,3677,2026-06-23T16:39:57.156209,Pas barometryczny,1078.26,1078.26,true
session_20260623_163953_final,37,3808,2026-06-23T16:39:57.287254,Pas barometryczny,1079.71,1079.71,true
session_20260623_163953_final,38,3893,2026-06-23T16:39:57.372519,Pas barometryczny,1080.52,1080.52,true
session_20260623_163953_final,39,3990,2026-06-23T16:39:57.468976,Pas barometryczny,1079.96,1079.96,true
session_20260623_163953_final,40,4077,2026-06-23T16:39:57.556769,Pas barometryczny,1081.42,1081.42,true
session_20260623_163953_final,41,4213,2026-06-23T16:39:57.692562,Pas barometryczny,1081.64,1081.64,true
session_20260623_163953_final,42,4300,2026-06-23T16:39:57.778926,Pas barometryczny,1080.95,1080.95,true
session_20260623_163953_final,43,4397,2026-06-23T16:39:57.875954,Pas barometryczny,1080.67,1080.67,true
session_20260623_163953_final,44,4480,2026-06-23T16:39:57.959138,Pas barometryczny,1080.46,1080.46,true
session_20260623_163953_final,45,4613,2026-06-23T16:39:58.092546,Pas barometryczny,1080.53,1080.53,true
session_20260623_163953_final,46,4703,2026-06-23T16:39:58.182744,Pas barometryczny,1080.65,1080.65,true
session_20260623_163953_final,47,4795,2026-06-23T16:39:58.273939,Pas barometryczny,1080.67,1080.67,true
session_20260623_163953_final,48,4928,2026-06-23T16:39:58.407054,Pas barometryczny,1080.37,1080.37,true
session_20260623_163953_final,49,5032,2026-06-23T16:39:58.510996,Pas barometryczny,1080.33,1080.33,true
session_20260623_163953_final,50,5115,2026-06-23T16:39:58.594399,Pas barometryczny,1080.26,1080.26,true
session_20260623_163953_final,51,5198,2026-06-23T16:39:58.677789,Pas barometryczny,1080.33,1080.33,true
session_20260623_163953_final,52,5334,2026-06-23T16:39:58.812830,Pas barometryczny,1080.42,1080.42,true
session_20260623_163953_final,53,5433,2026-06-23T16:39:58.912804,Pas barometryczny,1079.77,1079.77,true
session_20260623_163953_final,54,5517,2026-06-23T16:39:58.996279,Pas barometryczny,1078.76,1078.76,true
session_20260623_163953_final,55,5604,2026-06-23T16:39:59.083543,Pas barometryczny,1077.99,1077.99,true
session_20260623_163953_final,56,5751,2026-06-23T16:39:59.230227,Pas barometryczny,1077.29,1077.29,true
session_20260623_163953_final,57,5829,2026-06-23T16:39:59.308784,Pas barometryczny,1076.67,1076.67,true
session_20260623_163953_final,58,5918,2026-06-23T16:39:59.397715,Pas barometryczny,1076.34,1076.34,true
session_20260623_163953_final,59,6018,2026-06-23T16:39:59.496836,Pas barometryczny,1076.08,1076.08,true
session_20260623_163953_final,60,6144,2026-06-23T16:39:59.623015,Pas barometryczny,1075.82,1075.82,true
session_20260623_163953_final,61,6233,2026-06-23T16:39:59.712006,Pas barometryczny,1075.55,1075.55,true
session_20260623_163953_final,62,6322,2026-06-23T16:39:59.801216,Pas barometryczny,1075.43,1075.43,true
session_20260623_163953_final,63,6458,2026-06-23T16:39:59.937782,Pas barometryczny,1075.34,1075.34,true
session_20260623_163953_final,64,6547,2026-06-23T16:40:00.026697,Pas barometryczny,1075.38,1075.38,true
session_20260623_163953_final,65,6656,2026-06-23T16:40:00.135217,Pas barometryczny,1075.62,1075.62,true
session_20260623_163953_final,66,6737,2026-06-23T16:40:00.216053,Pas barometryczny,1075.96,1075.96,true
session_20260623_163953_final,67,6872,2026-06-23T16:40:00.351184,Pas barometryczny,1076.49,1076.49,true
session_20260623_163953_final,68,6952,2026-06-23T16:40:00.431304,Pas barometryczny,1077.66,1077.66,true
session_20260623_163953_final,69,7050,2026-06-23T16:40:00.529332,Pas barometryczny,1078.04,1078.04,true
session_20260623_163953_final,70,7133,2026-06-23T16:40:00.612157,Pas barometryczny,1078.51,1078.51,true
session_20260623_163953_final,71,7268,2026-06-23T16:40:00.746918,Pas barometryczny,1078.99,1078.99,true
session_20260623_163953_final,72,7373,2026-06-23T16:40:00.851953,Pas barometryczny,1079.36,1079.36,true
session_20260623_163953_final,73,7449,2026-06-23T16:40:00.928361,Pas barometryczny,1079.61,1079.61,true
session_20260623_163953_final,74,7544,2026-06-23T16:40:01.023211,Pas barometryczny,1079.44,1079.44,true
session_20260623_163953_final,75,7675,2026-06-23T16:40:01.154679,Pas barometryczny,1079.06,1079.06,true
session_20260623_163953_final,76,7773,2026-06-23T16:40:01.252775,Pas barometryczny,1078.49,1078.49,true
session_20260623_163953_final,77,7853,2026-06-23T16:40:01.331950,Pas barometryczny,1077.89,1077.89,true
session_20260623_163953_final,78,7991,2026-06-23T16:40:01.470137,Pas barometryczny,1077.41,1077.41,true
session_20260623_163953_final,79,8092,2026-06-23T16:40:01.571756,Pas barometryczny,1077.04,1077.04,true
session_20260623_163953_final,80,8169,2026-06-23T16:40:01.647969,Pas barometryczny,1076.62,1076.62,true
session_20260623_163953_final,81,8257,2026-06-23T16:40:01.736211,Pas barometryczny,1076.30,1076.30,true
session_20260623_163953_final,82,8393,2026-06-23T16:40:01.872505,Pas barometryczny,1075.92,1075.92,true
session_20260623_163953_final,83,8493,2026-06-23T16:40:01.972686,Pas barometryczny,1075.60,1075.60,true
session_20260623_163953_final,84,8576,2026-06-23T16:40:02.055060,Pas barometryczny,1075.46,1075.46,true
session_20260623_163953_final,85,8669,2026-06-23T16:40:02.148596,Pas barometryczny,1075.34,1075.34,true
session_20260623_163953_final,86,8813,2026-06-23T16:40:02.292458,Pas barometryczny,1075.26,1075.26,true
session_20260623_163953_final,87,8893,2026-06-23T16:40:02.372229,Pas barometryczny,1075.22,1075.22,true
session_20260623_163953_final,88,8979,2026-06-23T16:40:02.457910,Pas barometryczny,1075.27,1075.27,true
session_20260623_163953_final,89,9076,2026-06-23T16:40:02.555346,Pas barometryczny,1075.21,1075.21,true
session_20260623_163953_final,90,9213,2026-06-23T16:40:02.691986,Pas barometryczny,1075.21,1075.21,true
session_20260623_163953_final,91,9294,2026-06-23T16:40:02.773173,Pas barometryczny,1075.35,1075.35,true
session_20260623_163953_final,92,9398,2026-06-23T16:40:02.877007,Pas barometryczny,1075.42,1075.42,true
session_20260623_163953_final,93,9518,2026-06-23T16:40:02.997368,Pas barometryczny,1075.79,1075.79,true
session_20260623_163953_final,94,9611,2026-06-23T16:40:03.090769,Pas barometryczny,1076.30,1076.30,true
session_20260623_163953_final,95,9700,2026-06-23T16:40:03.178954,Pas barometryczny,1076.85,1076.85,true
session_20260623_163953_final,96,9797,2026-06-23T16:40:03.276722,Pas barometryczny,1077.19,1077.19,true
session_20260623_163953_final,97,9925,2026-06-23T16:40:03.404595,Pas barometryczny,1077.58,1077.58,true
session_20260623_163953_final,98,10014,2026-06-23T16:40:03.493202,Pas barometryczny,1078.38,1078.38,true
session_20260623_163953_final,99,10116,2026-06-23T16:40:03.595378,Pas barometryczny,1078.71,1078.71,true
session_20260623_163953_final,100,10204,2026-06-23T16:40:03.682863,Pas barometryczny,1078.87,1078.87,true
session_20260623_163953_final,101,10329,2026-06-23T16:40:03.808803,Pas barometryczny,1078.52,1078.52,true
session_20260623_163953_final,102,10432,2026-06-23T16:40:03.911216,Pas barometryczny,1077.92,1077.92,true
session_20260623_163953_final,103,10515,2026-06-23T16:40:03.994758,Pas barometryczny,1077.16,1077.16,true
session_20260623_163953_final,104,10599,2026-06-23T16:40:04.078512,Pas barometryczny,1076.71,1076.71,true
session_20260623_163953_final,105,10738,2026-06-23T16:40:04.217132,Pas barometryczny,1076.38,1076.38,true
session_20260623_163953_final,106,10823,2026-06-23T16:40:04.302708,Pas barometryczny,1076.04,1076.04,true
session_20260623_163953_final,107,10916,2026-06-23T16:40:04.395176,Pas barometryczny,1075.59,1075.59,true
session_20260623_163953_final,108,11052,2026-06-23T16:40:04.531166,Pas barometryczny,1075.37,1075.37,true
session_20260623_163953_final,109,11139,2026-06-23T16:40:04.618664,Pas barometryczny,1075.17,1075.17,true
session_20260623_163953_final,110,11228,2026-06-23T16:40:04.707073,Pas barometryczny,1075.08,1075.08,true
session_20260623_163953_final,111,11321,2026-06-23T16:40:04.799982,Pas barometryczny,1075.20,1075.20,true
session_20260623_163953_final,112,11458,2026-06-23T16:40:04.936840,Pas barometryczny,1075.22,1075.22,true
session_20260623_163953_final,113,11553,2026-06-23T16:40:05.031936,Pas barometryczny,1075.24,1075.24,true
session_20260623_163953_final,114,11633,2026-06-23T16:40:05.111978,Pas barometryczny,1075.24,1075.24,true
session_20260623_163953_final,115,11735,2026-06-23T16:40:05.214263,Pas barometryczny,1075.29,1075.29,true
session_20260623_163953_final,116,11870,2026-06-23T16:40:05.349220,Pas barometryczny,1075.29,1075.29,true
session_20260623_163953_final,117,11953,2026-06-23T16:40:05.431964,Pas barometryczny,1075.52,1075.52,true
session_20260623_163953_final,118,12041,2026-06-23T16:40:05.520653,Pas barometryczny,1076.02,1076.02,true
session_20260623_163953_final,119,12129,2026-06-23T16:40:05.608034,Pas barometryczny,1076.65,1076.65,true
session_20260623_163953_final,120,12271,2026-06-23T16:40:05.750460,Pas barometryczny,1077.10,1077.10,true
session_20260623_163953_final,121,12354,2026-06-23T16:40:05.833295,Pas barometryczny,1077.59,1077.59,true
session_20260623_163953_final,122,12448,2026-06-23T16:40:05.927686,Pas barometryczny,1077.98,1077.98,true
session_20260623_163953_final,123,12585,2026-06-23T16:40:06.064792,Pas barometryczny,1078.34,1078.34,true
session_20260623_163953_final,124,12669,2026-06-23T16:40:06.148259,Pas barometryczny,1078.56,1078.56,true
session_20260623_163953_final,125,12761,2026-06-23T16:40:06.240499,Pas barometryczny,1078.83,1078.83,true
session_20260623_163953_final,126,12858,2026-06-23T16:40:06.336973,Pas barometryczny,1078.63,1078.63,true
session_20260623_163953_final,127,12988,2026-06-23T16:40:06.467024,Pas barometryczny,1077.99,1077.99,true
session_20260623_163953_final,128,13079,2026-06-23T16:40:06.558294,Pas barometryczny,1077.51,1077.51,true
session_20260623_163953_final,129,13178,2026-06-23T16:40:06.657690,Pas barometryczny,1076.87,1076.87,true
session_20260623_163953_final,130,13261,2026-06-23T16:40:06.740024,Pas barometryczny,1076.76,1076.76,true
session_20260623_163953_final,131,13391,2026-06-23T16:40:06.870319,Pas barometryczny,1076.17,1076.17,true
session_20260623_163953_final,132,13489,2026-06-23T16:40:06.968522,Pas barometryczny,1075.93,1075.93,true
session_20260623_163953_final,133,13568,2026-06-23T16:40:07.046869,Pas barometryczny,1075.95,1075.95,true
session_20260623_163953_final,134,13657,2026-06-23T16:40:07.136763,Pas barometryczny,1075.74,1075.74,true
session_20260623_163953_final,135,13791,2026-06-23T16:40:07.270566,Pas barometryczny,1075.60,1075.60,true
session_20260623_163953_final,136,13889,2026-06-23T16:40:07.368111,Pas barometryczny,1075.33,1075.33,true
session_20260623_163953_final,137,13975,2026-06-23T16:40:07.454262,Pas barometryczny,1075.30,1075.30,true
session_20260623_163953_final,138,14112,2026-06-23T16:40:07.591471,Pas barometryczny,1075.33,1075.33,true
session_20260623_163953_final,139,14208,2026-06-23T16:40:07.687115,Pas barometryczny,1075.35,1075.35,true
session_20260623_163953_final,140,14290,2026-06-23T16:40:07.769782,Pas barometryczny,1075.58,1075.58,true
session_20260623_163953_final,141,14376,2026-06-23T16:40:07.855547,Pas barometryczny,1076.32,1076.32,true
session_20260623_163953_final,142,14516,2026-06-23T16:40:07.995004,Pas barometryczny,1077.02,1077.02,true
session_20260623_163953_final,143,14611,2026-06-23T16:40:08.090295,Pas barometryczny,1077.55,1077.55,true
session_20260623_163953_final,144,14693,2026-06-23T16:40:08.172025,Pas barometryczny,1077.96,1077.96,true
session_20260623_163953_final,145,14796,2026-06-23T16:40:08.274872,Pas barometryczny,1078.23,1078.23,true
session_20260623_163953_final,146,14918,2026-06-23T16:40:08.397696,Pas barometryczny,1078.42,1078.42,true
session_20260623_163953_final,147,15018,2026-06-23T16:40:08.497183,Pas barometryczny,1078.11,1078.11,true
session_20260623_163953_final,148,15113,2026-06-23T16:40:08.592669,Pas barometryczny,1077.57,1077.57,true
session_20260623_163953_final,149,15200,2026-06-23T16:40:08.679689,Pas barometryczny,1077.11,1077.11,true
session_20260623_163953_final,150,15328,2026-06-23T16:40:08.807776,Pas barometryczny,1076.64,1076.64,true
session_20260623_163953_final,151,15417,2026-06-23T16:40:08.896656,Pas barometryczny,1076.37,1076.37,true
session_20260623_163953_final,152,15514,2026-06-23T16:40:08.993560,Pas barometryczny,1076.06,1076.06,true
session_20260623_163953_final,153,15639,2026-06-23T16:40:09.118801,Pas barometryczny,1075.88,1075.88,true
session_20260623_163953_final,154,15728,2026-06-23T16:40:09.207387,Pas barometryczny,1075.82,1075.82,true
session_20260623_163953_final,155,15829,2026-06-23T16:40:09.307930,Pas barometryczny,1075.78,1075.78,true
session_20260623_163953_final,156,15958,2026-06-23T16:40:09.437675,Pas barometryczny,1075.77,1075.77,true
session_20260623_163953_final,157,16042,2026-06-23T16:40:09.520918,Pas barometryczny,1075.76,1075.76,true
session_20260623_163953_final,158,16131,2026-06-23T16:40:09.610748,Pas barometryczny,1075.95,1075.95,true
session_20260623_163953_final,159,16235,2026-06-23T16:40:09.714456,Pas barometryczny,1076.79,1076.79,true
session_20260623_163953_final,160,16312,2026-06-23T16:40:09.790978,Pas barometryczny,1077.10,1077.10,true
session_20260623_163953_final,161,16447,2026-06-23T16:40:09.926560,Pas barometryczny,1077.32,1077.32,true
session_20260623_163953_final,162,16549,2026-06-23T16:40:10.027956,Pas barometryczny,1077.11,1077.11,true
session_20260623_163953_final,163,16638,2026-06-23T16:40:10.116866,Pas barometryczny,1076.81,1076.81,true
session_20260623_163953_final,164,16716,2026-06-23T16:40:10.195811,Pas barometryczny,1076.49,1076.49,true
session_20260623_163953_final,165,16866,2026-06-23T16:40:10.345133,Pas barometryczny,1075.79,1075.79,true
session_20260623_163953_final,166,16946,2026-06-23T16:40:10.425669,Pas barometryczny,1075.27,1075.27,true
session_20260623_163953_final,167,17033,2026-06-23T16:40:10.512026,Pas barometryczny,1075.05,1075.05,true
session_20260623_163953_final,168,17169,2026-06-23T16:40:10.648389,Pas barometryczny,1074.96,1074.96,true
session_20260623_163953_final,169,17263,2026-06-23T16:40:10.742738,Pas barometryczny,1075.23,1075.23,true
session_20260623_163953_final,170,17352,2026-06-23T16:40:10.831616,Pas barometryczny,1075.88,1075.88,true
session_20260623_163953_final,171,17446,2026-06-23T16:40:10.925048,Pas barometryczny,1076.63,1076.63,true
session_20260623_163953_final,172,17582,2026-06-23T16:40:11.061678,Pas barometryczny,1077.23,1077.23,true
session_20260623_163953_final,173,17670,2026-06-23T16:40:11.149570,Pas barometryczny,1077.79,1077.79,true
session_20260623_163953_final,174,17759,2026-06-23T16:40:11.238338,Pas barometryczny,1078.13,1078.13,true
session_20260623_163953_final,175,17854,2026-06-23T16:40:11.332900,Pas barometryczny,1078.52,1078.52,true
session_20260623_163953_final,176,17984,2026-06-23T16:40:11.463692,Pas barometryczny,1078.39,1078.39,true
session_20260623_163953_final,177,18067,2026-06-23T16:40:11.546657,Pas barometryczny,1077.27,1077.27,true
session_20260623_163953_final,178,18159,2026-06-23T16:40:11.638328,Pas barometryczny,1076.70,1076.70,true
session_20260623_163953_final,179,18248,2026-06-23T16:40:11.727143,Pas barometryczny,1076.54,1076.54,true
session_20260623_163953_final,180,18388,2026-06-23T16:40:11.867582,Pas barometryczny,1076.41,1076.41,true
session_20260623_163953_final,181,18476,2026-06-23T16:40:11.955430,Pas barometryczny,1075.97,1075.97,true
session_20260623_163953_final,182,18566,2026-06-23T16:40:12.045044,Pas barometryczny,1075.38,1075.38,true
session_20260623_163953_final,183,18703,2026-06-23T16:40:12.181976,Pas barometryczny,1075.47,1075.47,true
session_20260623_163953_final,184,18789,2026-06-23T16:40:12.268726,Pas barometryczny,1075.40,1075.40,true
session_20260623_163953_final,185,18879,2026-06-23T16:40:12.358167,Pas barometryczny,1075.29,1075.29,true
session_20260623_163953_final,186,18967,2026-06-23T16:40:12.446492,Pas barometryczny,1075.16,1075.16,true
session_20260623_163953_final,187,19105,2026-06-23T16:40:12.583961,Pas barometryczny,1075.30,1075.30,true
session_20260623_163953_final,188,19192,2026-06-23T16:40:12.671691,Pas barometryczny,1075.66,1075.66,true
session_20260623_163953_final,189,19282,2026-06-23T16:40:12.761740,Pas barometryczny,1075.52,1075.52,true
session_20260623_163953_final,190,19374,2026-06-23T16:40:12.853808,Pas barometryczny,1075.72,1075.72,true
session_20260623_163953_final,191,19507,2026-06-23T16:40:12.986505,Pas barometryczny,1075.59,1075.59,true
session_20260623_163953_final,192,19605,2026-06-23T16:40:13.084521,Pas barometryczny,1075.49,1075.49,true
session_20260623_163953_final,193,19689,2026-06-23T16:40:13.168532,Pas barometryczny,1075.40,1075.40,true
session_20260623_163953_final,194,19787,2026-06-23T16:40:13.266704,Pas barometryczny,1075.29,1075.29,true
session_20260623_163953_final,195,19922,2026-06-23T16:40:13.401359,Pas barometryczny,1075.20,1075.20,true
session_20260623_163953_final,196,20008,2026-06-23T16:40:13.487214,Pas barometryczny,1075.15,1075.15,true
session_20260623_163953_final,197,20098,2026-06-23T16:40:13.576911,Pas barometryczny,1075.04,1075.04,true
session_20260623_163953_final,198,20233,2026-06-23T16:40:13.712082,Pas barometryczny,1074.99,1074.99,true
session_20260623_163953_final,199,20331,2026-06-23T16:40:13.810414,Pas barometryczny,1074.99,1074.99,true
session_20260623_163953_final,200,20407,2026-06-23T16:40:13.886183,Pas barometryczny,1074.99,1074.99,true
session_20260623_163953_final,201,20514,2026-06-23T16:40:13.992876,Pas barometryczny,1074.98,1074.98,true
session_20260623_163953_final,202,20649,2026-06-23T16:40:14.128807,Pas barometryczny,1075.03,1075.03,true
session_20260623_163953_final,203,20722,2026-06-23T16:40:14.201636,Pas barometryczny,1075.05,1075.05,true
session_20260623_163953_final,204,20813,2026-06-23T16:40:14.292409,Pas barometryczny,1075.16,1075.16,true
session_20260623_163953_final,205,20914,2026-06-23T16:40:14.393549,Pas barometryczny,1075.44,1075.44,true
session_20260623_163953_final,206,21037,2026-06-23T16:40:14.516561,Pas barometryczny,1075.79,1075.79,true
session_20260623_163953_final,207,21129,2026-06-23T16:40:14.608203,Pas barometryczny,1076.08,1076.08,true
session_20260623_163953_final,208,21231,2026-06-23T16:40:14.710723,Pas barometryczny,1076.58,1076.58,true
session_20260623_163953_final,209,21315,2026-06-23T16:40:14.794079,Pas barometryczny,1077.21,1077.21,true
session_20260623_163953_final,210,21449,2026-06-23T16:40:14.928127,Pas barometryczny,1077.89,1077.89,true
session_20260623_163953_final,211,21532,2026-06-23T16:40:15.011807,Pas barometryczny,1078.32,1078.32,true
session_20260623_163953_final,212,21632,2026-06-23T16:40:15.111318,Pas barometryczny,1078.59,1078.59,true
session_20260623_163953_final,213,21768,2026-06-23T16:40:15.246956,Pas barometryczny,1078.13,1078.13,true
session_20260623_163953_final,214,21848,2026-06-23T16:40:15.327084,Pas barometryczny,1077.80,1077.80,true
session_20260623_163953_final,215,21951,2026-06-23T16:40:15.430252,Pas barometryczny,1077.47,1077.47,true
session_20260623_163953_final,216,22027,2026-06-23T16:40:15.506512,Pas barometryczny,1077.08,1077.08,true
session_20260623_163953_final,217,22162,2026-06-23T16:40:15.641459,Pas barometryczny,1076.52,1076.52,true
session_20260623_163953_final,218,22261,2026-06-23T16:40:15.739858,Pas barometryczny,1076.00,1076.00,true
session_20260623_163953_final,219,22347,2026-06-23T16:40:15.825868,Pas barometryczny,1075.97,1075.97,true
session_20260623_163953_final,220,22431,2026-06-23T16:40:15.910720,Pas barometryczny,1075.70,1075.70,true
session_20260623_163953_final,221,22569,2026-06-23T16:40:16.048565,Pas barometryczny,1075.56,1075.56,true
session_20260623_163953_final,222,22665,2026-06-23T16:40:16.144001,Pas barometryczny,1075.56,1075.56,true
session_20260623_163953_final,223,22749,2026-06-23T16:40:16.228327,Pas barometryczny,1075.54,1075.54,true
session_20260623_163953_final,224,22849,2026-06-23T16:40:16.328512,Pas barometryczny,1075.84,1075.84,true
session_20260623_163953_final,225,22980,2026-06-23T16:40:16.459071,Pas barometryczny,1076.15,1076.15,true
session_20260623_163953_final,226,23071,2026-06-23T16:40:16.549840,Pas barometryczny,1076.03,1076.03,true
session_20260623_163953_final,227,23153,2026-06-23T16:40:16.632172,Pas barometryczny,1076.32,1076.32,true
session_20260623_163953_final,228,23287,2026-06-23T16:40:16.765950,Pas barometryczny,1076.83,1076.83,true
session_20260623_163953_final,229,23377,2026-06-23T16:40:16.856451,Pas barometryczny,1077.29,1077.29,true
session_20260623_163953_final,230,23469,2026-06-23T16:40:16.948392,Pas barometryczny,1077.66,1077.66,true
session_20260623_163953_final,231,23560,2026-06-23T16:40:17.039459,Pas barometryczny,1078.13,1078.13,true
session_20260623_163953_final,232,23695,2026-06-23T16:40:17.174720,Pas barometryczny,1078.39,1078.39,true
session_20260623_163953_final,233,23784,2026-06-23T16:40:17.263258,Pas barometryczny,1078.61,1078.61,true
session_20260623_163953_final,234,23878,2026-06-23T16:40:17.357376,Pas barometryczny,1078.68,1078.68,true
session_20260623_163953_final,235,23977,2026-06-23T16:40:17.456771,Pas barometryczny,1078.38,1078.38,true
session_20260623_163953_final,236,24098,2026-06-23T16:40:17.576953,Pas barometryczny,1077.88,1077.88,true
session_20260623_163953_final,237,24189,2026-06-23T16:40:17.668740,Pas barometryczny,1077.36,1077.36,true
session_20260623_163953_final,238,24292,2026-06-23T16:40:17.771585,Pas barometryczny,1076.97,1076.97,true
session_20260623_163953_final,239,24367,2026-06-23T16:40:17.846774,Pas barometryczny,1076.50,1076.50,true
session_20260623_163953_final,240,24502,2026-06-23T16:40:17.981536,Pas barometryczny,1076.13,1076.13,true
session_20260623_163953_final,241,24606,2026-06-23T16:40:18.085458,Pas barometryczny,1075.78,1075.78,true
session_20260623_163953_final,242,24683,2026-06-23T16:40:18.162480,Pas barometryczny,1075.57,1075.57,true
session_20260623_163953_final,243,24828,2026-06-23T16:40:18.307467,Pas barometryczny,1075.49,1075.49,true
session_20260623_163953_final,244,24911,2026-06-23T16:40:18.389834,Pas barometryczny,1075.48,1075.48,true
session_20260623_163953_final,245,24998,2026-06-23T16:40:18.477727,Pas barometryczny,1075.51,1075.51,true
session_20260623_163953_final,246,25088,2026-06-23T16:40:18.567378,Pas barometryczny,1075.54,1075.54,true
session_20260623_163953_final,247,25228,2026-06-23T16:40:18.707652,Pas barometryczny,1075.70,1075.70,true
session_20260623_163953_final,248,25335,2026-06-23T16:40:18.814045,Pas barometryczny,1075.77,1075.77,true
session_20260623_163953_final,249,25403,2026-06-23T16:40:18.881920,Pas barometryczny,1075.89,1075.89,true
session_20260623_163953_final,250,25492,2026-06-23T16:40:18.971432,Pas barometryczny,1076.99,1076.99,true
session_20260623_163953_final,251,25627,2026-06-23T16:40:19.106496,Pas barometryczny,1077.38,1077.38,true
session_20260623_163953_final,252,25729,2026-06-23T16:40:19.208357,Pas barometryczny,1077.89,1077.89,true
session_20260623_163953_final,253,25817,2026-06-23T16:40:19.296119,Pas barometryczny,1078.27,1078.27,true
session_20260623_163953_final,254,25917,2026-06-23T16:40:19.396264,Pas barometryczny,1078.76,1078.76,true
session_20260623_163953_final,255,26031,2026-06-23T16:40:19.510618,Pas barometryczny,1078.98,1078.98,true
session_20260623_163953_final,256,26129,2026-06-23T16:40:19.608253,Pas barometryczny,1079.01,1079.01,true
session_20260623_163953_final,257,26216,2026-06-23T16:40:19.694941,Pas barometryczny,1078.57,1078.57,true
session_20260623_163953_final,258,26347,2026-06-23T16:40:19.826275,Pas barometryczny,1078.00,1078.00,true
session_20260623_163953_final,259,26447,2026-06-23T16:40:19.926131,Pas barometryczny,1077.51,1077.51,true
session_20260623_163953_final,260,26529,2026-06-23T16:40:20.008475,Pas barometryczny,1077.12,1077.12,true
session_20260623_163953_final,261,26633,2026-06-23T16:40:20.112449,Pas barometryczny,1076.77,1076.77,true
session_20260623_163953_final,262,26766,2026-06-23T16:40:20.245005,Pas barometryczny,1076.48,1076.48,true
session_20260623_163953_final,263,26842,2026-06-23T16:40:20.320985,Pas barometryczny,1076.14,1076.14,true
session_20260623_163953_final,264,26945,2026-06-23T16:40:20.424711,Pas barometryczny,1075.95,1075.95,true
session_20260623_163953_final,265,27035,2026-06-23T16:40:20.514604,Pas barometryczny,1075.85,1075.85,true
session_20260623_163953_final,266,27167,2026-06-23T16:40:20.646095,Pas barometryczny,1075.78,1075.78,true
session_20260623_163953_final,267,27249,2026-06-23T16:40:20.727949,Pas barometryczny,1075.71,1075.71,true
session_20260623_163953_final,268,27353,2026-06-23T16:40:20.832377,Pas barometryczny,1075.73,1075.73,true
session_20260623_163953_final,269,27437,2026-06-23T16:40:20.915935,Pas barometryczny,1075.78,1075.78,true
session_20260623_163953_final,270,27562,2026-06-23T16:40:21.041700,Pas barometryczny,1075.74,1075.74,true
session_20260623_163953_final,271,27667,2026-06-23T16:40:21.146316,Pas barometryczny,1075.70,1075.70,true
session_20260623_163953_final,272,27754,2026-06-23T16:40:21.233012,Pas barometryczny,1075.80,1075.80,true
session_20260623_163953_final,273,27878,2026-06-23T16:40:21.357680,Pas barometryczny,1075.98,1075.98,true
session_20260623_163953_final,274,27969,2026-06-23T16:40:21.447855,Pas barometryczny,1076.37,1076.37,true
session_20260623_163953_final,275,28059,2026-06-23T16:40:21.538522,Pas barometryczny,1076.78,1076.78,true
session_20260623_163953_final,276,28149,2026-06-23T16:40:21.627968,Pas barometryczny,1077.17,1077.17,true
session_20260623_163953_final,277,28285,2026-06-23T16:40:21.764597,Pas barometryczny,1077.51,1077.51,true
session_20260623_163953_final,278,28375,2026-06-23T16:40:21.854625,Pas barometryczny,1077.77,1077.77,true
session_20260623_163953_final,279,28465,2026-06-23T16:40:21.944580,Pas barometryczny,1078.04,1078.04,true
session_20260623_163953_final,280,28552,2026-06-23T16:40:22.031653,Pas barometryczny,1078.52,1078.52,true
session_20260623_163953_final,281,28693,2026-06-23T16:40:22.172122,Pas barometryczny,1078.51,1078.51,true
session_20260623_163953_final,282,28781,2026-06-23T16:40:22.260413,Pas barometryczny,1078.11,1078.11,true
session_20260623_163953_final,283,28868,2026-06-23T16:40:22.347567,Pas barometryczny,1077.55,1077.55,true
session_20260623_163953_final,284,28966,2026-06-23T16:40:22.445074,Pas barometryczny,1077.20,1077.20,true
session_20260623_163953_final,285,29094,2026-06-23T16:40:22.573148,Pas barometryczny,1076.76,1076.76,true
session_20260623_163953_final,286,29197,2026-06-23T16:40:22.676010,Pas barometryczny,1076.41,1076.41,true
session_20260623_163953_final,287,29272,2026-06-23T16:40:22.751415,Pas barometryczny,1076.11,1076.11,true
session_20260623_163953_final,288,29424,2026-06-23T16:40:22.903237,Pas barometryczny,1075.83,1075.83,true
session_20260623_163953_final,289,29507,2026-06-23T16:40:22.986578,Pas barometryczny,1075.68,1075.68,true
session_20260623_163953_final,290,29589,2026-06-23T16:40:23.067882,Pas barometryczny,1075.56,1075.56,true
session_20260623_163953_final,291,29679,2026-06-23T16:40:23.158454,Pas barometryczny,1075.55,1075.55,true
session_20260623_163953_final,292,29823,2026-06-23T16:40:23.302339,Pas barometryczny,1075.59,1075.59,true
session_20260623_163953_final,293,29905,2026-06-23T16:40:23.383872,Pas barometryczny,1075.55,1075.55,true
session_20260623_163953_final,294,29996,2026-06-23T16:40:23.475547,Pas barometryczny,1075.54,1075.54,true
session_20260623_163953_final,295,30084,2026-06-23T16:40:23.563555,Pas barometryczny,1075.63,1075.63,true
session_20260623_163953_final,296,30222,2026-06-23T16:40:23.701811,Pas barometryczny,1075.78,1075.78,true
session_20260623_163953_final,297,30314,2026-06-23T16:40:23.792955,Pas barometryczny,1076.16,1076.16,true
session_20260623_163953_final,298,30409,2026-06-23T16:40:23.887826,Pas barometryczny,1076.65,1076.65,true
session_20260623_163953_final,299,30491,2026-06-23T16:40:23.970096,Pas barometryczny,1077.00,1077.00,true
session_20260623_163953_final,300,30626,2026-06-23T16:40:24.105712,Pas barometryczny,1077.31,1077.31,true
session_20260623_163953_final,301,30730,2026-06-23T16:40:24.209373,Pas barometryczny,1077.53,1077.53,true
session_20260623_163953_final,302,30803,2026-06-23T16:40:24.282008,Pas barometryczny,1077.90,1077.90,true
session_20260623_163953_final,303,30944,2026-06-23T16:40:24.423753,Pas barometryczny,1078.21,1078.21,true
session_20260623_163953_final,304,31033,2026-06-23T16:40:24.511856,Pas barometryczny,1078.48,1078.48,true
session_20260623_163953_final,305,31186,2026-06-23T16:40:24.664903,Pas barometryczny,1078.66,1078.66,true
session_20260623_163953_final,306,31208,2026-06-23T16:40:24.687380,Pas barometryczny,1078.65,1078.65,true
session_20260623_163953_final,307,31346,2026-06-23T16:40:24.825777,Pas barometryczny,1078.29,1078.29,true
session_20260623_163953_final,308,31454,2026-06-23T16:40:24.933749,Pas barometryczny,1077.65,1077.65,true
session_20260623_163953_final,309,31529,2026-06-23T16:40:25.008060,Pas barometryczny,1077.12,1077.12,true
session_20260623_163953_final,310,31616,2026-06-23T16:40:25.095354,Pas barometryczny,1076.77,1076.77,true
session_20260623_163953_final,311,31764,2026-06-23T16:40:25.243721,Pas barometryczny,1076.23,1076.23,true
session_20260623_163953_final,312,31837,2026-06-23T16:40:25.316520,Pas barometryczny,1075.95,1075.95,true
session_20260623_163953_final,313,31931,2026-06-23T16:40:25.410476,Pas barometryczny,1075.66,1075.66,true
session_20260623_163953_final,314,32024,2026-06-23T16:40:25.502829,Pas barometryczny,1075.56,1075.56,true
session_20260623_163953_final,315,32172,2026-06-23T16:40:25.651473,Pas barometryczny,1075.42,1075.42,true
session_20260623_163953_final,316,32251,2026-06-23T16:40:25.730651,Pas barometryczny,1075.46,1075.46,true
session_20260623_163953_final,317,32351,2026-06-23T16:40:25.830038,Pas barometryczny,1075.51,1075.51,true
session_20260623_163953_final,318,32480,2026-06-23T16:40:25.959066,Pas barometryczny,1075.54,1075.54,true
session_20260623_163953_final,319,32567,2026-06-23T16:40:26.046728,Pas barometryczny,1075.54,1075.54,true
session_20260623_163953_final,320,32650,2026-06-23T16:40:26.129323,Pas barometryczny,1075.52,1075.52,true
session_20260623_163953_final,321,32747,2026-06-23T16:40:26.226680,Pas barometryczny,1075.53,1075.53,true
session_20260623_163953_final,322,32884,2026-06-23T16:40:26.363692,Pas barometryczny,1075.51,1075.51,true
session_20260623_163953_final,323,32965,2026-06-23T16:40:26.443962,Pas barometryczny,1075.53,1075.53,true
session_20260623_163953_final,324,33067,2026-06-23T16:40:26.546459,Pas barometryczny,1075.62,1075.62,true
session_20260623_163953_final,325,33143,2026-06-23T16:40:26.622253,Pas barometryczny,1075.91,1075.91,true
session_20260623_163953_final,326,33279,2026-06-23T16:40:26.758122,Pas barometryczny,1076.42,1076.42,true
session_20260623_163953_final,327,33373,2026-06-23T16:40:26.852400,Pas barometryczny,1076.89,1076.89,true
session_20260623_163953_final,328,33470,2026-06-23T16:40:26.949782,Pas barometryczny,1077.28,1077.28,true
session_20260623_163953_final,329,33552,2026-06-23T16:40:27.030848,Pas barometryczny,1077.56,1077.56,true
session_20260623_163953_final,330,33683,2026-06-23T16:40:27.162116,Pas barometryczny,1077.88,1077.88,true
session_20260623_163953_final,331,33791,2026-06-23T16:40:27.270041,Pas barometryczny,1078.26,1078.26,true
session_20260623_163953_final,332,33869,2026-06-23T16:40:27.348426,Pas barometryczny,1078.51,1078.51,true
session_20260623_163953_final,333,33999,2026-06-23T16:40:27.478579,Pas barometryczny,1078.73,1078.73,true
session_20260623_163953_final,334,34106,2026-06-23T16:40:27.585555,Pas barometryczny,1078.74,1078.74,true
session_20260623_163953_final,335,34189,2026-06-23T16:40:27.667870,Pas barometryczny,1078.26,1078.26,true
session_20260623_163953_final,336,34270,2026-06-23T16:40:27.748917,Pas barometryczny,1077.80,1077.80,true
session_20260623_163953_final,337,34403,2026-06-23T16:40:27.882766,Pas barometryczny,1077.27,1077.27,true
session_20260623_163953_final,338,34508,2026-06-23T16:40:27.987062,Pas barometryczny,1076.86,1076.86,true
session_20260623_163953_final,339,34584,2026-06-23T16:40:28.063175,Pas barometryczny,1076.58,1076.58,true
session_20260623_163953_final,340,34677,2026-06-23T16:40:28.156229,Pas barometryczny,1076.31,1076.31,true
session_20260623_163953_final,341,34812,2026-06-23T16:40:28.291234,Pas barometryczny,1075.75,1075.75,true
session_20260623_163953_final,342,34899,2026-06-23T16:40:28.378552,Pas barometryczny,1075.69,1075.69,true
session_20260623_163953_final,343,34988,2026-06-23T16:40:28.467642,Pas barometryczny,1075.57,1075.57,true
session_20260623_163953_final,344,35092,2026-06-23T16:40:28.570966,Pas barometryczny,1075.52,1075.52,true
session_20260623_163953_final,345,35220,2026-06-23T16:40:28.699357,Pas barometryczny,1075.58,1075.58,true
session_20260623_163953_final,346,35308,2026-06-23T16:40:28.787716,Pas barometryczny,1075.57,1075.57,true
session_20260623_163953_final,347,35407,2026-06-23T16:40:28.886498,Pas barometryczny,1075.55,1075.55,true
session_20260623_163953_final,348,35530,2026-06-23T16:40:29.009567,Pas barometryczny,1075.59,1075.59,true
session_20260623_163953_final,349,35627,2026-06-23T16:40:29.105856,Pas barometryczny,1075.62,1075.62,true
session_20260623_163953_final,350,35709,2026-06-23T16:40:29.188006,Pas barometryczny,1075.67,1075.67,true
session_20260623_163953_final,351,35800,2026-06-23T16:40:29.279120,Pas barometryczny,1075.79,1075.79,true
session_20260623_163953_final,352,35944,2026-06-23T16:40:29.423232,Pas barometryczny,1076.21,1076.21,true
session_20260623_163953_final,353,36028,2026-06-23T16:40:29.507233,Pas barometryczny,1076.67,1076.67,true
session_20260623_163953_final,354,36116,2026-06-23T16:40:29.594970,Pas barometryczny,1077.00,1077.00,true
session_20260623_163953_final,355,36204,2026-06-23T16:40:29.683084,Pas barometryczny,1077.41,1077.41,true
session_20260623_163953_final,356,36341,2026-06-23T16:40:29.820292,Pas barometryczny,1077.72,1077.72,true
session_20260623_163953_final,357,36432,2026-06-23T16:40:29.911567,Pas barometryczny,1078.04,1078.04,true
session_20260623_163953_final,358,36522,2026-06-23T16:40:30.001692,Pas barometryczny,1078.24,1078.24,true
session_20260623_163953_final,359,36608,2026-06-23T16:40:30.087479,Pas barometryczny,1078.42,1078.42,true
session_20260623_163953_final,360,36742,2026-06-23T16:40:30.221447,Pas barometryczny,1078.65,1078.65,true
session_20260623_163953_final,361,36840,2026-06-23T16:40:30.318936,Pas barometryczny,1078.77,1078.77,true
session_20260623_163953_final,362,36923,2026-06-23T16:40:30.401931,Pas barometryczny,1078.53,1078.53,true
session_20260623_163953_final,363,37058,2026-06-23T16:40:30.537706,Pas barometryczny,1078.19,1078.19,true
session_20260623_163953_final,364,37166,2026-06-23T16:40:30.645711,Pas barometryczny,1077.61,1077.61,true
session_20260623_163953_final,365,37241,2026-06-23T16:40:30.720671,Pas barometryczny,1077.21,1077.21,true
session_20260623_163953_final,366,37335,2026-06-23T16:40:30.814238,Pas barometryczny,1076.72,1076.72,true
session_20260623_163953_final,367,37463,2026-06-23T16:40:30.942784,Pas barometryczny,1076.31,1076.31,true
session_20260623_163953_final,368,37564,2026-06-23T16:40:31.043043,Pas barometryczny,1076.07,1076.07,true
session_20260623_163953_final,369,37648,2026-06-23T16:40:31.126826,Pas barometryczny,1075.86,1075.86,true
session_20260623_163953_final,370,37737,2026-06-23T16:40:31.216794,Pas barometryczny,1075.71,1075.71,true
session_20260623_163953_final,371,37885,2026-06-23T16:40:31.364389,Pas barometryczny,1075.64,1075.64,true
session_20260623_163953_final,372,37959,2026-06-23T16:40:31.438607,Pas barometryczny,1075.61,1075.61,true
session_20260623_163953_final,373,38048,2026-06-23T16:40:31.527063,Pas barometryczny,1075.58,1075.58,true
session_20260623_163953_final,374,38151,2026-06-23T16:40:31.630280,Pas barometryczny,1075.62,1075.62,true
session_20260623_163953_final,375,38285,2026-06-23T16:40:31.764137,Pas barometryczny,1075.63,1075.63,true
session_20260623_163953_final,376,38364,2026-06-23T16:40:31.843415,Pas barometryczny,1075.75,1075.75,true
session_20260623_163953_final,377,38465,2026-06-23T16:40:31.944054,Pas barometryczny,1075.96,1075.96,true
session_20260623_163953_final,378,38589,2026-06-23T16:40:32.068810,Pas barometryczny,1076.21,1076.21,true
session_20260623_163953_final,379,38685,2026-06-23T16:40:32.164073,Pas barometryczny,1076.40,1076.40,true
session_20260623_163953_final,380,38769,2026-06-23T16:40:32.248032,Pas barometryczny,1076.41,1076.41,true
session_20260623_163953_final,381,38870,2026-06-23T16:40:32.349025,Pas barometryczny,1076.45,1076.45,true
session_20260623_163953_final,382,39005,2026-06-23T16:40:32.484541,Pas barometryczny,1076.51,1076.51,true
session_20260623_163953_final,383,39087,2026-06-23T16:40:32.565832,Pas barometryczny,1076.56,1076.56,true
session_20260623_163953_final,384,39188,2026-06-23T16:40:32.667004,Pas barometryczny,1076.20,1076.20,true
session_20260623_163953_final,385,39264,2026-06-23T16:40:32.742906,Pas barometryczny,1075.83,1075.83,true
session_20260623_163953_final,386,39399,2026-06-23T16:40:32.878792,Pas barometryczny,1075.71,1075.71,true
session_20260623_163953_final,387,39499,2026-06-23T16:40:32.978098,Pas barometryczny,1075.81,1075.81,true
session_20260623_163953_final,388,39582,2026-06-23T16:40:33.061296,Pas barometryczny,1076.23,1076.23,true
session_20260623_163953_final,389,39669,2026-06-23T16:40:33.148056,Pas barometryczny,1076.81,1076.81,true
session_20260623_163953_final,390,39804,2026-06-23T16:40:33.283291,Pas barometryczny,1077.27,1077.27,true
session_20260623_163953_final,391,39896,2026-06-23T16:40:33.374967,Pas barometryczny,1077.70,1077.70,true
session_20260623_163953_final,392,39986,2026-06-23T16:40:33.465219,Pas barometryczny,1078.17,1078.17,true
session_20260623_163953_final,393,40120,2026-06-23T16:40:33.599412,Pas barometryczny,1078.43,1078.43,true
session_20260623_163953_final,394,40220,2026-06-23T16:40:33.698972,Pas barometryczny,1078.51,1078.51,true
session_20260623_163953_final,395,40304,2026-06-23T16:40:33.782923,Pas barometryczny,1078.04,1078.04,true
session_20260623_163953_final,396,40394,2026-06-23T16:40:33.872870,Pas barometryczny,1077.49,1077.49,true
session_20260623_163953_final,397,40544,2026-06-23T16:40:34.023469,Pas barometryczny,1077.05,1077.05,true
session_20260623_163953_final,398,40672,2026-06-23T16:40:34.151277,Pas barometryczny,1076.65,1076.65,true
session_20260623_163953_final,399,40705,2026-06-23T16:40:34.184126,Pas barometryczny,1076.24,1076.24,true
session_20260623_163953_final,400,40796,2026-06-23T16:40:34.275222,Pas barometryczny,1075.94,1075.94,true
session_20260623_163953_final,401,40929,2026-06-23T16:40:34.408753,Pas barometryczny,1075.80,1075.80,true
session_20260623_163953_final,402,41021,2026-06-23T16:40:34.500653,Pas barometryczny,1075.62,1075.62,true
session_20260623_163953_final,403,41113,2026-06-23T16:40:34.592130,Pas barometryczny,1075.65,1075.65,true
session_20260623_163953_final,404,41202,2026-06-23T16:40:34.681322,Pas barometryczny,1075.64,1075.64,true
session_20260623_163953_final,405,41333,2026-06-23T16:40:34.812250,Pas barometryczny,1075.72,1075.72,true
session_20260623_163953_final,406,41426,2026-06-23T16:40:34.904913,Pas barometryczny,1076.11,1076.11,true
session_20260623_163953_final,407,41526,2026-06-23T16:40:35.005318,Pas barometryczny,1076.60,1076.60,true
session_20260623_163953_final,408,41662,2026-06-23T16:40:35.141094,Pas barometryczny,1077.07,1077.07,true
session_20260623_163953_final,409,41741,2026-06-23T16:40:35.220185,Pas barometryczny,1077.42,1077.42,true
session_20260623_163953_final,410,41851,2026-06-23T16:40:35.329895,Pas barometryczny,1077.83,1077.83,true
session_20260623_163953_final,411,41929,2026-06-23T16:40:35.408258,Pas barometryczny,1078.23,1078.23,true
session_20260623_163953_final,412,42058,2026-06-23T16:40:35.537709,Pas barometryczny,1078.47,1078.47,true
session_20260623_163953_final,413,42144,2026-06-23T16:40:35.623552,Pas barometryczny,1078.39,1078.39,true
session_20260623_163953_final,414,42234,2026-06-23T16:40:35.713536,Pas barometryczny,1077.92,1077.92,true
session_20260623_163953_final,415,42325,2026-06-23T16:40:35.804362,Pas barometryczny,1077.35,1077.35,true
session_20260623_163953_final,416,42463,2026-06-23T16:40:35.941993,Pas barometryczny,1076.92,1076.92,true
session_20260623_163953_final,417,42551,2026-06-23T16:40:36.030282,Pas barometryczny,1076.45,1076.45,true
session_20260623_163953_final,418,42639,2026-06-23T16:40:36.117834,Pas barometryczny,1075.96,1075.96,true
session_20260623_163953_final,419,42735,2026-06-23T16:40:36.213911,Pas barometryczny,1075.70,1075.70,true
session_20260623_163953_final,420,42864,2026-06-23T16:40:36.343493,Pas barometryczny,1075.50,1075.50,true
session_20260623_163953_final,421,42956,2026-06-23T16:40:36.435792,Pas barometryczny,1075.42,1075.42,true
session_20260623_163953_final,422,43043,2026-06-23T16:40:36.522480,Pas barometryczny,1075.43,1075.43,true
session_20260623_163953_final,423,43178,2026-06-23T16:40:36.657182,Pas barometryczny,1075.47,1075.47,true
session_20260623_163953_final,424,43277,2026-06-23T16:40:36.756678,Pas barometryczny,1075.46,1075.46,true
session_20260623_163953_final,425,43366,2026-06-23T16:40:36.844871,Pas barometryczny,1075.41,1075.41,true
session_20260623_163953_final,426,43449,2026-06-23T16:40:36.927868,Pas barometryczny,1075.52,1075.52,true
session_20260623_163953_final,427,43600,2026-06-23T16:40:37.078920,Pas barometryczny,1075.75,1075.75,true
session_20260623_163953_final,428,43685,2026-06-23T16:40:37.163827,Pas barometryczny,1076.16,1076.16,true
session_20260623_163953_final,429,43763,2026-06-23T16:40:37.242777,Pas barometryczny,1076.63,1076.63,true
session_20260623_163953_final,430,43869,2026-06-23T16:40:37.348649,Pas barometryczny,1077.04,1077.04,true
session_20260623_163953_final,431,44006,2026-06-23T16:40:37.485661,Pas barometryczny,1077.43,1077.43,true
session_20260623_163953_final,432,44085,2026-06-23T16:40:37.564178,Pas barometryczny,1077.95,1077.95,true
session_20260623_163953_final,433,44183,2026-06-23T16:40:37.662024,Pas barometryczny,1077.98,1077.98,true
session_20260623_163953_final,434,44271,2026-06-23T16:40:37.750121,Pas barometryczny,1077.68,1077.68,true
session_20260623_163953_final,435,44393,2026-06-23T16:40:37.872349,Pas barometryczny,1077.22,1077.22,true
session_20260623_163953_final,436,44489,2026-06-23T16:40:37.968175,Pas barometryczny,1076.75,1076.75,true
session_20260623_163953_final,437,44587,2026-06-23T16:40:38.066390,Pas barometryczny,1076.52,1076.52,true
session_20260623_163953_final,438,44713,2026-06-23T16:40:38.192175,Pas barometryczny,1076.39,1076.39,true
session_20260623_163953_final,439,44806,2026-06-23T16:40:38.285441,Pas barometryczny,1076.04,1076.04,true
session_20260623_163953_final,440,44903,2026-06-23T16:40:38.382070,Pas barometryczny,1075.81,1075.81,true
session_20260623_163953_final,441,44992,2026-06-23T16:40:38.470847,Pas barometryczny,1075.71,1075.71,true
session_20260623_163953_final,442,45122,2026-06-23T16:40:38.601313,Pas barometryczny,1075.66,1075.66,true
session_20260623_163953_final,443,45204,2026-06-23T16:40:38.683224,Pas barometryczny,1075.66,1075.66,true
session_20260623_163953_final,444,45307,2026-06-23T16:40:38.785928,Pas barometryczny,1075.65,1075.65,true
session_20260623_163953_final,445,45388,2026-06-23T16:40:38.867748,Pas barometryczny,1075.73,1075.73,true
session_20260623_163953_final,446,45518,2026-06-23T16:40:38.997362,Pas barometryczny,1075.69,1075.69,true
session_20260623_163953_final,447,45610,2026-06-23T16:40:39.089776,Pas barometryczny,1075.67,1075.67,true
session_20260623_163953_final,448,45705,2026-06-23T16:40:39.184450,Pas barometryczny,1075.68,1075.68,true
session_20260623_163953_final,449,45788,2026-06-23T16:40:39.267215,Pas barometryczny,1075.69,1075.69,true
session_20260623_163953_final,450,45923,2026-06-23T16:40:39.401892,Pas barometryczny,1075.92,1075.92,true
session_20260623_163953_final,451,46021,2026-06-23T16:40:39.500794,Pas barometryczny,1076.27,1076.27,true
session_20260623_163953_final,452,46104,2026-06-23T16:40:39.582985,Pas barometryczny,1076.61,1076.61,true
session_20260623_163953_final,453,46239,2026-06-23T16:40:39.718363,Pas barometryczny,1077.00,1077.00,true
session_20260623_163953_final,454,46329,2026-06-23T16:40:39.808378,Pas barometryczny,1077.22,1077.22,true
session_20260623_163953_final,455,46418,2026-06-23T16:40:39.896969,Pas barometryczny,1077.39,1077.39,true
session_20260623_163953_final,456,46526,2026-06-23T16:40:40.005573,Pas barometryczny,1077.35,1077.35,true
session_20260623_163953_final,457,46647,2026-06-23T16:40:40.125989,Pas barometryczny,1077.09,1077.09,true
session_20260623_163953_final,458,46748,2026-06-23T16:40:40.227087,Pas barometryczny,1076.80,1076.80,true
session_20260623_163953_final,459,46823,2026-06-23T16:40:40.302500,Pas barometryczny,1076.55,1076.55,true
session_20260623_163953_final,460,46915,2026-06-23T16:40:40.393848,Pas barometryczny,1076.30,1076.30,true
session_20260623_163953_final,461,47048,2026-06-23T16:40:40.527436,Pas barometryczny,1076.03,1076.03,true
session_20260623_163953_final,462,47144,2026-06-23T16:40:40.623248,Pas barometryczny,1075.77,1075.77,true
session_20260623_163953_final,463,47232,2026-06-23T16:40:40.710935,Pas barometryczny,1075.66,1075.66,true
session_20260623_163953_final,464,47319,2026-06-23T16:40:40.798649,Pas barometryczny,1075.64,1075.64,true
session_20260623_163953_final,465,47454,2026-06-23T16:40:40.933291,Pas barometryczny,1075.61,1075.61,true
session_20260623_163953_final,466,47543,2026-06-23T16:40:41.021883,Pas barometryczny,1075.68,1075.68,true
session_20260623_163953_final,467,47641,2026-06-23T16:40:41.120737,Pas barometryczny,1075.65,1075.65,true
session_20260623_163953_final,468,47784,2026-06-23T16:40:41.262906,Pas barometryczny,1075.58,1075.58,true
session_20260623_163953_final,469,47859,2026-06-23T16:40:41.338531,Pas barometryczny,1075.60,1075.60,true
session_20260623_163953_final,470,47965,2026-06-23T16:40:41.443838,Pas barometryczny,1075.71,1075.71,true
session_20260623_163953_final,471,48039,2026-06-23T16:40:41.517855,Pas barometryczny,1075.77,1075.77,true
session_20260623_163953_final,472,48180,2026-06-23T16:40:41.659804,Pas barometryczny,1075.77,1075.77,true
session_20260623_163953_final,473,48282,2026-06-23T16:40:41.761777,Pas barometryczny,1075.73,1075.73,true
session_20260623_163953_final,474,48361,2026-06-23T16:40:41.840197,Pas barometryczny,1075.75,1075.75,true
session_20260623_163953_final,475,48445,2026-06-23T16:40:41.923954,Pas barometryczny,1075.63,1075.63,true
session_20260623_163953_final,476,48582,2026-06-23T16:40:42.061074,Pas barometryczny,1075.62,1075.62,true
session_20260623_163953_final,477,48684,2026-06-23T16:40:42.163307,Pas barometryczny,1075.67,1075.67,true
session_20260623_163953_final,478,48761,2026-06-23T16:40:42.239911,Pas barometryczny,1075.66,1075.66,true
session_20260623_163953_final,479,48852,2026-06-23T16:40:42.330974,Pas barometryczny,1075.71,1075.71,true
session_20260623_163953_final,480,49000,2026-06-23T16:40:42.479609,Pas barometryczny,1075.73,1075.73,true
session_20260623_163953_final,481,49074,2026-06-23T16:40:42.553106,Pas barometryczny,1075.70,1075.70,true
session_20260623_163953_final,482,49164,2026-06-23T16:40:42.642934,Pas barometryczny,1075.70,1075.70,true
session_20260623_163953_final,483,49298,2026-06-23T16:40:42.777343,Pas barometryczny,1075.63,1075.63,true
session_20260623_163953_final,484,49395,2026-06-23T16:40:42.874048,Pas barometryczny,1075.76,1075.76,true
session_20260623_163953_final,485,49481,2026-06-23T16:40:42.960075,Pas barometryczny,1076.02,1076.02,true
session_20260623_163953_final,486,49584,2026-06-23T16:40:43.062969,Pas barometryczny,1076.46,1076.46,true
session_20260623_163953_final,487,49718,2026-06-23T16:40:43.197076,Pas barometryczny,1076.91,1076.91,true
session_20260623_163953_final,488,49805,2026-06-23T16:40:43.284785,Pas barometryczny,1077.40,1077.40,true
session_20260623_163953_final,489,49887,2026-06-23T16:40:43.365949,Pas barometryczny,1077.58,1077.58,true
session_20260623_163953_final,490,49986,2026-06-23T16:40:43.465467,Pas barometryczny,1077.64,1077.64,true
session_20260623_163953_final,491,50121,2026-06-23T16:40:43.600155,Pas barometryczny,1077.21,1077.21,true
session_20260623_163953_final,492,50198,2026-06-23T16:40:43.676986,Pas barometryczny,1076.88,1076.88,true
session_20260623_163953_final,493,50300,2026-06-23T16:40:43.778828,Pas barometryczny,1076.34,1076.34,true
session_20260623_163953_final,494,50383,2026-06-23T16:40:43.862033,Pas barometryczny,1076.11,1076.11,true
session_20260623_163953_final,495,50512,2026-06-23T16:40:43.991167,Pas barometryczny,1075.87,1075.87,true
session_20260623_163953_final,496,50620,2026-06-23T16:40:44.099244,Pas barometryczny,1075.80,1075.80,true
session_20260623_163953_final,497,50701,2026-06-23T16:40:44.180719,Pas barometryczny,1075.71,1075.71,true
session_20260623_163953_final,498,50830,2026-06-23T16:40:44.309083,Pas barometryczny,1075.58,1075.58,true
session_20260623_163953_final,499,50925,2026-06-23T16:40:44.404368,Pas barometryczny,1075.69,1075.69,true
session_20260623_163953_final,500,51021,2026-06-23T16:40:44.499932,Pas barometryczny,1075.97,1075.97,true
session_20260623_163953_final,501,51115,2026-06-23T16:40:44.594410,Pas barometryczny,1076.42,1076.42,true
session_20260623_163953_final,502,51235,2026-06-23T16:40:44.713984,Pas barometryczny,1076.89,1076.89,true
session_20260623_163953_final,503,51337,2026-06-23T16:40:44.816755,Pas barometryczny,1077.19,1077.19,true
session_20260623_163953_final,504,51421,2026-06-23T16:40:44.900395,Pas barometryczny,1077.58,1077.58,true
session_20260623_163953_final,505,51506,2026-06-23T16:40:44.985230,Pas barometryczny,1077.81,1077.81,true
session_20260623_163953_final,506,51658,2026-06-23T16:40:45.137770,Pas barometryczny,1078.08,1078.08,true
session_20260623_163953_final,507,51741,2026-06-23T16:40:45.220405,Pas barometryczny,1078.37,1078.37,true
session_20260623_163953_final,508,51819,2026-06-23T16:40:45.298232,Pas barometryczny,1078.30,1078.30,true
session_20260623_163953_final,509,51926,2026-06-23T16:40:45.405512,Pas barometryczny,1077.93,1077.93,true
session_20260623_163953_final,510,52044,2026-06-23T16:40:45.523342,Pas barometryczny,1077.45,1077.45,true
session_20260623_163953_final,511,52134,2026-06-23T16:40:45.613445,Pas barometryczny,1077.08,1077.08,true
session_20260623_163953_final,512,52225,2026-06-23T16:40:45.703918,Pas barometryczny,1076.68,1076.68,true
session_20260623_163953_final,513,52358,2026-06-23T16:40:45.837603,Pas barometryczny,1076.15,1076.15,true
session_20260623_163953_final,514,52448,2026-06-23T16:40:45.927767,Pas barometryczny,1075.63,1075.63,true
session_20260623_163953_final,515,52538,2026-06-23T16:40:46.017492,Pas barometryczny,1075.33,1075.33,true
session_20260623_163953_final,516,52641,2026-06-23T16:40:46.120331,Pas barometryczny,1075.24,1075.24,true
session_20260623_163953_final,517,52771,2026-06-23T16:40:46.250711,Pas barometryczny,1075.14,1075.14,true
session_20260623_163953_final,518,52857,2026-06-23T16:40:46.336682,Pas barometryczny,1075.08,1075.08,true
session_20260623_163953_final,519,52961,2026-06-23T16:40:46.440541,Pas barometryczny,1075.16,1075.16,true
session_20260623_163953_final,520,53038,2026-06-23T16:40:46.517530,Pas barometryczny,1075.12,1075.12,true
session_20260623_163953_final,521,53175,2026-06-23T16:40:46.654192,Pas barometryczny,1075.19,1075.19,true
session_20260623_163953_final,522,53312,2026-06-23T16:40:46.791010,Pas barometryczny,1075.36,1075.36,true
session_20260623_163953_final,523,53348,2026-06-23T16:40:46.827188,Pas barometryczny,1075.42,1075.42,true
session_20260623_163953_final,524,53440,2026-06-23T16:40:46.919795,Pas barometryczny,1075.53,1075.53,true
session_20260623_163953_final,525,53573,2026-06-23T16:40:47.051824,Pas barometryczny,1075.56,1075.56,true
session_20260623_163953_final,526,53667,2026-06-23T16:40:47.146808,Pas barometryczny,1075.57,1075.57,true
session_20260623_163953_final,527,53755,2026-06-23T16:40:47.234735,Pas barometryczny,1075.53,1075.53,true
session_20260623_163953_final,528,53899,2026-06-23T16:40:47.378134,Pas barometryczny,1075.59,1075.59,true
session_20260623_163953_final,529,53978,2026-06-23T16:40:47.457758,Pas barometryczny,1075.66,1075.66,true
session_20260623_163953_final,530,54069,2026-06-23T16:40:47.548597,Pas barometryczny,1075.65,1075.65,true
session_20260623_163953_final,531,54172,2026-06-23T16:40:47.651048,Pas barometryczny,1075.71,1075.71,true
session_20260623_163953_final,532,54296,2026-06-23T16:40:47.775200,Pas barometryczny,1075.81,1075.81,true
session_20260623_163953_final,533,54400,2026-06-23T16:40:47.879300,Pas barometryczny,1076.14,1076.14,true
session_20260623_163953_final,534,54481,2026-06-23T16:40:47.960007,Pas barometryczny,1076.61,1076.61,true
session_20260623_163953_final,535,54563,2026-06-23T16:40:48.042379,Pas barometryczny,1076.93,1076.93,true
session_20260623_163953_final,536,54698,2026-06-23T16:40:48.177708,Pas barometryczny,1077.26,1077.26,true
session_20260623_163953_final,537,54799,2026-06-23T16:40:48.278803,Pas barometryczny,1077.60,1077.60,true
session_20260623_163953_final,538,54879,2026-06-23T16:40:48.358488,Pas barometryczny,1077.84,1077.84,true
session_20260623_163953_final,539,54971,2026-06-23T16:40:48.450413,Pas barometryczny,1077.65,1077.65,true
session_20260623_163953_final,540,55121,2026-06-23T16:40:48.599913,Pas barometryczny,1077.27,1077.27,true
session_20260623_163953_final,541,55201,2026-06-23T16:40:48.680752,Pas barometryczny,1076.96,1076.96,true
session_20260623_163953_final,542,55284,2026-06-23T16:40:48.762963,Pas barometryczny,1076.75,1076.75,true
session_20260623_163953_final,543,55437,2026-06-23T16:40:48.916332,Pas barometryczny,1076.34,1076.34,true
session_20260623_163953_final,544,55534,2026-06-23T16:40:49.013200,Pas barometryczny,1075.97,1075.97,true
session_20260623_163953_final,545,55601,2026-06-23T16:40:49.080225,Pas barometryczny,1075.74,1075.74,true
session_20260623_163953_final,546,55702,2026-06-23T16:40:49.180909,Pas barometryczny,1075.64,1075.64,true
session_20260623_163953_final,547,55837,2026-06-23T16:40:49.315882,Pas barometryczny,1075.58,1075.58,true
session_20260623_163953_final,548,55913,2026-06-23T16:40:49.392473,Pas barometryczny,1075.61,1075.61,true
session_20260623_163953_final,549,56006,2026-06-23T16:40:49.485526,Pas barometryczny,1075.59,1075.59,true
session_20260623_163953_final,550,56099,2026-06-23T16:40:49.578513,Pas barometryczny,1075.61,1075.61,true
session_20260623_163953_final,551,56237,2026-06-23T16:40:49.716339,Pas barometryczny,1075.61,1075.61,true
session_20260623_163953_final,552,56321,2026-06-23T16:40:49.799882,Pas barometryczny,1075.59,1075.59,true
session_20260623_163953_final,553,56423,2026-06-23T16:40:49.901947,Pas barometryczny,1075.70,1075.70,true
session_20260623_163953_final,554,56505,2026-06-23T16:40:49.984734,Pas barometryczny,1075.69,1075.69,true
session_20260623_163953_final,555,56633,2026-06-23T16:40:50.112711,Pas barometryczny,1075.67,1075.67,true
session_20260623_163953_final,556,56740,2026-06-23T16:40:50.219036,Pas barometryczny,1075.64,1075.64,true
session_20260623_163953_final,557,56814,2026-06-23T16:40:50.293317,Pas barometryczny,1075.71,1075.71,true
session_20260623_163953_final,558,56948,2026-06-23T16:40:50.427604,Pas barometryczny,1075.78,1075.78,true
session_20260623_163953_final,559,57038,2026-06-23T16:40:50.516933,Pas barometryczny,1076.07,1076.07,true
session_20260623_163953_final,560,57142,2026-06-23T16:40:50.621457,Pas barometryczny,1076.58,1076.58,true
session_20260623_163953_final,561,57220,2026-06-23T16:40:50.699240,Pas barometryczny,1077.03,1077.03,true
session_20260623_163953_final,562,57358,2026-06-23T16:40:50.837257,Pas barometryczny,1077.44,1077.44,true
session_20260623_163953_final,563,57446,2026-06-23T16:40:50.925355,Pas barometryczny,1077.78,1077.78,true
session_20260623_163953_final,564,57546,2026-06-23T16:40:51.025254,Pas barometryczny,1078.07,1078.07,true
session_20260623_163953_final,565,57623,2026-06-23T16:40:51.101974,Pas barometryczny,1078.34,1078.34,true
session_20260623_163953_final,566,57777,2026-06-23T16:40:51.256656,Pas barometryczny,1078.25,1078.25,true
session_20260623_163953_final,567,57857,2026-06-23T16:40:51.336223,Pas barometryczny,1077.81,1077.81,true
session_20260623_163953_final,568,57938,2026-06-23T16:40:51.416823,Pas barometryczny,1077.36,1077.36,true
session_20260623_163953_final,569,58032,2026-06-23T16:40:51.510893,Pas barometryczny,1076.95,1076.95,true
session_20260623_163953_final,570,58175,2026-06-23T16:40:51.654179,Pas barometryczny,1076.61,1076.61,true
session_20260623_163953_final,571,58253,2026-06-23T16:40:51.731902,Pas barometryczny,1076.27,1076.27,true
session_20260623_163953_final,572,58348,2026-06-23T16:40:51.826894,Pas barometryczny,1075.94,1075.94,true
session_20260623_163953_final,573,58495,2026-06-23T16:40:51.974685,Pas barometryczny,1075.84,1075.84,true
session_20260623_163953_final,574,58569,2026-06-23T16:40:52.048010,Pas barometryczny,1075.66,1075.66,true
session_20260623_163953_final,575,58660,2026-06-23T16:40:52.139744,Pas barometryczny,1075.65,1075.65,true
session_20260623_163953_final,576,58749,2026-06-23T16:40:52.228781,Pas barometryczny,1075.65,1075.65,true
session_20260623_163953_final,577,58884,2026-06-23T16:40:52.363481,Pas barometryczny,1075.65,1075.65,true
session_20260623_163953_final,578,58976,2026-06-23T16:40:52.454838,Pas barometryczny,1075.67,1075.67,true
session_20260623_163953_final,579,59078,2026-06-23T16:40:52.557347,Pas barometryczny,1075.65,1075.65,true
session_20260623_163953_final,580,59164,2026-06-23T16:40:52.643346,Pas barometryczny,1075.68,1075.68,true
session_20260623_163953_final,581,59289,2026-06-23T16:40:52.768340,Pas barometryczny,1075.68,1075.68,true
session_20260623_163953_final,582,59378,2026-06-23T16:40:52.857544,Pas barometryczny,1075.62,1075.62,true
session_20260623_163953_final,583,59482,2026-06-23T16:40:52.961452,Pas barometryczny,1075.67,1075.67,true
session_20260623_163953_final,584,59560,2026-06-23T16:40:53.039632,Pas barometryczny,1075.67,1075.67,true
session_20260623_163953_final,585,59697,2026-06-23T16:40:53.176659,Pas barometryczny,1075.71,1075.71,true
session_20260623_163953_final,586,59786,2026-06-23T16:40:53.265182,Pas barometryczny,1075.76,1075.76,true
session_20260623_163953_final,587,59872,2026-06-23T16:40:53.350892,Pas barometryczny,1076.00,1076.00,true
session_20260623_163953_final,588,59976,2026-06-23T16:40:53.455021,Pas barometryczny,1076.49,1076.49,true
session_20260623_163953_final,589,60103,2026-06-23T16:40:53.582560,Pas barometryczny,1076.87,1076.87,true
session_20260623_163953_final,590,60189,2026-06-23T16:40:53.668092,Pas barometryczny,1077.26,1077.26,true
session_20260623_163953_final,591,60279,2026-06-23T16:40:53.758630,Pas barometryczny,1077.62,1077.62,true
session_20260623_163953_final,592,60416,2026-06-23T16:40:53.895180,Pas barometryczny,1077.63,1077.63,true
session_20260623_163953_final,593,60515,2026-06-23T16:40:53.994343,Pas barometryczny,1077.36,1077.36,true
session_20260623_163953_final,594,60593,2026-06-23T16:40:54.072640,Pas barometryczny,1076.98,1076.98,true
session_20260623_163953_final,595,60683,2026-06-23T16:40:54.162491,Pas barometryczny,1076.62,1076.62,true
session_20260623_163953_final,596,60830,2026-06-23T16:40:54.309267,Pas barometryczny,1076.41,1076.41,true
session_20260623_163953_final,597,60919,2026-06-23T16:40:54.398082,Pas barometryczny,1076.12,1076.12,true
session_20260623_163953_final,598,60997,2026-06-23T16:40:54.476232,Pas barometryczny,1075.87,1075.87,true
session_20260623_163953_final,599,61090,2026-06-23T16:40:54.569399,Pas barometryczny,1075.81,1075.81,true
session_20260623_163953_final,600,61238,2026-06-23T16:40:54.716891,Pas barometryczny,1075.74,1075.74,true
session_20260623_163953_final,601,61320,2026-06-23T16:40:54.799230,Pas barometryczny,1075.72,1075.72,true
session_20260623_163953_final,602,61407,2026-06-23T16:40:54.886708,Pas barometryczny,1075.76,1075.76,true
session_20260623_163953_final,603,61495,2026-06-23T16:40:54.974735,Pas barometryczny,1075.93,1075.93,true
session_20260623_163953_final,604,61638,2026-06-23T16:40:55.117708,Pas barometryczny,1076.31,1076.31,true
session_20260623_163953_final,605,61717,2026-06-23T16:40:55.196625,Pas barometryczny,1076.72,1076.72,true
session_20260623_163953_final,606,61818,2026-06-23T16:40:55.296992,Pas barometryczny,1077.04,1077.04,true
session_20260623_163953_final,607,61945,2026-06-23T16:40:55.424676,Pas barometryczny,1077.39,1077.39,true
session_20260623_163953_final,608,62033,2026-06-23T16:40:55.512286,Pas barometryczny,1077.54,1077.54,true
session_20260623_163953_final,609,62143,2026-06-23T16:40:55.622756,Pas barometryczny,1077.33,1077.33,true
session_20260623_163953_final,610,62221,2026-06-23T16:40:55.700770,Pas barometryczny,1076.99,1076.99,true
session_20260623_163953_final,611,62349,2026-06-23T16:40:55.828423,Pas barometryczny,1076.36,1076.36,true
session_20260623_163953_final,612,62438,2026-06-23T16:40:55.917221,Pas barometryczny,1075.44,1075.44,true
session_20260623_163953_final,613,62533,2026-06-23T16:40:56.012476,Pas barometryczny,1074.82,1074.82,true
session_20260623_163953_final,614,62621,2026-06-23T16:40:56.100537,Pas barometryczny,1074.46,1074.46,true
session_20260623_163953_final,615,62756,2026-06-23T16:40:56.235163,Pas barometryczny,1074.43,1074.43,true
session_20260623_163953_final,616,62860,2026-06-23T16:40:56.339755,Pas barometryczny,1074.60,1074.60,true
session_20260623_163953_final,617,62942,2026-06-23T16:40:56.421007,Pas barometryczny,1074.78,1074.78,true
session_20260623_163953_final,618,63024,2026-06-23T16:40:56.503391,Pas barometryczny,1074.93,1074.93,true
session_20260623_163953_final,619,63163,2026-06-23T16:40:56.642322,Pas barometryczny,1075.10,1075.10,true
session_20260623_163953_final,620,63252,2026-06-23T16:40:56.731323,Pas barometryczny,1075.47,1075.47,true
session_20260623_163953_final,621,63342,2026-06-23T16:40:56.821377,Pas barometryczny,1075.95,1075.95,true
session_20260623_163953_final,622,63476,2026-06-23T16:40:56.955701,Pas barometryczny,1076.46,1076.46,true
session_20260623_163953_final,623,63566,2026-06-23T16:40:57.044855,Pas barometryczny,1076.93,1076.93,true
session_20260623_163953_final,624,63654,2026-06-23T16:40:57.133466,Pas barometryczny,1077.34,1077.34,true
session_20260623_163953_final,625,63761,2026-06-23T16:40:57.239875,Pas barometryczny,1077.69,1077.69,true
session_20260623_163953_final,626,63887,2026-06-23T16:40:57.366337,Pas barometryczny,1077.92,1077.92,true
session_20260623_163953_final,627,63975,2026-06-23T16:40:57.454184,Pas barometryczny,1078.24,1078.24,true
session_20260623_163953_final,628,64058,2026-06-23T16:40:57.536996,Pas barometryczny,1078.27,1078.27,true
session_20260623_163953_final,629,64159,2026-06-23T16:40:57.638022,Pas barometryczny,1078.07,1078.07,true
session_20260623_163953_final,630,64295,2026-06-23T16:40:57.774296,Pas barometryczny,1077.79,1077.79,true
session_20260623_163953_final,631,64373,2026-06-23T16:40:57.852599,Pas barometryczny,1077.69,1077.69,true
session_20260623_163953_final,632,64472,2026-06-23T16:40:57.950959,Pas barometryczny,1077.76,1077.76,true
session_20260623_163953_final,633,64553,2026-06-23T16:40:58.032499,Pas barometryczny,1078.14,1078.14,true
session_20260623_163953_final,634,64690,2026-06-23T16:40:58.169513,Pas barometryczny,1077.88,1077.88,true
session_20260623_163953_final,635,64779,2026-06-23T16:40:58.258052,Pas barometryczny,1077.16,1077.16,true
session_20260623_163953_final,636,64868,2026-06-23T16:40:58.347035,Pas barometryczny,1076.69,1076.69,true
session_20260623_163953_final,637,65003,2026-06-23T16:40:58.482584,Pas barometryczny,1076.24,1076.24,true
session_20260623_163953_final,638,65094,2026-06-23T16:40:58.573133,Pas barometryczny,1075.94,1075.94,true
session_20260623_163953_final,639,65185,2026-06-23T16:40:58.664695,Pas barometryczny,1075.60,1075.60,true
session_20260623_163953_final,640,65285,2026-06-23T16:40:58.764561,Pas barometryczny,1075.16,1075.16,true
session_20260623_163953_final,641,65408,2026-06-23T16:40:58.887807,Pas barometryczny,1074.93,1074.93,true
session_20260623_163953_final,642,65509,2026-06-23T16:40:58.988527,Pas barometryczny,1074.98,1074.98,true
session_20260623_163953_final,643,65590,2026-06-23T16:40:59.069787,Pas barometryczny,1074.99,1074.99,true
session_20260623_163953_final,644,65677,2026-06-23T16:40:59.156709,Pas barometryczny,1075.11,1075.11,true
session_20260623_163953_final,645,65819,2026-06-23T16:40:59.298318,Pas barometryczny,1075.40,1075.40,true
session_20260623_163953_final,646,65917,2026-06-23T16:40:59.396808,Pas barometryczny,1075.43,1075.43,true
session_20260623_163953_final,647,65993,2026-06-23T16:40:59.472590,Pas barometryczny,1075.41,1075.41,true
session_20260623_163953_final,648,66088,2026-06-23T16:40:59.567043,Pas barometryczny,1075.36,1075.36,true
session_20260623_163953_final,649,66239,2026-06-23T16:40:59.718769,Pas barometryczny,1075.21,1075.21,true
session_20260623_163953_final,650,66319,2026-06-23T16:40:59.797905,Pas barometryczny,1075.01,1075.01,true
session_20260623_163953_final,651,66400,2026-06-23T16:40:59.878909,Pas barometryczny,1074.98,1074.98,true
session_20260623_163953_final,652,66533,2026-06-23T16:41:00.012811,Pas barometryczny,1074.94,1074.94,true
session_20260623_163953_final,653,66635,2026-06-23T16:41:00.114791,Pas barometryczny,1074.96,1074.96,true
session_20260623_163953_final,654,66713,2026-06-23T16:41:00.192246,Pas barometryczny,1075.10,1075.10,true
session_20260623_163953_final,655,66810,2026-06-23T16:41:00.289546,Pas barometryczny,1075.11,1075.11,true
session_20260623_163953_final,656,66945,2026-06-23T16:41:00.424462,Pas barometryczny,1075.23,1075.23,true
session_20260623_163953_final,657,67030,2026-06-23T16:41:00.509289,Pas barometryczny,1075.24,1075.24,true
session_20260623_163953_final,658,67117,2026-06-23T16:41:00.595831,Pas barometryczny,1075.17,1075.17,true
session_20260623_163953_final,659,67213,2026-06-23T16:41:00.692308,Pas barometryczny,1075.19,1075.19,true
session_20260623_163953_final,660,67342,2026-06-23T16:41:00.820831,Pas barometryczny,1075.34,1075.34,true
session_20260623_163953_final,661,67432,2026-06-23T16:41:00.911175,Pas barometryczny,1075.70,1075.70,true
session_20260623_163953_final,662,67536,2026-06-23T16:41:01.015587,Pas barometryczny,1076.02,1076.02,true
session_20260623_163953_final,663,67616,2026-06-23T16:41:01.095462,Pas barometryczny,1076.38,1076.38,true
session_20260623_163953_final,664,67749,2026-06-23T16:41:01.228707,Pas barometryczny,1076.76,1076.76,true
session_20260623_163953_final,665,67837,2026-06-23T16:41:01.315962,Pas barometryczny,1077.12,1077.12,true
session_20260623_163953_final,666,67933,2026-06-23T16:41:01.412114,Pas barometryczny,1077.69,1077.69,true
session_20260623_163953_final,667,68064,2026-06-23T16:41:01.542831,Pas barometryczny,1078.21,1078.21,true
session_20260623_163953_final,668,68152,2026-06-23T16:41:01.631486,Pas barometryczny,1078.70,1078.70,true
session_20260623_163953_final,669,68244,2026-06-23T16:41:01.723426,Pas barometryczny,1079.02,1079.02,true
session_20260623_163953_final,670,68337,2026-06-23T16:41:01.816323,Pas barometryczny,1079.30,1079.30,true
session_20260623_163953_final,671,68467,2026-06-23T16:41:01.946658,Pas barometryczny,1079.33,1079.33,true
session_20260623_163953_final,672,68570,2026-06-23T16:41:02.049557,Pas barometryczny,1078.85,1078.85,true
session_20260623_163953_final,673,68658,2026-06-23T16:41:02.137709,Pas barometryczny,1078.31,1078.31,true
session_20260623_163953_final,674,68741,2026-06-23T16:41:02.220113,Pas barometryczny,1077.64,1077.64,true
session_20260623_163953_final,675,68872,2026-06-23T16:41:02.351481,Pas barometryczny,1077.15,1077.15,true
session_20260623_163953_final,676,68972,2026-06-23T16:41:02.451778,Pas barometryczny,1076.45,1076.45,true
session_20260623_163953_final,677,69060,2026-06-23T16:41:02.539157,Pas barometryczny,1076.08,1076.08,true
session_20260623_163953_final,678,69161,2026-06-23T16:41:02.640450,Pas barometryczny,1075.75,1075.75,true
session_20260623_163953_final,679,69290,2026-06-23T16:41:02.769353,Pas barometryczny,1075.59,1075.59,true
session_20260623_163953_final,680,69369,2026-06-23T16:41:02.848306,Pas barometryczny,1075.54,1075.54,true
session_20260623_163953_final,681,69462,2026-06-23T16:41:02.941617,Pas barometryczny,1075.50,1075.50,true
session_20260623_163953_final,682,69597,2026-06-23T16:41:03.076773,Pas barometryczny,1075.51,1075.51,true
session_20260623_163953_final,683,69684,2026-06-23T16:41:03.163589,Pas barometryczny,1075.50,1075.50,true
session_20260623_163953_final,684,69773,2026-06-23T16:41:03.251913,Pas barometryczny,1075.47,1075.47,true
session_20260623_163953_final,685,69865,2026-06-23T16:41:03.343942,Pas barometryczny,1075.52,1075.52,true
session_20260623_163953_final,686,69999,2026-06-23T16:41:03.478051,Pas barometryczny,1075.55,1075.55,true
session_20260623_163953_final,687,70088,2026-06-23T16:41:03.567684,Pas barometryczny,1075.61,1075.61,true
session_20260623_163953_final,688,70177,2026-06-23T16:41:03.656720,Pas barometryczny,1075.86,1075.86,true
session_20260623_163953_final,689,70282,2026-06-23T16:41:03.761061,Pas barometryczny,1076.26,1076.26,true
session_20260623_163953_final,690,70406,2026-06-23T16:41:03.885749,Pas barometryczny,1076.83,1076.83,true
session_20260623_163953_final,691,70493,2026-06-23T16:41:03.971816,Pas barometryczny,1077.21,1077.21,true
session_20260623_163953_final,692,70598,2026-06-23T16:41:04.077782,Pas barometryczny,1077.59,1077.59,true
session_20260623_163953_final,693,70675,2026-06-23T16:41:04.153908,Pas barometryczny,1078.06,1078.06,true
session_20260623_163953_final,694,70807,2026-06-23T16:41:04.286349,Pas barometryczny,1078.36,1078.36,true
session_20260623_163953_final,695,70906,2026-06-23T16:41:04.385814,Pas barometryczny,1078.57,1078.57,true
session_20260623_163953_final,696,70987,2026-06-23T16:41:04.466704,Pas barometryczny,1078.46,1078.46,true
session_20260623_163953_final,697,71133,2026-06-23T16:41:04.612441,Pas barometryczny,1078.15,1078.15,true
session_20260623_163953_final,698,71214,2026-06-23T16:41:04.693337,Pas barometryczny,1077.72,1077.72,true
session_20260623_163953_final,699,71303,2026-06-23T16:41:04.782687,Pas barometryczny,1077.14,1077.14,true
session_20260623_163953_final,700,71393,2026-06-23T16:41:04.872377,Pas barometryczny,1076.76,1076.76,true
session_20260623_163953_final,701,71527,2026-06-23T16:41:05.006494,Pas barometryczny,1076.39,1076.39,true
session_20260623_163953_final,702,71621,2026-06-23T16:41:05.099844,Pas barometryczny,1076.01,1076.01,true
session_20260623_163953_final,703,71718,2026-06-23T16:41:05.196895,Pas barometryczny,1075.63,1075.63,true
session_20260623_163953_final,704,71797,2026-06-23T16:41:05.276339,Pas barometryczny,1075.44,1075.44,true
session_20260623_163953_final,705,71933,2026-06-23T16:41:05.412477,Pas barometryczny,1075.45,1075.45,true
session_20260623_163953_final,706,72036,2026-06-23T16:41:05.515069,Pas barometryczny,1075.27,1075.27,true
session_20260623_163953_final,707,72115,2026-06-23T16:41:05.593892,Pas barometryczny,1075.30,1075.30,true
session_20260623_163953_final,708,72219,2026-06-23T16:41:05.698303,Pas barometryczny,1075.32,1075.32,true
session_20260623_163953_final,709,72347,2026-06-23T16:41:05.826217,Pas barometryczny,1075.36,1075.36,true
session_20260623_163953_final,710,72434,2026-06-23T16:41:05.913274,Pas barometryczny,1075.41,1075.41,true
session_20260623_163953_final,711,72519,2026-06-23T16:41:05.998111,Pas barometryczny,1075.46,1075.46,true
session_20260623_163953_final,712,72671,2026-06-23T16:41:06.150211,Pas barometryczny,1075.45,1075.45,true
session_20260623_163953_final,713,72743,2026-06-23T16:41:06.221838,Pas barometryczny,1075.38,1075.38,true
session_20260623_163953_final,714,72833,2026-06-23T16:41:06.312604,Pas barometryczny,1075.48,1075.48,true
session_20260623_163953_final,715,72927,2026-06-23T16:41:06.406475,Pas barometryczny,1075.55,1075.55,true
session_20260623_163953_final,716,73060,2026-06-23T16:41:06.539493,Pas barometryczny,1075.67,1075.67,true
session_20260623_163953_final,717,73148,2026-06-23T16:41:06.627688,Pas barometryczny,1076.03,1076.03,true
session_20260623_163953_final,718,73256,2026-06-23T16:41:06.735457,Pas barometryczny,1076.51,1076.51,true
session_20260623_163953_final,719,73339,2026-06-23T16:41:06.817993,Pas barometryczny,1076.91,1076.91,true
session_20260623_163953_final,720,73471,2026-06-23T16:41:06.950440,Pas barometryczny,1077.23,1077.23,true
session_20260623_163953_final,721,73558,2026-06-23T16:41:07.037358,Pas barometryczny,1077.46,1077.46,true
session_20260623_163953_final,722,73658,2026-06-23T16:41:07.137221,Pas barometryczny,1077.83,1077.83,true
session_20260623_163953_final,723,73740,2026-06-23T16:41:07.219209,Pas barometryczny,1078.20,1078.20,true
session_20260623_163953_final,724,73873,2026-06-23T16:41:07.352124,Pas barometryczny,1078.32,1078.32,true
session_20260623_163953_final,725,73977,2026-06-23T16:41:07.456375,Pas barometryczny,1078.12,1078.12,true
session_20260623_163953_final,726,74048,2026-06-23T16:41:07.527680,Pas barometryczny,1077.59,1077.59,true
session_20260623_163953_final,727,74190,2026-06-23T16:41:07.669734,Pas barometryczny,1077.28,1077.28,true
session_20260623_163953_final,728,74274,2026-06-23T16:41:07.753215,Pas barometryczny,1076.85,1076.85,true
session_20260623_163953_final,729,74376,2026-06-23T16:41:07.855298,Pas barometryczny,1076.51,1076.51,true
session_20260623_163953_final,730,74453,2026-06-23T16:41:07.932772,Pas barometryczny,1076.29,1076.29,true
session_20260623_163953_final,731,74588,2026-06-23T16:41:08.067413,Pas barometryczny,1076.11,1076.11,true
session_20260623_163953_final,732,74681,2026-06-23T16:41:08.160134,Pas barometryczny,1075.91,1075.91,true
session_20260623_163953_final,733,74778,2026-06-23T16:41:08.256884,Pas barometryczny,1075.82,1075.82,true
session_20260623_163953_final,734,74860,2026-06-23T16:41:08.339322,Pas barometryczny,1075.80,1075.80,true
session_20260623_163953_final,735,74998,2026-06-23T16:41:08.477156,Pas barometryczny,1075.71,1075.71,true
session_20260623_163953_final,736,75089,2026-06-23T16:41:08.568239,Pas barometryczny,1075.65,1075.65,true
session_20260623_163953_final,737,75179,2026-06-23T16:41:08.658239,Pas barometryczny,1075.66,1075.66,true
session_20260623_163953_final,738,75278,2026-06-23T16:41:08.756818,Pas barometryczny,1075.70,1075.70,true
session_20260623_163953_final,739,75418,2026-06-23T16:41:08.897208,Pas barometryczny,1075.68,1075.68,true
session_20260623_163953_final,740,75489,2026-06-23T16:41:08.968412,Pas barometryczny,1075.67,1075.67,true
session_20260623_163953_final,741,75589,2026-06-23T16:41:09.068398,Pas barometryczny,1075.70,1075.70,true
session_20260623_163953_final,742,75730,2026-06-23T16:41:09.209205,Pas barometryczny,1075.60,1075.60,true
session_20260623_163953_final,743,75805,2026-06-23T16:41:09.284566,Pas barometryczny,1075.64,1075.64,true
session_20260623_163953_final,744,75894,2026-06-23T16:41:09.373148,Pas barometryczny,1075.69,1075.69,true
session_20260623_163953_final,745,75985,2026-06-23T16:41:09.464248,Pas barometryczny,1075.71,1075.71,true
session_20260623_163953_final,746,76124,2026-06-23T16:41:09.603636,Pas barometryczny,1075.73,1075.73,true
session_20260623_163953_final,747,76209,2026-06-23T16:41:09.688040,Pas barometryczny,1075.74,1075.74,true
session_20260623_163953_final,748,76302,2026-06-23T16:41:09.780965,Pas barometryczny,1075.73,1075.73,true
session_20260623_163953_final,749,76397,2026-06-23T16:41:09.876608,Pas barometryczny,1075.72,1075.72,true
session_20260623_163953_final,750,76583,2026-06-23T16:41:10.062693,Pas barometryczny,1075.65,1075.65,true
session_20260623_163953_final,751,76617,2026-06-23T16:41:10.095864,Pas barometryczny,1075.71,1075.71,true
session_20260623_163953_final,752,76712,2026-06-23T16:41:10.191162,Pas barometryczny,1075.76,1075.76,true
session_20260623_163953_final,753,76793,2026-06-23T16:41:10.271976,Pas barometryczny,1075.82,1075.82,true
session_20260623_163953_final,754,76927,2026-06-23T16:41:10.406697,Pas barometryczny,1076.11,1076.11,true
session_20260623_163953_final,755,77041,2026-06-23T16:41:10.520246,Pas barometryczny,1076.50,1076.50,true
session_20260623_163953_final,756,77109,2026-06-23T16:41:10.587890,Pas barometryczny,1076.86,1076.86,true
session_20260623_163953_final,757,77249,2026-06-23T16:41:10.728025,Pas barometryczny,1077.17,1077.17,true
session_20260623_163953_final,758,77390,2026-06-23T16:41:10.869788,Pas barometryczny,1077.36,1077.36,true
session_20260623_163953_final,759,77424,2026-06-23T16:41:10.903210,Pas barometryczny,1077.48,1077.48,true
session_20260623_163953_final,760,77514,2026-06-23T16:41:10.993362,Pas barometryczny,1077.24,1077.24,true
session_20260623_163953_final,761,77647,2026-06-23T16:41:11.126721,Pas barometryczny,1076.88,1076.88,true
session_20260623_163953_final,762,77752,2026-06-23T16:41:11.230976,Pas barometryczny,1076.59,1076.59,true
session_20260623_163953_final,763,77827,2026-06-23T16:41:11.306579,Pas barometryczny,1076.23,1076.23,true
session_20260623_163953_final,764,77917,2026-06-23T16:41:11.396742,Pas barometryczny,1076.04,1076.04,true
session_20260623_163953_final,765,78054,2026-06-23T16:41:11.533601,Pas barometryczny,1075.83,1075.83,true
session_20260623_163953_final,766,78151,2026-06-23T16:41:11.630731,Pas barometryczny,1075.75,1075.75,true
session_20260623_163953_final,767,78234,2026-06-23T16:41:11.713186,Pas barometryczny,1075.71,1075.71,true
session_20260623_163953_final,768,78338,2026-06-23T16:41:11.817432,Pas barometryczny,1075.69,1075.69,true
session_20260623_163953_final,769,78471,2026-06-23T16:41:11.950537,Pas barometryczny,1075.72,1075.72,true
session_20260623_163953_final,770,78556,2026-06-23T16:41:12.035350,Pas barometryczny,1075.76,1075.76,true
session_20260623_163953_final,771,78641,2026-06-23T16:41:12.120644,Pas barometryczny,1075.70,1075.70,true
session_20260623_163953_final,772,78791,2026-06-23T16:41:12.270554,Pas barometryczny,1075.66,1075.66,true
session_20260623_163953_final,773,78869,2026-06-23T16:41:12.348280,Pas barometryczny,1075.75,1075.75,true
session_20260623_163953_final,774,78956,2026-06-23T16:41:12.435587,Pas barometryczny,1075.81,1075.81,true
session_20260623_163953_final,775,79051,2026-06-23T16:41:12.529835,Pas barometryczny,1075.86,1075.86,true
session_20260623_163953_final,776,79191,2026-06-23T16:41:12.670352,Pas barometryczny,1075.84,1075.84,true
session_20260623_163953_final,777,79267,2026-06-23T16:41:12.746463,Pas barometryczny,1075.76,1075.76,true
session_20260623_163953_final,778,79375,2026-06-23T16:41:12.854460,Pas barometryczny,1075.77,1075.77,true
session_20260623_163953_final,779,79456,2026-06-23T16:41:12.935182,Pas barometryczny,1075.69,1075.69,true
session_20260623_163953_final,780,79590,2026-06-23T16:41:13.069557,Pas barometryczny,1075.67,1075.67,true
session_20260623_163953_final,781,79673,2026-06-23T16:41:13.152266,Pas barometryczny,1075.72,1075.72,true
session_20260623_163953_final,782,79769,2026-06-23T16:41:13.248153,Pas barometryczny,1075.72,1075.72,true
session_20260623_163953_final,783,79857,2026-06-23T16:41:13.336443,Pas barometryczny,1075.73,1075.73,true
session_20260623_163953_final,784,79988,2026-06-23T16:41:13.466956,Pas barometryczny,1075.75,1075.75,true
session_20260623_163953_final,785,80094,2026-06-23T16:41:13.572994,Pas barometryczny,1075.74,1075.74,true
session_20260623_163953_final,786,80173,2026-06-23T16:41:13.652377,Pas barometryczny,1075.72,1075.72,true
session_20260623_163953_final,787,80313,2026-06-23T16:41:13.791851,Pas barometryczny,1075.66,1075.66,true
session_20260623_163953_final,788,80413,2026-06-23T16:41:13.891839,Pas barometryczny,1075.66,1075.66,true
session_20260623_163953_final,789,80490,2026-06-23T16:41:13.969534,Pas barometryczny,1075.69,1075.69,true
session_20260623_163953_final,790,80574,2026-06-23T16:41:14.053407,Pas barometryczny,1075.69,1075.69,true
session_20260623_163953_final,791,80708,2026-06-23T16:41:14.187185,Pas barometryczny,1075.72,1075.72,true
session_20260623_163953_final,792,80807,2026-06-23T16:41:14.286719,Pas barometryczny,1075.71,1075.71,true
session_20260623_163953_final,793,80894,2026-06-23T16:41:14.373398,Pas barometryczny,1075.71,1075.71,true
session_20260623_163953_final,794,80996,2026-06-23T16:41:14.474972,Pas barometryczny,1075.69,1075.69,true
session_20260623_163953_final,795,81122,2026-06-23T16:41:14.601441,Pas barometryczny,1075.63,1075.63,true
session_20260623_163953_final,796,81204,2026-06-23T16:41:14.683458,Pas barometryczny,1075.69,1075.69,true
session_20260623_163953_final,797,81293,2026-06-23T16:41:14.772441,Pas barometryczny,1075.78,1075.78,true
session_20260623_163953_final,798,81398,2026-06-23T16:41:14.877091,Pas barometryczny,1076.01,1076.01,true
session_20260623_163953_final,799,81532,2026-06-23T16:41:15.011195,Pas barometryczny,1076.47,1076.47,true
session_20260623_163953_final,800,81608,2026-06-23T16:41:15.087379,Pas barometryczny,1076.83,1076.83,true
session_20260623_163953_final,801,81711,2026-06-23T16:41:15.189835,Pas barometryczny,1077.20,1077.20,true
session_20260623_163953_final,802,81849,2026-06-23T16:41:15.328774,Pas barometryczny,1077.46,1077.46,true
session_20260623_163953_final,803,81932,2026-06-23T16:41:15.411764,Pas barometryczny,1077.83,1077.83,true
session_20260623_163953_final,804,82029,2026-06-23T16:41:15.508089,Pas barometryczny,1078.19,1078.19,true
session_20260623_163953_final,805,82116,2026-06-23T16:41:15.595175,Pas barometryczny,1078.45,1078.45,true
session_20260623_163953_final,806,82239,2026-06-23T16:41:15.718537,Pas barometryczny,1078.46,1078.46,true
session_20260623_163953_final,807,82329,2026-06-23T16:41:15.808752,Pas barometryczny,1078.06,1078.06,true
session_20260623_163953_final,808,82420,2026-06-23T16:41:15.899326,Pas barometryczny,1077.57,1077.57,true
session_20260623_163953_final,809,82511,2026-06-23T16:41:15.990239,Pas barometryczny,1077.16,1077.16,true
session_20260623_163953_final,810,82645,2026-06-23T16:41:16.124428,Pas barometryczny,1076.75,1076.75,true
session_20260623_163953_final,811,82737,2026-06-23T16:41:16.216734,Pas barometryczny,1076.50,1076.50,true
session_20260623_163953_final,812,82829,2026-06-23T16:41:16.307890,Pas barometryczny,1076.27,1076.27,true
session_20260623_163953_final,813,82916,2026-06-23T16:41:16.395670,Pas barometryczny,1076.12,1076.12,true
session_20260623_163953_final,814,83053,2026-06-23T16:41:16.532242,Pas barometryczny,1075.98,1075.98,true
session_20260623_163953_final,815,83151,2026-06-23T16:41:16.630448,Pas barometryczny,1075.83,1075.83,true
session_20260623_163953_final,816,83236,2026-06-23T16:41:16.715736,Pas barometryczny,1075.84,1075.84,true
session_20260623_163953_final,817,83371,2026-06-23T16:41:16.850230,Pas barometryczny,1075.77,1075.77,true
session_20260623_163953_final,818,83471,2026-06-23T16:41:16.949922,Pas barometryczny,1075.72,1075.72,true
session_20260623_163953_final,819,83546,2026-06-23T16:41:17.025012,Pas barometryczny,1075.74,1075.74,true
session_20260623_163953_final,820,83634,2026-06-23T16:41:17.112870,Pas barometryczny,1075.84,1075.84,true
session_20260623_163953_final,821,83768,2026-06-23T16:41:17.247644,Pas barometryczny,1076.17,1076.17,true
session_20260623_163953_final,822,83867,2026-06-23T16:41:17.346332,Pas barometryczny,1075.77,1075.77,true
session_20260623_163953_final,823,83950,2026-06-23T16:41:17.429334,Pas barometryczny,1075.56,1075.56,true
session_20260623_163953_final,824,84050,2026-06-23T16:41:17.529759,Pas barometryczny,1075.47,1075.47,true
session_20260623_163953_final,825,84189,2026-06-23T16:41:17.668419,Pas barometryczny,1075.45,1075.45,true
session_20260623_163953_final,826,84266,2026-06-23T16:41:17.745645,Pas barometryczny,1075.34,1075.34,true
session_20260623_163953_final,827,84359,2026-06-23T16:41:17.838323,Pas barometryczny,1075.32,1075.32,true
session_20260623_163953_final,828,84451,2026-06-23T16:41:17.930065,Pas barometryczny,1075.20,1075.20,true
session_20260623_163953_final,829,84589,2026-06-23T16:41:18.067868,Pas barometryczny,1075.24,1075.24,true
session_20260623_163953_final,830,84672,2026-06-23T16:41:18.151461,Pas barometryczny,1075.17,1075.17,true
session_20260623_163953_final,831,84781,2026-06-23T16:41:18.260230,Pas barometryczny,1075.15,1075.15,true
session_20260623_163953_final,832,84912,2026-06-23T16:41:18.391692,Pas barometryczny,1075.06,1075.06,true
session_20260623_163953_final,833,84991,2026-06-23T16:41:18.470261,Pas barometryczny,1075.04,1075.04,true
session_20260623_163953_final,834,85094,2026-06-23T16:41:18.573587,Pas barometryczny,1075.12,1075.12,true
session_20260623_163953_final,835,85176,2026-06-23T16:41:18.655571,Pas barometryczny,1075.10,1075.10,true
session_20260623_163953_final,836,85309,2026-06-23T16:41:18.787885,Pas barometryczny,1075.08,1075.08,true
session_20260623_163953_final,837,85387,2026-06-23T16:41:18.866129,Pas barometryczny,1075.18,1075.18,true
session_20260623_163953_final,838,85490,2026-06-23T16:41:18.969752,Pas barometryczny,1075.11,1075.11,true
session_20260623_163953_final,839,85569,2026-06-23T16:41:19.048325,Pas barometryczny,1075.15,1075.15,true
session_20260623_163953_final,840,85704,2026-06-23T16:41:19.183097,Pas barometryczny,1075.12,1075.12,true
session_20260623_163953_final,841,85809,2026-06-23T16:41:19.288591,Pas barometryczny,1075.01,1075.01,true
session_20260623_163953_final,842,85882,2026-06-23T16:41:19.361546,Pas barometryczny,1075.09,1075.09,true
session_20260623_163953_final,843,85977,2026-06-23T16:41:19.456412,Pas barometryczny,1075.16,1075.16,true
session_20260623_163953_final,844,86109,2026-06-23T16:41:19.588449,Pas barometryczny,1075.11,1075.11,true
session_20260623_163953_final,845,86210,2026-06-23T16:41:19.689316,Pas barometryczny,1075.11,1075.11,true
session_20260623_163953_final,846,86288,2026-06-23T16:41:19.767535,Pas barometryczny,1075.17,1075.17,true
session_20260623_163953_final,847,86423,2026-06-23T16:41:19.902022,Pas barometryczny,1075.14,1075.14,true
session_20260623_163953_final,848,86526,2026-06-23T16:41:20.005809,Pas barometryczny,1075.06,1075.06,true
session_20260623_163953_final,849,86612,2026-06-23T16:41:20.090824,Pas barometryczny,1075.08,1075.08,true
session_20260623_163953_final,850,86692,2026-06-23T16:41:20.171649,Pas barometryczny,1075.28,1075.28,true
session_20260623_163953_final,851,86828,2026-06-23T16:41:20.306860,Pas barometryczny,1075.71,1075.71,true
session_20260623_163953_final,852,86918,2026-06-23T16:41:20.396851,Pas barometryczny,1075.89,1075.89,true
session_20260623_163953_final,853,87009,2026-06-23T16:41:20.488195,Pas barometryczny,1076.15,1076.15,true
session_20260623_163953_final,854,87113,2026-06-23T16:41:20.591827,Pas barometryczny,1076.59,1076.59,true
session_20260623_163953_final,855,87234,2026-06-23T16:41:20.713316,Pas barometryczny,1077.10,1077.10,true
session_20260623_163953_final,856,87325,2026-06-23T16:41:20.804092,Pas barometryczny,1077.63,1077.63,true
session_20260623_163953_final,857,87418,2026-06-23T16:41:20.897117,Pas barometryczny,1078.05,1078.05,true
session_20260623_163953_final,858,87512,2026-06-23T16:41:20.991157,Pas barometryczny,1078.81,1078.81,true
session_20260623_163953_final,859,87638,2026-06-23T16:41:21.117630,Pas barometryczny,1078.53,1078.53,true
session_20260623_163953_final,860,87729,2026-06-23T16:41:21.207989,Pas barometryczny,1078.16,1078.16,true
session_20260623_163953_final,861,87833,2026-06-23T16:41:21.312293,Pas barometryczny,1077.49,1077.49,true
session_20260623_163953_final,862,87959,2026-06-23T16:41:21.438254,Pas barometryczny,1076.97,1076.97,true
session_20260623_163953_final,863,88053,2026-06-23T16:41:21.532346,Pas barometryczny,1076.51,1076.51,true
session_20260623_163953_final,864,88148,2026-06-23T16:41:21.627378,Pas barometryczny,1076.03,1076.03,true
session_20260623_163953_final,865,88224,2026-06-23T16:41:21.703621,Pas barometryczny,1075.85,1075.85,true
session_20260623_163953_final,866,88358,2026-06-23T16:41:21.836970,Pas barometryczny,1075.76,1075.76,true
session_20260623_163953_final,867,88449,2026-06-23T16:41:21.928175,Pas barometryczny,1075.74,1075.74,true
session_20260623_163953_final,868,88538,2026-06-23T16:41:22.017630,Pas barometryczny,1075.80,1075.80,true
session_20260623_163953_final,869,88629,2026-06-23T16:41:22.108439,Pas barometryczny,1075.93,1075.93,true
session_20260623_163953_final,870,88765,2026-06-23T16:41:22.244080,Pas barometryczny,1076.63,1076.63,true
session_20260623_163953_final,871,88869,2026-06-23T16:41:22.348428,Pas barometryczny,1077.45,1077.45,true
session_20260623_163953_final,872,88943,2026-06-23T16:41:22.422324,Pas barometryczny,1078.36,1078.36,true
session_20260623_163953_final,873,89033,2026-06-23T16:41:22.512494,Pas barometryczny,1078.89,1078.89,true
session_20260623_163953_final,874,89171,2026-06-23T16:41:22.650196,Pas barometryczny,1078.66,1078.66,true
session_20260623_163953_final,875,89270,2026-06-23T16:41:22.749232,Pas barometryczny,1078.13,1078.13,true
session_20260623_163953_final,876,89348,2026-06-23T16:41:22.827134,Pas barometryczny,1077.47,1077.47,true
session_20260623_163953_final,877,89483,2026-06-23T16:41:22.961911,Pas barometryczny,1077.02,1077.02,true
session_20260623_163953_final,878,89593,2026-06-23T16:41:23.072281,Pas barometryczny,1076.50,1076.50,true
session_20260623_163953_final,879,89672,2026-06-23T16:41:23.151388,Pas barometryczny,1076.15,1076.15,true
session_20260623_163953_final,880,89762,2026-06-23T16:41:23.241190,Pas barometryczny,1075.99,1075.99,true
session_20260623_163953_final,881,89906,2026-06-23T16:41:23.385793,Pas barometryczny,1075.89,1075.89,true
session_20260623_163953_final,882,89982,2026-06-23T16:41:23.461220,Pas barometryczny,1075.82,1075.82,true
session_20260623_163953_final,883,90069,2026-06-23T16:41:23.548541,Pas barometryczny,1075.78,1075.78,true
session_20260623_163953_final,884,90165,2026-06-23T16:41:23.644003,Pas barometryczny,1075.94,1075.94,true
session_20260623_163953_final,885,90306,2026-06-23T16:41:23.785369,Pas barometryczny,1076.31,1076.31,true
session_20260623_163953_final,886,90385,2026-06-23T16:41:23.864547,Pas barometryczny,1076.85,1076.85,true
session_20260623_163953_final,887,90473,2026-06-23T16:41:23.952053,Pas barometryczny,1077.38,1077.38,true
session_20260623_163953_final,888,90571,2026-06-23T16:41:24.049873,Pas barometryczny,1077.91,1077.91,true
session_20260623_163953_final,889,90710,2026-06-23T16:41:24.189547,Pas barometryczny,1078.83,1078.83,true
session_20260623_163953_final,890,90788,2026-06-23T16:41:24.267664,Pas barometryczny,1078.93,1078.93,true
session_20260623_163953_final,891,90893,2026-06-23T16:41:24.372140,Pas barometryczny,1078.51,1078.51,true
session_20260623_163953_final,892,91033,2026-06-23T16:41:24.512234,Pas barometryczny,1077.89,1077.89,true
session_20260623_163953_final,893,91113,2026-06-23T16:41:24.591955,Pas barometryczny,1077.31,1077.31,true
session_20260623_163953_final,894,91203,2026-06-23T16:41:24.682534,Pas barometryczny,1076.97,1076.97,true
session_20260623_163953_final,895,91293,2026-06-23T16:41:24.772270,Pas barometryczny,1076.70,1076.70,true
session_20260623_163953_final,896,91424,2026-06-23T16:41:24.903320,Pas barometryczny,1076.44,1076.44,true
session_20260623_163953_final,897,91509,2026-06-23T16:41:24.988533,Pas barometryczny,1076.23,1076.23,true
session_20260623_163953_final,898,91612,2026-06-23T16:41:25.091338,Pas barometryczny,1076.13,1076.13,true
session_20260623_163953_final,899,91689,2026-06-23T16:41:25.168783,Pas barometryczny,1076.00,1076.00,true
session_20260623_163953_final,900,91824,2026-06-23T16:41:25.303629,Pas barometryczny,1075.88,1075.88,true
session_20260623_163953_final,901,91929,2026-06-23T16:41:25.408033,Pas barometryczny,1075.86,1075.86,true
session_20260623_163953_final,902,92006,2026-06-23T16:41:25.484858,Pas barometryczny,1075.88,1075.88,true
session_20260623_163953_final,903,92092,2026-06-23T16:41:25.571337,Pas barometryczny,1075.88,1075.88,true
session_20260623_163953_final,904,92238,2026-06-23T16:41:25.717812,Pas barometryczny,1075.85,1075.85,true
session_20260623_163953_final,905,92318,2026-06-23T16:41:25.797810,Pas barometryczny,1075.86,1075.86,true
session_20260623_163953_final,906,92414,2026-06-23T16:41:25.892968,Pas barometryczny,1075.97,1075.97,true
session_20260623_163953_final,907,92545,2026-06-23T16:41:26.024732,Pas barometryczny,1076.25,1076.25,true
session_20260623_163953_final,908,92645,2026-06-23T16:41:26.124723,Pas barometryczny,1076.75,1076.75,true
session_20260623_163953_final,909,92722,2026-06-23T16:41:26.201553,Pas barometryczny,1077.25,1077.25,true
session_20260623_163953_final,910,92831,2026-06-23T16:41:26.310328,Pas barometryczny,1077.70,1077.70,true
session_20260623_163953_final,911,92963,2026-06-23T16:41:26.442814,Pas barometryczny,1078.15,1078.15,true
session_20260623_163953_final,912,93037,2026-06-23T16:41:26.516667,Pas barometryczny,1078.60,1078.60,true
session_20260623_163953_final,913,93128,2026-06-23T16:41:26.607812,Pas barometryczny,1078.71,1078.71,true
session_20260623_163953_final,914,93227,2026-06-23T16:41:26.706666,Pas barometryczny,1078.53,1078.53,true
session_20260623_163953_final,915,93361,2026-06-23T16:41:26.839906,Pas barometryczny,1077.97,1077.97,true
session_20260623_163953_final,916,93446,2026-06-23T16:41:26.925742,Pas barometryczny,1077.42,1077.42,true
session_20260623_163953_final,917,93542,2026-06-23T16:41:27.021773,Pas barometryczny,1077.05,1077.05,true
session_20260623_163953_final,918,93624,2026-06-23T16:41:27.103702,Pas barometryczny,1076.78,1076.78,true
session_20260623_163953_final,919,93760,2026-06-23T16:41:27.239309,Pas barometryczny,1076.54,1076.54,true
session_20260623_163953_final,920,93849,2026-06-23T16:41:27.327832,Pas barometryczny,1076.15,1076.15,true
session_20260623_163953_final,921,93942,2026-06-23T16:41:27.421531,Pas barometryczny,1076.02,1076.02,true
session_20260623_163953_final,922,94073,2026-06-23T16:41:27.552705,Pas barometryczny,1075.88,1075.88,true
session_20260623_163953_final,923,94164,2026-06-23T16:41:27.643041,Pas barometryczny,1075.87,1075.87,true
session_20260623_163953_final,924,94269,2026-06-23T16:41:27.747992,Pas barometryczny,1075.88,1075.88,true
session_20260623_163953_final,925,94350,2026-06-23T16:41:27.829556,Pas barometryczny,1075.89,1075.89,true
session_20260623_163953_final,926,94487,2026-06-23T16:41:27.966517,Pas barometryczny,1075.87,1075.87,true
session_20260623_163953_final,927,94583,2026-06-23T16:41:28.062193,Pas barometryczny,1075.85,1075.85,true
session_20260623_163953_final,928,94659,2026-06-23T16:41:28.138092,Pas barometryczny,1075.87,1075.87,true
session_20260623_163953_final,929,94750,2026-06-23T16:41:28.229778,Pas barometryczny,1075.99,1075.99,true
session_20260623_163953_final,930,94892,2026-06-23T16:41:28.371631,Pas barometryczny,1076.43,1076.43,true
session_20260623_163953_final,931,94980,2026-06-23T16:41:28.459101,Pas barometryczny,1076.95,1076.95,true
session_20260623_163953_final,932,95065,2026-06-23T16:41:28.544780,Pas barometryczny,1077.48,1077.48,true
session_20260623_163953_final,933,95171,2026-06-23T16:41:28.649978,Pas barometryczny,1077.96,1077.96,true
session_20260623_163953_final,934,95304,2026-06-23T16:41:28.783004,Pas barometryczny,1078.38,1078.38,true
session_20260623_163953_final,935,95381,2026-06-23T16:41:28.860067,Pas barometryczny,1078.58,1078.58,true
session_20260623_163953_final,936,95468,2026-06-23T16:41:28.946891,Pas barometryczny,1078.12,1078.12,true
session_20260623_163953_final,937,95603,2026-06-23T16:41:29.082281,Pas barometryczny,1077.63,1077.63,true
session_20260623_163953_final,938,95707,2026-06-23T16:41:29.186216,Pas barometryczny,1077.13,1077.13,true
session_20260623_163953_final,939,95782,2026-06-23T16:41:29.261520,Pas barometryczny,1076.58,1076.58,true
session_20260623_163953_final,940,95890,2026-06-23T16:41:29.369600,Pas barometryczny,1076.10,1076.10,true
session_20260623_163953_final,941,96029,2026-06-23T16:41:29.508312,Pas barometryczny,1075.87,1075.87,true
session_20260623_163953_final,942,96109,2026-06-23T16:41:29.587970,Pas barometryczny,1075.76,1075.76,true
session_20260623_163953_final,943,96189,2026-06-23T16:41:29.668111,Pas barometryczny,1075.69,1075.69,true
session_20260623_163953_final,944,96280,2026-06-23T16:41:29.759791,Pas barometryczny,1075.70,1075.70,true
session_20260623_163953_final,945,96426,2026-06-23T16:41:29.905711,Pas barometryczny,1075.77,1075.77,true
session_20260623_163953_final,946,96509,2026-06-23T16:41:29.987934,Pas barometryczny,1075.73,1075.73,true
session_20260623_163953_final,947,96607,2026-06-23T16:41:30.086230,Pas barometryczny,1075.70,1075.70,true
session_20260623_163953_final,948,96685,2026-06-23T16:41:30.163991,Pas barometryczny,1075.78,1075.78,true
session_20260623_163953_final,949,96821,2026-06-23T16:41:30.300243,Pas barometryczny,1075.79,1075.79,true
session_20260623_163953_final,950,96910,2026-06-23T16:41:30.389403,Pas barometryczny,1076.04,1076.04,true
session_20260623_163953_final,951,97010,2026-06-23T16:41:30.489445,Pas barometryczny,1076.42,1076.42,true
session_20260623_163953_final,952,97134,2026-06-23T16:41:30.613425,Pas barometryczny,1076.98,1076.98,true
session_20260623_163953_final,953,97226,2026-06-23T16:41:30.705205,Pas barometryczny,1077.36,1077.36,true
session_20260623_163953_final,954,97319,2026-06-23T16:41:30.798752,Pas barometryczny,1077.70,1077.70,true
session_20260623_163953_final,955,97407,2026-06-23T16:41:30.886697,Pas barometryczny,1078.18,1078.18,true
session_20260623_163953_final,956,97538,2026-06-23T16:41:31.017682,Pas barometryczny,1078.32,1078.32,true
session_20260623_163953_final,957,97637,2026-06-23T16:41:31.116130,Pas barometryczny,1078.11,1078.11,true
session_20260623_163953_final,958,97727,2026-06-23T16:41:31.206698,Pas barometryczny,1077.71,1077.71,true
session_20260623_163953_final,959,97810,2026-06-23T16:41:31.289585,Pas barometryczny,1077.32,1077.32,true
session_20260623_163953_final,960,97943,2026-06-23T16:41:31.422375,Pas barometryczny,1076.83,1076.83,true
session_20260623_163953_final,961,98032,2026-06-23T16:41:31.511410,Pas barometryczny,1076.35,1076.35,true
session_20260623_163953_final,962,98129,2026-06-23T16:41:31.608213,Pas barometryczny,1076.07,1076.07,true
session_20260623_163953_final,963,98234,2026-06-23T16:41:31.712911,Pas barometryczny,1075.92,1075.92,true
session_20260623_163953_final,964,98349,2026-06-23T16:41:31.828167,Pas barometryczny,1075.83,1075.83,true
session_20260623_163953_final,965,98441,2026-06-23T16:41:31.920693,Pas barometryczny,1075.79,1075.79,true
session_20260623_163953_final,966,98532,2026-06-23T16:41:32.011444,Pas barometryczny,1075.76,1075.76,true
session_20260623_163953_final,967,98669,2026-06-23T16:41:32.147971,Pas barometryczny,1075.79,1075.79,true
session_20260623_163953_final,968,98754,2026-06-23T16:41:32.232909,Pas barometryczny,1075.76,1075.76,true
session_20260623_163953_final,969,98848,2026-06-23T16:41:32.326876,Pas barometryczny,1075.74,1075.74,true
session_20260623_163953_final,970,98951,2026-06-23T16:41:32.430531,Pas barometryczny,1075.83,1075.83,true
session_20260623_163953_final,971,99085,2026-06-23T16:41:32.563847,Pas barometryczny,1075.82,1075.82,true
session_20260623_163953_final,972,99158,2026-06-23T16:41:32.637463,Pas barometryczny,1075.85,1075.85,true
session_20260623_163953_final,973,99248,2026-06-23T16:41:32.727749,Pas barometryczny,1075.82,1075.82,true
session_20260623_163953_final,974,99340,2026-06-23T16:41:32.819073,Pas barometryczny,1075.83,1075.83,true
session_20260623_163953_final,975,99490,2026-06-23T16:41:32.969017,Pas barometryczny,1075.80,1075.80,true
session_20260623_163953_final,976,99563,2026-06-23T16:41:33.042730,Pas barometryczny,1075.86,1075.86,true
session_20260623_163953_final,977,99656,2026-06-23T16:41:33.135104,Pas barometryczny,1075.89,1075.89,true
session_20260623_163953_final,978,99744,2026-06-23T16:41:33.223076,Pas barometryczny,1075.91,1075.91,true
session_20260623_163953_final,979,99879,2026-06-23T16:41:33.358771,Pas barometryczny,1075.93,1075.93,true
session_20260623_163953_final,980,99985,2026-06-23T16:41:33.464156,Pas barometryczny,1075.96,1075.96,true
session_20260623_163953_final,981,100059,2026-06-23T16:41:33.538494,Pas barometryczny,1075.88,1075.88,true
session_20260623_163953_final,982,100199,2026-06-23T16:41:33.678555,Pas barometryczny,1075.86,1075.86,true
session_20260623_163953_final,983,100284,2026-06-23T16:41:33.763064,Pas barometryczny,1076.05,1076.05,true
session_20260623_163953_final,984,100377,2026-06-23T16:41:33.856693,Pas barometryczny,1076.58,1076.58,true
session_20260623_163953_final,985,100472,2026-06-23T16:41:33.951011,Pas barometryczny,1077.07,1077.07,true
session_20260623_163953_final,986,100599,2026-06-23T16:41:34.078659,Pas barometryczny,1077.47,1077.47,true
session_20260623_163953_final,987,100701,2026-06-23T16:41:34.180288,Pas barometryczny,1078.01,1078.01,true
session_20260623_163953_final,988,100785,2026-06-23T16:41:34.264588,Pas barometryczny,1078.32,1078.32,true
session_20260623_163953_final,989,100876,2026-06-23T16:41:34.355113,Pas barometryczny,1078.63,1078.63,true
session_20260623_163953_final,990,101008,2026-06-23T16:41:34.487080,Pas barometryczny,1078.78,1078.78,true
session_20260623_163953_final,991,101094,2026-06-23T16:41:34.573385,Pas barometryczny,1078.41,1078.41,true
session_20260623_163953_final,992,101184,2026-06-23T16:41:34.663671,Pas barometryczny,1077.83,1077.83,true
session_20260623_163953_final,993,101277,2026-06-23T16:41:34.756160,Pas barometryczny,1077.32,1077.32,true
session_20260623_163953_final,994,101422,2026-06-23T16:41:34.901673,Pas barometryczny,1076.91,1076.91,true
session_20260623_163953_final,995,101499,2026-06-23T16:41:34.977989,Pas barometryczny,1076.49,1076.49,true
session_20260623_163953_final,996,101594,2026-06-23T16:41:35.073195,Pas barometryczny,1076.22,1076.22,true
session_20260623_163953_final,997,101741,2026-06-23T16:41:35.220558,Pas barometryczny,1076.05,1076.05,true
session_20260623_163953_final,998,101813,2026-06-23T16:41:35.292811,Pas barometryczny,1075.91,1075.91,true
session_20260623_163953_final,999,101905,2026-06-23T16:41:35.383959,Pas barometryczny,1075.83,1075.83,true
session_20260623_163953_final,1000,102008,2026-06-23T16:41:35.487315,Pas barometryczny,1075.84,1075.84,true
session_20260623_163953_final,1001,102142,2026-06-23T16:41:35.621292,Pas barometryczny,1075.79,1075.79,true
session_20260623_163953_final,1002,102224,2026-06-23T16:41:35.703471,Pas barometryczny,1075.82,1075.82,true
session_20260623_163953_final,1003,102328,2026-06-23T16:41:35.807291,Pas barometryczny,1075.85,1075.85,true
session_20260623_163953_final,1004,102410,2026-06-23T16:41:35.889046,Pas barometryczny,1075.86,1075.86,true
session_20260623_163953_final,1005,102535,2026-06-23T16:41:36.014127,Pas barometryczny,1075.95,1075.95,true
session_20260623_163953_final,1006,102627,2026-06-23T16:41:36.106006,Pas barometryczny,1076.02,1076.02,true
session_20260623_163953_final,1007,102752,2026-06-23T16:41:36.231698,Pas barometryczny,1076.11,1076.11,true
session_20260623_163953_final,1008,102808,2026-06-23T16:41:36.286935,Pas barometryczny,1076.24,1076.24,true
session_20260623_163953_final,1009,102942,2026-06-23T16:41:36.421728,Pas barometryczny,1076.70,1076.70,true
session_20260623_163953_final,1010,103049,2026-06-23T16:41:36.527851,Pas barometryczny,1077.17,1077.17,true
session_20260623_163953_final,1011,103120,2026-06-23T16:41:36.599484,Pas barometryczny,1078.13,1078.13,true
session_20260623_163953_final,1012,103253,2026-06-23T16:41:36.732542,Pas barometryczny,1078.47,1078.47,true
session_20260623_163953_final,1013,103343,2026-06-23T16:41:36.822496,Pas barometryczny,1078.84,1078.84,true
session_20260623_163953_final,1014,103443,2026-06-23T16:41:36.922411,Pas barometryczny,1079.04,1079.04,true
session_20260623_163953_final,1015,103532,2026-06-23T16:41:37.011294,Pas barometryczny,1079.29,1079.29,true
session_20260623_163953_final,1016,103661,2026-06-23T16:41:37.140732,Pas barometryczny,1079.24,1079.24,true
session_20260623_163953_final,1017,103758,2026-06-23T16:41:37.237055,Pas barometryczny,1078.66,1078.66,true
session_20260623_163953_final,1018,103845,2026-06-23T16:41:37.324651,Pas barometryczny,1078.03,1078.03,true
session_20260623_163953_final,1019,103928,2026-06-23T16:41:37.406867,Pas barometryczny,1077.50,1077.50,true
session_20260623_163953_final,1020,104081,2026-06-23T16:41:37.560696,Pas barometryczny,1077.04,1077.04,true
session_20260623_163953_final,1021,104156,2026-06-23T16:41:37.635111,Pas barometryczny,1076.66,1076.66,true
session_20260623_163953_final,1022,104248,2026-06-23T16:41:37.727051,Pas barometryczny,1076.40,1076.40,true
session_20260623_163953_final,1023,104349,2026-06-23T16:41:37.828018,Pas barometryczny,1076.19,1076.19,true
session_20260623_163953_final,1024,104469,2026-06-23T16:41:37.948738,Pas barometryczny,1075.84,1075.84,true
session_20260623_163953_final,1025,104559,2026-06-23T16:41:38.038306,Pas barometryczny,1075.50,1075.50,true
session_20260623_163953_final,1026,104650,2026-06-23T16:41:38.129627,Pas barometryczny,1075.32,1075.32,true
session_20260623_163953_final,1027,104786,2026-06-23T16:41:38.265345,Pas barometryczny,1075.21,1075.21,true
session_20260623_163953_final,1028,104877,2026-06-23T16:41:38.356378,Pas barometryczny,1075.16,1075.16,true
session_20260623_163953_final,1029,104966,2026-06-23T16:41:38.445322,Pas barometryczny,1075.32,1075.32,true
session_20260623_163953_final,1030,105065,2026-06-23T16:41:38.543879,Pas barometryczny,1075.49,1075.49,true
session_20260623_163953_final,1031,105195,2026-06-23T16:41:38.674181,Pas barometryczny,1075.69,1075.69,true
session_20260623_163953_final,1032,105278,2026-06-23T16:41:38.757479,Pas barometryczny,1076.00,1076.00,true
session_20260623_163953_final,1033,105385,2026-06-23T16:41:38.863820,Pas barometryczny,1076.43,1076.43,true
session_20260623_163953_final,1034,105466,2026-06-23T16:41:38.945727,Pas barometryczny,1076.84,1076.84,true
session_20260623_163953_final,1035,105599,2026-06-23T16:41:39.078788,Pas barometryczny,1077.24,1077.24,true
session_20260623_163953_final,1036,105683,2026-06-23T16:41:39.162345,Pas barometryczny,1077.66,1077.66,true
session_20260623_163953_final,1037,105779,2026-06-23T16:41:39.258182,Pas barometryczny,1078.00,1078.00,true
session_20260623_163953_final,1038,105865,2026-06-23T16:41:39.344601,Pas barometryczny,1078.35,1078.35,true
session_20260623_163953_final,1039,106001,2026-06-23T16:41:39.480524,Pas barometryczny,1078.56,1078.56,true
session_20260623_163953_final,1040,106093,2026-06-23T16:41:39.572665,Pas barometryczny,1078.70,1078.70,true
session_20260623_163953_final,1041,106178,2026-06-23T16:41:39.657023,Pas barometryczny,1077.64,1077.64,true
session_20260623_163953_final,1042,106319,2026-06-23T16:41:39.798572,Pas barometryczny,1077.17,1077.17,true
session_20260623_163953_final,1043,106406,2026-06-23T16:41:39.885742,Pas barometryczny,1076.86,1076.86,true
session_20260623_163953_final,1044,106494,2026-06-23T16:41:39.973558,Pas barometryczny,1076.59,1076.59,true
session_20260623_163953_final,1045,106585,2026-06-23T16:41:40.064114,Pas barometryczny,1076.27,1076.27,true
session_20260623_163953_final,1046,106720,2026-06-23T16:41:40.199318,Pas barometryczny,1076.08,1076.08,true
session_20260623_163953_final,1047,106809,2026-06-23T16:41:40.288711,Pas barometryczny,1075.94,1075.94,true
session_20260623_163953_final,1048,106899,2026-06-23T16:41:40.378422,Pas barometryczny,1075.76,1075.76,true
session_20260623_163953_final,1049,106988,2026-06-23T16:41:40.467529,Pas barometryczny,1075.79,1075.79,true
session_20260623_163953_final,1050,107142,2026-06-23T16:41:40.620958,Pas barometryczny,1075.81,1075.81,true
session_20260623_163953_final,1051,107223,2026-06-23T16:41:40.702753,Pas barometryczny,1075.80,1075.80,true
session_20260623_163953_final,1052,107304,2026-06-23T16:41:40.783282,Pas barometryczny,1075.81,1075.81,true
session_20260623_163953_final,1053,107394,2026-06-23T16:41:40.873620,Pas barometryczny,1075.86,1075.86,true
session_20260623_163953_final,1054,107541,2026-06-23T16:41:41.020802,Pas barometryczny,1075.83,1075.83,true
session_20260623_163953_final,1055,107619,2026-06-23T16:41:41.097947,Pas barometryczny,1075.82,1075.82,true
session_20260623_163953_final,1056,107712,2026-06-23T16:41:41.191798,Pas barometryczny,1075.99,1075.99,true
session_20260623_163953_final,1057,107859,2026-06-23T16:41:41.337924,Pas barometryczny,1076.33,1076.33,true
session_20260623_163953_final,1058,107935,2026-06-23T16:41:41.414361,Pas barometryczny,1076.73,1076.73,true
session_20260623_163953_final,1059,108029,2026-06-23T16:41:41.508218,Pas barometryczny,1077.08,1077.08,true
session_20260623_163953_final,1060,108128,2026-06-23T16:41:41.606883,Pas barometryczny,1077.34,1077.34,true
session_20260623_163953_final,1061,108257,2026-06-23T16:41:41.736776,Pas barometryczny,1077.66,1077.66,true
session_20260623_163953_final,1062,108344,2026-06-23T16:41:41.822889,Pas barometryczny,1077.76,1077.76,true
session_20260623_163953_final,1063,108446,2026-06-23T16:41:41.924836,Pas barometryczny,1077.75,1077.75,true
session_20260623_163953_final,1064,108524,2026-06-23T16:41:42.003216,Pas barometryczny,1077.52,1077.52,true
session_20260623_163953_final,1065,108660,2026-06-23T16:41:42.139020,Pas barometryczny,1077.13,1077.13,true
session_20260623_163953_final,1066,108743,2026-06-23T16:41:42.222499,Pas barometryczny,1076.77,1076.77,true
session_20260623_163953_final,1067,108845,2026-06-23T16:41:42.324673,Pas barometryczny,1076.43,1076.43,true
session_20260623_163953_final,1068,108926,2026-06-23T16:41:42.405189,Pas barometryczny,1076.17,1076.17,true
session_20260623_163953_final,1069,109066,2026-06-23T16:41:42.545460,Pas barometryczny,1075.91,1075.91,true
session_20260623_163953_final,1070,109164,2026-06-23T16:41:42.643080,Pas barometryczny,1075.74,1075.74,true
session_20260623_163953_final,1071,109238,2026-06-23T16:41:42.717335,Pas barometryczny,1075.72,1075.72,true
session_20260623_163953_final,1072,109379,2026-06-23T16:41:42.858413,Pas barometryczny,1075.74,1075.74,true
session_20260623_163953_final,1073,109468,2026-06-23T16:41:42.947413,Pas barometryczny,1075.79,1075.79,true
session_20260623_163953_final,1074,109558,2026-06-23T16:41:43.036850,Pas barometryczny,1075.83,1075.83,true
session_20260623_163953_final,1075,109644,2026-06-23T16:41:43.123107,Pas barometryczny,1075.82,1075.82,true
session_20260623_163953_final,1076,109780,2026-06-23T16:41:43.259269,Pas barometryczny,1075.79,1075.79,true
session_20260623_163953_final,1077,109874,2026-06-23T16:41:43.353814,Pas barometryczny,1075.87,1075.87,true
session_20260623_163953_final,1078,109967,2026-06-23T16:41:43.446550,Pas barometryczny,1076.00,1076.00,true
session_20260623_163953_final,1079,110070,2026-06-23T16:41:43.549079,Pas barometryczny,1076.28,1076.28,true
session_20260623_163953_final,1080,110200,2026-06-23T16:41:43.678969,Pas barometryczny,1076.76,1076.76,true
session_20260623_163953_final,1081,110276,2026-06-23T16:41:43.755133,Pas barometryczny,1077.12,1077.12,true
session_20260623_163953_final,1082,110363,2026-06-23T16:41:43.842696,Pas barometryczny,1077.52,1077.52,true
session_20260623_163953_final,1083,110466,2026-06-23T16:41:43.945539,Pas barometryczny,1077.76,1077.76,true
session_20260623_163953_final,1084,110598,2026-06-23T16:41:44.077456,Pas barometryczny,1078.11,1078.11,true
session_20260623_163953_final,1085,110679,2026-06-23T16:41:44.158518,Pas barometryczny,1078.31,1078.31,true
session_20260623_163953_final,1086,110814,2026-06-23T16:41:44.293228,Pas barometryczny,1078.29,1078.29,true
session_20260623_163953_final,1087,110906,2026-06-23T16:41:44.384881,Pas barometryczny,1077.82,1077.82,true
session_20260623_163953_final,1088,110995,2026-06-23T16:41:44.474597,Pas barometryczny,1077.34,1077.34,true
session_20260623_163953_final,1089,111083,2026-06-23T16:41:44.562226,Pas barometryczny,1077.01,1077.01,true
session_20260623_163953_final,1090,111172,2026-06-23T16:41:44.651703,Pas barometryczny,1076.64,1076.64,true
session_20260623_163953_final,1091,111327,2026-06-23T16:41:44.806366,Pas barometryczny,1076.23,1076.23,true
session_20260623_163953_final,1092,111398,2026-06-23T16:41:44.877740,Pas barometryczny,1076.09,1076.09,true
session_20260623_163953_final,1093,111501,2026-06-23T16:41:44.979953,Pas barometryczny,1075.90,1075.90,true
session_20260623_163953_final,1094,111578,2026-06-23T16:41:45.057038,Pas barometryczny,1075.83,1075.83,true
session_20260623_163953_final,1095,111715,2026-06-23T16:41:45.194546,Pas barometryczny,1075.83,1075.83,true
session_20260623_163953_final,1096,111822,2026-06-23T16:41:45.300950,Pas barometryczny,1075.87,1075.87,true
session_20260623_163953_final,1097,111903,2026-06-23T16:41:45.382355,Pas barometryczny,1075.79,1075.79,true
session_20260623_163953_final,1098,111997,2026-06-23T16:41:45.476464,Pas barometryczny,1075.79,1075.79,true
session_20260623_163953_final,1099,112117,2026-06-23T16:41:45.596347,Pas barometryczny,1075.85,1075.85,true
session_20260623_163953_final,1100,112215,2026-06-23T16:41:45.694153,Pas barometryczny,1075.85,1075.85,true
session_20260623_163953_final,1101,112304,2026-06-23T16:41:45.783299,Pas barometryczny,1075.86,1075.86,true
session_20260623_163953_final,1102,112442,2026-06-23T16:41:45.921132,Pas barometryczny,1076.36,1076.36,true
session_20260623_163953_final,1103,112528,2026-06-23T16:41:46.007188,Pas barometryczny,1076.94,1076.94,true
session_20260623_163953_final,1104,112612,2026-06-23T16:41:46.091744,Pas barometryczny,1077.29,1077.29,true
session_20260623_163953_final,1105,112704,2026-06-23T16:41:46.183063,Pas barometryczny,1077.68,1077.68,true
session_20260623_163953_final,1106,112848,2026-06-23T16:41:46.327647,Pas barometryczny,1078.08,1078.08,true
session_20260623_163953_final,1107,112932,2026-06-23T16:41:46.411040,Pas barometryczny,1078.38,1078.38,true
session_20260623_163953_final,1108,113021,2026-06-23T16:41:46.500466,Pas barometryczny,1078.73,1078.73,true
session_20260623_163953_final,1109,113123,2026-06-23T16:41:46.602463,Pas barometryczny,1078.91,1078.91,true
session_20260623_163953_final,1110,113259,2026-06-23T16:41:46.737832,Pas barometryczny,1078.90,1078.90,true
session_20260623_163953_final,1111,113337,2026-06-23T16:41:46.816793,Pas barometryczny,1078.43,1078.43,true
session_20260623_163953_final,1112,113423,2026-06-23T16:41:46.902452,Pas barometryczny,1077.90,1077.90,true
session_20260623_163953_final,1113,113520,2026-06-23T16:41:46.999043,Pas barometryczny,1077.46,1077.46,true
session_20260623_163953_final,1114,113661,2026-06-23T16:41:47.139995,Pas barometryczny,1077.07,1077.07,true
session_20260623_163953_final,1115,113742,2026-06-23T16:41:47.221108,Pas barometryczny,1076.78,1076.78,true
session_20260623_163953_final,1116,113840,2026-06-23T16:41:47.319249,Pas barometryczny,1076.46,1076.46,true
session_20260623_163953_final,1117,113976,2026-06-23T16:41:47.455342,Pas barometryczny,1076.22,1076.22,true
session_20260623_163953_final,1118,114057,2026-06-23T16:41:47.536417,Pas barometryczny,1075.98,1075.98,true
session_20260623_163953_final,1119,114159,2026-06-23T16:41:47.638651,Pas barometryczny,1075.92,1075.92,true
session_20260623_163953_final,1120,114245,2026-06-23T16:41:47.724731,Pas barometryczny,1075.85,1075.85,true
session_20260623_163953_final,1121,114380,2026-06-23T16:41:47.859138,Pas barometryczny,1075.84,1075.84,true
session_20260623_163953_final,1122,114458,2026-06-23T16:41:47.937082,Pas barometryczny,1075.85,1075.85,true
session_20260623_163953_final,1123,114566,2026-06-23T16:41:48.045219,Pas barometryczny,1075.87,1075.87,true
session_20260623_163953_final,1124,114645,2026-06-23T16:41:48.124371,Pas barometryczny,1075.87,1075.87,true
session_20260623_163953_final,1125,114777,2026-06-23T16:41:48.256312,Pas barometryczny,1075.83,1075.83,true
session_20260623_163953_final,1126,114880,2026-06-23T16:41:48.359170,Pas barometryczny,1076.02,1076.02,true
session_20260623_163953_final,1127,114961,2026-06-23T16:41:48.440723,Pas barometryczny,1076.55,1076.55,true
session_20260623_163953_final,1128,115043,2026-06-23T16:41:48.522393,Pas barometryczny,1077.09,1077.09,true
session_20260623_163953_final,1129,115178,2026-06-23T16:41:48.657538,Pas barometryczny,1077.60,1077.60,true
session_20260623_163953_final,1130,115280,2026-06-23T16:41:48.759342,Pas barometryczny,1077.90,1077.90,true
session_20260623_163953_final,1131,115363,2026-06-23T16:41:48.842677,Pas barometryczny,1078.14,1078.14,true
session_20260623_163953_final,1132,115494,2026-06-23T16:41:48.972968,Pas barometryczny,1077.28,1077.28,true
session_20260623_163953_final,1133,115585,2026-06-23T16:41:49.064759,Pas barometryczny,1076.95,1076.95,true
session_20260623_163953_final,1134,115676,2026-06-23T16:41:49.154878,Pas barometryczny,1076.69,1076.69,true
session_20260623_163953_final,1135,115768,2026-06-23T16:41:49.247777,Pas barometryczny,1076.39,1076.39,true
session_20260623_163953_final,1136,115908,2026-06-23T16:41:49.387802,Pas barometryczny,1076.18,1076.18,true
session_20260623_163953_final,1137,115988,2026-06-23T16:41:49.467687,Pas barometryczny,1076.09,1076.09,true
session_20260623_163953_final,1138,116079,2026-06-23T16:41:49.558545,Pas barometryczny,1076.00,1076.00,true
session_20260623_163953_final,1139,116186,2026-06-23T16:41:49.665249,Pas barometryczny,1075.90,1075.90,true
session_20260623_163953_final,1140,116310,2026-06-23T16:41:49.788913,Pas barometryczny,1075.94,1075.94,true
session_20260623_163953_final,1141,116400,2026-06-23T16:41:49.879310,Pas barometryczny,1075.93,1075.93,true
session_20260623_163953_final,1142,116483,2026-06-23T16:41:49.962458,Pas barometryczny,1075.87,1075.87,true
session_20260623_163953_final,1143,116586,2026-06-23T16:41:50.065541,Pas barometryczny,1075.81,1075.81,true
session_20260623_163953_final,1144,116710,2026-06-23T16:41:50.189538,Pas barometryczny,1075.82,1075.82,true
session_20260623_163953_final,1145,116798,2026-06-23T16:41:50.277504,Pas barometryczny,1075.93,1075.93,true
session_20260623_163953_final,1146,116890,2026-06-23T16:41:50.368957,Pas barometryczny,1076.21,1076.21,true
session_20260623_163953_final,1147,117037,2026-06-23T16:41:50.516810,Pas barometryczny,1076.68,1076.68,true
session_20260623_163953_final,1148,117116,2026-06-23T16:41:50.595034,Pas barometryczny,1077.11,1077.11,true
session_20260623_163953_final,1149,117213,2026-06-23T16:41:50.692310,Pas barometryczny,1077.48,1077.48,true
session_20260623_163953_final,1150,117293,2026-06-23T16:41:50.772380,Pas barometryczny,1077.84,1077.84,true
session_20260623_163953_final,1151,117430,2026-06-23T16:41:50.909131,Pas barometryczny,1077.96,1077.96,true
session_20260623_163953_final,1152,117519,2026-06-23T16:41:50.998015,Pas barometryczny,1077.63,1077.63,true
session_20260623_163953_final,1153,117610,2026-06-23T16:41:51.089361,Pas barometryczny,1077.28,1077.28,true
session_20260623_163953_final,1154,117700,2026-06-23T16:41:51.179428,Pas barometryczny,1076.85,1076.85,true
session_20260623_163953_final,1155,117834,2026-06-23T16:41:51.313004,Pas barometryczny,1076.42,1076.42,true
session_20260623_163953_final,1156,117934,2026-06-23T16:41:51.413146,Pas barometryczny,1076.12,1076.12,true
session_20260623_163953_final,1157,118022,2026-06-23T16:41:51.500835,Pas barometryczny,1075.85,1075.85,true
session_20260623_163953_final,1158,118103,2026-06-23T16:41:51.582399,Pas barometryczny,1075.65,1075.65,true
session_20260623_163953_final,1159,118238,2026-06-23T16:41:51.717794,Pas barometryczny,1075.56,1075.56,true
session_20260623_163953_final,1160,118339,2026-06-23T16:41:51.817983,Pas barometryczny,1075.55,1075.55,true
session_20260623_163953_final,1161,118420,2026-06-23T16:41:51.899129,Pas barometryczny,1075.60,1075.60,true
session_20260623_163953_final,1162,118556,2026-06-23T16:41:52.035095,Pas barometryczny,1075.64,1075.64,true
session_20260623_163953_final,1163,118657,2026-06-23T16:41:52.136620,Pas barometryczny,1075.98,1075.98,true
session_20260623_163953_final,1164,118732,2026-06-23T16:41:52.211777,Pas barometryczny,1076.38,1076.38,true
session_20260623_163953_final,1165,118828,2026-06-23T16:41:52.307702,Pas barometryczny,1076.86,1076.86,true
session_20260623_163953_final,1166,118975,2026-06-23T16:41:52.453936,Pas barometryczny,1077.24,1077.24,true
session_20260623_163953_final,1167,119048,2026-06-23T16:41:52.527377,Pas barometryczny,1077.54,1077.54,true
session_20260623_163953_final,1168,119139,2026-06-23T16:41:52.617997,Pas barometryczny,1078.01,1078.01,true
session_20260623_163953_final,1169,119227,2026-06-23T16:41:52.705983,Pas barometryczny,1078.16,1078.16,true
session_20260623_163953_final,1170,119378,2026-06-23T16:41:52.857752,Pas barometryczny,1078.26,1078.26,true
session_20260623_163953_final,1171,119460,2026-06-23T16:41:52.938884,Pas barometryczny,1077.99,1077.99,true
session_20260623_163953_final,1172,119559,2026-06-23T16:41:53.038379,Pas barometryczny,1077.44,1077.44,true
session_20260623_163953_final,1173,119648,2026-06-23T16:41:53.126970,Pas barometryczny,1076.99,1076.99,true
session_20260623_163953_final,1174,119776,2026-06-23T16:41:53.255579,Pas barometryczny,1076.53,1076.53,true
session_20260623_163953_final,1175,119861,2026-06-23T16:41:53.340716,Pas barometryczny,1076.09,1076.09,true
session_20260623_163953_final,1176,119963,2026-06-23T16:41:53.442271,Pas barometryczny,1075.89,1075.89,true
session_20260623_163953_final,1177,120095,2026-06-23T16:41:53.574557,Pas barometryczny,1075.75,1075.75,true
session_20260623_163953_final,1178,120172,2026-06-23T16:41:53.651158,Pas barometryczny,1075.78,1075.78,true
session_20260623_163953_final,1179,120280,2026-06-23T16:41:53.759736,Pas barometryczny,1075.80,1075.80,true
session_20260623_163953_final,1180,120355,2026-06-23T16:41:53.834352,Pas barometryczny,1075.83,1075.83,true
session_20260623_163953_final,1181,120490,2026-06-23T16:41:53.969235,Pas barometryczny,1076.01,1076.01,true
session_20260623_163953_final,1182,120578,2026-06-23T16:41:54.057702,Pas barometryczny,1076.44,1076.44,true
session_20260623_163953_final,1183,120676,2026-06-23T16:41:54.155582,Pas barometryczny,1077.03,1077.03,true
session_20260623_163953_final,1184,120765,2026-06-23T16:41:54.244506,Pas barometryczny,1077.43,1077.43,true
session_20260623_163953_final,1185,120894,2026-06-23T16:41:54.373010,Pas barometryczny,1077.90,1077.90,true
session_20260623_163953_final,1186,120999,2026-06-23T16:41:54.478779,Pas barometryczny,1078.44,1078.44,true
session_20260623_163953_final,1187,121083,2026-06-23T16:41:54.562641,Pas barometryczny,1078.79,1078.79,true
session_20260623_163953_final,1188,121163,2026-06-23T16:41:54.642284,Pas barometryczny,1079.14,1079.14,true
session_20260623_163953_final,1189,121312,2026-06-23T16:41:54.790893,Pas barometryczny,1079.37,1079.37,true
session_20260623_163953_final,1190,121399,2026-06-23T16:41:54.878628,Pas barometryczny,1079.61,1079.61,true
session_20260623_163953_final,1191,121479,2026-06-23T16:41:54.958254,Pas barometryczny,1079.50,1079.50,true
session_20260623_163953_final,1192,121613,2026-06-23T16:41:55.092696,Pas barometryczny,1078.87,1078.87,true
session_20260623_163953_final,1193,121718,2026-06-23T16:41:55.196907,Pas barometryczny,1078.31,1078.31,true
session_20260623_163953_final,1194,121797,2026-06-23T16:41:55.276246,Pas barometryczny,1077.21,1077.21,true
session_20260623_163953_final,1195,121905,2026-06-23T16:41:55.384063,Pas barometryczny,1076.79,1076.79,true
session_20260623_163953_final,1196,122038,2026-06-23T16:41:55.517269,Pas barometryczny,1076.45,1076.45,true
session_20260623_163953_final,1197,122112,2026-06-23T16:41:55.591036,Pas barometryczny,1076.16,1076.16,true
session_20260623_163953_final,1198,122199,2026-06-23T16:41:55.678067,Pas barometryczny,1075.93,1075.93,true
session_20260623_163953_final,1199,122303,2026-06-23T16:41:55.782218,Pas barometryczny,1075.82,1075.82,true
session_20260623_163953_final,1200,122425,2026-06-23T16:41:55.904432,Pas barometryczny,1075.79,1075.79,true
session_20260623_163953_final,1201,122514,2026-06-23T16:41:55.992997,Pas barometryczny,1075.77,1075.77,true
session_20260623_163953_final,1202,122621,2026-06-23T16:41:56.100683,Pas barometryczny,1075.84,1075.84,true
session_20260623_163953_final,1203,122696,2026-06-23T16:41:56.175761,Pas barometryczny,1076.13,1076.13,true
session_20260623_163953_final,1204,122834,2026-06-23T16:41:56.313138,Pas barometryczny,1076.73,1076.73,true
session_20260623_163953_final,1205,122918,2026-06-23T16:41:56.397411,Pas barometryczny,1077.18,1077.18,true
session_20260623_163953_final,1206,123020,2026-06-23T16:41:56.499074,Pas barometryczny,1077.70,1077.70,true
session_20260623_163953_final,1207,123152,2026-06-23T16:41:56.631772,Pas barometryczny,1078.15,1078.15,true
session_20260623_163953_final,1208,123233,2026-06-23T16:41:56.712283,Pas barometryczny,1078.50,1078.50,true
session_20260623_163953_final,1209,123325,2026-06-23T16:41:56.804530,Pas barometryczny,1078.86,1078.86,true
session_20260623_163953_final,1210,123414,2026-06-23T16:41:56.892999,Pas barometryczny,1078.93,1078.93,true
session_20260623_163953_final,1211,123551,2026-06-23T16:41:57.030110,Pas barometryczny,1078.77,1078.77,true
session_20260623_163953_final,1212,123643,2026-06-23T16:41:57.122427,Pas barometryczny,1078.14,1078.14,true
session_20260623_163953_final,1213,123728,2026-06-23T16:41:57.207056,Pas barometryczny,1077.49,1077.49,true
session_20260623_163953_final,1214,123818,2026-06-23T16:41:57.297081,Pas barometryczny,1077.09,1077.09,true
session_20260623_163953_final,1215,123957,2026-06-23T16:41:57.436593,Pas barometryczny,1076.72,1076.72,true
session_20260623_163953_final,1216,124044,2026-06-23T16:41:57.523581,Pas barometryczny,1076.34,1076.34,true
session_20260623_163953_final,1217,124134,2026-06-23T16:41:57.613680,Pas barometryczny,1076.04,1076.04,true
session_20260623_163953_final,1218,124241,2026-06-23T16:41:57.720783,Pas barometryczny,1076.00,1076.00,true
session_20260623_163953_final,1219,124374,2026-06-23T16:41:57.853490,Pas barometryczny,1075.87,1075.87,true
session_20260623_163953_final,1220,124454,2026-06-23T16:41:57.933194,Pas barometryczny,1075.77,1075.77,true
session_20260623_163953_final,1221,124538,2026-06-23T16:41:58.017486,Pas barometryczny,1075.79,1075.79,true
session_20260623_163953_final,1222,124676,2026-06-23T16:41:58.155153,Pas barometryczny,1075.82,1075.82,true
session_20260623_163953_final,1223,124777,2026-06-23T16:41:58.256413,Pas barometryczny,1075.87,1075.87,true
session_20260623_163953_final,1224,124854,2026-06-23T16:41:58.333292,Pas barometryczny,1075.93,1075.93,true
session_20260623_163953_final,1225,124945,2026-06-23T16:41:58.424716,Pas barometryczny,1075.87,1075.87,true
session_20260623_163953_final,1226,125096,2026-06-23T16:41:58.575598,Pas barometryczny,1075.79,1075.79,true
session_20260623_163953_final,1227,125178,2026-06-23T16:41:58.657185,Pas barometryczny,1075.82,1075.82,true
session_20260623_163953_final,1228,125262,2026-06-23T16:41:58.740935,Pas barometryczny,1075.86,1075.86,true
session_20260623_163953_final,1229,125348,2026-06-23T16:41:58.827492,Pas barometryczny,1075.84,1075.84,true
session_20260623_163953_final,1230,125492,2026-06-23T16:41:58.971434,Pas barometryczny,1075.88,1075.88,true
session_20260623_163953_final,1231,125574,2026-06-23T16:41:59.053622,Pas barometryczny,1076.02,1076.02,true
session_20260623_163953_final,1232,125679,2026-06-23T16:41:59.158195,Pas barometryczny,1076.08,1076.08,true
session_20260623_163953_final,1233,125760,2026-06-23T16:41:59.239042,Pas barometryczny,1076.03,1076.03,true
session_20260623_163953_final,1234,125896,2026-06-23T16:41:59.375470,Pas barometryczny,1075.91,1075.91,true
session_20260623_163953_final,1235,125981,2026-06-23T16:41:59.460769,Pas barometryczny,1075.90,1075.90,true
session_20260623_163953_final,1236,126077,2026-06-23T16:41:59.556784,Pas barometryczny,1075.91,1075.91,true
session_20260623_163953_final,1237,126210,2026-06-23T16:41:59.689788,Pas barometryczny,1076.07,1076.07,true
session_20260623_163953_final,1238,126300,2026-06-23T16:41:59.779415,Pas barometryczny,1076.67,1076.67,true
session_20260623_163953_final,1239,126398,2026-06-23T16:41:59.877667,Pas barometryczny,1077.16,1077.16,true
session_20260623_163953_final,1240,126479,2026-06-23T16:41:59.958587,Pas barometryczny,1077.51,1077.51,true
session_20260623_163953_final,1241,126617,2026-06-23T16:42:00.096402,Pas barometryczny,1077.85,1077.85,true
session_20260623_163953_final,1242,126716,2026-06-23T16:42:00.195693,Pas barometryczny,1077.82,1077.82,true
session_20260623_163953_final,1243,126788,2026-06-23T16:42:00.267347,Pas barometryczny,1077.47,1077.47,true
session_20260623_163953_final,1244,126879,2026-06-23T16:42:00.357963,Pas barometryczny,1077.08,1077.08,true
session_20260623_163953_final,1245,127014,2026-06-23T16:42:00.493129,Pas barometryczny,1076.77,1076.77,true
session_20260623_163953_final,1246,127115,2026-06-23T16:42:00.594011,Pas barometryczny,1076.54,1076.54,true
session_20260623_163953_final,1247,127193,2026-06-23T16:42:00.672712,Pas barometryczny,1076.37,1076.37,true
session_20260623_163953_final,1248,127302,2026-06-23T16:42:00.781042,Pas barometryczny,1076.17,1076.17,true
session_20260623_163953_final,1249,127435,2026-06-23T16:42:00.914566,Pas barometryczny,1076.05,1076.05,true
session_20260623_163953_final,1250,127518,2026-06-23T16:42:00.996920,Pas barometryczny,1075.91,1075.91,true
session_20260623_163953_final,1251,127600,2026-06-23T16:42:01.079299,Pas barometryczny,1075.91,1075.91,true
session_20260623_163953_final,1252,127734,2026-06-23T16:42:01.213125,Pas barometryczny,1075.91,1075.91,true
session_20260623_163953_final,1253,127836,2026-06-23T16:42:01.315805,Pas barometryczny,1075.87,1075.87,true
session_20260623_163953_final,1254,127912,2026-06-23T16:42:01.391458,Pas barometryczny,1075.90,1075.90,true
session_20260623_163953_final,1255,128016,2026-06-23T16:42:01.495397,Pas barometryczny,1075.92,1075.92,true
session_20260623_163953_final,1256,128157,2026-06-23T16:42:01.636310,Pas barometryczny,1076.27,1076.27,true
session_20260623_163953_final,1257,128229,2026-06-23T16:42:01.708345,Pas barometryczny,1076.92,1076.92,true
session_20260623_163953_final,1258,128330,2026-06-23T16:42:01.809030,Pas barometryczny,1077.47,1077.47,true
session_20260623_163953_final,1259,128408,2026-06-23T16:42:01.887095,Pas barometryczny,1077.94,1077.94,true
session_20260623_163953_final,1260,128556,2026-06-23T16:42:02.034850,Pas barometryczny,1078.31,1078.31,true
session_20260623_163953_final,1261,128634,2026-06-23T16:42:02.112934,Pas barometryczny,1078.68,1078.68,true
session_20260623_163953_final,1262,128725,2026-06-23T16:42:02.204259,Pas barometryczny,1079.03,1079.03,true
session_20260623_163953_final,1263,128827,2026-06-23T16:42:02.306458,Pas barometryczny,1079.18,1079.18,true
session_20260623_163953_final,1264,128949,2026-06-23T16:42:02.427949,Pas barometryczny,1078.79,1078.79,true
session_20260623_163953_final,1265,129045,2026-06-23T16:42:02.523949,Pas barometryczny,1078.21,1078.21,true
session_20260623_163953_final,1266,129139,2026-06-23T16:42:02.618237,Pas barometryczny,1077.63,1077.63,true
session_20260623_163953_final,1267,129267,2026-06-23T16:42:02.746322,Pas barometryczny,1077.18,1077.18,true
session_20260623_163953_final,1268,129353,2026-06-23T16:42:02.831920,Pas barometryczny,1076.82,1076.82,true
session_20260623_163953_final,1269,129456,2026-06-23T16:42:02.935172,Pas barometryczny,1076.47,1076.47,true
session_20260623_163953_final,1270,129534,2026-06-23T16:42:03.012951,Pas barometryczny,1076.28,1076.28,true
session_20260623_163953_final,1271,129676,2026-06-23T16:42:03.155331,Pas barometryczny,1076.16,1076.16,true
session_20260623_163953_final,1272,129761,2026-06-23T16:42:03.240718,Pas barometryczny,1076.04,1076.04,true
session_20260623_163953_final,1273,129848,2026-06-23T16:42:03.327254,Pas barometryczny,1075.95,1075.95,true
session_20260623_163953_final,1274,129939,2026-06-23T16:42:03.418684,Pas barometryczny,1076.02,1076.02,true
session_20260623_163953_final,1275,130073,2026-06-23T16:42:03.551875,Pas barometryczny,1076.09,1076.09,true
session_20260623_163953_final,1276,130163,2026-06-23T16:42:03.642173,Pas barometryczny,1076.30,1076.30,true
session_20260623_163953_final,1277,130254,2026-06-23T16:42:03.733146,Pas barometryczny,1076.86,1076.86,true
session_20260623_163953_final,1278,130356,2026-06-23T16:42:03.835237,Pas barometryczny,1077.34,1077.34,true
session_20260623_163953_final,1279,130496,2026-06-23T16:42:03.975375,Pas barometryczny,1077.89,1077.89,true
session_20260623_163953_final,1280,130576,2026-06-23T16:42:04.054956,Pas barometryczny,1078.27,1078.27,true
session_20260623_163953_final,1281,130659,2026-06-23T16:42:04.138134,Pas barometryczny,1078.57,1078.57,true
session_20260623_163953_final,1282,130797,2026-06-23T16:42:04.275883,Pas barometryczny,1078.97,1078.97,true
session_20260623_163953_final,1283,130895,2026-06-23T16:42:04.374181,Pas barometryczny,1079.43,1079.43,true
session_20260623_163953_final,1284,130975,2026-06-23T16:42:04.454446,Pas barometryczny,1079.83,1079.83,true
session_20260623_163953_final,1285,131065,2026-06-23T16:42:04.544534,Pas barometryczny,1080.57,1080.57,true
session_20260623_163953_final,1286,131213,2026-06-23T16:42:04.692647,Pas barometryczny,1081.01,1081.01,true
session_20260623_163953_final,1287,131292,2026-06-23T16:42:04.771202,Pas barometryczny,1081.33,1081.33,true
session_20260623_163953_final,1288,131393,2026-06-23T16:42:04.872592,Pas barometryczny,1081.61,1081.61,true
session_20260623_163953_final,1289,131481,2026-06-23T16:42:04.960226,Pas barometryczny,1081.91,1081.91,true
session_20260623_163953_final,1290,131613,2026-06-23T16:42:05.092667,Pas barometryczny,1082.18,1082.18,true
session_20260623_163953_final,1291,131693,2026-06-23T16:42:05.172133,Pas barometryczny,1082.56,1082.56,true
session_20260623_163953_final,1292,131799,2026-06-23T16:42:05.278047,Pas barometryczny,1082.85,1082.85,true
session_20260623_163953_final,1293,131883,2026-06-23T16:42:05.362223,Pas barometryczny,1083.14,1083.14,true
session_20260623_163953_final,1294,132014,2026-06-23T16:42:05.493344,Pas barometryczny,1083.33,1083.33,true
session_20260623_163953_final,1295,132115,2026-06-23T16:42:05.594669,Pas barometryczny,1083.54,1083.54,true
session_20260623_163953_final,1296,132197,2026-06-23T16:42:05.676496,Pas barometryczny,1083.78,1083.78,true
session_20260623_163953_final,1297,132324,2026-06-23T16:42:05.803158,Pas barometryczny,1083.94,1083.94,true
session_20260623_163953_final,1298,132415,2026-06-23T16:42:05.894637,Pas barometryczny,1084.16,1084.16,true
session_20260623_163953_final,1299,132516,2026-06-23T16:42:05.994943,Pas barometryczny,1084.03,1084.03,true
session_20260623_163953_final,1300,132597,2026-06-23T16:42:06.076077,Pas barometryczny,1083.32,1083.32,true
session_20260623_163953_final,1301,132729,2026-06-23T16:42:06.208460,Pas barometryczny,1082.30,1082.30,true
session_20260623_163953_final,1302,132835,2026-06-23T16:42:06.314586,Pas barometryczny,1081.31,1081.31,true
session_20260623_163953_final,1303,132909,2026-06-23T16:42:06.388396,Pas barometryczny,1080.42,1080.42,true
session_20260623_163953_final,1304,133004,2026-06-23T16:42:06.483357,Pas barometryczny,1079.75,1079.75,true
session_20260623_163953_final,1305,133138,2026-06-23T16:42:06.617600,Pas barometryczny,1079.26,1079.26,true
session_20260623_163953_final,1306,133224,2026-06-23T16:42:06.703755,Pas barometryczny,1078.65,1078.65,true
session_20260623_163953_final,1307,133314,2026-06-23T16:42:06.793033,Pas barometryczny,1078.21,1078.21,true
session_20260623_163953_final,1308,133416,2026-06-23T16:42:06.895788,Pas barometryczny,1077.68,1077.68,true
session_20260623_163953_final,1309,133539,2026-06-23T16:42:07.018600,Pas barometryczny,1077.11,1077.11,true
session_20260623_163953_final,1310,133628,2026-06-23T16:42:07.107612,Pas barometryczny,1076.59,1076.59,true
session_20260623_163953_final,1311,133722,2026-06-23T16:42:07.201555,Pas barometryczny,1076.08,1076.08,true
session_20260623_163953_final,1312,133857,2026-06-23T16:42:07.336161,Pas barometryczny,1075.66,1075.66,true
session_20260623_163953_final,1313,134000,2026-06-23T16:42:07.479284,Pas barometryczny,1075.19,1075.19,true
session_20260623_163953_final,1314,134033,2026-06-23T16:42:07.511875,Pas barometryczny,1074.85,1074.85,true
session_20260623_163953_final,1315,134139,2026-06-23T16:42:07.618368,Pas barometryczny,1074.35,1074.35,true
session_20260623_163953_final,1316,134270,2026-06-23T16:42:07.748841,Pas barometryczny,1073.58,1073.58,true
session_20260623_163953_final,1317,134349,2026-06-23T16:42:07.827951,Pas barometryczny,1073.31,1073.31,true
session_20260623_163953_final,1318,134441,2026-06-23T16:42:07.920357,Pas barometryczny,1073.14,1073.14,true
session_20260623_163953_final,1319,134528,2026-06-23T16:42:08.007337,Pas barometryczny,1072.99,1072.99,true
session_20260623_163953_final,1320,134666,2026-06-23T16:42:08.145099,Pas barometryczny,1072.98,1072.98,true
session_20260623_163953_final,1321,134759,2026-06-23T16:42:08.238624,Pas barometryczny,1072.97,1072.97,true
session_20260623_163953_final,1322,134851,2026-06-23T16:42:08.329935,Pas barometryczny,1073.21,1073.21,true
session_20260623_163953_final,1323,134936,2026-06-23T16:42:08.414824,Pas barometryczny,1073.84,1073.84,true
session_20260623_163953_final,1324,135083,2026-06-23T16:42:08.562712,Pas barometryczny,1074.66,1074.66,true
session_20260623_163953_final,1325,135162,2026-06-23T16:42:08.640880,Pas barometryczny,1075.41,1075.41,true
session_20260623_163953_final,1326,135252,2026-06-23T16:42:08.730909,Pas barometryczny,1076.03,1076.03,true
session_20260623_163953_final,1327,135386,2026-06-23T16:42:08.865291,Pas barometryczny,1076.68,1076.68,true
session_20260623_163953_final,1328,135473,2026-06-23T16:42:08.952638,Pas barometryczny,1077.27,1077.27,true
session_20260623_163953_final,1329,135563,2026-06-23T16:42:09.042543,Pas barometryczny,1077.82,1077.82,true
session_20260623_163953_final,1330,135653,2026-06-23T16:42:09.132522,Pas barometryczny,1078.37,1078.37,true
session_20260623_163953_final,1331,135790,2026-06-23T16:42:09.269647,Pas barometryczny,1078.75,1078.75,true
session_20260623_163953_final,1332,135892,2026-06-23T16:42:09.371437,Pas barometryczny,1079.11,1079.11,true
session_20260623_163953_final,1333,135970,2026-06-23T16:42:09.448841,Pas barometryczny,1079.56,1079.56,true
session_20260623_163953_final,1334,136068,2026-06-23T16:42:09.547169,Pas barometryczny,1080.01,1080.01,true
session_20260623_163953_final,1335,136212,2026-06-23T16:42:09.690894,Pas barometryczny,1080.46,1080.46,true
session_20260623_163953_final,1336,136294,2026-06-23T16:42:09.773066,Pas barometryczny,1080.91,1080.91,true
session_20260623_163953_final,1337,136374,2026-06-23T16:42:09.852931,Pas barometryczny,1081.24,1081.24,true
session_20260623_163953_final,1338,136464,2026-06-23T16:42:09.943290,Pas barometryczny,1081.60,1081.60,true
session_20260623_163953_final,1339,136613,2026-06-23T16:42:10.091830,Pas barometryczny,1081.72,1081.72,true
session_20260623_163953_final,1340,136692,2026-06-23T16:42:10.171620,Pas barometryczny,1081.12,1081.12,true
session_20260623_163953_final,1341,136794,2026-06-23T16:42:10.272901,Pas barometryczny,1080.05,1080.05,true
session_20260623_163953_final,1342,136929,2026-06-23T16:42:10.408230,Pas barometryczny,1079.20,1079.20,true
session_20260623_163953_final,1343,137002,2026-06-23T16:42:10.481657,Pas barometryczny,1078.48,1078.48,true
session_20260623_163953_final,1344,137099,2026-06-23T16:42:10.578515,Pas barometryczny,1077.71,1077.71,true
session_20260623_163953_final,1345,137197,2026-06-23T16:42:10.676259,Pas barometryczny,1076.92,1076.92,true
session_20260623_163953_final,1346,137328,2026-06-23T16:42:10.807653,Pas barometryczny,1075.77,1075.77,true
session_20260623_163953_final,1347,137414,2026-06-23T16:42:10.893043,Pas barometryczny,1075.26,1075.26,true
session_20260623_163953_final,1348,137516,2026-06-23T16:42:10.995236,Pas barometryczny,1074.90,1074.90,true
session_20260623_163953_final,1349,137587,2026-06-23T16:42:11.066485,Pas barometryczny,1074.57,1074.57,true
session_20260623_163953_final,1350,137729,2026-06-23T16:42:11.208445,Pas barometryczny,1074.14,1074.14,true
session_20260623_163953_final,1351,137815,2026-06-23T16:42:11.294358,Pas barometryczny,1073.79,1073.79,true
session_20260623_163953_final,1352,137910,2026-06-23T16:42:11.389622,Pas barometryczny,1073.46,1073.46,true
session_20260623_163953_final,1353,137995,2026-06-23T16:42:11.474743,Pas barometryczny,1073.17,1073.17,true
session_20260623_163953_final,1354,138131,2026-06-23T16:42:11.610525,Pas barometryczny,1072.86,1072.86,true
session_20260623_163953_final,1355,138233,2026-06-23T16:42:11.712716,Pas barometryczny,1072.68,1072.68,true
session_20260623_163953_final,1356,138310,2026-06-23T16:42:11.789059,Pas barometryczny,1072.48,1072.48,true
session_20260623_163953_final,1357,138449,2026-06-23T16:42:11.928621,Pas barometryczny,1072.28,1072.28,true
session_20260623_163953_final,1358,138539,2026-06-23T16:42:12.017928,Pas barometryczny,1072.09,1072.09,true
session_20260623_163953_final,1359,138634,2026-06-23T16:42:12.113458,Pas barometryczny,1071.96,1071.96,true
session_20260623_163953_final,1360,138715,2026-06-23T16:42:12.194196,Pas barometryczny,1071.91,1071.91,true
session_20260623_163953_final,1361,138848,2026-06-23T16:42:12.327631,Pas barometryczny,1071.98,1071.98,true
session_20260623_163953_final,1362,138956,2026-06-23T16:42:12.435318,Pas barometryczny,1072.15,1072.15,true
session_20260623_163953_final,1363,139037,2026-06-23T16:42:12.516661,Pas barometryczny,1072.51,1072.51,true
session_20260623_163953_final,1364,139118,2026-06-23T16:42:12.596889,Pas barometryczny,1073.12,1073.12,true
session_20260623_163953_final,1365,139269,2026-06-23T16:42:12.748211,Pas barometryczny,1073.83,1073.83,true
session_20260623_163953_final,1366,139349,2026-06-23T16:42:12.828613,Pas barometryczny,1074.44,1074.44,true
session_20260623_163953_final,1367,139433,2026-06-23T16:42:12.912396,Pas barometryczny,1075.03,1075.03,true
session_20260623_163953_final,1368,139536,2026-06-23T16:42:13.015254,Pas barometryczny,1075.54,1075.54,true
session_20260623_163953_final,1369,139658,2026-06-23T16:42:13.137360,Pas barometryczny,1076.10,1076.10,true
session_20260623_163953_final,1370,139749,2026-06-23T16:42:13.228068,Pas barometryczny,1076.54,1076.54,true
session_20260623_163953_final,1371,139842,2026-06-23T16:42:13.321425,Pas barometryczny,1076.96,1076.96,true
session_20260623_163953_final,1372,139978,2026-06-23T16:42:13.457277,Pas barometryczny,1077.40,1077.40,true
session_20260623_163953_final,1373,140065,2026-06-23T16:42:13.544409,Pas barometryczny,1077.80,1077.80,true
session_20260623_163953_final,1374,140153,2026-06-23T16:42:13.632482,Pas barometryczny,1078.19,1078.19,true
session_20260623_163953_final,1375,140252,2026-06-23T16:42:13.731760,Pas barometryczny,1078.50,1078.50,true
session_20260623_163953_final,1376,140386,2026-06-23T16:42:13.864817,Pas barometryczny,1078.86,1078.86,true
session_20260623_163953_final,1377,140468,2026-06-23T16:42:13.947393,Pas barometryczny,1079.47,1079.47,true
session_20260623_163953_final,1378,140574,2026-06-23T16:42:14.053168,Pas barometryczny,1079.78,1079.78,true
session_20260623_163953_final,1379,140650,2026-06-23T16:42:14.129490,Pas barometryczny,1080.14,1080.14,true
session_20260623_163953_final,1380,140792,2026-06-23T16:42:14.271633,Pas barometryczny,1080.54,1080.54,true
session_20260623_163953_final,1381,140877,2026-06-23T16:42:14.356486,Pas barometryczny,1080.97,1080.97,true
session_20260623_163953_final,1382,140968,2026-06-23T16:42:14.447350,Pas barometryczny,1081.27,1081.27,true
session_20260623_163953_final,1383,141054,2026-06-23T16:42:14.533204,Pas barometryczny,1081.52,1081.52,true
session_20260623_163953_final,1384,141191,2026-06-23T16:42:14.669879,Pas barometryczny,1081.69,1081.69,true
session_20260623_163953_final,1385,141285,2026-06-23T16:42:14.764746,Pas barometryczny,1081.97,1081.97,true
session_20260623_163953_final,1386,141369,2026-06-23T16:42:14.848662,Pas barometryczny,1082.23,1082.23,true
session_20260623_163953_final,1387,141509,2026-06-23T16:42:14.988342,Pas barometryczny,1082.45,1082.45,true
session_20260623_163953_final,1388,141597,2026-06-23T16:42:15.076431,Pas barometryczny,1082.74,1082.74,true
session_20260623_163953_final,1389,141691,2026-06-23T16:42:15.169910,Pas barometryczny,1082.93,1082.93,true
session_20260623_163953_final,1390,141773,2026-06-23T16:42:15.252261,Pas barometryczny,1083.06,1083.06,true
session_20260623_163953_final,1391,141912,2026-06-23T16:42:15.391080,Pas barometryczny,1083.15,1083.15,true
session_20260623_163953_final,1392,142011,2026-06-23T16:42:15.490805,Pas barometryczny,1083.24,1083.24,true
session_20260623_163953_final,1393,142087,2026-06-23T16:42:15.566004,Pas barometryczny,1083.36,1083.36,true
session_20260623_163953_final,1394,142225,2026-06-23T16:42:15.704800,Pas barometryczny,1083.54,1083.54,true
session_20260623_163953_final,1395,142331,2026-06-23T16:42:15.810802,Pas barometryczny,1083.84,1083.84,true
session_20260623_163953_final,1396,142406,2026-06-23T16:42:15.885032,Pas barometryczny,1083.93,1083.93,true
session_20260623_163953_final,1397,142500,2026-06-23T16:42:15.979657,Pas barometryczny,1083.98,1083.98,true
session_20260623_163953_final,1398,142584,2026-06-23T16:42:16.063492,Pas barometryczny,1084.01,1084.01,true
session_20260623_163953_final,1399,142731,2026-06-23T16:42:16.210301,Pas barometryczny,1084.09,1084.09,true
session_20260623_163953_final,1400,142808,2026-06-23T16:42:16.287358,Pas barometryczny,1084.19,1084.19,true
session_20260623_163953_final,1401,142902,2026-06-23T16:42:16.380997,Pas barometryczny,1084.21,1084.21,true
session_20260623_163953_final,1402,143034,2026-06-23T16:42:16.513611,Pas barometryczny,1084.35,1084.35,true
session_20260623_163953_final,1403,143123,2026-06-23T16:42:16.602574,Pas barometryczny,1084.28,1084.28,true
session_20260623_163953_final,1404,143213,2026-06-23T16:42:16.692543,Pas barometryczny,1084.30,1084.30,true
session_20260623_163953_final,1405,143305,2026-06-23T16:42:16.784292,Pas barometryczny,1084.21,1084.21,true
session_20260623_163953_final,1406,143444,2026-06-23T16:42:16.923704,Pas barometryczny,1084.30,1084.30,true
session_20260623_163953_final,1407,143528,2026-06-23T16:42:17.007700,Pas barometryczny,1084.33,1084.33,true
session_20260623_163953_final,1408,143631,2026-06-23T16:42:17.110269,Pas barometryczny,1084.36,1084.36,true
session_20260623_163953_final,1409,143713,2026-06-23T16:42:17.192403,Pas barometryczny,1084.37,1084.37,true
session_20260623_163953_final,1410,143843,2026-06-23T16:42:17.322703,Pas barometryczny,1084.11,1084.11,true
session_20260623_163953_final,1411,143951,2026-06-23T16:42:17.430541,Pas barometryczny,1084.07,1084.07,true
session_20260623_163953_final,1412,144030,2026-06-23T16:42:17.509511,Pas barometryczny,1083.98,1083.98,true
session_20260623_163953_final,1413,144114,2026-06-23T16:42:17.593630,Pas barometryczny,1083.90,1083.90,true
session_20260623_163953_final,1414,144249,2026-06-23T16:42:17.728511,Pas barometryczny,1083.86,1083.86,true
session_20260623_163953_final,1415,144347,2026-06-23T16:42:17.826757,Pas barometryczny,1083.88,1083.88,true
session_20260623_163953_final,1416,144432,2026-06-23T16:42:17.911376,Pas barometryczny,1083.83,1083.83,true
session_20260623_163953_final,1417,144565,2026-06-23T16:42:18.044450,Pas barometryczny,1083.85,1083.85,true
session_20260623_163953_final,1418,144656,2026-06-23T16:42:18.135331,Pas barometryczny,1083.64,1083.64,true
session_20260623_163953_final,1419,144745,2026-06-23T16:42:18.224023,Pas barometryczny,1083.63,1083.63,true
session_20260623_163953_final,1420,144836,2026-06-23T16:42:18.315692,Pas barometryczny,1083.54,1083.54,true
session_20260623_163953_final,1421,144974,2026-06-23T16:42:18.453156,Pas barometryczny,1083.46,1083.46,true
session_20260623_163953_final,1422,145071,2026-06-23T16:42:18.550372,Pas barometryczny,1083.45,1083.45,true
session_20260623_163953_final,1423,145152,2026-06-23T16:42:18.631722,Pas barometryczny,1083.29,1083.29,true
session_20260623_163953_final,1424,145255,2026-06-23T16:42:18.734799,Pas barometryczny,1083.10,1083.10,true
session_20260623_163953_final,1425,145384,2026-06-23T16:42:18.863751,Pas barometryczny,1082.98,1082.98,true
session_20260623_163953_final,1426,145465,2026-06-23T16:42:18.944456,Pas barometryczny,1082.69,1082.69,true
session_20260623_163953_final,1427,145554,2026-06-23T16:42:19.032836,Pas barometryczny,1082.16,1082.16,true
session_20260623_163953_final,1428,145653,2026-06-23T16:42:19.132676,Pas barometryczny,1081.67,1081.67,true
session_20260623_163953_final,1429,145782,2026-06-23T16:42:19.261709,Pas barometryczny,1081.14,1081.14,true
session_20260623_163953_final,1430,145869,2026-06-23T16:42:19.348131,Pas barometryczny,1080.71,1080.71,true
session_20260623_163953_final,1431,145961,2026-06-23T16:42:19.440109,Pas barometryczny,1080.32,1080.32,true
session_20260623_163953_final,1432,146094,2026-06-23T16:42:19.573653,Pas barometryczny,1080.01,1080.01,true
session_20260623_163953_final,1433,146186,2026-06-23T16:42:19.665020,Pas barometryczny,1079.65,1079.65,true
session_20260623_163953_final,1434,146283,2026-06-23T16:42:19.762746,Pas barometryczny,1079.35,1079.35,true
session_20260623_163953_final,1435,146371,2026-06-23T16:42:19.850149,Pas barometryczny,1079.02,1079.02,true
session_20260623_163953_final,1436,146499,2026-06-23T16:42:19.978471,Pas barometryczny,1078.83,1078.83,true
session_20260623_163953_final,1437,146588,2026-06-23T16:42:20.067248,Pas barometryczny,1078.59,1078.59,true
session_20260623_163953_final,1438,146692,2026-06-23T16:42:20.171146,Pas barometryczny,1078.07,1078.07,true
session_20260623_163953_final,1439,146772,2026-06-23T16:42:20.251686,Pas barometryczny,1077.88,1077.88,true
session_20260623_163953_final,1440,146903,2026-06-23T16:42:20.381867,Pas barometryczny,1077.68,1077.68,true
session_20260623_163953_final,1441,147009,2026-06-23T16:42:20.488184,Pas barometryczny,1077.53,1077.53,true
session_20260623_163953_final,1442,147083,2026-06-23T16:42:20.562411,Pas barometryczny,1077.34,1077.34,true
session_20260623_163953_final,1443,147173,2026-06-23T16:42:20.652626,Pas barometryczny,1077.19,1077.19,true
session_20260623_163953_final,1444,147314,2026-06-23T16:42:20.793673,Pas barometryczny,1077.02,1077.02,true
session_20260623_163953_final,1445,147404,2026-06-23T16:42:20.883712,Pas barometryczny,1076.84,1076.84,true
session_20260623_163953_final,1446,147495,2026-06-23T16:42:20.974730,Pas barometryczny,1076.68,1076.68,true
session_20260623_163953_final,1447,147628,2026-06-23T16:42:21.107286,Pas barometryczny,1076.49,1076.49,true
session_20260623_163953_final,1448,147727,2026-06-23T16:42:21.206461,Pas barometryczny,1076.32,1076.32,true
session_20260623_163953_final,1449,147806,2026-06-23T16:42:21.285073,Pas barometryczny,1076.20,1076.20,true
session_20260623_163953_final,1450,147894,2026-06-23T16:42:21.373175,Pas barometryczny,1075.93,1075.93,true
session_20260623_163953_final,1451,148029,2026-06-23T16:42:21.508074,Pas barometryczny,1075.70,1075.70,true
session_20260623_163953_final,1452,148128,2026-06-23T16:42:21.606999,Pas barometryczny,1075.43,1075.43,true
session_20260623_163953_final,1453,148208,2026-06-23T16:42:21.687012,Pas barometryczny,1075.16,1075.16,true
session_20260623_163953_final,1454,148309,2026-06-23T16:42:21.788306,Pas barometryczny,1075.03,1075.03,true
session_20260623_163953_final,1455,148437,2026-06-23T16:42:21.916291,Pas barometryczny,1074.93,1074.93,true
session_20260623_163953_final,1456,148531,2026-06-23T16:42:22.010,Pas barometryczny,1074.79,1074.79,true
session_20260623_163953_final,1457,148618,2026-06-23T16:42:22.096959,Pas barometryczny,1074.56,1074.56,true
session_20260623_163953_final,1458,148705,2026-06-23T16:42:22.184367,Pas barometryczny,1074.29,1074.29,true
session_20260623_163953_final,1459,148846,2026-06-23T16:42:22.325063,Pas barometryczny,1074.07,1074.07,true
session_20260623_163953_final,1460,148928,2026-06-23T16:42:22.407332,Pas barometryczny,1073.81,1073.81,true
session_20260623_163953_final,1461,149033,2026-06-23T16:42:22.512760,Pas barometryczny,1073.60,1073.60,true
session_20260623_163953_final,1462,149166,2026-06-23T16:42:22.645695,Pas barometryczny,1073.35,1073.35,true
session_20260623_163953_final,1463,149246,2026-06-23T16:42:22.725331,Pas barometryczny,1073.16,1073.16,true
session_20260623_163953_final,1464,149354,2026-06-23T16:42:22.832993,Pas barometryczny,1072.91,1072.91,true
session_20260623_163953_final,1465,149436,2026-06-23T16:42:22.915387,Pas barometryczny,1072.69,1072.69,true
session_20260623_163953_final,1466,149561,2026-06-23T16:42:23.040274,Pas barometryczny,1072.51,1072.51,true
session_20260623_163953_final,1467,149647,2026-06-23T16:42:23.126602,Pas barometryczny,1072.43,1072.43,true
session_20260623_163953_final,1468,149755,2026-06-23T16:42:23.234115,Pas barometryczny,1072.36,1072.36,true
session_20260623_163953_final,1469,149834,2026-06-23T16:42:23.313322,Pas barometryczny,1072.38,1072.38,true
session_20260623_163953_final,1470,149963,2026-06-23T16:42:23.442612,Pas barometryczny,1072.48,1072.48,true
session_20260623_163953_final,1471,150072,2026-06-23T16:42:23.551008,Pas barometryczny,1072.62,1072.62,true
session_20260623_163953_final,1472,150164,2026-06-23T16:42:23.642872,Pas barometryczny,1072.74,1072.74,true
session_20260623_163953_final,1473,150233,2026-06-23T16:42:23.712114,Pas barometryczny,1072.96,1072.96,true
session_20260623_163953_final,1474,150383,2026-06-23T16:42:23.862596,Pas barometryczny,1073.46,1073.46,true
session_20260623_163953_final,1475,150471,2026-06-23T16:42:23.950557,Pas barometryczny,1074.20,1074.20,true
session_20260623_163953_final,1476,150548,2026-06-23T16:42:24.027596,Pas barometryczny,1074.81,1074.81,true
session_20260623_163953_final,1477,150692,2026-06-23T16:42:24.170906,Pas barometryczny,1075.32,1075.32,true
session_20260623_163953_final,1478,150775,2026-06-23T16:42:24.254389,Pas barometryczny,1075.71,1075.71,true
session_20260623_163953_final,1479,150867,2026-06-23T16:42:24.345967,Pas barometryczny,1076.11,1076.11,true
session_20260623_163953_final,1480,150960,2026-06-23T16:42:24.438830,Pas barometryczny,1076.40,1076.40,true
session_20260623_163953_final,1481,151093,2026-06-23T16:42:24.572670,Pas barometryczny,1076.78,1076.78,true
session_20260623_163953_final,1482,151188,2026-06-23T16:42:24.667079,Pas barometryczny,1077.28,1077.28,true
session_20260623_163953_final,1483,151313,2026-06-23T16:42:24.792187,Pas barometryczny,1077.72,1077.72,true
session_20260623_163953_final,1484,151372,2026-06-23T16:42:24.851401,Pas barometryczny,1078.15,1078.15,true
session_20260623_163953_final,1485,151503,2026-06-23T16:42:24.982346,Pas barometryczny,1078.53,1078.53,true
session_20260623_163953_final,1486,151583,2026-06-23T16:42:25.061952,Pas barometryczny,1078.88,1078.88,true
session_20260623_163953_final,1487,151694,2026-06-23T16:42:25.173331,Pas barometryczny,1079.18,1079.18,true
session_20260623_163953_final,1488,151773,2026-06-23T16:42:25.252681,Pas barometryczny,1079.55,1079.55,true
session_20260623_163953_final,1489,151904,2026-06-23T16:42:25.383682,Pas barometryczny,1079.91,1079.91,true
session_20260623_163953_final,1490,151994,2026-06-23T16:42:25.473615,Pas barometryczny,1080.29,1080.29,true
session_20260623_163953_final,1491,152079,2026-06-23T16:42:25.558543,Pas barometryczny,1080.53,1080.53,true
session_20260623_163953_final,1492,152215,2026-06-23T16:42:25.694113,Pas barometryczny,1080.86,1080.86,true
session_20260623_163953_final,1493,152304,2026-06-23T16:42:25.782960,Pas barometryczny,1081.09,1081.09,true
session_20260623_163953_final,1494,152407,2026-06-23T16:42:25.886574,Pas barometryczny,1081.35,1081.35,true
session_20260623_163953_final,1495,152484,2026-06-23T16:42:25.963379,Pas barometryczny,1081.68,1081.68,true
session_20260623_163953_final,1496,152619,2026-06-23T16:42:26.098633,Pas barometryczny,1082.04,1082.04,true
session_20260623_163953_final,1497,152714,2026-06-23T16:42:26.193188,Pas barometryczny,1082.22,1082.22,true
session_20260623_163953_final,1498,152801,2026-06-23T16:42:26.280356,Pas barometryczny,1082.46,1082.46,true
session_20260623_163953_final,1499,152888,2026-06-23T16:42:26.366912,Pas barometryczny,1082.69,1082.69,true
session_20260623_163953_final,1500,153025,2026-06-23T16:42:26.503998,Pas barometryczny,1082.92,1082.92,true
session_20260623_163953_final,1501,153129,2026-06-23T16:42:26.607950,Pas barometryczny,1083.22,1083.22,true
session_20260623_163953_final,1502,153213,2026-06-23T16:42:26.692414,Pas barometryczny,1083.38,1083.38,true
session_20260623_163953_final,1503,153298,2026-06-23T16:42:26.777097,Pas barometryczny,1083.56,1083.56,true
session_20260623_163953_final,1504,153446,2026-06-23T16:42:26.925524,Pas barometryczny,1083.55,1083.55,true
session_20260623_163953_final,1505,153521,2026-06-23T16:42:27.000054,Pas barometryczny,1083.57,1083.57,true
session_20260623_163953_final,1506,153609,2026-06-23T16:42:27.087937,Pas barometryczny,1083.56,1083.56,true
session_20260623_163953_final,1507,153747,2026-06-23T16:42:27.226008,Pas barometryczny,1083.68,1083.68,true
session_20260623_163953_final,1508,153847,2026-06-23T16:42:27.326187,Pas barometryczny,1083.57,1083.57,true
session_20260623_163953_final,1509,153924,2026-06-23T16:42:27.402944,Pas barometryczny,1083.47,1083.47,true
session_20260623_163953_final,1510,154030,2026-06-23T16:42:27.509623,Pas barometryczny,1083.35,1083.35,true
session_20260623_163953_final,1511,154161,2026-06-23T16:42:27.639909,Pas barometryczny,1083.28,1083.28,true
session_20260623_163953_final,1512,154245,2026-06-23T16:42:27.724040,Pas barometryczny,1083.11,1083.11,true
session_20260623_163953_final,1513,154333,2026-06-23T16:42:27.812064,Pas barometryczny,1082.94,1082.94,true
session_20260623_163953_final,1514,154429,2026-06-23T16:42:27.908259,Pas barometryczny,1082.75,1082.75,true
session_20260623_163953_final,1515,154567,2026-06-23T16:42:28.046291,Pas barometryczny,1082.75,1082.75,true
session_20260623_163953_final,1516,154650,2026-06-23T16:42:28.129363,Pas barometryczny,1082.76,1082.76,true
session_20260623_163953_final,1517,154754,2026-06-23T16:42:28.233216,Pas barometryczny,1082.93,1082.93,true
session_20260623_163953_final,1518,154826,2026-06-23T16:42:28.304921,Pas barometryczny,1083.23,1083.23,true
session_20260623_163953_final,1519,154966,2026-06-23T16:42:28.445004,Pas barometryczny,1083.33,1083.33,true
session_20260623_163953_final,1520,155048,2026-06-23T16:42:28.527436,Pas barometryczny,1083.39,1083.39,true
session_20260623_163953_final,1521,155149,2026-06-23T16:42:28.628034,Pas barometryczny,1083.47,1083.47,true
session_20260623_163953_final,1522,155279,2026-06-23T16:42:28.758541,Pas barometryczny,1083.20,1083.20,true
session_20260623_163953_final,1523,155364,2026-06-23T16:42:28.843341,Pas barometryczny,1083.12,1083.12,true
session_20260623_163953_final,1524,155471,2026-06-23T16:42:28.950776,Pas barometryczny,1082.75,1082.75,true
session_20260623_163953_final,1525,155545,2026-06-23T16:42:29.024677,Pas barometryczny,1082.13,1082.13,true
session_20260623_163953_final,1526,155679,2026-06-23T16:42:29.158487,Pas barometryczny,1081.46,1081.46,true
session_20260623_163953_final,1527,155786,2026-06-23T16:42:29.265486,Pas barometryczny,1080.92,1080.92,true
session_20260623_163953_final,1528,155860,2026-06-23T16:42:29.339294,Pas barometryczny,1080.48,1080.48,true
session_20260623_163953_final,1529,155950,2026-06-23T16:42:29.429738,Pas barometryczny,1079.53,1079.53,true
session_20260623_163953_final,1530,156129,2026-06-23T16:42:29.607867,Pas barometryczny,1079.20,1079.20,true
session_20260623_163953_final,1531,156181,2026-06-23T16:42:29.659927,Pas barometryczny,1078.80,1078.80,true
session_20260623_163953_final,1532,156271,2026-06-23T16:42:29.749822,Pas barometryczny,1078.50,1078.50,true
session_20260623_163953_final,1533,156370,2026-06-23T16:42:29.849594,Pas barometryczny,1078.22,1078.22,true
session_20260623_163953_final,1534,156497,2026-06-23T16:42:29.976492,Pas barometryczny,1077.93,1077.93,true
session_20260623_163953_final,1535,156589,2026-06-23T16:42:30.068477,Pas barometryczny,1077.70,1077.70,true
session_20260623_163953_final,1536,156671,2026-06-23T16:42:30.149847,Pas barometryczny,1077.53,1077.53,true
session_20260623_163953_final,1537,156803,2026-06-23T16:42:30.282128,Pas barometryczny,1077.24,1077.24,true
session_20260623_163953_final,1538,156893,2026-06-23T16:42:30.372442,Pas barometryczny,1077.13,1077.13,true
session_20260623_163953_final,1539,156985,2026-06-23T16:42:30.464502,Pas barometryczny,1076.84,1076.84,true
session_20260623_163953_final,1540,157090,2026-06-23T16:42:30.568966,Pas barometryczny,1076.56,1076.56,true
session_20260623_163953_final,1541,157211,2026-06-23T16:42:30.690169,Pas barometryczny,1076.36,1076.36,true
session_20260623_163953_final,1542,157300,2026-06-23T16:42:30.779692,Pas barometryczny,1076.23,1076.23,true
session_20260623_163953_final,1543,157388,2026-06-23T16:42:30.867733,Pas barometryczny,1076.01,1076.01,true
session_20260623_163953_final,1544,157488,2026-06-23T16:42:30.967281,Pas barometryczny,1075.83,1075.83,true
session_20260623_163953_final,1545,157618,2026-06-23T16:42:31.096860,Pas barometryczny,1075.70,1075.70,true
session_20260623_163953_final,1546,157712,2026-06-23T16:42:31.190822,Pas barometryczny,1075.44,1075.44,true
session_20260623_163953_final,1547,157803,2026-06-23T16:42:31.282642,Pas barometryczny,1075.12,1075.12,true
session_20260623_163953_final,1548,157892,2026-06-23T16:42:31.371285,Pas barometryczny,1074.71,1074.71,true
session_20260623_163953_final,1549,158019,2026-06-23T16:42:31.498269,Pas barometryczny,1074.35,1074.35,true
session_20260623_163953_final,1550,158124,2026-06-23T16:42:31.603811,Pas barometryczny,1074.18,1074.18,true
session_20260623_163953_final,1551,158198,2026-06-23T16:42:31.676982,Pas barometryczny,1074.00,1074.00,true
session_20260623_163953_final,1552,158345,2026-06-23T16:42:31.824183,Pas barometryczny,1073.78,1073.78,true
session_20260623_163953_final,1553,158423,2026-06-23T16:42:31.902590,Pas barometryczny,1073.43,1073.43,true
session_20260623_163953_final,1554,158513,2026-06-23T16:42:31.992581,Pas barometryczny,1073.38,1073.38,true
session_20260623_163953_final,1555,158655,2026-06-23T16:42:32.134576,Pas barometryczny,1073.49,1073.49,true
session_20260623_163953_final,1556,158746,2026-06-23T16:42:32.224942,Pas barometryczny,1073.32,1073.32,true
session_20260623_163953_final,1557,158835,2026-06-23T16:42:32.314096,Pas barometryczny,1073.09,1073.09,true
session_20260623_163953_final,1558,158919,2026-06-23T16:42:32.398567,Pas barometryczny,1072.74,1072.74,true
session_20260623_163953_final,1559,159006,2026-06-23T16:42:32.485509,Pas barometryczny,1072.56,1072.56,true
session_20260623_163953_final,1560,159142,2026-06-23T16:42:32.620944,Pas barometryczny,1072.31,1072.31,true
session_20260623_163953_final,1561,159247,2026-06-23T16:42:32.726176,Pas barometryczny,1072.26,1072.26,true
session_20260623_163953_final,1562,159332,2026-06-23T16:42:32.811788,Pas barometryczny,1072.12,1072.12,true
session_20260623_163953_final,1563,159424,2026-06-23T16:42:32.903323,Pas barometryczny,1072.09,1072.09,true
session_20260623_163953_final,1564,159562,2026-06-23T16:42:33.041520,Pas barometryczny,1072.14,1072.14,true
session_20260623_163953_final,1565,159640,2026-06-23T16:42:33.119158,Pas barometryczny,1072.13,1072.13,true
session_20260623_163953_final,1566,159731,2026-06-23T16:42:33.209860,Pas barometryczny,1072.11,1072.11,true
session_20260623_163953_final,1567,159862,2026-06-23T16:42:33.341521,Pas barometryczny,1072.08,1072.08,true
session_20260623_163953_final,1568,159957,2026-06-23T16:42:33.436120,Pas barometryczny,1071.97,1071.97,true
session_20260623_163953_final,1569,160045,2026-06-23T16:42:33.523930,Pas barometryczny,1071.99,1071.99,true
session_20260623_163953_final,1570,160134,2026-06-23T16:42:33.613744,Pas barometryczny,1071.98,1071.98,true
session_20260623_163953_final,1571,160273,2026-06-23T16:42:33.752326,Pas barometryczny,1071.95,1071.95,true
session_20260623_163953_final,1572,160358,2026-06-23T16:42:33.837104,Pas barometryczny,1072.06,1072.06,true
session_20260623_163953_final,1573,160448,2026-06-23T16:42:33.927564,Pas barometryczny,1072.16,1072.16,true
session_20260623_163953_final,1574,160544,2026-06-23T16:42:34.023794,Pas barometryczny,1072.33,1072.33,true
session_20260623_163953_final,1575,160679,2026-06-23T16:42:34.158626,Pas barometryczny,1073.17,1073.17,true
session_20260623_163953_final,1576,160762,2026-06-23T16:42:34.241305,Pas barometryczny,1074.12,1074.12,true
session_20260623_163953_final,1577,160865,2026-06-23T16:42:34.343845,Pas barometryczny,1074.71,1074.71,true
session_20260623_163953_final,1578,160943,2026-06-23T16:42:34.422110,Pas barometryczny,1075.35,1075.35,true
session_20260623_163953_final,1579,161077,2026-06-23T16:42:34.556073,Pas barometryczny,1075.84,1075.84,true
session_20260623_163953_final,1580,161183,2026-06-23T16:42:34.662100,Pas barometryczny,1076.31,1076.31,true
session_20260623_163953_final,1581,161268,2026-06-23T16:42:34.747578,Pas barometryczny,1076.81,1076.81,true
session_20260623_163953_final,1582,161401,2026-06-23T16:42:34.879919,Pas barometryczny,1077.25,1077.25,true
session_20260623_163953_final,1583,161488,2026-06-23T16:42:34.966989,Pas barometryczny,1077.66,1077.66,true
session_20260623_163953_final,1584,161582,2026-06-23T16:42:35.061271,Pas barometryczny,1077.97,1077.97,true
session_20260623_163953_final,1585,161666,2026-06-23T16:42:35.145808,Pas barometryczny,1078.34,1078.34,true
session_20260623_163953_final,1586,161799,2026-06-23T16:42:35.278592,Pas barometryczny,1078.61,1078.61,true
session_20260623_163953_final,1587,161902,2026-06-23T16:42:35.381016,Pas barometryczny,1078.96,1078.96,true
session_20260623_163953_final,1588,161977,2026-06-23T16:42:35.456492,Pas barometryczny,1079.38,1079.38,true
session_20260623_163953_final,1589,162067,2026-06-23T16:42:35.545880,Pas barometryczny,1079.73,1079.73,true
session_20260623_163953_final,1590,162203,2026-06-23T16:42:35.682436,Pas barometryczny,1080.49,1080.49,true
session_20260623_163953_final,1591,162298,2026-06-23T16:42:35.776871,Pas barometryczny,1080.81,1080.81,true
session_20260623_163953_final,1592,162389,2026-06-23T16:42:35.868018,Pas barometryczny,1081.11,1081.11,true
session_20260623_163953_final,1593,162493,2026-06-23T16:42:35.972282,Pas barometryczny,1081.46,1081.46,true
session_20260623_163953_final,1594,162619,2026-06-23T16:42:36.098720,Pas barometryczny,1081.88,1081.88,true
session_20260623_163953_final,1595,162705,2026-06-23T16:42:36.184107,Pas barometryczny,1082.30,1082.30,true
session_20260623_163953_final,1596,162790,2026-06-23T16:42:36.269605,Pas barometryczny,1082.57,1082.57,true
session_20260623_163953_final,1597,162943,2026-06-23T16:42:36.422645,Pas barometryczny,1082.84,1082.84,true
session_20260623_163953_final,1598,163024,2026-06-23T16:42:36.503286,Pas barometryczny,1083.00,1083.00,true
session_20260623_163953_final,1599,163104,2026-06-23T16:42:36.582823,Pas barometryczny,1083.24,1083.24,true
session_20260623_163953_final,1600,163208,2026-06-23T16:42:36.687743,Pas barometryczny,1083.45,1083.45,true
session_20260623_163953_final,1601,163329,2026-06-23T16:42:36.808468,Pas barometryczny,1083.42,1083.42,true
session_20260623_163953_final,1602,163418,2026-06-23T16:42:36.897133,Pas barometryczny,1083.44,1083.44,true
session_20260623_163953_final,1603,163513,2026-06-23T16:42:36.992073,Pas barometryczny,1083.59,1083.59,true
session_20260623_163953_final,1604,163598,2026-06-23T16:42:37.077002,Pas barometryczny,1083.73,1083.73,true
session_20260623_163953_final,1605,163735,2026-06-23T16:42:37.214110,Pas barometryczny,1083.88,1083.88,true
session_20260623_163953_final,1606,163823,2026-06-23T16:42:37.302011,Pas barometryczny,1083.99,1083.99,true
session_20260623_163953_final,1607,163925,2026-06-23T16:42:37.404152,Pas barometryczny,1084.21,1084.21,true
session_20260623_163953_final,1608,164002,2026-06-23T16:42:37.480937,Pas barometryczny,1084.33,1084.33,true
session_20260623_163953_final,1609,164137,2026-06-23T16:42:37.616409,Pas barometryczny,1084.32,1084.32,true
session_20260623_163953_final,1610,164241,2026-06-23T16:42:37.720555,Pas barometryczny,1084.29,1084.29,true
session_20260623_163953_final,1611,164328,2026-06-23T16:42:37.807606,Pas barometryczny,1084.15,1084.15,true
session_20260623_163953_final,1612,164411,2026-06-23T16:42:37.890215,Pas barometryczny,1084.14,1084.14,true
session_20260623_163953_final,1613,164542,2026-06-23T16:42:38.021433,Pas barometryczny,1084.11,1084.11,true
session_20260623_163953_final,1614,164635,2026-06-23T16:42:38.113855,Pas barometryczny,1084.21,1084.21,true
session_20260623_163953_final,1615,164723,2026-06-23T16:42:38.201981,Pas barometryczny,1084.25,1084.25,true
session_20260623_163953_final,1616,164863,2026-06-23T16:42:38.341916,Pas barometryczny,1084.03,1084.03,true
session_20260623_163953_final,1617,164950,2026-06-23T16:42:38.429177,Pas barometryczny,1083.82,1083.82,true
session_20260623_163953_final,1618,165038,2026-06-23T16:42:38.517066,Pas barometryczny,1083.47,1083.47,true
session_20260623_163953_final,1619,165128,2026-06-23T16:42:38.606835,Pas barometryczny,1083.45,1083.45,true
session_20260623_163953_final,1620,165271,2026-06-23T16:42:38.750614,Pas barometryczny,1083.47,1083.47,true
session_20260623_163953_final,1621,165354,2026-06-23T16:42:38.832878,Pas barometryczny,1083.01,1083.01,true
session_20260623_163953_final,1622,165442,2026-06-23T16:42:38.921499,Pas barometryczny,1082.61,1082.61,true
session_20260623_163953_final,1623,165549,2026-06-23T16:42:39.028488,Pas barometryczny,1082.13,1082.13,true
session_20260623_163953_final,1624,165686,2026-06-23T16:42:39.164981,Pas barometryczny,1081.80,1081.80,true
session_20260623_163953_final,1625,165768,2026-06-23T16:42:39.246859,Pas barometryczny,1081.39,1081.39,true
session_20260623_163953_final,1626,165870,2026-06-23T16:42:39.349345,Pas barometryczny,1080.99,1080.99,true
session_20260623_163953_final,1627,165943,2026-06-23T16:42:39.421911,Pas barometryczny,1080.67,1080.67,true
session_20260623_163953_final,1628,166084,2026-06-23T16:42:39.563029,Pas barometryczny,1080.32,1080.32,true
session_20260623_163953_final,1629,166163,2026-06-23T16:42:39.642291,Pas barometryczny,1080.00,1080.00,true
session_20260623_163953_final,1630,166257,2026-06-23T16:42:39.736077,Pas barometryczny,1079.72,1079.72,true
session_20260623_163953_final,1631,166402,2026-06-23T16:42:39.881789,Pas barometryczny,1079.38,1079.38,true
session_20260623_163953_final,1632,166478,2026-06-23T16:42:39.957228,Pas barometryczny,1079.26,1079.26,true
session_20260623_163953_final,1633,166589,2026-06-23T16:42:40.068593,Pas barometryczny,1078.94,1078.94,true
session_20260623_163953_final,1634,166660,2026-06-23T16:42:40.139726,Pas barometryczny,1078.62,1078.62,true
session_20260623_163953_final,1635,166800,2026-06-23T16:42:40.279065,Pas barometryczny,1078.43,1078.43,true
session_20260623_163953_final,1636,166882,2026-06-23T16:42:40.361606,Pas barometryczny,1078.23,1078.23,true
session_20260623_163953_final,1637,166987,2026-06-23T16:42:40.466768,Pas barometryczny,1078.03,1078.03,true
session_20260623_163953_final,1638,167063,2026-06-23T16:42:40.542171,Pas barometryczny,1077.87,1077.87,true
session_20260623_163953_final,1639,167201,2026-06-23T16:42:40.680272,Pas barometryczny,1077.77,1077.77,true
session_20260623_163953_final,1640,167307,2026-06-23T16:42:40.785953,Pas barometryczny,1077.54,1077.54,true
session_20260623_163953_final,1641,167388,2026-06-23T16:42:40.867218,Pas barometryczny,1077.26,1077.26,true
session_20260623_163953_final,1642,167470,2026-06-23T16:42:40.948830,Pas barometryczny,1076.91,1076.91,true
session_20260623_163953_final,1643,167623,2026-06-23T16:42:41.102106,Pas barometryczny,1076.76,1076.76,true
session_20260623_163953_final,1644,167704,2026-06-23T16:42:41.183581,Pas barometryczny,1076.62,1076.62,true
session_20260623_163953_final,1645,167782,2026-06-23T16:42:41.261811,Pas barometryczny,1076.48,1076.48,true
session_20260623_163953_final,1646,167918,2026-06-23T16:42:41.397450,Pas barometryczny,1076.38,1076.38,true
session_20260623_163953_final,1647,168010,2026-06-23T16:42:41.489135,Pas barometryczny,1076.27,1076.27,true
session_20260623_163953_final,1648,168101,2026-06-23T16:42:41.580024,Pas barometryczny,1076.08,1076.08,true
session_20260623_163953_final,1649,168191,2026-06-23T16:42:41.670424,Pas barometryczny,1075.89,1075.89,true
session_20260623_163953_final,1650,168327,2026-06-23T16:42:41.806789,Pas barometryczny,1075.43,1075.43,true
session_20260623_163953_final,1651,168413,2026-06-23T16:42:41.892334,Pas barometryczny,1075.24,1075.24,true
session_20260623_163953_final,1652,168504,2026-06-23T16:42:41.983292,Pas barometryczny,1074.84,1074.84,true
session_20260623_163953_final,1653,168606,2026-06-23T16:42:42.085391,Pas barometryczny,1074.61,1074.61,true
session_20260623_163953_final,1654,168728,2026-06-23T16:42:42.207224,Pas barometryczny,1074.40,1074.40,true
session_20260623_163953_final,1655,168818,2026-06-23T16:42:42.297385,Pas barometryczny,1074.17,1074.17,true
session_20260623_163953_final,1656,168917,2026-06-23T16:42:42.396570,Pas barometryczny,1074.03,1074.03,true
session_20260623_163953_final,1657,169005,2026-06-23T16:42:42.484706,Pas barometryczny,1073.75,1073.75,true
session_20260623_163953_final,1658,169138,2026-06-23T16:42:42.617462,Pas barometryczny,1073.46,1073.46,true
session_20260623_163953_final,1659,169223,2026-06-23T16:42:42.702051,Pas barometryczny,1073.34,1073.34,true
session_20260623_163953_final,1660,169313,2026-06-23T16:42:42.792389,Pas barometryczny,1073.21,1073.21,true
session_20260623_163953_final,1661,169459,2026-06-23T16:42:42.938194,Pas barometryczny,1073.15,1073.15,true
session_20260623_163953_final,1662,169539,2026-06-23T16:42:43.017892,Pas barometryczny,1073.09,1073.09,true
session_20260623_163953_final,1663,169632,2026-06-23T16:42:43.110819,Pas barometryczny,1073.00,1073.00,true
session_20260623_163953_final,1664,169718,2026-06-23T16:42:43.197715,Pas barometryczny,1073.10,1073.10,true
session_20260623_163953_final,1665,169853,2026-06-23T16:42:43.332254,Pas barometryczny,1073.17,1073.17,true
session_20260623_163953_final,1666,169954,2026-06-23T16:42:43.433551,Pas barometryczny,1073.37,1073.37,true
session_20260623_163953_final,1667,170032,2026-06-23T16:42:43.511553,Pas barometryczny,1073.68,1073.68,true
session_20260623_163953_final,1668,170123,2026-06-23T16:42:43.602280,Pas barometryczny,1074.01,1074.01,true
session_20260623_163953_final,1669,170259,2026-06-23T16:42:43.738023,Pas barometryczny,1074.36,1074.36,true
session_20260623_163953_final,1670,170363,2026-06-23T16:42:43.842339,Pas barometryczny,1074.74,1074.74,true
session_20260623_163953_final,1671,170497,2026-06-23T16:42:43.976336,Pas barometryczny,1075.13,1075.13,true
session_20260623_163953_final,1672,170538,2026-06-23T16:42:44.017624,Pas barometryczny,1075.50,1075.50,true
session_20260623_163953_final,1673,170681,2026-06-23T16:42:44.160719,Pas barometryczny,1075.84,1075.84,true
session_20260623_163953_final,1674,170765,2026-06-23T16:42:44.243874,Pas barometryczny,1076.20,1076.20,true
session_20260623_163953_final,1675,170843,2026-06-23T16:42:44.322799,Pas barometryczny,1076.54,1076.54,true
session_20260623_163953_final,1676,170981,2026-06-23T16:42:44.460468,Pas barometryczny,1076.92,1076.92,true
session_20260623_163953_final,1677,171076,2026-06-23T16:42:44.554981,Pas barometryczny,1077.28,1077.28,true
session_20260623_163953_final,1678,171159,2026-06-23T16:42:44.637900,Pas barometryczny,1077.51,1077.51,true
session_20260623_163953_final,1679,171252,2026-06-23T16:42:44.731192,Pas barometryczny,1077.79,1077.79,true
session_20260623_163953_final,1680,171400,2026-06-23T16:42:44.879404,Pas barometryczny,1078.02,1078.02,true
session_20260623_163953_final,1681,171475,2026-06-23T16:42:44.953827,Pas barometryczny,1078.37,1078.37,true
session_20260623_163953_final,1682,171566,2026-06-23T16:42:45.045134,Pas barometryczny,1079.06,1079.06,true
session_20260623_163953_final,1683,171666,2026-06-23T16:42:45.145100,Pas barometryczny,1079.33,1079.33,true
session_20260623_163953_final,1684,171796,2026-06-23T16:42:45.274948,Pas barometryczny,1079.70,1079.70,true
session_20260623_163953_final,1685,171879,2026-06-23T16:42:45.357868,Pas barometryczny,1079.87,1079.87,true
session_20260623_163953_final,1686,171983,2026-06-23T16:42:45.462417,Pas barometryczny,1079.98,1079.98,true
session_20260623_163953_final,1687,172067,2026-06-23T16:42:45.546230,Pas barometryczny,1080.12,1080.12,true
session_20260623_163953_final,1688,172201,2026-06-23T16:42:45.680135,Pas barometryczny,1080.39,1080.39,true
session_20260623_163953_final,1689,172284,2026-06-23T16:42:45.762837,Pas barometryczny,1080.70,1080.70,true
session_20260623_163953_final,1690,172384,2026-06-23T16:42:45.862986,Pas barometryczny,1080.93,1080.93,true
session_20260623_163953_final,1691,172519,2026-06-23T16:42:45.998261,Pas barometryczny,1081.08,1081.08,true
session_20260623_163953_final,1692,172602,2026-06-23T16:42:46.080910,Pas barometryczny,1081.17,1081.17,true
session_20260623_163953_final,1693,172702,2026-06-23T16:42:46.181479,Pas barometryczny,1081.47,1081.47,true
session_20260623_163953_final,1694,172777,2026-06-23T16:42:46.256243,Pas barometryczny,1081.83,1081.83,true
session_20260623_163953_final,1695,172912,2026-06-23T16:42:46.391217,Pas barometryczny,1082.14,1082.14,true
session_20260623_163953_final,1696,173021,2026-06-23T16:42:46.500699,Pas barometryczny,1082.37,1082.37,true
session_20260623_163953_final,1697,173096,2026-06-23T16:42:46.575722,Pas barometryczny,1082.64,1082.64,true
session_20260623_163953_final,1698,173182,2026-06-23T16:42:46.661813,Pas barometryczny,1082.85,1082.85,true
session_20260623_163953_final,1699,173317,2026-06-23T16:42:46.796785,Pas barometryczny,1083.00,1083.00,true
session_20260623_163953_final,1700,173416,2026-06-23T16:42:46.894834,Pas barometryczny,1083.16,1083.16,true
session_20260623_163953_final,1701,173503,2026-06-23T16:42:46.982772,Pas barometryczny,1083.35,1083.35,true
session_20260623_163953_final,1702,173608,2026-06-23T16:42:47.087355,Pas barometryczny,1083.53,1083.53,true
session_20260623_163953_final,1703,173741,2026-06-23T16:42:47.220400,Pas barometryczny,1083.49,1083.49,true
session_20260623_163953_final,1704,173814,2026-06-23T16:42:47.293514,Pas barometryczny,1083.62,1083.62,true
session_20260623_163953_final,1705,173904,2026-06-23T16:42:47.383270,Pas barometryczny,1083.73,1083.73,true
session_20260623_163953_final,1706,174045,2026-06-23T16:42:47.524567,Pas barometryczny,1083.94,1083.94,true
session_20260623_163953_final,1707,174141,2026-06-23T16:42:47.620575,Pas barometryczny,1084.12,1084.12,true
session_20260623_163953_final,1708,174220,2026-06-23T16:42:47.699023,Pas barometryczny,1084.32,1084.32,true
session_20260623_163953_final,1709,174325,2026-06-23T16:42:47.803842,Pas barometryczny,1084.55,1084.55,true
session_20260623_163953_final,1710,174451,2026-06-23T16:42:47.930164,Pas barometryczny,1084.61,1084.61,true
session_20260623_163953_final,1711,174534,2026-06-23T16:42:48.013006,Pas barometryczny,1084.68,1084.68,true
session_20260623_163953_final,1712,174624,2026-06-23T16:42:48.102938,Pas barometryczny,1084.67,1084.67,true
session_20260623_163953_final,1713,174727,2026-06-23T16:42:48.205888,Pas barometryczny,1084.47,1084.47,true
session_20260623_163953_final,1714,174852,2026-06-23T16:42:48.331543,Pas barometryczny,1084.25,1084.25,true
session_20260623_163953_final,1715,174939,2026-06-23T16:42:48.418434,Pas barometryczny,1084.07,1084.07,true
session_20260623_163953_final,1716,175031,2026-06-23T16:42:48.509916,Pas barometryczny,1083.91,1083.91,true
session_20260623_163953_final,1717,175130,2026-06-23T16:42:48.609776,Pas barometryczny,1083.57,1083.57,true
session_20260623_163953_final,1718,175253,2026-06-23T16:42:48.732386,Pas barometryczny,1083.43,1083.43,true
session_20260623_163953_final,1719,175360,2026-06-23T16:42:48.838924,Pas barometryczny,1083.17,1083.17,true
session_20260623_163953_final,1720,175443,2026-06-23T16:42:48.922652,Pas barometryczny,1083.00,1083.00,true
session_20260623_163953_final,1721,175582,2026-06-23T16:42:49.061623,Pas barometryczny,1082.82,1082.82,true
session_20260623_163953_final,1722,175658,2026-06-23T16:42:49.137355,Pas barometryczny,1082.52,1082.52,true
session_20260623_163953_final,1723,175748,2026-06-23T16:42:49.227486,Pas barometryczny,1082.24,1082.24,true
session_20260623_163953_final,1724,175841,2026-06-23T16:42:49.320689,Pas barometryczny,1082.01,1082.01,true
session_20260623_163953_final,1725,175976,2026-06-23T16:42:49.455401,Pas barometryczny,1081.62,1081.62,true
session_20260623_163953_final,1726,176073,2026-06-23T16:42:49.552071,Pas barometryczny,1081.31,1081.31,true
session_20260623_163953_final,1727,176156,2026-06-23T16:42:49.634953,Pas barometryczny,1080.92,1080.92,true
session_20260623_163953_final,1728,176244,2026-06-23T16:42:49.723107,Pas barometryczny,1080.57,1080.57,true
session_20260623_163953_final,1729,176379,2026-06-23T16:42:49.858483,Pas barometryczny,1080.29,1080.29,true
session_20260623_163953_final,1730,176471,2026-06-23T16:42:49.950726,Pas barometryczny,1080.03,1080.03,true
session_20260623_163953_final,1731,176558,2026-06-23T16:42:50.036912,Pas barometryczny,1079.82,1079.82,true
session_20260623_163953_final,1732,176663,2026-06-23T16:42:50.142800,Pas barometryczny,1079.56,1079.56,true
session_20260623_163953_final,1733,176798,2026-06-23T16:42:50.277091,Pas barometryczny,1079.29,1079.29,true
session_20260623_163953_final,1734,176880,2026-06-23T16:42:50.359195,Pas barometryczny,1079.02,1079.02,true
session_20260623_163953_final,1735,176963,2026-06-23T16:42:50.442682,Pas barometryczny,1078.78,1078.78,true
session_20260623_163953_final,1736,177117,2026-06-23T16:42:50.596714,Pas barometryczny,1078.47,1078.47,true
session_20260623_163953_final,1737,177191,2026-06-23T16:42:50.670009,Pas barometryczny,1078.22,1078.22,true
session_20260623_163953_final,1738,177279,2026-06-23T16:42:50.758719,Pas barometryczny,1078.01,1078.01,true
session_20260623_163953_final,1739,177372,2026-06-23T16:42:50.851717,Pas barometryczny,1077.85,1077.85,true
session_20260623_163953_final,1740,177518,2026-06-23T16:42:50.997717,Pas barometryczny,1077.70,1077.70,true
session_20260623_163953_final,1741,177600,2026-06-23T16:42:51.078956,Pas barometryczny,1077.57,1077.57,true
session_20260623_163953_final,1742,177688,2026-06-23T16:42:51.167458,Pas barometryczny,1077.27,1077.27,true
session_20260623_163953_final,1743,177774,2026-06-23T16:42:51.252874,Pas barometryczny,1076.74,1076.74,true
session_20260623_163953_final,1744,177918,2026-06-23T16:42:51.397538,Pas barometryczny,1076.44,1076.44,true
session_20260623_163953_final,1745,177997,2026-06-23T16:42:51.476349,Pas barometryczny,1076.28,1076.28,true
session_20260623_163953_final,1746,178108,2026-06-23T16:42:51.587135,Pas barometryczny,1076.14,1076.14,true
session_20260623_163953_final,1747,178190,2026-06-23T16:42:51.669595,Pas barometryczny,1075.80,1075.80,true
session_20260623_163953_final,1748,178317,2026-06-23T16:42:51.796503,Pas barometryczny,1075.61,1075.61,true
session_20260623_163953_final,1749,178421,2026-06-23T16:42:51.900131,Pas barometryczny,1075.40,1075.40,true
session_20260623_163953_final,1750,178499,2026-06-23T16:42:51.977851,Pas barometryczny,1075.26,1075.26,true
session_20260623_163953_final,1751,178640,2026-06-23T16:42:52.119457,Pas barometryczny,1074.96,1074.96,true
session_20260623_163953_final,1752,178718,2026-06-23T16:42:52.197493,Pas barometryczny,1074.73,1074.73,true
session_20260623_163953_final,1753,178822,2026-06-23T16:42:52.301713,Pas barometryczny,1074.52,1074.52,true
session_20260623_163953_final,1754,178897,2026-06-23T16:42:52.376473,Pas barometryczny,1074.32,1074.32,true
session_20260623_163953_final,1755,179039,2026-06-23T16:42:52.517989,Pas barometryczny,1074.11,1074.11,true
session_20260623_163953_final,1756,179131,2026-06-23T16:42:52.610773,Pas barometryczny,1073.97,1073.97,true
session_20260623_163953_final,1757,179219,2026-06-23T16:42:52.698759,Pas barometryczny,1073.85,1073.85,true
session_20260623_163953_final,1758,179304,2026-06-23T16:42:52.783732,Pas barometryczny,1073.69,1073.69,true
session_20260623_163953_final,1759,179444,2026-06-23T16:42:52.922856,Pas barometryczny,1073.49,1073.49,true
session_20260623_163953_final,1760,179536,2026-06-23T16:42:53.014999,Pas barometryczny,1073.38,1073.38,true
session_20260623_163953_final,1761,179621,2026-06-23T16:42:53.100260,Pas barometryczny,1073.28,1073.28,true
session_20260623_163953_final,1762,179726,2026-06-23T16:42:53.205017,Pas barometryczny,1073.15,1073.15,true
session_20260623_163953_final,1763,179853,2026-06-23T16:42:53.332254,Pas barometryczny,1073.08,1073.08,true
session_20260623_163953_final,1764,179940,2026-06-23T16:42:53.419661,Pas barometryczny,1073.00,1073.00,true
session_20260623_163953_final,1765,180030,2026-06-23T16:42:53.509520,Pas barometryczny,1073.02,1073.02,true
session_20260623_163953_final,1766,180173,2026-06-23T16:42:53.652431,Pas barometryczny,1073.01,1073.01,true
session_20260623_163953_final,1767,180255,2026-06-23T16:42:53.734683,Pas barometryczny,1073.19,1073.19,true
session_20260623_163953_final,1768,180338,2026-06-23T16:42:53.817738,Pas barometryczny,1073.43,1073.43,true
session_20260623_163953_final,1769,180434,2026-06-23T16:42:53.912993,Pas barometryczny,1073.87,1073.87,true
session_20260623_163953_final,1770,180573,2026-06-23T16:42:54.052177,Pas barometryczny,1074.43,1074.43,true
session_20260623_163953_final,1771,180655,2026-06-23T16:42:54.134666,Pas barometryczny,1074.89,1074.89,true
session_20260623_163953_final,1772,180758,2026-06-23T16:42:54.237648,Pas barometryczny,1075.35,1075.35,true
session_20260623_163953_final,1773,180842,2026-06-23T16:42:54.321129,Pas barometryczny,1075.59,1075.59,true
session_20260623_163953_final,1774,180970,2026-06-23T16:42:54.449709,Pas barometryczny,1076.47,1076.47,true
session_20260623_163953_final,1775,181059,2026-06-23T16:42:54.538669,Pas barometryczny,1076.85,1076.85,true
session_20260623_163953_final,1776,181148,2026-06-23T16:42:54.627688,Pas barometryczny,1077.25,1077.25,true
session_20260623_163953_final,1777,181245,2026-06-23T16:42:54.724495,Pas barometryczny,1077.58,1077.58,true
session_20260623_163953_final,1778,181374,2026-06-23T16:42:54.852947,Pas barometryczny,1077.88,1077.88,true
session_20260623_163953_final,1779,181481,2026-06-23T16:42:54.959947,Pas barometryczny,1078.14,1078.14,true
session_20260623_163953_final,1780,181564,2026-06-23T16:42:55.043391,Pas barometryczny,1078.53,1078.53,true
session_20260623_163953_final,1781,181694,2026-06-23T16:42:55.173636,Pas barometryczny,1078.88,1078.88,true
session_20260623_163953_final,1782,181787,2026-06-23T16:42:55.266456,Pas barometryczny,1079.30,1079.30,true
session_20260623_163953_final,1783,181881,2026-06-23T16:42:55.359872,Pas barometryczny,1079.60,1079.60,true
session_20260623_163953_final,1784,181958,2026-06-23T16:42:55.437595,Pas barometryczny,1079.96,1079.96,true
session_20260623_163953_final,1785,182093,2026-06-23T16:42:55.572510,Pas barometryczny,1080.12,1080.12,true
session_20260623_163953_final,1786,182191,2026-06-23T16:42:55.669862,Pas barometryczny,1080.34,1080.34,true
session_20260623_163953_final,1787,182274,2026-06-23T16:42:55.752987,Pas barometryczny,1080.62,1080.62,true
session_20260623_163953_final,1788,182364,2026-06-23T16:42:55.842927,Pas barometryczny,1080.92,1080.92,true
session_20260623_163953_final,1789,182507,2026-06-23T16:42:55.986463,Pas barometryczny,1081.25,1081.25,true
session_20260623_163953_final,1790,182588,2026-06-23T16:42:56.066962,Pas barometryczny,1081.52,1081.52,true
session_20260623_163953_final,1791,182679,2026-06-23T16:42:56.158643,Pas barometryczny,1081.70,1081.70,true
session_20260623_163953_final,1792,182781,2026-06-23T16:42:56.260433,Pas barometryczny,1081.82,1081.82,true
session_20260623_163953_final,1793,182921,2026-06-23T16:42:56.399857,Pas barometryczny,1082.01,1082.01,true
session_20260623_163953_final,1794,183003,2026-06-23T16:42:56.482139,Pas barometryczny,1082.27,1082.27,true
session_20260623_163953_final,1795,183098,2026-06-23T16:42:56.577713,Pas barometryczny,1082.55,1082.55,true
session_20260623_163953_final,1796,183235,2026-06-23T16:42:56.713941,Pas barometryczny,1082.69,1082.69,true
session_20260623_163953_final,1797,183317,2026-06-23T16:42:56.795979,Pas barometryczny,1082.86,1082.86,true
session_20260623_163953_final,1798,183397,2026-06-23T16:42:56.876746,Pas barometryczny,1082.87,1082.87,true
session_20260623_163953_final,1799,183490,2026-06-23T16:42:56.968819,Pas barometryczny,1082.98,1082.98,true
session_20260623_163953_final,1800,183636,2026-06-23T16:42:57.115660,Pas barometryczny,1083.20,1083.20,true
session_20260623_163953_final,1801,183718,2026-06-23T16:42:57.197075,Pas barometryczny,1083.40,1083.40,true
session_20260623_163953_final,1802,183813,2026-06-23T16:42:57.292443,Pas barometryczny,1083.56,1083.56,true
session_20260623_163953_final,1803,183894,2026-06-23T16:42:57.373029,Pas barometryczny,1083.72,1083.72,true
session_20260623_163953_final,1804,184037,2026-06-23T16:42:57.515997,Pas barometryczny,1083.93,1083.93,true
session_20260623_163953_final,1805,184118,2026-06-23T16:42:57.597381,Pas barometryczny,1084.12,1084.12,true
session_20260623_163953_final,1806,184217,2026-06-23T16:42:57.696252,Pas barometryczny,1084.25,1084.25,true
session_20260623_163953_final,1807,184298,2026-06-23T16:42:57.777394,Pas barometryczny,1084.18,1084.18,true
session_20260623_163953_final,1808,184438,2026-06-23T16:42:57.916922,Pas barometryczny,1083.97,1083.97,true
session_20260623_163953_final,1809,184539,2026-06-23T16:42:58.018437,Pas barometryczny,1083.84,1083.84,true
session_20260623_163953_final,1810,184622,2026-06-23T16:42:58.101130,Pas barometryczny,1083.56,1083.56,true
session_20260623_163953_final,1811,184752,2026-06-23T16:42:58.231078,Pas barometryczny,1083.32,1083.32,true
session_20260623_163953_final,1812,184845,2026-06-23T16:42:58.324687,Pas barometryczny,1083.16,1083.16,true
session_20260623_163953_final,1813,184943,2026-06-23T16:42:58.422318,Pas barometryczny,1082.95,1082.95,true
session_20260623_163953_final,1814,185022,2026-06-23T16:42:58.501716,Pas barometryczny,1082.70,1082.70,true
session_20260623_163953_final,1815,185152,2026-06-23T16:42:58.631676,Pas barometryczny,1082.64,1082.64,true
session_20260623_163953_final,1816,185257,2026-06-23T16:42:58.736574,Pas barometryczny,1082.61,1082.61,true
session_20260623_163953_final,1817,185336,2026-06-23T16:42:58.815226,Pas barometryczny,1082.62,1082.62,true
session_20260623_163953_final,1818,185440,2026-06-23T16:42:58.918933,Pas barometryczny,1082.39,1082.39,true
session_20260623_163953_final,1819,185563,2026-06-23T16:42:59.041939,Pas barometryczny,1082.15,1082.15,true
session_20260623_163953_final,1820,185655,2026-06-23T16:42:59.134013,Pas barometryczny,1081.79,1081.79,true
session_20260623_163953_final,1821,185744,2026-06-23T16:42:59.223038,Pas barometryczny,1081.50,1081.50,true
session_20260623_163953_final,1822,185837,2026-06-23T16:42:59.315859,Pas barometryczny,1081.11,1081.11,true
session_20260623_163953_final,1823,185964,2026-06-23T16:42:59.443797,Pas barometryczny,1080.82,1080.82,true
session_20260623_163953_final,1824,186054,2026-06-23T16:42:59.533102,Pas barometryczny,1080.47,1080.47,true
session_20260623_163953_final,1825,186159,2026-06-23T16:42:59.638260,Pas barometryczny,1080.16,1080.16,true
session_20260623_163953_final,1826,186286,2026-06-23T16:42:59.765268,Pas barometryczny,1079.84,1079.84,true
session_20260623_163953_final,1827,186377,2026-06-23T16:42:59.855844,Pas barometryczny,1079.64,1079.64,true
session_20260623_163953_final,1828,186458,2026-06-23T16:42:59.937159,Pas barometryczny,1079.43,1079.43,true
session_20260623_163953_final,1829,186609,2026-06-23T16:43:00.088091,Pas barometryczny,1079.18,1079.18,true
session_20260623_163953_final,1830,186693,2026-06-23T16:43:00.172409,Pas barometryczny,1079.03,1079.03,true
session_20260623_163953_final,1831,186773,2026-06-23T16:43:00.252381,Pas barometryczny,1078.87,1078.87,true
session_20260623_163953_final,1832,186866,2026-06-23T16:43:00.345200,Pas barometryczny,1078.57,1078.57,true
session_20260623_163953_final,1833,186960,2026-06-23T16:43:00.439297,Pas barometryczny,1078.45,1078.45,true
session_20260623_163953_final,1834,187089,2026-06-23T16:43:00.567971,Pas barometryczny,1078.12,1078.12,true
session_20260623_163953_final,1835,187182,2026-06-23T16:43:00.661110,Pas barometryczny,1077.68,1077.68,true
session_20260623_163953_final,1836,187269,2026-06-23T16:43:00.748152,Pas barometryczny,1077.47,1077.47,true
session_20260623_163953_final,1837,187359,2026-06-23T16:43:00.838561,Pas barometryczny,1077.32,1077.32,true
session_20260623_163953_final,1838,187496,2026-06-23T16:43:00.974842,Pas barometryczny,1077.21,1077.21,true
session_20260623_163953_final,1839,187585,2026-06-23T16:43:01.064181,Pas barometryczny,1077.07,1077.07,true
session_20260623_163953_final,1840,187672,2026-06-23T16:43:01.151330,Pas barometryczny,1076.94,1076.94,true
session_20260623_163953_final,1841,187808,2026-06-23T16:43:01.287809,Pas barometryczny,1076.76,1076.76,true
session_20260623_163953_final,1842,187916,2026-06-23T16:43:01.394969,Pas barometryczny,1076.56,1076.56,true
session_20260623_163953_final,1843,187997,2026-06-23T16:43:01.476063,Pas barometryczny,1076.37,1076.37,true
session_20260623_163953_final,1844,188078,2026-06-23T16:43:01.557479,Pas barometryczny,1076.24,1076.24,true
session_20260623_163953_final,1845,188218,2026-06-23T16:43:01.697392,Pas barometryczny,1075.82,1075.82,true
session_20260623_163953_final,1846,188316,2026-06-23T16:43:01.795683,Pas barometryczny,1075.39,1075.39,true
session_20260623_163953_final,1847,188393,2026-06-23T16:43:01.872456,Pas barometryczny,1075.15,1075.15,true
session_20260623_163953_final,1848,188488,2026-06-23T16:43:01.967209,Pas barometryczny,1074.95,1074.95,true
session_20260623_163953_final,1849,188637,2026-06-23T16:43:02.116095,Pas barometryczny,1074.67,1074.67,true
session_20260623_163953_final,1850,188709,2026-06-23T16:43:02.187943,Pas barometryczny,1074.32,1074.32,true
session_20260623_163953_final,1851,188805,2026-06-23T16:43:02.284526,Pas barometryczny,1074.14,1074.14,true
session_20260623_163953_final,1852,188889,2026-06-23T16:43:02.368414,Pas barometryczny,1074.05,1074.05,true
session_20260623_163953_final,1853,189033,2026-06-23T16:43:02.512581,Pas barometryczny,1073.98,1073.98,true
session_20260623_163953_final,1854,189115,2026-06-23T16:43:02.594392,Pas barometryczny,1073.92,1073.92,true
session_20260623_163953_final,1855,189218,2026-06-23T16:43:02.697732,Pas barometryczny,1073.89,1073.89,true
session_20260623_163953_final,1856,189358,2026-06-23T16:43:02.837225,Pas barometryczny,1073.72,1073.72,true
session_20260623_163953_final,1857,189428,2026-06-23T16:43:02.906926,Pas barometryczny,1073.56,1073.56,true
session_20260623_163953_final,1858,189519,2026-06-23T16:43:02.998054,Pas barometryczny,1073.38,1073.38,true
session_20260623_163953_final,1859,189620,2026-06-23T16:43:03.098858,Pas barometryczny,1073.26,1073.26,true
session_20260623_163953_final,1860,189755,2026-06-23T16:43:03.234311,Pas barometryczny,1073.08,1073.08,true
session_20260623_163953_final,1861,189832,2026-06-23T16:43:03.311054,Pas barometryczny,1072.93,1072.93,true
session_20260623_163953_final,1862,189938,2026-06-23T16:43:03.417629,Pas barometryczny,1072.78,1072.78,true
session_20260623_163953_final,1863,190014,2026-06-23T16:43:03.493595,Pas barometryczny,1072.62,1072.62,true
session_20260623_163953_final,1864,190154,2026-06-23T16:43:03.633637,Pas barometryczny,1072.55,1072.55,true
session_20260623_163953_final,1865,190255,2026-06-23T16:43:03.734180,Pas barometryczny,1072.39,1072.39,true
session_20260623_163953_final,1866,190330,2026-06-23T16:43:03.809715,Pas barometryczny,1072.59,1072.59,true
session_20260623_163953_final,1867,190422,2026-06-23T16:43:03.901046,Pas barometryczny,1073.01,1073.01,true
session_20260623_163953_final,1868,190554,2026-06-23T16:43:04.033413,Pas barometryczny,1073.47,1073.47,true
session_20260623_163953_final,1869,190649,2026-06-23T16:43:04.128257,Pas barometryczny,1073.83,1073.83,true
session_20260623_163953_final,1870,190733,2026-06-23T16:43:04.211975,Pas barometryczny,1074.30,1074.30,true
session_20260623_163953_final,1871,190878,2026-06-23T16:43:04.357501,Pas barometryczny,1074.73,1074.73,true
session_20260623_163953_final,1872,190974,2026-06-23T16:43:04.453072,Pas barometryczny,1075.13,1075.13,true
session_20260623_163953_final,1873,191049,2026-06-23T16:43:04.528035,Pas barometryczny,1075.51,1075.51,true
session_20260623_163953_final,1874,191142,2026-06-23T16:43:04.621171,Pas barometryczny,1075.86,1075.86,true
session_20260623_163953_final,1875,191273,2026-06-23T16:43:04.752400,Pas barometryczny,1076.20,1076.20,true
session_20260623_163953_final,1876,191372,2026-06-23T16:43:04.851561,Pas barometryczny,1076.44,1076.44,true
session_20260623_163953_final,1877,191458,2026-06-23T16:43:04.937172,Pas barometryczny,1076.81,1076.81,true
session_20260623_163953_final,1878,191552,2026-06-23T16:43:05.031652,Pas barometryczny,1077.06,1077.06,true
session_20260623_163953_final,1879,191694,2026-06-23T16:43:05.173417,Pas barometryczny,1077.32,1077.32,true
session_20260623_163953_final,1880,191769,2026-06-23T16:43:05.248318,Pas barometryczny,1077.73,1077.73,true
session_20260623_163953_final,1881,191863,2026-06-23T16:43:05.342683,Pas barometryczny,1078.15,1078.15,true
session_20260623_163953_final,1882,191956,2026-06-23T16:43:05.434999,Pas barometryczny,1078.53,1078.53,true
session_20260623_163953_final,1883,192084,2026-06-23T16:43:05.562919,Pas barometryczny,1078.89,1078.89,true
session_20260623_163953_final,1884,192173,2026-06-23T16:43:05.652656,Pas barometryczny,1079.18,1079.18,true
session_20260623_163953_final,1885,192276,2026-06-23T16:43:05.755691,Pas barometryczny,1079.49,1079.49,true
session_20260623_163953_final,1886,192399,2026-06-23T16:43:05.878757,Pas barometryczny,1079.81,1079.81,true
session_20260623_163953_final,1887,192489,2026-06-23T16:43:05.967891,Pas barometryczny,1080.16,1080.16,true
session_20260623_163953_final,1888,192596,2026-06-23T16:43:06.075291,Pas barometryczny,1080.62,1080.62,true
session_20260623_163953_final,1889,192680,2026-06-23T16:43:06.159171,Pas barometryczny,1080.94,1080.94,true
session_20260623_163953_final,1890,192812,2026-06-23T16:43:06.291469,Pas barometryczny,1081.29,1081.29,true
session_20260623_163953_final,1891,192893,2026-06-23T16:43:06.372315,Pas barometryczny,1081.52,1081.52,true
session_20260623_163953_final,1892,192997,2026-06-23T16:43:06.476781,Pas barometryczny,1081.83,1081.83,true
session_20260623_163953_final,1893,193074,2026-06-23T16:43:06.553450,Pas barometryczny,1082.17,1082.17,true
session_20260623_163953_final,1894,193208,2026-06-23T16:43:06.687415,Pas barometryczny,1082.54,1082.54,true
session_20260623_163953_final,1895,193302,2026-06-23T16:43:06.781012,Pas barometryczny,1082.76,1082.76,true
session_20260623_163953_final,1896,193392,2026-06-23T16:43:06.871643,Pas barometryczny,1083.25,1083.25,true
session_20260623_163953_final,1897,193479,2026-06-23T16:43:06.958540,Pas barometryczny,1083.45,1083.45,true
session_20260623_163953_final,1898,193614,2026-06-23T16:43:07.093148,Pas barometryczny,1083.66,1083.66,true
session_20260623_163953_final,1899,193704,2026-06-23T16:43:07.183429,Pas barometryczny,1083.88,1083.88,true
session_20260623_163953_final,1900,193796,2026-06-23T16:43:07.275129,Pas barometryczny,1084.12,1084.12,true
session_20260623_163953_final,1901,193932,2026-06-23T16:43:07.411745,Pas barometryczny,1084.11,1084.11,true
session_20260623_163953_final,1902,194035,2026-06-23T16:43:07.514086,Pas barometryczny,1084.03,1084.03,true
session_20260623_163953_final,1903,194119,2026-06-23T16:43:07.598015,Pas barometryczny,1083.70,1083.70,true
session_20260623_163953_final,1904,194198,2026-06-23T16:43:07.677426,Pas barometryczny,1083.51,1083.51,true
session_20260623_163953_final,1905,194347,2026-06-23T16:43:07.826621,Pas barometryczny,1083.57,1083.57,true
session_20260623_163953_final,1906,194432,2026-06-23T16:43:07.911206,Pas barometryczny,1083.68,1083.68,true
session_20260623_163953_final,1907,194513,2026-06-23T16:43:07.992133,Pas barometryczny,1084.16,1084.16,true
session_20260623_163953_final,1908,194606,2026-06-23T16:43:08.085202,Pas barometryczny,1084.43,1084.43,true
session_20260623_163953_final,1909,194751,2026-06-23T16:43:08.230202,Pas barometryczny,1084.25,1084.25,true
session_20260623_163953_final,1910,194840,2026-06-23T16:43:08.318893,Pas barometryczny,1084.33,1084.33,true
session_20260623_163953_final,1911,194932,2026-06-23T16:43:08.411569,Pas barometryczny,1084.40,1084.40,true
session_20260623_163953_final,1912,195008,2026-06-23T16:43:08.487688,Pas barometryczny,1084.16,1084.16,true
session_20260623_163953_final,1913,195152,2026-06-23T16:43:08.631804,Pas barometryczny,1083.85,1083.85,true
session_20260623_163953_final,1914,195235,2026-06-23T16:43:08.714164,Pas barometryczny,1083.68,1083.68,true
session_20260623_163953_final,1915,195332,2026-06-23T16:43:08.811123,Pas barometryczny,1083.46,1083.46,true
session_20260623_163953_final,1916,195470,2026-06-23T16:43:08.949587,Pas barometryczny,1083.16,1083.16,true
session_20260623_163953_final,1917,195548,2026-06-23T16:43:09.027269,Pas barometryczny,1082.82,1082.82,true
session_20260623_163953_final,1918,195656,2026-06-23T16:43:09.135739,Pas barometryczny,1082.30,1082.30,true
session_20260623_163953_final,1919,195739,2026-06-23T16:43:09.218012,Pas barometryczny,1081.92,1081.92,true
session_20260623_163953_final,1920,195874,2026-06-23T16:43:09.352992,Pas barometryczny,1081.36,1081.36,true
session_20260623_163953_final,1921,195953,2026-06-23T16:43:09.432413,Pas barometryczny,1080.92,1080.92,true
session_20260623_163953_final,1922,196042,2026-06-23T16:43:09.521539,Pas barometryczny,1080.53,1080.53,true
session_20260623_163953_final,1923,196140,2026-06-23T16:43:09.618922,Pas barometryczny,1080.17,1080.17,true
session_20260623_163953_final,1924,196272,2026-06-23T16:43:09.751267,Pas barometryczny,1079.85,1079.85,true
session_20260623_163953_final,1925,196375,2026-06-23T16:43:09.854470,Pas barometryczny,1079.54,1079.54,true
session_20260623_163953_final,1926,196450,2026-06-23T16:43:09.929161,Pas barometryczny,1078.95,1078.95,true
session_20260623_163953_final,1927,196539,2026-06-23T16:43:10.017920,Pas barometryczny,1078.76,1078.76,true
session_20260623_163953_final,1928,196690,2026-06-23T16:43:10.169501,Pas barometryczny,1078.43,1078.43,true
session_20260623_163953_final,1929,196763,2026-06-23T16:43:10.242010,Pas barometryczny,1078.06,1078.06,true
session_20260623_163953_final,1930,196852,2026-06-23T16:43:10.330966,Pas barometryczny,1077.84,1077.84,true
session_20260623_163953_final,1931,196988,2026-06-23T16:43:10.467088,Pas barometryczny,1077.67,1077.67,true
session_20260623_163953_final,1932,197093,2026-06-23T16:43:10.572075,Pas barometryczny,1077.51,1077.51,true
session_20260623_163953_final,1933,197169,2026-06-23T16:43:10.648327,Pas barometryczny,1077.37,1077.37,true
session_20260623_163953_final,1934,197262,2026-06-23T16:43:10.740987,Pas barometryczny,1077.19,1077.19,true
session_20260623_163953_final,1935,197406,2026-06-23T16:43:10.885,Pas barometryczny,1077.01,1077.01,true
session_20260623_163953_final,1936,197490,2026-06-23T16:43:10.969102,Pas barometryczny,1076.83,1076.83,true
session_20260623_163953_final,1937,197578,2026-06-23T16:43:11.057524,Pas barometryczny,1076.44,1076.44,true
session_20260623_163953_final,1938,197678,2026-06-23T16:43:11.157125,Pas barometryczny,1076.10,1076.10,true
session_20260623_163953_final,1939,197809,2026-06-23T16:43:11.287912,Pas barometryczny,1075.84,1075.84,true
session_20260623_163953_final,1940,197889,2026-06-23T16:43:11.367867,Pas barometryczny,1075.64,1075.64,true
session_20260623_163953_final,1941,197996,2026-06-23T16:43:11.475252,Pas barometryczny,1075.33,1075.33,true
session_20260623_163953_final,1942,198068,2026-06-23T16:43:11.547430,Pas barometryczny,1075.08,1075.08,true
session_20260623_163953_final,1943,198204,2026-06-23T16:43:11.682815,Pas barometryczny,1074.79,1074.79,true
session_20260623_163953_final,1944,198294,2026-06-23T16:43:11.773797,Pas barometryczny,1074.50,1074.50,true
session_20260623_163953_final,1945,198390,2026-06-23T16:43:11.869162,Pas barometryczny,1074.27,1074.27,true
session_20260623_163953_final,1946,198519,2026-06-23T16:43:11.998012,Pas barometryczny,1073.93,1073.93,true
session_20260623_163953_final,1947,198610,2026-06-23T16:43:12.089196,Pas barometryczny,1073.63,1073.63,true
session_20260623_163953_final,1948,198701,2026-06-23T16:43:12.180771,Pas barometryczny,1073.41,1073.41,true
session_20260623_163953_final,1949,198797,2026-06-23T16:43:12.276658,Pas barometryczny,1073.23,1073.23,true
session_20260623_163953_final,1950,198925,2026-06-23T16:43:12.404304,Pas barometryczny,1073.11,1073.11,true
session_20260623_163953_final,1951,199013,2026-06-23T16:43:12.492375,Pas barometryczny,1073.02,1073.02,true
session_20260623_163953_final,1952,199117,2026-06-23T16:43:12.596029,Pas barometryczny,1072.93,1072.93,true
session_20260623_163953_final,1953,199193,2026-06-23T16:43:12.672788,Pas barometryczny,1072.83,1072.83,true
session_20260623_163953_final,1954,199330,2026-06-23T16:43:12.809099,Pas barometryczny,1072.67,1072.67,true
session_20260623_163953_final,1955,199433,2026-06-23T16:43:12.912520,Pas barometryczny,1072.56,1072.56,true
session_20260623_163953_final,1956,199509,2026-06-23T16:43:12.987914,Pas barometryczny,1072.54,1072.54,true
session_20260623_163953_final,1957,199602,2026-06-23T16:43:13.081540,Pas barometryczny,1072.87,1072.87,true
session_20260623_163953_final,1958,199738,2026-06-23T16:43:13.217074,Pas barometryczny,1073.24,1073.24,true
session_20260623_163953_final,1959,199824,2026-06-23T16:43:13.303194,Pas barometryczny,1073.83,1073.83,true
session_20260623_163953_final,1960,199916,2026-06-23T16:43:13.394888,Pas barometryczny,1074.31,1074.31,true
session_20260623_163953_final,1961,200049,2026-06-23T16:43:13.528156,Pas barometryczny,1074.70,1074.70,true
session_20260623_163953_final,1962,200140,2026-06-23T16:43:13.618959,Pas barometryczny,1074.98,1074.98,true
session_20260623_163953_final,1963,200228,2026-06-23T16:43:13.707665,Pas barometryczny,1075.23,1075.23,true
session_20260623_163953_final,1964,200327,2026-06-23T16:43:13.805990,Pas barometryczny,1075.57,1075.57,true
session_20260623_163953_final,1965,200473,2026-06-23T16:43:13.952793,Pas barometryczny,1076.02,1076.02,true
session_20260623_163953_final,1966,200555,2026-06-23T16:43:14.034730,Pas barometryczny,1076.40,1076.40,true
session_20260623_163953_final,1967,200633,2026-06-23T16:43:14.112242,Pas barometryczny,1076.81,1076.81,true
session_20260623_163953_final,1968,200738,2026-06-23T16:43:14.217602,Pas barometryczny,1077.19,1077.19,true
session_20260623_163953_final,1969,200870,2026-06-23T16:43:14.349734,Pas barometryczny,1077.53,1077.53,true
session_20260623_163953_final,1970,200948,2026-06-23T16:43:14.426933,Pas barometryczny,1077.88,1077.88,true
session_20260623_163953_final,1971,201042,2026-06-23T16:43:14.521169,Pas barometryczny,1078.20,1078.20,true
session_20260623_163953_final,1972,201134,2026-06-23T16:43:14.613193,Pas barometryczny,1078.59,1078.59,true
session_20260623_163953_final,1973,201270,2026-06-23T16:43:14.749530,Pas barometryczny,1079.02,1079.02,true
session_20260623_163953_final,1974,201355,2026-06-23T16:43:14.834075,Pas barometryczny,1079.43,1079.43,true
session_20260623_163953_final,1975,201445,2026-06-23T16:43:14.923842,Pas barometryczny,1079.79,1079.79,true
session_20260623_163953_final,1976,201588,2026-06-23T16:43:15.067146,Pas barometryczny,1080.17,1080.17,true
session_20260623_163953_final,1977,201669,2026-06-23T16:43:15.147934,Pas barometryczny,1080.57,1080.57,true
session_20260623_163953_final,1978,201769,2026-06-23T16:43:15.248612,Pas barometryczny,1080.87,1080.87,true
session_20260623_163953_final,1979,201855,2026-06-23T16:43:15.334581,Pas barometryczny,1081.12,1081.12,true
session_20260623_163953_final,1980,202035,2026-06-23T16:43:15.513894,Pas barometryczny,1081.40,1081.40,true
session_20260623_163953_final,1981,202094,2026-06-23T16:43:15.573616,Pas barometryczny,1081.76,1081.76,true
session_20260623_163953_final,1982,202175,2026-06-23T16:43:15.654237,Pas barometryczny,1082.07,1082.07,true
session_20260623_163953_final,1983,202256,2026-06-23T16:43:15.735688,Pas barometryczny,1082.38,1082.38,true
session_20260623_163953_final,1984,202389,2026-06-23T16:43:15.868635,Pas barometryczny,1082.60,1082.60,true
session_20260623_163953_final,1985,202494,2026-06-23T16:43:15.972965,Pas barometryczny,1082.80,1082.80,true
session_20260623_163953_final,1986,202568,2026-06-23T16:43:16.047788,Pas barometryczny,1082.91,1082.91,true
session_20260623_163953_final,1987,202675,2026-06-23T16:43:16.154592,Pas barometryczny,1083.27,1083.27,true
session_20260623_163953_final,1988,202816,2026-06-23T16:43:16.295078,Pas barometryczny,1083.47,1083.47,true
session_20260623_163953_final,1989,202894,2026-06-23T16:43:16.372920,Pas barometryczny,1083.68,1083.68,true
session_20260623_163953_final,1990,202974,2026-06-23T16:43:16.453040,Pas barometryczny,1083.72,1083.72,true
session_20260623_163953_final,1991,203109,2026-06-23T16:43:16.588523,Pas barometryczny,1083.87,1083.87,true
session_20260623_163953_final,1992,203206,2026-06-23T16:43:16.685210,Pas barometryczny,1083.87,1083.87,true
session_20260623_163953_final,1993,203296,2026-06-23T16:43:16.774936,Pas barometryczny,1084.01,1084.01,true
session_20260623_163953_final,1994,203386,2026-06-23T16:43:16.865357,Pas barometryczny,1084.18,1084.18,true
session_20260623_163953_final,1995,203516,2026-06-23T16:43:16.995094,Pas barometryczny,1084.37,1084.37,true
session_20260623_163953_final,1996,203604,2026-06-23T16:43:17.083275,Pas barometryczny,1084.69,1084.69,true
session_20260623_163953_final,1997,203695,2026-06-23T16:43:17.174610,Pas barometryczny,1084.74,1084.74,true
session_20260623_163953_final,1998,203797,2026-06-23T16:43:17.276265,Pas barometryczny,1084.82,1084.82,true
session_20260623_163953_final,1999,203931,2026-06-23T16:43:17.409952,Pas barometryczny,1084.82,1084.82,true
session_20260623_163953_final,2000,204060,2026-06-23T16:43:17.538867,Pas barometryczny,1084.76,1084.76,true
session_20260623_163953_final,2001,204114,2026-06-23T16:43:17.593007,Pas barometryczny,1084.63,1084.63,true
session_20260623_163953_final,2002,204196,2026-06-23T16:43:17.675034,Pas barometryczny,1084.53,1084.53,true
session_20260623_163953_final,2003,204330,2026-06-23T16:43:17.809039,Pas barometryczny,1084.41,1084.41,true
session_20260623_163953_final,2004,204418,2026-06-23T16:43:17.897477,Pas barometryczny,1084.25,1084.25,true
session_20260623_163953_final,2005,204513,2026-06-23T16:43:17.992253,Pas barometryczny,1083.96,1083.96,true
session_20260623_163953_final,2006,204638,2026-06-23T16:43:18.117078,Pas barometryczny,1083.71,1083.71,true
session_20260623_163953_final,2007,204730,2026-06-23T16:43:18.209795,Pas barometryczny,1083.26,1083.26,true
session_20260623_163953_final,2008,204820,2026-06-23T16:43:18.299107,Pas barometryczny,1082.81,1082.81,true
session_20260623_163953_final,2009,204908,2026-06-23T16:43:18.387072,Pas barometryczny,1082.52,1082.52,true
session_20260623_163953_final,2010,205049,2026-06-23T16:43:18.528669,Pas barometryczny,1082.29,1082.29,true
session_20260623_163953_final,2011,205150,2026-06-23T16:43:18.629053,Pas barometryczny,1082.06,1082.06,true
session_20260623_163953_final,2012,205231,2026-06-23T16:43:18.710195,Pas barometryczny,1081.82,1081.82,true
session_20260623_163953_final,2013,205313,2026-06-23T16:43:18.792229,Pas barometryczny,1081.56,1081.56,true
session_20260623_163953_final,2014,205448,2026-06-23T16:43:18.927576,Pas barometryczny,1081.23,1081.23,true
session_20260623_163953_final,2015,205551,2026-06-23T16:43:19.029835,Pas barometryczny,1080.98,1080.98,true
session_20260623_163953_final,2016,205628,2026-06-23T16:43:19.107342,Pas barometryczny,1080.56,1080.56,true
session_20260623_163953_final,2017,205722,2026-06-23T16:43:19.201628,Pas barometryczny,1080.11,1080.11,true
session_20260623_163953_final,2018,205864,2026-06-23T16:43:19.343746,Pas barometryczny,1079.34,1079.34,true
session_20260623_163953_final,2019,205943,2026-06-23T16:43:19.422528,Pas barometryczny,1079.02,1079.02,true
session_20260623_163953_final,2020,206038,2026-06-23T16:43:19.517709,Pas barometryczny,1078.74,1078.74,true
session_20260623_163953_final,2021,206172,2026-06-23T16:43:19.651324,Pas barometryczny,1078.51,1078.51,true
session_20260623_163953_final,2022,206270,2026-06-23T16:43:19.749420,Pas barometryczny,1078.27,1078.27,true
session_20260623_163953_final,2023,206350,2026-06-23T16:43:19.828971,Pas barometryczny,1077.99,1077.99,true
session_20260623_163953_final,2024,206447,2026-06-23T16:43:19.925836,Pas barometryczny,1077.71,1077.71,true
session_20260623_163953_final,2025,206589,2026-06-23T16:43:20.068634,Pas barometryczny,1077.51,1077.51,true
session_20260623_163953_final,2026,206663,2026-06-23T16:43:20.142078,Pas barometryczny,1077.32,1077.32,true
session_20260623_163953_final,2027,206771,2026-06-23T16:43:20.250603,Pas barometryczny,1077.13,1077.13,true
session_20260623_163953_final,2028,206855,2026-06-23T16:43:20.334335,Pas barometryczny,1076.97,1076.97,true
session_20260623_163953_final,2029,206986,2026-06-23T16:43:20.465613,Pas barometryczny,1076.78,1076.78,true
session_20260623_163953_final,2030,207067,2026-06-23T16:43:20.546411,Pas barometryczny,1076.56,1076.56,true
session_20260623_163953_final,2031,207171,2026-06-23T16:43:20.650244,Pas barometryczny,1076.46,1076.46,true
session_20260623_163953_final,2032,207251,2026-06-23T16:43:20.730043,Pas barometryczny,1076.23,1076.23,true
session_20260623_163953_final,2033,207389,2026-06-23T16:43:20.867976,Pas barometryczny,1075.91,1075.91,true
session_20260623_163953_final,2034,207490,2026-06-23T16:43:20.969442,Pas barometryczny,1075.76,1075.76,true
session_20260623_163953_final,2035,207563,2026-06-23T16:43:21.041899,Pas barometryczny,1075.59,1075.59,true
session_20260623_163953_final,2036,207708,2026-06-23T16:43:21.186959,Pas barometryczny,1075.24,1075.24,true
session_20260623_163953_final,2037,207789,2026-06-23T16:43:21.268610,Pas barometryczny,1074.91,1074.91,true
session_20260623_163953_final,2038,207888,2026-06-23T16:43:21.366952,Pas barometryczny,1074.68,1074.68,true
session_20260623_163953_final,2039,207972,2026-06-23T16:43:21.451683,Pas barometryczny,1074.36,1074.36,true
session_20260623_163953_final,2040,208102,2026-06-23T16:43:21.581421,Pas barometryczny,1074.11,1074.11,true
session_20260623_163953_final,2041,208207,2026-06-23T16:43:21.686673,Pas barometryczny,1073.77,1073.77,true
session_20260623_163953_final,2042,208295,2026-06-23T16:43:21.774619,Pas barometryczny,1073.50,1073.50,true
session_20260623_163953_final,2043,208372,2026-06-23T16:43:21.851794,Pas barometryczny,1073.26,1073.26,true
session_20260623_163953_final,2044,208518,2026-06-23T16:43:21.997758,Pas barometryczny,1073.07,1073.07,true
session_20260623_163953_final,2045,208609,2026-06-23T16:43:22.088785,Pas barometryczny,1073.03,1073.03,true
session_20260623_163953_final,2046,208687,2026-06-23T16:43:22.165928,Pas barometryczny,1072.84,1072.84,true
session_20260623_163953_final,2047,208796,2026-06-23T16:43:22.275539,Pas barometryczny,1072.62,1072.62,true
session_20260623_163953_final,2048,208924,2026-06-23T16:43:22.402855,Pas barometryczny,1072.43,1072.43,true
session_20260623_163953_final,2049,209010,2026-06-23T16:43:22.488817,Pas barometryczny,1072.12,1072.12,true
session_20260623_163953_final,2050,209096,2026-06-23T16:43:22.575592,Pas barometryczny,1072.06,1072.06,true
session_20260623_163953_final,2051,209250,2026-06-23T16:43:22.728867,Pas barometryczny,1072.01,1072.01,true
session_20260623_163953_final,2052,209318,2026-06-23T16:43:22.797315,Pas barometryczny,1072.12,1072.12,true
session_20260623_163953_final,2053,209412,2026-06-23T16:43:22.890958,Pas barometryczny,1072.37,1072.37,true
session_20260623_163953_final,2054,209511,2026-06-23T16:43:22.990724,Pas barometryczny,1072.53,1072.53,true
session_20260623_163953_final,2055,209632,2026-06-23T16:43:23.111620,Pas barometryczny,1072.77,1072.77,true
session_20260623_163953_final,2056,209724,2026-06-23T16:43:23.203691,Pas barometryczny,1073.02,1073.02,true
session_20260623_163953_final,2057,209817,2026-06-23T16:43:23.296456,Pas barometryczny,1073.28,1073.28,true
session_20260623_163953_final,2058,209913,2026-06-23T16:43:23.392411,Pas barometryczny,1073.60,1073.60,true
session_20260623_163953_final,2059,210037,2026-06-23T16:43:23.516785,Pas barometryczny,1073.86,1073.86,true
session_20260623_163953_final,2060,210128,2026-06-23T16:43:23.607685,Pas barometryczny,1074.07,1074.07,true
session_20260623_163953_final,2061,210233,2026-06-23T16:43:23.712124,Pas barometryczny,1074.24,1074.24,true
session_20260623_163953_final,2062,210307,2026-06-23T16:43:23.786752,Pas barometryczny,1074.57,1074.57,true
session_20260623_163953_final,2063,210445,2026-06-23T16:43:23.924591,Pas barometryczny,1074.90,1074.90,true
session_20260623_163953_final,2064,210543,2026-06-23T16:43:24.021838,Pas barometryczny,1075.22,1075.22,true
session_20260623_163953_final,2065,210623,2026-06-23T16:43:24.102341,Pas barometryczny,1075.61,1075.61,true
session_20260623_163953_final,2066,210757,2026-06-23T16:43:24.236276,Pas barometryczny,1076.10,1076.10,true
session_20260623_163953_final,2067,210848,2026-06-23T16:43:24.327370,Pas barometryczny,1076.52,1076.52,true
session_20260623_163953_final,2068,210938,2026-06-23T16:43:24.417806,Pas barometryczny,1076.86,1076.86,true
session_20260623_163953_final,2069,211031,2026-06-23T16:43:24.510607,Pas barometryczny,1077.29,1077.29,true
session_20260623_163953_final,2070,211165,2026-06-23T16:43:24.644103,Pas barometryczny,1077.64,1077.64,true
session_20260623_163953_final,2071,211255,2026-06-23T16:43:24.734055,Pas barometryczny,1077.97,1077.97,true
session_20260623_163953_final,2072,211346,2026-06-23T16:43:24.825620,Pas barometryczny,1078.41,1078.41,true
session_20260623_163953_final,2073,211433,2026-06-23T16:43:24.911872,Pas barometryczny,1078.77,1078.77,true
session_20260623_163953_final,2074,211573,2026-06-23T16:43:25.052028,Pas barometryczny,1079.23,1079.23,true
session_20260623_163953_final,2075,211665,2026-06-23T16:43:25.144734,Pas barometryczny,1079.56,1079.56,true
session_20260623_163953_final,2076,211749,2026-06-23T16:43:25.227904,Pas barometryczny,1079.94,1079.94,true
session_20260623_163953_final,2077,211854,2026-06-23T16:43:25.333245,Pas barometryczny,1080.20,1080.20,true
session_20260623_163953_final,2078,211990,2026-06-23T16:43:25.469188,Pas barometryczny,1080.45,1080.45,true
session_20260623_163953_final,2079,212071,2026-06-23T16:43:25.550416,Pas barometryczny,1081.10,1081.10,true
session_20260623_163953_final,2080,212158,2026-06-23T16:43:25.637698,Pas barometryczny,1081.43,1081.43,true
session_20260623_163953_final,2081,212304,2026-06-23T16:43:25.783335,Pas barometryczny,1081.69,1081.69,true
session_20260623_163953_final,2082,212388,2026-06-23T16:43:25.867747,Pas barometryczny,1081.85,1081.85,true
session_20260623_163953_final,2083,212468,2026-06-23T16:43:25.947585,Pas barometryczny,1081.95,1081.95,true
session_20260623_163953_final,2084,212560,2026-06-23T16:43:26.038966,Pas barometryczny,1082.13,1082.13,true
session_20260623_163953_final,2085,212705,2026-06-23T16:43:26.184734,Pas barometryczny,1082.32,1082.32,true
session_20260623_163953_final,2086,212783,2026-06-23T16:43:26.262442,Pas barometryczny,1082.56,1082.56,true
session_20260623_163953_final,2087,212877,2026-06-23T16:43:26.356152,Pas barometryczny,1082.69,1082.69,true
session_20260623_163953_final,2088,212975,2026-06-23T16:43:26.454110,Pas barometryczny,1082.98,1082.98,true
session_20260623_163953_final,2089,213106,2026-06-23T16:43:26.584937,Pas barometryczny,1082.97,1082.97,true
session_20260623_163953_final,2090,213190,2026-06-23T16:43:26.668885,Pas barometryczny,1082.99,1082.99,true
session_20260623_163953_final,2091,213288,2026-06-23T16:43:26.767171,Pas barometryczny,1083.13,1083.13,true
session_20260623_163953_final,2092,213367,2026-06-23T16:43:26.846559,Pas barometryczny,1083.39,1083.39,true
session_20260623_163953_final,2093,213508,2026-06-23T16:43:26.987338,Pas barometryczny,1083.67,1083.67,true
session_20260623_163953_final,2094,213607,2026-06-23T16:43:27.086035,Pas barometryczny,1083.70,1083.70,true
session_20260623_163953_final,2095,213689,2026-06-23T16:43:27.167956,Pas barometryczny,1083.93,1083.93,true
session_20260623_163953_final,2096,213824,2026-06-23T16:43:27.303342,Pas barometryczny,1083.99,1083.99,true
session_20260623_163953_final,2097,213934,2026-06-23T16:43:27.413259,Pas barometryczny,1084.10,1084.10,true
session_20260623_163953_final,2098,214012,2026-06-23T16:43:27.491049,Pas barometryczny,1084.07,1084.07,true
session_20260623_163953_final,2099,214089,2026-06-23T16:43:27.568407,Pas barometryczny,1083.79,1083.79,true
session_20260623_163953_final,2100,214224,2026-06-23T16:43:27.703239,Pas barometryczny,1083.71,1083.71,true
session_20260623_163953_final,2101,214322,2026-06-23T16:43:27.801219,Pas barometryczny,1083.52,1083.52,true
session_20260623_163953_final,2102,214405,2026-06-23T16:43:27.884426,Pas barometryczny,1083.34,1083.34,true
session_20260623_163953_final,2103,214510,2026-06-23T16:43:27.989414,Pas barometryczny,1083.00,1083.00,true
session_20260623_163953_final,2104,214641,2026-06-23T16:43:28.120228,Pas barometryczny,1082.69,1082.69,true
session_20260623_163953_final,2105,214722,2026-06-23T16:43:28.201670,Pas barometryczny,1082.50,1082.50,true
session_20260623_163953_final,2106,214813,2026-06-23T16:43:28.292314,Pas barometryczny,1082.23,1082.23,true
session_20260623_163953_final,2107,214909,2026-06-23T16:43:28.388800,Pas barometryczny,1081.90,1081.90,true
session_20260623_163953_final,2108,215032,2026-06-23T16:43:28.511808,Pas barometryczny,1081.57,1081.57,true
session_20260623_163953_final,2109,215132,2026-06-23T16:43:28.610916,Pas barometryczny,1081.15,1081.15,true
session_20260623_163953_final,2110,215230,2026-06-23T16:43:28.709177,Pas barometryczny,1080.36,1080.36,true
session_20260623_163953_final,2111,215364,2026-06-23T16:43:28.843804,Pas barometryczny,1079.91,1079.91,true
session_20260623_163953_final,2112,215442,2026-06-23T16:43:28.921478,Pas barometryczny,1079.56,1079.56,true
session_20260623_163953_final,2113,215528,2026-06-23T16:43:29.006863,Pas barometryczny,1079.18,1079.18,true
session_20260623_163953_final,2114,215631,2026-06-23T16:43:29.109818,Pas barometryczny,1078.81,1078.81,true
session_20260623_163953_final,2115,215753,2026-06-23T16:43:29.232577,Pas barometryczny,1078.45,1078.45,true
session_20260623_163953_final,2116,215845,2026-06-23T16:43:29.324277,Pas barometryczny,1078.23,1078.23,true
session_20260623_163953_final,2117,215936,2026-06-23T16:43:29.415300,Pas barometryczny,1077.89,1077.89,true
session_20260623_163953_final,2118,216025,2026-06-23T16:43:29.504125,Pas barometryczny,1077.67,1077.67,true
session_20260623_163953_final,2119,216159,2026-06-23T16:43:29.638099,Pas barometryczny,1077.40,1077.40,true
session_20260623_163953_final,2120,216265,2026-06-23T16:43:29.744051,Pas barometryczny,1077.18,1077.18,true
session_20260623_163953_final,2121,216341,2026-06-23T16:43:29.820620,Pas barometryczny,1077.07,1077.07,true
session_20260623_163953_final,2122,216427,2026-06-23T16:43:29.906803,Pas barometryczny,1076.91,1076.91,true
session_20260623_163953_final,2123,216563,2026-06-23T16:43:30.042782,Pas barometryczny,1076.68,1076.68,true
session_20260623_163953_final,2124,216671,2026-06-23T16:43:30.149899,Pas barometryczny,1076.44,1076.44,true
session_20260623_163953_final,2125,216750,2026-06-23T16:43:30.229757,Pas barometryczny,1076.28,1076.28,true
session_20260623_163953_final,2126,216878,2026-06-23T16:43:30.357568,Pas barometryczny,1076.14,1076.14,true
session_20260623_163953_final,2127,216983,2026-06-23T16:43:30.462241,Pas barometryczny,1075.95,1075.95,true
session_20260623_163953_final,2128,217058,2026-06-23T16:43:30.536916,Pas barometryczny,1075.39,1075.39,true
session_20260623_163953_final,2129,217149,2026-06-23T16:43:30.627893,Pas barometryczny,1074.95,1074.95,true
session_20260623_163953_final,2130,217285,2026-06-23T16:43:30.764097,Pas barometryczny,1074.62,1074.62,true
session_20260623_163953_final,2131,217374,2026-06-23T16:43:30.853011,Pas barometryczny,1074.36,1074.36,true
session_20260623_163953_final,2132,217464,2026-06-23T16:43:30.943120,Pas barometryczny,1073.99,1073.99,true
session_20260623_163953_final,2133,217558,2026-06-23T16:43:31.036838,Pas barometryczny,1073.77,1073.77,true
session_20260623_163953_final,2134,217705,2026-06-23T16:43:31.183830,Pas barometryczny,1073.41,1073.41,true
session_20260623_163953_final,2135,217778,2026-06-23T16:43:31.256980,Pas barometryczny,1073.12,1073.12,true
session_20260623_163953_final,2136,217869,2026-06-23T16:43:31.348315,Pas barometryczny,1072.82,1072.82,true
session_20260623_163953_final,2137,217962,2026-06-23T16:43:31.441678,Pas barometryczny,1072.59,1072.59,true
session_20260623_163953_final,2138,218108,2026-06-23T16:43:31.587418,Pas barometryczny,1072.40,1072.40,true
session_20260623_163953_final,2139,218183,2026-06-23T16:43:31.662457,Pas barometryczny,1072.20,1072.20,true
session_20260623_163953_final,2140,218285,2026-06-23T16:43:31.764476,Pas barometryczny,1071.67,1071.67,true
session_20260623_163953_final,2141,218425,2026-06-23T16:43:31.904597,Pas barometryczny,1071.55,1071.55,true
session_20260623_163953_final,2142,218506,2026-06-23T16:43:31.985194,Pas barometryczny,1071.43,1071.43,true
session_20260623_163953_final,2143,218606,2026-06-23T16:43:32.085252,Pas barometryczny,1071.30,1071.30,true
session_20260623_163953_final,2144,218678,2026-06-23T16:43:32.157473,Pas barometryczny,1071.41,1071.41,true
session_20260623_163953_final,2145,218824,2026-06-23T16:43:32.303524,Pas barometryczny,1071.48,1071.48,true
session_20260623_163953_final,2146,218905,2026-06-23T16:43:32.383861,Pas barometryczny,1071.65,1071.65,true
session_20260623_163953_final,2147,219006,2026-06-23T16:43:32.485159,Pas barometryczny,1071.84,1071.84,true
session_20260623_163953_final,2148,219086,2026-06-23T16:43:32.565101,Pas barometryczny,1071.91,1071.91,true
session_20260623_163953_final,2149,219220,2026-06-23T16:43:32.698993,Pas barometryczny,1071.96,1071.96,true
session_20260623_163953_final,2150,219326,2026-06-23T16:43:32.805033,Pas barometryczny,1072.11,1072.11,true
session_20260623_163953_final,2151,219406,2026-06-23T16:43:32.885301,Pas barometryczny,1072.47,1072.47,true
session_20260623_163953_final,2152,219488,2026-06-23T16:43:32.966922,Pas barometryczny,1072.96,1072.96,true
session_20260623_163953_final,2153,219624,2026-06-23T16:43:33.103003,Pas barometryczny,1073.46,1073.46,true
session_20260623_163953_final,2154,219719,2026-06-23T16:43:33.198058,Pas barometryczny,1073.99,1073.99,true
session_20260623_163953_final,2155,219811,2026-06-23T16:43:33.290325,Pas barometryczny,1074.50,1074.50,true
session_20260623_163953_final,2156,219939,2026-06-23T16:43:33.418093,Pas barometryczny,1074.99,1074.99,true
session_20260623_163953_final,2157,220030,2026-06-23T16:43:33.508844,Pas barometryczny,1075.31,1075.31,true
session_20260623_163953_final,2158,220127,2026-06-23T16:43:33.606016,Pas barometryczny,1075.73,1075.73,true
session_20260623_163953_final,2159,220208,2026-06-23T16:43:33.687318,Pas barometryczny,1076.20,1076.20,true
session_20260623_163953_final,2160,220363,2026-06-23T16:43:33.842782,Pas barometryczny,1076.60,1076.60,true
session_20260623_163953_final,2161,220443,2026-06-23T16:43:33.922806,Pas barometryczny,1077.01,1077.01,true
session_20260623_163953_final,2162,220525,2026-06-23T16:43:34.004222,Pas barometryczny,1077.43,1077.43,true
session_20260623_163953_final,2163,220625,2026-06-23T16:43:34.104423,Pas barometryczny,1077.66,1077.66,true
session_20260623_163953_final,2164,220751,2026-06-23T16:43:34.229926,Pas barometryczny,1077.92,1077.92,true
session_20260623_163953_final,2165,220846,2026-06-23T16:43:34.325704,Pas barometryczny,1078.24,1078.24,true
session_20260623_163953_final,2166,220934,2026-06-23T16:43:34.413347,Pas barometryczny,1078.58,1078.58,true
session_20260623_163953_final,2167,221034,2026-06-23T16:43:34.513642,Pas barometryczny,1078.95,1078.95,true
session_20260623_163953_final,2168,221155,2026-06-23T16:43:34.634629,Pas barometryczny,1079.25,1079.25,true
session_20260623_163953_final,2169,221243,2026-06-23T16:43:34.722682,Pas barometryczny,1079.56,1079.56,true
session_20260623_163953_final,2170,221348,2026-06-23T16:43:34.827568,Pas barometryczny,1079.72,1079.72,true
session_20260623_163953_final,2171,221483,2026-06-23T16:43:34.962125,Pas barometryczny,1080.36,1080.36,true
session_20260623_163953_final,2172,221566,2026-06-23T16:43:35.045301,Pas barometryczny,1080.71,1080.71,true
session_20260623_163953_final,2173,221660,2026-06-23T16:43:35.139299,Pas barometryczny,1080.90,1080.90,true
session_20260623_163953_final,2174,221789,2026-06-23T16:43:35.267832,Pas barometryczny,1081.19,1081.19,true
session_20260623_163953_final,2175,221882,2026-06-23T16:43:35.360934,Pas barometryczny,1081.39,1081.39,true
session_20260623_163953_final,2176,221965,2026-06-23T16:43:35.444404,Pas barometryczny,1081.62,1081.62,true
session_20260623_163953_final,2177,222054,2026-06-23T16:43:35.532998,Pas barometryczny,1081.90,1081.90,true
session_20260623_163953_final,2178,222144,2026-06-23T16:43:35.623447,Pas barometryczny,1081.97,1081.97,true
session_20260623_163953_final,2179,222279,2026-06-23T16:43:35.758733,Pas barometryczny,1081.86,1081.86,true
session_20260623_163953_final,2180,222370,2026-06-23T16:43:35.849643,Pas barometryczny,1082.02,1082.02,true
session_20260623_163953_final,2181,222461,2026-06-23T16:43:35.940200,Pas barometryczny,1081.98,1081.98,true
session_20260623_163953_final,2182,222557,2026-06-23T16:43:36.035850,Pas barometryczny,1081.86,1081.86,true
session_20260623_163953_final,2183,222684,2026-06-23T16:43:36.163273,Pas barometryczny,1081.63,1081.63,true
session_20260623_163953_final,2184,222777,2026-06-23T16:43:36.255977,Pas barometryczny,1081.24,1081.24,true
session_20260623_163953_final,2185,222863,2026-06-23T16:43:36.341857,Pas barometryczny,1080.71,1080.71,true
session_20260623_163953_final,2186,222997,2026-06-23T16:43:36.476722,Pas barometryczny,1079.98,1079.98,true
session_20260623_163953_final,2187,223130,2026-06-23T16:43:36.609673,Pas barometryczny,1079.49,1079.49,true
session_20260623_163953_final,2188,223185,2026-06-23T16:43:36.663992,Pas barometryczny,1078.92,1078.92,true
session_20260623_163953_final,2189,223269,2026-06-23T16:43:36.748349,Pas barometryczny,1078.48,1078.48,true
session_20260623_163953_final,2190,223422,2026-06-23T16:43:36.901529,Pas barometryczny,1078.03,1078.03,true
session_20260623_163953_final,2191,223495,2026-06-23T16:43:36.974631,Pas barometryczny,1077.65,1077.65,true
session_20260623_163953_final,2192,223584,2026-06-23T16:43:37.063304,Pas barometryczny,1077.30,1077.30,true
session_20260623_163953_final,2193,223676,2026-06-23T16:43:37.155276,Pas barometryczny,1077.02,1077.02,true
session_20260623_163953_final,2194,223822,2026-06-23T16:43:37.301324,Pas barometryczny,1076.69,1076.69,true
session_20260623_163953_final,2195,223898,2026-06-23T16:43:37.377630,Pas barometryczny,1076.43,1076.43,true
session_20260623_163953_final,2196,223993,2026-06-23T16:43:37.472133,Pas barometryczny,1076.06,1076.06,true
session_20260623_163953_final,2197,224092,2026-06-23T16:43:37.570874,Pas barometryczny,1075.61,1075.61,true
session_20260623_163953_final,2198,224218,2026-06-23T16:43:37.697580,Pas barometryczny,1075.30,1075.30,true
session_20260623_163953_final,2199,224307,2026-06-23T16:43:37.786661,Pas barometryczny,1074.98,1074.98,true
session_20260623_163953_final,2200,224408,2026-06-23T16:43:37.887723,Pas barometryczny,1074.68,1074.68,true
session_20260623_163953_final,2201,224544,2026-06-23T16:43:38.023604,Pas barometryczny,1074.02,1074.02,true
session_20260623_163953_final,2202,224625,2026-06-23T16:43:38.104524,Pas barometryczny,1073.70,1073.70,true
session_20260623_163953_final,2203,224731,2026-06-23T16:43:38.210396,Pas barometryczny,1073.47,1073.47,true
session_20260623_163953_final,2204,224801,2026-06-23T16:43:38.280106,Pas barometryczny,1073.29,1073.29,true
session_20260623_163953_final,2205,224941,2026-06-23T16:43:38.420206,Pas barometryczny,1073.25,1073.25,true
session_20260623_163953_final,2206,225043,2026-06-23T16:43:38.521865,Pas barometryczny,1073.58,1073.58,true
session_20260623_163953_final,2207,225128,2026-06-23T16:43:38.607038,Pas barometryczny,1074.35,1074.35,true
session_20260623_163953_final,2208,225204,2026-06-23T16:43:38.683212,Pas barometryczny,1075.17,1075.17,true
session_20260623_163953_final,2209,225337,2026-06-23T16:43:38.816684,Pas barometryczny,1075.96,1075.96,true
session_20260623_163953_final,2210,225441,2026-06-23T16:43:38.920370,Pas barometryczny,1076.62,1076.62,true
session_20260623_163953_final,2211,225518,2026-06-23T16:43:38.997225,Pas barometryczny,1077.11,1077.11,true
session_20260623_163953_final,2212,225614,2026-06-23T16:43:39.092842,Pas barometryczny,1077.63,1077.63,true
session_20260623_163953_final,2213,225748,2026-06-23T16:43:39.227428,Pas barometryczny,1078.01,1078.01,true
session_20260623_163953_final,2214,225846,2026-06-23T16:43:39.324908,Pas barometryczny,1078.44,1078.44,true
session_20260623_163953_final,2215,225925,2026-06-23T16:43:39.404659,Pas barometryczny,1078.86,1078.86,true
session_20260623_163953_final,2216,226059,2026-06-23T16:43:39.537947,Pas barometryczny,1079.26,1079.26,true
session_20260623_163953_final,2217,226167,2026-06-23T16:43:39.646488,Pas barometryczny,1079.69,1079.69,true
session_20260623_163953_final,2218,226245,2026-06-23T16:43:39.724704,Pas barometryczny,1080.15,1080.15,true
session_20260623_163953_final,2219,226346,2026-06-23T16:43:39.825392,Pas barometryczny,1080.41,1080.41,true
session_20260623_163953_final,2220,226477,2026-06-23T16:43:39.955903,Pas barometryczny,1080.84,1080.84,true
session_20260623_163953_final,2221,226561,2026-06-23T16:43:40.040090,Pas barometryczny,1081.05,1081.05,true
session_20260623_163953_final,2222,226648,2026-06-23T16:43:40.127117,Pas barometryczny,1081.26,1081.26,true
session_20260623_163953_final,2223,226743,2026-06-23T16:43:40.222512,Pas barometryczny,1081.56,1081.56,true
session_20260623_163953_final,2224,226869,2026-06-23T16:43:40.347964,Pas barometryczny,1081.85,1081.85,true
session_20260623_163953_final,2225,226961,2026-06-23T16:43:40.440025,Pas barometryczny,1082.08,1082.08,true
session_20260623_163953_final,2226,227068,2026-06-23T16:43:40.547459,Pas barometryczny,1082.15,1082.15,true
session_20260623_163953_final,2227,227148,2026-06-23T16:43:40.627324,Pas barometryczny,1082.37,1082.37,true
session_20260623_163953_final,2228,227275,2026-06-23T16:43:40.753839,Pas barometryczny,1082.43,1082.43,true
session_20260623_163953_final,2229,227364,2026-06-23T16:43:40.843004,Pas barometryczny,1082.49,1082.49,true
session_20260623_163953_final,2230,227461,2026-06-23T16:43:40.939947,Pas barometryczny,1082.61,1082.61,true
session_20260623_163953_final,2231,227588,2026-06-23T16:43:41.067788,Pas barometryczny,1082.73,1082.73,true
session_20260623_163953_final,2232,227680,2026-06-23T16:43:41.158977,Pas barometryczny,1082.18,1082.18,true
session_20260623_163953_final,2233,227780,2026-06-23T16:43:41.258823,Pas barometryczny,1081.49,1081.49,true
session_20260623_163953_final,2234,227860,2026-06-23T16:43:41.339574,Pas barometryczny,1080.78,1080.78,true
session_20260623_163953_final,2235,228000,2026-06-23T16:43:41.479486,Pas barometryczny,1080.14,1080.14,true
session_20260623_163953_final,2236,228083,2026-06-23T16:43:41.562037,Pas barometryczny,1079.56,1079.56,true
session_20260623_163953_final,2237,228175,2026-06-23T16:43:41.654332,Pas barometryczny,1079.05,1079.05,true
session_20260623_163953_final,2238,228264,2026-06-23T16:43:41.743043,Pas barometryczny,1078.61,1078.61,true
session_20260623_163953_final,2239,228401,2026-06-23T16:43:41.880408,Pas barometryczny,1078.09,1078.09,true
session_20260623_163953_final,2240,228490,2026-06-23T16:43:41.969798,Pas barometryczny,1077.73,1077.73,true
session_20260623_163953_final,2241,228579,2026-06-23T16:43:42.058386,Pas barometryczny,1077.29,1077.29,true
session_20260623_163953_final,2242,228673,2026-06-23T16:43:42.151838,Pas barometryczny,1076.80,1076.80,true
session_20260623_163953_final,2243,228808,2026-06-23T16:43:42.287158,Pas barometryczny,1076.41,1076.41,true
session_20260623_163953_final,2244,228894,2026-06-23T16:43:42.373423,Pas barometryczny,1076.07,1076.07,true
session_20260623_163953_final,2245,228982,2026-06-23T16:43:42.461602,Pas barometryczny,1075.70,1075.70,true
session_20260623_163953_final,2246,229118,2026-06-23T16:43:42.597309,Pas barometryczny,1075.36,1075.36,true
session_20260623_163953_final,2247,229222,2026-06-23T16:43:42.700868,Pas barometryczny,1075.02,1075.02,true
session_20260623_163953_final,2248,229307,2026-06-23T16:43:42.786288,Pas barometryczny,1074.76,1074.76,true
session_20260623_163953_final,2249,229403,2026-06-23T16:43:42.882116,Pas barometryczny,1074.49,1074.49,true
session_20260623_163953_final,2250,229537,2026-06-23T16:43:43.016109,Pas barometryczny,1074.06,1074.06,true
session_20260623_163953_final,2251,229626,2026-06-23T16:43:43.105556,Pas barometryczny,1073.81,1073.81,true
session_20260623_163953_final,2252,229709,2026-06-23T16:43:43.188625,Pas barometryczny,1073.61,1073.61,true
session_20260623_163953_final,2253,229808,2026-06-23T16:43:43.287269,Pas barometryczny,1073.51,1073.51,true
session_20260623_163953_final,2254,229940,2026-06-23T16:43:43.419006,Pas barometryczny,1073.51,1073.51,true
session_20260623_163953_final,2255,230017,2026-06-23T16:43:43.496058,Pas barometryczny,1073.57,1073.57,true
session_20260623_163953_final,2256,230118,2026-06-23T16:43:43.597021,Pas barometryczny,1073.68,1073.68,true
session_20260623_163953_final,2257,230200,2026-06-23T16:43:43.678901,Pas barometryczny,1073.72,1073.72,true
session_20260623_163953_final,2258,230340,2026-06-23T16:43:43.819206,Pas barometryczny,1073.71,1073.71,true
session_20260623_163953_final,2259,230422,2026-06-23T16:43:43.901266,Pas barometryczny,1073.93,1073.93,true
session_20260623_163953_final,2260,230520,2026-06-23T16:43:43.998835,Pas barometryczny,1073.98,1073.98,true
session_20260623_163953_final,2261,230658,2026-06-23T16:43:44.137336,Pas barometryczny,1074.02,1074.02,true
session_20260623_163953_final,2262,230747,2026-06-23T16:43:44.226345,Pas barometryczny,1074.09,1074.09,true
session_20260623_163953_final,2263,230839,2026-06-23T16:43:44.318273,Pas barometryczny,1074.12,1074.12,true
session_20260623_163953_final,2264,230927,2026-06-23T16:43:44.406681,Pas barometryczny,1074.35,1074.35,true
session_20260623_163953_final,2265,231054,2026-06-23T16:43:44.532867,Pas barometryczny,1075.48,1075.48,true
session_20260623_163953_final,2266,231146,2026-06-23T16:43:44.625629,Pas barometryczny,1076.42,1076.42,true
session_20260623_163953_final,2267,231246,2026-06-23T16:43:44.725696,Pas barometryczny,1077.20,1077.20,true
session_20260623_163953_final,2268,231322,2026-06-23T16:43:44.801592,Pas barometryczny,1077.79,1077.79,true
session_20260623_163953_final,2269,231462,2026-06-23T16:43:44.941666,Pas barometryczny,1078.34,1078.34,true
session_20260623_163953_final,2270,231563,2026-06-23T16:43:45.041892,Pas barometryczny,1078.88,1078.88,true
session_20260623_163953_final,2271,231639,2026-06-23T16:43:45.118022,Pas barometryczny,1079.30,1079.30,true
session_20260623_163953_final,2272,231742,2026-06-23T16:43:45.221595,Pas barometryczny,1079.65,1079.65,true
session_20260623_163953_final,2273,231884,2026-06-23T16:43:45.363416,Pas barometryczny,1080.10,1080.10,true
session_20260623_163953_final,2274,231958,2026-06-23T16:43:45.437815,Pas barometryczny,1080.54,1080.54,true
session_20260623_163953_final,2275,232043,2026-06-23T16:43:45.522530,Pas barometryczny,1080.97,1080.97,true
session_20260623_163953_final,2276,232190,2026-06-23T16:43:45.669508,Pas barometryczny,1081.33,1081.33,true
session_20260623_163953_final,2277,232268,2026-06-23T16:43:45.747328,Pas barometryczny,1081.70,1081.70,true
session_20260623_163953_final,2278,232366,2026-06-23T16:43:45.844840,Pas barometryczny,1081.82,1081.82,true
session_20260623_163953_final,2279,232464,2026-06-23T16:43:45.943242,Pas barometryczny,1081.78,1081.78,true
session_20260623_163953_final,2280,232600,2026-06-23T16:43:46.079348,Pas barometryczny,1081.80,1081.80,true
session_20260623_163953_final,2281,232683,2026-06-23T16:43:46.162074,Pas barometryczny,1081.52,1081.52,true
session_20260623_163953_final,2282,232763,2026-06-23T16:43:46.242252,Pas barometryczny,1080.97,1080.97,true
session_20260623_163953_final,2283,232865,2026-06-23T16:43:46.344446,Pas barometryczny,1080.09,1080.09,true
session_20260623_163953_final,2284,232999,2026-06-23T16:43:46.478145,Pas barometryczny,1079.40,1079.40,true
session_20260623_163953_final,2285,233078,2026-06-23T16:43:46.557753,Pas barometryczny,1078.70,1078.70,true
session_20260623_163953_final,2286,233183,2026-06-23T16:43:46.662317,Pas barometryczny,1078.09,1078.09,true
session_20260623_163953_final,2287,233266,2026-06-23T16:43:46.744959,Pas barometryczny,1077.59,1077.59,true
session_20260623_163953_final,2288,233395,2026-06-23T16:43:46.874140,Pas barometryczny,1077.13,1077.13,true
session_20260623_163953_final,2289,233489,2026-06-23T16:43:46.967926,Pas barometryczny,1076.72,1076.72,true
session_20260623_163953_final,2290,233574,2026-06-23T16:43:47.053338,Pas barometryczny,1076.31,1076.31,true
session_20260623_163953_final,2291,233711,2026-06-23T16:43:47.190368,Pas barometryczny,1075.77,1075.77,true
session_20260623_163953_final,2292,233800,2026-06-23T16:43:47.279746,Pas barometryczny,1075.33,1075.33,true
session_20260623_163953_final,2293,233901,2026-06-23T16:43:47.379951,Pas barometryczny,1074.59,1074.59,true
session_20260623_163953_final,2294,233982,2026-06-23T16:43:47.461085,Pas barometryczny,1074.18,1074.18,true
session_20260623_163953_final,2295,234114,2026-06-23T16:43:47.593108,Pas barometryczny,1073.78,1073.78,true
session_20260623_163953_final,2296,234221,2026-06-23T16:43:47.700249,Pas barometryczny,1073.47,1073.47,true
session_20260623_163953_final,2297,234300,2026-06-23T16:43:47.779789,Pas barometryczny,1073.13,1073.13,true
session_20260623_163953_final,2298,234386,2026-06-23T16:43:47.865049,Pas barometryczny,1072.82,1072.82,true
session_20260623_163953_final,2299,234539,2026-06-23T16:43:48.018124,Pas barometryczny,1072.56,1072.56,true
session_20260623_163953_final,2300,234608,2026-06-23T16:43:48.087315,Pas barometryczny,1072.50,1072.50,true
session_20260623_163953_final,2301,234699,2026-06-23T16:43:48.178069,Pas barometryczny,1072.46,1072.46,true
session_20260623_163953_final,2302,234792,2026-06-23T16:43:48.271707,Pas barometryczny,1072.52,1072.52,true
session_20260623_163953_final,2303,234922,2026-06-23T16:43:48.401259,Pas barometryczny,1072.78,1072.78,true
session_20260623_163953_final,2304,235018,2026-06-23T16:43:48.497730,Pas barometryczny,1073.09,1073.09,true
session_20260623_163953_final,2305,235156,2026-06-23T16:43:48.635280,Pas barometryczny,1073.64,1073.64,true
session_20260623_163953_final,2306,235240,2026-06-23T16:43:48.719285,Pas barometryczny,1074.47,1074.47,true
session_20260623_163953_final,2307,235329,2026-06-23T16:43:48.808156,Pas barometryczny,1075.21,1075.21,true
session_20260623_163953_final,2308,235418,2026-06-23T16:43:48.897565,Pas barometryczny,1075.81,1075.81,true
session_20260623_163953_final,2309,235523,2026-06-23T16:43:49.002413,Pas barometryczny,1076.37,1076.37,true
session_20260623_163953_final,2310,235659,2026-06-23T16:43:49.138326,Pas barometryczny,1076.95,1076.95,true
session_20260623_163953_final,2311,235741,2026-06-23T16:43:49.220558,Pas barometryczny,1077.33,1077.33,true
session_20260623_163953_final,2312,235840,2026-06-23T16:43:49.319099,Pas barometryczny,1077.73,1077.73,true
session_20260623_163953_final,2313,235914,2026-06-23T16:43:49.393643,Pas barometryczny,1078.22,1078.22,true
session_20260623_163953_final,2314,236048,2026-06-23T16:43:49.527658,Pas barometryczny,1078.63,1078.63,true
session_20260623_163953_final,2315,236142,2026-06-23T16:43:49.621526,Pas barometryczny,1079.05,1079.05,true
session_20260623_163953_final,2316,236231,2026-06-23T16:43:49.709873,Pas barometryczny,1079.42,1079.42,true
session_20260623_163953_final,2317,236320,2026-06-23T16:43:49.799262,Pas barometryczny,1079.86,1079.86,true
session_20260623_163953_final,2318,236460,2026-06-23T16:43:49.939741,Pas barometryczny,1080.12,1080.12,true
session_20260623_163953_final,2319,236559,2026-06-23T16:43:50.037835,Pas barometryczny,1080.40,1080.40,true
session_20260623_163953_final,2320,236637,2026-06-23T16:43:50.116655,Pas barometryczny,1080.75,1080.75,true
session_20260623_163953_final,2321,236773,2026-06-23T16:43:50.252573,Pas barometryczny,1081.05,1081.05,true
session_20260623_163953_final,2322,236857,2026-06-23T16:43:50.336336,Pas barometryczny,1081.43,1081.43,true
session_20260623_163953_final,2323,236960,2026-06-23T16:43:50.439482,Pas barometryczny,1081.66,1081.66,true
session_20260623_163953_final,2324,237040,2026-06-23T16:43:50.519242,Pas barometryczny,1081.86,1081.86,true
session_20260623_163953_final,2325,237176,2026-06-23T16:43:50.654912,Pas barometryczny,1081.95,1081.95,true
session_20260623_163953_final,2326,237280,2026-06-23T16:43:50.759277,Pas barometryczny,1082.08,1082.08,true
session_20260623_163953_final,2327,237360,2026-06-23T16:43:50.839470,Pas barometryczny,1082.08,1082.08,true
session_20260623_163953_final,2328,237444,2026-06-23T16:43:50.923230,Pas barometryczny,1081.88,1081.88,true
session_20260623_163953_final,2329,237581,2026-06-23T16:43:51.060754,Pas barometryczny,1081.66,1081.66,true
session_20260623_163953_final,2330,237679,2026-06-23T16:43:51.158448,Pas barometryczny,1081.31,1081.31,true
session_20260623_163953_final,2331,237759,2026-06-23T16:43:51.237918,Pas barometryczny,1080.93,1080.93,true
session_20260623_163953_final,2332,237861,2026-06-23T16:43:51.340214,Pas barometryczny,1080.66,1080.66,true
session_20260623_163953_final,2333,237985,2026-06-23T16:43:51.464482,Pas barometryczny,1080.19,1080.19,true
session_20260623_163953_final,2334,238080,2026-06-23T16:43:51.559756,Pas barometryczny,1079.70,1079.70,true
session_20260623_163953_final,2335,238166,2026-06-23T16:43:51.644819,Pas barometryczny,1079.12,1079.12,true
session_20260623_163953_final,2336,238303,2026-06-23T16:43:51.782138,Pas barometryczny,1078.66,1078.66,true
session_20260623_163953_final,2337,238388,2026-06-23T16:43:51.867539,Pas barometryczny,1078.12,1078.12,true
session_20260623_163953_final,2338,238479,2026-06-23T16:43:51.957955,Pas barometryczny,1077.73,1077.73,true
session_20260623_163953_final,2339,238585,2026-06-23T16:43:52.064154,Pas barometryczny,1077.37,1077.37,true
session_20260623_163953_final,2340,238710,2026-06-23T16:43:52.189188,Pas barometryczny,1077.00,1077.00,true
session_20260623_163953_final,2341,238797,2026-06-23T16:43:52.276029,Pas barometryczny,1076.66,1076.66,true
session_20260623_163953_final,2342,238898,2026-06-23T16:43:52.377140,Pas barometryczny,1076.36,1076.36,true
session_20260623_163953_final,2343,238985,2026-06-23T16:43:52.464552,Pas barometryczny,1076.02,1076.02,true
session_20260623_163953_final,2344,239113,2026-06-23T16:43:52.592339,Pas barometryczny,1075.54,1075.54,true
session_20260623_163953_final,2345,239197,2026-06-23T16:43:52.676542,Pas barometryczny,1075.28,1075.28,true
session_20260623_163953_final,2346,239289,2026-06-23T16:43:52.768719,Pas barometryczny,1074.98,1074.98,true
session_20260623_163953_final,2347,239380,2026-06-23T16:43:52.859555,Pas barometryczny,1074.62,1074.62,true
session_20260623_163953_final,2348,239513,2026-06-23T16:43:52.992644,Pas barometryczny,1074.21,1074.21,true
session_20260623_163953_final,2349,239613,2026-06-23T16:43:53.092581,Pas barometryczny,1073.96,1073.96,true
session_20260623_163953_final,2350,239695,2026-06-23T16:43:53.173990,Pas barometryczny,1073.66,1073.66,true
session_20260623_163953_final,2351,239828,2026-06-23T16:43:53.307439,Pas barometryczny,1073.42,1073.42,true
session_20260623_163953_final,2352,239919,2026-06-23T16:43:53.398076,Pas barometryczny,1073.21,1073.21,true
session_20260623_163953_final,2353,240010,2026-06-23T16:43:53.489335,Pas barometryczny,1073.08,1073.08,true
session_20260623_163953_final,2354,240098,2026-06-23T16:43:53.576861,Pas barometryczny,1072.92,1072.92,true
session_20260623_163953_final,2355,240246,2026-06-23T16:43:53.725702,Pas barometryczny,1072.90,1072.90,true
session_20260623_163953_final,2356,240342,2026-06-23T16:43:53.821505,Pas barometryczny,1072.99,1072.99,true
session_20260623_163953_final,2357,240421,2026-06-23T16:43:53.900784,Pas barometryczny,1073.36,1073.36,true
session_20260623_163953_final,2358,240503,2026-06-23T16:43:53.982137,Pas barometryczny,1074.11,1074.11,true
session_20260623_163953_final,2359,240655,2026-06-23T16:43:54.134120,Pas barometryczny,1074.91,1074.91,true
session_20260623_163953_final,2360,240726,2026-06-23T16:43:54.205773,Pas barometryczny,1075.62,1075.62,true
session_20260623_163953_final,2361,240821,2026-06-23T16:43:54.300570,Pas barometryczny,1076.30,1076.30,true
session_20260623_163953_final,2362,240911,2026-06-23T16:43:54.389876,Pas barometryczny,1076.84,1076.84,true
session_20260623_163953_final,2363,241044,2026-06-23T16:43:54.523229,Pas barometryczny,1077.43,1077.43,true
session_20260623_163953_final,2364,241136,2026-06-23T16:43:54.615173,Pas barometryczny,1077.79,1077.79,true
session_20260623_163953_final,2365,241228,2026-06-23T16:43:54.707577,Pas barometryczny,1078.18,1078.18,true
session_20260623_163953_final,2366,241375,2026-06-23T16:43:54.853826,Pas barometryczny,1078.68,1078.68,true
session_20260623_163953_final,2367,241447,2026-06-23T16:43:54.926685,Pas barometryczny,1079.08,1079.08,true
session_20260623_163953_final,2368,241539,2026-06-23T16:43:55.018160,Pas barometryczny,1079.56,1079.56,true
session_20260623_163953_final,2369,241640,2026-06-23T16:43:55.119276,Pas barometryczny,1079.85,1079.85,true
session_20260623_163953_final,2370,241775,2026-06-23T16:43:55.254120,Pas barometryczny,1080.22,1080.22,true
session_20260623_163953_final,2371,241856,2026-06-23T16:43:55.335719,Pas barometryczny,1080.37,1080.37,true
session_20260623_163953_final,2372,241961,2026-06-23T16:43:55.440799,Pas barometryczny,1080.71,1080.71,true
session_20260623_163953_final,2373,242045,2026-06-23T16:43:55.524020,Pas barometryczny,1081.03,1081.03,true
session_20260623_163953_final,2374,242175,2026-06-23T16:43:55.653982,Pas barometryczny,1081.34,1081.34,true
session_20260623_163953_final,2375,242259,2026-06-23T16:43:55.737931,Pas barometryczny,1081.57,1081.57,true
session_20260623_163953_final,2376,242362,2026-06-23T16:43:55.840953,Pas barometryczny,1081.74,1081.74,true
session_20260623_163953_final,2377,242438,2026-06-23T16:43:55.917273,Pas barometryczny,1081.74,1081.74,true
session_20260623_163953_final,2378,242576,2026-06-23T16:43:56.055709,Pas barometryczny,1081.67,1081.67,true
session_20260623_163953_final,2379,242680,2026-06-23T16:43:56.158932,Pas barometryczny,1081.59,1081.59,true
session_20260623_163953_final,2380,242754,2026-06-23T16:43:56.233592,Pas barometryczny,1081.25,1081.25,true
session_20260623_163953_final,2381,242893,2026-06-23T16:43:56.372168,Pas barometryczny,1080.78,1080.78,true
session_20260623_163953_final,2382,242995,2026-06-23T16:43:56.474562,Pas barometryczny,1080.23,1080.23,true
session_20260623_163953_final,2383,243078,2026-06-23T16:43:56.557784,Pas barometryczny,1079.69,1079.69,true
session_20260623_163953_final,2384,243166,2026-06-23T16:43:56.645555,Pas barometryczny,1079.03,1079.03,true
session_20260623_163953_final,2385,243293,2026-06-23T16:43:56.771946,Pas barometryczny,1077.95,1077.95,true
session_20260623_163953_final,2386,243400,2026-06-23T16:43:56.879461,Pas barometryczny,1077.45,1077.45,true
session_20260623_163953_final,2387,243483,2026-06-23T16:43:56.962081,Pas barometryczny,1077.01,1077.01,true
session_20260623_163953_final,2388,243563,2026-06-23T16:43:57.042427,Pas barometryczny,1076.61,1076.61,true
session_20260623_163953_final,2389,243719,2026-06-23T16:43:57.198102,Pas barometryczny,1076.08,1076.08,true
session_20260623_163953_final,2390,243798,2026-06-23T16:43:57.277043,Pas barometryczny,1075.55,1075.55,true
session_20260623_163953_final,2391,243882,2026-06-23T16:43:57.360915,Pas barometryczny,1075.22,1075.22,true
session_20260623_163953_final,2392,243982,2026-06-23T16:43:57.461803,Pas barometryczny,1074.89,1074.89,true
session_20260623_163953_final,2393,244113,2026-06-23T16:43:57.592764,Pas barometryczny,1074.13,1074.13,true
session_20260623_163953_final,2394,244200,2026-06-23T16:43:57.679565,Pas barometryczny,1073.58,1073.58,true
session_20260623_163953_final,2395,244296,2026-06-23T16:43:57.775385,Pas barometryczny,1073.29,1073.29,true
session_20260623_163953_final,2396,244421,2026-06-23T16:43:57.900291,Pas barometryczny,1072.98,1072.98,true
session_20260623_163953_final,2397,244509,2026-06-23T16:43:57.987849,Pas barometryczny,1072.64,1072.64,true
session_20260623_163953_final,2398,244609,2026-06-23T16:43:58.087985,Pas barometryczny,1072.14,1072.14,true
session_20260623_163953_final,2399,244701,2026-06-23T16:43:58.180181,Pas barometryczny,1071.96,1071.96,true
session_20260623_163953_final,2400,244834,2026-06-23T16:43:58.313718,Pas barometryczny,1071.91,1071.91,true
session_20260623_163953_final,2401,244915,2026-06-23T16:43:58.394595,Pas barometryczny,1072.11,1072.11,true
session_20260623_163953_final,2402,245020,2026-06-23T16:43:58.499784,Pas barometryczny,1072.39,1072.39,true
session_20260623_163953_final,2403,245094,2026-06-23T16:43:58.573410,Pas barometryczny,1072.63,1072.63,true
session_20260623_163953_final,2404,245234,2026-06-23T16:43:58.713134,Pas barometryczny,1073.29,1073.29,true
session_20260623_163953_final,2405,245341,2026-06-23T16:43:58.819822,Pas barometryczny,1074.27,1074.27,true
session_20260623_163953_final,2406,245418,2026-06-23T16:43:58.897277,Pas barometryczny,1075.17,1075.17,true
session_20260623_163953_final,2407,245502,2026-06-23T16:43:58.981211,Pas barometryczny,1075.89,1075.89,true
session_20260623_163953_final,2408,245633,2026-06-23T16:43:59.112134,Pas barometryczny,1076.51,1076.51,true
session_20260623_163953_final,2409,245725,2026-06-23T16:43:59.203957,Pas barometryczny,1077.03,1077.03,true
session_20260623_163953_final,2410,245814,2026-06-23T16:43:59.292959,Pas barometryczny,1077.56,1077.56,true
session_20260623_163953_final,2411,245950,2026-06-23T16:43:59.429092,Pas barometryczny,1077.90,1077.90,true
session_20260623_163953_final,2412,246039,2026-06-23T16:43:59.518622,Pas barometryczny,1078.25,1078.25,true
session_20260623_163953_final,2413,246137,2026-06-23T16:43:59.616068,Pas barometryczny,1078.70,1078.70,true
session_20260623_163953_final,2414,246219,2026-06-23T16:43:59.698166,Pas barometryczny,1079.06,1079.06,true
session_20260623_163953_final,2415,246354,2026-06-23T16:43:59.833368,Pas barometryczny,1079.85,1079.85,true
session_20260623_163953_final,2416,246445,2026-06-23T16:43:59.923875,Pas barometryczny,1080.31,1080.31,true
session_20260623_163953_final,2417,246535,2026-06-23T16:44:00.014584,Pas barometryczny,1080.64,1080.64,true
session_20260623_163953_final,2418,246644,2026-06-23T16:44:00.123328,Pas barometryczny,1080.90,1080.90,true
session_20260623_163953_final,2419,246777,2026-06-23T16:44:00.255989,Pas barometryczny,1081.21,1081.21,true
session_20260623_163953_final,2420,246851,2026-06-23T16:44:00.330578,Pas barometryczny,1081.52,1081.52,true
session_20260623_163953_final,2421,246957,2026-06-23T16:44:00.435922,Pas barometryczny,1081.85,1081.85,true
session_20260623_163953_final,2422,247042,2026-06-23T16:44:00.521154,Pas barometryczny,1082.13,1082.13,true
session_20260623_163953_final,2423,247177,2026-06-23T16:44:00.656378,Pas barometryczny,1082.40,1082.40,true
session_20260623_163953_final,2424,247254,2026-06-23T16:44:00.733607,Pas barometryczny,1082.53,1082.53,true
session_20260623_163953_final,2425,247346,2026-06-23T16:44:00.824858,Pas barometryczny,1082.49,1082.49,true
session_20260623_163953_final,2426,247494,2026-06-23T16:44:00.973723,Pas barometryczny,1082.42,1082.42,true
session_20260623_163953_final,2427,247571,2026-06-23T16:44:01.050135,Pas barometryczny,1082.35,1082.35,true
session_20260623_163953_final,2428,247672,2026-06-23T16:44:01.151006,Pas barometryczny,1082.09,1082.09,true
session_20260623_163953_final,2429,247748,2026-06-23T16:44:01.226873,Pas barometryczny,1081.44,1081.44,true
session_20260623_163953_final,2430,247889,2026-06-23T16:44:01.367946,Pas barometryczny,1081.03,1081.03,true
session_20260623_163953_final,2431,247975,2026-06-23T16:44:01.454221,Pas barometryczny,1080.37,1080.37,true
session_20260623_163953_final,2432,248076,2026-06-23T16:44:01.555310,Pas barometryczny,1079.70,1079.70,true
session_20260623_163953_final,2433,248153,2026-06-23T16:44:01.632081,Pas barometryczny,1079.12,1079.12,true
session_20260623_163953_final,2434,248293,2026-06-23T16:44:01.772538,Pas barometryczny,1078.61,1078.61,true
session_20260623_163953_final,2435,248389,2026-06-23T16:44:01.868107,Pas barometryczny,1078.17,1078.17,true
session_20260623_163953_final,2436,248478,2026-06-23T16:44:01.957614,Pas barometryczny,1077.71,1077.71,true
session_20260623_163953_final,2437,248559,2026-06-23T16:44:02.038515,Pas barometryczny,1077.37,1077.37,true
session_20260623_163953_final,2438,248698,2026-06-23T16:44:02.177434,Pas barometryczny,1076.97,1076.97,true
session_20260623_163953_final,2439,248797,2026-06-23T16:44:02.276626,Pas barometryczny,1076.71,1076.71,true
session_20260623_163953_final,2440,248873,2026-06-23T16:44:02.351930,Pas barometryczny,1076.41,1076.41,true
session_20260623_163953_final,2441,249015,2026-06-23T16:44:02.494239,Pas barometryczny,1076.24,1076.24,true
session_20260623_163953_final,2442,249116,2026-06-23T16:44:02.595035,Pas barometryczny,1075.96,1075.96,true
session_20260623_163953_final,2443,249187,2026-06-23T16:44:02.666229,Pas barometryczny,1075.51,1075.51,true
session_20260623_163953_final,2444,249278,2026-06-23T16:44:02.757656,Pas barometryczny,1075.16,1075.16,true
session_20260623_163953_final,2445,249414,2026-06-23T16:44:02.893183,Pas barometryczny,1074.87,1074.87,true
session_20260623_163953_final,2446,249516,2026-06-23T16:44:02.995371,Pas barometryczny,1074.26,1074.26,true
session_20260623_163953_final,2447,249593,2026-06-23T16:44:03.072512,Pas barometryczny,1074.05,1074.05,true
session_20260623_163953_final,2448,249694,2026-06-23T16:44:03.173385,Pas barometryczny,1073.80,1073.80,true
session_20260623_163953_final,2449,249821,2026-06-23T16:44:03.300395,Pas barometryczny,1073.59,1073.59,true
session_20260623_163953_final,2450,249916,2026-06-23T16:44:03.395800,Pas barometryczny,1073.53,1073.53,true
session_20260623_163953_final,2451,249997,2026-06-23T16:44:03.476769,Pas barometryczny,1073.54,1073.54,true
session_20260623_163953_final,2452,250100,2026-06-23T16:44:03.579767,Pas barometryczny,1073.49,1073.49,true
session_20260623_163953_final,2453,250228,2026-06-23T16:44:03.707654,Pas barometryczny,1073.44,1073.44,true
session_20260623_163953_final,2454,250312,2026-06-23T16:44:03.791727,Pas barometryczny,1073.49,1073.49,true
session_20260623_163953_final,2455,250419,2026-06-23T16:44:03.897914,Pas barometryczny,1073.61,1073.61,true
session_20260623_163953_final,2456,250551,2026-06-23T16:44:04.030495,Pas barometryczny,1073.90,1073.90,true
session_20260623_163953_final,2457,250629,2026-06-23T16:44:04.107874,Pas barometryczny,1074.50,1074.50,true
session_20260623_163953_final,2458,250723,2026-06-23T16:44:04.202331,Pas barometryczny,1075.16,1075.16,true
session_20260623_163953_final,2459,250814,2026-06-23T16:44:04.292860,Pas barometryczny,1075.89,1075.89,true
session_20260623_163953_final,2460,250943,2026-06-23T16:44:04.422647,Pas barometryczny,1076.36,1076.36,true
session_20260623_163953_final,2461,251038,2026-06-23T16:44:04.517209,Pas barometryczny,1076.84,1076.84,true
session_20260623_163953_final,2462,251125,2026-06-23T16:44:04.604342,Pas barometryczny,1077.34,1077.34,true
session_20260623_163953_final,2463,251217,2026-06-23T16:44:04.695815,Pas barometryczny,1077.78,1077.78,true
session_20260623_163953_final,2464,251348,2026-06-23T16:44:04.827445,Pas barometryczny,1078.18,1078.18,true
session_20260623_163953_final,2465,251453,2026-06-23T16:44:04.932728,Pas barometryczny,1078.63,1078.63,true
session_20260623_163953_final,2466,251535,2026-06-23T16:44:05.014090,Pas barometryczny,1079.06,1079.06,true
session_20260623_163953_final,2467,251619,2026-06-23T16:44:05.097945,Pas barometryczny,1079.42,1079.42,true
session_20260623_163953_final,2468,251754,2026-06-23T16:44:05.233645,Pas barometryczny,1079.70,1079.70,true
session_20260623_163953_final,2469,251853,2026-06-23T16:44:05.332639,Pas barometryczny,1080.06,1080.06,true
session_20260623_163953_final,2470,251936,2026-06-23T16:44:05.415034,Pas barometryczny,1080.43,1080.43,true
session_20260623_163953_final,2471,252068,2026-06-23T16:44:05.547593,Pas barometryczny,1080.77,1080.77,true
session_20260623_163953_final,2472,252161,2026-06-23T16:44:05.640319,Pas barometryczny,1081.11,1081.11,true
session_20260623_163953_final,2473,252249,2026-06-23T16:44:05.728699,Pas barometryczny,1081.42,1081.42,true
session_20260623_163953_final,2474,252338,2026-06-23T16:44:05.817346,Pas barometryczny,1081.60,1081.60,true
session_20260623_163953_final,2475,252484,2026-06-23T16:44:05.963063,Pas barometryczny,1081.76,1081.76,true
session_20260623_163953_final,2476,252568,2026-06-23T16:44:06.047297,Pas barometryczny,1082.22,1082.22,true
session_20260623_163953_final,2477,252654,2026-06-23T16:44:06.133548,Pas barometryczny,1082.49,1082.49,true
session_20260623_163953_final,2478,252759,2026-06-23T16:44:06.238121,Pas barometryczny,1082.54,1082.54,true
session_20260623_163953_final,2479,252895,2026-06-23T16:44:06.374750,Pas barometryczny,1082.52,1082.52,true
session_20260623_163953_final,2480,252968,2026-06-23T16:44:06.446849,Pas barometryczny,1082.23,1082.23,true
session_20260623_163953_final,2481,253080,2026-06-23T16:44:06.559784,Pas barometryczny,1082.06,1082.06,true
session_20260623_163953_final,2482,253157,2026-06-23T16:44:06.636578,Pas barometryczny,1081.99,1081.99,true
session_20260623_163953_final,2483,253293,2026-06-23T16:44:06.771967,Pas barometryczny,1081.77,1081.77,true
session_20260623_163953_final,2484,253373,2026-06-23T16:44:06.852675,Pas barometryczny,1081.22,1081.22,true
session_20260623_163953_final,2485,253463,2026-06-23T16:44:06.942269,Pas barometryczny,1080.44,1080.44,true
session_20260623_163953_final,2486,253613,2026-06-23T16:44:07.091816,Pas barometryczny,1079.85,1079.85,true
session_20260623_163953_final,2487,253689,2026-06-23T16:44:07.168328,Pas barometryczny,1079.15,1079.15,true
session_20260623_163953_final,2488,253793,2026-06-23T16:44:07.271932,Pas barometryczny,1078.65,1078.65,true
session_20260623_163953_final,2489,253869,2026-06-23T16:44:07.348052,Pas barometryczny,1078.17,1078.17,true
session_20260623_163953_final,2490,254013,2026-06-23T16:44:07.492627,Pas barometryczny,1077.79,1077.79,true
session_20260623_163953_final,2491,254093,2026-06-23T16:44:07.572620,Pas barometryczny,1077.49,1077.49,true
session_20260623_163953_final,2492,254197,2026-06-23T16:44:07.676522,Pas barometryczny,1077.10,1077.10,true
session_20260623_163953_final,2493,254273,2026-06-23T16:44:07.752530,Pas barometryczny,1076.75,1076.75,true
session_20260623_163953_final,2494,254410,2026-06-23T16:44:07.889707,Pas barometryczny,1076.34,1076.34,true
session_20260623_163953_final,2495,254518,2026-06-23T16:44:07.997704,Pas barometryczny,1075.87,1075.87,true
session_20260623_163953_final,2496,254596,2026-06-23T16:44:08.075239,Pas barometryczny,1075.64,1075.64,true
session_20260623_163953_final,2497,254683,2026-06-23T16:44:08.161909,Pas barometryczny,1075.44,1075.44,true
session_20260623_163953_final,2498,254812,2026-06-23T16:44:08.291786,Pas barometryczny,1075.00,1075.00,true
session_20260623_163953_final,2499,254912,2026-06-23T16:44:08.391069,Pas barometryczny,1074.54,1074.54,true
session_20260623_163953_final,2500,254998,2026-06-23T16:44:08.477030,Pas barometryczny,1074.15,1074.15,true
session_20260623_163953_final,2501,255175,2026-06-23T16:44:08.654016,Pas barometryczny,1073.92,1073.92,true
session_20260623_163953_final,2502,255232,2026-06-23T16:44:08.710845,Pas barometryczny,1073.69,1073.69,true
session_20260623_163953_final,2503,255315,2026-06-23T16:44:08.794239,Pas barometryczny,1073.50,1073.50,true
session_20260623_163953_final,2504,255398,2026-06-23T16:44:08.877179,Pas barometryczny,1073.42,1073.42,true
session_20260623_163953_final,2505,255543,2026-06-23T16:44:09.022437,Pas barometryczny,1073.39,1073.39,true
session_20260623_163953_final,2506,255629,2026-06-23T16:44:09.108698,Pas barometryczny,1073.23,1073.23,true
session_20260623_163953_final,2507,255714,2026-06-23T16:44:09.193380,Pas barometryczny,1073.69,1073.69,true
session_20260623_163953_final,2508,255819,2026-06-23T16:44:09.298477,Pas barometryczny,1074.71,1074.71,true
session_20260623_163953_final,2509,255944,2026-06-23T16:44:09.423477,Pas barometryczny,1075.59,1075.59,true
session_20260623_163953_final,2510,256035,2026-06-23T16:44:09.514788,Pas barometryczny,1076.37,1076.37,true
session_20260623_163953_final,2511,256137,2026-06-23T16:44:09.616358,Pas barometryczny,1077.03,1077.03,true
session_20260623_163953_final,2512,256218,2026-06-23T16:44:09.697622,Pas barometryczny,1077.59,1077.59,true
session_20260623_163953_final,2513,256351,2026-06-23T16:44:09.830781,Pas barometryczny,1078.11,1078.11,true
session_20260623_163953_final,2514,256433,2026-06-23T16:44:09.912504,Pas barometryczny,1078.52,1078.52,true
session_20260623_163953_final,2515,256538,2026-06-23T16:44:10.017112,Pas barometryczny,1078.90,1078.90,true
session_20260623_163953_final,2516,256670,2026-06-23T16:44:10.149264,Pas barometryczny,1079.17,1079.17,true
session_20260623_163953_final,2517,256747,2026-06-23T16:44:10.226499,Pas barometryczny,1079.54,1079.54,true
session_20260623_163953_final,2518,256842,2026-06-23T16:44:10.321345,Pas barometryczny,1079.95,1079.95,true
session_20260623_163953_final,2519,256934,2026-06-23T16:44:10.413618,Pas barometryczny,1080.33,1080.33,true
session_20260623_163953_final,2520,257063,2026-06-23T16:44:10.542297,Pas barometryczny,1080.71,1080.71,true
session_20260623_163953_final,2521,257154,2026-06-23T16:44:10.632906,Pas barometryczny,1080.94,1080.94,true
session_20260623_163953_final,2522,257244,2026-06-23T16:44:10.723324,Pas barometryczny,1081.21,1081.21,true
session_20260623_163953_final,2523,257333,2026-06-23T16:44:10.812552,Pas barometryczny,1081.28,1081.28,true
session_20260623_163953_final,2524,257476,2026-06-23T16:44:10.955527,Pas barometryczny,1081.39,1081.39,true
session_20260623_163953_final,2525,257561,2026-06-23T16:44:11.040256,Pas barometryczny,1081.43,1081.43,true
session_20260623_163953_final,2526,257658,2026-06-23T16:44:11.137152,Pas barometryczny,1081.17,1081.17,true
session_20260623_163953_final,2527,257738,2026-06-23T16:44:11.217227,Pas barometryczny,1080.61,1080.61,true
session_20260623_163953_final,2528,257887,2026-06-23T16:44:11.366161,Pas barometryczny,1079.97,1079.97,true
session_20260623_163953_final,2529,257974,2026-06-23T16:44:11.453372,Pas barometryczny,1079.39,1079.39,true
session_20260623_163953_final,2530,258053,2026-06-23T16:44:11.532222,Pas barometryczny,1078.75,1078.75,true
session_20260623_163953_final,2531,258191,2026-06-23T16:44:11.670594,Pas barometryczny,1078.21,1078.21,true
session_20260623_163953_final,2532,258291,2026-06-23T16:44:11.770537,Pas barometryczny,1077.77,1077.77,true
session_20260623_163953_final,2533,258380,2026-06-23T16:44:11.859380,Pas barometryczny,1077.32,1077.32,true
session_20260623_163953_final,2534,258461,2026-06-23T16:44:11.940173,Pas barometryczny,1076.93,1076.93,true
session_20260623_163953_final,2535,258610,2026-06-23T16:44:12.088896,Pas barometryczny,1076.51,1076.51,true
session_20260623_163953_final,2536,258683,2026-06-23T16:44:12.162130,Pas barometryczny,1076.08,1076.08,true
session_20260623_163953_final,2537,258775,2026-06-23T16:44:12.254105,Pas barometryczny,1075.53,1075.53,true
session_20260623_163953_final,2538,258865,2026-06-23T16:44:12.343989,Pas barometryczny,1074.74,1074.74,true
session_20260623_163953_final,2539,259011,2026-06-23T16:44:12.490258,Pas barometryczny,1074.40,1074.40,true
session_20260623_163953_final,2540,259090,2026-06-23T16:44:12.569485,Pas barometryczny,1074.11,1074.11,true
session_20260623_163953_final,2541,259196,2026-06-23T16:44:12.674872,Pas barometryczny,1073.81,1073.81,true
session_20260623_163953_final,2542,259277,2026-06-23T16:44:12.756593,Pas barometryczny,1073.51,1073.51,true
session_20260623_163953_final,2543,259409,2026-06-23T16:44:12.888658,Pas barometryczny,1073.23,1073.23,true
session_20260623_163953_final,2544,259498,2026-06-23T16:44:12.977007,Pas barometryczny,1073.01,1073.01,true
session_20260623_163953_final,2545,259597,2026-06-23T16:44:13.075866,Pas barometryczny,1072.94,1072.94,true
session_20260623_163953_final,2546,259727,2026-06-23T16:44:13.206322,Pas barometryczny,1072.94,1072.94,true
session_20260623_163953_final,2547,259813,2026-06-23T16:44:13.291954,Pas barometryczny,1072.94,1072.94,true
session_20260623_163953_final,2548,259907,2026-06-23T16:44:13.385975,Pas barometryczny,1073.00,1073.00,true
session_20260623_163953_final,2549,259989,2026-06-23T16:44:13.467931,Pas barometryczny,1073.13,1073.13,true
session_20260623_163953_final,2550,260131,2026-06-23T16:44:13.609887,Pas barometryczny,1073.34,1073.34,true
session_20260623_163953_final,2551,260225,2026-06-23T16:44:13.704096,Pas barometryczny,1073.87,1073.87,true
session_20260623_163953_final,2552,260310,2026-06-23T16:44:13.789400,Pas barometryczny,1074.61,1074.61,true
session_20260623_163953_final,2553,260396,2026-06-23T16:44:13.875554,Pas barometryczny,1075.39,1075.39,true
session_20260623_163953_final,2554,260532,2026-06-23T16:44:14.011403,Pas barometryczny,1076.05,1076.05,true
session_20260623_163953_final,2555,260626,2026-06-23T16:44:14.104898,Pas barometryczny,1076.60,1076.60,true
session_20260623_163953_final,2556,260716,2026-06-23T16:44:14.195135,Pas barometryczny,1077.19,1077.19,true
session_20260623_163953_final,2557,260815,2026-06-23T16:44:14.294713,Pas barometryczny,1077.56,1077.56,true
session_20260623_163953_final,2558,260951,2026-06-23T16:44:14.430676,Pas barometryczny,1077.88,1077.88,true
session_20260623_163953_final,2559,261033,2026-06-23T16:44:14.512755,Pas barometryczny,1078.33,1078.33,true
session_20260623_163953_final,2560,261115,2026-06-23T16:44:14.594711,Pas barometryczny,1078.77,1078.77,true
session_20260623_163953_final,2561,261295,2026-06-23T16:44:14.774544,Pas barometryczny,1079.14,1079.14,true
session_20260623_163953_final,2562,261346,2026-06-23T16:44:14.825599,Pas barometryczny,1079.52,1079.52,true
session_20260623_163953_final,2563,261437,2026-06-23T16:44:14.916481,Pas barometryczny,1079.93,1079.93,true
session_20260623_163953_final,2564,261533,2026-06-23T16:44:15.012735,Pas barometryczny,1080.17,1080.17,true
session_20260623_163953_final,2565,261666,2026-06-23T16:44:15.145189,Pas barometryczny,1080.38,1080.38,true
session_20260623_163953_final,2566,261745,2026-06-23T16:44:15.224523,Pas barometryczny,1080.66,1080.66,true
session_20260623_163953_final,2567,261833,2026-06-23T16:44:15.312113,Pas barometryczny,1080.97,1080.97,true
session_20260623_163953_final,2568,261935,2026-06-23T16:44:15.414397,Pas barometryczny,1081.52,1081.52,true
session_20260623_163953_final,2569,262063,2026-06-23T16:44:15.542632,Pas barometryczny,1081.87,1081.87,true
session_20260623_163953_final,2570,262149,2026-06-23T16:44:15.628017,Pas barometryczny,1082.02,1082.02,true
session_20260623_163953_final,2571,262256,2026-06-23T16:44:15.734882,Pas barometryczny,1082.19,1082.19,true
session_20260623_163953_final,2572,262334,2026-06-23T16:44:15.813154,Pas barometryczny,1082.35,1082.35,true
session_20260623_163953_final,2573,262464,2026-06-23T16:44:15.942944,Pas barometryczny,1082.31,1082.31,true
session_20260623_163953_final,2574,262553,2026-06-23T16:44:16.031897,Pas barometryczny,1082.08,1082.08,true
session_20260623_163953_final,2575,262653,2026-06-23T16:44:16.131991,Pas barometryczny,1081.62,1081.62,true
session_20260623_163953_final,2576,262790,2026-06-23T16:44:16.269684,Pas barometryczny,1081.21,1081.21,true
session_20260623_163953_final,2577,262868,2026-06-23T16:44:16.347243,Pas barometryczny,1080.75,1080.75,true
session_20260623_163953_final,2578,262969,2026-06-23T16:44:16.448482,Pas barometryczny,1080.29,1080.29,true
session_20260623_163953_final,2579,263048,2026-06-23T16:44:16.527455,Pas barometryczny,1079.83,1079.83,true
session_20260623_163953_final,2580,263183,2026-06-23T16:44:16.662647,Pas barometryczny,1079.40,1079.40,true
session_20260623_163953_final,2581,263277,2026-06-23T16:44:16.756519,Pas barometryczny,1078.94,1078.94,true
session_20260623_163953_final,2582,263365,2026-06-23T16:44:16.844400,Pas barometryczny,1078.52,1078.52,true
session_20260623_163953_final,2583,263454,2026-06-23T16:44:16.932963,Pas barometryczny,1077.94,1077.94,true
session_20260623_163953_final,2584,263595,2026-06-23T16:44:17.074047,Pas barometryczny,1077.52,1077.52,true
session_20260623_163953_final,2585,263679,2026-06-23T16:44:17.157986,Pas barometryczny,1077.17,1077.17,true
session_20260623_163953_final,2586,263768,2026-06-23T16:44:17.247666,Pas barometryczny,1076.85,1076.85,true
session_20260623_163953_final,2587,263878,2026-06-23T16:44:17.357119,Pas barometryczny,1076.61,1076.61,true
session_20260623_163953_final,2588,263995,2026-06-23T16:44:17.474376,Pas barometryczny,1076.40,1076.40,true
session_20260623_163953_final,2589,264090,2026-06-23T16:44:17.569383,Pas barometryczny,1076.29,1076.29,true
session_20260623_163953_final,2590,264173,2026-06-23T16:44:17.652664,Pas barometryczny,1076.24,1076.24,true
session_20260623_163953_final,2591,264312,2026-06-23T16:44:17.791438,Pas barometryczny,1076.25,1076.25,true
session_20260623_163953_final,2592,264402,2026-06-23T16:44:17.881036,Pas barometryczny,1076.34,1076.34,true
session_20260623_163953_final,2593,264488,2026-06-23T16:44:17.967614,Pas barometryczny,1076.39,1076.39,true
session_20260623_163953_final,2594,264589,2026-06-23T16:44:18.068116,Pas barometryczny,1076.20,1076.20,true
session_20260623_163953_final,2595,264731,2026-06-23T16:44:18.209836,Pas barometryczny,1075.80,1075.80,true
session_20260623_163953_final,2596,264809,2026-06-23T16:44:18.288624,Pas barometryczny,1075.52,1075.52,true
session_20260623_163953_final,2597,264897,2026-06-23T16:44:18.376186,Pas barometryczny,1075.05,1075.05,true
session_20260623_163953_final,2598,264989,2026-06-23T16:44:18.468314,Pas barometryczny,1074.68,1074.68,true
session_20260623_163953_final,2599,265131,2026-06-23T16:44:18.610015,Pas barometryczny,1074.09,1074.09,true
session_20260623_163953_final,2600,265209,2026-06-23T16:44:18.688200,Pas barometryczny,1073.92,1073.92,true
session_20260623_163953_final,2601,265300,2026-06-23T16:44:18.779303,Pas barometryczny,1073.86,1073.86,true
session_20260623_163953_final,2602,265396,2026-06-23T16:44:18.875439,Pas barometryczny,1074.11,1074.11,true
session_20260623_163953_final,2603,265528,2026-06-23T16:44:19.006963,Pas barometryczny,1074.85,1074.85,true
session_20260623_163953_final,2604,265622,2026-06-23T16:44:19.101490,Pas barometryczny,1075.72,1075.72,true
session_20260623_163953_final,2605,265712,2026-06-23T16:44:19.191670,Pas barometryczny,1076.52,1076.52,true
session_20260623_163953_final,2606,265847,2026-06-23T16:44:19.326471,Pas barometryczny,1077.13,1077.13,true
session_20260623_163953_final,2607,265933,2026-06-23T16:44:19.411920,Pas barometryczny,1077.65,1077.65,true
session_20260623_163953_final,2608,266030,2026-06-23T16:44:19.509739,Pas barometryczny,1078.20,1078.20,true
session_20260623_163953_final,2609,266112,2026-06-23T16:44:19.590855,Pas barometryczny,1078.60,1078.60,true
session_20260623_163953_final,2610,266248,2026-06-23T16:44:19.727312,Pas barometryczny,1079.03,1079.03,true
session_20260623_163953_final,2611,266346,2026-06-23T16:44:19.825106,Pas barometryczny,1079.28,1079.28,true
session_20260623_163953_final,2612,266431,2026-06-23T16:44:19.909891,Pas barometryczny,1079.64,1079.64,true
session_20260623_163953_final,2613,266512,2026-06-23T16:44:19.991460,Pas barometryczny,1080.02,1080.02,true
session_20260623_163953_final,2614,266649,2026-06-23T16:44:20.127967,Pas barometryczny,1080.39,1080.39,true
session_20260623_163953_final,2615,266752,2026-06-23T16:44:20.230890,Pas barometryczny,1080.79,1080.79,true
session_20260623_163953_final,2616,266828,2026-06-23T16:44:20.307106,Pas barometryczny,1081.01,1081.01,true
session_20260623_163953_final,2617,266941,2026-06-23T16:44:20.420294,Pas barometryczny,1081.25,1081.25,true
session_20260623_163953_final,2618,267055,2026-06-23T16:44:20.534095,Pas barometryczny,1081.36,1081.36,true
session_20260623_163953_final,2619,267144,2026-06-23T16:44:20.623108,Pas barometryczny,1081.49,1081.49,true
session_20260623_163953_final,2620,267238,2026-06-23T16:44:20.717283,Pas barometryczny,1081.49,1081.49,true
session_20260623_163953_final,2621,267374,2026-06-23T16:44:20.853155,Pas barometryczny,1081.38,1081.38,true
session_20260623_163953_final,2622,267462,2026-06-23T16:44:20.941080,Pas barometryczny,1081.36,1081.36,true
session_20260623_163953_final,2623,267548,2026-06-23T16:44:21.027338,Pas barometryczny,1081.29,1081.29,true
session_20260623_163953_final,2624,267654,2026-06-23T16:44:21.133177,Pas barometryczny,1081.14,1081.14,true
session_20260623_163953_final,2625,267785,2026-06-23T16:44:21.264495,Pas barometryczny,1080.98,1080.98,true
session_20260623_163953_final,2626,267862,2026-06-23T16:44:21.341697,Pas barometryczny,1080.93,1080.93,true
session_20260623_163953_final,2627,267971,2026-06-23T16:44:21.450112,Pas barometryczny,1080.93,1080.93,true
session_20260623_163953_final,2628,268043,2026-06-23T16:44:21.522539,Pas barometryczny,1081.08,1081.08,true
session_20260623_163953_final,2629,268183,2026-06-23T16:44:21.662574,Pas barometryczny,1081.07,1081.07,true
session_20260623_163953_final,2630,268270,2026-06-23T16:44:21.749360,Pas barometryczny,1079.66,1079.66,true
session_20260623_163953_final,2631,268359,2026-06-23T16:44:21.838443,Pas barometryczny,1078.94,1078.94,true
session_20260623_163953_final,2632,268459,2026-06-23T16:44:21.937973,Pas barometryczny,1078.36,1078.36,true
session_20260623_163953_final,2633,268584,2026-06-23T16:44:22.063315,Pas barometryczny,1077.90,1077.90,true
session_20260623_163953_final,2634,268677,2026-06-23T16:44:22.156545,Pas barometryczny,1077.54,1077.54,true
session_20260623_163953_final,2635,268772,2026-06-23T16:44:22.251738,Pas barometryczny,1077.09,1077.09,true
session_20260623_163953_final,2636,268858,2026-06-23T16:44:22.337607,Pas barometryczny,1076.64,1076.64,true
session_20260623_163953_final,2637,268989,2026-06-23T16:44:22.468452,Pas barometryczny,1076.10,1076.10,true
session_20260623_163953_final,2638,269089,2026-06-23T16:44:22.568041,Pas barometryczny,1075.69,1075.69,true
session_20260623_163953_final,2639,269169,2026-06-23T16:44:22.647948,Pas barometryczny,1075.41,1075.41,true
session_20260623_163953_final,2640,269309,2026-06-23T16:44:22.788489,Pas barometryczny,1075.08,1075.08,true
session_20260623_163953_final,2641,269406,2026-06-23T16:44:22.885640,Pas barometryczny,1074.69,1074.69,true
session_20260623_163953_final,2642,269485,2026-06-23T16:44:22.963989,Pas barometryczny,1074.38,1074.38,true
session_20260623_163953_final,2643,269574,2026-06-23T16:44:23.053254,Pas barometryczny,1074.02,1074.02,true
session_20260623_163953_final,2644,269713,2026-06-23T16:44:23.192700,Pas barometryczny,1073.64,1073.64,true
session_20260623_163953_final,2645,269798,2026-06-23T16:44:23.277516,Pas barometryczny,1073.33,1073.33,true
session_20260623_163953_final,2646,269889,2026-06-23T16:44:23.368632,Pas barometryczny,1072.99,1072.99,true
session_20260623_163953_final,2647,269981,2026-06-23T16:44:23.460036,Pas barometryczny,1072.82,1072.82,true
session_20260623_163953_final,2648,270114,2026-06-23T16:44:23.593271,Pas barometryczny,1072.81,1072.81,true
session_20260623_163953_final,2649,270203,2026-06-23T16:44:23.681988,Pas barometryczny,1072.94,1072.94,true
session_20260623_163953_final,2650,270293,2026-06-23T16:44:23.772267,Pas barometryczny,1073.16,1073.16,true
session_20260623_163953_final,2651,270397,2026-06-23T16:44:23.876013,Pas barometryczny,1073.75,1073.75,true
session_20260623_163953_final,2652,270526,2026-06-23T16:44:24.005442,Pas barometryczny,1074.64,1074.64,true
session_20260623_163953_final,2653,270609,2026-06-23T16:44:24.088457,Pas barometryczny,1075.49,1075.49,true
session_20260623_163953_final,2654,270713,2026-06-23T16:44:24.192776,Pas barometryczny,1076.25,1076.25,true
session_20260623_163953_final,2655,270842,2026-06-23T16:44:24.321019,Pas barometryczny,1076.93,1076.93,true
session_20260623_163953_final,2656,270926,2026-06-23T16:44:24.405087,Pas barometryczny,1077.44,1077.44,true
session_20260623_163953_final,2657,271030,2026-06-23T16:44:24.509739,Pas barometryczny,1077.95,1077.95,true
session_20260623_163953_final,2658,271106,2026-06-23T16:44:24.584999,Pas barometryczny,1078.41,1078.41,true
session_20260623_163953_final,2659,271247,2026-06-23T16:44:24.725919,Pas barometryczny,1078.83,1078.83,true
session_20260623_163953_final,2660,271327,2026-06-23T16:44:24.806693,Pas barometryczny,1079.70,1079.70,true
session_20260623_163953_final,2661,271420,2026-06-23T16:44:24.899035,Pas barometryczny,1080.13,1080.13,true
session_20260623_163953_final,2662,271509,2026-06-23T16:44:24.988441,Pas barometryczny,1080.40,1080.40,true
session_20260623_163953_final,2663,271646,2026-06-23T16:44:25.125405,Pas barometryczny,1080.80,1080.80,true
session_20260623_163953_final,2664,271747,2026-06-23T16:44:25.226303,Pas barometryczny,1081.00,1081.00,true
session_20260623_163953_final,2665,271832,2026-06-23T16:44:25.311370,Pas barometryczny,1081.29,1081.29,true
session_20260623_163953_final,2666,271934,2026-06-23T16:44:25.412827,Pas barometryczny,1081.57,1081.57,true
session_20260623_163953_final,2667,272050,2026-06-23T16:44:25.529537,Pas barometryczny,1081.77,1081.77,true
session_20260623_163953_final,2668,272150,2026-06-23T16:44:25.629536,Pas barometryczny,1082.03,1082.03,true
session_20260623_163953_final,2669,272235,2026-06-23T16:44:25.713866,Pas barometryczny,1082.20,1082.20,true
session_20260623_163953_final,2670,272367,2026-06-23T16:44:25.846179,Pas barometryczny,1082.30,1082.30,true
session_20260623_163953_final,2671,272468,2026-06-23T16:44:25.947735,Pas barometryczny,1082.35,1082.35,true
session_20260623_163953_final,2672,272546,2026-06-23T16:44:26.025344,Pas barometryczny,1082.31,1082.31,true
session_20260623_163953_final,2673,272634,2026-06-23T16:44:26.113655,Pas barometryczny,1082.16,1082.16,true
session_20260623_163953_final,2674,272786,2026-06-23T16:44:26.265042,Pas barometryczny,1081.76,1081.76,true
session_20260623_163953_final,2675,272865,2026-06-23T16:44:26.344542,Pas barometryczny,1081.05,1081.05,true
session_20260623_163953_final,2676,272950,2026-06-23T16:44:26.429226,Pas barometryczny,1080.39,1080.39,true
session_20260623_163953_final,2677,273048,2026-06-23T16:44:26.526856,Pas barometryczny,1079.68,1079.68,true
session_20260623_163953_final,2678,273174,2026-06-23T16:44:26.653006,Pas barometryczny,1079.06,1079.06,true
session_20260623_163953_final,2679,273266,2026-06-23T16:44:26.745712,Pas barometryczny,1078.58,1078.58,true
session_20260623_163953_final,2680,273373,2026-06-23T16:44:26.852171,Pas barometryczny,1078.06,1078.06,true
session_20260623_163953_final,2681,273451,2026-06-23T16:44:26.930485,Pas barometryczny,1077.72,1077.72,true
session_20260623_163953_final,2682,273578,2026-06-23T16:44:27.057791,Pas barometryczny,1077.32,1077.32,true
session_20260623_163953_final,2683,273673,2026-06-23T16:44:27.151924,Pas barometryczny,1076.98,1076.98,true
session_20260623_163953_final,2684,273773,2026-06-23T16:44:27.252166,Pas barometryczny,1076.41,1076.41,true
session_20260623_163953_final,2685,273905,2026-06-23T16:44:27.384801,Pas barometryczny,1075.98,1075.98,true
session_20260623_163953_final,2686,273984,2026-06-23T16:44:27.463016,Pas barometryczny,1075.63,1075.63,true
session_20260623_163953_final,2687,274076,2026-06-23T16:44:27.555809,Pas barometryczny,1075.46,1075.46,true
session_20260623_163953_final,2688,274170,2026-06-23T16:44:27.649574,Pas barometryczny,1075.10,1075.10,true
session_20260623_163953_final,2689,274305,2026-06-23T16:44:27.783961,Pas barometryczny,1074.69,1074.69,true
session_20260623_163953_final,2690,274388,2026-06-23T16:44:27.867685,Pas barometryczny,1074.29,1074.29,true
session_20260623_163953_final,2691,274478,2026-06-23T16:44:27.957710,Pas barometryczny,1073.56,1073.56,true
session_20260623_163953_final,2692,274572,2026-06-23T16:44:28.051706,Pas barometryczny,1073.42,1073.42,true
session_20260623_163953_final,2693,274704,2026-06-23T16:44:28.183716,Pas barometryczny,1073.33,1073.33,true
session_20260623_163953_final,2694,274796,2026-06-23T16:44:28.274857,Pas barometryczny,1073.28,1073.28,true
session_20260623_163953_final,2695,274885,2026-06-23T16:44:28.364472,Pas barometryczny,1073.29,1073.29,true
session_20260623_163953_final,2696,274977,2026-06-23T16:44:28.456315,Pas barometryczny,1073.37,1073.37,true
session_20260623_163953_final,2697,275118,2026-06-23T16:44:28.597613,Pas barometryczny,1073.53,1073.53,true
session_20260623_163953_final,2698,275209,2026-06-23T16:44:28.688631,Pas barometryczny,1073.89,1073.89,true
session_20260623_163953_final,2699,275293,2026-06-23T16:44:28.772017,Pas barometryczny,1074.36,1074.36,true
session_20260623_163953_final,2700,275424,2026-06-23T16:44:28.903671,Pas barometryczny,1074.94,1074.94,true
session_20260623_163953_final,2701,275526,2026-06-23T16:44:29.005420,Pas barometryczny,1075.54,1075.54,true
session_20260623_163953_final,2702,275602,2026-06-23T16:44:29.081284,Pas barometryczny,1076.10,1076.10,true
session_20260623_163953_final,2703,275711,2026-06-23T16:44:29.189857,Pas barometryczny,1076.63,1076.63,true
session_20260623_163953_final,2704,275846,2026-06-23T16:44:29.324842,Pas barometryczny,1077.03,1077.03,true
session_20260623_163953_final,2705,275924,2026-06-23T16:44:29.403467,Pas barometryczny,1077.53,1077.53,true
session_20260623_163953_final,2706,276009,2026-06-23T16:44:29.488104,Pas barometryczny,1078.05,1078.05,true
session_20260623_163953_final,2707,276100,2026-06-23T16:44:29.578885,Pas barometryczny,1078.51,1078.51,true
session_20260623_163953_final,2708,276243,2026-06-23T16:44:29.722425,Pas barometryczny,1078.97,1078.97,true
session_20260623_163953_final,2709,276324,2026-06-23T16:44:29.803118,Pas barometryczny,1079.34,1079.34,true
session_20260623_163953_final,2710,276417,2026-06-23T16:44:29.896163,Pas barometryczny,1079.69,1079.69,true
session_20260623_163953_final,2711,276510,2026-06-23T16:44:29.989531,Pas barometryczny,1079.83,1079.83,true
session_20260623_163953_final,2712,276645,2026-06-23T16:44:30.124059,Pas barometryczny,1080.09,1080.09,true
session_20260623_163953_final,2713,276729,2026-06-23T16:44:30.208037,Pas barometryczny,1080.39,1080.39,true
session_20260623_163953_final,2714,276827,2026-06-23T16:44:30.305990,Pas barometryczny,1080.70,1080.70,true
session_20260623_163953_final,2715,276964,2026-06-23T16:44:30.442956,Pas barometryczny,1080.98,1080.98,true
session_20260623_163953_final,2716,277043,2026-06-23T16:44:30.522073,Pas barometryczny,1081.30,1081.30,true
session_20260623_163953_final,2717,277146,2026-06-23T16:44:30.624844,Pas barometryczny,1081.50,1081.50,true
session_20260623_163953_final,2718,277224,2026-06-23T16:44:30.703109,Pas barometryczny,1081.66,1081.66,true
session_20260623_163953_final,2719,277363,2026-06-23T16:44:30.842252,Pas barometryczny,1081.95,1081.95,true
session_20260623_163953_final,2720,277467,2026-06-23T16:44:30.946531,Pas barometryczny,1082.19,1082.19,true
session_20260623_163953_final,2721,277538,2026-06-23T16:44:31.017769,Pas barometryczny,1082.37,1082.37,true
session_20260623_163953_final,2722,277637,2026-06-23T16:44:31.116127,Pas barometryczny,1081.95,1081.95,true
session_20260623_163953_final,2723,277767,2026-06-23T16:44:31.246352,Pas barometryczny,1081.60,1081.60,true
session_20260623_163953_final,2724,277865,2026-06-23T16:44:31.344333,Pas barometryczny,1081.34,1081.34,true
session_20260623_163953_final,2725,277942,2026-06-23T16:44:31.421499,Pas barometryczny,1081.07,1081.07,true
session_20260623_163953_final,2726,278035,2026-06-23T16:44:31.514001,Pas barometryczny,1080.77,1080.77,true
session_20260623_163953_final,2727,278182,2026-06-23T16:44:31.661810,Pas barometryczny,1080.31,1080.31,true
session_20260623_163953_final,2728,278270,2026-06-23T16:44:31.749263,Pas barometryczny,1079.86,1079.86,true
session_20260623_163953_final,2729,278351,2026-06-23T16:44:31.830027,Pas barometryczny,1079.31,1079.31,true
session_20260623_163953_final,2730,278489,2026-06-23T16:44:31.967900,Pas barometryczny,1078.78,1078.78,true
session_20260623_163953_final,2731,278580,2026-06-23T16:44:32.059767,Pas barometryczny,1078.35,1078.35,true
session_20260623_163953_final,2732,278670,2026-06-23T16:44:32.149583,Pas barometryczny,1077.85,1077.85,true
session_20260623_163953_final,2733,278770,2026-06-23T16:44:32.249298,Pas barometryczny,1077.41,1077.41,true
session_20260623_163953_final,2734,278899,2026-06-23T16:44:32.378724,Pas barometryczny,1076.97,1076.97,true
session_20260623_163953_final,2735,278988,2026-06-23T16:44:32.467038,Pas barometryczny,1076.74,1076.74,true
session_20260623_163953_final,2736,279068,2026-06-23T16:44:32.547224,Pas barometryczny,1076.31,1076.31,true
session_20260623_163953_final,2737,279170,2026-06-23T16:44:32.649542,Pas barometryczny,1075.81,1075.81,true
session_20260623_163953_final,2738,279294,2026-06-23T16:44:32.772947,Pas barometryczny,1075.49,1075.49,true
session_20260623_163953_final,2739,279382,2026-06-23T16:44:32.861608,Pas barometryczny,1075.09,1075.09,true
session_20260623_163953_final,2740,279490,2026-06-23T16:44:32.969330,Pas barometryczny,1074.66,1074.66,true
session_20260623_163953_final,2741,279574,2026-06-23T16:44:33.053671,Pas barometryczny,1074.34,1074.34,true
session_20260623_163953_final,2742,279700,2026-06-23T16:44:33.179088,Pas barometryczny,1073.99,1073.99,true
session_20260623_163953_final,2743,279790,2026-06-23T16:44:33.269657,Pas barometryczny,1073.73,1073.73,true
session_20260623_163953_final,2744,279881,2026-06-23T16:44:33.359877,Pas barometryczny,1073.41,1073.41,true
session_20260623_163953_final,2745,280014,2026-06-23T16:44:33.493027,Pas barometryczny,1073.20,1073.20,true
session_20260623_163953_final,2746,280108,2026-06-23T16:44:33.587431,Pas barometryczny,1073.06,1073.06,true
session_20260623_163953_final,2747,280206,2026-06-23T16:44:33.685659,Pas barometryczny,1072.99,1072.99,true
session_20260623_163953_final,2748,280288,2026-06-23T16:44:33.767370,Pas barometryczny,1073.05,1073.05,true
session_20260623_163953_final,2749,280419,2026-06-23T16:44:33.898434,Pas barometryczny,1073.62,1073.62,true
session_20260623_163953_final,2750,280526,2026-06-23T16:44:34.005058,Pas barometryczny,1074.42,1074.42,true
session_20260623_163953_final,2751,280598,2026-06-23T16:44:34.077727,Pas barometryczny,1075.19,1075.19,true
session_20260623_163953_final,2752,280691,2026-06-23T16:44:34.170141,Pas barometryczny,1075.77,1075.77,true
session_20260623_163953_final,2753,280824,2026-06-23T16:44:34.303540,Pas barometryczny,1076.99,1076.99,true
session_20260623_163953_final,2754,280920,2026-06-23T16:44:34.399082,Pas barometryczny,1077.45,1077.45,true
session_20260623_163953_final,2755,281004,2026-06-23T16:44:34.483218,Pas barometryczny,1077.92,1077.92,true
session_20260623_163953_final,2756,281112,2026-06-23T16:44:34.590976,Pas barometryczny,1078.32,1078.32,true
session_20260623_163953_final,2757,281237,2026-06-23T16:44:34.716148,Pas barometryczny,1078.79,1078.79,true
session_20260623_163953_final,2758,281318,2026-06-23T16:44:34.796884,Pas barometryczny,1079.12,1079.12,true
session_20260623_163953_final,2759,281408,2026-06-23T16:44:34.887761,Pas barometryczny,1079.44,1079.44,true
session_20260623_163953_final,2760,281548,2026-06-23T16:44:35.026987,Pas barometryczny,1079.78,1079.78,true
session_20260623_163953_final,2761,281646,2026-06-23T16:44:35.124958,Pas barometryczny,1080.12,1080.12,true
session_20260623_163953_final,2762,281722,2026-06-23T16:44:35.201293,Pas barometryczny,1080.41,1080.41,true
session_20260623_163953_final,2763,281830,2026-06-23T16:44:35.309033,Pas barometryczny,1080.71,1080.71,true
session_20260623_163953_final,2764,281965,2026-06-23T16:44:35.444045,Pas barometryczny,1081.08,1081.08,true
session_20260623_163953_final,2765,282038,2026-06-23T16:44:35.517268,Pas barometryczny,1081.25,1081.25,true
session_20260623_163953_final,2766,282134,2026-06-23T16:44:35.613243,Pas barometryczny,1081.42,1081.42,true
session_20260623_163953_final,2767,282218,2026-06-23T16:44:35.697438,Pas barometryczny,1081.69,1081.69,true
session_20260623_163953_final,2768,282365,2026-06-23T16:44:35.843819,Pas barometryczny,1081.94,1081.94,true
session_20260623_163953_final,2769,282443,2026-06-23T16:44:35.922505,Pas barometryczny,1082.01,1082.01,true
session_20260623_163953_final,2770,282533,2026-06-23T16:44:36.012226,Pas barometryczny,1081.82,1081.82,true
session_20260623_163953_final,2771,282624,2026-06-23T16:44:36.103648,Pas barometryczny,1081.84,1081.84,true
session_20260623_163953_final,2772,282758,2026-06-23T16:44:36.237477,Pas barometryczny,1081.78,1081.78,true
session_20260623_163953_final,2773,282865,2026-06-23T16:44:36.343865,Pas barometryczny,1081.66,1081.66,true
session_20260623_163953_final,2774,282948,2026-06-23T16:44:36.426870,Pas barometryczny,1081.50,1081.50,true
session_20260623_163953_final,2775,283082,2026-06-23T16:44:36.561016,Pas barometryczny,1080.96,1080.96,true
session_20260623_163953_final,2776,283163,2026-06-23T16:44:36.642020,Pas barometryczny,1080.49,1080.49,true
session_20260623_163953_final,2777,283263,2026-06-23T16:44:36.741835,Pas barometryczny,1079.87,1079.87,true
session_20260623_163953_final,2778,283352,2026-06-23T16:44:36.830963,Pas barometryczny,1079.37,1079.37,true
session_20260623_163953_final,2779,283485,2026-06-23T16:44:36.964767,Pas barometryczny,1078.76,1078.76,true
session_20260623_163953_final,2780,283583,2026-06-23T16:44:37.062431,Pas barometryczny,1078.28,1078.28,true
session_20260623_163953_final,2781,283664,2026-06-23T16:44:37.143709,Pas barometryczny,1077.97,1077.97,true
session_20260623_163953_final,2782,283750,2026-06-23T16:44:37.228895,Pas barometryczny,1077.57,1077.57,true
session_20260623_163953_final,2783,283883,2026-06-23T16:44:37.361871,Pas barometryczny,1077.32,1077.32,true
session_20260623_163953_final,2784,283989,2026-06-23T16:44:37.468196,Pas barometryczny,1076.69,1076.69,true
session_20260623_163953_final,2785,284064,2026-06-23T16:44:37.543806,Pas barometryczny,1076.20,1076.20,true
session_20260623_163953_final,2786,284156,2026-06-23T16:44:37.635195,Pas barometryczny,1075.86,1075.86,true
session_20260623_163953_final,2787,284301,2026-06-23T16:44:37.780269,Pas barometryczny,1075.59,1075.59,true
session_20260623_163953_final,2788,284379,2026-06-23T16:44:37.857926,Pas barometryczny,1075.36,1075.36,true
session_20260623_163953_final,2789,284473,2026-06-23T16:44:37.951931,Pas barometryczny,1075.17,1075.17,true
session_20260623_163953_final,2790,284607,2026-06-23T16:44:38.086444,Pas barometryczny,1074.89,1074.89,true
session_20260623_163953_final,2791,284705,2026-06-23T16:44:38.184072,Pas barometryczny,1074.66,1074.66,true
session_20260623_163953_final,2792,284788,2026-06-23T16:44:38.267299,Pas barometryczny,1074.36,1074.36,true
session_20260623_163953_final,2793,284891,2026-06-23T16:44:38.370430,Pas barometryczny,1074.23,1074.23,true
session_20260623_163953_final,2794,285024,2026-06-23T16:44:38.503797,Pas barometryczny,1074.18,1074.18,true
session_20260623_163953_final,2795,285105,2026-06-23T16:44:38.584001,Pas barometryczny,1074.20,1074.20,true
session_20260623_163953_final,2796,285211,2026-06-23T16:44:38.690541,Pas barometryczny,1074.29,1074.29,true
session_20260623_163953_final,2797,285288,2026-06-23T16:44:38.767319,Pas barometryczny,1074.44,1074.44,true
session_20260623_163953_final,2798,285421,2026-06-23T16:44:38.900299,Pas barometryczny,1074.92,1074.92,true
session_20260623_163953_final,2799,285504,2026-06-23T16:44:38.983547,Pas barometryczny,1075.50,1075.50,true
session_20260623_163953_final,2800,285602,2026-06-23T16:44:39.081140,Pas barometryczny,1076.19,1076.19,true
session_20260623_163953_final,2801,285682,2026-06-23T16:44:39.161539,Pas barometryczny,1076.88,1076.88,true
session_20260623_163953_final,2802,285818,2026-06-23T16:44:39.297305,Pas barometryczny,1077.49,1077.49,true
session_20260623_163953_final,2803,285912,2026-06-23T16:44:39.391229,Pas barometryczny,1078.00,1078.00,true
session_20260623_163953_final,2804,286003,2026-06-23T16:44:39.482216,Pas barometryczny,1078.59,1078.59,true
session_20260623_163953_final,2805,286135,2026-06-23T16:44:39.614027,Pas barometryczny,1078.97,1078.97,true
session_20260623_163953_final,2806,286224,2026-06-23T16:44:39.702946,Pas barometryczny,1079.36,1079.36,true
session_20260623_163953_final,2807,286323,2026-06-23T16:44:39.802573,Pas barometryczny,1079.71,1079.71,true
session_20260623_163953_final,2808,286403,2026-06-23T16:44:39.882228,Pas barometryczny,1080.01,1080.01,true
session_20260623_163953_final,2809,286538,2026-06-23T16:44:40.017176,Pas barometryczny,1080.39,1080.39,true
session_20260623_163953_final,2810,286645,2026-06-23T16:44:40.123980,Pas barometryczny,1080.75,1080.75,true
session_20260623_163953_final,2811,286729,2026-06-23T16:44:40.207904,Pas barometryczny,1081.11,1081.11,true
session_20260623_163953_final,2812,286808,2026-06-23T16:44:40.287809,Pas barometryczny,1081.36,1081.36,true
session_20260623_163953_final,2813,286942,2026-06-23T16:44:40.421802,Pas barometryczny,1081.60,1081.60,true
session_20260623_163953_final,2814,287033,2026-06-23T16:44:40.512036,Pas barometryczny,1081.96,1081.96,true
session_20260623_163953_final,2815,287126,2026-06-23T16:44:40.605149,Pas barometryczny,1082.16,1082.16,true
session_20260623_163953_final,2816,287215,2026-06-23T16:44:40.694446,Pas barometryczny,1082.33,1082.33,true
session_20260623_163953_final,2817,287352,2026-06-23T16:44:40.830983,Pas barometryczny,1082.22,1082.22,true
session_20260623_163953_final,2818,287438,2026-06-23T16:44:40.917495,Pas barometryczny,1081.79,1081.79,true
session_20260623_163953_final,2819,287529,2026-06-23T16:44:41.007857,Pas barometryczny,1081.39,1081.39,true
session_20260623_163953_final,2820,287674,2026-06-23T16:44:41.153169,Pas barometryczny,1081.02,1081.02,true
session_20260623_163953_final,2821,287754,2026-06-23T16:44:41.232833,Pas barometryczny,1080.62,1080.62,true
session_20260623_163953_final,2822,287843,2026-06-23T16:44:41.322046,Pas barometryczny,1080.16,1080.16,true
session_20260623_163953_final,2823,287949,2026-06-23T16:44:41.428217,Pas barometryczny,1079.76,1079.76,true
session_20260623_163953_final,2824,288079,2026-06-23T16:44:41.558565,Pas barometryczny,1079.26,1079.26,true
session_20260623_163953_final,2825,288161,2026-06-23T16:44:41.639908,Pas barometryczny,1078.86,1078.86,true
session_20260623_163953_final,2826,288252,2026-06-23T16:44:41.731377,Pas barometryczny,1078.36,1078.36,true
session_20260623_163953_final,2827,288345,2026-06-23T16:44:41.824078,Pas barometryczny,1077.92,1077.92,true
session_20260623_163953_final,2828,288480,2026-06-23T16:44:41.959575,Pas barometryczny,1077.56,1077.56,true
session_20260623_163953_final,2829,288565,2026-06-23T16:44:42.044799,Pas barometryczny,1077.25,1077.25,true
session_20260623_163953_final,2830,288653,2026-06-23T16:44:42.132653,Pas barometryczny,1076.93,1076.93,true
session_20260623_163953_final,2831,288745,2026-06-23T16:44:42.224167,Pas barometryczny,1076.60,1076.60,true
session_20260623_163953_final,2832,288882,2026-06-23T16:44:42.361147,Pas barometryczny,1076.39,1076.39,true
session_20260623_163953_final,2833,288981,2026-06-23T16:44:42.460058,Pas barometryczny,1076.19,1076.19,true
session_20260623_163953_final,2834,289061,2026-06-23T16:44:42.540228,Pas barometryczny,1075.81,1075.81,true
session_20260623_163953_final,2835,289198,2026-06-23T16:44:42.677301,Pas barometryczny,1075.51,1075.51,true
session_20260623_163953_final,2836,289283,2026-06-23T16:44:42.762462,Pas barometryczny,1075.35,1075.35,true
session_20260623_163953_final,2837,289385,2026-06-23T16:44:42.863845,Pas barometryczny,1075.14,1075.14,true
session_20260623_163953_final,2838,289464,2026-06-23T16:44:42.943011,Pas barometryczny,1074.84,1074.84,true
session_20260623_163953_final,2839,289600,2026-06-23T16:44:43.079377,Pas barometryczny,1074.56,1074.56,true
session_20260623_163953_final,2840,289703,2026-06-23T16:44:43.182229,Pas barometryczny,1074.45,1074.45,true
session_20260623_163953_final,2841,289785,2026-06-23T16:44:43.264723,Pas barometryczny,1074.31,1074.31,true
session_20260623_163953_final,2842,289867,2026-06-23T16:44:43.346010,Pas barometryczny,1074.30,1074.30,true
session_20260623_163953_final,2843,290021,2026-06-23T16:44:43.500338,Pas barometryczny,1074.38,1074.38,true
session_20260623_163953_final,2844,290099,2026-06-23T16:44:43.578549,Pas barometryczny,1074.47,1074.47,true
session_20260623_163953_final,2845,290182,2026-06-23T16:44:43.661701,Pas barometryczny,1075.34,1075.34,true
session_20260623_163953_final,2846,290285,2026-06-23T16:44:43.764743,Pas barometryczny,1076.05,1076.05,true
session_20260623_163953_final,2847,290423,2026-06-23T16:44:43.902214,Pas barometryczny,1076.68,1076.68,true
session_20260623_163953_final,2848,290497,2026-06-23T16:44:43.976769,Pas barometryczny,1077.15,1077.15,true
session_20260623_163953_final,2849,290597,2026-06-23T16:44:44.075938,Pas barometryczny,1077.68,1077.68,true
session_20260623_163953_final,2850,290730,2026-06-23T16:44:44.209245,Pas barometryczny,1078.16,1078.16,true
session_20260623_163953_final,2851,290814,2026-06-23T16:44:44.293292,Pas barometryczny,1078.64,1078.64,true
session_20260623_163953_final,2852,290903,2026-06-23T16:44:44.382324,Pas barometryczny,1079.12,1079.12,true
session_20260623_163953_final,2853,291006,2026-06-23T16:44:44.485005,Pas barometryczny,1079.46,1079.46,true
session_20260623_163953_final,2854,291129,2026-06-23T16:44:44.608193,Pas barometryczny,1079.94,1079.94,true
session_20260623_163953_final,2855,291219,2026-06-23T16:44:44.698803,Pas barometryczny,1080.15,1080.15,true
session_20260623_163953_final,2856,291317,2026-06-23T16:44:44.795951,Pas barometryczny,1080.47,1080.47,true
session_20260623_163953_final,2857,291404,2026-06-23T16:44:44.883780,Pas barometryczny,1080.82,1080.82,true
session_20260623_163953_final,2858,291592,2026-06-23T16:44:45.071163,Pas barometryczny,1081.20,1081.20,true
session_20260623_163953_final,2859,291627,2026-06-23T16:44:45.106077,Pas barometryczny,1081.50,1081.50,true
session_20260623_163953_final,2860,291717,2026-06-23T16:44:45.196563,Pas barometryczny,1081.71,1081.71,true
session_20260623_163953_final,2861,291805,2026-06-23T16:44:45.284374,Pas barometryczny,1081.93,1081.93,true
session_20260623_163953_final,2862,291939,2026-06-23T16:44:45.418138,Pas barometryczny,1082.09,1082.09,true
session_20260623_163953_final,2863,292044,2026-06-23T16:44:45.522883,Pas barometryczny,1082.31,1082.31,true
session_20260623_163953_final,2864,292118,2026-06-23T16:44:45.597291,Pas barometryczny,1082.44,1082.44,true
session_20260623_163953_final,2865,292254,2026-06-23T16:44:45.733528,Pas barometryczny,1082.53,1082.53,true
session_20260623_163953_final,2866,292355,2026-06-23T16:44:45.834669,Pas barometryczny,1082.54,1082.54,true
session_20260623_163953_final,2867,292433,2026-06-23T16:44:45.912148,Pas barometryczny,1082.33,1082.33,true
session_20260623_163953_final,2868,292522,2026-06-23T16:44:46.001402,Pas barometryczny,1082.03,1082.03,true
session_20260623_163953_final,2869,292659,2026-06-23T16:44:46.138544,Pas barometryczny,1081.69,1081.69,true
session_20260623_163953_final,2870,292762,2026-06-23T16:44:46.241201,Pas barometryczny,1081.44,1081.44,true
session_20260623_163953_final,2871,292846,2026-06-23T16:44:46.324827,Pas barometryczny,1081.10,1081.10,true
session_20260623_163953_final,2872,292933,2026-06-23T16:44:46.412189,Pas barometryczny,1080.71,1080.71,true
session_20260623_163953_final,2873,293077,2026-06-23T16:44:46.556133,Pas barometryczny,1080.27,1080.27,true
session_20260623_163953_final,2874,293156,2026-06-23T16:44:46.635480,Pas barometryczny,1079.84,1079.84,true
session_20260623_163953_final,2875,293244,2026-06-23T16:44:46.723394,Pas barometryczny,1079.26,1079.26,true
session_20260623_163953_final,2876,293332,2026-06-23T16:44:46.811794,Pas barometryczny,1078.42,1078.42,true
session_20260623_163953_final,2877,293470,2026-06-23T16:44:46.949485,Pas barometryczny,1078.06,1078.06,true
session_20260623_163953_final,2878,293559,2026-06-23T16:44:47.038042,Pas barometryczny,1077.74,1077.74,true
session_20260623_163953_final,2879,293657,2026-06-23T16:44:47.136599,Pas barometryczny,1077.40,1077.40,true
session_20260623_163953_final,2880,293798,2026-06-23T16:44:47.277804,Pas barometryczny,1077.18,1077.18,true
session_20260623_163953_final,2881,293875,2026-06-23T16:44:47.354646,Pas barometryczny,1076.72,1076.72,true
session_20260623_163953_final,2882,293969,2026-06-23T16:44:47.448722,Pas barometryczny,1076.23,1076.23,true
session_20260623_163953_final,2883,294055,2026-06-23T16:44:47.534123,Pas barometryczny,1075.78,1075.78,true
session_20260623_163953_final,2884,294192,2026-06-23T16:44:47.671242,Pas barometryczny,1075.41,1075.41,true
session_20260623_163953_final,2885,294277,2026-06-23T16:44:47.756224,Pas barometryczny,1075.12,1075.12,true
session_20260623_163953_final,2886,294383,2026-06-23T16:44:47.862102,Pas barometryczny,1074.74,1074.74,true
session_20260623_163953_final,2887,294464,2026-06-23T16:44:47.943354,Pas barometryczny,1074.32,1074.32,true
session_20260623_163953_final,2888,294594,2026-06-23T16:44:48.072839,Pas barometryczny,1074.01,1074.01,true
session_20260623_163953_final,2889,294701,2026-06-23T16:44:48.180794,Pas barometryczny,1073.65,1073.65,true
session_20260623_163953_final,2890,294780,2026-06-23T16:44:48.259379,Pas barometryczny,1073.26,1073.26,true
session_20260623_163953_final,2891,294866,2026-06-23T16:44:48.345032,Pas barometryczny,1073.02,1073.02,true
session_20260623_163953_final,2892,295002,2026-06-23T16:44:48.481771,Pas barometryczny,1072.80,1072.80,true
session_20260623_163953_final,2893,295101,2026-06-23T16:44:48.580569,Pas barometryczny,1072.71,1072.71,true
session_20260623_163953_final,2894,295179,2026-06-23T16:44:48.658339,Pas barometryczny,1072.73,1072.73,true
session_20260623_163953_final,2895,295312,2026-06-23T16:44:48.791580,Pas barometryczny,1072.78,1072.78,true
session_20260623_163953_final,2896,295420,2026-06-23T16:44:48.899369,Pas barometryczny,1073.11,1073.11,true
session_20260623_163953_final,2897,295497,2026-06-23T16:44:48.976208,Pas barometryczny,1073.49,1073.49,true
session_20260623_163953_final,2898,295583,2026-06-23T16:44:49.062691,Pas barometryczny,1074.18,1074.18,true
session_20260623_163953_final,2899,295717,2026-06-23T16:44:49.196448,Pas barometryczny,1075.03,1075.03,true
session_20260623_163953_final,2900,295818,2026-06-23T16:44:49.297751,Pas barometryczny,1075.78,1075.78,true
session_20260623_163953_final,2901,295901,2026-06-23T16:44:49.380319,Pas barometryczny,1076.45,1076.45,true
session_20260623_163953_final,2902,296011,2026-06-23T16:44:49.489944,Pas barometryczny,1077.06,1077.06,true
session_20260623_163953_final,2903,296140,2026-06-23T16:44:49.619785,Pas barometryczny,1077.54,1077.54,true
session_20260623_163953_final,2904,296213,2026-06-23T16:44:49.692151,Pas barometryczny,1078.09,1078.09,true
session_20260623_163953_final,2905,296304,2026-06-23T16:44:49.782984,Pas barometryczny,1078.40,1078.40,true
session_20260623_163953_final,2906,296405,2026-06-23T16:44:49.883992,Pas barometryczny,1078.78,1078.78,true
session_20260623_163953_final,2907,296535,2026-06-23T16:44:50.014804,Pas barometryczny,1079.59,1079.59,true
session_20260623_163953_final,2908,296622,2026-06-23T16:44:50.101619,Pas barometryczny,1079.92,1079.92,true
session_20260623_163953_final,2909,296715,2026-06-23T16:44:50.194328,Pas barometryczny,1080.33,1080.33,true
session_20260623_163953_final,2910,296845,2026-06-23T16:44:50.323956,Pas barometryczny,1080.64,1080.64,true
session_20260623_163953_final,2911,296934,2026-06-23T16:44:50.413261,Pas barometryczny,1080.95,1080.95,true
session_20260623_163953_final,2912,297027,2026-06-23T16:44:50.505988,Pas barometryczny,1081.10,1081.10,true
session_20260623_163953_final,2913,297121,2026-06-23T16:44:50.600038,Pas barometryczny,1081.23,1081.23,true
session_20260623_163953_final,2914,297249,2026-06-23T16:44:50.727948,Pas barometryczny,1081.42,1081.42,true
session_20260623_163953_final,2915,297351,2026-06-23T16:44:50.830783,Pas barometryczny,1081.56,1081.56,true
session_20260623_163953_final,2916,297446,2026-06-23T16:44:50.924931,Pas barometryczny,1081.58,1081.58,true
session_20260623_163953_final,2917,297528,2026-06-23T16:44:51.007730,Pas barometryczny,1080.91,1080.91,true
session_20260623_163953_final,2918,297652,2026-06-23T16:44:51.131756,Pas barometryczny,1080.23,1080.23,true
session_20260623_163953_final,2919,297758,2026-06-23T16:44:51.237195,Pas barometryczny,1079.52,1079.52,true
session_20260623_163953_final,2920,297836,2026-06-23T16:44:51.314874,Pas barometryczny,1078.92,1078.92,true
session_20260623_163953_final,2921,297925,2026-06-23T16:44:51.403928,Pas barometryczny,1078.41,1078.41,true
session_20260623_163953_final,2922,298059,2026-06-23T16:44:51.538401,Pas barometryczny,1078.06,1078.06,true
session_20260623_163953_final,2923,298157,2026-06-23T16:44:51.636237,Pas barometryczny,1077.65,1077.65,true
session_20260623_163953_final,2924,298239,2026-06-23T16:44:51.718474,Pas barometryczny,1077.25,1077.25,true
session_20260623_163953_final,2925,298376,2026-06-23T16:44:51.854951,Pas barometryczny,1076.96,1076.96,true
session_20260623_163953_final,2926,298466,2026-06-23T16:44:51.945118,Pas barometryczny,1076.55,1076.55,true
session_20260623_163953_final,2927,298554,2026-06-23T16:44:52.033221,Pas barometryczny,1076.15,1076.15,true
session_20260623_163953_final,2928,298649,2026-06-23T16:44:52.128456,Pas barometryczny,1075.75,1075.75,true
session_20260623_163953_final,2929,298784,2026-06-23T16:44:52.263120,Pas barometryczny,1075.39,1075.39,true
session_20260623_163953_final,2930,298870,2026-06-23T16:44:52.349367,Pas barometryczny,1075.02,1075.02,true
session_20260623_163953_final,2931,298959,2026-06-23T16:44:52.438601,Pas barometryczny,1074.57,1074.57,true
session_20260623_163953_final,2932,299055,2026-06-23T16:44:52.534198,Pas barometryczny,1074.08,1074.08,true
session_20260623_163953_final,2933,299198,2026-06-23T16:44:52.676897,Pas barometryczny,1073.71,1073.71,true
session_20260623_163953_final,2934,299277,2026-06-23T16:44:52.756532,Pas barometryczny,1073.35,1073.35,true
session_20260623_163953_final,2935,299383,2026-06-23T16:44:52.862572,Pas barometryczny,1073.09,1073.09,true
session_20260623_163953_final,2936,299452,2026-06-23T16:44:52.931784,Pas barometryczny,1072.97,1072.97,true
session_20260623_163953_final,2937,299598,2026-06-23T16:44:53.077228,Pas barometryczny,1072.68,1072.68,true
session_20260623_163953_final,2938,299679,2026-06-23T16:44:53.157904,Pas barometryczny,1072.63,1072.63,true
session_20260623_163953_final,2939,299770,2026-06-23T16:44:53.249373,Pas barometryczny,1072.53,1072.53,true
session_20260623_163953_final,2940,299919,2026-06-23T16:44:53.398658,Pas barometryczny,1072.57,1072.57,true
session_20260623_163953_final,2941,299998,2026-06-23T16:44:53.477456,Pas barometryczny,1072.75,1072.75,true
session_20260623_163953_final,2942,300093,2026-06-23T16:44:53.572018,Pas barometryczny,1073.05,1073.05,true
session_20260623_163953_final,2943,300175,2026-06-23T16:44:53.654722,Pas barometryczny,1073.71,1073.71,true
session_20260623_163953_final,2944,300316,2026-06-23T16:44:53.795739,Pas barometryczny,1074.53,1074.53,true
session_20260623_163953_final,2945,300398,2026-06-23T16:44:53.877518,Pas barometryczny,1075.22,1075.22,true
session_20260623_163953_final,2946,300493,2026-06-23T16:44:53.971907,Pas barometryczny,1075.88,1075.88,true
session_20260623_163953_final,2947,300583,2026-06-23T16:44:54.062364,Pas barometryczny,1076.39,1076.39,true
session_20260623_163953_final,2948,300719,2026-06-23T16:44:54.198735,Pas barometryczny,1076.89,1076.89,true
session_20260623_163953_final,2949,300818,2026-06-23T16:44:54.297592,Pas barometryczny,1077.29,1077.29,true
session_20260623_163953_final,2950,300899,2026-06-23T16:44:54.377849,Pas barometryczny,1077.73,1077.73,true
session_20260623_163953_final,2951,300986,2026-06-23T16:44:54.465675,Pas barometryczny,1078.16,1078.16,true
session_20260623_163953_final,2952,301123,2026-06-23T16:44:54.601917,Pas barometryczny,1078.63,1078.63,true
session_20260623_163953_final,2953,301225,2026-06-23T16:44:54.704513,Pas barometryczny,1079.00,1079.00,true
session_20260623_163953_final,2954,301297,2026-06-23T16:44:54.776330,Pas barometryczny,1079.29,1079.29,true
session_20260623_163953_final,2955,301440,2026-06-23T16:44:54.919444,Pas barometryczny,1079.71,1079.71,true
session_20260623_163953_final,2956,301533,2026-06-23T16:44:55.012487,Pas barometryczny,1079.96,1079.96,true
session_20260623_163953_final,2957,301616,2026-06-23T16:44:55.095457,Pas barometryczny,1080.19,1080.19,true
session_20260623_163953_final,2958,301720,2026-06-23T16:44:55.199191,Pas barometryczny,1080.46,1080.46,true
session_20260623_163953_final,2959,301850,2026-06-23T16:44:55.329255,Pas barometryczny,1080.78,1080.78,true
session_20260623_163953_final,2960,301932,2026-06-23T16:44:55.411049,Pas barometryczny,1081.06,1081.06,true
session_20260623_163953_final,2961,302022,2026-06-23T16:44:55.501578,Pas barometryczny,1081.19,1081.19,true
session_20260623_163953_final,2962,302124,2026-06-23T16:44:55.603225,Pas barometryczny,1081.41,1081.41,true
session_20260623_163953_final,2963,302245,2026-06-23T16:44:55.724147,Pas barometryczny,1081.54,1081.54,true
session_20260623_163953_final,2964,302338,2026-06-23T16:44:55.816984,Pas barometryczny,1081.53,1081.53,true
session_20260623_163953_final,2965,302443,2026-06-23T16:44:55.922780,Pas barometryczny,1081.62,1081.62,true
session_20260623_163953_final,2966,302524,2026-06-23T16:44:56.003208,Pas barometryczny,1081.68,1081.68,true
session_20260623_163953_final,2967,302654,2026-06-23T16:44:56.133554,Pas barometryczny,1081.78,1081.78,true
session_20260623_163953_final,2968,302744,2026-06-23T16:44:56.223017,Pas barometryczny,1080.76,1080.76,true
session_20260623_163953_final,2969,302837,2026-06-23T16:44:56.316100,Pas barometryczny,1080.06,1080.06,true
session_20260623_163953_final,2970,302967,2026-06-23T16:44:56.445861,Pas barometryczny,1079.39,1079.39,true
session_20260623_163953_final,2971,303054,2026-06-23T16:44:56.533363,Pas barometryczny,1078.87,1078.87,true
session_20260623_163953_final,2972,303160,2026-06-23T16:44:56.638931,Pas barometryczny,1078.38,1078.38,true
session_20260623_163953_final,2973,303232,2026-06-23T16:44:56.711747,Pas barometryczny,1077.91,1077.91,true
session_20260623_163953_final,2974,303370,2026-06-23T16:44:56.849557,Pas barometryczny,1077.42,1077.42,true
session_20260623_163953_final,2975,303464,2026-06-23T16:44:56.943803,Pas barometryczny,1077.11,1077.11,true
session_20260623_163953_final,2976,303561,2026-06-23T16:44:57.040299,Pas barometryczny,1076.66,1076.66,true
session_20260623_163953_final,2977,303644,2026-06-23T16:44:57.123645,Pas barometryczny,1076.16,1076.16,true
session_20260623_163953_final,2978,303774,2026-06-23T16:44:57.253068,Pas barometryczny,1075.72,1075.72,true
session_20260623_163953_final,2979,303877,2026-06-23T16:44:57.356439,Pas barometryczny,1075.44,1075.44,true
session_20260623_163953_final,2980,303963,2026-06-23T16:44:57.441953,Pas barometryczny,1075.08,1075.08,true
session_20260623_163953_final,2981,304046,2026-06-23T16:44:57.525059,Pas barometryczny,1074.68,1074.68,true
session_20260623_163953_final,2982,304193,2026-06-23T16:44:57.672598,Pas barometryczny,1074.27,1074.27,true
session_20260623_163953_final,2983,304283,2026-06-23T16:44:57.762089,Pas barometryczny,1073.97,1073.97,true
session_20260623_163953_final,2984,304361,2026-06-23T16:44:57.839886,Pas barometryczny,1073.63,1073.63,true
session_20260623_163953_final,2985,304493,2026-06-23T16:44:57.972806,Pas barometryczny,1073.38,1073.38,true
session_20260623_163953_final,2986,304585,2026-06-23T16:44:58.063930,Pas barometryczny,1073.19,1073.19,true
session_20260623_163953_final,2987,304673,2026-06-23T16:44:58.152123,Pas barometryczny,1072.93,1072.93,true
session_20260623_163953_final,2988,304769,2026-06-23T16:44:58.248199,Pas barometryczny,1072.81,1072.81,true
session_20260623_163953_final,2989,304910,2026-06-23T16:44:58.388840,Pas barometryczny,1072.80,1072.80,true
session_20260623_163953_final,2990,304988,2026-06-23T16:44:58.467006,Pas barometryczny,1072.82,1072.82,true
session_20260623_163953_final,2991,305079,2026-06-23T16:44:58.558104,Pas barometryczny,1072.96,1072.96,true
session_20260623_163953_final,2992,305181,2026-06-23T16:44:58.659984,Pas barometryczny,1073.14,1073.14,true
session_20260623_163953_final,2993,305304,2026-06-23T16:44:58.782891,Pas barometryczny,1073.48,1073.48,true
session_20260623_163953_final,2994,305392,2026-06-23T16:44:58.871808,Pas barometryczny,1074.06,1074.06,true
session_20260623_163953_final,2995,305501,2026-06-23T16:44:58.980419,Pas barometryczny,1074.89,1074.89,true
session_20260623_163953_final,2996,305574,2026-06-23T16:44:59.053004,Pas barometryczny,1075.61,1075.61,true
session_20260623_163953_final,2997,305710,2026-06-23T16:44:59.189606,Pas barometryczny,1076.29,1076.29,true
session_20260623_163953_final,2998,305797,2026-06-23T16:44:59.276722,Pas barometryczny,1076.85,1076.85,true
session_20260623_163953_final,2999,305889,2026-06-23T16:44:59.367945,Pas barometryczny,1077.69,1077.69,true
session_20260623_163953_final,3000,306034,2026-06-23T16:44:59.513564,Pas barometryczny,1078.14,1078.14,true
session_20260623_163953_final,3001,306112,2026-06-23T16:44:59.591794,Pas barometryczny,1078.61,1078.61,true
session_20260623_163953_final,3002,306206,2026-06-23T16:44:59.685393,Pas barometryczny,1079.01,1079.01,true
session_20260623_163953_final,3003,306297,2026-06-23T16:44:59.776167,Pas barometryczny,1079.36,1079.36,true
session_20260623_163953_final,3004,306433,2026-06-23T16:44:59.912769,Pas barometryczny,1079.70,1079.70,true
session_20260623_163953_final,3005,306519,2026-06-23T16:44:59.997981,Pas barometryczny,1080.11,1080.11,true
session_20260623_163953_final,3006,306622,2026-06-23T16:45:00.101566,Pas barometryczny,1080.32,1080.32,true
session_20260623_163953_final,3007,306698,2026-06-23T16:45:00.177138,Pas barometryczny,1080.43,1080.43,true
session_20260623_163953_final,3008,306832,2026-06-23T16:45:00.311456,Pas barometryczny,1080.73,1080.73,true
session_20260623_163953_final,3009,306939,2026-06-23T16:45:00.418520,Pas barometryczny,1081.00,1081.00,true
session_20260623_163953_final,3010,307021,2026-06-23T16:45:00.500584,Pas barometryczny,1081.24,1081.24,true
session_20260623_163953_final,3011,307120,2026-06-23T16:45:00.599055,Pas barometryczny,1081.43,1081.43,true
session_20260623_163953_final,3012,307259,2026-06-23T16:45:00.738017,Pas barometryczny,1081.68,1081.68,true
session_20260623_163953_final,3013,307341,2026-06-23T16:45:00.820598,Pas barometryczny,1081.77,1081.77,true
session_20260623_163953_final,3014,307422,2026-06-23T16:45:00.900912,Pas barometryczny,1081.81,1081.81,true
session_20260623_163953_final,3015,307553,2026-06-23T16:45:01.032146,Pas barometryczny,1081.88,1081.88,true
session_20260623_163953_final,3016,307656,2026-06-23T16:45:01.135309,Pas barometryczny,1081.76,1081.76,true
session_20260623_163953_final,3017,307733,2026-06-23T16:45:01.212505,Pas barometryczny,1081.34,1081.34,true
session_20260623_163953_final,3018,307839,2026-06-23T16:45:01.318491,Pas barometryczny,1080.68,1080.68,true
session_20260623_163953_final,3019,307962,2026-06-23T16:45:01.441007,Pas barometryczny,1080.03,1080.03,true
session_20260623_163953_final,3020,308053,2026-06-23T16:45:01.532172,Pas barometryczny,1079.45,1079.45,true
session_20260623_163953_final,3021,308143,2026-06-23T16:45:01.622549,Pas barometryczny,1078.86,1078.86,true
session_20260623_163953_final,3022,308238,2026-06-23T16:45:01.717511,Pas barometryczny,1078.37,1078.37,true
session_20260623_163953_final,3023,308368,2026-06-23T16:45:01.847183,Pas barometryczny,1077.92,1077.92,true
session_20260623_163953_final,3024,308452,2026-06-23T16:45:01.931283,Pas barometryczny,1077.55,1077.55,true
session_20260623_163953_final,3025,308559,2026-06-23T16:45:02.038319,Pas barometryczny,1077.32,1077.32,true
session_20260623_163953_final,3026,308639,2026-06-23T16:45:02.118208,Pas barometryczny,1076.97,1076.97,true
session_20260623_163953_final,3027,308781,2026-06-23T16:45:02.260656,Pas barometryczny,1076.69,1076.69,true
session_20260623_163953_final,3028,308858,2026-06-23T16:45:02.337451,Pas barometryczny,1076.28,1076.28,true
session_20260623_163953_final,3029,308957,2026-06-23T16:45:02.436433,Pas barometryczny,1075.83,1075.83,true
session_20260623_163953_final,3030,309090,2026-06-23T16:45:02.569326,Pas barometryczny,1075.59,1075.59,true
session_20260623_163953_final,3031,309173,2026-06-23T16:45:02.652540,Pas barometryczny,1075.20,1075.20,true
session_20260623_163953_final,3032,309265,2026-06-23T16:45:02.744207,Pas barometryczny,1074.81,1074.81,true
session_20260623_163953_final,3033,309353,2026-06-23T16:45:02.832537,Pas barometryczny,1074.41,1074.41,true
session_20260623_163953_final,3034,309489,2026-06-23T16:45:02.967918,Pas barometryczny,1074.02,1074.02,true
session_20260623_163953_final,3035,309583,2026-06-23T16:45:03.061933,Pas barometryczny,1073.63,1073.63,true
session_20260623_163953_final,3036,309669,2026-06-23T16:45:03.148059,Pas barometryczny,1073.34,1073.34,true
session_20260623_163953_final,3037,309766,2026-06-23T16:45:03.245169,Pas barometryczny,1073.16,1073.16,true
session_20260623_163953_final,3038,309894,2026-06-23T16:45:03.373698,Pas barometryczny,1073.00,1073.00,true
session_20260623_163953_final,3039,309984,2026-06-23T16:45:03.463570,Pas barometryczny,1072.84,1072.84,true
session_20260623_163953_final,3040,310075,2026-06-23T16:45:03.554697,Pas barometryczny,1072.79,1072.79,true
session_20260623_163953_final,3041,310180,2026-06-23T16:45:03.659734,Pas barometryczny,1072.75,1072.75,true
session_20260623_163953_final,3042,310315,2026-06-23T16:45:03.794082,Pas barometryczny,1072.92,1072.92,true
session_20260623_163953_final,3043,310397,2026-06-23T16:45:03.876812,Pas barometryczny,1073.19,1073.19,true
session_20260623_163953_final,3044,310485,2026-06-23T16:45:03.964466,Pas barometryczny,1073.79,1073.79,true
session_20260623_163953_final,3045,310613,2026-06-23T16:45:04.091953,Pas barometryczny,1074.53,1074.53,true
session_20260623_163953_final,3046,310716,2026-06-23T16:45:04.195186,Pas barometryczny,1075.28,1075.28,true
session_20260623_163953_final,3047,310794,2026-06-23T16:45:04.272879,Pas barometryczny,1075.95,1075.95,true
session_20260623_163953_final,3048,310886,2026-06-23T16:45:04.365775,Pas barometryczny,1076.55,1076.55,true
session_20260623_163953_final,3049,311022,2026-06-23T16:45:04.501565,Pas barometryczny,1077.17,1077.17,true
session_20260623_163953_final,3050,311109,2026-06-23T16:45:04.588131,Pas barometryczny,1077.58,1077.58,true
session_20260623_163953_final,3051,311202,2026-06-23T16:45:04.681416,Pas barometryczny,1077.92,1077.92,true
session_20260623_163953_final,3052,311294,2026-06-23T16:45:04.773793,Pas barometryczny,1078.33,1078.33,true
session_20260623_163953_final,3053,311434,2026-06-23T16:45:04.913631,Pas barometryczny,1078.79,1078.79,true
session_20260623_163953_final,3054,311513,2026-06-23T16:45:04.992796,Pas barometryczny,1079.14,1079.14,true
session_20260623_163953_final,3055,311618,2026-06-23T16:45:05.097621,Pas barometryczny,1079.42,1079.42,true
session_20260623_163953_final,3056,311692,2026-06-23T16:45:05.171802,Pas barometryczny,1079.80,1079.80,true
session_20260623_163953_final,3057,311837,2026-06-23T16:45:05.315860,Pas barometryczny,1080.04,1080.04,true
session_20260623_163953_final,3058,311935,2026-06-23T16:45:05.414116,Pas barometryczny,1080.26,1080.26,true
session_20260623_163953_final,3059,312016,2026-06-23T16:45:05.495675,Pas barometryczny,1080.36,1080.36,true
session_20260623_163953_final,3060,312147,2026-06-23T16:45:05.626277,Pas barometryczny,1078.97,1078.97,true
session_20260623_163953_final,3061,312238,2026-06-23T16:45:05.716892,Pas barometryczny,1078.26,1078.26,true
session_20260623_163953_final,3062,312335,2026-06-23T16:45:05.814798,Pas barometryczny,1077.68,1077.68,true
session_20260623_163953_final,3063,312413,2026-06-23T16:45:05.892116,Pas barometryczny,1077.05,1077.05,true
session_20260623_163953_final,3064,312554,2026-06-23T16:45:06.033696,Pas barometryczny,1076.45,1076.45,true
session_20260623_163953_final,3065,312650,2026-06-23T16:45:06.129629,Pas barometryczny,1075.98,1075.98,true
session_20260623_163953_final,3066,312728,2026-06-23T16:45:06.207566,Pas barometryczny,1075.66,1075.66,true
session_20260623_163953_final,3067,312825,2026-06-23T16:45:06.304253,Pas barometryczny,1075.25,1075.25,true
session_20260623_163953_final,3068,312952,2026-06-23T16:45:06.431719,Pas barometryczny,1074.62,1074.62,true
session_20260623_163953_final,3069,313043,2026-06-23T16:45:06.522259,Pas barometryczny,1074.31,1074.31,true
session_20260623_163953_final,3070,313137,2026-06-23T16:45:06.616394,Pas barometryczny,1074.06,1074.06,true
session_20260623_163953_final,3071,313235,2026-06-23T16:45:06.714271,Pas barometryczny,1073.91,1073.91,true
session_20260623_163953_final,3072,313373,2026-06-23T16:45:06.851957,Pas barometryczny,1073.85,1073.85,true
session_20260623_163953_final,3073,313450,2026-06-23T16:45:06.929459,Pas barometryczny,1074.07,1074.07,true
session_20260623_163953_final,3074,313542,2026-06-23T16:45:07.021342,Pas barometryczny,1074.57,1074.57,true
session_20260623_163953_final,3075,313692,2026-06-23T16:45:07.171315,Pas barometryczny,1075.47,1075.47,true
session_20260623_163953_final,3076,313771,2026-06-23T16:45:07.250385,Pas barometryczny,1076.33,1076.33,true
session_20260623_163953_final,3077,313856,2026-06-23T16:45:07.335252,Pas barometryczny,1076.97,1076.97,true
session_20260623_163953_final,3078,313956,2026-06-23T16:45:07.435302,Pas barometryczny,1077.52,1077.52,true
session_20260623_163953_final,3079,314091,2026-06-23T16:45:07.569830,Pas barometryczny,1078.05,1078.05,true
session_20260623_163953_final,3080,314169,2026-06-23T16:45:07.647913,Pas barometryczny,1078.59,1078.59,true
session_20260623_163953_final,3081,314275,2026-06-23T16:45:07.754208,Pas barometryczny,1079.06,1079.06,true
session_20260623_163953_final,3082,314349,2026-06-23T16:45:07.828524,Pas barometryczny,1079.39,1079.39,true
session_20260623_163953_final,3083,314485,2026-06-23T16:45:07.964769,Pas barometryczny,1079.84,1079.84,true
session_20260623_163953_final,3084,314574,2026-06-23T16:45:08.053333,Pas barometryczny,1080.09,1080.09,true
session_20260623_163953_final,3085,314674,2026-06-23T16:45:08.152941,Pas barometryczny,1080.35,1080.35,true
session_20260623_163953_final,3086,314760,2026-06-23T16:45:08.239433,Pas barometryczny,1080.62,1080.62,true
session_20260623_163953_final,3087,314889,2026-06-23T16:45:08.368111,Pas barometryczny,1080.72,1080.72,true
session_20260623_163953_final,3088,314994,2026-06-23T16:45:08.473299,Pas barometryczny,1080.13,1080.13,true
session_20260623_163953_final,3089,315067,2026-06-23T16:45:08.546501,Pas barometryczny,1079.24,1079.24,true
session_20260623_163953_final,3090,315213,2026-06-23T16:45:08.692375,Pas barometryczny,1078.63,1078.63,true
session_20260623_163953_final,3091,315293,2026-06-23T16:45:08.772349,Pas barometryczny,1077.19,1077.19,true
session_20260623_163953_final,3092,315392,2026-06-23T16:45:08.871449,Pas barometryczny,1076.73,1076.73,true
session_20260623_163953_final,3093,315480,2026-06-23T16:45:08.959322,Pas barometryczny,1076.20,1076.20,true
session_20260623_163953_final,3094,315609,2026-06-23T16:45:09.088251,Pas barometryczny,1075.80,1075.80,true
session_20260623_163953_final,3095,315701,2026-06-23T16:45:09.180326,Pas barometryczny,1075.51,1075.51,true
session_20260623_163953_final,3096,315789,2026-06-23T16:45:09.268486,Pas barometryczny,1075.13,1075.13,true
session_20260623_163953_final,3097,315879,2026-06-23T16:45:09.358453,Pas barometryczny,1074.67,1074.67,true
session_20260623_163953_final,3098,316018,2026-06-23T16:45:09.497607,Pas barometryczny,1074.33,1074.33,true
session_20260623_163953_final,3099,316107,2026-06-23T16:45:09.585975,Pas barometryczny,1074.20,1074.20,true
session_20260623_163953_final,3100,316194,2026-06-23T16:45:09.672998,Pas barometryczny,1074.12,1074.12,true
session_20260623_163953_final,3101,316300,2026-06-23T16:45:09.779160,Pas barometryczny,1074.16,1074.16,true
session_20260623_163953_final,3102,316423,2026-06-23T16:45:09.902774,Pas barometryczny,1074.57,1074.57,true
session_20260623_163953_final,3103,316513,2026-06-23T16:45:09.992652,Pas barometryczny,1075.44,1075.44,true
session_20260623_163953_final,3104,316619,2026-06-23T16:45:10.097820,Pas barometryczny,1076.16,1076.16,true
session_20260623_163953_final,3105,316750,2026-06-23T16:45:10.229723,Pas barometryczny,1076.83,1076.83,true
session_20260623_163953_final,3106,316832,2026-06-23T16:45:10.310957,Pas barometryczny,1077.45,1077.45,true
session_20260623_163953_final,3107,316913,2026-06-23T16:45:10.392025,Pas barometryczny,1078.02,1078.02,true
session_20260623_163953_final,3108,317004,2026-06-23T16:45:10.483714,Pas barometryczny,1078.46,1078.46,true
session_20260623_163953_final,3109,317150,2026-06-23T16:45:10.629448,Pas barometryczny,1078.89,1078.89,true
session_20260623_163953_final,3110,317229,2026-06-23T16:45:10.708467,Pas barometryczny,1079.35,1079.35,true
session_20260623_163953_final,3111,317322,2026-06-23T16:45:10.801691,Pas barometryczny,1079.68,1079.68,true
session_20260623_163953_final,3112,317408,2026-06-23T16:45:10.887191,Pas barometryczny,1080.03,1080.03,true
session_20260623_163953_final,3113,317546,2026-06-23T16:45:11.025524,Pas barometryczny,1080.35,1080.35,true
session_20260623_163953_final,3114,317634,2026-06-23T16:45:11.113694,Pas barometryczny,1080.71,1080.71,true
session_20260623_163953_final,3115,317725,2026-06-23T16:45:11.203911,Pas barometryczny,1081.00,1081.00,true
session_20260623_163953_final,3116,317813,2026-06-23T16:45:11.292259,Pas barometryczny,1081.11,1081.11,true
session_20260623_163953_final,3117,317950,2026-06-23T16:45:11.429803,Pas barometryczny,1080.97,1080.97,true
session_20260623_163953_final,3118,318042,2026-06-23T16:45:11.521064,Pas barometryczny,1080.23,1080.23,true
session_20260623_163953_final,3119,318138,2026-06-23T16:45:11.617515,Pas barometryczny,1079.40,1079.40,true
session_20260623_163953_final,3120,318271,2026-06-23T16:45:11.750740,Pas barometryczny,1078.76,1078.76,true
session_20260623_163953_final,3121,318368,2026-06-23T16:45:11.847103,Pas barometryczny,1078.15,1078.15,true
session_20260623_163953_final,3122,318458,2026-06-23T16:45:11.936975,Pas barometryczny,1077.03,1077.03,true
session_20260623_163953_final,3123,318537,2026-06-23T16:45:12.015882,Pas barometryczny,1076.59,1076.59,true
session_20260623_163953_final,3124,318671,2026-06-23T16:45:12.150813,Pas barometryczny,1076.16,1076.16,true
session_20260623_163953_final,3125,318773,2026-06-23T16:45:12.251957,Pas barometryczny,1075.71,1075.71,true
session_20260623_163953_final,3126,318848,2026-06-23T16:45:12.327199,Pas barometryczny,1075.42,1075.42,true
session_20260623_163953_final,3127,318958,2026-06-23T16:45:12.437594,Pas barometryczny,1075.10,1075.10,true
session_20260623_163953_final,3128,319089,2026-06-23T16:45:12.568691,Pas barometryczny,1074.78,1074.78,true
session_20260623_163953_final,3129,319165,2026-06-23T16:45:12.643903,Pas barometryczny,1074.61,1074.61,true
session_20260623_163953_final,3130,319252,2026-06-23T16:45:12.731195,Pas barometryczny,1074.52,1074.52,true
session_20260623_163953_final,3131,319358,2026-06-23T16:45:12.837648,Pas barometryczny,1074.56,1074.56,true
session_20260623_163953_final,3132,319491,2026-06-23T16:45:12.970275,Pas barometryczny,1075.11,1075.11,true
session_20260623_163953_final,3133,319575,2026-06-23T16:45:13.054111,Pas barometryczny,1076.02,1076.02,true
session_20260623_163953_final,3134,319676,2026-06-23T16:45:13.155779,Pas barometryczny,1076.82,1076.82,true
session_20260623_163953_final,3135,319804,2026-06-23T16:45:13.283643,Pas barometryczny,1077.51,1077.51,true
session_20260623_163953_final,3136,319895,2026-06-23T16:45:13.374198,Pas barometryczny,1078.14,1078.14,true
session_20260623_163953_final,3137,319981,2026-06-23T16:45:13.460544,Pas barometryczny,1078.62,1078.62,true
session_20260623_163953_final,3138,320079,2026-06-23T16:45:13.558628,Pas barometryczny,1079.15,1079.15,true
session_20260623_163953_final,3139,320208,2026-06-23T16:45:13.687341,Pas barometryczny,1079.46,1079.46,true
session_20260623_163953_final,3140,320288,2026-06-23T16:45:13.767431,Pas barometryczny,1079.81,1079.81,true
session_20260623_163953_final,3141,320395,2026-06-23T16:45:13.874023,Pas barometryczny,1080.17,1080.17,true
session_20260623_163953_final,3142,320469,2026-06-23T16:45:13.948517,Pas barometryczny,1080.48,1080.48,true
session_20260623_163953_final,3143,320604,2026-06-23T16:45:14.083008,Pas barometryczny,1080.79,1080.79,true
session_20260623_163953_final,3144,320698,2026-06-23T16:45:14.177385,Pas barometryczny,1080.86,1080.86,true
session_20260623_163953_final,3145,320787,2026-06-23T16:45:14.266791,Pas barometryczny,1080.44,1080.44,true
session_20260623_163953_final,3146,320879,2026-06-23T16:45:14.358425,Pas barometryczny,1079.66,1079.66,true
session_20260623_163953_final,3147,321008,2026-06-23T16:45:14.487568,Pas barometryczny,1078.95,1078.95,true
session_20260623_163953_final,3148,321101,2026-06-23T16:45:14.579931,Pas barometryczny,1078.34,1078.34,true
session_20260623_163953_final,3149,321197,2026-06-23T16:45:14.676659,Pas barometryczny,1077.81,1077.81,true
session_20260623_163953_final,3150,321323,2026-06-23T16:45:14.802117,Pas barometryczny,1077.36,1077.36,true
session_20260623_163953_final,3151,321432,2026-06-23T16:45:14.911417,Pas barometryczny,1076.82,1076.82,true
session_20260623_163953_final,3152,321515,2026-06-23T16:45:14.994785,Pas barometryczny,1076.46,1076.46,true
session_20260623_163953_final,3153,321593,2026-06-23T16:45:15.072356,Pas barometryczny,1075.57,1075.57,true
session_20260623_163953_final,3154,321728,2026-06-23T16:45:15.207435,Pas barometryczny,1075.17,1075.17,true
session_20260623_163953_final,3155,321837,2026-06-23T16:45:15.315959,Pas barometryczny,1074.73,1074.73,true
session_20260623_163953_final,3156,321909,2026-06-23T16:45:15.388012,Pas barometryczny,1074.36,1074.36,true
session_20260623_163953_final,3157,322006,2026-06-23T16:45:15.485581,Pas barometryczny,1074.05,1074.05,true
session_20260623_163953_final,3158,322142,2026-06-23T16:45:15.621558,Pas barometryczny,1073.81,1073.81,true
session_20260623_163953_final,3159,322224,2026-06-23T16:45:15.703035,Pas barometryczny,1073.61,1073.61,true
session_20260623_163953_final,3160,322314,2026-06-23T16:45:15.793676,Pas barometryczny,1073.61,1073.61,true
session_20260623_163953_final,3161,322416,2026-06-23T16:45:15.894833,Pas barometryczny,1073.75,1073.75,true
session_20260623_163953_final,3162,322538,2026-06-23T16:45:16.017585,Pas barometryczny,1074.16,1074.16,true
session_20260623_163953_final,3163,322628,2026-06-23T16:45:16.107539,Pas barometryczny,1074.98,1074.98,true
session_20260623_163953_final,3164,322726,2026-06-23T16:45:16.205232,Pas barometryczny,1075.79,1075.79,true
session_20260623_163953_final,3165,322872,2026-06-23T16:45:16.351589,Pas barometryczny,1076.56,1076.56,true
session_20260623_163953_final,3166,322954,2026-06-23T16:45:16.433121,Pas barometryczny,1077.11,1077.11,true
session_20260623_163953_final,3167,323036,2026-06-23T16:45:16.514992,Pas barometryczny,1077.65,1077.65,true
session_20260623_163953_final,3168,323131,2026-06-23T16:45:16.609927,Pas barometryczny,1078.18,1078.18,true
session_20260623_163953_final,3169,323262,2026-06-23T16:45:16.741036,Pas barometryczny,1078.71,1078.71,true
session_20260623_163953_final,3170,323347,2026-06-23T16:45:16.825914,Pas barometryczny,1079.17,1079.17,true
session_20260623_163953_final,3171,323441,2026-06-23T16:45:16.920561,Pas barometryczny,1079.45,1079.45,true
session_20260623_163953_final,3172,323533,2026-06-23T16:45:17.011869,Pas barometryczny,1079.86,1079.86,true
session_20260623_163953_final,3173,323670,2026-06-23T16:45:17.149489,Pas barometryczny,1080.03,1080.03,true
session_20260623_163953_final,3174,323771,2026-06-23T16:45:17.250431,Pas barometryczny,1080.23,1080.23,true
session_20260623_163953_final,3175,323845,2026-06-23T16:45:17.324109,Pas barometryczny,1080.33,1080.33,true
session_20260623_163953_final,3176,323934,2026-06-23T16:45:17.413468,Pas barometryczny,1079.79,1079.79,true
session_20260623_163953_final,3177,324073,2026-06-23T16:45:17.551926,Pas barometryczny,1079.18,1079.18,true
session_20260623_163953_final,3178,324170,2026-06-23T16:45:17.648906,Pas barometryczny,1078.64,1078.64,true
session_20260623_163953_final,3179,324255,2026-06-23T16:45:17.734194,Pas barometryczny,1078.04,1078.04,true
session_20260623_163953_final,3180,324389,2026-06-23T16:45:17.868235,Pas barometryczny,1077.44,1077.44,true
session_20260623_163953_final,3181,324484,2026-06-23T16:45:17.963465,Pas barometryczny,1076.97,1076.97,true
session_20260623_163953_final,3182,324573,2026-06-23T16:45:18.052256,Pas barometryczny,1076.57,1076.57,true
session_20260623_163953_final,3183,324655,2026-06-23T16:45:18.134039,Pas barometryczny,1075.67,1075.67,true
session_20260623_163953_final,3184,324793,2026-06-23T16:45:18.272112,Pas barometryczny,1075.22,1075.22,true
session_20260623_163953_final,3185,324890,2026-06-23T16:45:18.368941,Pas barometryczny,1074.71,1074.71,true
session_20260623_163953_final,3186,324967,2026-06-23T16:45:18.445906,Pas barometryczny,1074.38,1074.38,true
session_20260623_163953_final,3187,325059,2026-06-23T16:45:18.538779,Pas barometryczny,1074.27,1074.27,true
session_20260623_163953_final,3188,325202,2026-06-23T16:45:18.681661,Pas barometryczny,1074.23,1074.23,true
session_20260623_163953_final,3189,325293,2026-06-23T16:45:18.771943,Pas barometryczny,1074.22,1074.22,true
session_20260623_163953_final,3190,325389,2026-06-23T16:45:18.867832,Pas barometryczny,1074.50,1074.50,true
session_20260623_163953_final,3191,325472,2026-06-23T16:45:18.951586,Pas barometryczny,1075.29,1075.29,true
session_20260623_163953_final,3192,325607,2026-06-23T16:45:19.086474,Pas barometryczny,1076.01,1076.01,true
session_20260623_163953_final,3193,325693,2026-06-23T16:45:19.172239,Pas barometryczny,1076.74,1076.74,true
session_20260623_163953_final,3194,325794,2026-06-23T16:45:19.273522,Pas barometryczny,1077.44,1077.44,true
session_20260623_163953_final,3195,325915,2026-06-23T16:45:19.394025,Pas barometryczny,1077.97,1077.97,true
session_20260623_163953_final,3196,326004,2026-06-23T16:45:19.483050,Pas barometryczny,1078.48,1078.48,true
session_20260623_163953_final,3197,326094,2026-06-23T16:45:19.572837,Pas barometryczny,1078.88,1078.88,true
session_20260623_163953_final,3198,326191,2026-06-23T16:45:19.670409,Pas barometryczny,1079.33,1079.33,true
session_20260623_163953_final,3199,326330,2026-06-23T16:45:19.809336,Pas barometryczny,1079.63,1079.63,true
session_20260623_163953_final,3200,326407,2026-06-23T16:45:19.886469,Pas barometryczny,1079.90,1079.90,true
session_20260623_163953_final,3201,326509,2026-06-23T16:45:19.988298,Pas barometryczny,1080.28,1080.28,true
session_20260623_163953_final,3202,326592,2026-06-23T16:45:20.071794,Pas barometryczny,1080.59,1080.59,true
session_20260623_163953_final,3203,326729,2026-06-23T16:45:20.208066,Pas barometryczny,1080.98,1080.98,true
session_20260623_163953_final,3204,326824,2026-06-23T16:45:20.302952,Pas barometryczny,1081.16,1081.16,true
session_20260623_163953_final,3205,326903,2026-06-23T16:45:20.382150,Pas barometryczny,1081.31,1081.31,true
session_20260623_163953_final,3206,326998,2026-06-23T16:45:20.477736,Pas barometryczny,1080.89,1080.89,true
session_20260623_163953_final,3207,327129,2026-06-23T16:45:20.608643,Pas barometryczny,1080.16,1080.16,true
session_20260623_163953_final,3208,327225,2026-06-23T16:45:20.704172,Pas barometryczny,1079.50,1079.50,true
session_20260623_163953_final,3209,327307,2026-06-23T16:45:20.786591,Pas barometryczny,1078.85,1078.85,true
session_20260623_163953_final,3210,327444,2026-06-23T16:45:20.922966,Pas barometryczny,1078.24,1078.24,true
session_20260623_163953_final,3211,327536,2026-06-23T16:45:21.015122,Pas barometryczny,1077.75,1077.75,true
session_20260623_163953_final,3212,327627,2026-06-23T16:45:21.106084,Pas barometryczny,1077.26,1077.26,true
session_20260623_163953_final,3213,327716,2026-06-23T16:45:21.195072,Pas barometryczny,1076.64,1076.64,true
session_20260623_163953_final,3214,327872,2026-06-23T16:45:21.351213,Pas barometryczny,1075.83,1075.83,true
session_20260623_163953_final,3215,327950,2026-06-23T16:45:21.428925,Pas barometryczny,1075.54,1075.54,true
session_20260623_163953_final,3216,328028,2026-06-23T16:45:21.507059,Pas barometryczny,1075.11,1075.11,true
session_20260623_163953_final,3217,328121,2026-06-23T16:45:21.600388,Pas barometryczny,1074.81,1074.81,true
session_20260623_163953_final,3218,328258,2026-06-23T16:45:21.737642,Pas barometryczny,1074.54,1074.54,true
session_20260623_163953_final,3219,328343,2026-06-23T16:45:21.822356,Pas barometryczny,1074.46,1074.46,true
session_20260623_163953_final,3220,328436,2026-06-23T16:45:21.915308,Pas barometryczny,1074.43,1074.43,true
session_20260623_163953_final,3221,328528,2026-06-23T16:45:22.007810,Pas barometryczny,1074.61,1074.61,true
session_20260623_163953_final,3222,328660,2026-06-23T16:45:22.139620,Pas barometryczny,1075.46,1075.46,true
session_20260623_163953_final,3223,328749,2026-06-23T16:45:22.228487,Pas barometryczny,1076.31,1076.31,true
session_20260623_163953_final,3224,328846,2026-06-23T16:45:22.325020,Pas barometryczny,1077.00,1077.00,true
session_20260623_163953_final,3225,328984,2026-06-23T16:45:22.463286,Pas barometryczny,1077.45,1077.45,true
session_20260623_163953_final,3226,329063,2026-06-23T16:45:22.542718,Pas barometryczny,1077.97,1077.97,true
session_20260623_163953_final,3227,329174,2026-06-23T16:45:22.653191,Pas barometryczny,1078.48,1078.48,true
session_20260623_163953_final,3228,329254,2026-06-23T16:45:22.732912,Pas barometryczny,1078.95,1078.95,true
session_20260623_163953_final,3229,329387,2026-06-23T16:45:22.866067,Pas barometryczny,1079.31,1079.31,true
session_20260623_163953_final,3230,329468,2026-06-23T16:45:22.947768,Pas barometryczny,1079.69,1079.69,true
session_20260623_163953_final,3231,329570,2026-06-23T16:45:23.048901,Pas barometryczny,1079.99,1079.99,true
session_20260623_163953_final,3232,329651,2026-06-23T16:45:23.129983,Pas barometryczny,1080.14,1080.14,true
session_20260623_163953_final,3233,329790,2026-06-23T16:45:23.269395,Pas barometryczny,1080.36,1080.36,true
session_20260623_163953_final,3234,329889,2026-06-23T16:45:23.368781,Pas barometryczny,1080.47,1080.47,true
session_20260623_163953_final,3235,329965,2026-06-23T16:45:23.444399,Pas barometryczny,1080.09,1080.09,true
session_20260623_163953_final,3236,330053,2026-06-23T16:45:23.532698,Pas barometryczny,1079.45,1079.45,true
session_20260623_163953_final,3237,330189,2026-06-23T16:45:23.668141,Pas barometryczny,1078.94,1078.94,true
session_20260623_163953_final,3238,330289,2026-06-23T16:45:23.767910,Pas barometryczny,1078.23,1078.23,true
session_20260623_163953_final,3239,330368,2026-06-23T16:45:23.847338,Pas barometryczny,1077.71,1077.71,true
session_20260623_163953_final,3240,330505,2026-06-23T16:45:23.984115,Pas barometryczny,1077.21,1077.21,true
session_20260623_163953_final,3241,330606,2026-06-23T16:45:24.084839,Pas barometryczny,1076.72,1076.72,true
session_20260623_163953_final,3242,330687,2026-06-23T16:45:24.166726,Pas barometryczny,1076.34,1076.34,true
session_20260623_163953_final,3243,330777,2026-06-23T16:45:24.256467,Pas barometryczny,1075.94,1075.94,true
session_20260623_163953_final,3244,330929,2026-06-23T16:45:24.407928,Pas barometryczny,1075.47,1075.47,true
session_20260623_163953_final,3245,331007,2026-06-23T16:45:24.486530,Pas barometryczny,1074.61,1074.61,true
session_20260623_163953_final,3246,331091,2026-06-23T16:45:24.570525,Pas barometryczny,1074.34,1074.34,true
session_20260623_163953_final,3247,331189,2026-06-23T16:45:24.668335,Pas barometryczny,1074.15,1074.15,true
session_20260623_163953_final,3248,331325,2026-06-23T16:45:24.804739,Pas barometryczny,1074.14,1074.14,true
session_20260623_163953_final,3249,331406,2026-06-23T16:45:24.884962,Pas barometryczny,1074.32,1074.32,true
session_20260623_163953_final,3250,331512,2026-06-23T16:45:24.991477,Pas barometryczny,1075.07,1075.07,true
session_20260623_163953_final,3251,331590,2026-06-23T16:45:25.069536,Pas barometryczny,1075.70,1075.70,true
session_20260623_163953_final,3252,331719,2026-06-23T16:45:25.197857,Pas barometryczny,1076.46,1076.46,true
session_20260623_163953_final,3253,331811,2026-06-23T16:45:25.289820,Pas barometryczny,1077.09,1077.09,true
session_20260623_163953_final,3254,331908,2026-06-23T16:45:25.387598,Pas barometryczny,1077.61,1077.61,true
session_20260623_163953_final,3255,332041,2026-06-23T16:45:25.520058,Pas barometryczny,1078.14,1078.14,true
session_20260623_163953_final,3256,332125,2026-06-23T16:45:25.604643,Pas barometryczny,1078.68,1078.68,true
session_20260623_163953_final,3257,332231,2026-06-23T16:45:25.710603,Pas barometryczny,1079.02,1079.02,true
session_20260623_163953_final,3258,332314,2026-06-23T16:45:25.793771,Pas barometryczny,1079.29,1079.29,true
session_20260623_163953_final,3259,332438,2026-06-23T16:45:25.917600,Pas barometryczny,1079.67,1079.67,true
session_20260623_163953_final,3260,332529,2026-06-23T16:45:26.007837,Pas barometryczny,1079.99,1079.99,true
session_20260623_163953_final,3261,332630,2026-06-23T16:45:26.109127,Pas barometryczny,1080.26,1080.26,true
session_20260623_163953_final,3262,332714,2026-06-23T16:45:26.193044,Pas barometryczny,1080.45,1080.45,true
session_20260623_163953_final,3263,332843,2026-06-23T16:45:26.322133,Pas barometryczny,1080.79,1080.79,true
session_20260623_163953_final,3264,332953,2026-06-23T16:45:26.432039,Pas barometryczny,1080.86,1080.86,true
session_20260623_163953_final,3265,333030,2026-06-23T16:45:26.509631,Pas barometryczny,1080.75,1080.75,true
session_20260623_163953_final,3266,333113,2026-06-23T16:45:26.592127,Pas barometryczny,1080.28,1080.28,true
session_20260623_163953_final,3267,333255,2026-06-23T16:45:26.733938,Pas barometryczny,1079.57,1079.57,true
session_20260623_163953_final,3268,333343,2026-06-23T16:45:26.822532,Pas barometryczny,1078.99,1078.99,true
session_20260623_163953_final,3269,333428,2026-06-23T16:45:26.907207,Pas barometryczny,1078.33,1078.33,true
session_20260623_163953_final,3270,333565,2026-06-23T16:45:27.044595,Pas barometryczny,1077.83,1077.83,true
session_20260623_163953_final,3271,333654,2026-06-23T16:45:27.133676,Pas barometryczny,1077.28,1077.28,true
session_20260623_163953_final,3272,333744,2026-06-23T16:45:27.223259,Pas barometryczny,1076.82,1076.82,true
session_20260623_163953_final,3273,333844,2026-06-23T16:45:27.322949,Pas barometryczny,1076.46,1076.46,true
session_20260623_163953_final,3274,333978,2026-06-23T16:45:27.457194,Pas barometryczny,1076.08,1076.08,true
session_20260623_163953_final,3275,334068,2026-06-23T16:45:27.547312,Pas barometryczny,1075.73,1075.73,true
session_20260623_163953_final,3276,334148,2026-06-23T16:45:27.626919,Pas barometryczny,1075.13,1075.13,true
session_20260623_163953_final,3277,334239,2026-06-23T16:45:27.718683,Pas barometryczny,1074.67,1074.67,true
session_20260623_163953_final,3278,334384,2026-06-23T16:45:27.863452,Pas barometryczny,1074.51,1074.51,true
session_20260623_163953_final,3279,334463,2026-06-23T16:45:27.942676,Pas barometryczny,1074.51,1074.51,true
session_20260623_163953_final,3280,334556,2026-06-23T16:45:28.035748,Pas barometryczny,1075.33,1075.33,true
session_20260623_163953_final,3281,334646,2026-06-23T16:45:28.124961,Pas barometryczny,1076.26,1076.26,true
session_20260623_163953_final,3282,334787,2026-06-23T16:45:28.265825,Pas barometryczny,1077.07,1077.07,true
session_20260623_163953_final,3283,334874,2026-06-23T16:45:28.353295,Pas barometryczny,1077.62,1077.62,true
session_20260623_163953_final,3284,334958,2026-06-23T16:45:28.437608,Pas barometryczny,1078.08,1078.08,true
session_20260623_163953_final,3285,335098,2026-06-23T16:45:28.577350,Pas barometryczny,1078.67,1078.67,true
session_20260623_163953_final,3286,335183,2026-06-23T16:45:28.662453,Pas barometryczny,1079.14,1079.14,true
session_20260623_163953_final,3287,335276,2026-06-23T16:45:28.755009,Pas barometryczny,1079.64,1079.64,true
session_20260623_163953_final,3288,335374,2026-06-23T16:45:28.853076,Pas barometryczny,1079.98,1079.98,true
session_20260623_163953_final,3289,335506,2026-06-23T16:45:28.985470,Pas barometryczny,1080.32,1080.32,true
session_20260623_163953_final,3290,335605,2026-06-23T16:45:29.084062,Pas barometryczny,1080.46,1080.46,true
session_20260623_163953_final,3291,335687,2026-06-23T16:45:29.166699,Pas barometryczny,1080.57,1080.57,true
session_20260623_163953_final,3292,335768,2026-06-23T16:45:29.246977,Pas barometryczny,1080.16,1080.16,true
session_20260623_163953_final,3293,335908,2026-06-23T16:45:29.387367,Pas barometryczny,1079.38,1079.38,true
session_20260623_163953_final,3294,336009,2026-06-23T16:45:29.487934,Pas barometryczny,1078.77,1078.77,true
session_20260623_163953_final,3295,336088,2026-06-23T16:45:29.567244,Pas barometryczny,1078.21,1078.21,true
session_20260623_163953_final,3296,336179,2026-06-23T16:45:29.658243,Pas barometryczny,1077.64,1077.64,true
session_20260623_163953_final,3297,336326,2026-06-23T16:45:29.805628,Pas barometryczny,1077.07,1077.07,true
session_20260623_163953_final,3298,336400,2026-06-23T16:45:29.879523,Pas barometryczny,1076.65,1076.65,true
session_20260623_163953_final,3299,336488,2026-06-23T16:45:29.967047,Pas barometryczny,1076.27,1076.27,true
session_20260623_163953_final,3300,336624,2026-06-23T16:45:30.103215,Pas barometryczny,1075.89,1075.89,true
session_20260623_163953_final,3301,336727,2026-06-23T16:45:30.206131,Pas barometryczny,1075.55,1075.55,true
session_20260623_163953_final,3302,336803,2026-06-23T16:45:30.282339,Pas barometryczny,1075.02,1075.02,true
session_20260623_163953_final,3303,336911,2026-06-23T16:45:30.389852,Pas barometryczny,1074.51,1074.51,true
session_20260623_163953_final,3304,337044,2026-06-23T16:45:30.523150,Pas barometryczny,1074.16,1074.16,true
session_20260623_163953_final,3305,337130,2026-06-23T16:45:30.608888,Pas barometryczny,1074.06,1074.06,true
session_20260623_163953_final,3306,337207,2026-06-23T16:45:30.686620,Pas barometryczny,1074.12,1074.12,true
session_20260623_163953_final,3307,337309,2026-06-23T16:45:30.788701,Pas barometryczny,1075.25,1075.25,true
session_20260623_163953_final,3308,337444,2026-06-23T16:45:30.923332,Pas barometryczny,1076.09,1076.09,true
session_20260623_163953_final,3309,337531,2026-06-23T16:45:31.010156,Pas barometryczny,1076.76,1076.76,true
session_20260623_163953_final,3310,337616,2026-06-23T16:45:31.095771,Pas barometryczny,1077.45,1077.45,true
session_20260623_163953_final,3311,337708,2026-06-23T16:45:31.187477,Pas barometryczny,1078.02,1078.02,true
session_20260623_163953_final,3312,337842,2026-06-23T16:45:31.321153,Pas barometryczny,1078.53,1078.53,true
session_20260623_163953_final,3313,337932,2026-06-23T16:45:31.410828,Pas barometryczny,1078.99,1078.99,true
session_20260623_163953_final,3314,338030,2026-06-23T16:45:31.509327,Pas barometryczny,1079.48,1079.48,true
session_20260623_163953_final,3315,338153,2026-06-23T16:45:31.631980,Pas barometryczny,1079.77,1079.77,true
session_20260623_163953_final,3316,338243,2026-06-23T16:45:31.722202,Pas barometryczny,1080.05,1080.05,true
session_20260623_163953_final,3317,338335,2026-06-23T16:45:31.814331,Pas barometryczny,1080.39,1080.39,true
session_20260623_163953_final,3318,338423,2026-06-23T16:45:31.901943,Pas barometryczny,1080.68,1080.68,true
session_20260623_163953_final,3319,338559,2026-06-23T16:45:32.038374,Pas barometryczny,1080.94,1080.94,true
session_20260623_163953_final,3320,338658,2026-06-23T16:45:32.137688,Pas barometryczny,1080.44,1080.44,true
session_20260623_163953_final,3321,338741,2026-06-23T16:45:32.220428,Pas barometryczny,1079.75,1079.75,true
session_20260623_163953_final,3322,338826,2026-06-23T16:45:32.305732,Pas barometryczny,1079.00,1079.00,true
session_20260623_163953_final,3323,338962,2026-06-23T16:45:32.441738,Pas barometryczny,1078.37,1078.37,true
session_20260623_163953_final,3324,339059,2026-06-23T16:45:32.537958,Pas barometryczny,1077.84,1077.84,true
session_20260623_163953_final,3325,339144,2026-06-23T16:45:32.623431,Pas barometryczny,1077.41,1077.41,true
session_20260623_163953_final,3326,339250,2026-06-23T16:45:32.729246,Pas barometryczny,1076.92,1076.92,true
session_20260623_163953_final,3327,339386,2026-06-23T16:45:32.865445,Pas barometryczny,1076.60,1076.60,true
session_20260623_163953_final,3328,339458,2026-06-23T16:45:32.937595,Pas barometryczny,1076.14,1076.14,true
session_20260623_163953_final,3329,339550,2026-06-23T16:45:33.029294,Pas barometryczny,1075.68,1075.68,true
session_20260623_163953_final,3330,339689,2026-06-23T16:45:33.168388,Pas barometryczny,1075.34,1075.34,true
session_20260623_163953_final,3331,339774,2026-06-23T16:45:33.253769,Pas barometryczny,1075.07,1075.07,true
session_20260623_163953_final,3332,339865,2026-06-23T16:45:33.343877,Pas barometryczny,1074.81,1074.81,true
session_20260623_163953_final,3333,339957,2026-06-23T16:45:33.436149,Pas barometryczny,1074.51,1074.51,true
session_20260623_163953_final,3334,340090,2026-06-23T16:45:33.569474,Pas barometryczny,1074.34,1074.34,true
session_20260623_163953_final,3335,340178,2026-06-23T16:45:33.657033,Pas barometryczny,1074.30,1074.30,true
session_20260623_163953_final,3336,340267,2026-06-23T16:45:33.746737,Pas barometryczny,1074.86,1074.86,true
session_20260623_163953_final,3337,340370,2026-06-23T16:45:33.849780,Pas barometryczny,1076.67,1076.67,true
session_20260623_163953_final,3338,340505,2026-06-23T16:45:33.983934,Pas barometryczny,1077.40,1077.40,true
session_20260623_163953_final,3339,340583,2026-06-23T16:45:34.062588,Pas barometryczny,1078.05,1078.05,true
session_20260623_163953_final,3340,340680,2026-06-23T16:45:34.159291,Pas barometryczny,1078.48,1078.48,true
session_20260623_163953_final,3341,340764,2026-06-23T16:45:34.243724,Pas barometryczny,1078.90,1078.90,true
session_20260623_163953_final,3342,340907,2026-06-23T16:45:34.386536,Pas barometryczny,1079.31,1079.31,true
session_20260623_163953_final,3343,340993,2026-06-23T16:45:34.472128,Pas barometryczny,1079.73,1079.73,true
session_20260623_163953_final,3344,341079,2026-06-23T16:45:34.558809,Pas barometryczny,1080.16,1080.16,true
session_20260623_163953_final,3345,341222,2026-06-23T16:45:34.701666,Pas barometryczny,1080.41,1080.41,true
session_20260623_163953_final,3346,341305,2026-06-23T16:45:34.784187,Pas barometryczny,1080.65,1080.65,true
session_20260623_163953_final,3347,341394,2026-06-23T16:45:34.873615,Pas barometryczny,1080.64,1080.64,true
session_20260623_163953_final,3348,341484,2026-06-23T16:45:34.963332,Pas barometryczny,1080.29,1080.29,true
session_20260623_163953_final,3349,341621,2026-06-23T16:45:35.100255,Pas barometryczny,1079.90,1079.90,true
session_20260623_163953_final,3350,341721,2026-06-23T16:45:35.200457,Pas barometryczny,1079.27,1079.27,true
session_20260623_163953_final,3351,341807,2026-06-23T16:45:35.286748,Pas barometryczny,1078.59,1078.59,true
session_20260623_163953_final,3352,341888,2026-06-23T16:45:35.367449,Pas barometryczny,1078.09,1078.09,true
session_20260623_163953_final,3353,342028,2026-06-23T16:45:35.507311,Pas barometryczny,1077.50,1077.50,true
session_20260623_163953_final,3354,342118,2026-06-23T16:45:35.597479,Pas barometryczny,1076.86,1076.86,true
session_20260623_163953_final,3355,342209,2026-06-23T16:45:35.688081,Pas barometryczny,1076.44,1076.44,true
session_20260623_163953_final,3356,342297,2026-06-23T16:45:35.776111,Pas barometryczny,1076.12,1076.12,true
session_20260623_163953_final,3357,342442,2026-06-23T16:45:35.921638,Pas barometryczny,1075.78,1075.78,true
session_20260623_163953_final,3358,342523,2026-06-23T16:45:36.002394,Pas barometryczny,1075.43,1075.43,true
session_20260623_163953_final,3359,342609,2026-06-23T16:45:36.088367,Pas barometryczny,1075.18,1075.18,true
session_20260623_163953_final,3360,342743,2026-06-23T16:45:36.221982,Pas barometryczny,1074.80,1074.80,true
session_20260623_163953_final,3361,342841,2026-06-23T16:45:36.320788,Pas barometryczny,1074.61,1074.61,true
session_20260623_163953_final,3362,342924,2026-06-23T16:45:36.402838,Pas barometryczny,1074.49,1074.49,true
session_20260623_163953_final,3363,343016,2026-06-23T16:45:36.494835,Pas barometryczny,1074.45,1074.45,true
session_20260623_163953_final,3364,343149,2026-06-23T16:45:36.628593,Pas barometryczny,1074.55,1074.55,true
session_20260623_163953_final,3365,343246,2026-06-23T16:45:36.725435,Pas barometryczny,1074.68,1074.68,true
session_20260623_163953_final,3366,343339,2026-06-23T16:45:36.818191,Pas barometryczny,1075.07,1075.07,true
session_20260623_163953_final,3367,343427,2026-06-23T16:45:36.906495,Pas barometryczny,1075.58,1075.58,true
session_20260623_163953_final,3368,343554,2026-06-23T16:45:37.033454,Pas barometryczny,1077.05,1077.05,true
session_20260623_163953_final,3369,343642,2026-06-23T16:45:37.121689,Pas barometryczny,1077.66,1077.66,true
session_20260623_163953_final,3370,343742,2026-06-23T16:45:37.221181,Pas barometryczny,1078.23,1078.23,true
session_20260623_163953_final,3371,343824,2026-06-23T16:45:37.303790,Pas barometryczny,1078.73,1078.73,true
session_20260623_163953_final,3372,343957,2026-06-23T16:45:37.436677,Pas barometryczny,1079.07,1079.07,true
session_20260623_163953_final,3373,344048,2026-06-23T16:45:37.527296,Pas barometryczny,1079.33,1079.33,true
session_20260623_163953_final,3374,344143,2026-06-23T16:45:37.622636,Pas barometryczny,1079.70,1079.70,true
session_20260623_163953_final,3375,344283,2026-06-23T16:45:37.762143,Pas barometryczny,1080.07,1080.07,true
session_20260623_163953_final,3376,344363,2026-06-23T16:45:37.842537,Pas barometryczny,1080.36,1080.36,true
session_20260623_163953_final,3377,344453,2026-06-23T16:45:37.932034,Pas barometryczny,1080.53,1080.53,true
session_20260623_163953_final,3378,344551,2026-06-23T16:45:38.030466,Pas barometryczny,1080.71,1080.71,true
session_20260623_163953_final,3379,344680,2026-06-23T16:45:38.159632,Pas barometryczny,1080.55,1080.55,true
session_20260623_163953_final,3380,344776,2026-06-23T16:45:38.255727,Pas barometryczny,1080.09,1080.09,true
session_20260623_163953_final,3381,344867,2026-06-23T16:45:38.346352,Pas barometryczny,1079.45,1079.45,true
session_20260623_163953_final,3382,344948,2026-06-23T16:45:38.427108,Pas barometryczny,1078.82,1078.82,true
session_20260623_163953_final,3383,345087,2026-06-23T16:45:38.565980,Pas barometryczny,1078.23,1078.23,true
session_20260623_163953_final,3384,345177,2026-06-23T16:45:38.655876,Pas barometryczny,1077.70,1077.70,true
session_20260623_163953_final,3385,345262,2026-06-23T16:45:38.741812,Pas barometryczny,1077.28,1077.28,true
session_20260623_163953_final,3386,345356,2026-06-23T16:45:38.835642,Pas barometryczny,1076.65,1076.65,true
session_20260623_163953_final,3387,345505,2026-06-23T16:45:38.984077,Pas barometryczny,1076.18,1076.18,true
session_20260623_163953_final,3388,345584,2026-06-23T16:45:39.063659,Pas barometryczny,1075.84,1075.84,true
session_20260623_163953_final,3389,345678,2026-06-23T16:45:39.157343,Pas barometryczny,1075.48,1075.48,true
session_20260623_163953_final,3390,345821,2026-06-23T16:45:39.300504,Pas barometryczny,1075.18,1075.18,true
session_20260623_163953_final,3391,345893,2026-06-23T16:45:39.372493,Pas barometryczny,1074.99,1074.99,true
session_20260623_163953_final,3392,345984,2026-06-23T16:45:39.463153,Pas barometryczny,1074.72,1074.72,true
session_20260623_163953_final,3393,346080,2026-06-23T16:45:39.559474,Pas barometryczny,1074.52,1074.52,true
session_20260623_163953_final,3394,346215,2026-06-23T16:45:39.694020,Pas barometryczny,1074.51,1074.51,true
session_20260623_163953_final,3395,346300,2026-06-23T16:45:39.778868,Pas barometryczny,1074.61,1074.61,true
session_20260623_163953_final,3396,346400,2026-06-23T16:45:39.879084,Pas barometryczny,1074.95,1074.95,true
session_20260623_163953_final,3397,346483,2026-06-23T16:45:39.961831,Pas barometryczny,1075.55,1075.55,true
session_20260623_163953_final,3398,346621,2026-06-23T16:45:40.099928,Pas barometryczny,1076.32,1076.32,true
session_20260623_163953_final,3399,346704,2026-06-23T16:45:40.183071,Pas barometryczny,1077.44,1077.44,true
session_20260623_163953_final,3400,346806,2026-06-23T16:45:40.285809,Pas barometryczny,1077.99,1077.99,true
session_20260623_163953_final,3401,346884,2026-06-23T16:45:40.363438,Pas barometryczny,1078.52,1078.52,true
session_20260623_163953_final,3402,347023,2026-06-23T16:45:40.502578,Pas barometryczny,1079.03,1079.03,true
session_20260623_163953_final,3403,347125,2026-06-23T16:45:40.604143,Pas barometryczny,1079.46,1079.46,true
session_20260623_163953_final,3404,347198,2026-06-23T16:45:40.677657,Pas barometryczny,1079.80,1079.80,true
session_20260623_163953_final,3405,347339,2026-06-23T16:45:40.818434,Pas barometryczny,1080.01,1080.01,true
session_20260623_163953_final,3406,347423,2026-06-23T16:45:40.902580,Pas barometryczny,1080.32,1080.32,true
session_20260623_163953_final,3407,347521,2026-06-23T16:45:40.999927,Pas barometryczny,1080.62,1080.62,true
session_20260623_163953_final,3408,347604,2026-06-23T16:45:41.083063,Pas barometryczny,1080.87,1080.87,true
session_20260623_163953_final,3409,347741,2026-06-23T16:45:41.220203,Pas barometryczny,1080.59,1080.59,true
session_20260623_163953_final,3410,347843,2026-06-23T16:45:41.322774,Pas barometryczny,1080.11,1080.11,true
session_20260623_163953_final,3411,347921,2026-06-23T16:45:41.399889,Pas barometryczny,1079.24,1079.24,true
session_20260623_163953_final,3412,348029,2026-06-23T16:45:41.507998,Pas barometryczny,1078.57,1078.57,true
session_20260623_163953_final,3413,348159,2026-06-23T16:45:41.637847,Pas barometryczny,1077.96,1077.96,true
session_20260623_163953_final,3414,348243,2026-06-23T16:45:41.722636,Pas barometryczny,1077.47,1077.47,true
session_20260623_163953_final,3415,348322,2026-06-23T16:45:41.801452,Pas barometryczny,1076.90,1076.90,true
session_20260623_163953_final,3416,348429,2026-06-23T16:45:41.908687,Pas barometryczny,1076.50,1076.50,true
session_20260623_163953_final,3417,348558,2026-06-23T16:45:42.037359,Pas barometryczny,1076.13,1076.13,true
session_20260623_163953_final,3418,348643,2026-06-23T16:45:42.121837,Pas barometryczny,1075.70,1075.70,true
session_20260623_163953_final,3419,348746,2026-06-23T16:45:42.224859,Pas barometryczny,1075.31,1075.31,true
session_20260623_163953_final,3420,348873,2026-06-23T16:45:42.352072,Pas barometryczny,1075.06,1075.06,true
session_20260623_163953_final,3421,348962,2026-06-23T16:45:42.441264,Pas barometryczny,1074.90,1074.90,true
session_20260623_163953_final,3422,349048,2026-06-23T16:45:42.526847,Pas barometryczny,1074.80,1074.80,true
session_20260623_163953_final,3423,349148,2026-06-23T16:45:42.626976,Pas barometryczny,1074.80,1074.80,true
session_20260623_163953_final,3424,349269,2026-06-23T16:45:42.748250,Pas barometryczny,1074.79,1074.79,true
session_20260623_163953_final,3425,349357,2026-06-23T16:45:42.836590,Pas barometryczny,1075.22,1075.22,true
session_20260623_163953_final,3426,349465,2026-06-23T16:45:42.944598,Pas barometryczny,1076.15,1076.15,true
session_20260623_163953_final,3427,349549,2026-06-23T16:45:43.027974,Pas barometryczny,1076.97,1076.97,true
session_20260623_163953_final,3428,349674,2026-06-23T16:45:43.152906,Pas barometryczny,1077.67,1077.67,true
session_20260623_163953_final,3429,349764,2026-06-23T16:45:43.242897,Pas barometryczny,1078.21,1078.21,true
session_20260623_163953_final,3430,349868,2026-06-23T16:45:43.347637,Pas barometryczny,1079.13,1079.13,true
session_20260623_163953_final,3431,349943,2026-06-23T16:45:43.422554,Pas barometryczny,1079.47,1079.47,true
session_20260623_163953_final,3432,350079,2026-06-23T16:45:43.557827,Pas barometryczny,1079.89,1079.89,true
session_20260623_163953_final,3433,350182,2026-06-23T16:45:43.661799,Pas barometryczny,1080.20,1080.20,true
session_20260623_163953_final,3434,350267,2026-06-23T16:45:43.746256,Pas barometryczny,1080.38,1080.38,true
session_20260623_163953_final,3435,350393,2026-06-23T16:45:43.872482,Pas barometryczny,1080.50,1080.50,true
session_20260623_163953_final,3436,350501,2026-06-23T16:45:43.980069,Pas barometryczny,1080.53,1080.53,true
session_20260623_163953_final,3437,350575,2026-06-23T16:45:44.054286,Pas barometryczny,1079.98,1079.98,true
session_20260623_163953_final,3438,350664,2026-06-23T16:45:44.143267,Pas barometryczny,1079.36,1079.36,true
session_20260623_163953_final,3439,350799,2026-06-23T16:45:44.278540,Pas barometryczny,1078.74,1078.74,true
session_20260623_163953_final,3440,350895,2026-06-23T16:45:44.374205,Pas barometryczny,1078.16,1078.16,true
session_20260623_163953_final,3441,350980,2026-06-23T16:45:44.459347,Pas barometryczny,1077.73,1077.73,true
session_20260623_163953_final,3442,351068,2026-06-23T16:45:44.547810,Pas barometryczny,1077.36,1077.36,true
session_20260623_163953_final,3443,351207,2026-06-23T16:45:44.686030,Pas barometryczny,1076.92,1076.92,true
session_20260623_163953_final,3444,351297,2026-06-23T16:45:44.776228,Pas barometryczny,1076.37,1076.37,true
session_20260623_163953_final,3445,351385,2026-06-23T16:45:44.863979,Pas barometryczny,1075.98,1075.98,true
session_20260623_163953_final,3446,351487,2026-06-23T16:45:44.966320,Pas barometryczny,1075.66,1075.66,true
session_20260623_163953_final,3447,351620,2026-06-23T16:45:45.099228,Pas barometryczny,1075.36,1075.36,true
session_20260623_163953_final,3448,351701,2026-06-23T16:45:45.180168,Pas barometryczny,1075.00,1075.00,true
session_20260623_163953_final,3449,351797,2026-06-23T16:45:45.275872,Pas barometryczny,1074.83,1074.83,true
session_20260623_163953_final,3450,351929,2026-06-23T16:45:45.408315,Pas barometryczny,1074.64,1074.64,true
session_20260623_163953_final,3451,352022,2026-06-23T16:45:45.501012,Pas barometryczny,1074.60,1074.60,true
session_20260623_163953_final,3452,352103,2026-06-23T16:45:45.582671,Pas barometryczny,1074.68,1074.68,true
session_20260623_163953_final,3453,352193,2026-06-23T16:45:45.672010,Pas barometryczny,1075.30,1075.30,true
session_20260623_163953_final,3454,352339,2026-06-23T16:45:45.818771,Pas barometryczny,1076.14,1076.14,true
session_20260623_163953_final,3455,352421,2026-06-23T16:45:45.900339,Pas barometryczny,1076.79,1076.79,true
session_20260623_163953_final,3456,352511,2026-06-23T16:45:45.990125,Pas barometryczny,1077.43,1077.43,true
session_20260623_163953_final,3457,352598,2026-06-23T16:45:46.077137,Pas barometryczny,1077.84,1077.84,true
session_20260623_163953_final,3458,352739,2026-06-23T16:45:46.218489,Pas barometryczny,1078.36,1078.36,true
session_20260623_163953_final,3459,352842,2026-06-23T16:45:46.321083,Pas barometryczny,1078.87,1078.87,true
session_20260623_163953_final,3460,352926,2026-06-23T16:45:46.404959,Pas barometryczny,1079.68,1079.68,true
session_20260623_163953_final,3461,353003,2026-06-23T16:45:46.481913,Pas barometryczny,1080.02,1080.02,true
session_20260623_163953_final,3462,353144,2026-06-23T16:45:46.623253,Pas barometryczny,1080.24,1080.24,true
session_20260623_163953_final,3463,353244,2026-06-23T16:45:46.723348,Pas barometryczny,1080.40,1080.40,true
session_20260623_163953_final,3464,353317,2026-06-23T16:45:46.796727,Pas barometryczny,1080.55,1080.55,true
session_20260623_163953_final,3465,353457,2026-06-23T16:45:46.936623,Pas barometryczny,1080.68,1080.68,true
session_20260623_163953_final,3466,353545,2026-06-23T16:45:47.024451,Pas barometryczny,1080.76,1080.76,true
session_20260623_163953_final,3467,353643,2026-06-23T16:45:47.122285,Pas barometryczny,1080.58,1080.58,true
session_20260623_163953_final,3468,353726,2026-06-23T16:45:47.205267,Pas barometryczny,1080.41,1080.41,true
session_20260623_163953_final,3469,353861,2026-06-23T16:45:47.339893,Pas barometryczny,1079.84,1079.84,true
session_20260623_163953_final,3470,353961,2026-06-23T16:45:47.440029,Pas barometryczny,1079.15,1079.15,true
session_20260623_163953_final,3471,354037,2026-06-23T16:45:47.516080,Pas barometryczny,1078.56,1078.56,true
session_20260623_163953_final,3472,354146,2026-06-23T16:45:47.625760,Pas barometryczny,1078.05,1078.05,true
session_20260623_163953_final,3473,354277,2026-06-23T16:45:47.756170,Pas barometryczny,1077.58,1077.58,true
session_20260623_163953_final,3474,354352,2026-06-23T16:45:47.831300,Pas barometryczny,1077.22,1077.22,true
session_20260623_163953_final,3475,354442,2026-06-23T16:45:47.921452,Pas barometryczny,1076.70,1076.70,true
session_20260623_163953_final,3476,354545,2026-06-23T16:45:48.024769,Pas barometryczny,1076.25,1076.25,true
session_20260623_163953_final,3477,354680,2026-06-23T16:45:48.159671,Pas barometryczny,1075.81,1075.81,true
session_20260623_163953_final,3478,354763,2026-06-23T16:45:48.242181,Pas barometryczny,1075.54,1075.54,true
session_20260623_163953_final,3479,354862,2026-06-23T16:45:48.341329,Pas barometryczny,1075.30,1075.30,true
session_20260623_163953_final,3480,354996,2026-06-23T16:45:48.475379,Pas barometryczny,1075.09,1075.09,true
session_20260623_163953_final,3481,355077,2026-06-23T16:45:48.556359,Pas barometryczny,1075.06,1075.06,true
session_20260623_163953_final,3482,355163,2026-06-23T16:45:48.642202,Pas barometryczny,1074.90,1074.90,true
session_20260623_163953_final,3483,355258,2026-06-23T16:45:48.737189,Pas barometryczny,1075.01,1075.01,true
session_20260623_163953_final,3484,355399,2026-06-23T16:45:48.877822,Pas barometryczny,1075.75,1075.75,true
session_20260623_163953_final,3485,355480,2026-06-23T16:45:48.959038,Pas barometryczny,1076.67,1076.67,true
session_20260623_163953_final,3486,355583,2026-06-23T16:45:49.062130,Pas barometryczny,1077.44,1077.44,true
session_20260623_163953_final,3487,355661,2026-06-23T16:45:49.140543,Pas barometryczny,1078.00,1078.00,true
session_20260623_163953_final,3488,355795,2026-06-23T16:45:49.273846,Pas barometryczny,1078.59,1078.59,true
session_20260623_163953_final,3489,355887,2026-06-23T16:45:49.366755,Pas barometryczny,1078.96,1078.96,true
session_20260623_163953_final,3490,355983,2026-06-23T16:45:49.462662,Pas barometryczny,1079.28,1079.28,true
session_20260623_163953_final,3491,356063,2026-06-23T16:45:49.542373,Pas barometryczny,1080.03,1080.03,true
session_20260623_163953_final,3492,356211,2026-06-23T16:45:49.690011,Pas barometryczny,1080.41,1080.41,true
session_20260623_163953_final,3493,356298,2026-06-23T16:45:49.777168,Pas barometryczny,1080.59,1080.59,true
session_20260623_163953_final,3494,356380,2026-06-23T16:45:49.858894,Pas barometryczny,1080.86,1080.86,true
session_20260623_163953_final,3495,356513,2026-06-23T16:45:49.992019,Pas barometryczny,1080.89,1080.89,true
session_20260623_163953_final,3496,356621,2026-06-23T16:45:50.099993,Pas barometryczny,1080.93,1080.93,true
session_20260623_163953_final,3497,356701,2026-06-23T16:45:50.180221,Pas barometryczny,1080.98,1080.98,true
session_20260623_163953_final,3498,356790,2026-06-23T16:45:50.269231,Pas barometryczny,1080.84,1080.84,true
session_20260623_163953_final,3499,356918,2026-06-23T16:45:50.397418,Pas barometryczny,1080.30,1080.30,true
session_20260623_163953_final,3500,357015,2026-06-23T16:45:50.494257,Pas barometryczny,1079.70,1079.70,true
session_20260623_163953_final,3501,357100,2026-06-23T16:45:50.579252,Pas barometryczny,1078.95,1078.95,true
session_20260623_163953_final,3502,357191,2026-06-23T16:45:50.670694,Pas barometryczny,1078.18,1078.18,true
session_20260623_163953_final,3503,357325,2026-06-23T16:45:50.804282,Pas barometryczny,1077.62,1077.62,true
session_20260623_163953_final,3504,357420,2026-06-23T16:45:50.899163,Pas barometryczny,1077.16,1077.16,true
session_20260623_163953_final,3505,357503,2026-06-23T16:45:50.982467,Pas barometryczny,1076.73,1076.73,true
session_20260623_163953_final,3506,357604,2026-06-23T16:45:51.083683,Pas barometryczny,1076.33,1076.33,true
session_20260623_163953_final,3507,357727,2026-06-23T16:45:51.206737,Pas barometryczny,1075.97,1075.97,true
session_20260623_163953_final,3508,357818,2026-06-23T16:45:51.297432,Pas barometryczny,1075.56,1075.56,true
session_20260623_163953_final,3509,357921,2026-06-23T16:45:51.400202,Pas barometryczny,1075.29,1075.29,true
session_20260623_163953_final,3510,358043,2026-06-23T16:45:51.522277,Pas barometryczny,1075.04,1075.04,true
session_20260623_163953_final,3511,358142,2026-06-23T16:45:51.620947,Pas barometryczny,1074.86,1074.86,true
session_20260623_163953_final,3512,358239,2026-06-23T16:45:51.718329,Pas barometryczny,1074.77,1074.77,true
session_20260623_163953_final,3513,358324,2026-06-23T16:45:51.803033,Pas barometryczny,1074.82,1074.82,true
session_20260623_163953_final,3514,358459,2026-06-23T16:45:51.938559,Pas barometryczny,1075.51,1075.51,true
session_20260623_163953_final,3515,358537,2026-06-23T16:45:52.016665,Pas barometryczny,1076.39,1076.39,true
session_20260623_163953_final,3516,358629,2026-06-23T16:45:52.108728,Pas barometryczny,1077.22,1077.22,true
session_20260623_163953_final,3517,358719,2026-06-23T16:45:52.198100,Pas barometryczny,1077.86,1077.86,true
session_20260623_163953_final,3518,358855,2026-06-23T16:45:52.334797,Pas barometryczny,1078.42,1078.42,true
session_20260623_163953_final,3519,358957,2026-06-23T16:45:52.436499,Pas barometryczny,1079.03,1079.03,true
session_20260623_163953_final,3520,359034,2026-06-23T16:45:52.512928,Pas barometryczny,1079.36,1079.36,true
session_20260623_163953_final,3521,359126,2026-06-23T16:45:52.605612,Pas barometryczny,1079.74,1079.74,true
session_20260623_163953_final,3522,359257,2026-06-23T16:45:52.736662,Pas barometryczny,1080.25,1080.25,true
session_20260623_163953_final,3523,359359,2026-06-23T16:45:52.838449,Pas barometryczny,1080.55,1080.55,true
session_20260623_163953_final,3524,359437,2026-06-23T16:45:52.916468,Pas barometryczny,1080.77,1080.77,true
session_20260623_163953_final,3525,359574,2026-06-23T16:45:53.053657,Pas barometryczny,1080.79,1080.79,true
session_20260623_163953_final,3526,359679,2026-06-23T16:45:53.157879,Pas barometryczny,1080.37,1080.37,true
session_20260623_163953_final,3527,359759,2026-06-23T16:45:53.238009,Pas barometryczny,1079.66,1079.66,true
session_20260623_163953_final,3528,359846,2026-06-23T16:45:53.325025,Pas barometryczny,1078.99,1078.99,true
session_20260623_163953_final,3529,360000,2026-06-23T16:45:53.479416,Pas barometryczny,1078.39,1078.39,true
session_20260623_163953_final,3530,360070,2026-06-23T16:45:53.549504,Pas barometryczny,1077.84,1077.84,true
session_20260623_163953_final,3531,360160,2026-06-23T16:45:53.639466,Pas barometryczny,1077.34,1077.34,true
session_20260623_163953_final,3532,360261,2026-06-23T16:45:53.740379,Pas barometryczny,1076.85,1076.85,true
session_20260623_163953_final,3533,360394,2026-06-23T16:45:53.873069,Pas barometryczny,1076.44,1076.44,true
session_20260623_163953_final,3534,360477,2026-06-23T16:45:53.956425,Pas barometryczny,1075.96,1075.96,true
session_20260623_163953_final,3535,360581,2026-06-23T16:45:54.059968,Pas barometryczny,1075.37,1075.37,true
session_20260623_163953_final,3536,360664,2026-06-23T16:45:54.142916,Pas barometryczny,1074.93,1074.93,true
session_20260623_163953_final,3537,360793,2026-06-23T16:45:54.272617,Pas barometryczny,1074.64,1074.64,true
session_20260623_163953_final,3538,360882,2026-06-23T16:45:54.361752,Pas barometryczny,1074.49,1074.49,true
session_20260623_163953_final,3539,360987,2026-06-23T16:45:54.466371,Pas barometryczny,1074.49,1074.49,true
session_20260623_163953_final,3540,361166,2026-06-23T16:45:54.645099,Pas barometryczny,1074.67,1074.67,true
session_20260623_163953_final,3541,361195,2026-06-23T16:45:54.674602,Pas barometryczny,1075.07,1075.07,true
session_20260623_163953_final,3542,361293,2026-06-23T16:45:54.771914,Pas barometryczny,1075.88,1075.88,true
session_20260623_163953_final,3543,361380,2026-06-23T16:45:54.858952,Pas barometryczny,1076.81,1076.81,true
session_20260623_163953_final,3544,361518,2026-06-23T16:45:54.997599,Pas barometryczny,1077.46,1077.46,true
session_20260623_163953_final,3545,361598,2026-06-23T16:45:55.077589,Pas barometryczny,1078.05,1078.05,true
session_20260623_163953_final,3546,361701,2026-06-23T16:45:55.180498,Pas barometryczny,1078.56,1078.56,true
session_20260623_163953_final,3547,361777,2026-06-23T16:45:55.256805,Pas barometryczny,1079.07,1079.07,true
session_20260623_163953_final,3548,361914,2026-06-23T16:45:55.393545,Pas barometryczny,1079.38,1079.38,true
session_20260623_163953_final,3549,362006,2026-06-23T16:45:55.485191,Pas barometryczny,1079.64,1079.64,true
session_20260623_163953_final,3550,362092,2026-06-23T16:45:55.571361,Pas barometryczny,1079.94,1079.94,true
session_20260623_163953_final,3551,362185,2026-06-23T16:45:55.664365,Pas barometryczny,1080.20,1080.20,true
session_20260623_163953_final,3552,362322,2026-06-23T16:45:55.801578,Pas barometryczny,1080.47,1080.47,true
session_20260623_163953_final,3553,362408,2026-06-23T16:45:55.887113,Pas barometryczny,1080.64,1080.64,true
session_20260623_163953_final,3554,362500,2026-06-23T16:45:55.979469,Pas barometryczny,1080.43,1080.43,true
session_20260623_163953_final,3555,362632,2026-06-23T16:45:56.111342,Pas barometryczny,1080.28,1080.28,true
session_20260623_163953_final,3556,362734,2026-06-23T16:45:56.213303,Pas barometryczny,1080.41,1080.41,true
session_20260623_163953_final,3557,362814,2026-06-23T16:45:56.293210,Pas barometryczny,1080.22,1080.22,true
session_20260623_163953_final,3558,362908,2026-06-23T16:45:56.387493,Pas barometryczny,1079.40,1079.40,true
session_20260623_163953_final,3559,363038,2026-06-23T16:45:56.517677,Pas barometryczny,1078.49,1078.49,true
session_20260623_163953_final,3560,363133,2026-06-23T16:45:56.612789,Pas barometryczny,1077.97,1077.97,true
session_20260623_163953_final,3561,363220,2026-06-23T16:45:56.699686,Pas barometryczny,1077.26,1077.26,true
session_20260623_163953_final,3562,363311,2026-06-23T16:45:56.790306,Pas barometryczny,1076.71,1076.71,true
session_20260623_163953_final,3563,363446,2026-06-23T16:45:56.924967,Pas barometryczny,1076.32,1076.32,true
session_20260623_163953_final,3564,363533,2026-06-23T16:45:57.012219,Pas barometryczny,1075.94,1075.94,true
session_20260623_163953_final,3565,363633,2026-06-23T16:45:57.111877,Pas barometryczny,1075.39,1075.39,true
session_20260623_163953_final,3566,363721,2026-06-23T16:45:57.200329,Pas barometryczny,1075.01,1075.01,true
session_20260623_163953_final,3567,363849,2026-06-23T16:45:57.327940,Pas barometryczny,1074.66,1074.66,true
session_20260623_163953_final,3568,363940,2026-06-23T16:45:57.418957,Pas barometryczny,1074.33,1074.33,true
session_20260623_163953_final,3569,364042,2026-06-23T16:45:57.521599,Pas barometryczny,1074.27,1074.27,true
session_20260623_163953_final,3570,364173,2026-06-23T16:45:57.652401,Pas barometryczny,1074.34,1074.34,true
session_20260623_163953_final,3571,364256,2026-06-23T16:45:57.735257,Pas barometryczny,1074.54,1074.54,true
session_20260623_163953_final,3572,364361,2026-06-23T16:45:57.839882,Pas barometryczny,1075.11,1075.11,true
session_20260623_163953_final,3573,364448,2026-06-23T16:45:57.927249,Pas barometryczny,1075.91,1075.91,true
session_20260623_163953_final,3574,364575,2026-06-23T16:45:58.054716,Pas barometryczny,1076.61,1076.61,true
session_20260623_163953_final,3575,364658,2026-06-23T16:45:58.136879,Pas barometryczny,1077.22,1077.22,true
session_20260623_163953_final,3576,364749,2026-06-23T16:45:58.228713,Pas barometryczny,1077.81,1077.81,true
session_20260623_163953_final,3577,364839,2026-06-23T16:45:58.318336,Pas barometryczny,1078.29,1078.29,true
session_20260623_163953_final,3578,364976,2026-06-23T16:45:58.455156,Pas barometryczny,1078.88,1078.88,true
session_20260623_163953_final,3579,365075,2026-06-23T16:45:58.554015,Pas barometryczny,1079.27,1079.27,true
session_20260623_163953_final,3580,365154,2026-06-23T16:45:58.632983,Pas barometryczny,1079.76,1079.76,true
session_20260623_163953_final,3581,365254,2026-06-23T16:45:58.733182,Pas barometryczny,1080.06,1080.06,true
session_20260623_163953_final,3582,365395,2026-06-23T16:45:58.874086,Pas barometryczny,1080.32,1080.32,true
session_20260623_163953_final,3583,365467,2026-06-23T16:45:58.946714,Pas barometryczny,1080.61,1080.61,true
session_20260623_163953_final,3584,365558,2026-06-23T16:45:59.037296,Pas barometryczny,1080.85,1080.85,true
session_20260623_163953_final,3585,365692,2026-06-23T16:45:59.171030,Pas barometryczny,1080.10,1080.10,true
session_20260623_163953_final,3586,365802,2026-06-23T16:45:59.280964,Pas barometryczny,1079.28,1079.28,true
session_20260623_163953_final,3587,365884,2026-06-23T16:45:59.363036,Pas barometryczny,1078.49,1078.49,true
session_20260623_163953_final,3588,365983,2026-06-23T16:45:59.462663,Pas barometryczny,1077.86,1077.86,true
session_20260623_163953_final,3589,366112,2026-06-23T16:45:59.591222,Pas barometryczny,1077.32,1077.32,true
session_20260623_163953_final,3590,366197,2026-06-23T16:45:59.676437,Pas barometryczny,1076.89,1076.89,true
session_20260623_163953_final,3591,366278,2026-06-23T16:45:59.757272,Pas barometryczny,1076.46,1076.46,true
session_20260623_163953_final,3592,366373,2026-06-23T16:45:59.852715,Pas barometryczny,1076.14,1076.14,true
session_20260623_163953_final,3593,366510,2026-06-23T16:45:59.989423,Pas barometryczny,1075.86,1075.86,true
session_20260623_163953_final,3594,366597,2026-06-23T16:46:00.076799,Pas barometryczny,1075.49,1075.49,true
session_20260623_163953_final,3595,366692,2026-06-23T16:46:00.170990,Pas barometryczny,1075.41,1075.41,true
session_20260623_163953_final,3596,366783,2026-06-23T16:46:00.261851,Pas barometryczny,1075.52,1075.52,true
session_20260623_163953_final,3597,366912,2026-06-23T16:46:00.391784,Pas barometryczny,1075.59,1075.59,true
session_20260623_163953_final,3598,366998,2026-06-23T16:46:00.477325,Pas barometryczny,1075.59,1075.59,true
session_20260623_163953_final,3599,367100,2026-06-23T16:46:00.579783,Pas barometryczny,1075.63,1075.63,true
session_20260623_163953_final,3600,367223,2026-06-23T16:46:00.702312,Pas barometryczny,1075.59,1075.59,true
session_20260623_163953_final,3601,367315,2026-06-23T16:46:00.794366,Pas barometryczny,1075.55,1075.55,true
session_20260623_163953_final,3602,367419,2026-06-23T16:46:00.898695,Pas barometryczny,1075.57,1075.57,true
session_20260623_163953_final,3603,367494,2026-06-23T16:46:00.973001,Pas barometryczny,1075.52,1075.52,true
session_20260623_163953_final,3604,367633,2026-06-23T16:46:01.111974,Pas barometryczny,1076.48,1076.48,true
session_20260623_163953_final,3605,367736,2026-06-23T16:46:01.215176,Pas barometryczny,1077.31,1077.31,true
session_20260623_163953_final,3606,367810,2026-06-23T16:46:01.289347,Pas barometryczny,1078.15,1078.15,true
session_20260623_163953_final,3607,367903,2026-06-23T16:46:01.382574,Pas barometryczny,1078.72,1078.72,true
session_20260623_163953_final,3608,368037,2026-06-23T16:46:01.516153,Pas barometryczny,1079.25,1079.25,true
session_20260623_163953_final,3609,368125,2026-06-23T16:46:01.604469,Pas barometryczny,1079.77,1079.77,true
session_20260623_163953_final,3610,368213,2026-06-23T16:46:01.692424,Pas barometryczny,1080.27,1080.27,true
session_20260623_163953_final,3611,368320,2026-06-23T16:46:01.798899,Pas barometryczny,1080.81,1080.81,true
session_20260623_163953_final,3612,368441,2026-06-23T16:46:01.920032,Pas barometryczny,1081.18,1081.18,true
session_20260623_163953_final,3613,368537,2026-06-23T16:46:02.016686,Pas barometryczny,1081.41,1081.41,true
session_20260623_163953_final,3614,368622,2026-06-23T16:46:02.101474,Pas barometryczny,1080.93,1080.93,true
session_20260623_163953_final,3615,368759,2026-06-23T16:46:02.238599,Pas barometryczny,1079.40,1079.40,true
session_20260623_163953_final,3616,368843,2026-06-23T16:46:02.322411,Pas barometryczny,1078.82,1078.82,true
session_20260623_163953_final,3617,368934,2026-06-23T16:46:02.412952,Pas barometryczny,1078.13,1078.13,true
session_20260623_163953_final,3618,369030,2026-06-23T16:46:02.509481,Pas barometryczny,1077.62,1077.62,true
session_20260623_163953_final,3619,369177,2026-06-23T16:46:02.656294,Pas barometryczny,1077.04,1077.04,true
session_20260623_163953_final,3620,369262,2026-06-23T16:46:02.741475,Pas barometryczny,1076.58,1076.58,true
session_20260623_163953_final,3621,369337,2026-06-23T16:46:02.816725,Pas barometryczny,1076.26,1076.26,true
session_20260623_163953_final,3622,369429,2026-06-23T16:46:02.908137,Pas barometryczny,1075.91,1075.91,true
session_20260623_163953_final,3623,369574,2026-06-23T16:46:03.052816,Pas barometryczny,1075.59,1075.59,true
session_20260623_163953_final,3624,369652,2026-06-23T16:46:03.131265,Pas barometryczny,1075.24,1075.24,true
session_20260623_163953_final,3625,369745,2026-06-23T16:46:03.224804,Pas barometryczny,1075.03,1075.03,true
session_20260623_163953_final,3626,369838,2026-06-23T16:46:03.317200,Pas barometryczny,1074.75,1074.75,true
session_20260623_163953_final,3627,369973,2026-06-23T16:46:03.452782,Pas barometryczny,1074.68,1074.68,true
session_20260623_163953_final,3628,370062,2026-06-23T16:46:03.541741,Pas barometryczny,1074.62,1074.62,true
session_20260623_163953_final,3629,370149,2026-06-23T16:46:03.627947,Pas barometryczny,1074.63,1074.63,true
session_20260623_163953_final,3630,370287,2026-06-23T16:46:03.766187,Pas barometryczny,1075.12,1075.12,true
session_20260623_163953_final,3631,370372,2026-06-23T16:46:03.851286,Pas barometryczny,1075.91,1075.91,true
session_20260623_163953_final,3632,370477,2026-06-23T16:46:03.956423,Pas barometryczny,1076.61,1076.61,true
session_20260623_163953_final,3633,370559,2026-06-23T16:46:04.038755,Pas barometryczny,1077.25,1077.25,true
session_20260623_163953_final,3634,370694,2026-06-23T16:46:04.173810,Pas barometryczny,1077.88,1077.88,true
session_20260623_163953_final,3635,370796,2026-06-23T16:46:04.275446,Pas barometryczny,1078.43,1078.43,true
session_20260623_163953_final,3636,370875,2026-06-23T16:46:04.354646,Pas barometryczny,1079.01,1079.01,true
session_20260623_163953_final,3637,370959,2026-06-23T16:46:04.438578,Pas barometryczny,1079.36,1079.36,true
session_20260623_163953_final,3638,371094,2026-06-23T16:46:04.572846,Pas barometryczny,1079.77,1079.77,true
session_20260623_163953_final,3639,371196,2026-06-23T16:46:04.675741,Pas barometryczny,1079.96,1079.96,true
session_20260623_163953_final,3640,371272,2026-06-23T16:46:04.751607,Pas barometryczny,1080.20,1080.20,true
session_20260623_163953_final,3641,371367,2026-06-23T16:46:04.846422,Pas barometryczny,1080.42,1080.42,true
session_20260623_163953_final,3642,371513,2026-06-23T16:46:04.992205,Pas barometryczny,1080.53,1080.53,true
session_20260623_163953_final,3643,371587,2026-06-23T16:46:05.065942,Pas barometryczny,1080.40,1080.40,true
session_20260623_163953_final,3644,371678,2026-06-23T16:46:05.157491,Pas barometryczny,1080.15,1080.15,true
session_20260623_163953_final,3645,371830,2026-06-23T16:46:05.309209,Pas barometryczny,1079.48,1079.48,true
session_20260623_163953_final,3646,371909,2026-06-23T16:46:05.388480,Pas barometryczny,1078.18,1078.18,true
session_20260623_163953_final,3647,371998,2026-06-23T16:46:05.477367,Pas barometryczny,1077.66,1077.66,true
session_20260623_163953_final,3648,372099,2026-06-23T16:46:05.577831,Pas barometryczny,1077.21,1077.21,true
session_20260623_163953_final,3649,372226,2026-06-23T16:46:05.704871,Pas barometryczny,1076.77,1076.77,true
session_20260623_163953_final,3650,372318,2026-06-23T16:46:05.796843,Pas barometryczny,1076.30,1076.30,true
session_20260623_163953_final,3651,372407,2026-06-23T16:46:05.886415,Pas barometryczny,1075.75,1075.75,true
session_20260623_163953_final,3652,372498,2026-06-23T16:46:05.977610,Pas barometryczny,1075.37,1075.37,true
session_20260623_163953_final,3653,372632,2026-06-23T16:46:06.111274,Pas barometryczny,1075.01,1075.01,true
session_20260623_163953_final,3654,372717,2026-06-23T16:46:06.196186,Pas barometryczny,1074.72,1074.72,true
session_20260623_163953_final,3655,372807,2026-06-23T16:46:06.286175,Pas barometryczny,1074.49,1074.49,true
session_20260623_163953_final,3656,372896,2026-06-23T16:46:06.375261,Pas barometryczny,1074.42,1074.42,true
session_20260623_163953_final,3657,373032,2026-06-23T16:46:06.511623,Pas barometryczny,1074.33,1074.33,true
session_20260623_163953_final,3658,373129,2026-06-23T16:46:06.608264,Pas barometryczny,1074.31,1074.31,true
session_20260623_163953_final,3659,373219,2026-06-23T16:46:06.698380,Pas barometryczny,1074.44,1074.44,true
session_20260623_163953_final,3660,373297,2026-06-23T16:46:06.776523,Pas barometryczny,1074.71,1074.71,true
session_20260623_163953_final,3661,373435,2026-06-23T16:46:06.913875,Pas barometryczny,1075.30,1075.30,true
session_20260623_163953_final,3662,373532,2026-06-23T16:46:07.011403,Pas barometryczny,1075.99,1075.99,true
session_20260623_163953_final,3663,373618,2026-06-23T16:46:07.097556,Pas barometryczny,1076.71,1076.71,true
session_20260623_163953_final,3664,373750,2026-06-23T16:46:07.229042,Pas barometryczny,1077.27,1077.27,true
session_20260623_163953_final,3665,373854,2026-06-23T16:46:07.333191,Pas barometryczny,1077.73,1077.73,true
session_20260623_163953_final,3666,373936,2026-06-23T16:46:07.414951,Pas barometryczny,1078.25,1078.25,true
session_20260623_163953_final,3667,374018,2026-06-23T16:46:07.496912,Pas barometryczny,1078.68,1078.68,true
session_20260623_163953_final,3668,374153,2026-06-23T16:46:07.631824,Pas barometryczny,1079.12,1079.12,true
session_20260623_163953_final,3669,374255,2026-06-23T16:46:07.733863,Pas barometryczny,1079.40,1079.40,true
session_20260623_163953_final,3670,374336,2026-06-23T16:46:07.815451,Pas barometryczny,1079.78,1079.78,true
session_20260623_163953_final,3671,374432,2026-06-23T16:46:07.911731,Pas barometryczny,1079.84,1079.84,true
session_20260623_163953_final,3672,374567,2026-06-23T16:46:08.046611,Pas barometryczny,1079.85,1079.85,true
session_20260623_163953_final,3673,374648,2026-06-23T16:46:08.127372,Pas barometryczny,1079.70,1079.70,true
session_20260623_163953_final,3674,374744,2026-06-23T16:46:08.223149,Pas barometryczny,1079.08,1079.08,true
session_20260623_163953_final,3675,374843,2026-06-23T16:46:08.321962,Pas barometryczny,1078.35,1078.35,true
session_20260623_163953_final,3676,374968,2026-06-23T16:46:08.447239,Pas barometryczny,1077.68,1077.68,true
session_20260623_163953_final,3677,375056,2026-06-23T16:46:08.535061,Pas barometryczny,1076.62,1076.62,true
session_20260623_163953_final,3678,375157,2026-06-23T16:46:08.635937,Pas barometryczny,1076.04,1076.04,true
session_20260623_163953_final,3679,375279,2026-06-23T16:46:08.758482,Pas barometryczny,1075.73,1075.73,true
session_20260623_163953_final,3680,375367,2026-06-23T16:46:08.846747,Pas barometryczny,1075.45,1075.45,true
session_20260623_163953_final,3681,375475,2026-06-23T16:46:08.954573,Pas barometryczny,1075.10,1075.10,true
session_20260623_163953_final,3682,375547,2026-06-23T16:46:09.026722,Pas barometryczny,1074.81,1074.81,true
session_20260623_163953_final,3683,375690,2026-06-23T16:46:09.168947,Pas barometryczny,1074.72,1074.72,true
session_20260623_163953_final,3684,375773,2026-06-23T16:46:09.252290,Pas barometryczny,1074.64,1074.64,true
session_20260623_163953_final,3685,375863,2026-06-23T16:46:09.342467,Pas barometryczny,1074.52,1074.52,true
session_20260623_163953_final,3686,375954,2026-06-23T16:46:09.433640,Pas barometryczny,1074.54,1074.54,true
session_20260623_163953_final,3687,376092,2026-06-23T16:46:09.571683,Pas barometryczny,1074.57,1074.57,true
session_20260623_163953_final,3688,376182,2026-06-23T16:46:09.661254,Pas barometryczny,1074.85,1074.85,true
session_20260623_163953_final,3689,376274,2026-06-23T16:46:09.753154,Pas barometryczny,1075.49,1075.49,true
session_20260623_163953_final,3690,376411,2026-06-23T16:46:09.890195,Pas barometryczny,1076.26,1076.26,true
session_20260623_163953_final,3691,376493,2026-06-23T16:46:09.972184,Pas barometryczny,1076.91,1076.91,true
session_20260623_163953_final,3692,376593,2026-06-23T16:46:10.072457,Pas barometryczny,1077.37,1077.37,true
session_20260623_163953_final,3693,376673,2026-06-23T16:46:10.151875,Pas barometryczny,1077.83,1077.83,true
session_20260623_163953_final,3694,376809,2026-06-23T16:46:10.288019,Pas barometryczny,1078.30,1078.30,true
session_20260623_163953_final,3695,376904,2026-06-23T16:46:10.382900,Pas barometryczny,1078.81,1078.81,true
session_20260623_163953_final,3696,376996,2026-06-23T16:46:10.475176,Pas barometryczny,1079.20,1079.20,true
session_20260623_163953_final,3697,377079,2026-06-23T16:46:10.557828,Pas barometryczny,1079.48,1079.48,true
session_20260623_163953_final,3698,377230,2026-06-23T16:46:10.709645,Pas barometryczny,1079.84,1079.84,true
session_20260623_163953_final,3699,377310,2026-06-23T16:46:10.789365,Pas barometryczny,1080.00,1080.00,true
session_20260623_163953_final,3700,377393,2026-06-23T16:46:10.872579,Pas barometryczny,1080.03,1080.03,true
session_20260623_163953_final,3701,377484,2026-06-23T16:46:10.963123,Pas barometryczny,1079.92,1079.92,true
session_20260623_163953_final,3702,377630,2026-06-23T16:46:11.109571,Pas barometryczny,1079.42,1079.42,true
session_20260623_163953_final,3703,377707,2026-06-23T16:46:11.186425,Pas barometryczny,1078.84,1078.84,true
session_20260623_163953_final,3704,377817,2026-06-23T16:46:11.296410,Pas barometryczny,1078.13,1078.13,true
session_20260623_163953_final,3705,377894,2026-06-23T16:46:11.373392,Pas barometryczny,1077.70,1077.70,true
session_20260623_163953_final,3706,378029,2026-06-23T16:46:11.508701,Pas barometryczny,1077.08,1077.08,true
session_20260623_163953_final,3707,378112,2026-06-23T16:46:11.591489,Pas barometryczny,1076.49,1076.49,true
session_20260623_163953_final,3708,378211,2026-06-23T16:46:11.690280,Pas barometryczny,1075.63,1075.63,true
session_20260623_163953_final,3709,378344,2026-06-23T16:46:11.822947,Pas barometryczny,1075.14,1075.14,true
session_20260623_163953_final,3710,378435,2026-06-23T16:46:11.914635,Pas barometryczny,1074.69,1074.69,true
session_20260623_163953_final,3711,378534,2026-06-23T16:46:12.013458,Pas barometryczny,1074.40,1074.40,true
session_20260623_163953_final,3712,378621,2026-06-23T16:46:12.100360,Pas barometryczny,1074.10,1074.10,true
session_20260623_163953_final,3713,378749,2026-06-23T16:46:12.227971,Pas barometryczny,1073.95,1073.95,true
session_20260623_163953_final,3714,378834,2026-06-23T16:46:12.313012,Pas barometryczny,1074.07,1074.07,true
session_20260623_163953_final,3715,378937,2026-06-23T16:46:12.415863,Pas barometryczny,1074.27,1074.27,true
session_20260623_163953_final,3716,379013,2026-06-23T16:46:12.492760,Pas barometryczny,1074.69,1074.69,true
session_20260623_163953_final,3717,379148,2026-06-23T16:46:12.626986,Pas barometryczny,1075.50,1075.50,true
session_20260623_163953_final,3718,379283,2026-06-23T16:46:12.762550,Pas barometryczny,1076.31,1076.31,true
session_20260623_163953_final,3719,379334,2026-06-23T16:46:12.813241,Pas barometryczny,1076.89,1076.89,true
session_20260623_163953_final,3720,379417,2026-06-23T16:46:12.896519,Pas barometryczny,1077.34,1077.34,true
session_20260623_163953_final,3721,379558,2026-06-23T16:46:13.037581,Pas barometryczny,1077.92,1077.92,true
session_20260623_163953_final,3722,379648,2026-06-23T16:46:13.127546,Pas barometryczny,1078.34,1078.34,true
session_20260623_163953_final,3723,379731,2026-06-23T16:46:13.210797,Pas barometryczny,1078.77,1078.77,true
session_20260623_163953_final,3724,379869,2026-06-23T16:46:13.347823,Pas barometryczny,1079.24,1079.24,true
session_20260623_163953_final,3725,379965,2026-06-23T16:46:13.444526,Pas barometryczny,1079.48,1079.48,true
session_20260623_163953_final,3726,380047,2026-06-23T16:46:13.526508,Pas barometryczny,1079.81,1079.81,true
session_20260623_163953_final,3727,380157,2026-06-23T16:46:13.636282,Pas barometryczny,1079.88,1079.88,true
session_20260623_163953_final,3728,380290,2026-06-23T16:46:13.769710,Pas barometryczny,1080.11,1080.11,true
session_20260623_163953_final,3729,380372,2026-06-23T16:46:13.851314,Pas barometryczny,1080.36,1080.36,true
session_20260623_163953_final,3730,380455,2026-06-23T16:46:13.934579,Pas barometryczny,1080.40,1080.40,true
session_20260623_163953_final,3731,380543,2026-06-23T16:46:14.021938,Pas barometryczny,1079.98,1079.98,true
session_20260623_163953_final,3732,380682,2026-06-23T16:46:14.160969,Pas barometryczny,1079.20,1079.20,true
session_20260623_163953_final,3733,380769,2026-06-23T16:46:14.247944,Pas barometryczny,1078.52,1078.52,true
session_20260623_163953_final,3734,380862,2026-06-23T16:46:14.341325,Pas barometryczny,1077.86,1077.86,true
session_20260623_163953_final,3735,380949,2026-06-23T16:46:14.427998,Pas barometryczny,1077.32,1077.32,true
session_20260623_163953_final,3736,381083,2026-06-23T16:46:14.562745,Pas barometryczny,1076.89,1076.89,true
session_20260623_163953_final,3737,381174,2026-06-23T16:46:14.652818,Pas barometryczny,1076.46,1076.46,true
session_20260623_163953_final,3738,381265,2026-06-23T16:46:14.743922,Pas barometryczny,1076.12,1076.12,true
session_20260623_163953_final,3739,381410,2026-06-23T16:46:14.888929,Pas barometryczny,1075.50,1075.50,true
session_20260623_163953_final,3740,381489,2026-06-23T16:46:14.968523,Pas barometryczny,1074.99,1074.99,true
session_20260623_163953_final,3741,381598,2026-06-23T16:46:15.077113,Pas barometryczny,1074.71,1074.71,true
session_20260623_163953_final,3742,381678,2026-06-23T16:46:15.156919,Pas barometryczny,1074.58,1074.58,true
session_20260623_163953_final,3743,381808,2026-06-23T16:46:15.287535,Pas barometryczny,1074.57,1074.57,true
session_20260623_163953_final,3744,381912,2026-06-23T16:46:15.391209,Pas barometryczny,1074.65,1074.65,true
session_20260623_163953_final,3745,381995,2026-06-23T16:46:15.474732,Pas barometryczny,1074.77,1074.77,true
session_20260623_163953_final,3746,382073,2026-06-23T16:46:15.552163,Pas barometryczny,1075.08,1075.08,true
session_20260623_163953_final,3747,382213,2026-06-23T16:46:15.691912,Pas barometryczny,1075.63,1075.63,true
session_20260623_163953_final,3748,382313,2026-06-23T16:46:15.792286,Pas barometryczny,1076.42,1076.42,true
session_20260623_163953_final,3749,382390,2026-06-23T16:46:15.869065,Pas barometryczny,1077.13,1077.13,true
session_20260623_163953_final,3750,382483,2026-06-23T16:46:15.962222,Pas barometryczny,1077.75,1077.75,true
session_20260623_163953_final,3751,382629,2026-06-23T16:46:16.108785,Pas barometryczny,1078.35,1078.35,true
session_20260623_163953_final,3752,382711,2026-06-23T16:46:16.189879,Pas barometryczny,1078.82,1078.82,true
session_20260623_163953_final,3753,382794,2026-06-23T16:46:16.273020,Pas barometryczny,1079.25,1079.25,true
session_20260623_163953_final,3754,382930,2026-06-23T16:46:16.409804,Pas barometryczny,1079.51,1079.51,true
session_20260623_163953_final,3755,383028,2026-06-23T16:46:16.507260,Pas barometryczny,1079.79,1079.79,true
session_20260623_163953_final,3756,383116,2026-06-23T16:46:16.595734,Pas barometryczny,1080.12,1080.12,true
session_20260623_163953_final,3757,383214,2026-06-23T16:46:16.693774,Pas barometryczny,1080.35,1080.35,true
session_20260623_163953_final,3758,383356,2026-06-23T16:46:16.835129,Pas barometryczny,1080.56,1080.56,true
session_20260623_163953_final,3759,383436,2026-06-23T16:46:16.915413,Pas barometryczny,1080.22,1080.22,true
session_20260623_163953_final,3760,383518,2026-06-23T16:46:16.996920,Pas barometryczny,1079.62,1079.62,true
session_20260623_163953_final,3761,383615,2026-06-23T16:46:17.094516,Pas barometryczny,1078.92,1078.92,true
session_20260623_163953_final,3762,383751,2026-06-23T16:46:17.229907,Pas barometryczny,1078.28,1078.28,true
session_20260623_163953_final,3763,383833,2026-06-23T16:46:17.311851,Pas barometryczny,1077.82,1077.82,true
session_20260623_163953_final,3764,383935,2026-06-23T16:46:17.414249,Pas barometryczny,1077.40,1077.40,true
session_20260623_163953_final,3765,384012,2026-06-23T16:46:17.491102,Pas barometryczny,1077.03,1077.03,true
session_20260623_163953_final,3766,384150,2026-06-23T16:46:17.629169,Pas barometryczny,1076.64,1076.64,true
session_20260623_163953_final,3767,384233,2026-06-23T16:46:17.712179,Pas barometryczny,1076.28,1076.28,true
session_20260623_163953_final,3768,384333,2026-06-23T16:46:17.812406,Pas barometryczny,1075.72,1075.72,true
session_20260623_163953_final,3769,384458,2026-06-23T16:46:17.937505,Pas barometryczny,1075.36,1075.36,true
session_20260623_163953_final,3770,384549,2026-06-23T16:46:18.028633,Pas barometryczny,1075.01,1075.01,true
session_20260623_163953_final,3771,384645,2026-06-23T16:46:18.124112,Pas barometryczny,1075.10,1075.10,true
session_20260623_163953_final,3772,384729,2026-06-23T16:46:18.208310,Pas barometryczny,1075.16,1075.16,true
session_20260623_163953_final,3773,384864,2026-06-23T16:46:18.343596,Pas barometryczny,1075.21,1075.21,true
session_20260623_163953_final,3774,384963,2026-06-23T16:46:18.442752,Pas barometryczny,1074.90,1074.90,true
session_20260623_163953_final,3775,385043,2026-06-23T16:46:18.522186,Pas barometryczny,1074.71,1074.71,true
session_20260623_163953_final,3776,385134,2026-06-23T16:46:18.613356,Pas barometryczny,1074.67,1074.67,true
session_20260623_163953_final,3777,385268,2026-06-23T16:46:18.747631,Pas barometryczny,1075.12,1075.12,true
session_20260623_163953_final,3778,385359,2026-06-23T16:46:18.838539,Pas barometryczny,1075.96,1075.96,true
session_20260623_163953_final,3779,385453,2026-06-23T16:46:18.932220,Pas barometryczny,1076.62,1076.62,true
session_20260623_163953_final,3780,385554,2026-06-23T16:46:19.033619,Pas barometryczny,1077.34,1077.34,true
session_20260623_163953_final,3781,385677,2026-06-23T16:46:19.156120,Pas barometryczny,1077.77,1077.77,true
session_20260623_163953_final,3782,385765,2026-06-23T16:46:19.244535,Pas barometryczny,1078.27,1078.27,true
session_20260623_163953_final,3783,385854,2026-06-23T16:46:19.333059,Pas barometryczny,1078.81,1078.81,true
session_20260623_163953_final,3784,385994,2026-06-23T16:46:19.473506,Pas barometryczny,1079.23,1079.23,true
session_20260623_163953_final,3785,386079,2026-06-23T16:46:19.558112,Pas barometryczny,1079.65,1079.65,true
session_20260623_163953_final,3786,386170,2026-06-23T16:46:19.649519,Pas barometryczny,1079.93,1079.93,true
session_20260623_163953_final,3787,386272,2026-06-23T16:46:19.751533,Pas barometryczny,1080.16,1080.16,true
session_20260623_163953_final,3788,386394,2026-06-23T16:46:19.873246,Pas barometryczny,1079.97,1079.97,true
session_20260623_163953_final,3789,386482,2026-06-23T16:46:19.961400,Pas barometryczny,1079.37,1079.37,true
session_20260623_163953_final,3790,386572,2026-06-23T16:46:20.051238,Pas barometryczny,1078.89,1078.89,true
session_20260623_163953_final,3791,386663,2026-06-23T16:46:20.142621,Pas barometryczny,1078.32,1078.32,true
session_20260623_163953_final,3792,386811,2026-06-23T16:46:20.290229,Pas barometryczny,1077.73,1077.73,true
session_20260623_163953_final,3793,386888,2026-06-23T16:46:20.367208,Pas barometryczny,1077.18,1077.18,true
session_20260623_163953_final,3794,386981,2026-06-23T16:46:20.460273,Pas barometryczny,1076.75,1076.75,true
session_20260623_163953_final,3795,387072,2026-06-23T16:46:20.551131,Pas barometryczny,1076.24,1076.24,true
session_20260623_163953_final,3796,387206,2026-06-23T16:46:20.685065,Pas barometryczny,1075.81,1075.81,true
session_20260623_163953_final,3797,387298,2026-06-23T16:46:20.777013,Pas barometryczny,1075.43,1075.43,true
session_20260623_163953_final,3798,387384,2026-06-23T16:46:20.863085,Pas barometryczny,1075.19,1075.19,true
session_20260623_163953_final,3799,387528,2026-06-23T16:46:21.006839,Pas barometryczny,1074.91,1074.91,true
session_20260623_163953_final,3800,387609,2026-06-23T16:46:21.088537,Pas barometryczny,1075.03,1075.03,true
session_20260623_163953_final,3801,387700,2026-06-23T16:46:21.179734,Pas barometryczny,1075.11,1075.11,true
session_20260623_163953_final,3802,387799,2026-06-23T16:46:21.277820,Pas barometryczny,1075.09,1075.09,true
session_20260623_163953_final,3803,387926,2026-06-23T16:46:21.404839,Pas barometryczny,1075.19,1075.19,true
session_20260623_163953_final,3804,388027,2026-06-23T16:46:21.506362,Pas barometryczny,1075.32,1075.32,true
session_20260623_163953_final,3805,388163,2026-06-23T16:46:21.642266,Pas barometryczny,1075.21,1075.21,true
session_20260623_163953_final,3806,388201,2026-06-23T16:46:21.680670,Pas barometryczny,1074.75,1074.75,true
session_20260623_163953_final,3807,388330,2026-06-23T16:46:21.809318,Pas barometryczny,1074.86,1074.86,true
session_20260623_163953_final,3808,388428,2026-06-23T16:46:21.907082,Pas barometryczny,1075.83,1075.83,true
session_20260623_163953_final,3809,388508,2026-06-23T16:46:21.987412,Pas barometryczny,1076.71,1076.71,true
session_20260623_163953_final,3810,388602,2026-06-23T16:46:22.080839,Pas barometryczny,1077.47,1077.47,true
session_20260623_163953_final,3811,388749,2026-06-23T16:46:22.227919,Pas barometryczny,1078.06,1078.06,true
session_20260623_163953_final,3812,388822,2026-06-23T16:46:22.301367,Pas barometryczny,1078.63,1078.63,true
session_20260623_163953_final,3813,388914,2026-06-23T16:46:22.393613,Pas barometryczny,1079.17,1079.17,true
session_20260623_163953_final,3814,389053,2026-06-23T16:46:22.531998,Pas barometryczny,1079.52,1079.52,true
session_20260623_163953_final,3815,389139,2026-06-23T16:46:22.617971,Pas barometryczny,1079.86,1079.86,true
session_20260623_163953_final,3816,389228,2026-06-23T16:46:22.706978,Pas barometryczny,1080.18,1080.18,true
session_20260623_163953_final,3817,389334,2026-06-23T16:46:22.813441,Pas barometryczny,1080.56,1080.56,true
session_20260623_163953_final,3818,389471,2026-06-23T16:46:22.950693,Pas barometryczny,1080.85,1080.85,true
session_20260623_163953_final,3819,389550,2026-06-23T16:46:23.029671,Pas barometryczny,1080.95,1080.95,true
session_20260623_163953_final,3820,389651,2026-06-23T16:46:23.130127,Pas barometryczny,1080.66,1080.66,true
session_20260623_163953_final,3821,389735,2026-06-23T16:46:23.214333,Pas barometryczny,1080.03,1080.03,true
session_20260623_163953_final,3822,389869,2026-06-23T16:46:23.348475,Pas barometryczny,1079.28,1079.28,true
session_20260623_163953_final,3823,389949,2026-06-23T16:46:23.428258,Pas barometryczny,1078.66,1078.66,true
session_20260623_163953_final,3824,390038,2026-06-23T16:46:23.517125,Pas barometryczny,1078.10,1078.10,true
session_20260623_163953_final,3825,390134,2026-06-23T16:46:23.613552,Pas barometryczny,1077.67,1077.67,true
session_20260623_163953_final,3826,390264,2026-06-23T16:46:23.743092,Pas barometryczny,1077.26,1077.26,true
session_20260623_163953_final,3827,390365,2026-06-23T16:46:23.844175,Pas barometryczny,1076.82,1076.82,true
session_20260623_163953_final,3828,390447,2026-06-23T16:46:23.926349,Pas barometryczny,1076.32,1076.32,true
session_20260623_163953_final,3829,390578,2026-06-23T16:46:24.057164,Pas barometryczny,1075.93,1075.93,true
session_20260623_163953_final,3830,390672,2026-06-23T16:46:24.151566,Pas barometryczny,1075.59,1075.59,true
session_20260623_163953_final,3831,390765,2026-06-23T16:46:24.244395,Pas barometryczny,1075.21,1075.21,true
session_20260623_163953_final,3832,390855,2026-06-23T16:46:24.334023,Pas barometryczny,1074.64,1074.64,true
session_20260623_163953_final,3833,390985,2026-06-23T16:46:24.464646,Pas barometryczny,1074.47,1074.47,true
session_20260623_163953_final,3834,391075,2026-06-23T16:46:24.554597,Pas barometryczny,1074.30,1074.30,true
session_20260623_163953_final,3835,391168,2026-06-23T16:46:24.647641,Pas barometryczny,1074.45,1074.45,true
session_20260623_163953_final,3836,391258,2026-06-23T16:46:24.737299,Pas barometryczny,1075.02,1075.02,true
session_20260623_163953_final,3837,391387,2026-06-23T16:46:24.866555,Pas barometryczny,1075.92,1075.92,true
session_20260623_163953_final,3838,391488,2026-06-23T16:46:24.967408,Pas barometryczny,1076.73,1076.73,true
session_20260623_163953_final,3839,391570,2026-06-23T16:46:25.049266,Pas barometryczny,1077.37,1077.37,true
session_20260623_163953_final,3840,391671,2026-06-23T16:46:25.149965,Pas barometryczny,1077.91,1077.91,true
session_20260623_163953_final,3841,391807,2026-06-23T16:46:25.285897,Pas barometryczny,1078.26,1078.26,true
session_20260623_163953_final,3842,391884,2026-06-23T16:46:25.363314,Pas barometryczny,1078.73,1078.73,true
session_20260623_163953_final,3843,391978,2026-06-23T16:46:25.457354,Pas barometryczny,1079.21,1079.21,true
session_20260623_163953_final,3844,392112,2026-06-23T16:46:25.591173,Pas barometryczny,1079.50,1079.50,true
session_20260623_163953_final,3845,392201,2026-06-23T16:46:25.680067,Pas barometryczny,1079.90,1079.90,true
session_20260623_163953_final,3846,392291,2026-06-23T16:46:25.770128,Pas barometryczny,1080.08,1080.08,true
session_20260623_163953_final,3847,392388,2026-06-23T16:46:25.867714,Pas barometryczny,1080.40,1080.40,true
session_20260623_163953_final,3848,392518,2026-06-23T16:46:25.997792,Pas barometryczny,1080.36,1080.36,true
session_20260623_163953_final,3849,392605,2026-06-23T16:46:26.083903,Pas barometryczny,1079.86,1079.86,true
session_20260623_163953_final,3850,392700,2026-06-23T16:46:26.179188,Pas barometryczny,1079.20,1079.20,true
session_20260623_163953_final,3851,392795,2026-06-23T16:46:26.274097,Pas barometryczny,1078.49,1078.49,true
session_20260623_163953_final,3852,392919,2026-06-23T16:46:26.398,Pas barometryczny,1077.91,1077.91,true
session_20260623_163953_final,3853,393008,2026-06-23T16:46:26.487578,Pas barometryczny,1077.33,1077.33,true
session_20260623_163953_final,3854,393110,2026-06-23T16:46:26.589422,Pas barometryczny,1076.80,1076.80,true
session_20260623_163953_final,3855,393188,2026-06-23T16:46:26.667778,Pas barometryczny,1076.23,1076.23,true
session_20260623_163953_final,3856,393323,2026-06-23T16:46:26.802152,Pas barometryczny,1075.83,1075.83,true
session_20260623_163953_final,3857,393417,2026-06-23T16:46:26.895950,Pas barometryczny,1075.54,1075.54,true
session_20260623_163953_final,3858,393503,2026-06-23T16:46:26.982609,Pas barometryczny,1075.23,1075.23,true
session_20260623_163953_final,3859,393645,2026-06-23T16:46:27.124569,Pas barometryczny,1074.92,1074.92,true
session_20260623_163953_final,3860,393744,2026-06-23T16:46:27.223283,Pas barometryczny,1074.71,1074.71,true
session_20260623_163953_final,3861,393819,2026-06-23T16:46:27.298752,Pas barometryczny,1074.61,1074.61,true
session_20260623_163953_final,3862,393909,2026-06-23T16:46:27.387899,Pas barometryczny,1074.54,1074.54,true
session_20260623_163953_final,3863,394047,2026-06-23T16:46:27.525907,Pas barometryczny,1074.66,1074.66,true
session_20260623_163953_final,3864,394146,2026-06-23T16:46:27.625053,Pas barometryczny,1075.02,1075.02,true
session_20260623_163953_final,3865,394233,2026-06-23T16:46:27.712293,Pas barometryczny,1075.53,1075.53,true
session_20260623_163953_final,3866,394313,2026-06-23T16:46:27.792656,Pas barometryczny,1076.27,1076.27,true
session_20260623_163953_final,3867,394462,2026-06-23T16:46:27.941236,Pas barometryczny,1076.99,1076.99,true
session_20260623_163953_final,3868,394549,2026-06-23T16:46:28.028392,Pas barometryczny,1077.55,1077.55,true
session_20260623_163953_final,3869,394631,2026-06-23T16:46:28.110449,Pas barometryczny,1078.01,1078.01,true
session_20260623_163953_final,3870,394720,2026-06-23T16:46:28.198929,Pas barometryczny,1078.51,1078.51,true
session_20260623_163953_final,3871,394865,2026-06-23T16:46:28.344594,Pas barometryczny,1078.97,1078.97,true
session_20260623_163953_final,3872,394948,2026-06-23T16:46:28.427712,Pas barometryczny,1079.38,1079.38,true
session_20260623_163953_final,3873,395043,2026-06-23T16:46:28.521991,Pas barometryczny,1079.67,1079.67,true
session_20260623_163953_final,3874,395180,2026-06-23T16:46:28.659790,Pas barometryczny,1080.03,1080.03,true
session_20260623_163953_final,3875,395264,2026-06-23T16:46:28.742968,Pas barometryczny,1080.20,1080.20,true
session_20260623_163953_final,3876,395348,2026-06-23T16:46:28.827427,Pas barometryczny,1080.27,1080.27,true
session_20260623_163953_final,3877,395448,2026-06-23T16:46:28.927773,Pas barometryczny,1080.30,1080.30,true
session_20260623_163953_final,3878,395584,2026-06-23T16:46:29.063797,Pas barometryczny,1079.85,1079.85,true
session_20260623_163953_final,3879,395662,2026-06-23T16:46:29.141796,Pas barometryczny,1079.16,1079.16,true
session_20260623_163953_final,3880,395770,2026-06-23T16:46:29.248945,Pas barometryczny,1078.35,1078.35,true
session_20260623_163953_final,3881,395842,2026-06-23T16:46:29.321696,Pas barometryczny,1077.80,1077.80,true
session_20260623_163953_final,3882,395979,2026-06-23T16:46:29.458352,Pas barometryczny,1077.13,1077.13,true
session_20260623_163953_final,3883,396071,2026-06-23T16:46:29.550015,Pas barometryczny,1076.52,1076.52,true
session_20260623_163953_final,3884,396172,2026-06-23T16:46:29.650847,Pas barometryczny,1076.13,1076.13,true
session_20260623_163953_final,3885,396250,2026-06-23T16:46:29.729668,Pas barometryczny,1075.84,1075.84,true
session_20260623_163953_final,3886,396382,2026-06-23T16:46:29.861716,Pas barometryczny,1075.44,1075.44,true
session_20260623_163953_final,3887,396488,2026-06-23T16:46:29.966950,Pas barometryczny,1074.97,1074.97,true
session_20260623_163953_final,3888,396564,2026-06-23T16:46:30.043160,Pas barometryczny,1074.63,1074.63,true
session_20260623_163953_final,3889,396699,2026-06-23T16:46:30.177983,Pas barometryczny,1074.37,1074.37,true
session_20260623_163953_final,3890,396793,2026-06-23T16:46:30.272217,Pas barometryczny,1074.35,1074.35,true
session_20260623_163953_final,3891,396878,2026-06-23T16:46:30.357470,Pas barometryczny,1074.40,1074.40,true
session_20260623_163953_final,3892,396968,2026-06-23T16:46:30.447545,Pas barometryczny,1074.53,1074.53,true
session_20260623_163953_final,3893,397104,2026-06-23T16:46:30.583077,Pas barometryczny,1074.69,1074.69,true
session_20260623_163953_final,3894,397194,2026-06-23T16:46:30.673423,Pas barometryczny,1075.63,1075.63,true
session_20260623_163953_final,3895,397290,2026-06-23T16:46:30.769046,Pas barometryczny,1076.23,1076.23,true
session_20260623_163953_final,3896,397382,2026-06-23T16:46:30.861798,Pas barometryczny,1076.90,1076.90,true
session_20260623_163953_final,3897,397518,2026-06-23T16:46:30.997073,Pas barometryczny,1077.54,1077.54,true
session_20260623_163953_final,3898,397609,2026-06-23T16:46:31.088329,Pas barometryczny,1078.04,1078.04,true
session_20260623_163953_final,3899,397688,2026-06-23T16:46:31.167418,Pas barometryczny,1078.55,1078.55,true
session_20260623_163953_final,3900,397791,2026-06-23T16:46:31.270321,Pas barometryczny,1078.93,1078.93,true
session_20260623_163953_final,3901,397925,2026-06-23T16:46:31.403998,Pas barometryczny,1079.36,1079.36,true
session_20260623_163953_final,3902,398003,2026-06-23T16:46:31.482488,Pas barometryczny,1079.59,1079.59,true
session_20260623_163953_final,3903,398097,2026-06-23T16:46:31.576528,Pas barometryczny,1079.86,1079.86,true
session_20260623_163953_final,3904,398243,2026-06-23T16:46:31.722714,Pas barometryczny,1080.08,1080.08,true
session_20260623_163953_final,3905,398319,2026-06-23T16:46:31.798512,Pas barometryczny,1079.74,1079.74,true
session_20260623_163953_final,3906,398414,2026-06-23T16:46:31.893625,Pas barometryczny,1079.17,1079.17,true
session_20260623_163953_final,3907,398499,2026-06-23T16:46:31.978107,Pas barometryczny,1078.51,1078.51,true
session_20260623_163953_final,3908,398633,2026-06-23T16:46:32.112538,Pas barometryczny,1077.94,1077.94,true
session_20260623_163953_final,3909,398724,2026-06-23T16:46:32.202994,Pas barometryczny,1077.29,1077.29,true
session_20260623_163953_final,3910,398816,2026-06-23T16:46:32.295077,Pas barometryczny,1076.74,1076.74,true
session_20260623_163953_final,3911,398912,2026-06-23T16:46:32.390935,Pas barometryczny,1076.28,1076.28,true
session_20260623_163953_final,3912,399042,2026-06-23T16:46:32.521274,Pas barometryczny,1075.93,1075.93,true
session_20260623_163953_final,3913,399144,2026-06-23T16:46:32.623459,Pas barometryczny,1075.72,1075.72,true
session_20260623_163953_final,3914,399231,2026-06-23T16:46:32.710144,Pas barometryczny,1075.52,1075.52,true
session_20260623_163953_final,3915,399309,2026-06-23T16:46:32.788525,Pas barometryczny,1075.28,1075.28,true
session_20260623_163953_final,3916,399449,2026-06-23T16:46:32.927884,Pas barometryczny,1075.05,1075.05,true
session_20260623_163953_final,3917,399548,2026-06-23T16:46:33.027041,Pas barometryczny,1075.00,1075.00,true
session_20260623_163953_final,3918,399625,2026-06-23T16:46:33.104083,Pas barometryczny,1074.93,1074.93,true
session_20260623_163953_final,3919,399758,2026-06-23T16:46:33.236925,Pas barometryczny,1074.91,1074.91,true
session_20260623_163953_final,3920,399865,2026-06-23T16:46:33.344548,Pas barometryczny,1074.99,1074.99,true
session_20260623_163953_final,3921,399938,2026-06-23T16:46:33.417550,Pas barometryczny,1075.08,1075.08,true
session_20260623_163953_final,3922,400029,2026-06-23T16:46:33.508091,Pas barometryczny,1075.40,1075.40,true
session_20260623_163953_final,3923,400167,2026-06-23T16:46:33.646256,Pas barometryczny,1075.94,1075.94,true
session_20260623_163953_final,3924,400270,2026-06-23T16:46:33.749300,Pas barometryczny,1076.73,1076.73,true
session_20260623_163953_final,3925,400343,2026-06-23T16:46:33.822533,Pas barometryczny,1077.86,1077.86,true
session_20260623_163953_final,3926,400450,2026-06-23T16:46:33.929569,Pas barometryczny,1078.28,1078.28,true
session_20260623_163953_final,3927,400581,2026-06-23T16:46:34.060051,Pas barometryczny,1078.77,1078.77,true
session_20260623_163953_final,3928,400669,2026-06-23T16:46:34.147887,Pas barometryczny,1079.05,1079.05,true
session_20260623_163953_final,3929,400748,2026-06-23T16:46:34.227101,Pas barometryczny,1079.21,1079.21,true
session_20260623_163953_final,3930,400848,2026-06-23T16:46:34.327793,Pas barometryczny,1079.30,1079.30,true
session_20260623_163953_final,3931,400982,2026-06-23T16:46:34.461666,Pas barometryczny,1079.00,1079.00,true
session_20260623_163953_final,3932,401064,2026-06-23T16:46:34.542967,Pas barometryczny,1078.76,1078.76,true
session_20260623_163953_final,3933,401168,2026-06-23T16:46:34.646936,Pas barometryczny,1078.45,1078.45,true
session_20260623_163953_final,3934,401304,2026-06-23T16:46:34.783321,Pas barometryczny,1078.21,1078.21,true
session_20260623_163953_final,3935,401382,2026-06-23T16:46:34.860861,Pas barometryczny,1078.09,1078.09,true
session_20260623_163953_final,3936,401514,2026-06-23T16:46:34.993108,Pas barometryczny,1077.80,1077.80,true
session_20260623_163953_final,3937,401565,2026-06-23T16:46:35.044119,Pas barometryczny,1077.67,1077.67,true
session_20260623_163953_final,3938,401693,2026-06-23T16:46:35.172085,Pas barometryczny,1077.50,1077.50,true
session_20260623_163953_final,3939,401786,2026-06-23T16:46:35.264887,Pas barometryczny,1077.30,1077.30,true
session_20260623_163953_final,3940,401881,2026-06-23T16:46:35.360634,Pas barometryczny,1077.49,1077.49,true
session_20260623_163953_final,3941,401969,2026-06-23T16:46:35.448018,Pas barometryczny,1077.61,1077.61,true
session_20260623_163953_final,3942,402099,2026-06-23T16:46:35.578094,Pas barometryczny,1075.99,1075.99,true
session_20260623_163953_final,3943,402210,2026-06-23T16:46:35.689450,Pas barometryczny,1075.45,1075.45,true
session_20260623_163953_final,3944,402288,2026-06-23T16:46:35.766974,Pas barometryczny,1075.50,1075.50,true
session_20260623_163953_final,3945,402371,2026-06-23T16:46:35.850565,Pas barometryczny,1075.32,1075.32,true
session_20260623_163953_final,3946,402503,2026-06-23T16:46:35.982813,Pas barometryczny,1075.32,1075.32,true
session_20260623_163953_final,3947,402606,2026-06-23T16:46:36.085260,Pas barometryczny,1075.37,1075.37,true
session_20260623_163953_final,3948,402689,2026-06-23T16:46:36.168245,Pas barometryczny,1075.57,1075.57,true
session_20260623_163953_final,3949,402820,2026-06-23T16:46:36.299190,Pas barometryczny,1076.01,1076.01,true
session_20260623_163953_final,3950,402925,2026-06-23T16:46:36.403964,Pas barometryczny,1076.19,1076.19,true
session_20260623_163953_final,3951,402998,2026-06-23T16:46:36.477536,Pas barometryczny,1076.49,1076.49,true
session_20260623_163953_final,3952,403092,2026-06-23T16:46:36.571425,Pas barometryczny,1076.59,1076.59,true
session_20260623_163953_final,3953,403234,2026-06-23T16:46:36.713287,Pas barometryczny,1076.76,1076.76,true
session_20260623_163953_final,3954,403314,2026-06-23T16:46:36.793441,Pas barometryczny,1077.09,1077.09,true
session_20260623_163953_final,3955,403404,2026-06-23T16:46:36.883397,Pas barometryczny,1077.04,1077.04,true
session_20260623_163953_final,3956,403510,2026-06-23T16:46:36.989731,Pas barometryczny,1077.44,1077.44,true
session_20260623_163953_final,3957,403630,2026-06-23T16:46:37.109218,Pas barometryczny,1078.26,1078.26,true
session_20260623_163953_final,3958,403718,2026-06-23T16:46:37.197396,Pas barometryczny,1079.36,1079.36,true
session_20260623_163953_final,3959,403809,2026-06-23T16:46:37.287878,Pas barometryczny,1080.00,1080.00,true
session_20260623_163953_final,3960,403899,2026-06-23T16:46:37.377879,Pas barometryczny,1080.12,1080.12,true
session_20260623_163953_final,3961,404045,2026-06-23T16:46:37.524005,Pas barometryczny,1080.51,1080.51,true
session_20260623_163953_final,3962,404123,2026-06-23T16:46:37.602118,Pas barometryczny,1080.46,1080.46,true
session_20260623_163953_final,3963,404215,2026-06-23T16:46:37.694095,Pas barometryczny,1079.92,1079.92,true
session_20260623_163953_final,3964,404362,2026-06-23T16:46:37.841011,Pas barometryczny,1079.45,1079.45,true
session_20260623_163953_final,3965,404446,2026-06-23T16:46:37.924823,Pas barometryczny,1079.49,1079.49,true
session_20260623_163953_final,3966,404533,2026-06-23T16:46:38.011964,Pas barometryczny,1079.15,1079.15,true
session_20260623_163953_final,3967,404618,2026-06-23T16:46:38.097599,Pas barometryczny,1078.48,1078.48,true
session_20260623_163953_final,3968,404763,2026-06-23T16:46:38.242346,Pas barometryczny,1078.11,1078.11,true
session_20260623_163953_final,3969,404844,2026-06-23T16:46:38.323284,Pas barometryczny,1079.02,1079.02,true
session_20260623_163953_final,3970,404936,2026-06-23T16:46:38.415020,Pas barometryczny,1079.14,1079.14,true
session_20260623_163953_final,3971,405034,2026-06-23T16:46:38.512949,Pas barometryczny,1078.07,1078.07,true
session_20260623_163953_final,3972,405159,2026-06-23T16:46:38.638201,Pas barometryczny,1077.74,1077.74,true
session_20260623_163953_final,3973,405250,2026-06-23T16:46:38.729339,Pas barometryczny,1077.97,1077.97,true
session_20260623_163953_final,3974,405354,2026-06-23T16:46:38.833024,Pas barometryczny,1077.83,1077.83,true
session_20260623_163953_final,3975,405427,2026-06-23T16:46:38.906715,Pas barometryczny,1077.54,1077.54,true
session_20260623_163953_final,3976,405566,2026-06-23T16:46:39.045661,Pas barometryczny,1077.27,1077.27,true
session_20260623_163953_final,3977,405664,2026-06-23T16:46:39.143016,Pas barometryczny,1077.40,1077.40,true
session_20260623_163953_final,3978,405742,2026-06-23T16:46:39.221510,Pas barometryczny,1077.11,1077.11,true
session_20260623_163953_final,3979,405884,2026-06-23T16:46:39.363142,Pas barometryczny,1076.73,1076.73,true
session_20260623_163953_final,3980,405983,2026-06-23T16:46:39.462205,Pas barometryczny,1076.37,1076.37,true
session_20260623_163953_final,3981,406057,2026-06-23T16:46:39.536653,Pas barometryczny,1076.27,1076.27,true
session_20260623_163953_final,3982,406154,2026-06-23T16:46:39.633023,Pas barometryczny,1076.21,1076.21,true
session_20260623_163953_final,3983,406301,2026-06-23T16:46:39.780147,Pas barometryczny,1075.97,1075.97,true
session_20260623_163953_final,3984,406379,2026-06-23T16:46:39.858032,Pas barometryczny,1075.81,1075.81,true
session_20260623_163953_final,3985,406467,2026-06-23T16:46:39.946245,Pas barometryczny,1075.64,1075.64,true
session_20260623_163953_final,3986,406556,2026-06-23T16:46:40.034853,Pas barometryczny,1075.57,1075.57,true
session_20260623_163953_final,3987,406701,2026-06-23T16:46:40.180607,Pas barometryczny,1075.44,1075.44,true
session_20260623_163953_final,3988,406783,2026-06-23T16:46:40.262600,Pas barometryczny,1075.30,1075.30,true
session_20260623_163953_final,3989,406886,2026-06-23T16:46:40.365012,Pas barometryczny,1075.14,1075.14,true
session_20260623_163953_final,3990,406963,2026-06-23T16:46:40.442343,Pas barometryczny,1075.01,1075.01,true
session_20260623_163953_final,3991,407103,2026-06-23T16:46:40.582212,Pas barometryczny,1074.91,1074.91,true
session_20260623_163953_final,3992,407188,2026-06-23T16:46:40.666832,Pas barometryczny,1074.94,1074.94,true
session_20260623_163953_final,3993,407289,2026-06-23T16:46:40.768039,Pas barometryczny,1074.87,1074.87,true
session_20260623_163953_final,3994,407412,2026-06-23T16:46:40.891715,Pas barometryczny,1074.57,1074.57,true
session_20260623_163953_final,3995,407504,2026-06-23T16:46:40.982898,Pas barometryczny,1074.32,1074.32,true
session_20260623_163953_final,3996,407604,2026-06-23T16:46:41.083739,Pas barometryczny,1074.23,1074.23,true
session_20260623_163953_final,3997,407678,2026-06-23T16:46:41.156896,Pas barometryczny,1074.24,1074.24,true
session_20260623_163953_final,3998,407822,2026-06-23T16:46:41.301085,Pas barometryczny,1074.74,1074.74,true
session_20260623_163953_final,3999,407904,2026-06-23T16:46:41.383127,Pas barometryczny,1076.35,1076.35,true
session_20260623_163953_final,4000,408001,2026-06-23T16:46:41.479950,Pas barometryczny,1077.47,1077.47,true
session_20260623_163953_final,4001,408084,2026-06-23T16:46:41.563464,Pas barometryczny,1078.14,1078.14,true
session_20260623_163953_final,4002,408218,2026-06-23T16:46:41.697642,Pas barometryczny,1078.84,1078.84,true
session_20260623_163953_final,4003,408315,2026-06-23T16:46:41.794757,Pas barometryczny,1079.58,1079.58,true
session_20260623_163953_final,4004,408403,2026-06-23T16:46:41.882690,Pas barometryczny,1080.10,1080.10,true
session_20260623_163953_final,4005,408491,2026-06-23T16:46:41.970563,Pas barometryczny,1080.04,1080.04,true
session_20260623_163953_final,4006,408627,2026-06-23T16:46:42.106333,Pas barometryczny,1079.94,1079.94,true
session_20260623_163953_final,4007,408727,2026-06-23T16:46:42.205952,Pas barometryczny,1079.57,1079.57,true
session_20260623_163953_final,4008,408812,2026-06-23T16:46:42.291812,Pas barometryczny,1079.37,1079.37,true
session_20260623_163953_final,4009,408939,2026-06-23T16:46:42.418357,Pas barometryczny,1079.19,1079.19,true
session_20260623_163953_final,4010,409039,2026-06-23T16:46:42.518676,Pas barometryczny,1079.17,1079.17,true
session_20260623_163953_final,4011,409120,2026-06-23T16:46:42.599682,Pas barometryczny,1079.12,1079.12,true
session_20260623_163953_final,4012,409218,2026-06-23T16:46:42.697457,Pas barometryczny,1079.02,1079.02,true
session_20260623_163953_final,4013,409357,2026-06-23T16:46:42.836567,Pas barometryczny,1078.73,1078.73,true
session_20260623_163953_final,4014,409435,2026-06-23T16:46:42.914542,Pas barometryczny,1078.50,1078.50,true
session_20260623_163953_final,4015,409524,2026-06-23T16:46:43.003648,Pas barometryczny,1078.43,1078.43,true
session_20260623_163953_final,4016,409614,2026-06-23T16:46:43.093327,Pas barometryczny,1078.25,1078.25,true
session_20260623_163953_final,4017,409750,2026-06-23T16:46:43.229588,Pas barometryczny,1078.08,1078.08,true
session_20260623_163953_final,4018,409839,2026-06-23T16:46:43.317902,Pas barometryczny,1078.03,1078.03,true
session_20260623_163953_final,4019,409947,2026-06-23T16:46:43.425848,Pas barometryczny,1077.86,1077.86,true
session_20260623_163953_final,4020,410029,2026-06-23T16:46:43.507969,Pas barometryczny,1077.76,1077.76,true
session_20260623_163953_final,4021,410155,2026-06-23T16:46:43.634679,Pas barometryczny,1077.82,1077.82,true
session_20260623_163953_final,4022,410242,2026-06-23T16:46:43.721681,Pas barometryczny,1077.76,1077.76,true
session_20260623_163953_final,4023,410348,2026-06-23T16:46:43.827684,Pas barometryczny,1077.78,1077.78,true
session_20260623_163953_final,4024,410479,2026-06-23T16:46:43.958534,Pas barometryczny,1077.49,1077.49,true
session_20260623_163953_final,4025,410558,2026-06-23T16:46:44.037785,Pas barometryczny,1077.26,1077.26,true
session_20260623_163953_final,4026,410665,2026-06-23T16:46:44.143915,Pas barometryczny,1076.85,1076.85,true
session_20260623_163953_final,4027,410738,2026-06-23T16:46:44.217815,Pas barometryczny,1077.20,1077.20,true
session_20260623_163953_final,4028,410880,2026-06-23T16:46:44.358942,Pas barometryczny,1078.30,1078.30,true
session_20260623_163953_final,4029,410968,2026-06-23T16:46:44.447686,Pas barometryczny,1079.24,1079.24,true
session_20260623_163953_final,4030,411056,2026-06-23T16:46:44.535337,Pas barometryczny,1079.94,1079.94,true
session_20260623_163953_final,4031,411144,2026-06-23T16:46:44.623375,Pas barometryczny,1080.54,1080.54,true
session_20260623_163953_final,4032,411277,2026-06-23T16:46:44.756642,Pas barometryczny,1081.23,1081.23,true
session_20260623_163953_final,4033,411369,2026-06-23T16:46:44.848303,Pas barometryczny,1081.82,1081.82,true
session_20260623_163953_final,4034,411460,2026-06-23T16:46:44.939578,Pas barometryczny,1082.30,1082.30,true
session_20260623_163953_final,4035,411548,2026-06-23T16:46:45.026980,Pas barometryczny,1082.76,1082.76,true
session_20260623_163953_final,4036,411700,2026-06-23T16:46:45.179579,Pas barometryczny,1083.04,1083.04,true
session_20260623_163953_final,4037,411851,2026-06-23T16:46:45.330358,Pas barometryczny,1083.28,1083.28,true
session_20260623_163953_final,4038,411862,2026-06-23T16:46:45.341193,Pas barometryczny,1083.55,1083.55,true
session_20260623_163953_final,4039,411997,2026-06-23T16:46:45.476475,Pas barometryczny,1083.80,1083.80,true
session_20260623_163953_final,4040,412101,2026-06-23T16:46:45.580200,Pas barometryczny,1083.88,1083.88,true
session_20260623_163953_final,4041,412184,2026-06-23T16:46:45.662975,Pas barometryczny,1083.68,1083.68,true
session_20260623_163953_final,4042,412271,2026-06-23T16:46:45.750727,Pas barometryczny,1082.81,1082.81,true
session_20260623_163953_final,4043,412420,2026-06-23T16:46:45.899278,Pas barometryczny,1081.45,1081.45,true
session_20260623_163953_final,4044,412503,2026-06-23T16:46:45.982634,Pas barometryczny,1080.27,1080.27,true
session_20260623_163953_final,4045,412583,2026-06-23T16:46:46.062625,Pas barometryczny,1079.41,1079.41,true
session_20260623_163953_final,4046,412682,2026-06-23T16:46:46.161659,Pas barometryczny,1078.75,1078.75,true
session_20260623_163953_final,4047,412820,2026-06-23T16:46:46.299580,Pas barometryczny,1078.07,1078.07,true
session_20260623_163953_final,4048,412898,2026-06-23T16:46:46.376825,Pas barometryczny,1076.73,1076.73,true
session_20260623_163953_final,4049,413006,2026-06-23T16:46:46.485646,Pas barometryczny,1076.22,1076.22,true
session_20260623_163953_final,4050,413084,2026-06-23T16:46:46.563229,Pas barometryczny,1075.88,1075.88,true
session_20260623_163953_final,4051,413219,2026-06-23T16:46:46.698077,Pas barometryczny,1075.56,1075.56,true
session_20260623_163953_final,4052,413303,2026-06-23T16:46:46.782636,Pas barometryczny,1075.46,1075.46,true
session_20260623_163953_final,4053,413405,2026-06-23T16:46:46.884605,Pas barometryczny,1075.40,1075.40,true
session_20260623_163953_final,4054,413529,2026-06-23T16:46:47.008036,Pas barometryczny,1075.12,1075.12,true
session_20260623_163953_final,4055,413626,2026-06-23T16:46:47.105675,Pas barometryczny,1074.81,1074.81,true
session_20260623_163953_final,4056,413727,2026-06-23T16:46:47.206291,Pas barometryczny,1074.65,1074.65,true
session_20260623_163953_final,4057,413805,2026-06-23T16:46:47.284697,Pas barometryczny,1074.55,1074.55,true
session_20260623_163953_final,4058,413933,2026-06-23T16:46:47.411901,Pas barometryczny,1075.10,1075.10,true
session_20260623_163953_final,4059,414040,2026-06-23T16:46:47.519338,Pas barometryczny,1076.16,1076.16,true
session_20260623_163953_final,4060,414112,2026-06-23T16:46:47.591531,Pas barometryczny,1077.29,1077.29,true
session_20260623_163953_final,4061,414205,2026-06-23T16:46:47.684707,Pas barometryczny,1078.04,1078.04,true
session_20260623_163953_final,4062,414338,2026-06-23T16:46:47.817575,Pas barometryczny,1078.62,1078.62,true
session_20260623_163953_final,4063,414442,2026-06-23T16:46:47.921316,Pas barometryczny,1078.73,1078.73,true
session_20260623_163953_final,4064,414518,2026-06-23T16:46:47.997314,Pas barometryczny,1078.64,1078.64,true
session_20260623_163953_final,4065,414627,2026-06-23T16:46:48.106234,Pas barometryczny,1078.44,1078.44,true
session_20260623_163953_final,4066,414752,2026-06-23T16:46:48.231363,Pas barometryczny,1078.30,1078.30,true
session_20260623_163953_final,4067,414837,2026-06-23T16:46:48.316655,Pas barometryczny,1078.08,1078.08,true
session_20260623_163953_final,4068,414923,2026-06-23T16:46:48.401818,Pas barometryczny,1077.84,1077.84,true
session_20260623_163953_final,4069,415069,2026-06-23T16:46:48.548776,Pas barometryczny,1077.72,1077.72,true
session_20260623_163953_final,4070,415161,2026-06-23T16:46:48.640618,Pas barometryczny,1077.49,1077.49,true
session_20260623_163953_final,4071,415237,2026-06-23T16:46:48.716298,Pas barometryczny,1077.38,1077.38,true
session_20260623_163953_final,4072,415337,2026-06-23T16:46:48.816576,Pas barometryczny,1077.29,1077.29,true
session_20260623_163953_final,4073,415477,2026-06-23T16:46:48.956015,Pas barometryczny,1077.21,1077.21,true
session_20260623_163953_final,4074,415560,2026-06-23T16:46:49.039608,Pas barometryczny,1077.08,1077.08,true
session_20260623_163953_final,4075,415656,2026-06-23T16:46:49.135175,Pas barometryczny,1076.98,1076.98,true
session_20260623_163953_final,4076,415733,2026-06-23T16:46:49.212584,Pas barometryczny,1076.93,1076.93,true
session_20260623_163953_final,4077,415869,2026-06-23T16:46:49.348549,Pas barometryczny,1076.86,1076.86,true
session_20260623_163953_final,4078,415959,2026-06-23T16:46:49.437952,Pas barometryczny,1076.75,1076.75,true
session_20260623_163953_final,4079,416049,2026-06-23T16:46:49.527942,Pas barometryczny,1076.55,1076.55,true
session_20260623_163953_final,4080,416143,2026-06-23T16:46:49.622686,Pas barometryczny,1076.51,1076.51,true
session_20260623_163953_final,4081,416274,2026-06-23T16:46:49.753083,Pas barometryczny,1076.46,1076.46,true
session_20260623_163953_final,4082,416368,2026-06-23T16:46:49.847080,Pas barometryczny,1076.47,1076.47,true
session_20260623_163953_final,4083,416460,2026-06-23T16:46:49.939374,Pas barometryczny,1076.53,1076.53,true
session_20260623_163953_final,4084,416598,2026-06-23T16:46:50.077599,Pas barometryczny,1076.35,1076.35,true
session_20260623_163953_final,4085,416677,2026-06-23T16:46:50.156145,Pas barometryczny,1076.27,1076.27,true
session_20260623_163953_final,4086,416774,2026-06-23T16:46:50.253131,Pas barometryczny,1076.03,1076.03,true
session_20260623_163953_final,4087,416864,2026-06-23T16:46:50.343791,Pas barometryczny,1075.95,1075.95,true
session_20260623_163953_final,4088,417001,2026-06-23T16:46:50.480412,Pas barometryczny,1075.89,1075.89,true
session_20260623_163953_final,4089,417103,2026-06-23T16:46:50.582321,Pas barometryczny,1075.74,1075.74,true
session_20260623_163953_final,4090,417180,2026-06-23T16:46:50.658936,Pas barometryczny,1075.45,1075.45,true
session_20260623_163953_final,4091,417271,2026-06-23T16:46:50.749919,Pas barometryczny,1075.49,1075.49,true
session_20260623_163953_final,4092,417398,2026-06-23T16:46:50.877748,Pas barometryczny,1075.28,1075.28,true
session_20260623_163953_final,4093,417499,2026-06-23T16:46:50.978150,Pas barometryczny,1075.11,1075.11,true
session_20260623_163953_final,4094,417580,2026-06-23T16:46:51.059233,Pas barometryczny,1074.80,1074.80,true
session_20260623_163953_final,4095,417672,2026-06-23T16:46:51.151238,Pas barometryczny,1074.61,1074.61,true
session_20260623_163953_final,4096,417819,2026-06-23T16:46:51.298118,Pas barometryczny,1074.78,1074.78,true
session_20260623_163953_final,4097,417893,2026-06-23T16:46:51.372312,Pas barometryczny,1075.80,1075.80,true
session_20260623_163953_final,4098,417984,2026-06-23T16:46:51.463299,Pas barometryczny,1077.15,1077.15,true
session_20260623_163953_final,4099,418118,2026-06-23T16:46:51.597239,Pas barometryczny,1078.08,1078.08,true
session_20260623_163953_final,4100,418218,2026-06-23T16:46:51.696904,Pas barometryczny,1078.87,1078.87,true
session_20260623_163953_final,4101,418301,2026-06-23T16:46:51.780193,Pas barometryczny,1079.39,1079.39,true
session_20260623_163953_final,4102,418403,2026-06-23T16:46:51.881929,Pas barometryczny,1079.33,1079.33,true
session_20260623_163953_final,4103,418543,2026-06-23T16:46:52.022433,Pas barometryczny,1078.74,1078.74,true
session_20260623_163953_final,4104,418619,2026-06-23T16:46:52.098112,Pas barometryczny,1078.57,1078.57,true
session_20260623_163953_final,4105,418707,2026-06-23T16:46:52.186237,Pas barometryczny,1078.51,1078.51,true
session_20260623_163953_final,4106,418808,2026-06-23T16:46:52.286834,Pas barometryczny,1078.42,1078.42,true
session_20260623_163953_final,4107,418939,2026-06-23T16:46:52.418344,Pas barometryczny,1078.36,1078.36,true
session_20260623_163953_final,4108,419033,2026-06-23T16:46:52.511824,Pas barometryczny,1078.20,1078.20,true
session_20260623_163953_final,4109,419122,2026-06-23T16:46:52.601721,Pas barometryczny,1078.33,1078.33,true
session_20260623_163953_final,4110,419199,2026-06-23T16:46:52.678390,Pas barometryczny,1078.12,1078.12,true
session_20260623_163953_final,4111,419336,2026-06-23T16:46:52.814955,Pas barometryczny,1077.70,1077.70,true
session_20260623_163953_final,4112,419435,2026-06-23T16:46:52.914633,Pas barometryczny,1077.32,1077.32,true
session_20260623_163953_final,4113,419524,2026-06-23T16:46:53.003023,Pas barometryczny,1076.69,1076.69,true
session_20260623_163953_final,4114,419648,2026-06-23T16:46:53.127372,Pas barometryczny,1076.42,1076.42,true
session_20260623_163953_final,4115,419738,2026-06-23T16:46:53.217604,Pas barometryczny,1076.46,1076.46,true
session_20260623_163953_final,4116,419840,2026-06-23T16:46:53.319547,Pas barometryczny,1076.46,1076.46,true
session_20260623_163953_final,4117,419928,2026-06-23T16:46:53.407415,Pas barometryczny,1076.33,1076.33,true
session_20260623_163953_final,4118,420053,2026-06-23T16:46:53.532437,Pas barometryczny,1076.28,1076.28,true
session_20260623_163953_final,4119,420157,2026-06-23T16:46:53.636432,Pas barometryczny,1076.35,1076.35,true
session_20260623_163953_final,4120,420242,2026-06-23T16:46:53.721085,Pas barometryczny,1076.41,1076.41,true
session_20260623_163953_final,4121,420323,2026-06-23T16:46:53.802151,Pas barometryczny,1076.39,1076.39,true
session_20260623_163953_final,4122,420458,2026-06-23T16:46:53.936822,Pas barometryczny,1076.32,1076.32,true
session_20260623_163953_final,4123,420551,2026-06-23T16:46:54.029965,Pas barometryczny,1076.16,1076.16,true
session_20260623_163953_final,4124,420639,2026-06-23T16:46:54.118071,Pas barometryczny,1076.00,1076.00,true
session_20260623_163953_final,4125,420738,2026-06-23T16:46:54.216907,Pas barometryczny,1075.90,1075.90,true
session_20260623_163953_final,4126,420870,2026-06-23T16:46:54.349259,Pas barometryczny,1076.08,1076.08,true
session_20260623_163953_final,4127,420954,2026-06-23T16:46:54.433053,Pas barometryczny,1075.91,1075.91,true
session_20260623_163953_final,4128,421053,2026-06-23T16:46:54.532125,Pas barometryczny,1075.74,1075.74,true
session_20260623_163953_final,4129,421185,2026-06-23T16:46:54.664644,Pas barometryczny,1075.72,1075.72,true
session_20260623_163953_final,4130,421269,2026-06-23T16:46:54.748176,Pas barometryczny,1075.62,1075.62,true
session_20260623_163953_final,4131,421357,2026-06-23T16:46:54.836276,Pas barometryczny,1075.56,1075.56,true
session_20260623_163953_final,4132,421465,2026-06-23T16:46:54.944746,Pas barometryczny,1075.48,1075.48,true
session_20260623_163953_final,4133,421589,2026-06-23T16:46:55.068205,Pas barometryczny,1075.35,1075.35,true
session_20260623_163953_final,4134,421680,2026-06-23T16:46:55.159340,Pas barometryczny,1075.28,1075.28,true
session_20260623_163953_final,4135,421772,2026-06-23T16:46:55.251702,Pas barometryczny,1075.25,1075.25,true
session_20260623_163953_final,4136,421854,2026-06-23T16:46:55.332913,Pas barometryczny,1075.16,1075.16,true
session_20260623_163953_final,4137,421997,2026-06-23T16:46:55.475827,Pas barometryczny,1075.08,1075.08,true
session_20260623_163953_final,4138,422085,2026-06-23T16:46:55.564813,Pas barometryczny,1074.95,1074.95,true
session_20260623_163953_final,4139,422170,2026-06-23T16:46:55.649214,Pas barometryczny,1074.90,1074.90,true
session_20260623_163953_final,4140,422260,2026-06-23T16:46:55.739478,Pas barometryczny,1074.82,1074.82,true
session_20260623_163953_final,4141,422393,2026-06-23T16:46:55.872672,Pas barometryczny,1074.71,1074.71,true
session_20260623_163953_final,4142,422491,2026-06-23T16:46:55.970692,Pas barometryczny,1074.62,1074.62,true
session_20260623_163953_final,4143,422574,2026-06-23T16:46:56.052913,Pas barometryczny,1074.49,1074.49,true
session_20260623_163953_final,4144,422715,2026-06-23T16:46:56.194390,Pas barometryczny,1074.94,1074.94,true
session_20260623_163953_final,4145,422798,2026-06-23T16:46:56.277175,Pas barometryczny,1076.29,1076.29,true
session_20260623_163953_final,4146,422900,2026-06-23T16:46:56.378848,Pas barometryczny,1077.35,1077.35,true
session_20260623_163953_final,4147,422978,2026-06-23T16:46:56.457804,Pas barometryczny,1078.13,1078.13,true
session_20260623_163953_final,4148,423118,2026-06-23T16:46:56.597681,Pas barometryczny,1078.72,1078.72,true
session_20260623_163953_final,4149,423219,2026-06-23T16:46:56.697845,Pas barometryczny,1079.00,1079.00,true
session_20260623_163953_final,4150,423297,2026-06-23T16:46:56.776743,Pas barometryczny,1078.60,1078.60,true
session_20260623_163953_final,4151,423388,2026-06-23T16:46:56.867720,Pas barometryczny,1078.18,1078.18,true
session_20260623_163953_final,4152,423524,2026-06-23T16:46:57.002897,Pas barometryczny,1078.05,1078.05,true
session_20260623_163953_final,4153,423619,2026-06-23T16:46:57.098576,Pas barometryczny,1077.95,1077.95,true
session_20260623_163953_final,4154,423699,2026-06-23T16:46:57.178154,Pas barometryczny,1077.78,1077.78,true
session_20260623_163953_final,4155,423790,2026-06-23T16:46:57.269636,Pas barometryczny,1077.65,1077.65,true
session_20260623_163953_final,4156,423935,2026-06-23T16:46:57.414295,Pas barometryczny,1077.41,1077.41,true
session_20260623_163953_final,4157,424012,2026-06-23T16:46:57.491626,Pas barometryczny,1077.30,1077.30,true
session_20260623_163953_final,4158,424121,2026-06-23T16:46:57.600721,Pas barometryczny,1077.21,1077.21,true
session_20260623_163953_final,4159,424254,2026-06-23T16:46:57.733248,Pas barometryczny,1077.11,1077.11,true
session_20260623_163953_final,4160,424334,2026-06-23T16:46:57.812881,Pas barometryczny,1076.92,1076.92,true
session_20260623_163953_final,4161,424425,2026-06-23T16:46:57.904470,Pas barometryczny,1076.66,1076.66,true
session_20260623_163953_final,4162,424516,2026-06-23T16:46:57.995,Pas barometryczny,1076.66,1076.66,true
session_20260623_163953_final,4163,424655,2026-06-23T16:46:58.133916,Pas barometryczny,1076.63,1076.63,true
session_20260623_163953_final,4164,424737,2026-06-23T16:46:58.216017,Pas barometryczny,1076.75,1076.75,true
session_20260623_163953_final,4165,424843,2026-06-23T16:46:58.321931,Pas barometryczny,1076.69,1076.69,true
session_20260623_163953_final,4166,424925,2026-06-23T16:46:58.404232,Pas barometryczny,1076.48,1076.48,true
session_20260623_163953_final,4167,425047,2026-06-23T16:46:58.525988,Pas barometryczny,1076.42,1076.42,true
session_20260623_163953_final,4168,425140,2026-06-23T16:46:58.619180,Pas barometryczny,1076.28,1076.28,true
session_20260623_163953_final,4169,425237,2026-06-23T16:46:58.716125,Pas barometryczny,1075.98,1075.98,true
session_20260623_163953_final,4170,425321,2026-06-23T16:46:58.800040,Pas barometryczny,1075.91,1075.91,true
session_20260623_163953_final,4171,425454,2026-06-23T16:46:58.933366,Pas barometryczny,1075.76,1075.76,true
session_20260623_163953_final,4172,425559,2026-06-23T16:46:59.038566,Pas barometryczny,1075.49,1075.49,true
session_20260623_163953_final,4173,425633,2026-06-23T16:46:59.112802,Pas barometryczny,1075.47,1075.47,true
session_20260623_163953_final,4174,425770,2026-06-23T16:46:59.248927,Pas barometryczny,1075.29,1075.29,true
session_20260623_163953_final,4175,425862,2026-06-23T16:46:59.340942,Pas barometryczny,1075.22,1075.22,true
session_20260623_163953_final,4176,425965,2026-06-23T16:46:59.443920,Pas barometryczny,1075.07,1075.07,true
session_20260623_163953_final,4177,426044,2026-06-23T16:46:59.522901,Pas barometryczny,1074.96,1074.96,true
session_20260623_163953_final,4178,426174,2026-06-23T16:46:59.653356,Pas barometryczny,1074.88,1074.88,true
session_20260623_163953_final,4179,426276,2026-06-23T16:46:59.755144,Pas barometryczny,1074.82,1074.82,true
session_20260623_163953_final,4180,426362,2026-06-23T16:46:59.841690,Pas barometryczny,1074.81,1074.81,true
session_20260623_163953_final,4181,426444,2026-06-23T16:46:59.923378,Pas barometryczny,1074.68,1074.68,true
session_20260623_163953_final,4182,426594,2026-06-23T16:47:00.073790,Pas barometryczny,1074.60,1074.60,true
session_20260623_163953_final,4183,426668,2026-06-23T16:47:00.147814,Pas barometryczny,1074.52,1074.52,true
session_20260623_163953_final,4184,426759,2026-06-23T16:47:00.237892,Pas barometryczny,1074.49,1074.49,true
session_20260623_163953_final,4185,426862,2026-06-23T16:47:00.341389,Pas barometryczny,1074.42,1074.42,true
session_20260623_163953_final,4186,426983,2026-06-23T16:47:00.462109,Pas barometryczny,1074.33,1074.33,true
session_20260623_163953_final,4187,427074,2026-06-23T16:47:00.553451,Pas barometryczny,1074.31,1074.31,true
session_20260623_163953_final,4188,427166,2026-06-23T16:47:00.644851,Pas barometryczny,1074.21,1074.21,true
session_20260623_163953_final,4189,427306,2026-06-23T16:47:00.784838,Pas barometryczny,1074.13,1074.13,true
session_20260623_163953_final,4190,427390,2026-06-23T16:47:00.869412,Pas barometryczny,1074.02,1074.02,true
session_20260623_163953_final,4191,427479,2026-06-23T16:47:00.958057,Pas barometryczny,1074.08,1074.08,true
session_20260623_163953_final,4192,427582,2026-06-23T16:47:01.060838,Pas barometryczny,1074.52,1074.52,true
session_20260623_163953_final,4193,427710,2026-06-23T16:47:01.189439,Pas barometryczny,1075.96,1075.96,true
session_20260623_163953_final,4194,427793,2026-06-23T16:47:01.272562,Pas barometryczny,1077.13,1077.13,true
session_20260623_163953_final,4195,427900,2026-06-23T16:47:01.379071,Pas barometryczny,1077.92,1077.92,true
session_20260623_163953_final,4196,427974,2026-06-23T16:47:01.452893,Pas barometryczny,1078.56,1078.56,true
session_20260623_163953_final,4197,428116,2026-06-23T16:47:01.595776,Pas barometryczny,1079.29,1079.29,true
session_20260623_163953_final,4198,428197,2026-06-23T16:47:01.676520,Pas barometryczny,1079.85,1079.85,true
session_20260623_163953_final,4199,428346,2026-06-23T16:47:01.825666,Pas barometryczny,1080.32,1080.32,true
session_20260623_163953_final,4200,428378,2026-06-23T16:47:01.857401,Pas barometryczny,1080.45,1080.45,true
session_20260623_163953_final,4201,428513,2026-06-23T16:47:01.992421,Pas barometryczny,1079.83,1079.83,true
session_20260623_163953_final,4202,428604,2026-06-23T16:47:02.083304,Pas barometryczny,1079.29,1079.29,true
session_20260623_163953_final,4203,428697,2026-06-23T16:47:02.176232,Pas barometryczny,1078.70,1078.70,true
session_20260623_163953_final,4204,428829,2026-06-23T16:47:02.308784,Pas barometryczny,1078.45,1078.45,true
session_20260623_163953_final,4205,428935,2026-06-23T16:47:02.414593,Pas barometryczny,1078.51,1078.51,true
session_20260623_163953_final,4206,429009,2026-06-23T16:47:02.488248,Pas barometryczny,1078.41,1078.41,true
session_20260623_163953_final,4207,429099,2026-06-23T16:47:02.577987,Pas barometryczny,1078.23,1078.23,true
session_20260623_163953_final,4208,429250,2026-06-23T16:47:02.728893,Pas barometryczny,1078.06,1078.06,true
session_20260623_163953_final,4209,429338,2026-06-23T16:47:02.817741,Pas barometryczny,1077.94,1077.94,true
session_20260623_163953_final,4210,429414,2026-06-23T16:47:02.893713,Pas barometryczny,1077.89,1077.89,true
session_20260623_163953_final,4211,429512,2026-06-23T16:47:02.991789,Pas barometryczny,1077.84,1077.84,true
session_20260623_163953_final,4212,429657,2026-06-23T16:47:03.136329,Pas barometryczny,1077.85,1077.85,true
session_20260623_163953_final,4213,429738,2026-06-23T16:47:03.217121,Pas barometryczny,1077.84,1077.84,true
session_20260623_163953_final,4214,429820,2026-06-23T16:47:03.299788,Pas barometryczny,1077.69,1077.69,true
session_20260623_163953_final,4215,429908,2026-06-23T16:47:03.387485,Pas barometryczny,1077.57,1077.57,true
session_20260623_163953_final,4216,430058,2026-06-23T16:47:03.537667,Pas barometryczny,1077.55,1077.55,true
session_20260623_163953_final,4217,430136,2026-06-23T16:47:03.615461,Pas barometryczny,1077.54,1077.54,true
session_20260623_163953_final,4218,430237,2026-06-23T16:47:03.716795,Pas barometryczny,1077.57,1077.57,true
session_20260623_163953_final,4219,430372,2026-06-23T16:47:03.851698,Pas barometryczny,1077.48,1077.48,true
session_20260623_163953_final,4220,430447,2026-06-23T16:47:03.926407,Pas barometryczny,1077.47,1077.47,true
session_20260623_163953_final,4221,430538,2026-06-23T16:47:04.017061,Pas barometryczny,1077.30,1077.30,true
session_20260623_163953_final,4222,430639,2026-06-23T16:47:04.118603,Pas barometryczny,1077.20,1077.20,true
session_20260623_163953_final,4223,430767,2026-06-23T16:47:04.246149,Pas barometryczny,1077.09,1077.09,true
session_20260623_163953_final,4224,430859,2026-06-23T16:47:04.338299,Pas barometryczny,1077.03,1077.03,true
session_20260623_163953_final,4225,430958,2026-06-23T16:47:04.437227,Pas barometryczny,1077.07,1077.07,true
session_20260623_163953_final,4226,431038,2026-06-23T16:47:04.517763,Pas barometryczny,1076.99,1076.99,true
session_20260623_163953_final,4227,431183,2026-06-23T16:47:04.662,Pas barometryczny,1076.94,1076.94,true
session_20260623_163953_final,4228,431277,2026-06-23T16:47:04.756374,Pas barometryczny,1076.74,1076.74,true
session_20260623_163953_final,4229,431358,2026-06-23T16:47:04.836941,Pas barometryczny,1076.63,1076.63,true
session_20260623_163953_final,4230,431438,2026-06-23T16:47:04.917579,Pas barometryczny,1076.59,1076.59,true
session_20260623_163953_final,4231,431581,2026-06-23T16:47:05.059869,Pas barometryczny,1076.54,1076.54,true
session_20260623_163953_final,4232,431674,2026-06-23T16:47:05.153396,Pas barometryczny,1076.55,1076.55,true
session_20260623_163953_final,4233,431757,2026-06-23T16:47:05.236738,Pas barometryczny,1076.60,1076.60,true
session_20260623_163953_final,4234,431888,2026-06-23T16:47:05.367542,Pas barometryczny,1076.48,1076.48,true
session_20260623_163953_final,4235,431981,2026-06-23T16:47:05.460248,Pas barometryczny,1076.37,1076.37,true
session_20260623_163953_final,4236,432081,2026-06-23T16:47:05.560370,Pas barometryczny,1076.36,1076.36,true
session_20260623_163953_final,4237,432160,2026-06-23T16:47:05.639452,Pas barometryczny,1076.24,1076.24,true
session_20260623_163953_final,4238,432293,2026-06-23T16:47:05.772279,Pas barometryczny,1076.30,1076.30,true
session_20260623_163953_final,4239,432384,2026-06-23T16:47:05.863087,Pas barometryczny,1076.20,1076.20,true
session_20260623_163953_final,4240,432472,2026-06-23T16:47:05.951032,Pas barometryczny,1076.06,1076.06,true
session_20260623_163953_final,4241,432576,2026-06-23T16:47:06.055088,Pas barometryczny,1075.98,1075.98,true
session_20260623_163953_final,4242,432715,2026-06-23T16:47:06.194271,Pas barometryczny,1075.79,1075.79,true
session_20260623_163953_final,4243,432787,2026-06-23T16:47:06.266757,Pas barometryczny,1075.64,1075.64,true
session_20260623_163953_final,4244,432883,2026-06-23T16:47:06.362547,Pas barometryczny,1075.61,1075.61,true
session_20260623_163953_final,4245,432968,2026-06-23T16:47:06.447127,Pas barometryczny,1075.52,1075.52,true
session_20260623_163953_final,4246,433114,2026-06-23T16:47:06.593675,Pas barometryczny,1075.42,1075.42,true
session_20260623_163953_final,4247,433193,2026-06-23T16:47:06.672451,Pas barometryczny,1075.32,1075.32,true
session_20260623_163953_final,4248,433286,2026-06-23T16:47:06.765035,Pas barometryczny,1075.21,1075.21,true
session_20260623_163953_final,4249,433420,2026-06-23T16:47:06.898825,Pas barometryczny,1075.19,1075.19,true
session_20260623_163953_final,4250,433509,2026-06-23T16:47:06.988083,Pas barometryczny,1075.05,1075.05,true
session_20260623_163953_final,4251,433602,2026-06-23T16:47:07.081046,Pas barometryczny,1074.83,1074.83,true
session_20260623_163953_final,4252,433698,2026-06-23T16:47:07.177404,Pas barometryczny,1074.77,1074.77,true
session_20260623_163953_final,4253,433825,2026-06-23T16:47:07.303907,Pas barometryczny,1074.73,1074.73,true
session_20260623_163953_final,4254,433914,2026-06-23T16:47:07.393099,Pas barometryczny,1074.70,1074.70,true
session_20260623_163953_final,4255,434015,2026-06-23T16:47:07.494237,Pas barometryczny,1074.67,1074.67,true
session_20260623_163953_final,4256,434100,2026-06-23T16:47:07.579757,Pas barometryczny,1074.65,1074.65,true
session_20260623_163953_final,4257,434228,2026-06-23T16:47:07.706968,Pas barometryczny,1074.61,1074.61,true
session_20260623_163953_final,4258,434327,2026-06-23T16:47:07.806711,Pas barometryczny,1074.52,1074.52,true
session_20260623_163953_final,4259,434409,2026-06-23T16:47:07.888796,Pas barometryczny,1074.40,1074.40,true
session_20260623_163953_final,4260,434499,2026-06-23T16:47:07.978387,Pas barometryczny,1074.26,1074.26,true
session_20260623_163953_final,4261,434735,2026-06-23T16:47:08.214337,Pas barometryczny,1074.23,1074.23,true
session_20260623_163953_final,4262,434757,2026-06-23T16:47:08.236184,Pas barometryczny,1074.17,1074.17,true
session_20260623_163953_final,4263,434817,2026-06-23T16:47:08.296297,Pas barometryczny,1074.11,1074.11,true
session_20260623_163953_final,4264,434949,2026-06-23T16:47:08.428144,Pas barometryczny,1073.98,1073.98,true
session_20260623_163953_final,4265,435039,2026-06-23T16:47:08.518600,Pas barometryczny,1073.96,1073.96,true
session_20260623_163953_final,4266,435127,2026-06-23T16:47:08.606643,Pas barometryczny,1073.89,1073.89,true
session_20260623_163953_final,4267,435217,2026-06-23T16:47:08.696714,Pas barometryczny,1073.77,1073.77,true
session_20260623_163953_final,4268,435353,2026-06-23T16:47:08.832720,Pas barometryczny,1073.83,1073.83,true
session_20260623_163953_final,4269,435444,2026-06-23T16:47:08.923188,Pas barometryczny,1073.68,1073.68,true
session_20260623_163953_final,4270,435534,2026-06-23T16:47:09.012913,Pas barometryczny,1073.63,1073.63,true
session_20260623_163953_final,4271,435628,2026-06-23T16:47:09.107125,Pas barometryczny,1073.61,1073.61,true
session_20260623_163953_final,4272,435760,2026-06-23T16:47:09.239100,Pas barometryczny,1073.61,1073.61,true
session_20260623_163953_final,4273,435849,2026-06-23T16:47:09.327859,Pas barometryczny,1073.87,1073.87,true
session_20260623_163953_final,4274,435939,2026-06-23T16:47:09.418765,Pas barometryczny,1073.92,1073.92,true
session_20260623_163953_final,4275,436030,2026-06-23T16:47:09.509428,Pas barometryczny,1073.89,1073.89,true
session_20260623_163953_final,4276,436162,2026-06-23T16:47:09.641461,Pas barometryczny,1073.55,1073.55,true
session_20260623_163953_final,4277,436254,2026-06-23T16:47:09.733107,Pas barometryczny,1073.20,1073.20,true
session_20260623_163953_final,4278,436351,2026-06-23T16:47:09.830155,Pas barometryczny,1073.54,1073.54,true
session_20260623_163953_final,4279,436520,2026-06-23T16:47:09.999005,Pas barometryczny,1074.70,1074.70,true
session_20260623_163953_final,4280,436592,2026-06-23T16:47:10.071756,Pas barometryczny,1075.79,1075.79,true
session_20260623_163953_final,4281,436743,2026-06-23T16:47:10.222636,Pas barometryczny,1076.74,1076.74,true
session_20260623_163953_final,4282,436765,2026-06-23T16:47:10.244005,Pas barometryczny,1077.44,1077.44,true
session_20260623_163953_final,4283,436883,2026-06-23T16:47:10.362678,Pas barometryczny,1077.79,1077.79,true
session_20260623_163953_final,4284,436971,2026-06-23T16:47:10.450745,Pas barometryczny,1077.64,1077.64,true
session_20260623_163953_final,4285,437074,2026-06-23T16:47:10.553294,Pas barometryczny,1077.13,1077.13,true
session_20260623_163953_final,4286,437154,2026-06-23T16:47:10.633486,Pas barometryczny,1076.90,1076.90,true
session_20260623_163953_final,4287,437290,2026-06-23T16:47:10.769264,Pas barometryczny,1076.83,1076.83,true
session_20260623_163953_final,4288,437377,2026-06-23T16:47:10.856383,Pas barometryczny,1077.01,1077.01,true
session_20260623_163953_final,4289,437477,2026-06-23T16:47:10.956446,Pas barometryczny,1077.09,1077.09,true
session_20260623_163953_final,4290,437564,2026-06-23T16:47:11.043390,Pas barometryczny,1077.12,1077.12,true
session_20260623_163953_final,4291,437692,2026-06-23T16:47:11.171700,Pas barometryczny,1077.08,1077.08,true
session_20260623_163953_final,4292,437785,2026-06-23T16:47:11.264373,Pas barometryczny,1077.05,1077.05,true
session_20260623_163953_final,4293,437874,2026-06-23T16:47:11.353419,Pas barometryczny,1076.80,1076.80,true
session_20260623_163953_final,4294,438017,2026-06-23T16:47:11.496342,Pas barometryczny,1076.39,1076.39,true
session_20260623_163953_final,4295,438098,2026-06-23T16:47:11.577152,Pas barometryczny,1077.03,1077.03,true
session_20260623_163953_final,4296,438188,2026-06-23T16:47:11.666961,Pas barometryczny,1077.76,1077.76,true
session_20260623_163953_final,4297,438284,2026-06-23T16:47:11.763174,Pas barometryczny,1077.48,1077.48,true
session_20260623_163953_final,4298,438415,2026-06-23T16:47:11.894353,Pas barometryczny,1076.89,1076.89,true
session_20260623_163953_final,4299,438504,2026-06-23T16:47:11.983800,Pas barometryczny,1076.60,1076.60,true
session_20260623_163953_final,4300,438599,2026-06-23T16:47:12.078628,Pas barometryczny,1076.57,1076.57,true
session_20260623_163953_final,4301,438682,2026-06-23T16:47:12.161290,Pas barometryczny,1076.56,1076.56,true
session_20260623_163953_final,4302,438833,2026-06-23T16:47:12.312400,Pas barometryczny,1076.78,1076.78,true
session_20260623_163953_final,4303,438915,2026-06-23T16:47:12.394745,Pas barometryczny,1076.99,1076.99,true
session_20260623_163953_final,4304,438997,2026-06-23T16:47:12.476423,Pas barometryczny,1076.98,1076.98,true
session_20260623_163953_final,4305,439090,2026-06-23T16:47:12.569552,Pas barometryczny,1076.93,1076.93,true
session_20260623_163953_final,4306,439237,2026-06-23T16:47:12.716200,Pas barometryczny,1077.15,1077.15,true
session_20260623_163953_final,4307,439319,2026-06-23T16:47:12.798447,Pas barometryczny,1077.30,1077.30,true
session_20260623_163953_final,4308,439413,2026-06-23T16:47:12.892005,Pas barometryczny,1076.85,1076.85,true
session_20260623_163953_final,4309,439584,2026-06-23T16:47:13.063683,Pas barometryczny,1077.36,1077.36,true
session_20260623_163953_final,4310,439628,2026-06-23T16:47:13.107055,Pas barometryczny,1078.22,1078.22,true
session_20260623_163953_final,4311,439718,2026-06-23T16:47:13.197051,Pas barometryczny,1078.72,1078.72,true
session_20260623_163953_final,4312,439808,2026-06-23T16:47:13.287472,Pas barometryczny,1079.38,1079.38,true
session_20260623_163953_final,4313,439955,2026-06-23T16:47:13.434355,Pas barometryczny,1079.81,1079.81,true
session_20260623_163953_final,4314,440032,2026-06-23T16:47:13.511582,Pas barometryczny,1079.39,1079.39,true
session_20260623_163953_final,4315,440125,2026-06-23T16:47:13.604464,Pas barometryczny,1078.83,1078.83,true
session_20260623_163953_final,4316,440220,2026-06-23T16:47:13.698866,Pas barometryczny,1078.07,1078.07,true
session_20260623_163953_final,4317,440354,2026-06-23T16:47:13.833006,Pas barometryczny,1078.22,1078.22,true
session_20260623_163953_final,4318,440437,2026-06-23T16:47:13.916742,Pas barometryczny,1079.17,1079.17,true
session_20260623_163953_final,4319,440538,2026-06-23T16:47:14.017654,Pas barometryczny,1079.89,1079.89,true
session_20260623_163953_final,4320,440619,2026-06-23T16:47:14.098342,Pas barometryczny,1080.18,1080.18,true
session_20260623_163953_final,4321,440758,2026-06-23T16:47:14.237041,Pas barometryczny,1079.55,1079.55,true
session_20260623_163953_final,4322,440858,2026-06-23T16:47:14.336859,Pas barometryczny,1078.61,1078.61,true
session_20260623_163953_final,4323,440940,2026-06-23T16:47:14.418968,Pas barometryczny,1077.98,1077.98,true
session_20260623_163953_final,4324,441069,2026-06-23T16:47:14.548802,Pas barometryczny,1077.77,1077.77,true
session_20260623_163953_final,4325,441166,2026-06-23T16:47:14.645772,Pas barometryczny,1077.22,1077.22,true
session_20260623_163953_final,4326,441251,2026-06-23T16:47:14.730647,Pas barometryczny,1076.56,1076.56,true
session_20260623_163953_final,4327,441337,2026-06-23T16:47:14.816445,Pas barometryczny,1076.90,1076.90,true
session_20260623_163953_final,4328,441473,2026-06-23T16:47:14.952555,Pas barometryczny,1077.29,1077.29,true
session_20260623_163953_final,4329,441576,2026-06-23T16:47:15.055173,Pas barometryczny,1078.03,1078.03,true
session_20260623_163953_final,4330,441654,2026-06-23T16:47:15.133809,Pas barometryczny,1078.35,1078.35,true
session_20260623_163953_final,4331,441763,2026-06-23T16:47:15.242814,Pas barometryczny,1078.04,1078.04,true
session_20260623_163953_final,4332,441890,2026-06-23T16:47:15.368963,Pas barometryczny,1077.52,1077.52,true
session_20260623_163953_final,4333,441974,2026-06-23T16:47:15.453041,Pas barometryczny,1076.07,1076.07,true
session_20260623_163953_final,4334,442057,2026-06-23T16:47:15.536670,Pas barometryczny,1075.58,1075.58,true
session_20260623_163953_final,4335,442157,2026-06-23T16:47:15.636801,Pas barometryczny,1075.58,1075.58,true
session_20260623_163953_final,4336,442285,2026-06-23T16:47:15.764343,Pas barometryczny,1076.42,1076.42,true
session_20260623_163953_final,4337,442373,2026-06-23T16:47:15.852237,Pas barometryczny,1077.34,1077.34,true
session_20260623_163953_final,4338,442468,2026-06-23T16:47:15.946878,Pas barometryczny,1078.06,1078.06,true
session_20260623_163953_final,4339,442614,2026-06-23T16:47:16.093694,Pas barometryczny,1078.99,1078.99,true
session_20260623_163953_final,4340,442691,2026-06-23T16:47:16.170401,Pas barometryczny,1079.76,1079.76,true
session_20260623_163953_final,4341,442783,2026-06-23T16:47:16.262642,Pas barometryczny,1080.42,1080.42,true
session_20260623_163953_final,4342,442867,2026-06-23T16:47:16.346175,Pas barometryczny,1080.84,1080.84,true
session_20260623_163953_final,4343,443006,2026-06-23T16:47:16.484823,Pas barometryczny,1081.14,1081.14,true
session_20260623_163953_final,4344,443094,2026-06-23T16:47:16.573177,Pas barometryczny,1081.00,1081.00,true
session_20260623_163953_final,4345,443186,2026-06-23T16:47:16.665033,Pas barometryczny,1081.10,1081.10,true
session_20260623_163953_final,4346,443319,2026-06-23T16:47:16.797833,Pas barometryczny,1080.82,1080.82,true
session_20260623_163953_final,4347,443410,2026-06-23T16:47:16.889750,Pas barometryczny,1079.96,1079.96,true
session_20260623_163953_final,4348,443518,2026-06-23T16:47:16.997404,Pas barometryczny,1080.82,1080.82,true
session_20260623_163953_final,4349,443597,2026-06-23T16:47:17.076583,Pas barometryczny,1080.66,1080.66,true
session_20260623_163953_final,4350,443678,2026-06-23T16:47:17.157435,Pas barometryczny,1080.30,1080.30,true
session_20260623_163953_final,4351,443813,2026-06-23T16:47:17.292567,Pas barometryczny,1080.49,1080.49,true
session_20260623_163953_final,4352,443917,2026-06-23T16:47:17.395978,Pas barometryczny,1080.70,1080.70,true
session_20260623_163953_final,4353,443996,2026-06-23T16:47:17.475036,Pas barometryczny,1080.13,1080.13,true
session_20260623_163953_final,4354,444128,2026-06-23T16:47:17.606856,Pas barometryczny,1079.77,1079.77,true
session_20260623_163953_final,4355,444235,2026-06-23T16:47:17.714054,Pas barometryczny,1079.30,1079.30,true
session_20260623_163953_final,4356,444311,2026-06-23T16:47:17.790425,Pas barometryczny,1079.86,1079.86,true
session_20260623_163953_final,4357,444399,2026-06-23T16:47:17.878258,Pas barometryczny,1078.75,1078.75,true
session_20260623_163953_final,4358,444534,2026-06-23T16:47:18.013625,Pas barometryczny,1078.63,1078.63,true
session_20260623_163953_final,4359,444623,2026-06-23T16:47:18.102664,Pas barometryczny,1078.47,1078.47,true
session_20260623_163953_final,4360,444714,2026-06-23T16:47:18.193283,Pas barometryczny,1078.36,1078.36,true
session_20260623_163953_final,4361,444817,2026-06-23T16:47:18.296177,Pas barometryczny,1078.56,1078.56,true
session_20260623_163953_final,4362,444940,2026-06-23T16:47:18.419478,Pas barometryczny,1079.13,1079.13,true
session_20260623_163953_final,4363,445033,2026-06-23T16:47:18.512695,Pas barometryczny,1079.53,1079.53,true
session_20260623_163953_final,4364,445119,2026-06-23T16:47:18.597856,Pas barometryczny,1080.17,1080.17,true
session_20260623_163953_final,4365,445218,2026-06-23T16:47:18.697420,Pas barometryczny,1080.91,1080.91,true
session_20260623_163953_final,4366,445353,2026-06-23T16:47:18.832053,Pas barometryczny,1080.38,1080.38,true
session_20260623_163953_final,4367,445433,2026-06-23T16:47:18.912727,Pas barometryczny,1079.91,1079.91,true
session_20260623_163953_final,4368,445526,2026-06-23T16:47:19.005123,Pas barometryczny,1079.90,1079.90,true
session_20260623_163953_final,4369,445671,2026-06-23T16:47:19.150336,Pas barometryczny,1079.76,1079.76,true
session_20260623_163953_final,4370,445748,2026-06-23T16:47:19.227761,Pas barometryczny,1080.31,1080.31,true
session_20260623_163953_final,4371,445843,2026-06-23T16:47:19.321832,Pas barometryczny,1080.42,1080.42,true
session_20260623_163953_final,4372,445934,2026-06-23T16:47:19.413477,Pas barometryczny,1078.89,1078.89,true
session_20260623_163953_final,4373,446064,2026-06-23T16:47:19.543631,Pas barometryczny,1079.11,1079.11,true
session_20260623_163953_final,4374,446153,2026-06-23T16:47:19.632003,Pas barometryczny,1079.42,1079.42,true
session_20260623_163953_final,4375,446245,2026-06-23T16:47:19.724581,Pas barometryczny,1078.93,1078.93,true
session_20260623_163953_final,4376,446341,2026-06-23T16:47:19.820073,Pas barometryczny,1079.21,1079.21,true
session_20260623_163953_final,4377,446471,2026-06-23T16:47:19.950728,Pas barometryczny,1080.04,1080.04,true
session_20260623_163953_final,4378,446560,2026-06-23T16:47:20.039611,Pas barometryczny,1079.63,1079.63,true
session_20260623_163953_final,4379,446653,2026-06-23T16:47:20.132481,Pas barometryczny,1078.59,1078.59,true
session_20260623_163953_final,4380,446737,2026-06-23T16:47:20.216502,Pas barometryczny,1078.35,1078.35,true
session_20260623_163953_final,4381,446872,2026-06-23T16:47:20.351428,Pas barometryczny,1077.96,1077.96,true
session_20260623_163953_final,4382,446977,2026-06-23T16:47:20.456122,Pas barometryczny,1078.04,1078.04,true
session_20260623_163953_final,4383,447060,2026-06-23T16:47:20.538868,Pas barometryczny,1078.72,1078.72,true
session_20260623_163953_final,4384,447187,2026-06-23T16:47:20.666404,Pas barometryczny,1078.73,1078.73,true
session_20260623_163953_final,4385,447294,2026-06-23T16:47:20.773097,Pas barometryczny,1078.43,1078.43,true
session_20260623_163953_final,4386,447367,2026-06-23T16:47:20.846674,Pas barometryczny,1079.05,1079.05,true
session_20260623_163953_final,4387,447457,2026-06-23T16:47:20.936692,Pas barometryczny,1078.61,1078.61,true
session_20260623_163953_final,4388,447597,2026-06-23T16:47:21.076031,Pas barometryczny,1079.77,1079.77,true
session_20260623_163953_final,4389,447685,2026-06-23T16:47:21.163872,Pas barometryczny,1079.50,1079.50,true
session_20260623_163953_final,4390,447773,2026-06-23T16:47:21.251853,Pas barometryczny,1077.88,1077.88,true
session_20260623_163953_final,4391,447911,2026-06-23T16:47:21.389850,Pas barometryczny,1076.70,1076.70,true
session_20260623_163953_final,4392,448047,2026-06-23T16:47:21.526013,Pas barometryczny,1076.60,1076.60,true
session_20260623_163953_final,4393,448088,2026-06-23T16:47:21.567271,Pas barometryczny,1076.85,1076.85,true
session_20260623_163953_final,4394,448177,2026-06-23T16:47:21.656512,Pas barometryczny,1078.06,1078.06,true
session_20260623_163953_final,4395,448279,2026-06-23T16:47:21.758187,Pas barometryczny,1079.05,1079.05,true
session_20260623_163953_final,4396,448414,2026-06-23T16:47:21.892927,Pas barometryczny,1080.00,1080.00,true
session_20260623_163953_final,4397,448492,2026-06-23T16:47:21.971616,Pas barometryczny,1081.55,1081.55,true
session_20260623_163953_final,4398,448712,2026-06-23T16:47:22.190905,Pas barometryczny,1080.75,1080.75,true
session_20260623_163953_final,4399,448721,2026-06-23T16:47:22.199854,Pas barometryczny,1080.93,1080.93,true
session_20260623_163953_final,4400,448812,2026-06-23T16:47:22.291289,Pas barometryczny,1081.06,1081.06,true
session_20260623_163953_final,4401,448901,2026-06-23T16:47:22.380061,Pas barometryczny,1080.79,1080.79,true
session_20260623_163953_final,4402,448988,2026-06-23T16:47:22.467316,Pas barometryczny,1079.54,1079.54,true
session_20260623_163953_final,4403,449131,2026-06-23T16:47:22.610344,Pas barometryczny,1079.22,1079.22,true
session_20260623_163953_final,4404,449213,2026-06-23T16:47:22.692040,Pas barometryczny,1078.55,1078.55,true
session_20260623_163953_final,4405,449303,2026-06-23T16:47:22.782212,Pas barometryczny,1078.11,1078.11,true
session_20260623_163953_final,4406,449393,2026-06-23T16:47:22.872156,Pas barometryczny,1078.76,1078.76,true
session_20260623_163953_final,4407,449529,2026-06-23T16:47:23.008460,Pas barometryczny,1078.99,1078.99,true
session_20260623_163953_final,4408,449620,2026-06-23T16:47:23.098967,Pas barometryczny,1078.46,1078.46,true
session_20260623_163953_final,4409,449716,2026-06-23T16:47:23.195393,Pas barometryczny,1079.21,1079.21,true
session_20260623_163953_final,4410,449797,2026-06-23T16:47:23.276458,Pas barometryczny,1079.17,1079.17,true
session_20260623_163953_final,4411,449933,2026-06-23T16:47:23.412381,Pas barometryczny,1079.50,1079.50,true
session_20260623_163953_final,4412,450035,2026-06-23T16:47:23.514598,Pas barometryczny,1079.97,1079.97,true
session_20260623_163953_final,4413,450112,2026-06-23T16:47:23.591429,Pas barometryczny,1079.77,1079.77,true
session_20260623_163953_final,4414,450247,2026-06-23T16:47:23.726285,Pas barometryczny,1078.66,1078.66,true
session_20260623_163953_final,4415,450354,2026-06-23T16:47:23.833434,Pas barometryczny,1078.26,1078.26,true
session_20260623_163953_final,4416,450432,2026-06-23T16:47:23.911216,Pas barometryczny,1078.06,1078.06,true
session_20260623_163953_final,4417,450519,2026-06-23T16:47:23.998060,Pas barometryczny,1077.71,1077.71,true
session_20260623_163953_final,4418,450672,2026-06-23T16:47:24.150958,Pas barometryczny,1077.70,1077.70,true
session_20260623_163953_final,4419,450745,2026-06-23T16:47:24.224604,Pas barometryczny,1077.65,1077.65,true
session_20260623_163953_final,4420,450834,2026-06-23T16:47:24.313517,Pas barometryczny,1077.60,1077.60,true
session_20260623_163953_final,4421,450925,2026-06-23T16:47:24.403899,Pas barometryczny,1078.15,1078.15,true
session_20260623_163953_final,4422,451061,2026-06-23T16:47:24.540274,Pas barometryczny,1078.65,1078.65,true
session_20260623_163953_final,4423,451195,2026-06-23T16:47:24.673932,Pas barometryczny,1078.29,1078.29,true
session_20260623_163953_final,4424,451258,2026-06-23T16:47:24.737040,Pas barometryczny,1078.53,1078.53,true
session_20260623_163953_final,4425,451375,2026-06-23T16:47:24.854289,Pas barometryczny,1078.93,1078.93,true
session_20260623_163953_final,4426,451474,2026-06-23T16:47:24.952908,Pas barometryczny,1078.59,1078.59,true
session_20260623_163953_final,4427,451552,2026-06-23T16:47:25.031290,Pas barometryczny,1078.61,1078.61,true
session_20260623_163953_final,4428,451647,2026-06-23T16:47:25.126253,Pas barometryczny,1078.48,1078.48,true
session_20260623_163953_final,4429,451783,2026-06-23T16:47:25.262480,Pas barometryczny,1078.55,1078.55,true
session_20260623_163953_final,4430,451870,2026-06-23T16:47:25.349618,Pas barometryczny,1078.88,1078.88,true
session_20260623_163953_final,4431,451974,2026-06-23T16:47:25.453421,Pas barometryczny,1078.68,1078.68,true
session_20260623_163953_final,4432,452056,2026-06-23T16:47:25.535359,Pas barometryczny,1077.94,1077.94,true
session_20260623_163953_final,4433,452193,2026-06-23T16:47:25.672017,Pas barometryczny,1078.15,1078.15,true
session_20260623_163953_final,4434,452273,2026-06-23T16:47:25.752297,Pas barometryczny,1078.60,1078.60,true
session_20260623_163953_final,4435,452423,2026-06-23T16:47:25.902784,Pas barometryczny,1079.07,1079.07,true
session_20260623_163953_final,4436,452455,2026-06-23T16:47:25.934340,Pas barometryczny,1079.85,1079.85,true
session_20260623_163953_final,4437,452587,2026-06-23T16:47:26.066716,Pas barometryczny,1080.09,1080.09,true
session_20260623_163953_final,4438,452692,2026-06-23T16:47:26.171006,Pas barometryczny,1078.80,1078.80,true
session_20260623_163953_final,4439,452769,2026-06-23T16:47:26.248148,Pas barometryczny,1078.11,1078.11,true
session_20260623_163953_final,4440,452857,2026-06-23T16:47:26.336530,Pas barometryczny,1078.45,1078.45,true
session_20260623_163953_final,4441,452997,2026-06-23T16:47:26.475840,Pas barometryczny,1077.71,1077.71,true
session_20260623_163953_final,4442,453093,2026-06-23T16:47:26.572340,Pas barometryczny,1077.78,1077.78,true
session_20260623_163953_final,4443,453172,2026-06-23T16:47:26.651372,Pas barometryczny,1078.62,1078.62,true
session_20260623_163953_final,4444,453307,2026-06-23T16:47:26.786807,Pas barometryczny,1078.88,1078.88,true
session_20260623_163953_final,4445,453413,2026-06-23T16:47:26.892257,Pas barometryczny,1078.38,1078.38,true
session_20260623_163953_final,4446,453490,2026-06-23T16:47:26.968989,Pas barometryczny,1079.80,1079.80,true
session_20260623_163953_final,4447,453671,2026-06-23T16:47:27.150447,Pas barometryczny,1080.12,1080.12,true
session_20260623_163953_final,4448,453717,2026-06-23T16:47:27.196530,Pas barometryczny,1080.17,1080.17,true
session_20260623_163953_final,4449,453807,2026-06-23T16:47:27.286033,Pas barometryczny,1079.69,1079.69,true
session_20260623_163953_final,4450,453949,2026-06-23T16:47:27.428400,Pas barometryczny,1077.41,1077.41,true
session_20260623_163953_final,4451,454029,2026-06-23T16:47:27.508064,Pas barometryczny,1077.52,1077.52,true
session_20260623_163953_final,4452,454182,2026-06-23T16:47:27.661623,Pas barometryczny,1076.67,1076.67,true
session_20260623_163953_final,4453,454213,2026-06-23T16:47:27.692788,Pas barometryczny,1076.48,1076.48,true
session_20260623_163953_final,4454,454387,2026-06-23T16:47:27.865967,Pas barometryczny,1076.82,1076.82,true
session_20260623_163953_final,4455,454387,2026-06-23T16:47:27.866523,Pas barometryczny,1076.62,1076.62,true
session_20260623_163953_final,4456,454522,2026-06-23T16:47:28.001768,Pas barometryczny,1076.52,1076.52,true
session_20260623_163953_final,4457,454612,2026-06-23T16:47:28.091373,Pas barometryczny,1076.69,1076.69,true
session_20260623_163953_final,4458,454715,2026-06-23T16:47:28.194612,Pas barometryczny,1076.67,1076.67,true
session_20260623_163953_final,4459,454850,2026-06-23T16:47:28.329457,Pas barometryczny,1075.99,1075.99,true
session_20260623_163953_final,4460,454927,2026-06-23T16:47:28.406525,Pas barometryczny,1076.63,1076.63,true
session_20260623_163953_final,4461,455034,2026-06-23T16:47:28.513471,Pas barometryczny,1078.20,1078.20,true
session_20260623_163953_final,4462,455121,2026-06-23T16:47:28.599999,Pas barometryczny,1079.61,1079.61,true
session_20260623_163953_final,4463,455244,2026-06-23T16:47:28.723022,Pas barometryczny,1080.59,1080.59,true
session_20260623_163953_final,4464,455340,2026-06-23T16:47:28.819358,Pas barometryczny,1081.73,1081.73,true
session_20260623_163953_final,4465,455430,2026-06-23T16:47:28.909319,Pas barometryczny,1080.72,1080.72,true
session_20260623_163953_final,4466,455517,2026-06-23T16:47:28.995930,Pas barometryczny,1079.82,1079.82,true
session_20260623_163953_final,4467,455653,2026-06-23T16:47:29.132067,Pas barometryczny,1079.39,1079.39,true
session_20260623_163953_final,4468,455740,2026-06-23T16:47:29.219708,Pas barometryczny,1078.59,1078.59,true
session_20260623_163953_final,4469,455829,2026-06-23T16:47:29.308464,Pas barometryczny,1078.01,1078.01,true
session_20260623_163953_final,4470,455917,2026-06-23T16:47:29.396204,Pas barometryczny,1078.17,1078.17,true
session_20260623_163953_final,4471,456054,2026-06-23T16:47:29.533176,Pas barometryczny,1078.33,1078.33,true
session_20260623_163953_final,4472,456142,2026-06-23T16:47:29.621480,Pas barometryczny,1078.36,1078.36,true
session_20260623_163953_final,4473,456254,2026-06-23T16:47:29.733278,Pas barometryczny,1079.15,1079.15,true
session_20260623_163953_final,4474,456374,2026-06-23T16:47:29.852854,Pas barometryczny,1080.03,1080.03,true
session_20260623_163953_final,4475,456470,2026-06-23T16:47:29.949424,Pas barometryczny,1080.53,1080.53,true
session_20260623_163953_final,4476,456547,2026-06-23T16:47:30.026329,Pas barometryczny,1081.03,1081.03,true
session_20260623_163953_final,4477,456640,2026-06-23T16:47:30.119624,Pas barometryczny,1081.20,1081.20,true
session_20260623_163953_final,4478,456789,2026-06-23T16:47:30.268160,Pas barometryczny,1079.67,1079.67,true
session_20260623_163953_final,4479,456867,2026-06-23T16:47:30.345846,Pas barometryczny,1078.30,1078.30,true
session_20260623_163953_final,4480,456953,2026-06-23T16:47:30.432107,Pas barometryczny,1077.50,1077.50,true
session_20260623_163953_final,4481,457057,2026-06-23T16:47:30.536030,Pas barometryczny,1077.09,1077.09,true
session_20260623_163953_final,4482,457180,2026-06-23T16:47:30.658845,Pas barometryczny,1077.62,1077.62,true
session_20260623_163953_final,4483,457276,2026-06-23T16:47:30.754883,Pas barometryczny,1077.70,1077.70,true
session_20260623_163953_final,4484,457366,2026-06-23T16:47:30.845398,Pas barometryczny,1077.94,1077.94,true
session_20260623_163953_final,4485,457450,2026-06-23T16:47:30.929542,Pas barometryczny,1079.41,1079.41,true
session_20260623_163953_final,4486,457588,2026-06-23T16:47:31.067248,Pas barometryczny,1079.94,1079.94,true
session_20260623_163953_final,4487,457678,2026-06-23T16:47:31.157657,Pas barometryczny,1080.35,1080.35,true
session_20260623_163953_final,4488,457785,2026-06-23T16:47:31.264548,Pas barometryczny,1080.66,1080.66,true
session_20260623_163953_final,4489,457900,2026-06-23T16:47:31.379074,Pas barometryczny,1079.56,1079.56,true
session_20260623_163953_final,4490,457987,2026-06-23T16:47:31.466295,Pas barometryczny,1077.35,1077.35,true
session_20260623_163953_final,4491,458094,2026-06-23T16:47:31.573138,Pas barometryczny,1076.61,1076.61,true
session_20260623_163953_final,4492,458167,2026-06-23T16:47:31.646632,Pas barometryczny,1076.50,1076.50,true
session_20260623_163953_final,4493,458303,2026-06-23T16:47:31.782793,Pas barometryczny,1076.06,1076.06,true
session_20260623_163953_final,4494,458409,2026-06-23T16:47:31.887828,Pas barometryczny,1076.49,1076.49,true
session_20260623_163953_final,4495,458484,2026-06-23T16:47:31.963802,Pas barometryczny,1077.32,1077.32,true
session_20260623_163953_final,4496,458573,2026-06-23T16:47:32.052260,Pas barometryczny,1075.81,1075.81,true
session_20260623_163953_final,4497,458714,2026-06-23T16:47:32.193689,Pas barometryczny,1075.96,1075.96,true
session_20260623_163953_final,4498,458800,2026-06-23T16:47:32.279720,Pas barometryczny,1076.33,1076.33,true
session_20260623_163953_final,4499,458888,2026-06-23T16:47:32.366946,Pas barometryczny,1076.63,1076.63,true
session_20260623_163953_final,4500,458982,2026-06-23T16:47:32.461238,Pas barometryczny,1076.15,1076.15,true
session_20260623_163953_final,4501,459116,2026-06-23T16:47:32.595361,Pas barometryczny,1076.61,1076.61,true
session_20260623_163953_final,4502,459204,2026-06-23T16:47:32.683038,Pas barometryczny,1076.08,1076.08,true
session_20260623_163953_final,4503,459294,2026-06-23T16:47:32.773095,Pas barometryczny,1075.75,1075.75,true
session_20260623_163953_final,4504,459433,2026-06-23T16:47:32.912342,Pas barometryczny,1075.96,1075.96,true
session_20260623_163953_final,4505,459528,2026-06-23T16:47:33.007554,Pas barometryczny,1075.97,1075.97,true
session_20260623_163953_final,4506,459609,2026-06-23T16:47:33.088082,Pas barometryczny,1075.97,1075.97,true
session_20260623_163953_final,4507,459711,2026-06-23T16:47:33.190568,Pas barometryczny,1076.75,1076.75,true
session_20260623_163953_final,4508,459846,2026-06-23T16:47:33.324985,Pas barometryczny,1077.29,1077.29,true
session_20260623_163953_final,4509,459930,2026-06-23T16:47:33.409643,Pas barometryczny,1076.78,1076.78,true
session_20260623_163953_final,4510,460017,2026-06-23T16:47:33.496520,Pas barometryczny,1077.87,1077.87,true
session_20260623_163953_final,4511,460102,2026-06-23T16:47:33.581660,Pas barometryczny,1077.90,1077.90,true
session_20260623_163953_final,4512,460239,2026-06-23T16:47:33.718579,Pas barometryczny,1078.07,1078.07,true
session_20260623_163953_final,4513,460327,2026-06-23T16:47:33.806802,Pas barometryczny,1078.38,1078.38,true
session_20260623_163953_final,4514,460418,2026-06-23T16:47:33.897647,Pas barometryczny,1076.01,1076.01,true
session_20260623_163953_final,4515,460508,2026-06-23T16:47:33.986895,Pas barometryczny,1075.78,1075.78,true
session_20260623_163953_final,4516,460642,2026-06-23T16:47:34.121756,Pas barometryczny,1075.78,1075.78,true
session_20260623_163953_final,4517,460735,2026-06-23T16:47:34.214776,Pas barometryczny,1075.58,1075.58,true
session_20260623_163953_final,4518,460832,2026-06-23T16:47:34.311243,Pas barometryczny,1075.74,1075.74,true
session_20260623_163953_final,4519,460958,2026-06-23T16:47:34.437200,Pas barometryczny,1076.73,1076.73,true
session_20260623_163953_final,4520,461054,2026-06-23T16:47:34.533502,Pas barometryczny,1076.52,1076.52,true
session_20260623_163953_final,4521,461152,2026-06-23T16:47:34.631482,Pas barometryczny,1077.18,1077.18,true
session_20260623_163953_final,4522,461235,2026-06-23T16:47:34.714583,Pas barometryczny,1078.79,1078.79,true
session_20260623_163953_final,4523,461363,2026-06-23T16:47:34.841949,Pas barometryczny,1079.52,1079.52,true
session_20260623_163953_final,4524,461470,2026-06-23T16:47:34.949540,Pas barometryczny,1080.22,1080.22,true
session_20260623_163953_final,4525,461546,2026-06-23T16:47:35.025515,Pas barometryczny,1081.11,1081.11,true
session_20260623_163953_final,4526,461632,2026-06-23T16:47:35.111492,Pas barometryczny,1081.21,1081.21,true
session_20260623_163953_final,4527,461767,2026-06-23T16:47:35.246452,Pas barometryczny,1079.73,1079.73,true
session_20260623_163953_final,4528,461858,2026-06-23T16:47:35.337360,Pas barometryczny,1079.46,1079.46,true
session_20260623_163953_final,4529,461948,2026-06-23T16:47:35.426916,Pas barometryczny,1078.82,1078.82,true
session_20260623_163953_final,4530,462053,2026-06-23T16:47:35.532386,Pas barometryczny,1078.52,1078.52,true
session_20260623_163953_final,4531,462174,2026-06-23T16:47:35.652949,Pas barometryczny,1078.77,1078.77,true
session_20260623_163953_final,4532,462263,2026-06-23T16:47:35.742575,Pas barometryczny,1079.24,1079.24,true
session_20260623_163953_final,4533,462352,2026-06-23T16:47:35.831698,Pas barometryczny,1078.63,1078.63,true
session_20260623_163953_final,4534,462491,2026-06-23T16:47:35.970608,Pas barometryczny,1078.01,1078.01,true
session_20260623_163953_final,4535,462577,2026-06-23T16:47:36.056325,Pas barometryczny,1078.44,1078.44,true
session_20260623_163953_final,4536,462669,2026-06-23T16:47:36.147966,Pas barometryczny,1078.93,1078.93,true
session_20260623_163953_final,4537,462774,2026-06-23T16:47:36.253366,Pas barometryczny,1079.76,1079.76,true
session_20260623_163953_final,4538,462899,2026-06-23T16:47:36.378794,Pas barometryczny,1080.82,1080.82,true
session_20260623_163953_final,4539,462992,2026-06-23T16:47:36.470935,Pas barometryczny,1081.96,1081.96,true
session_20260623_163953_final,4540,463076,2026-06-23T16:47:36.554906,Pas barometryczny,1080.14,1080.14,true
session_20260623_163953_final,4541,463162,2026-06-23T16:47:36.641766,Pas barometryczny,1079.74,1079.74,true
session_20260623_163953_final,4542,463307,2026-06-23T16:47:36.785850,Pas barometryczny,1079.11,1079.11,true
session_20260623_163953_final,4543,463395,2026-06-23T16:47:36.873931,Pas barometryczny,1078.84,1078.84,true
session_20260623_163953_final,4544,463483,2026-06-23T16:47:36.962431,Pas barometryczny,1079.81,1079.81,true
session_20260623_163953_final,4545,463568,2026-06-23T16:47:37.047752,Pas barometryczny,1081.08,1081.08,true
session_20260623_163953_final,4546,463703,2026-06-23T16:47:37.182025,Pas barometryczny,1081.45,1081.45,true
session_20260623_163953_final,4547,463797,2026-06-23T16:47:37.276503,Pas barometryczny,1082.29,1082.29,true
session_20260623_163953_final,4548,463893,2026-06-23T16:47:37.372411,Pas barometryczny,1081.47,1081.47,true
session_20260623_163953_final,4549,464019,2026-06-23T16:47:37.498549,Pas barometryczny,1081.12,1081.12,true
session_20260623_163953_final,4550,464108,2026-06-23T16:47:37.586844,Pas barometryczny,1080.78,1080.78,true
session_20260623_163953_final,4551,464212,2026-06-23T16:47:37.690852,Pas barometryczny,1080.55,1080.55,true
session_20260623_163953_final,4552,464294,2026-06-23T16:47:37.773040,Pas barometryczny,1078.89,1078.89,true
session_20260623_163953_final,4553,464424,2026-06-23T16:47:37.903096,Pas barometryczny,1077.69,1077.69,true
session_20260623_163953_final,4554,464528,2026-06-23T16:47:38.007776,Pas barometryczny,1077.28,1077.28,true
session_20260623_163953_final,4555,464605,2026-06-23T16:47:38.083960,Pas barometryczny,1077.38,1077.38,true
session_20260623_163953_final,4556,464693,2026-06-23T16:47:38.171828,Pas barometryczny,1077.72,1077.72,true
session_20260623_163953_final,4557,464827,2026-06-23T16:47:38.306059,Pas barometryczny,1078.09,1078.09,true
session_20260623_163953_final,4558,464918,2026-06-23T16:47:38.397433,Pas barometryczny,1077.75,1077.75,true
session_20260623_163953_final,4559,465009,2026-06-23T16:47:38.488092,Pas barometryczny,1076.54,1076.54,true
session_20260623_163953_final,4560,465099,2026-06-23T16:47:38.578253,Pas barometryczny,1076.54,1076.54,true
session_20260623_163953_final,4561,465236,2026-06-23T16:47:38.715436,Pas barometryczny,1077.90,1077.90,true
session_20260623_163953_final,4562,465322,2026-06-23T16:47:38.801807,Pas barometryczny,1079.08,1079.08,true
session_20260623_163953_final,4563,465413,2026-06-23T16:47:38.892070,Pas barometryczny,1080.41,1080.41,true
session_20260623_163953_final,4564,465550,2026-06-23T16:47:39.029276,Pas barometryczny,1081.47,1081.47,true
session_20260623_163953_final,4565,465640,2026-06-23T16:47:39.118855,Pas barometryczny,1081.99,1081.99,true
session_20260623_163953_final,4566,465727,2026-06-23T16:47:39.206723,Pas barometryczny,1081.34,1081.34,true
session_20260623_163953_final,4567,465830,2026-06-23T16:47:39.309540,Pas barometryczny,1082.11,1082.11,true
session_20260623_163953_final,4568,465952,2026-06-23T16:47:39.431706,Pas barometryczny,1081.22,1081.22,true
session_20260623_163953_final,4569,466049,2026-06-23T16:47:39.528539,Pas barometryczny,1080.48,1080.48,true
session_20260623_163953_final,4570,466151,2026-06-23T16:47:39.629859,Pas barometryczny,1080.09,1080.09,true
session_20260623_163953_final,4571,466224,2026-06-23T16:47:39.703639,Pas barometryczny,1079.27,1079.27,true
session_20260623_163953_final,4572,466363,2026-06-23T16:47:39.842593,Pas barometryczny,1078.66,1078.66,true
session_20260623_163953_final,4573,466455,2026-06-23T16:47:39.933971,Pas barometryczny,1078.45,1078.45,true
session_20260623_163953_final,4574,466539,2026-06-23T16:47:40.018312,Pas barometryczny,1077.10,1077.10,true
session_20260623_163953_final,4575,466628,2026-06-23T16:47:40.107461,Pas barometryczny,1077.90,1077.90,true
session_20260623_163953_final,4576,466767,2026-06-23T16:47:40.245953,Pas barometryczny,1077.01,1077.01,true
session_20260623_163953_final,4577,466854,2026-06-23T16:47:40.332984,Pas barometryczny,1076.84,1076.84,true
session_20260623_163953_final,4578,466944,2026-06-23T16:47:40.423697,Pas barometryczny,1076.50,1076.50,true
session_20260623_163953_final,4579,467077,2026-06-23T16:47:40.556643,Pas barometryczny,1075.63,1075.63,true
session_20260623_163953_final,4580,467173,2026-06-23T16:47:40.652226,Pas barometryczny,1076.13,1076.13,true
session_20260623_163953_final,4581,467263,2026-06-23T16:47:40.742402,Pas barometryczny,1078.07,1078.07,true
session_20260623_163953_final,4582,467348,2026-06-23T16:47:40.827183,Pas barometryczny,1078.97,1078.97,true
session_20260623_163953_final,4583,467485,2026-06-23T16:47:40.964243,Pas barometryczny,1079.72,1079.72,true
session_20260623_163953_final,4584,467587,2026-06-23T16:47:41.066776,Pas barometryczny,1080.34,1080.34,true
session_20260623_163953_final,4585,467669,2026-06-23T16:47:41.148739,Pas barometryczny,1078.64,1078.64,true
session_20260623_163953_final,4586,467757,2026-06-23T16:47:41.236541,Pas barometryczny,1079.17,1079.17,true
session_20260623_163953_final,4587,467906,2026-06-23T16:47:41.384846,Pas barometryczny,1079.34,1079.34,true
session_20260623_163953_final,4588,467981,2026-06-23T16:47:41.460112,Pas barometryczny,1079.68,1079.68,true
session_20260623_163953_final,4589,468072,2026-06-23T16:47:41.551795,Pas barometryczny,1078.68,1078.68,true
session_20260623_163953_final,4590,468158,2026-06-23T16:47:41.637498,Pas barometryczny,1079.06,1079.06,true
session_20260623_163953_final,4591,468294,2026-06-23T16:47:41.773185,Pas barometryczny,1078.45,1078.45,true
session_20260623_163953_final,4592,468386,2026-06-23T16:47:41.865535,Pas barometryczny,1077.24,1077.24,true
session_20260623_163953_final,4593,468479,2026-06-23T16:47:41.958727,Pas barometryczny,1076.67,1076.67,true
session_20260623_163953_final,4594,468610,2026-06-23T16:47:42.089667,Pas barometryczny,1076.69,1076.69,true
session_20260623_163953_final,4595,468699,2026-06-23T16:47:42.178267,Pas barometryczny,1076.65,1076.65,true
session_20260623_163953_final,4596,468795,2026-06-23T16:47:42.273880,Pas barometryczny,1077.35,1077.35,true
session_20260623_163953_final,4597,468889,2026-06-23T16:47:42.367819,Pas barometryczny,1076.55,1076.55,true
session_20260623_163953_final,4598,469018,2026-06-23T16:47:42.496981,Pas barometryczny,1076.95,1076.95,true
session_20260623_163953_final,4599,469102,2026-06-23T16:47:42.581384,Pas barometryczny,1075.92,1075.92,true
session_20260623_163953_final,4600,469207,2026-06-23T16:47:42.686416,Pas barometryczny,1076.14,1076.14,true
session_20260623_163953_final,4601,469289,2026-06-23T16:47:42.768204,Pas barometryczny,1075.27,1075.27,true
session_20260623_163953_final,4602,469427,2026-06-23T16:47:42.906358,Pas barometryczny,1075.19,1075.19,true
session_20260623_163953_final,4603,469507,2026-06-23T16:47:42.986428,Pas barometryczny,1075.01,1075.01,true
session_20260623_163953_final,4604,469600,2026-06-23T16:47:43.079079,Pas barometryczny,1075.42,1075.42,true
session_20260623_163953_final,4605,469696,2026-06-23T16:47:43.175407,Pas barometryczny,1077.16,1077.16,true
session_20260623_163953_final,4606,469824,2026-06-23T16:47:43.303108,Pas barometryczny,1078.17,1078.17,true
session_20260623_163953_final,4607,469914,2026-06-23T16:47:43.393007,Pas barometryczny,1078.82,1078.82,true
session_20260623_163953_final,4608,470003,2026-06-23T16:47:43.482438,Pas barometryczny,1079.32,1079.32,true
session_20260623_163953_final,4609,470138,2026-06-23T16:47:43.617366,Pas barometryczny,1079.60,1079.60,true
session_20260623_163953_final,4610,470231,2026-06-23T16:47:43.710600,Pas barometryczny,1080.38,1080.38,true
session_20260623_163953_final,4611,470320,2026-06-23T16:47:43.799734,Pas barometryczny,1079.62,1079.62,true
session_20260623_163953_final,4612,470407,2026-06-23T16:47:43.886527,Pas barometryczny,1079.57,1079.57,true
session_20260623_163953_final,4613,470542,2026-06-23T16:47:44.021695,Pas barometryczny,1079.58,1079.58,true
session_20260623_163953_final,4614,470646,2026-06-23T16:47:44.125512,Pas barometryczny,1079.94,1079.94,true
session_20260623_163953_final,4615,470722,2026-06-23T16:47:44.201310,Pas barometryczny,1080.73,1080.73,true
session_20260623_163953_final,4616,470812,2026-06-23T16:47:44.291532,Pas barometryczny,1078.84,1078.84,true
session_20260623_163953_final,4617,470965,2026-06-23T16:47:44.443994,Pas barometryczny,1079.96,1079.96,true
session_20260623_163953_final,4618,471047,2026-06-23T16:47:44.526766,Pas barometryczny,1079.05,1079.05,true
session_20260623_163953_final,4619,471128,2026-06-23T16:47:44.607260,Pas barometryczny,1077.27,1077.27,true
session_20260623_163953_final,4620,471218,2026-06-23T16:47:44.697765,Pas barometryczny,1077.05,1077.05,true
session_20260623_163953_final,4621,471357,2026-06-23T16:47:44.835982,Pas barometryczny,1078.09,1078.09,true
session_20260623_163953_final,4622,471443,2026-06-23T16:47:44.922072,Pas barometryczny,1075.74,1075.74,true
session_20260623_163953_final,4623,471534,2026-06-23T16:47:45.013204,Pas barometryczny,1075.66,1075.66,true
session_20260623_163953_final,4624,471670,2026-06-23T16:47:45.148965,Pas barometryczny,1075.09,1075.09,true
session_20260623_163953_final,4625,471761,2026-06-23T16:47:45.240049,Pas barometryczny,1076.89,1076.89,true
session_20260623_163953_final,4626,471848,2026-06-23T16:47:45.327809,Pas barometryczny,1074.30,1074.30,true
session_20260623_163953_final,4627,471953,2026-06-23T16:47:45.432264,Pas barometryczny,1073.11,1073.11,true
session_20260623_163953_final,4628,472072,2026-06-23T16:47:45.550900,Pas barometryczny,1073.44,1073.44,true
session_20260623_163953_final,4629,472162,2026-06-23T16:47:45.641404,Pas barometryczny,1074.21,1074.21,true
session_20260623_163953_final,4630,472271,2026-06-23T16:47:45.750155,Pas barometryczny,1075.32,1075.32,true
session_20260623_163953_final,4631,472352,2026-06-23T16:47:45.831771,Pas barometryczny,1076.33,1076.33,true
session_20260623_163953_final,4632,472477,2026-06-23T16:47:45.956343,Pas barometryczny,1077.15,1077.15,true
session_20260623_163953_final,4633,472567,2026-06-23T16:47:46.046345,Pas barometryczny,1078.25,1078.25,true
session_20260623_163953_final,4634,472661,2026-06-23T16:47:46.140312,Pas barometryczny,1078.80,1078.80,true
session_20260623_163953_final,4635,472749,2026-06-23T16:47:46.227917,Pas barometryczny,1078.55,1078.55,true
session_20260623_163953_final,4636,472893,2026-06-23T16:47:46.372058,Pas barometryczny,1078.27,1078.27,true
session_20260623_163953_final,4637,472972,2026-06-23T16:47:46.451730,Pas barometryczny,1078.21,1078.21,true
session_20260623_163953_final,4638,473063,2026-06-23T16:47:46.542088,Pas barometryczny,1077.82,1077.82,true
session_20260623_163953_final,4639,473207,2026-06-23T16:47:46.685970,Pas barometryczny,1080.54,1080.54,true
session_20260623_163953_final,4640,473292,2026-06-23T16:47:46.770924,Pas barometryczny,1078.96,1078.96,true
session_20260623_163953_final,4641,473377,2026-06-23T16:47:46.856191,Pas barometryczny,1076.91,1076.91,true
session_20260623_163953_final,4642,473467,2026-06-23T16:47:46.945957,Pas barometryczny,1076.25,1076.25,true
session_20260623_163953_final,4643,473611,2026-06-23T16:47:47.089922,Pas barometryczny,1078.49,1078.49,true
session_20260623_163953_final,4644,473696,2026-06-23T16:47:47.175308,Pas barometryczny,1076.78,1076.78,true
session_20260623_163953_final,4645,473790,2026-06-23T16:47:47.269376,Pas barometryczny,1074.62,1074.62,true
session_20260623_163953_final,4646,473890,2026-06-23T16:47:47.369489,Pas barometryczny,1073.69,1073.69,true
session_20260623_163953_final,4647,474022,2026-06-23T16:47:47.501765,Pas barometryczny,1073.62,1073.62,true
session_20260623_163953_final,4648,474104,2026-06-23T16:47:47.583225,Pas barometryczny,1073.36,1073.36,true
session_20260623_163953_final,4649,474188,2026-06-23T16:47:47.667121,Pas barometryczny,1073.07,1073.07,true
session_20260623_163953_final,4650,474280,2026-06-23T16:47:47.759310,Pas barometryczny,1073.37,1073.37,true
session_20260623_163953_final,4651,474423,2026-06-23T16:47:47.902227,Pas barometryczny,1073.51,1073.51,true
session_20260623_163953_final,4652,474505,2026-06-23T16:47:47.984304,Pas barometryczny,1074.09,1074.09,true
session_20260623_163953_final,4653,474594,2026-06-23T16:47:48.073762,Pas barometryczny,1075.11,1075.11,true
session_20260623_163953_final,4654,474729,2026-06-23T16:47:48.208055,Pas barometryczny,1075.77,1075.77,true
session_20260623_163953_final,4655,474820,2026-06-23T16:47:48.299390,Pas barometryczny,1076.52,1076.52,true
session_20260623_163953_final,4656,474913,2026-06-23T16:47:48.392398,Pas barometryczny,1077.19,1077.19,true
session_20260623_163953_final,4657,475011,2026-06-23T16:47:48.490080,Pas barometryczny,1077.64,1077.64,true
session_20260623_163953_final,4658,475135,2026-06-23T16:47:48.614685,Pas barometryczny,1078.09,1078.09,true
session_20260623_163953_final,4659,475223,2026-06-23T16:47:48.702031,Pas barometryczny,1078.26,1078.26,true
session_20260623_163953_final,4660,475326,2026-06-23T16:47:48.804979,Pas barometryczny,1078.21,1078.21,true
session_20260623_163953_final,4661,475403,2026-06-23T16:47:48.882595,Pas barometryczny,1078.25,1078.25,true
session_20260623_163953_final,4662,475537,2026-06-23T16:47:49.016467,Pas barometryczny,1077.84,1077.84,true
session_20260623_163953_final,4663,475645,2026-06-23T16:47:49.124001,Pas barometryczny,1077.54,1077.54,true
session_20260623_163953_final,4664,475728,2026-06-23T16:47:49.207492,Pas barometryczny,1077.31,1077.31,true
session_20260623_163953_final,4665,475808,2026-06-23T16:47:49.287122,Pas barometryczny,1077.30,1077.30,true
session_20260623_163953_final,4666,475943,2026-06-23T16:47:49.421957,Pas barometryczny,1077.32,1077.32,true
session_20260623_163953_final,4667,476046,2026-06-23T16:47:49.525142,Pas barometryczny,1077.06,1077.06,true
session_20260623_163953_final,4668,476122,2026-06-23T16:47:49.601483,Pas barometryczny,1075.24,1075.24,true
session_20260623_163953_final,4669,476259,2026-06-23T16:47:49.738563,Pas barometryczny,1074.24,1074.24,true
session_20260623_163953_final,4670,476351,2026-06-23T16:47:49.830692,Pas barometryczny,1074.26,1074.26,true
session_20260623_163953_final,4671,476441,2026-06-23T16:47:49.919939,Pas barometryczny,1074.37,1074.37,true
session_20260623_163953_final,4672,476529,2026-06-23T16:47:50.008566,Pas barometryczny,1074.93,1074.93,true
session_20260623_163953_final,4673,476662,2026-06-23T16:47:50.141486,Pas barometryczny,1076.53,1076.53,true
session_20260623_163953_final,4674,476753,2026-06-23T16:47:50.232039,Pas barometryczny,1076.42,1076.42,true
session_20260623_163953_final,4675,476842,2026-06-23T16:47:50.321062,Pas barometryczny,1074.37,1074.37,true
session_20260623_163953_final,4676,476948,2026-06-23T16:47:50.427154,Pas barometryczny,1072.92,1072.92,true
session_20260623_163953_final,4677,477071,2026-06-23T16:47:50.550234,Pas barometryczny,1072.81,1072.81,true
session_20260623_163953_final,4678,477165,2026-06-23T16:47:50.644697,Pas barometryczny,1072.82,1072.82,true
session_20260623_163953_final,4679,477266,2026-06-23T16:47:50.745124,Pas barometryczny,1072.91,1072.91,true
session_20260623_163953_final,4680,477337,2026-06-23T16:47:50.816671,Pas barometryczny,1073.10,1073.10,true
session_20260623_163953_final,4681,477482,2026-06-23T16:47:50.961030,Pas barometryczny,1073.10,1073.10,true
session_20260623_163953_final,4682,477573,2026-06-23T16:47:51.051922,Pas barometryczny,1073.30,1073.30,true
session_20260623_163953_final,4683,477652,2026-06-23T16:47:51.131046,Pas barometryczny,1073.44,1073.44,true
session_20260623_163953_final,4684,477742,2026-06-23T16:47:51.221359,Pas barometryczny,1074.17,1074.17,true
session_20260623_163953_final,4685,477877,2026-06-23T16:47:51.356697,Pas barometryczny,1075.26,1075.26,true
session_20260623_163953_final,4686,477971,2026-06-23T16:47:51.450039,Pas barometryczny,1075.98,1075.98,true
session_20260623_163953_final,4687,478067,2026-06-23T16:47:51.545867,Pas barometryczny,1076.37,1076.37,true
session_20260623_163953_final,4688,478196,2026-06-23T16:47:51.674845,Pas barometryczny,1076.31,1076.31,true
session_20260623_163953_final,4689,478283,2026-06-23T16:47:51.761920,Pas barometryczny,1076.31,1076.31,true
session_20260623_163953_final,4690,478422,2026-06-23T16:47:51.901137,Pas barometryczny,1076.50,1076.50,true
session_20260623_163953_final,4691,478463,2026-06-23T16:47:51.942530,Pas barometryczny,1076.44,1076.44,true
session_20260623_163953_final,4692,478598,2026-06-23T16:47:52.077167,Pas barometryczny,1076.41,1076.41,true
session_20260623_163953_final,4693,478706,2026-06-23T16:47:52.184974,Pas barometryczny,1076.51,1076.51,true
session_20260623_163953_final,4694,478788,2026-06-23T16:47:52.267204,Pas barometryczny,1076.50,1076.50,true
session_20260623_163953_final,4695,478869,2026-06-23T16:47:52.347867,Pas barometryczny,1076.47,1076.47,true
session_20260623_163953_final,4696,479002,2026-06-23T16:47:52.481279,Pas barometryczny,1075.55,1075.55,true
session_20260623_163953_final,4697,479094,2026-06-23T16:47:52.573166,Pas barometryczny,1073.58,1073.58,true
session_20260623_163953_final,4698,479184,2026-06-23T16:47:52.663771,Pas barometryczny,1072.95,1072.95,true
session_20260623_163953_final,4699,479275,2026-06-23T16:47:52.754459,Pas barometryczny,1073.09,1073.09,true
session_20260623_163953_final,4700,479409,2026-06-23T16:47:52.887993,Pas barometryczny,1074.41,1074.41,true
session_20260623_163953_final,4701,479499,2026-06-23T16:47:52.978505,Pas barometryczny,1076.10,1076.10,true
session_20260623_163953_final,4702,479588,2026-06-23T16:47:53.066970,Pas barometryczny,1077.64,1077.64,true
session_20260623_163953_final,4703,479726,2026-06-23T16:47:53.204975,Pas barometryczny,1078.74,1078.74,true
session_20260623_163953_final,4704,479817,2026-06-23T16:47:53.296498,Pas barometryczny,1079.24,1079.24,true
session_20260623_163953_final,4705,479902,2026-06-23T16:47:53.381709,Pas barometryczny,1079.80,1079.80,true
session_20260623_163953_final,4706,480006,2026-06-23T16:47:53.485603,Pas barometryczny,1079.88,1079.88,true
session_20260623_163953_final,4707,480128,2026-06-23T16:47:53.607117,Pas barometryczny,1079.48,1079.48,true
session_20260623_163953_final,4708,480227,2026-06-23T16:47:53.705908,Pas barometryczny,1079.26,1079.26,true
session_20260623_163953_final,4709,480307,2026-06-23T16:47:53.786532,Pas barometryczny,1078.88,1078.88,true
session_20260623_163953_final,4710,480399,2026-06-23T16:47:53.878682,Pas barometryczny,1078.96,1078.96,true
session_20260623_163953_final,4711,480542,2026-06-23T16:47:54.021790,Pas barometryczny,1078.67,1078.67,true
session_20260623_163953_final,4712,480622,2026-06-23T16:47:54.101100,Pas barometryczny,1080.48,1080.48,true
session_20260623_163953_final,4713,480715,2026-06-23T16:47:54.194025,Pas barometryczny,1079.52,1079.52,true
session_20260623_163953_final,4714,480804,2026-06-23T16:47:54.283405,Pas barometryczny,1077.52,1077.52,true
session_20260623_163953_final,4715,480938,2026-06-23T16:47:54.417343,Pas barometryczny,1076.43,1076.43,true
session_20260623_163953_final,4716,481029,2026-06-23T16:47:54.508804,Pas barometryczny,1077.87,1077.87,true
session_20260623_163953_final,4717,481120,2026-06-23T16:47:54.598930,Pas barometryczny,1080.14,1080.14,true
session_20260623_163953_final,4718,481253,2026-06-23T16:47:54.731952,Pas barometryczny,1078.09,1078.09,true
session_20260623_163953_final,4719,481342,2026-06-23T16:47:54.821693,Pas barometryczny,1077.12,1077.12,true
session_20260623_163953_final,4720,481435,2026-06-23T16:47:54.913918,Pas barometryczny,1079.08,1079.08,true
session_20260623_163953_final,4721,481522,2026-06-23T16:47:55.001574,Pas barometryczny,1077.92,1077.92,true
session_20260623_163953_final,4722,481658,2026-06-23T16:47:55.137175,Pas barometryczny,1074.97,1074.97,true
session_20260623_163953_final,4723,481754,2026-06-23T16:47:55.232950,Pas barometryczny,1073.48,1073.48,true
session_20260623_163953_final,4724,481846,2026-06-23T16:47:55.325434,Pas barometryczny,1073.45,1073.45,true
session_20260623_163953_final,4725,481929,2026-06-23T16:47:55.408313,Pas barometryczny,1073.07,1073.07,true
session_20260623_163953_final,4726,482081,2026-06-23T16:47:55.560323,Pas barometryczny,1073.12,1073.12,true
session_20260623_163953_final,4727,482165,2026-06-23T16:47:55.644241,Pas barometryczny,1073.25,1073.25,true
session_20260623_163953_final,4728,482243,2026-06-23T16:47:55.722358,Pas barometryczny,1073.31,1073.31,true
session_20260623_163953_final,4729,482334,2026-06-23T16:47:55.813514,Pas barometryczny,1073.57,1073.57,true
session_20260623_163953_final,4730,482471,2026-06-23T16:47:55.949828,Pas barometryczny,1073.61,1073.61,true
session_20260623_163953_final,4731,482558,2026-06-23T16:47:56.037074,Pas barometryczny,1073.47,1073.47,true
session_20260623_163953_final,4732,482651,2026-06-23T16:47:56.130418,Pas barometryczny,1073.27,1073.27,true
session_20260623_163953_final,4733,482785,2026-06-23T16:47:56.263905,Pas barometryczny,1073.49,1073.49,true
session_20260623_163953_final,4734,482874,2026-06-23T16:47:56.353795,Pas barometryczny,1073.97,1073.97,true
session_20260623_163953_final,4735,482969,2026-06-23T16:47:56.448689,Pas barometryczny,1074.56,1074.56,true
session_20260623_163953_final,4736,483052,2026-06-23T16:47:56.531417,Pas barometryczny,1075.30,1075.30,true
session_20260623_163953_final,4737,483241,2026-06-23T16:47:56.720653,Pas barometryczny,1075.83,1075.83,true
session_20260623_163953_final,4738,483277,2026-06-23T16:47:56.755970,Pas barometryczny,1076.47,1076.47,true
session_20260623_163953_final,4739,483383,2026-06-23T16:47:56.862414,Pas barometryczny,1076.95,1076.95,true
session_20260623_163953_final,4740,483467,2026-06-23T16:47:56.946560,Pas barometryczny,1077.26,1077.26,true
session_20260623_163953_final,4741,483604,2026-06-23T16:47:57.082824,Pas barometryczny,1077.64,1077.64,true
session_20260623_163953_final,4742,483682,2026-06-23T16:47:57.161618,Pas barometryczny,1077.41,1077.41,true
session_20260623_163953_final,4743,483774,2026-06-23T16:47:57.253231,Pas barometryczny,1076.55,1076.55,true
session_20260623_163953_final,4744,483864,2026-06-23T16:47:57.343467,Pas barometryczny,1075.76,1075.76,true
session_20260623_163953_final,4745,483998,2026-06-23T16:47:57.477308,Pas barometryczny,1075.13,1075.13,true
session_20260623_163953_final,4746,484089,2026-06-23T16:47:57.567890,Pas barometryczny,1074.74,1074.74,true
session_20260623_163953_final,4747,484182,2026-06-23T16:47:57.661416,Pas barometryczny,1074.41,1074.41,true
session_20260623_163953_final,4748,484315,2026-06-23T16:47:57.794723,Pas barometryczny,1073.97,1073.97,true
session_20260623_163953_final,4749,484408,2026-06-23T16:47:57.887339,Pas barometryczny,1073.73,1073.73,true
session_20260623_163953_final,4750,484499,2026-06-23T16:47:57.978060,Pas barometryczny,1073.56,1073.56,true
session_20260623_163953_final,4751,484583,2026-06-23T16:47:58.062564,Pas barometryczny,1073.42,1073.42,true
session_20260623_163953_final,4752,484720,2026-06-23T16:47:58.199298,Pas barometryczny,1073.40,1073.40,true
session_20260623_163953_final,4753,484822,2026-06-23T16:47:58.300856,Pas barometryczny,1073.26,1073.26,true
session_20260623_163953_final,4754,484911,2026-06-23T16:47:58.389834,Pas barometryczny,1073.23,1073.23,true
session_20260623_163953_final,4755,484987,2026-06-23T16:47:58.466362,Pas barometryczny,1073.31,1073.31,true
session_20260623_163953_final,4756,485141,2026-06-23T16:47:58.620012,Pas barometryczny,1073.34,1073.34,true
session_20260623_163953_final,4757,485221,2026-06-23T16:47:58.700416,Pas barometryczny,1074.71,1074.71,true
session_20260623_163953_final,4758,485303,2026-06-23T16:47:58.782333,Pas barometryczny,1075.76,1075.76,true
session_20260623_163953_final,4759,485393,2026-06-23T16:47:58.872658,Pas barometryczny,1076.52,1076.52,true
session_20260623_163953_final,4760,485541,2026-06-23T16:47:59.020574,Pas barometryczny,1075.31,1075.31,true
session_20260623_163953_final,4761,485619,2026-06-23T16:47:59.098606,Pas barometryczny,1074.74,1074.74,true
session_20260623_163953_final,4762,485711,2026-06-23T16:47:59.190317,Pas barometryczny,1074.32,1074.32,true
session_20260623_163953_final,4763,485844,2026-06-23T16:47:59.323494,Pas barometryczny,1074.00,1074.00,true
session_20260623_163953_final,4764,485935,2026-06-23T16:47:59.413910,Pas barometryczny,1073.66,1073.66,true
session_20260623_163953_final,4765,486023,2026-06-23T16:47:59.501976,Pas barometryczny,1073.61,1073.61,true
session_20260623_163953_final,4766,486125,2026-06-23T16:47:59.604662,Pas barometryczny,1073.55,1073.55,true
session_20260623_163953_final,4767,486248,2026-06-23T16:47:59.727312,Pas barometryczny,1073.44,1073.44,true
session_20260623_163953_final,4768,486338,2026-06-23T16:47:59.817499,Pas barometryczny,1073.41,1073.41,true
session_20260623_163953_final,4769,486443,2026-06-23T16:47:59.922767,Pas barometryczny,1073.51,1073.51,true
session_20260623_163953_final,4770,486526,2026-06-23T16:48:00.005301,Pas barometryczny,1073.56,1073.56,true
session_20260623_163953_final,4771,486654,2026-06-23T16:48:00.133395,Pas barometryczny,1073.76,1073.76,true
session_20260623_163953_final,4772,486762,2026-06-23T16:48:00.241448,Pas barometryczny,1073.92,1073.92,true
session_20260623_163953_final,4773,486835,2026-06-23T16:48:00.313886,Pas barometryczny,1073.95,1073.95,true
session_20260623_163953_final,4774,486924,2026-06-23T16:48:00.403337,Pas barometryczny,1073.85,1073.85,true
session_20260623_163953_final,4775,487057,2026-06-23T16:48:00.536086,Pas barometryczny,1073.86,1073.86,true
session_20260623_163953_final,4776,487150,2026-06-23T16:48:00.629006,Pas barometryczny,1073.90,1073.90,true
session_20260623_163953_final,4777,487238,2026-06-23T16:48:00.717321,Pas barometryczny,1073.83,1073.83,true
session_20260623_163953_final,4778,487373,2026-06-23T16:48:00.852167,Pas barometryczny,1073.50,1073.50,true
session_20260623_163953_final,4779,487466,2026-06-23T16:48:00.944865,Pas barometryczny,1073.33,1073.33,true
session_20260623_163953_final,4780,487559,2026-06-23T16:48:01.038456,Pas barometryczny,1073.25,1073.25,true
session_20260623_163953_final,4781,487642,2026-06-23T16:48:01.121794,Pas barometryczny,1073.22,1073.22,true
session_20260623_163953_final,4782,487778,2026-06-23T16:48:01.256819,Pas barometryczny,1073.28,1073.28,true
session_20260623_163953_final,4783,487869,2026-06-23T16:48:01.347948,Pas barometryczny,1073.22,1073.22,true
session_20260623_163953_final,4784,487965,2026-06-23T16:48:01.443932,Pas barometryczny,1073.29,1073.29,true
session_20260623_163953_final,4785,488049,2026-06-23T16:48:01.528001,Pas barometryczny,1073.55,1073.55,true
session_20260623_163953_final,4786,488198,2026-06-23T16:48:01.677241,Pas barometryczny,1074.07,1074.07,true
session_20260623_163953_final,4787,488280,2026-06-23T16:48:01.759581,Pas barometryczny,1074.68,1074.68,true
session_20260623_163953_final,4788,488362,2026-06-23T16:48:01.841732,Pas barometryczny,1075.12,1075.12,true
session_20260623_163953_final,4789,488455,2026-06-23T16:48:01.933972,Pas barometryczny,1075.71,1075.71,true
session_20260623_163953_final,4790,488599,2026-06-23T16:48:02.077996,Pas barometryczny,1076.01,1076.01,true
session_20260623_163953_final,4791,488678,2026-06-23T16:48:02.157383,Pas barometryczny,1076.61,1076.61,true
session_20260623_163953_final,4792,488770,2026-06-23T16:48:02.249020,Pas barometryczny,1076.20,1076.20,true
session_20260623_163953_final,4793,488907,2026-06-23T16:48:02.385958,Pas barometryczny,1075.73,1075.73,true
session_20260623_163953_final,4794,488997,2026-06-23T16:48:02.476055,Pas barometryczny,1075.45,1075.45,true
session_20260623_163953_final,4795,489088,2026-06-23T16:48:02.567034,Pas barometryczny,1075.16,1075.16,true
session_20260623_163953_final,4796,489177,2026-06-23T16:48:02.656774,Pas barometryczny,1074.48,1074.48,true
session_20260623_163953_final,4797,489308,2026-06-23T16:48:02.786938,Pas barometryczny,1073.96,1073.96,true
session_20260623_163953_final,4798,489398,2026-06-23T16:48:02.876833,Pas barometryczny,1073.74,1073.74,true
session_20260623_163953_final,4799,489502,2026-06-23T16:48:02.981232,Pas barometryczny,1073.70,1073.70,true
session_20260623_163953_final,4800,489587,2026-06-23T16:48:03.066424,Pas barometryczny,1073.58,1073.58,true
session_20260623_163953_final,4801,489712,2026-06-23T16:48:03.191464,Pas barometryczny,1073.23,1073.23,true
session_20260623_163953_final,4802,489824,2026-06-23T16:48:03.303002,Pas barometryczny,1072.99,1072.99,true
session_20260623_163953_final,4803,489904,2026-06-23T16:48:03.383550,Pas barometryczny,1073.15,1073.15,true
session_20260623_163953_final,4804,489990,2026-06-23T16:48:03.469277,Pas barometryczny,1072.99,1072.99,true
session_20260623_163953_final,4805,490117,2026-06-23T16:48:03.596396,Pas barometryczny,1072.97,1072.97,true
session_20260623_163953_final,4806,490213,2026-06-23T16:48:03.692782,Pas barometryczny,1072.98,1072.98,true
session_20260623_163953_final,4807,490298,2026-06-23T16:48:03.777554,Pas barometryczny,1073.01,1073.01,true
session_20260623_163953_final,4808,490432,2026-06-23T16:48:03.911150,Pas barometryczny,1073.16,1073.16,true
session_20260623_163953_final,4809,490530,2026-06-23T16:48:04.008919,Pas barometryczny,1073.13,1073.13,true
session_20260623_163953_final,4810,490615,2026-06-23T16:48:04.094205,Pas barometryczny,1073.09,1073.09,true
session_20260623_163953_final,4811,490702,2026-06-23T16:48:04.181795,Pas barometryczny,1073.14,1073.14,true
session_20260623_163953_final,4812,490839,2026-06-23T16:48:04.318269,Pas barometryczny,1073.06,1073.06,true
session_20260623_163953_final,4813,490928,2026-06-23T16:48:04.407539,Pas barometryczny,1073.12,1073.12,true
session_20260623_163953_final,4814,491029,2026-06-23T16:48:04.508570,Pas barometryczny,1073.21,1073.21,true
session_20260623_163953_final,4815,491127,2026-06-23T16:48:04.606613,Pas barometryczny,1073.24,1073.24,true
session_20260623_163953_final,4816,491243,2026-06-23T16:48:04.722578,Pas barometryczny,1073.30,1073.30,true
session_20260623_163953_final,4817,491341,2026-06-23T16:48:04.820633,Pas barometryczny,1073.35,1073.35,true
session_20260623_163953_final,4818,491422,2026-06-23T16:48:04.901328,Pas barometryczny,1073.29,1073.29,true
session_20260623_163953_final,4819,491515,2026-06-23T16:48:04.994192,Pas barometryczny,1073.36,1073.36,true
session_20260623_163953_final,4820,491658,2026-06-23T16:48:05.137581,Pas barometryczny,1073.29,1073.29,true
session_20260623_163953_final,4821,491738,2026-06-23T16:48:05.217439,Pas barometryczny,1073.23,1073.23,true
session_20260623_163953_final,4822,491830,2026-06-23T16:48:05.309099,Pas barometryczny,1073.28,1073.28,true
session_20260623_163953_final,4823,491975,2026-06-23T16:48:05.454476,Pas barometryczny,1073.40,1073.40,true
session_20260623_163953_final,4824,492057,2026-06-23T16:48:05.536464,Pas barometryczny,1073.45,1073.45,true
session_20260623_163953_final,4825,492146,2026-06-23T16:48:05.625299,Pas barometryczny,1073.45,1073.45,true
session_20260623_163953_final,4826,492234,2026-06-23T16:48:05.713426,Pas barometryczny,1073.82,1073.82,true
session_20260623_163953_final,4827,492368,2026-06-23T16:48:05.847284,Pas barometryczny,1073.89,1073.89,true
session_20260623_163953_final,4828,492466,2026-06-23T16:48:05.944845,Pas barometryczny,1073.85,1073.85,true
session_20260623_163953_final,4829,492555,2026-06-23T16:48:06.034562,Pas barometryczny,1073.89,1073.89,true
session_20260623_163953_final,4830,492646,2026-06-23T16:48:06.125246,Pas barometryczny,1073.87,1073.87,true
session_20260623_163953_final,4831,492774,2026-06-23T16:48:06.253221,Pas barometryczny,1073.86,1073.86,true
