session_id,sample_index,timestamp_ms,datetime_iso,device_name,raw_payload,t0,h0,t1,h1,t2,h2,tAmb,hAmb,parse_ok,nan_count
session_20260623_163953_final,0,59,2026-06-23T16:39:53.538044,Okulary BME280,"30.16,75.76,30.97,85.27,31.87,86.56,29.58,43.84",30.16,75.76,30.97,85.27,31.87,86.56,29.58,43.84,true,0
session_20260623_163953_final,1,192,2026-06-23T16:39:53.671168,Okulary BME280,"30.15,75.74,30.90,85.02,31.79,86.40,29.58,43.80",30.15,75.74,30.90,85.02,31.79,86.40,29.58,43.80,true,0
session_20260623_163953_final,2,280,2026-06-23T16:39:53.759363,Okulary BME280,"30.15,75.72,30.83,84.68,31.70,86.31,29.59,43.77",30.15,75.72,30.83,84.68,31.70,86.31,29.59,43.77,true,0
session_20260623_163953_final,3,377,2026-06-23T16:39:53.856233,Okulary BME280,"30.16,75.72,30.75,84.46,31.63,86.36,29.59,43.75",30.16,75.72,30.75,84.46,31.63,86.36,29.59,43.75,true,0
session_20260623_163953_final,4,506,2026-06-23T16:39:53.985169,Okulary BME280,"30.15,75.70,30.76,84.58,31.61,86.66,29.58,43.74",30.15,75.70,30.76,84.58,31.61,86.66,29.58,43.74,true,0
session_20260623_163953_final,5,597,2026-06-23T16:39:54.076755,Okulary BME280,"30.15,75.69,30.82,84.76,31.65,86.99,29.59,43.73",30.15,75.69,30.82,84.76,31.65,86.99,29.59,43.73,true,0
session_20260623_163953_final,6,732,2026-06-23T16:39:54.210999,Okulary BME280,"30.14,75.70,30.89,84.94,31.78,87.25,29.59,43.72",30.14,75.70,30.89,84.94,31.78,87.25,29.59,43.72,true,0
session_20260623_163953_final,7,821,2026-06-23T16:39:54.300288,Okulary BME280,"30.15,75.69,30.96,85.10,31.93,87.43,29.60,43.71",30.15,75.69,30.96,85.10,31.93,87.43,29.60,43.71,true,0
session_20260623_163953_final,8,961,2026-06-23T16:39:54.440751,Okulary BME280,"30.15,75.72,31.02,85.25,32.17,87.63,29.59,43.71",30.15,75.72,31.02,85.25,32.17,87.63,29.59,43.71,true,0
session_20260623_163953_final,9,1045,2026-06-23T16:39:54.524183,Okulary BME280,"30.14,75.62,31.07,85.38,32.24,87.66,29.60,43.69",30.14,75.62,31.07,85.38,32.24,87.66,29.60,43.69,true,0
session_20260623_163953_final,10,1134,2026-06-23T16:39:54.613728,Okulary BME280,"30.14,75.69,31.11,85.51,32.28,87.63,29.60,43.69",30.14,75.69,31.11,85.51,32.28,87.63,29.60,43.69,true,0
session_20260623_163953_final,11,1269,2026-06-23T16:39:54.748549,Okulary BME280,"30.15,75.69,31.13,85.61,32.30,87.60,29.61,43.73",30.15,75.69,31.13,85.61,32.30,87.60,29.61,43.73,true,0
session_20260623_163953_final,12,1364,2026-06-23T16:39:54.843124,Okulary BME280,"30.15,75.69,31.14,85.75,32.29,87.56,29.61,43.73",30.15,75.69,31.14,85.75,32.29,87.56,29.61,43.73,true,0
session_20260623_163953_final,13,1495,2026-06-23T16:39:54.974598,Okulary BME280,"30.15,75.69,31.14,85.72,32.27,87.48,29.61,43.74",30.15,75.69,31.14,85.72,32.27,87.48,29.61,43.74,true,0
session_20260623_163953_final,14,1587,2026-06-23T16:39:55.066311,Okulary BME280,"30.15,75.69,31.11,85.52,32.24,87.40,29.61,43.75",30.15,75.69,31.11,85.52,32.24,87.40,29.61,43.75,true,0
session_20260623_163953_final,15,1721,2026-06-23T16:39:55.200159,Okulary BME280,"30.15,75.68,31.05,85.28,32.19,87.32,29.61,43.75",30.15,75.68,31.05,85.28,32.19,87.32,29.61,43.75,true,0
session_20260623_163953_final,16,1813,2026-06-23T16:39:55.292100,Okulary BME280,"30.14,75.65,30.97,84.99,32.13,87.18,29.62,43.77",30.14,75.65,30.97,84.99,32.13,87.18,29.62,43.77,true,0
session_20260623_163953_final,17,1901,2026-06-23T16:39:55.379960,Okulary BME280,"30.15,75.72,30.91,84.71,31.97,86.80,29.62,43.78",30.15,75.72,30.91,84.71,31.97,86.80,29.62,43.78,true,0
session_20260623_163953_final,18,2035,2026-06-23T16:39:55.514124,Okulary BME280,"30.14,75.63,30.85,84.41,31.86,86.64,29.62,43.77",30.14,75.63,30.85,84.41,31.86,86.64,29.62,43.77,true,0
session_20260623_163953_final,19,2129,2026-06-23T16:39:55.608097,Okulary BME280,"30.15,75.61,30.80,84.12,31.77,86.51,29.62,43.77",30.15,75.61,30.80,84.12,31.77,86.51,29.62,43.77,true,0
session_20260623_163953_final,20,2271,2026-06-23T16:39:55.750647,Okulary BME280,"30.14,75.58,30.76,83.58,31.69,86.43,29.62,43.82",30.14,75.58,30.76,83.58,31.69,86.43,29.62,43.82,true,0
session_20260623_163953_final,21,2350,2026-06-23T16:39:55.829746,Okulary BME280,"30.14,75.56,30.71,83.33,31.63,86.38,29.62,43.84",30.14,75.56,30.71,83.33,31.63,86.38,29.62,43.84,true,0
session_20260623_163953_final,22,2441,2026-06-23T16:39:55.919963,Okulary BME280,"30.14,75.53,30.70,83.10,31.58,86.34,29.62,43.84",30.14,75.53,30.70,83.10,31.58,86.34,29.62,43.84,true,0
session_20260623_163953_final,23,2576,2026-06-23T16:39:56.054871,Okulary BME280,"30.13,75.49,30.70,83.09,31.55,86.36,29.62,43.85",30.13,75.49,30.70,83.09,31.55,86.36,29.62,43.85,true,0
session_20260623_163953_final,24,2665,2026-06-23T16:39:56.144593,Okulary BME280,"30.14,75.47,30.72,83.22,31.54,86.73,29.63,43.84",30.14,75.47,30.72,83.22,31.54,86.73,29.63,43.84,true,0
session_20260623_163953_final,25,2800,2026-06-23T16:39:56.278891,Okulary BME280,"30.14,75.47,30.77,83.44,31.71,87.39,29.63,43.82",30.14,75.47,30.77,83.44,31.71,87.39,29.63,43.82,true,0
session_20260623_163953_final,26,2890,2026-06-23T16:39:56.369267,Okulary BME280,"30.14,75.44,30.84,83.67,31.86,87.65,29.62,43.82",30.14,75.44,30.84,83.67,31.86,87.65,29.62,43.82,true,0
session_20260623_163953_final,27,3025,2026-06-23T16:39:56.504298,Okulary BME280,"30.14,75.42,30.91,83.93,32.03,87.85,29.63,43.79",30.14,75.42,30.91,83.93,32.03,87.85,29.63,43.79,true,0
session_20260623_163953_final,28,3116,2026-06-23T16:39:56.594872,Okulary BME280,"30.15,75.41,30.97,84.09,32.19,87.98,29.63,43.81",30.15,75.41,30.97,84.09,32.19,87.98,29.63,43.81,true,0
session_20260623_163953_final,29,3208,2026-06-23T16:39:56.687756,Okulary BME280,"30.15,75.41,31.06,84.51,32.32,88.02,29.63,43.80",30.15,75.41,31.06,84.51,32.32,88.02,29.63,43.80,true,0
session_20260623_163953_final,30,3340,2026-06-23T16:39:56.819043,Okulary BME280,"30.15,75.40,31.09,84.68,32.41,88.03,29.63,43.79",30.15,75.40,31.09,84.68,32.41,88.03,29.63,43.79,true,0
session_20260623_163953_final,31,3434,2026-06-23T16:39:56.913637,Okulary BME280,"30.15,75.40,31.12,84.83,32.45,88.02,29.63,43.78",30.15,75.40,31.12,84.83,32.45,88.02,29.63,43.78,true,0
session_20260623_163953_final,32,3573,2026-06-23T16:39:57.051824,Okulary BME280,"30.15,75.40,31.13,84.95,32.46,88.02,29.63,43.78",30.15,75.40,31.13,84.95,32.46,88.02,29.63,43.78,true,0
session_20260623_163953_final,33,3656,2026-06-23T16:39:57.135628,Okulary BME280,"30.15,75.35,31.15,84.95,32.45,87.91,29.63,43.75",30.15,75.35,31.15,84.95,32.45,87.91,29.63,43.75,true,0
session_20260623_163953_final,34,3792,2026-06-23T16:39:57.270854,Okulary BME280,"30.16,75.36,31.12,84.73,32.26,87.27,29.63,43.74",30.16,75.36,31.12,84.73,32.26,87.27,29.63,43.74,true,0
session_20260623_163953_final,35,3890,2026-06-23T16:39:57.369583,Okulary BME280,"30.20,75.64,31.03,84.51,32.06,87.05,29.63,43.72",30.20,75.64,31.03,84.51,32.06,87.05,29.63,43.72,true,0
session_20260623_163953_final,36,3972,2026-06-23T16:39:57.450940,Okulary BME280,"30.24,75.72,30.94,84.35,31.89,86.90,29.63,43.69",30.24,75.72,30.94,84.35,31.89,86.90,29.63,43.69,true,0
session_20260623_163953_final,37,4105,2026-06-23T16:39:57.584579,Okulary BME280,"30.29,75.78,30.87,84.21,31.78,86.79,29.63,43.65",30.29,75.78,30.87,84.21,31.78,86.79,29.63,43.65,true,0
session_20260623_163953_final,38,4196,2026-06-23T16:39:57.675180,Okulary BME280,"30.34,75.81,30.79,83.87,31.69,86.73,29.63,43.63",30.34,75.81,30.79,83.87,31.69,86.73,29.63,43.63,true,0
session_20260623_163953_final,39,4331,2026-06-23T16:39:57.810039,Okulary BME280,"30.38,75.81,30.77,83.77,31.60,86.61,29.63,43.59",30.38,75.81,30.77,83.77,31.60,86.61,29.63,43.59,true,0
session_20260623_163953_final,40,4420,2026-06-23T16:39:57.899462,Okulary BME280,"30.41,75.82,30.76,83.76,31.54,86.67,29.62,43.58",30.41,75.82,30.76,83.76,31.54,86.67,29.62,43.58,true,0
session_20260623_163953_final,41,4555,2026-06-23T16:39:58.034601,Okulary BME280,"30.44,75.79,30.77,83.75,31.50,86.71,29.63,43.57",30.44,75.79,30.77,83.75,31.50,86.71,29.63,43.57,true,0
session_20260623_163953_final,42,4645,2026-06-23T16:39:58.123874,Okulary BME280,"30.44,75.84,30.78,83.74,31.49,86.82,29.63,43.56",30.44,75.84,30.78,83.74,31.49,86.82,29.63,43.56,true,0
session_20260623_163953_final,43,4737,2026-06-23T16:39:58.216085,Okulary BME280,"30.45,75.77,30.80,83.74,31.51,86.85,29.63,43.55",30.45,75.77,30.80,83.74,31.51,86.85,29.63,43.55,true,0
session_20260623_163953_final,44,4881,2026-06-23T16:39:58.360669,Okulary BME280,"30.45,75.68,30.81,83.77,31.53,86.88,29.63,43.55",30.45,75.68,30.81,83.77,31.53,86.88,29.63,43.55,true,0
session_20260623_163953_final,45,4960,2026-06-23T16:39:58.439090,Okulary BME280,"30.45,75.64,30.82,83.78,31.54,86.91,29.63,43.56",30.45,75.64,30.82,83.78,31.54,86.91,29.63,43.56,true,0
session_20260623_163953_final,46,5097,2026-06-23T16:39:58.576132,Okulary BME280,"30.43,75.57,30.83,83.77,31.56,86.92,29.63,43.55",30.43,75.57,30.83,83.77,31.56,86.92,29.63,43.55,true,0
session_20260623_163953_final,47,5198,2026-06-23T16:39:58.677332,Okulary BME280,"30.42,75.51,30.85,83.85,31.57,86.95,29.63,43.55",30.42,75.51,30.85,83.85,31.57,86.95,29.63,43.55,true,0
session_20260623_163953_final,48,5275,2026-06-23T16:39:58.754316,Okulary BME280,"30.40,75.45,30.86,83.84,31.58,86.94,29.64,43.55",30.40,75.45,30.86,83.84,31.58,86.94,29.64,43.55,true,0
session_20260623_163953_final,49,5411,2026-06-23T16:39:58.890194,Okulary BME280,"30.37,75.40,30.86,83.88,31.59,86.97,29.64,43.56",30.37,75.40,30.86,83.88,31.59,86.97,29.64,43.56,true,0
session_20260623_163953_final,50,5501,2026-06-23T16:39:58.980634,Okulary BME280,"30.35,75.36,30.89,84.10,31.60,87.29,29.64,43.57",30.35,75.36,30.89,84.10,31.60,87.29,29.64,43.57,true,0
session_20260623_163953_final,51,5637,2026-06-23T16:39:59.116698,Okulary BME280,"30.33,75.39,30.96,84.35,31.67,87.72,29.64,43.57",30.33,75.39,30.96,84.35,31.67,87.72,29.64,43.57,true,0
session_20260623_163953_final,52,5727,2026-06-23T16:39:59.206283,Okulary BME280,"30.32,75.33,31.08,84.60,32.08,88.30,29.64,43.58",30.32,75.33,31.08,84.60,32.08,88.30,29.64,43.58,true,0
session_20260623_163953_final,53,5859,2026-06-23T16:39:59.338813,Okulary BME280,"30.31,75.32,31.19,84.84,32.30,88.44,29.64,43.59",30.31,75.32,31.19,84.84,32.30,88.44,29.64,43.59,true,0
session_20260623_163953_final,54,5949,2026-06-23T16:39:59.428738,Okulary BME280,"30.31,75.34,31.29,85.10,32.48,88.50,29.65,43.62",30.31,75.34,31.29,85.10,32.48,88.50,29.65,43.62,true,0
session_20260623_163953_final,55,6041,2026-06-23T16:39:59.519920,Okulary BME280,"30.30,75.36,31.38,85.24,32.61,88.54,29.65,43.58",30.30,75.36,31.38,85.24,32.61,88.54,29.65,43.58,true,0
session_20260623_163953_final,56,6175,2026-06-23T16:39:59.654179,Okulary BME280,"30.30,75.37,31.49,85.58,32.69,88.55,29.65,43.61",30.30,75.37,31.49,85.58,32.69,88.55,29.65,43.61,true,0
session_20260623_163953_final,57,6264,2026-06-23T16:39:59.743480,Okulary BME280,"30.29,75.40,31.53,85.70,32.73,88.55,29.65,43.61",30.29,75.40,31.53,85.70,32.73,88.55,29.65,43.61,true,0
session_20260623_163953_final,58,6402,2026-06-23T16:39:59.881497,Okulary BME280,"30.29,75.41,31.55,85.81,32.74,88.54,29.65,43.61",30.29,75.41,31.55,85.81,32.74,88.54,29.65,43.61,true,0
session_20260623_163953_final,59,6491,2026-06-23T16:39:59.970170,Okulary BME280,"30.29,75.37,31.55,85.90,32.73,88.49,29.65,43.62",30.29,75.37,31.55,85.90,32.73,88.49,29.65,43.62,true,0
session_20260623_163953_final,60,6631,2026-06-23T16:40:00.110154,Okulary BME280,"30.28,75.41,31.54,85.93,32.71,88.41,29.65,43.62",30.28,75.41,31.54,85.93,32.71,88.41,29.65,43.62,true,0
session_20260623_163953_final,61,6717,2026-06-23T16:40:00.196171,Okulary BME280,"30.28,75.45,31.52,85.86,32.59,88.19,29.65,43.63",30.28,75.45,31.52,85.86,32.59,88.19,29.65,43.63,true,0
session_20260623_163953_final,62,6808,2026-06-23T16:40:00.287271,Okulary BME280,"30.27,75.45,31.46,85.67,32.51,88.04,29.65,43.67",30.27,75.45,31.46,85.67,32.51,88.04,29.65,43.67,true,0
session_20260623_163953_final,63,6943,2026-06-23T16:40:00.422332,Okulary BME280,"30.27,75.45,31.38,85.41,32.42,87.86,29.66,43.67",30.27,75.45,31.38,85.41,32.42,87.86,29.66,43.67,true,0
session_20260623_163953_final,64,7038,2026-06-23T16:40:00.516840,Okulary BME280,"30.27,75.45,31.29,84.95,32.30,87.66,29.65,43.72",30.27,75.45,31.29,84.95,32.30,87.66,29.65,43.72,true,0
session_20260623_163953_final,65,7165,2026-06-23T16:40:00.644590,Okulary BME280,"30.27,75.44,31.09,84.70,32.18,87.48,29.65,43.82",30.27,75.44,31.09,84.70,32.18,87.48,29.65,43.82,true,0
session_20260623_163953_final,66,7260,2026-06-23T16:40:00.739447,Okulary BME280,"30.26,75.43,31.02,84.47,32.06,87.31,29.66,43.86",30.26,75.43,31.02,84.47,32.06,87.31,29.66,43.86,true,0
session_20260623_163953_final,67,7346,2026-06-23T16:40:00.825735,Okulary BME280,"30.26,75.44,30.96,84.21,31.94,87.15,29.66,43.90",30.26,75.44,30.96,84.21,31.94,87.15,29.66,43.90,true,0
session_20260623_163953_final,68,7481,2026-06-23T16:40:00.960350,Okulary BME280,"30.26,75.34,30.91,83.95,31.84,87.02,29.66,43.94",30.26,75.34,30.91,83.95,31.84,87.02,29.66,43.94,true,0
session_20260623_163953_final,69,7575,2026-06-23T16:40:01.054023,Okulary BME280,"30.26,75.41,30.88,83.76,31.76,86.94,29.66,43.97",30.26,75.41,30.88,83.76,31.76,86.94,29.66,43.97,true,0
session_20260623_163953_final,70,7710,2026-06-23T16:40:01.189239,Okulary BME280,"30.25,75.39,30.86,83.74,31.67,87.17,29.66,43.98",30.25,75.39,30.86,83.74,31.67,87.17,29.66,43.98,true,0
session_20260623_163953_final,71,7797,2026-06-23T16:40:01.275859,Okulary BME280,"30.25,75.39,30.87,83.84,31.67,87.44,29.66,43.99",30.25,75.39,30.87,83.84,31.67,87.44,29.66,43.99,true,0
session_20260623_163953_final,72,7931,2026-06-23T16:40:01.410575,Okulary BME280,"30.25,75.39,30.92,83.99,31.73,87.70,29.66,43.99",30.25,75.39,30.92,83.99,31.73,87.70,29.66,43.99,true,0
session_20260623_163953_final,73,8020,2026-06-23T16:40:01.499705,Okulary BME280,"30.26,75.39,31.07,84.39,31.83,87.93,29.66,44.00",30.26,75.39,31.07,84.39,31.83,87.93,29.66,44.00,true,0
session_20260623_163953_final,74,8125,2026-06-23T16:40:01.604521,Okulary BME280,"30.26,75.40,31.15,84.60,31.94,88.12,29.66,44.01",30.26,75.40,31.15,84.60,31.94,88.12,29.66,44.01,true,0
session_20260623_163953_final,75,8247,2026-06-23T16:40:01.726067,Okulary BME280,"30.26,75.41,31.23,84.79,32.06,88.25,29.66,44.00",30.26,75.41,31.23,84.79,32.06,88.25,29.66,44.00,true,0
session_20260623_163953_final,76,8336,2026-06-23T16:40:01.815214,Okulary BME280,"30.26,75.40,31.29,84.99,32.16,88.34,29.67,44.00",30.26,75.40,31.29,84.99,32.16,88.34,29.67,44.00,true,0
session_20260623_163953_final,77,8470,2026-06-23T16:40:01.949381,Okulary BME280,"30.26,75.49,31.35,85.14,32.25,88.42,29.66,43.99",30.26,75.49,31.35,85.14,32.25,88.42,29.66,43.99,true,0
session_20260623_163953_final,78,8575,2026-06-23T16:40:02.054599,Okulary BME280,"30.26,75.46,31.39,85.31,32.31,88.48,29.67,43.99",30.26,75.46,31.39,85.31,32.31,88.48,29.67,43.99,true,0
session_20260623_163953_final,79,8696,2026-06-23T16:40:02.174902,Okulary BME280,"30.26,75.48,31.42,85.45,32.41,88.52,29.67,43.98",30.26,75.48,31.42,85.45,32.41,88.52,29.67,43.98,true,0
session_20260623_163953_final,80,8786,2026-06-23T16:40:02.265503,Okulary BME280,"30.26,75.50,31.45,85.59,32.43,88.51,29.67,43.98",30.26,75.50,31.45,85.59,32.43,88.51,29.67,43.98,true,0
session_20260623_163953_final,81,8875,2026-06-23T16:40:02.354730,Okulary BME280,"30.26,75.50,31.46,85.70,32.44,88.47,29.67,43.98",30.26,75.50,31.46,85.70,32.44,88.47,29.67,43.98,true,0
session_20260623_163953_final,82,9016,2026-06-23T16:40:02.495332,Okulary BME280,"30.27,75.52,31.46,85.82,32.43,88.37,29.67,43.97",30.27,75.52,31.46,85.82,32.43,88.37,29.67,43.97,true,0
session_20260623_163953_final,83,9102,2026-06-23T16:40:02.581029,Okulary BME280,"30.27,75.53,31.45,85.89,32.41,88.29,29.67,43.92",30.27,75.53,31.45,85.89,32.41,88.29,29.67,43.92,true,0
session_20260623_163953_final,84,9247,2026-06-23T16:40:02.726623,Okulary BME280,"30.26,75.54,31.44,85.94,32.37,88.26,29.67,43.91",30.26,75.54,31.44,85.94,32.37,88.26,29.67,43.91,true,0
session_20260623_163953_final,85,9328,2026-06-23T16:40:02.807460,Okulary BME280,"30.27,75.61,31.42,85.97,32.34,88.22,29.67,43.90",30.27,75.61,31.42,85.97,32.34,88.22,29.67,43.90,true,0
session_20260623_163953_final,86,9460,2026-06-23T16:40:02.939614,Okulary BME280,"30.27,75.62,31.41,85.96,32.32,88.14,29.67,43.88",30.27,75.62,31.41,85.96,32.32,88.14,29.67,43.88,true,0
session_20260623_163953_final,87,9552,2026-06-23T16:40:03.031462,Okulary BME280,"30.27,75.55,31.39,85.82,32.29,88.04,29.67,43.86",30.27,75.55,31.39,85.82,32.29,88.04,29.67,43.86,true,0
session_20260623_163953_final,88,9643,2026-06-23T16:40:03.122500,Okulary BME280,"30.27,75.55,31.33,85.58,32.21,87.90,29.67,43.84",30.27,75.55,31.33,85.58,32.21,87.90,29.67,43.84,true,0
session_20260623_163953_final,89,9776,2026-06-23T16:40:03.255023,Okulary BME280,"30.27,75.54,31.26,85.34,32.14,87.76,29.67,43.82",30.27,75.54,31.26,85.34,32.14,87.76,29.67,43.82,true,0
session_20260623_163953_final,90,9881,2026-06-23T16:40:03.360434,Okulary BME280,"30.27,75.54,31.17,85.01,32.07,87.63,29.67,43.82",30.27,75.54,31.17,85.01,32.07,87.63,29.67,43.82,true,0
session_20260623_163953_final,91,10003,2026-06-23T16:40:03.482115,Okulary BME280,"30.27,75.53,31.03,84.42,31.99,87.53,29.67,43.78",30.27,75.53,31.03,84.42,31.99,87.53,29.67,43.78,true,0
session_20260623_163953_final,92,10091,2026-06-23T16:40:03.570682,Okulary BME280,"30.27,75.53,30.97,84.15,31.92,87.45,29.68,43.72",30.27,75.53,30.97,84.15,31.92,87.45,29.68,43.72,true,0
session_20260623_163953_final,93,10180,2026-06-23T16:40:03.659807,Okulary BME280,"30.27,75.53,30.93,83.90,31.85,87.39,29.67,43.70",30.27,75.53,30.93,83.90,31.85,87.39,29.67,43.70,true,0
session_20260623_163953_final,94,10325,2026-06-23T16:40:03.804625,Okulary BME280,"30.27,75.45,30.92,83.71,31.81,87.36,29.67,43.68",30.27,75.45,30.92,83.71,31.81,87.36,29.67,43.68,true,0
session_20260623_163953_final,95,10410,2026-06-23T16:40:03.889082,Okulary BME280,"30.27,75.48,30.91,83.73,31.78,87.39,29.67,43.67",30.27,75.48,30.91,83.73,31.78,87.39,29.67,43.67,true,0
session_20260623_163953_final,96,10541,2026-06-23T16:40:04.020525,Okulary BME280,"30.27,75.48,30.94,83.89,31.80,87.93,29.67,43.64",30.27,75.48,30.94,83.89,31.80,87.93,29.67,43.64,true,0
session_20260623_163953_final,97,10631,2026-06-23T16:40:04.110464,Okulary BME280,"30.28,75.47,31.01,84.08,31.88,88.15,29.67,43.62",30.28,75.47,31.01,84.08,31.88,88.15,29.67,43.62,true,0
session_20260623_163953_final,98,10767,2026-06-23T16:40:04.246140,Okulary BME280,"30.27,75.48,31.10,84.33,31.99,88.33,29.67,43.61",30.27,75.48,31.10,84.33,31.99,88.33,29.67,43.61,true,0
session_20260623_163953_final,99,10856,2026-06-23T16:40:04.334879,Okulary BME280,"30.28,75.49,31.18,84.54,32.10,88.46,29.68,43.58",30.28,75.49,31.18,84.54,32.10,88.46,29.68,43.58,true,0
session_20260623_163953_final,100,10949,2026-06-23T16:40:04.427887,Okulary BME280,"30.28,75.50,31.33,84.92,32.19,88.57,29.67,43.58",30.28,75.50,31.33,84.92,32.19,88.57,29.67,43.58,true,0
session_20260623_163953_final,101,11084,2026-06-23T16:40:04.563731,Okulary BME280,"30.28,75.53,31.38,85.09,32.27,88.63,29.67,43.60",30.28,75.53,31.38,85.09,32.27,88.63,29.67,43.60,true,0
session_20260623_163953_final,102,11172,2026-06-23T16:40:04.651380,Okulary BME280,"30.28,75.54,31.41,85.24,32.32,88.66,29.67,43.60",30.28,75.54,31.41,85.24,32.32,88.66,29.67,43.60,true,0
session_20260623_163953_final,103,11320,2026-06-23T16:40:04.798922,Okulary BME280,"30.28,75.61,31.44,85.37,32.36,88.60,29.67,43.58",30.28,75.61,31.44,85.37,32.36,88.60,29.67,43.58,true,0
session_20260623_163953_final,104,11396,2026-06-23T16:40:04.874835,Okulary BME280,"30.28,75.55,31.45,85.48,32.37,88.58,29.68,43.60",30.28,75.55,31.45,85.48,32.37,88.58,29.68,43.60,true,0
session_20260623_163953_final,105,11532,2026-06-23T16:40:05.010921,Okulary BME280,"30.28,75.55,31.46,85.57,32.35,88.51,29.68,43.60",30.28,75.55,31.46,85.57,32.35,88.51,29.68,43.60,true,0
session_20260623_163953_final,106,11626,2026-06-23T16:40:05.105499,Okulary BME280,"30.28,75.56,31.45,85.64,32.33,88.47,29.68,43.60",30.28,75.56,31.45,85.64,32.33,88.47,29.68,43.60,true,0
session_20260623_163953_final,107,11714,2026-06-23T16:40:05.193029,Okulary BME280,"30.28,75.55,31.44,85.75,32.31,88.44,29.68,43.61",30.28,75.55,31.44,85.75,32.31,88.44,29.68,43.61,true,0
session_20260623_163953_final,108,11847,2026-06-23T16:40:05.326275,Okulary BME280,"30.29,75.58,31.43,85.78,32.29,88.39,29.68,43.60",30.29,75.58,31.43,85.78,32.29,88.39,29.68,43.60,true,0
session_20260623_163953_final,109,11936,2026-06-23T16:40:05.415061,Okulary BME280,"30.28,75.58,31.41,85.74,32.26,88.37,29.68,43.62",30.28,75.58,31.41,85.74,32.26,88.37,29.68,43.62,true,0
session_20260623_163953_final,110,12073,2026-06-23T16:40:05.552344,Okulary BME280,"30.29,75.58,31.37,85.52,32.24,88.33,29.68,43.61",30.29,75.58,31.37,85.52,32.24,88.33,29.68,43.61,true,0
session_20260623_163953_final,111,12160,2026-06-23T16:40:05.639594,Okulary BME280,"30.29,75.55,31.31,85.28,32.20,88.24,29.68,43.61",30.29,75.55,31.31,85.28,32.20,88.24,29.68,43.61,true,0
session_20260623_163953_final,112,12253,2026-06-23T16:40:05.731972,Okulary BME280,"30.29,75.52,31.24,84.99,32.14,88.12,29.68,43.61",30.29,75.52,31.24,84.99,32.14,88.12,29.68,43.61,true,0
session_20260623_163953_final,113,12385,2026-06-23T16:40:05.864682,Okulary BME280,"30.29,75.49,31.17,84.73,32.06,87.97,29.68,43.60",30.29,75.49,31.17,84.73,32.06,87.97,29.68,43.60,true,0
session_20260623_163953_final,114,12477,2026-06-23T16:40:05.956184,Okulary BME280,"30.28,75.46,31.10,84.45,31.90,87.74,29.69,43.60",30.28,75.46,31.10,84.45,31.90,87.74,29.69,43.60,true,0
session_20260623_163953_final,115,12616,2026-06-23T16:40:06.095705,Okulary BME280,"30.28,75.42,31.06,84.19,31.84,87.68,29.68,43.60",30.28,75.42,31.06,84.19,31.84,87.68,29.68,43.60,true,0
session_20260623_163953_final,116,12700,2026-06-23T16:40:06.178872,Okulary BME280,"30.28,75.38,31.02,83.89,31.79,87.66,29.69,43.59",30.28,75.38,31.02,83.89,31.79,87.66,29.69,43.59,true,0
session_20260623_163953_final,117,12837,2026-06-23T16:40:06.316170,Okulary BME280,"30.28,75.34,31.00,83.69,31.75,87.64,29.69,43.56",30.28,75.34,31.00,83.69,31.75,87.64,29.69,43.56,true,0
session_20260623_163953_final,118,12927,2026-06-23T16:40:06.406674,Okulary BME280,"30.28,75.32,31.00,83.76,31.73,87.85,29.69,43.58",30.28,75.32,31.00,83.76,31.73,87.85,29.69,43.58,true,0
session_20260623_163953_final,119,13017,2026-06-23T16:40:06.495941,Okulary BME280,"30.28,75.33,31.05,83.94,31.74,88.15,29.69,43.60",30.28,75.33,31.05,83.94,31.74,88.15,29.69,43.60,true,0
session_20260623_163953_final,120,13152,2026-06-23T16:40:06.631458,Okulary BME280,"30.28,75.28,31.13,84.15,31.80,88.39,29.69,43.60",30.28,75.28,31.13,84.15,31.80,88.39,29.69,43.60,true,0
session_20260623_163953_final,121,13240,2026-06-23T16:40:06.719792,Okulary BME280,"30.28,75.25,31.20,84.36,31.89,88.61,29.69,43.60",30.28,75.25,31.20,84.36,31.89,88.61,29.69,43.60,true,0
session_20260623_163953_final,122,13375,2026-06-23T16:40:06.854310,Okulary BME280,"30.28,75.25,31.28,84.58,31.99,88.80,29.69,43.61",30.28,75.25,31.28,84.58,31.99,88.80,29.69,43.61,true,0
session_20260623_163953_final,123,13471,2026-06-23T16:40:06.950716,Okulary BME280,"30.28,75.26,31.34,84.78,32.19,89.02,29.70,43.61",30.28,75.26,31.34,84.78,32.19,89.02,29.70,43.61,true,0
session_20260623_163953_final,124,13601,2026-06-23T16:40:07.080042,Okulary BME280,"30.29,75.26,31.40,84.96,32.27,89.09,29.70,43.61",30.29,75.26,31.40,84.96,32.27,89.09,29.70,43.61,true,0
session_20260623_163953_final,125,13689,2026-06-23T16:40:07.168738,Okulary BME280,"30.29,75.26,31.44,85.15,32.32,89.15,29.70,43.61",30.29,75.26,31.44,85.15,32.32,89.15,29.70,43.61,true,0
session_20260623_163953_final,126,13790,2026-06-23T16:40:07.269070,Okulary BME280,"30.29,75.27,31.50,85.42,32.36,89.15,29.70,43.62",30.29,75.27,31.50,85.42,32.36,89.15,29.70,43.62,true,0
session_20260623_163953_final,127,13923,2026-06-23T16:40:07.402336,Okulary BME280,"30.29,75.26,31.51,85.51,32.39,89.10,29.70,43.58",30.29,75.26,31.51,85.51,32.39,89.10,29.70,43.58,true,0
session_20260623_163953_final,128,14004,2026-06-23T16:40:07.483409,Okulary BME280,"30.29,75.37,31.52,85.61,32.40,89.07,29.70,43.56",30.29,75.37,31.52,85.61,32.40,89.07,29.70,43.56,true,0
session_20260623_163953_final,129,14143,2026-06-23T16:40:07.622131,Okulary BME280,"30.30,75.26,31.51,85.70,32.39,89.03,29.70,43.55",30.30,75.26,31.51,85.70,32.39,89.03,29.70,43.55,true,0
session_20260623_163953_final,130,14231,2026-06-23T16:40:07.709832,Okulary BME280,"30.30,75.26,31.51,85.78,32.36,88.95,29.70,43.54",30.30,75.26,31.51,85.78,32.36,88.95,29.70,43.54,true,0
session_20260623_163953_final,131,14369,2026-06-23T16:40:07.848579,Okulary BME280,"30.30,75.26,31.50,85.79,32.34,88.96,29.70,43.53",30.30,75.26,31.50,85.79,32.34,88.96,29.70,43.53,true,0
session_20260623_163953_final,132,14460,2026-06-23T16:40:07.939219,Okulary BME280,"30.30,75.24,31.47,85.61,32.28,88.77,29.70,43.52",30.30,75.24,31.47,85.61,32.28,88.77,29.70,43.52,true,0
session_20260623_163953_final,133,14553,2026-06-23T16:40:08.031823,Okulary BME280,"30.29,75.22,31.41,85.35,32.22,88.58,29.70,43.51",30.29,75.22,31.41,85.35,32.22,88.58,29.70,43.51,true,0
session_20260623_163953_final,134,14692,2026-06-23T16:40:08.171713,Okulary BME280,"30.29,75.19,31.34,85.09,32.13,88.42,29.70,43.48",30.29,75.19,31.34,85.09,32.13,88.42,29.70,43.48,true,0
session_20260623_163953_final,135,14778,2026-06-23T16:40:08.256955,Okulary BME280,"30.30,75.16,31.18,84.50,32.03,88.28,29.70,43.46",30.30,75.16,31.18,84.50,32.03,88.28,29.70,43.46,true,0
session_20260623_163953_final,136,14918,2026-06-23T16:40:08.397168,Okulary BME280,"30.29,75.09,31.13,84.27,31.94,88.15,29.70,43.45",30.29,75.09,31.13,84.27,31.94,88.15,29.70,43.45,true,0
session_20260623_163953_final,137,14994,2026-06-23T16:40:08.473801,Okulary BME280,"30.29,75.08,31.10,84.25,31.88,88.12,29.70,43.45",30.29,75.08,31.10,84.25,31.88,88.12,29.70,43.45,true,0
session_20260623_163953_final,138,15094,2026-06-23T16:40:08.573735,Okulary BME280,"30.29,75.03,31.10,84.35,31.84,88.33,29.71,43.44",30.29,75.03,31.10,84.35,31.84,88.33,29.71,43.44,true,0
session_20260623_163953_final,139,15233,2026-06-23T16:40:08.712270,Okulary BME280,"30.29,75.01,31.15,84.51,31.84,88.62,29.70,43.42",30.29,75.01,31.15,84.51,31.84,88.62,29.70,43.42,true,0
session_20260623_163953_final,140,15309,2026-06-23T16:40:08.788691,Okulary BME280,"30.30,75.00,31.21,84.70,31.90,88.82,29.71,43.41",30.30,75.00,31.21,84.70,31.90,88.82,29.71,43.41,true,0
session_20260623_163953_final,141,15445,2026-06-23T16:40:08.924522,Okulary BME280,"30.30,75.00,31.28,84.88,32.09,89.12,29.71,43.41",30.30,75.00,31.28,84.88,32.09,89.12,29.71,43.41,true,0
session_20260623_163953_final,142,15554,2026-06-23T16:40:09.033027,Okulary BME280,"30.30,74.99,31.34,85.06,32.17,89.18,29.71,43.41",30.30,74.99,31.34,85.06,32.17,89.18,29.71,43.41,true,0
session_20260623_163953_final,143,15669,2026-06-23T16:40:09.148554,Okulary BME280,"30.30,75.00,31.39,85.23,32.22,89.18,29.71,43.39",30.30,75.00,31.39,85.23,32.22,89.18,29.71,43.39,true,0
session_20260623_163953_final,144,15763,2026-06-23T16:40:09.241954,Okulary BME280,"30.31,74.99,31.44,85.43,32.26,89.17,29.71,43.38",30.31,74.99,31.44,85.43,32.26,89.17,29.71,43.38,true,0
session_20260623_163953_final,145,15863,2026-06-23T16:40:09.341848,Okulary BME280,"30.31,74.99,31.45,85.53,32.27,89.13,29.71,43.34",30.31,74.99,31.45,85.53,32.27,89.13,29.71,43.34,true,0
session_20260623_163953_final,146,15986,2026-06-23T16:40:09.465569,Okulary BME280,"30.30,75.08,31.45,85.61,32.27,89.09,29.71,43.33",30.30,75.08,31.45,85.61,32.27,89.09,29.71,43.33,true,0
session_20260623_163953_final,147,16074,2026-06-23T16:40:09.553484,Okulary BME280,"30.31,74.96,31.45,85.64,32.26,89.07,29.71,43.31",30.31,74.96,31.45,85.64,32.26,89.07,29.71,43.31,true,0
session_20260623_163953_final,148,16215,2026-06-23T16:40:09.694388,Okulary BME280,"30.31,74.96,31.44,85.55,32.24,89.05,29.71,43.30",30.31,74.96,31.44,85.55,32.24,89.05,29.71,43.30,true,0
session_20260623_163953_final,149,16302,2026-06-23T16:40:09.781697,Okulary BME280,"30.31,74.94,31.40,85.35,32.22,88.87,29.71,43.29",30.31,74.94,31.40,85.35,32.22,88.87,29.71,43.29,true,0
session_20260623_163953_final,150,16440,2026-06-23T16:40:09.919677,Okulary BME280,"30.31,74.93,31.35,85.12,32.15,88.80,29.71,43.28",30.31,74.93,31.35,85.12,32.15,88.80,29.71,43.28,true,0
session_20260623_163953_final,151,16526,2026-06-23T16:40:10.005300,Okulary BME280,"30.31,74.92,31.29,84.86,32.10,88.67,29.71,43.28",30.31,74.92,31.29,84.86,32.10,88.67,29.71,43.28,true,0
session_20260623_163953_final,152,16614,2026-06-23T16:40:10.093723,Okulary BME280,"30.31,74.90,31.23,84.82,32.06,88.75,29.72,43.29",30.31,74.90,31.23,84.82,32.06,88.75,29.72,43.29,true,0
session_20260623_163953_final,153,16760,2026-06-23T16:40:10.238982,Okulary BME280,"30.31,74.93,31.23,84.98,32.04,88.88,29.71,43.29",30.31,74.93,31.23,84.98,32.04,88.88,29.71,43.29,true,0
session_20260623_163953_final,154,16850,2026-06-23T16:40:10.329121,Okulary BME280,"30.31,74.92,31.27,85.09,32.05,89.03,29.72,43.32",30.31,74.92,31.27,85.09,32.05,89.03,29.72,43.32,true,0
session_20260623_163953_final,155,16974,2026-06-23T16:40:10.453530,Okulary BME280,"30.32,74.87,31.31,85.23,32.07,89.15,29.72,43.35",30.32,74.87,31.31,85.23,32.07,89.15,29.72,43.35,true,0
session_20260623_163953_final,156,17065,2026-06-23T16:40:10.544769,Okulary BME280,"30.32,74.87,31.35,85.35,32.11,89.23,29.72,43.36",30.32,74.87,31.35,85.35,32.11,89.23,29.72,43.36,true,0
session_20260623_163953_final,157,17169,2026-06-23T16:40:10.647999,Okulary BME280,"30.32,74.87,31.39,85.47,32.16,89.29,29.72,43.37",30.32,74.87,31.39,85.47,32.16,89.29,29.72,43.37,true,0
session_20260623_163953_final,158,17291,2026-06-23T16:40:10.770204,Okulary BME280,"30.32,74.87,31.42,85.57,32.22,89.27,29.72,43.38",30.32,74.87,31.42,85.57,32.22,89.27,29.72,43.38,true,0
session_20260623_163953_final,159,17379,2026-06-23T16:40:10.858602,Okulary BME280,"30.32,74.86,31.43,85.52,32.23,89.20,29.73,43.39",30.32,74.86,31.43,85.52,32.23,89.20,29.73,43.39,true,0
session_20260623_163953_final,160,17515,2026-06-23T16:40:10.993865,Okulary BME280,"30.32,74.85,31.41,85.40,32.21,89.09,29.73,43.40",30.32,74.85,31.41,85.40,32.21,89.09,29.73,43.40,true,0
session_20260623_163953_final,161,17609,2026-06-23T16:40:11.087990,Okulary BME280,"30.32,74.85,31.38,85.16,32.17,88.94,29.73,43.42",30.32,74.85,31.38,85.16,32.17,88.94,29.73,43.42,true,0
session_20260623_163953_final,162,17759,2026-06-23T16:40:11.237879,Okulary BME280,"30.32,74.82,31.27,84.55,32.10,88.77,29.73,43.43",30.32,74.82,31.27,84.55,32.10,88.77,29.73,43.43,true,0
session_20260623_163953_final,163,17832,2026-06-23T16:40:11.310977,Okulary BME280,"30.32,74.80,31.22,84.27,32.03,88.62,29.73,43.46",30.32,74.80,31.22,84.27,32.03,88.62,29.73,43.46,true,0
session_20260623_163953_final,164,17921,2026-06-23T16:40:11.400229,Okulary BME280,"30.32,74.79,31.18,84.06,31.96,88.53,29.73,43.53",30.32,74.79,31.18,84.06,31.96,88.53,29.73,43.53,true,0
session_20260623_163953_final,165,18066,2026-06-23T16:40:11.545754,Okulary BME280,"30.32,74.78,31.16,84.07,31.91,88.58,29.74,43.58",30.32,74.78,31.16,84.07,31.91,88.58,29.74,43.58,true,0
session_20260623_163953_final,166,18159,2026-06-23T16:40:11.637850,Okulary BME280,"30.32,74.78,31.18,84.21,31.88,88.81,29.74,43.62",30.32,74.78,31.18,84.21,31.88,88.81,29.74,43.62,true,0
session_20260623_163953_final,167,18288,2026-06-23T16:40:11.767146,Okulary BME280,"30.32,74.76,31.23,84.40,31.99,89.30,29.74,43.66",30.32,74.76,31.23,84.40,31.99,89.30,29.74,43.66,true,0
session_20260623_163953_final,168,18370,2026-06-23T16:40:11.849310,Okulary BME280,"30.33,74.76,31.31,84.60,32.09,89.44,29.74,43.67",30.33,74.76,31.31,84.60,32.09,89.44,29.74,43.67,true,0
session_20260623_163953_final,169,18506,2026-06-23T16:40:11.984827,Okulary BME280,"30.33,74.78,31.38,84.82,32.19,89.53,29.74,43.68",30.33,74.78,31.38,84.82,32.19,89.53,29.74,43.68,true,0
session_20260623_163953_final,170,18594,2026-06-23T16:40:12.073625,Okulary BME280,"30.33,74.79,31.43,84.97,32.26,89.60,29.74,43.67",30.33,74.79,31.43,84.97,32.26,89.60,29.74,43.67,true,0
session_20260623_163953_final,171,18684,2026-06-23T16:40:12.163624,Okulary BME280,"30.34,74.70,31.51,85.28,32.30,89.64,29.73,43.70",30.34,74.70,31.51,85.28,32.30,89.64,29.73,43.70,true,0
session_20260623_163953_final,172,18819,2026-06-23T16:40:12.298625,Okulary BME280,"30.33,74.81,31.53,85.40,32.33,89.62,29.74,43.67",30.33,74.81,31.53,85.40,32.33,89.62,29.74,43.67,true,0
session_20260623_163953_final,173,18915,2026-06-23T16:40:12.394392,Okulary BME280,"30.34,74.81,31.54,85.51,32.35,89.57,29.73,43.64",30.34,74.81,31.54,85.51,32.35,89.57,29.73,43.64,true,0
session_20260623_163953_final,174,19047,2026-06-23T16:40:12.526079,Okulary BME280,"30.34,74.81,31.54,85.59,32.35,89.53,29.73,43.63",30.34,74.81,31.54,85.59,32.35,89.53,29.73,43.63,true,0
session_20260623_163953_final,175,19135,2026-06-23T16:40:12.614178,Okulary BME280,"30.34,74.81,31.53,85.67,32.34,89.47,29.74,43.65",30.34,74.81,31.53,85.67,32.34,89.47,29.74,43.65,true,0
session_20260623_163953_final,176,19229,2026-06-23T16:40:12.707940,Okulary BME280,"30.34,74.81,31.53,85.73,32.31,89.36,29.74,43.71",30.34,74.81,31.53,85.73,32.31,89.36,29.74,43.71,true,0
session_20260623_163953_final,177,19365,2026-06-23T16:40:12.844414,Okulary BME280,"30.34,74.81,31.52,85.67,32.28,89.32,29.74,43.79",30.34,74.81,31.52,85.67,32.28,89.32,29.74,43.79,true,0
session_20260623_163953_final,178,19451,2026-06-23T16:40:12.930716,Okulary BME280,"30.34,74.80,31.48,85.59,32.26,89.25,29.74,43.92",30.34,74.80,31.48,85.59,32.26,89.25,29.74,43.92,true,0
session_20260623_163953_final,179,19586,2026-06-23T16:40:13.065563,Okulary BME280,"30.34,74.80,31.42,85.46,32.23,89.12,29.74,44.07",30.34,74.80,31.42,85.46,32.23,89.12,29.74,44.07,true,0
session_20260623_163953_final,180,19677,2026-06-23T16:40:13.156252,Okulary BME280,"30.34,74.74,31.35,85.46,32.19,89.10,29.75,44.20",30.34,74.74,31.35,85.46,32.19,89.10,29.75,44.20,true,0
session_20260623_163953_final,181,19809,2026-06-23T16:40:13.288782,Okulary BME280,"30.33,74.76,31.35,85.52,32.16,89.15,29.75,44.34",30.33,74.76,31.35,85.52,32.16,89.15,29.75,44.34,true,0
session_20260623_163953_final,182,19901,2026-06-23T16:40:13.380226,Okulary BME280,"30.34,74.74,31.36,85.60,32.15,89.19,29.75,44.52",30.34,74.74,31.36,85.60,32.15,89.19,29.75,44.52,true,0
session_20260623_163953_final,183,19990,2026-06-23T16:40:13.469089,Okulary BME280,"30.34,74.74,31.38,85.68,32.15,89.26,29.76,44.59",30.34,74.74,31.38,85.68,32.15,89.26,29.76,44.59,true,0
session_20260623_163953_final,184,20126,2026-06-23T16:40:13.604957,Okulary BME280,"30.34,74.71,31.40,85.74,32.15,89.21,29.76,44.65",30.34,74.71,31.40,85.74,32.15,89.21,29.76,44.65,true,0
session_20260623_163953_final,185,20232,2026-06-23T16:40:13.711016,Okulary BME280,"30.34,74.70,31.41,85.80,32.15,89.24,29.76,44.69",30.34,74.70,31.41,85.80,32.15,89.24,29.76,44.69,true,0
session_20260623_163953_final,186,20363,2026-06-23T16:40:13.841952,Okulary BME280,"30.34,74.69,31.42,85.85,32.15,89.25,29.76,44.70",30.34,74.69,31.42,85.85,32.15,89.25,29.76,44.70,true,0
session_20260623_163953_final,187,20440,2026-06-23T16:40:13.919552,Okulary BME280,"30.34,74.68,31.43,85.95,32.15,89.25,29.76,44.71",30.34,74.68,31.43,85.95,32.15,89.25,29.76,44.71,true,0
session_20260623_163953_final,188,20576,2026-06-23T16:40:14.055646,Okulary BME280,"30.34,74.66,31.44,86.02,32.15,89.25,29.76,44.72",30.34,74.66,31.44,86.02,32.15,89.25,29.76,44.72,true,0
session_20260623_163953_final,189,20685,2026-06-23T16:40:14.164217,Okulary BME280,"30.35,74.73,31.45,86.06,32.15,89.25,29.76,44.71",30.35,74.73,31.45,86.06,32.15,89.25,29.76,44.71,true,0
session_20260623_163953_final,190,20755,2026-06-23T16:40:14.233844,Okulary BME280,"30.35,74.66,31.45,86.12,32.15,89.27,29.76,44.74",30.35,74.66,31.45,86.12,32.15,89.27,29.76,44.74,true,0
session_20260623_163953_final,191,20890,2026-06-23T16:40:14.369464,Okulary BME280,"30.35,74.64,31.45,86.15,32.15,89.23,29.77,44.73",30.35,74.64,31.45,86.15,32.15,89.23,29.77,44.73,true,0
session_20260623_163953_final,192,20981,2026-06-23T16:40:14.460443,Okulary BME280,"30.35,74.63,31.46,86.19,32.15,89.21,29.77,44.73",30.35,74.63,31.46,86.19,32.15,89.21,29.77,44.73,true,0
session_20260623_163953_final,193,21120,2026-06-23T16:40:14.599050,Okulary BME280,"30.35,74.62,31.45,86.20,32.14,89.17,29.77,44.75",30.35,74.62,31.45,86.20,32.14,89.17,29.77,44.75,true,0
session_20260623_163953_final,194,21206,2026-06-23T16:40:14.685813,Okulary BME280,"30.35,74.61,31.44,86.07,32.11,89.10,29.77,44.76",30.35,74.61,31.44,86.07,32.11,89.10,29.77,44.76,true,0
session_20260623_163953_final,195,21350,2026-06-23T16:40:14.829788,Okulary BME280,"30.35,74.60,31.41,85.80,32.09,88.95,29.77,44.78",30.35,74.60,31.41,85.80,32.09,88.95,29.77,44.78,true,0
session_20260623_163953_final,196,21431,2026-06-23T16:40:14.910650,Okulary BME280,"30.35,74.61,31.37,85.59,32.03,88.74,29.78,44.81",30.35,74.61,31.37,85.59,32.03,88.74,29.78,44.81,true,0
session_20260623_163953_final,197,21521,2026-06-23T16:40:15.000754,Okulary BME280,"30.35,74.57,31.28,84.94,31.96,88.57,29.78,44.85",30.35,74.57,31.28,84.94,31.96,88.57,29.78,44.85,true,0
session_20260623_163953_final,198,21656,2026-06-23T16:40:15.134977,Okulary BME280,"30.35,74.52,31.23,84.63,31.88,88.45,29.78,44.91",30.35,74.52,31.23,84.63,31.88,88.45,29.78,44.91,true,0
session_20260623_163953_final,199,21746,2026-06-23T16:40:15.225156,Okulary BME280,"30.35,74.51,31.20,84.41,31.82,88.40,29.78,44.94",30.35,74.51,31.20,84.41,31.82,88.40,29.78,44.94,true,0
session_20260623_163953_final,200,21880,2026-06-23T16:40:15.359775,Okulary BME280,"30.35,74.50,31.18,84.40,31.78,88.54,29.78,44.93",30.35,74.50,31.18,84.40,31.78,88.54,29.78,44.93,true,0
session_20260623_163953_final,201,21985,2026-06-23T16:40:15.463959,Okulary BME280,"30.36,74.47,31.20,84.51,31.77,88.91,29.78,44.93",30.36,74.47,31.20,84.51,31.77,88.91,29.78,44.93,true,0
session_20260623_163953_final,202,22060,2026-06-23T16:40:15.539726,Okulary BME280,"30.35,74.47,31.25,84.68,31.82,89.20,29.78,44.92",30.35,74.47,31.25,84.68,31.82,89.20,29.78,44.92,true,0
session_20260623_163953_final,203,22195,2026-06-23T16:40:15.674103,Okulary BME280,"30.35,74.47,31.29,84.86,32.05,89.64,29.78,44.92",30.35,74.47,31.29,84.86,32.05,89.64,29.78,44.92,true,0
session_20260623_163953_final,204,22287,2026-06-23T16:40:15.766302,Okulary BME280,"30.36,74.47,31.35,85.06,32.18,89.77,29.78,44.91",30.36,74.47,31.35,85.06,32.18,89.77,29.78,44.91,true,0
session_20260623_163953_final,205,22429,2026-06-23T16:40:15.908252,Okulary BME280,"30.36,74.47,31.39,85.21,32.28,89.84,29.78,44.91",30.36,74.47,31.39,85.21,32.28,89.84,29.78,44.91,true,0
session_20260623_163953_final,206,22510,2026-06-23T16:40:15.989360,Okulary BME280,"30.37,74.43,31.46,85.46,32.36,89.89,29.79,44.89",30.37,74.43,31.46,85.46,32.36,89.89,29.79,44.89,true,0
session_20260623_163953_final,207,22647,2026-06-23T16:40:16.126089,Okulary BME280,"30.36,74.50,31.49,85.57,32.41,89.88,29.79,44.83",30.36,74.50,31.49,85.57,32.41,89.88,29.79,44.83,true,0
session_20260623_163953_final,208,22736,2026-06-23T16:40:16.215263,Okulary BME280,"30.37,74.51,31.51,85.69,32.44,89.86,29.79,44.84",30.37,74.51,31.51,85.69,32.44,89.86,29.79,44.84,true,0
session_20260623_163953_final,209,22827,2026-06-23T16:40:16.306226,Okulary BME280,"30.37,74.52,31.51,85.78,32.45,89.82,29.79,44.77",30.37,74.52,31.51,85.78,32.45,89.82,29.79,44.77,true,0
session_20260623_163953_final,210,22961,2026-06-23T16:40:16.440603,Okulary BME280,"30.37,74.53,31.52,85.86,32.44,89.76,29.79,44.75",30.37,74.53,31.52,85.86,32.44,89.76,29.79,44.75,true,0
session_20260623_163953_final,211,23050,2026-06-23T16:40:16.529622,Okulary BME280,"30.38,74.54,31.52,85.87,32.42,89.63,29.79,44.71",30.38,74.54,31.52,85.87,32.42,89.63,29.79,44.71,true,0
session_20260623_163953_final,212,23186,2026-06-23T16:40:16.665434,Okulary BME280,"30.38,74.55,31.50,85.75,32.36,89.55,29.79,44.68",30.38,74.55,31.50,85.75,32.36,89.55,29.79,44.68,true,0
session_20260623_163953_final,213,23279,2026-06-23T16:40:16.757884,Okulary BME280,"30.38,74.58,31.45,85.50,32.31,89.39,29.79,44.63",30.38,74.58,31.45,85.50,32.31,89.39,29.79,44.63,true,0
session_20260623_163953_final,214,23410,2026-06-23T16:40:16.889376,Okulary BME280,"30.38,74.58,31.39,85.14,32.23,89.15,29.79,44.60",30.38,74.58,31.39,85.14,32.23,89.15,29.79,44.60,true,0
session_20260623_163953_final,215,23499,2026-06-23T16:40:16.978679,Okulary BME280,"30.39,74.59,31.26,84.55,32.13,88.91,29.79,44.55",30.39,74.59,31.26,84.55,32.13,88.91,29.79,44.55,true,0
session_20260623_163953_final,216,23590,2026-06-23T16:40:17.069735,Okulary BME280,"30.39,74.59,31.21,84.24,32.04,88.72,29.79,44.49",30.39,74.59,31.21,84.24,32.04,88.72,29.79,44.49,true,0
session_20260623_163953_final,217,23725,2026-06-23T16:40:17.204441,Okulary BME280,"30.39,74.59,31.17,83.94,31.94,88.62,29.79,44.49",30.39,74.59,31.17,83.94,31.94,88.62,29.79,44.49,true,0
session_20260623_163953_final,218,23815,2026-06-23T16:40:17.293919,Okulary BME280,"30.39,74.60,31.14,83.66,31.87,88.53,29.79,44.38",30.39,74.60,31.14,83.66,31.87,88.53,29.79,44.38,true,0
session_20260623_163953_final,219,23953,2026-06-23T16:40:17.432203,Okulary BME280,"30.39,74.60,31.12,83.47,31.83,88.48,29.79,44.34",30.39,74.60,31.12,83.47,31.83,88.48,29.79,44.34,true,0
session_20260623_163953_final,220,24043,2026-06-23T16:40:17.522599,Okulary BME280,"30.39,74.62,31.12,83.48,31.80,89.00,29.79,44.31",30.39,74.62,31.12,83.48,31.80,89.00,29.79,44.31,true,0
session_20260623_163953_final,221,24130,2026-06-23T16:40:17.609207,Okulary BME280,"30.40,74.62,31.15,83.62,31.86,89.36,29.79,44.27",30.40,74.62,31.15,83.62,31.86,89.36,29.79,44.27,true,0
session_20260623_163953_final,222,24265,2026-06-23T16:40:17.744730,Okulary BME280,"30.40,74.70,31.19,83.80,31.98,89.62,29.79,44.24",30.40,74.70,31.19,83.80,31.98,89.62,29.79,44.24,true,0
session_20260623_163953_final,223,24355,2026-06-23T16:40:17.834792,Okulary BME280,"30.39,74.64,31.26,84.00,32.12,89.81,29.79,44.20",30.39,74.64,31.26,84.00,32.12,89.81,29.79,44.20,true,0
session_20260623_163953_final,224,24497,2026-06-23T16:40:17.976172,Okulary BME280,"30.40,74.68,31.38,84.48,32.25,89.94,29.79,44.16",30.40,74.68,31.38,84.48,32.25,89.94,29.79,44.16,true,0
session_20260623_163953_final,225,24586,2026-06-23T16:40:18.065812,Okulary BME280,"30.40,74.69,31.43,84.69,32.35,90.01,29.80,44.12",30.40,74.69,31.43,84.69,32.35,90.01,29.80,44.12,true,0
session_20260623_163953_final,226,24715,2026-06-23T16:40:18.194456,Okulary BME280,"30.40,74.71,31.49,84.87,32.44,90.05,29.79,44.09",30.40,74.71,31.49,84.87,32.44,90.05,29.79,44.09,true,0
session_20260623_163953_final,227,24805,2026-06-23T16:40:18.284388,Okulary BME280,"30.41,74.74,31.52,85.03,32.49,90.15,29.80,44.02",30.41,74.74,31.52,85.03,32.49,90.15,29.80,44.02,true,0
session_20260623_163953_final,228,24910,2026-06-23T16:40:18.389211,Okulary BME280,"30.41,74.75,31.54,85.18,32.51,90.09,29.80,43.98",30.41,74.75,31.54,85.18,32.51,90.09,29.80,43.98,true,0
session_20260623_163953_final,229,25030,2026-06-23T16:40:18.509381,Okulary BME280,"30.42,74.78,31.55,85.31,32.49,89.98,29.80,43.96",30.42,74.78,31.55,85.31,32.49,89.98,29.80,43.96,true,0
session_20260623_163953_final,230,25119,2026-06-23T16:40:18.598794,Okulary BME280,"30.42,74.79,31.55,85.43,32.47,89.91,29.80,43.92",30.42,74.79,31.55,85.43,32.47,89.91,29.80,43.92,true,0
session_20260623_163953_final,231,25262,2026-06-23T16:40:18.741406,Okulary BME280,"30.42,74.83,31.55,85.51,32.44,89.83,29.80,43.90",30.42,74.83,31.55,85.51,32.44,89.83,29.80,43.90,true,0
session_20260623_163953_final,232,25351,2026-06-23T16:40:18.830207,Okulary BME280,"30.42,74.82,31.55,85.54,32.40,89.78,29.80,43.90",30.42,74.82,31.55,85.54,32.40,89.78,29.80,43.90,true,0
session_20260623_163953_final,233,25489,2026-06-23T16:40:18.968541,Okulary BME280,"30.42,74.85,31.49,85.33,32.35,89.71,29.80,43.89",30.42,74.85,31.49,85.33,32.35,89.71,29.80,43.89,true,0
session_20260623_163953_final,234,25571,2026-06-23T16:40:19.050061,Okulary BME280,"30.42,74.85,31.43,85.10,32.31,89.63,29.80,43.91",30.42,74.85,31.43,85.10,32.31,89.63,29.80,43.91,true,0
session_20260623_163953_final,235,25660,2026-06-23T16:40:19.139413,Okulary BME280,"30.42,74.86,31.38,84.80,32.27,89.50,29.80,43.95",30.42,74.86,31.38,84.80,32.27,89.50,29.80,43.95,true,0
session_20260623_163953_final,236,25795,2026-06-23T16:40:19.274794,Okulary BME280,"30.42,74.86,31.31,84.50,32.20,89.30,29.80,43.98",30.42,74.86,31.31,84.50,32.20,89.30,29.80,43.98,true,0
session_20260623_163953_final,237,25886,2026-06-23T16:40:19.365346,Okulary BME280,"30.43,74.86,31.26,84.18,32.11,89.12,29.80,44.03",30.43,74.86,31.26,84.18,32.11,89.12,29.80,44.03,true,0
session_20260623_163953_final,238,26030,2026-06-23T16:40:19.509105,Okulary BME280,"30.42,74.88,31.22,83.88,31.93,88.87,29.80,44.05",30.42,74.88,31.22,83.88,31.93,88.87,29.80,44.05,true,0
session_20260623_163953_final,239,26110,2026-06-23T16:40:19.589262,Okulary BME280,"30.43,74.86,31.19,83.58,31.87,88.80,29.81,44.08",30.43,74.86,31.19,83.58,31.87,88.80,29.81,44.08,true,0
session_20260623_163953_final,240,26247,2026-06-23T16:40:19.726517,Okulary BME280,"30.42,74.89,31.16,83.40,31.83,88.91,29.81,44.07",30.42,74.89,31.16,83.40,31.83,88.91,29.81,44.07,true,0
session_20260623_163953_final,241,26338,2026-06-23T16:40:19.817252,Okulary BME280,"30.43,74.88,31.17,83.55,31.82,89.21,29.81,44.09",30.43,74.88,31.17,83.55,31.82,89.21,29.81,44.09,true,0
session_20260623_163953_final,242,26425,2026-06-23T16:40:19.904220,Okulary BME280,"30.43,74.88,31.22,83.77,31.87,89.54,29.81,44.08",30.43,74.88,31.22,83.77,31.87,89.54,29.81,44.08,true,0
session_20260623_163953_final,243,26560,2026-06-23T16:40:20.039682,Okulary BME280,"30.43,74.90,31.29,84.00,31.97,89.80,29.81,44.05",30.43,74.90,31.29,84.00,31.97,89.80,29.81,44.05,true,0
session_20260623_163953_final,244,26663,2026-06-23T16:40:20.142794,Okulary BME280,"30.43,74.90,31.36,84.23,32.09,90.00,29.81,44.04",30.43,74.90,31.36,84.23,32.09,90.00,29.81,44.04,true,0
session_20260623_163953_final,245,26799,2026-06-23T16:40:20.277952,Okulary BME280,"30.44,74.93,31.42,84.45,32.20,90.14,29.81,43.98",30.44,74.93,31.42,84.45,32.20,90.14,29.81,43.98,true,0
session_20260623_163953_final,246,26875,2026-06-23T16:40:20.354362,Okulary BME280,"30.44,74.94,31.47,84.64,32.30,90.20,29.81,43.94",30.44,74.94,31.47,84.64,32.30,90.20,29.81,43.94,true,0
session_20260623_163953_final,247,26965,2026-06-23T16:40:20.444104,Okulary BME280,"30.44,74.94,31.52,84.82,32.44,90.25,29.81,43.90",30.44,74.94,31.52,84.82,32.44,90.25,29.81,43.90,true,0
session_20260623_163953_final,248,27104,2026-06-23T16:40:20.582891,Okulary BME280,"30.45,75.02,31.55,84.99,32.46,90.22,29.81,43.88",30.45,75.02,31.55,84.99,32.46,90.22,29.81,43.88,true,0
session_20260623_163953_final,249,27202,2026-06-23T16:40:20.681089,Okulary BME280,"30.45,74.97,31.57,85.16,32.47,90.15,29.81,43.87",30.45,74.97,31.57,85.16,32.47,90.15,29.81,43.87,true,0
session_20260623_163953_final,250,27325,2026-06-23T16:40:20.804528,Okulary BME280,"30.45,74.99,31.58,85.35,32.46,90.08,29.82,43.84",30.45,74.99,31.58,85.35,32.46,90.08,29.82,43.84,true,0
session_20260623_163953_final,251,27415,2026-06-23T16:40:20.894131,Okulary BME280,"30.45,75.02,31.57,85.42,32.44,90.02,29.82,43.83",30.45,75.02,31.57,85.42,32.44,90.02,29.82,43.83,true,0
session_20260623_163953_final,252,27555,2026-06-23T16:40:21.034587,Okulary BME280,"30.45,75.02,31.55,85.46,32.41,89.91,29.81,43.82",30.45,75.02,31.55,85.46,32.41,89.91,29.81,43.82,true,0
session_20260623_163953_final,253,27640,2026-06-23T16:40:21.118922,Okulary BME280,"30.45,75.03,31.54,85.53,32.38,89.86,29.81,43.81",30.45,75.03,31.54,85.53,32.38,89.86,29.81,43.81,true,0
session_20260623_163953_final,254,27730,2026-06-23T16:40:21.209345,Okulary BME280,"30.45,75.03,31.53,85.58,32.34,89.84,29.82,43.81",30.45,75.03,31.53,85.58,32.34,89.84,29.82,43.81,true,0
session_20260623_163953_final,255,27867,2026-06-23T16:40:21.346695,Okulary BME280,"30.45,75.03,31.51,85.56,32.31,89.81,29.82,43.83",30.45,75.03,31.51,85.56,32.31,89.81,29.82,43.83,true,0
session_20260623_163953_final,256,27958,2026-06-23T16:40:21.437379,Okulary BME280,"30.45,75.05,31.48,85.39,32.26,89.67,29.82,43.84",30.45,75.05,31.48,85.39,32.26,89.67,29.82,43.84,true,0
session_20260623_163953_final,257,28091,2026-06-23T16:40:21.570751,Okulary BME280,"30.45,75.04,31.43,85.10,32.22,89.54,29.82,43.84",30.45,75.04,31.43,85.10,32.22,89.54,29.82,43.84,true,0
session_20260623_163953_final,258,28181,2026-06-23T16:40:21.660732,Okulary BME280,"30.46,75.04,31.38,84.89,32.16,89.41,29.82,43.85",30.46,75.04,31.38,84.89,32.16,89.41,29.82,43.85,true,0
session_20260623_163953_final,259,28314,2026-06-23T16:40:21.793358,Okulary BME280,"30.46,75.04,31.28,84.38,32.09,89.30,29.82,43.87",30.46,75.04,31.28,84.38,32.09,89.30,29.82,43.87,true,0
session_20260623_163953_final,260,28406,2026-06-23T16:40:21.885047,Okulary BME280,"30.45,75.04,31.25,84.17,32.03,89.21,29.82,43.87",30.45,75.04,31.25,84.17,32.03,89.21,29.82,43.87,true,0
session_20260623_163953_final,261,28495,2026-06-23T16:40:21.974666,Okulary BME280,"30.46,75.03,31.23,83.94,31.97,89.13,29.83,43.88",30.46,75.03,31.23,83.94,31.97,89.13,29.83,43.88,true,0
session_20260623_163953_final,262,28631,2026-06-23T16:40:22.110168,Okulary BME280,"30.46,75.03,31.21,83.72,31.93,89.09,29.83,43.86",30.46,75.03,31.21,83.72,31.93,89.09,29.83,43.86,true,0
session_20260623_163953_final,263,28723,2026-06-23T16:40:22.202389,Okulary BME280,"30.45,75.00,31.21,83.54,31.90,89.06,29.83,43.86",30.45,75.00,31.21,83.54,31.90,89.06,29.83,43.86,true,0
session_20260623_163953_final,264,28867,2026-06-23T16:40:22.345896,Okulary BME280,"30.46,74.99,31.21,83.51,31.88,89.05,29.83,43.84",30.46,74.99,31.21,83.51,31.88,89.05,29.83,43.84,true,0
session_20260623_163953_final,265,28953,2026-06-23T16:40:22.432156,Okulary BME280,"30.45,74.97,31.23,83.62,31.89,89.59,29.83,43.82",30.45,74.97,31.23,83.62,31.89,89.59,29.83,43.82,true,0
session_20260623_163953_final,266,29035,2026-06-23T16:40:22.514144,Okulary BME280,"30.46,74.98,31.28,83.87,31.96,89.86,29.83,43.81",30.46,74.98,31.28,83.87,31.96,89.86,29.83,43.81,true,0
session_20260623_163953_final,267,29172,2026-06-23T16:40:22.651219,Okulary BME280,"30.46,74.99,31.34,84.05,32.07,90.07,29.83,43.79",30.46,74.99,31.34,84.05,32.07,90.07,29.83,43.79,true,0
session_20260623_163953_final,268,29265,2026-06-23T16:40:22.744025,Okulary BME280,"30.46,74.99,31.47,84.47,32.19,90.21,29.83,43.77",30.46,74.99,31.47,84.47,32.19,90.21,29.83,43.77,true,0
session_20260623_163953_final,269,29397,2026-06-23T16:40:22.875893,Okulary BME280,"30.47,75.01,31.53,84.67,32.29,90.29,29.83,43.75",30.47,75.01,31.53,84.67,32.29,90.29,29.83,43.75,true,0
session_20260623_163953_final,270,29489,2026-06-23T16:40:22.967989,Okulary BME280,"30.47,75.01,31.57,84.85,32.37,90.35,29.84,43.74",30.47,75.01,31.57,84.85,32.37,90.35,29.84,43.74,true,0
session_20260623_163953_final,271,29620,2026-06-23T16:40:23.098954,Okulary BME280,"30.47,75.02,31.60,85.00,32.43,90.34,29.84,43.74",30.47,75.02,31.60,85.00,32.43,90.34,29.84,43.74,true,0
session_20260623_163953_final,272,29710,2026-06-23T16:40:23.189094,Okulary BME280,"30.47,75.03,31.61,85.13,32.46,90.30,29.84,43.72",30.47,75.03,31.61,85.13,32.46,90.30,29.84,43.72,true,0
session_20260623_163953_final,273,29803,2026-06-23T16:40:23.282025,Okulary BME280,"30.47,75.02,31.62,85.23,32.46,90.13,29.84,43.70",30.47,75.02,31.62,85.23,32.46,90.13,29.84,43.70,true,0
session_20260623_163953_final,274,29935,2026-06-23T16:40:23.414378,Okulary BME280,"30.47,75.07,31.61,85.33,32.43,90.08,29.84,43.68",30.47,75.07,31.61,85.33,32.43,90.08,29.84,43.68,true,0
session_20260623_163953_final,275,30029,2026-06-23T16:40:23.507831,Okulary BME280,"30.47,75.03,31.60,85.37,32.40,90.05,29.84,43.68",30.47,75.03,31.60,85.37,32.40,90.05,29.84,43.68,true,0
session_20260623_163953_final,276,30170,2026-06-23T16:40:23.649263,Okulary BME280,"30.47,75.02,31.59,85.45,32.38,90.00,29.84,43.69",30.47,75.02,31.59,85.45,32.38,90.00,29.84,43.69,true,0
session_20260623_163953_final,277,30250,2026-06-23T16:40:23.729684,Okulary BME280,"30.47,75.02,31.56,85.43,32.35,89.96,29.84,43.71",30.47,75.02,31.56,85.43,32.35,89.96,29.84,43.71,true,0
session_20260623_163953_final,278,30390,2026-06-23T16:40:23.869803,Okulary BME280,"30.47,75.01,31.53,85.23,32.32,89.90,29.84,43.72",30.47,75.01,31.53,85.23,32.32,89.90,29.84,43.72,true,0
session_20260623_163953_final,279,30487,2026-06-23T16:40:23.966789,Okulary BME280,"30.47,75.00,31.47,84.99,32.29,89.78,29.84,43.72",30.47,75.00,31.47,84.99,32.29,89.78,29.84,43.72,true,0
session_20260623_163953_final,280,30566,2026-06-23T16:40:24.045512,Okulary BME280,"30.47,74.98,31.41,84.72,32.24,89.66,29.85,43.72",30.47,74.98,31.41,84.72,32.24,89.66,29.85,43.72,true,0
session_20260623_163953_final,281,30701,2026-06-23T16:40:24.180500,Okulary BME280,"30.47,74.96,31.36,84.42,32.17,89.51,29.85,43.70",30.47,74.96,31.36,84.42,32.17,89.51,29.85,43.70,true,0
session_20260623_163953_final,282,30800,2026-06-23T16:40:24.278936,Okulary BME280,"30.48,74.98,31.31,84.16,32.04,89.24,29.85,43.64",30.48,74.98,31.31,84.16,32.04,89.24,29.85,43.64,true,0
session_20260623_163953_final,283,30927,2026-06-23T16:40:24.406440,Okulary BME280,"30.47,74.90,31.28,83.89,31.99,89.17,29.85,43.62",30.47,74.90,31.28,83.89,31.99,89.17,29.85,43.62,true,0
session_20260623_163953_final,284,31031,2026-06-23T16:40:24.510652,Okulary BME280,"30.47,74.87,31.25,83.60,31.95,89.13,29.84,43.59",30.47,74.87,31.25,83.60,31.95,89.13,29.84,43.59,true,0
session_20260623_163953_final,285,31152,2026-06-23T16:40:24.631285,Okulary BME280,"30.47,74.85,31.23,83.36,31.92,89.09,29.84,43.57",30.47,74.85,31.23,83.36,31.92,89.09,29.84,43.57,true,0
session_20260623_163953_final,286,31240,2026-06-23T16:40:24.719062,Okulary BME280,"30.47,74.84,31.22,83.09,31.89,89.07,29.84,43.54",30.47,74.84,31.22,83.09,31.89,89.07,29.84,43.54,true,0
session_20260623_163953_final,287,31346,2026-06-23T16:40:24.825032,Okulary BME280,"30.47,74.81,31.23,83.22,31.89,89.33,29.83,43.51",30.47,74.81,31.23,83.22,31.89,89.33,29.83,43.51,true,0
session_20260623_163953_final,288,31477,2026-06-23T16:40:24.956162,Okulary BME280,"30.47,74.80,31.28,83.42,31.91,89.65,29.84,43.50",30.47,74.80,31.28,83.42,31.91,89.65,29.84,43.50,true,0
session_20260623_163953_final,289,31567,2026-06-23T16:40:25.046790,Okulary BME280,"30.48,74.79,31.34,83.64,31.99,89.94,29.84,43.50",30.48,74.79,31.34,83.64,31.99,89.94,29.84,43.50,true,0
session_20260623_163953_final,290,31692,2026-06-23T16:40:25.171177,Okulary BME280,"30.48,74.78,31.41,83.88,32.09,90.10,29.84,43.46",30.48,74.78,31.41,83.88,32.09,90.10,29.84,43.46,true,0
session_20260623_163953_final,291,31798,2026-06-23T16:40:25.277289,Okulary BME280,"30.48,74.85,31.47,84.09,32.30,90.38,29.84,43.46",30.48,74.85,31.47,84.09,32.30,90.38,29.84,43.46,true,0
session_20260623_163953_final,292,31872,2026-06-23T16:40:25.351145,Okulary BME280,"30.48,74.81,31.54,84.30,32.40,90.45,29.84,43.46",30.48,74.81,31.54,84.30,32.40,90.45,29.84,43.46,true,0
session_20260623_163953_final,293,32009,2026-06-23T16:40:25.488391,Okulary BME280,"30.49,74.81,31.58,84.46,32.47,90.48,29.84,43.46",30.49,74.81,31.58,84.46,32.47,90.48,29.84,43.46,true,0
session_20260623_163953_final,294,32097,2026-06-23T16:40:25.576401,Okulary BME280,"30.49,74.81,31.61,84.85,32.50,90.46,29.85,43.46",30.49,74.81,31.61,84.85,32.50,90.46,29.85,43.46,true,0
session_20260623_163953_final,295,32230,2026-06-23T16:40:25.709779,Okulary BME280,"30.49,74.81,31.64,84.97,32.53,90.41,29.85,43.46",30.49,74.81,31.64,84.97,32.53,90.41,29.85,43.46,true,0
session_20260623_163953_final,296,32322,2026-06-23T16:40:25.801218,Okulary BME280,"30.49,74.81,31.64,85.08,32.52,90.34,29.85,43.47",30.49,74.81,31.64,85.08,32.52,90.34,29.85,43.47,true,0
session_20260623_163953_final,297,32461,2026-06-23T16:40:25.940597,Okulary BME280,"30.50,74.82,31.64,85.17,32.50,90.26,29.85,43.47",30.50,74.82,31.64,85.17,32.50,90.26,29.85,43.47,true,0
session_20260623_163953_final,298,32545,2026-06-23T16:40:26.024628,Okulary BME280,"30.49,74.82,31.63,85.26,32.48,90.23,29.86,43.49",30.49,74.82,31.63,85.26,32.48,90.23,29.86,43.49,true,0
session_20260623_163953_final,299,32649,2026-06-23T16:40:26.128461,Okulary BME280,"30.50,74.79,31.62,85.34,32.46,90.16,29.85,43.50",30.50,74.79,31.62,85.34,32.46,90.16,29.85,43.50,true,0
session_20260623_163953_final,300,32772,2026-06-23T16:40:26.251086,Okulary BME280,"30.49,74.78,31.61,85.42,32.39,90.00,29.86,43.54",30.49,74.78,31.61,85.42,32.39,90.00,29.86,43.54,true,0
session_20260623_163953_final,301,32862,2026-06-23T16:40:26.341527,Okulary BME280,"30.50,74.80,31.60,85.47,32.36,89.94,29.86,43.56",30.50,74.80,31.60,85.47,32.36,89.94,29.86,43.56,true,0
session_20260623_163953_final,302,32994,2026-06-23T16:40:26.473728,Okulary BME280,"30.50,74.80,31.59,85.53,32.32,89.92,29.86,43.57",30.50,74.80,31.59,85.53,32.32,89.92,29.86,43.57,true,0
session_20260623_163953_final,303,33103,2026-06-23T16:40:26.582105,Okulary BME280,"30.50,74.80,31.58,85.58,32.30,89.89,29.86,43.57",30.50,74.80,31.58,85.58,32.30,89.89,29.86,43.57,true,0
session_20260623_163953_final,304,33237,2026-06-23T16:40:26.716273,Okulary BME280,"30.51,74.79,31.56,85.45,32.28,89.87,29.86,43.56",30.51,74.79,31.56,85.45,32.28,89.87,29.86,43.56,true,0
session_20260623_163953_final,305,33311,2026-06-23T16:40:26.790468,Okulary BME280,"30.50,74.79,31.53,85.22,32.26,89.80,29.86,43.55",30.50,74.79,31.53,85.22,32.26,89.80,29.86,43.55,true,0
session_20260623_163953_final,306,33405,2026-06-23T16:40:26.884325,Okulary BME280,"30.50,74.78,31.46,84.99,32.22,89.68,29.86,43.53",30.50,74.78,31.46,84.99,32.22,89.68,29.86,43.53,true,0
session_20260623_163953_final,307,33551,2026-06-23T16:40:27.030377,Okulary BME280,"30.50,74.76,31.41,84.73,32.18,89.56,29.86,43.51",30.50,74.76,31.41,84.73,32.18,89.56,29.86,43.51,true,0
session_20260623_163953_final,308,33626,2026-06-23T16:40:27.105253,Okulary BME280,"30.50,74.77,31.37,84.44,32.11,89.41,29.86,43.50",30.50,74.77,31.37,84.44,32.11,89.41,29.86,43.50,true,0
session_20260623_163953_final,309,33765,2026-06-23T16:40:27.244199,Okulary BME280,"30.50,74.77,31.33,84.17,31.99,89.20,29.86,43.46",30.50,74.77,31.33,84.17,31.99,89.20,29.86,43.46,true,0
session_20260623_163953_final,310,33852,2026-06-23T16:40:27.331812,Okulary BME280,"30.50,74.69,31.30,83.93,31.95,89.14,29.87,43.44",30.50,74.69,31.30,83.93,31.95,89.14,29.87,43.44,true,0
session_20260623_163953_final,311,33954,2026-06-23T16:40:27.433306,Okulary BME280,"30.50,74.67,31.28,83.71,31.92,89.09,29.86,43.43",30.50,74.67,31.28,83.71,31.92,89.09,29.86,43.43,true,0
session_20260623_163953_final,312,34076,2026-06-23T16:40:27.555167,Okulary BME280,"30.51,74.66,31.27,83.49,31.89,89.09,29.86,43.42",30.51,74.66,31.27,83.49,31.89,89.09,29.86,43.42,true,0
session_20260623_163953_final,313,34166,2026-06-23T16:40:27.645051,Okulary BME280,"30.50,74.65,31.29,83.60,31.89,89.34,29.86,43.41",30.50,74.65,31.29,83.60,31.89,89.34,29.86,43.41,true,0
session_20260623_163953_final,314,34302,2026-06-23T16:40:27.781546,Okulary BME280,"30.51,74.63,31.33,83.76,31.91,89.66,29.86,43.39",30.51,74.63,31.33,83.76,31.91,89.66,29.86,43.39,true,0
session_20260623_163953_final,315,34393,2026-06-23T16:40:27.872642,Okulary BME280,"30.51,74.63,31.39,83.96,31.98,89.92,29.86,43.39",30.51,74.63,31.39,83.96,31.98,89.92,29.86,43.39,true,0
session_20260623_163953_final,316,34537,2026-06-23T16:40:28.016695,Okulary BME280,"30.51,74.71,31.45,84.17,32.09,90.16,29.87,43.42",30.51,74.71,31.45,84.17,32.09,90.16,29.87,43.42,true,0
session_20260623_163953_final,317,34616,2026-06-23T16:40:28.095434,Okulary BME280,"30.52,74.65,31.51,84.37,32.20,90.29,29.87,43.40",30.52,74.65,31.51,84.37,32.20,90.29,29.87,43.40,true,0
session_20260623_163953_final,318,34708,2026-06-23T16:40:28.187274,Okulary BME280,"30.52,74.65,31.56,84.56,32.40,90.47,29.87,43.38",30.52,74.65,31.56,84.56,32.40,90.47,29.87,43.38,true,0
session_20260623_163953_final,319,34843,2026-06-23T16:40:28.321974,Okulary BME280,"30.52,74.67,31.60,84.74,32.47,90.51,29.87,43.37",30.52,74.67,31.60,84.74,32.47,90.51,29.87,43.37,true,0
session_20260623_163953_final,320,34931,2026-06-23T16:40:28.409822,Okulary BME280,"30.53,74.68,31.64,84.91,32.51,90.51,29.88,43.38",30.53,74.68,31.64,84.91,32.51,90.51,29.88,43.38,true,0
session_20260623_163953_final,321,35068,2026-06-23T16:40:28.547434,Okulary BME280,"30.53,74.70,31.67,85.17,32.54,90.48,29.87,43.40",30.53,74.70,31.67,85.17,32.54,90.48,29.87,43.40,true,0
session_20260623_163953_final,322,35156,2026-06-23T16:40:28.635252,Okulary BME280,"30.53,74.70,31.67,85.27,32.55,90.43,29.88,43.43",30.53,74.70,31.67,85.27,32.55,90.43,29.88,43.43,true,0
session_20260623_163953_final,323,35291,2026-06-23T16:40:28.770022,Okulary BME280,"30.53,74.71,31.67,85.37,32.54,90.35,29.88,43.49",30.53,74.71,31.67,85.37,32.54,90.35,29.88,43.49,true,0
session_20260623_163953_final,324,35383,2026-06-23T16:40:28.862498,Okulary BME280,"30.54,74.74,31.66,85.46,32.52,90.29,29.88,43.57",30.54,74.74,31.66,85.46,32.52,90.29,29.88,43.57,true,0
session_20260623_163953_final,325,35470,2026-06-23T16:40:28.949716,Okulary BME280,"30.54,74.75,31.66,85.54,32.49,90.21,29.89,43.68",30.54,74.75,31.66,85.54,32.49,90.21,29.89,43.68,true,0
session_20260623_163953_final,326,35607,2026-06-23T16:40:29.085858,Okulary BME280,"30.54,74.70,31.65,85.60,32.47,90.21,29.89,43.75",30.54,74.70,31.65,85.60,32.47,90.21,29.89,43.75,true,0
session_20260623_163953_final,327,35698,2026-06-23T16:40:29.177081,Okulary BME280,"30.55,74.76,31.65,85.66,32.41,90.07,29.89,43.94",30.55,74.76,31.65,85.66,32.41,90.07,29.89,43.94,true,0
session_20260623_163953_final,328,35830,2026-06-23T16:40:29.309317,Okulary BME280,"30.55,74.78,31.64,85.74,32.38,90.04,29.89,44.04",30.55,74.78,31.64,85.74,32.38,90.04,29.89,44.04,true,0
session_20260623_163953_final,329,35922,2026-06-23T16:40:29.400941,Okulary BME280,"30.55,74.78,31.62,85.61,32.35,89.98,29.89,44.11",30.55,74.78,31.62,85.61,32.35,89.98,29.89,44.11,true,0
session_20260623_163953_final,330,36062,2026-06-23T16:40:29.540894,Okulary BME280,"30.55,74.79,31.54,85.21,32.32,89.90,29.89,44.18",30.55,74.79,31.54,85.21,32.32,89.90,29.89,44.18,true,0
session_20260623_163953_final,331,36145,2026-06-23T16:40:29.624754,Okulary BME280,"30.55,74.80,31.49,84.98,32.28,89.78,29.89,44.23",30.55,74.80,31.49,84.98,32.28,89.78,29.89,44.23,true,0
session_20260623_163953_final,332,36235,2026-06-23T16:40:29.714500,Okulary BME280,"30.55,74.81,31.43,84.70,32.22,89.65,29.90,44.26",30.55,74.81,31.43,84.70,32.22,89.65,29.90,44.26,true,0
session_20260623_163953_final,333,36370,2026-06-23T16:40:29.848945,Okulary BME280,"30.55,74.82,31.38,84.40,32.16,89.54,29.90,44.28",30.55,74.82,31.38,84.40,32.16,89.54,29.90,44.28,true,0
session_20260623_163953_final,334,36463,2026-06-23T16:40:29.941963,Okulary BME280,"30.56,74.86,31.35,84.13,32.10,89.46,29.90,44.28",30.56,74.86,31.35,84.13,32.10,89.46,29.90,44.28,true,0
session_20260623_163953_final,335,36598,2026-06-23T16:40:30.077285,Okulary BME280,"30.56,74.86,31.33,83.85,32.05,89.37,29.90,44.28",30.56,74.86,31.33,83.85,32.05,89.37,29.90,44.28,true,0
session_20260623_163953_final,336,36692,2026-06-23T16:40:30.170934,Okulary BME280,"30.56,74.86,31.31,83.59,31.97,89.29,29.91,44.22",30.56,74.86,31.31,83.59,31.97,89.29,29.91,44.22,true,0
session_20260623_163953_final,337,36776,2026-06-23T16:40:30.255609,Okulary BME280,"30.56,74.88,31.30,83.29,31.95,89.25,29.90,44.19",30.56,74.88,31.30,83.29,31.95,89.25,29.90,44.19,true,0
session_20260623_163953_final,338,36918,2026-06-23T16:40:30.397377,Okulary BME280,"30.56,74.88,31.29,83.13,31.94,89.30,29.90,44.17",30.56,74.88,31.29,83.13,31.94,89.30,29.90,44.17,true,0
session_20260623_163953_final,339,37002,2026-06-23T16:40:30.481444,Okulary BME280,"30.56,74.90,31.32,83.26,31.93,89.53,29.91,44.13",30.56,74.90,31.32,83.26,31.93,89.53,29.91,44.13,true,0
session_20260623_163953_final,340,37136,2026-06-23T16:40:30.615805,Okulary BME280,"30.57,74.90,31.36,83.47,31.96,89.84,29.91,44.10",30.57,74.90,31.36,83.47,31.96,89.84,29.91,44.10,true,0
session_20260623_163953_final,341,37225,2026-06-23T16:40:30.704124,Okulary BME280,"30.57,74.92,31.43,83.70,32.04,90.10,29.91,44.07",30.57,74.92,31.43,83.70,32.04,90.10,29.91,44.07,true,0
session_20260623_163953_final,342,37366,2026-06-23T16:40:30.845735,Okulary BME280,"30.57,74.91,31.50,83.96,32.15,90.31,29.90,44.04",30.57,74.91,31.50,83.96,32.15,90.31,29.90,44.04,true,0
session_20260623_163953_final,343,37453,2026-06-23T16:40:30.932376,Okulary BME280,"30.57,74.96,31.56,84.19,32.28,90.43,29.91,44.01",30.57,74.96,31.56,84.19,32.28,90.43,29.91,44.01,true,0
session_20260623_163953_final,344,37541,2026-06-23T16:40:31.020376,Okulary BME280,"30.57,74.99,31.62,84.39,32.39,90.59,29.91,43.97",30.57,74.99,31.62,84.39,32.39,90.59,29.91,43.97,true,0
session_20260623_163953_final,345,37681,2026-06-23T16:40:31.160794,Okulary BME280,"30.58,75.01,31.66,84.57,32.54,90.59,29.91,43.86",30.58,75.01,31.66,84.57,32.54,90.59,29.91,43.86,true,0
session_20260623_163953_final,346,37767,2026-06-23T16:40:31.246578,Okulary BME280,"30.58,75.02,31.69,84.74,32.57,90.56,29.91,43.83",30.58,75.02,31.69,84.74,32.57,90.56,29.91,43.83,true,0
session_20260623_163953_final,347,37917,2026-06-23T16:40:31.396300,Okulary BME280,"30.58,75.05,31.70,84.88,32.58,90.49,29.91,43.79",30.58,75.05,31.70,84.88,32.58,90.49,29.91,43.79,true,0
session_20260623_163953_final,348,37992,2026-06-23T16:40:31.470953,Okulary BME280,"30.58,75.06,31.71,85.13,32.57,90.39,29.91,43.77",30.58,75.06,31.71,85.13,32.57,90.39,29.91,43.77,true,0
session_20260623_163953_final,349,38125,2026-06-23T16:40:31.604743,Okulary BME280,"30.58,75.09,31.70,85.22,32.54,90.32,29.91,43.76",30.58,75.09,31.70,85.22,32.54,90.32,29.91,43.76,true,0
session_20260623_163953_final,350,38222,2026-06-23T16:40:31.701209,Okulary BME280,"30.58,75.12,31.69,85.32,32.51,90.29,29.91,43.77",30.58,75.12,31.69,85.32,32.51,90.29,29.91,43.77,true,0
session_20260623_163953_final,351,38315,2026-06-23T16:40:31.794784,Okulary BME280,"30.58,75.06,31.68,85.40,32.48,90.27,29.92,43.78",30.58,75.06,31.68,85.40,32.48,90.27,29.92,43.78,true,0
session_20260623_163953_final,352,38446,2026-06-23T16:40:31.925499,Okulary BME280,"30.59,75.15,31.67,85.46,32.46,90.27,29.91,43.83",30.59,75.15,31.67,85.46,32.46,90.27,29.91,43.83,true,0
session_20260623_163953_final,353,38530,2026-06-23T16:40:32.009224,Okulary BME280,"30.59,75.17,31.67,85.47,32.41,90.13,29.92,43.77",30.59,75.17,31.67,85.47,32.41,90.13,29.92,43.77,true,0
session_20260623_163953_final,354,38665,2026-06-23T16:40:32.144140,Okulary BME280,"30.59,75.19,31.65,85.37,32.39,90.06,29.92,43.81",30.59,75.19,31.65,85.37,32.39,90.06,29.92,43.81,true,0
session_20260623_163953_final,355,38767,2026-06-23T16:40:32.246649,Okulary BME280,"30.59,75.20,31.61,85.26,32.35,89.99,29.92,43.78",30.59,75.20,31.61,85.26,32.35,89.99,29.92,43.78,true,0
session_20260623_163953_final,356,38846,2026-06-23T16:40:32.325509,Okulary BME280,"30.59,75.21,31.56,85.13,32.32,89.86,29.92,43.77",30.59,75.21,31.56,85.13,32.32,89.86,29.92,43.77,true,0
session_20260623_163953_final,357,38981,2026-06-23T16:40:32.460545,Okulary BME280,"30.59,75.24,31.49,85.06,32.28,89.80,29.92,43.76",30.59,75.24,31.49,85.06,32.28,89.80,29.92,43.76,true,0
session_20260623_163953_final,358,39086,2026-06-23T16:40:32.565179,Okulary BME280,"30.60,75.25,31.48,85.07,32.24,89.81,29.92,43.75",30.60,75.25,31.48,85.07,32.24,89.81,29.92,43.75,true,0
session_20260623_163953_final,359,39221,2026-06-23T16:40:32.699855,Okulary BME280,"30.59,75.26,31.49,85.12,32.22,89.80,29.92,43.74",30.59,75.26,31.49,85.12,32.22,89.80,29.92,43.74,true,0
session_20260623_163953_final,360,39299,2026-06-23T16:40:32.778790,Okulary BME280,"30.60,75.27,31.50,85.19,32.20,89.96,29.92,43.71",30.60,75.27,31.50,85.19,32.20,89.96,29.92,43.71,true,0
session_20260623_163953_final,361,39430,2026-06-23T16:40:32.909360,Okulary BME280,"30.60,75.30,31.53,85.30,32.21,90.00,29.92,43.68",30.60,75.30,31.53,85.30,32.21,90.00,29.92,43.68,true,0
session_20260623_163953_final,362,39522,2026-06-23T16:40:33.001324,Okulary BME280,"30.59,75.31,31.55,85.34,32.24,90.00,29.92,43.69",30.59,75.31,31.55,85.34,32.24,90.00,29.92,43.69,true,0
session_20260623_163953_final,363,39612,2026-06-23T16:40:33.091134,Okulary BME280,"30.60,75.34,31.56,85.18,32.24,89.93,29.93,43.67",30.60,75.34,31.56,85.18,32.24,89.93,29.93,43.67,true,0
session_20260623_163953_final,364,39746,2026-06-23T16:40:33.225217,Okulary BME280,"30.60,75.35,31.55,85.01,32.21,89.84,29.93,43.64",30.60,75.35,31.55,85.01,32.21,89.84,29.93,43.64,true,0
session_20260623_163953_final,365,39835,2026-06-23T16:40:33.314048,Okulary BME280,"30.61,75.36,31.51,84.46,32.17,89.70,29.93,43.63",30.61,75.36,31.51,84.46,32.17,89.70,29.93,43.63,true,0
session_20260623_163953_final,366,39970,2026-06-23T16:40:33.449627,Okulary BME280,"30.61,75.37,31.43,84.19,32.12,89.58,29.93,43.61",30.61,75.37,31.43,84.19,32.12,89.58,29.93,43.61,true,0
session_20260623_163953_final,367,40060,2026-06-23T16:40:33.539072,Okulary BME280,"30.61,75.40,31.41,83.91,32.07,89.49,29.93,43.59",30.61,75.40,31.41,83.91,32.07,89.49,29.93,43.59,true,0
session_20260623_163953_final,368,40197,2026-06-23T16:40:33.676768,Okulary BME280,"30.61,75.35,31.39,83.71,32.02,89.41,29.93,43.58",30.61,75.35,31.39,83.71,32.02,89.41,29.93,43.58,true,0
session_20260623_163953_final,369,40285,2026-06-23T16:40:33.764477,Okulary BME280,"30.61,75.42,31.38,83.72,31.99,89.48,29.93,43.55",30.61,75.42,31.38,83.72,31.99,89.48,29.93,43.55,true,0
session_20260623_163953_final,370,40392,2026-06-23T16:40:33.871643,Okulary BME280,"30.60,75.43,31.40,83.85,31.98,89.78,29.93,43.55",30.60,75.43,31.40,83.85,31.98,89.78,29.93,43.55,true,0
session_20260623_163953_final,371,40513,2026-06-23T16:40:33.992557,Okulary BME280,"30.61,75.45,31.44,84.04,32.11,90.27,29.93,43.50",30.61,75.45,31.44,84.04,32.11,90.27,29.93,43.50,true,0
session_20260623_163953_final,372,40602,2026-06-23T16:40:34.081295,Okulary BME280,"30.61,75.46,31.51,84.25,32.22,90.43,29.93,43.47",30.61,75.46,31.51,84.25,32.22,90.43,29.93,43.47,true,0
session_20260623_163953_final,373,40735,2026-06-23T16:40:34.213868,Okulary BME280,"30.62,75.47,31.57,84.44,32.33,90.55,29.93,43.46",30.62,75.47,31.57,84.44,32.33,90.55,29.93,43.46,true,0
session_20260623_163953_final,374,40826,2026-06-23T16:40:34.305738,Okulary BME280,"30.62,75.49,31.67,84.82,32.42,90.59,29.93,43.45",30.62,75.49,31.67,84.82,32.42,90.59,29.93,43.45,true,0
session_20260623_163953_final,375,40960,2026-06-23T16:40:34.438928,Okulary BME280,"30.62,75.50,31.70,84.97,32.49,90.59,29.93,43.44",30.62,75.50,31.70,84.97,32.49,90.59,29.93,43.44,true,0
session_20260623_163953_final,376,41050,2026-06-23T16:40:34.529257,Okulary BME280,"30.62,75.54,31.71,85.10,32.51,90.57,29.94,43.41",30.62,75.54,31.71,85.10,32.51,90.57,29.94,43.41,true,0
session_20260623_163953_final,377,41148,2026-06-23T16:40:34.626987,Okulary BME280,"30.62,75.62,31.72,85.22,32.52,90.49,29.93,43.39",30.62,75.62,31.72,85.22,32.52,90.49,29.93,43.39,true,0
session_20260623_163953_final,378,41294,2026-06-23T16:40:34.772983,Okulary BME280,"30.62,75.57,31.72,85.32,32.52,90.39,29.94,43.37",30.62,75.57,31.72,85.32,32.52,90.39,29.94,43.37,true,0
session_20260623_163953_final,379,41366,2026-06-23T16:40:34.845677,Okulary BME280,"30.63,75.59,31.71,85.40,32.50,90.38,29.93,43.37",30.63,75.59,31.71,85.40,32.50,90.38,29.93,43.37,true,0
session_20260623_163953_final,380,41505,2026-06-23T16:40:34.983819,Okulary BME280,"30.63,75.61,31.70,85.40,32.45,90.21,29.93,43.31",30.63,75.61,31.70,85.40,32.45,90.21,29.93,43.31,true,0
session_20260623_163953_final,381,41591,2026-06-23T16:40:35.070259,Okulary BME280,"30.62,75.62,31.68,85.26,32.41,90.10,29.94,43.32",30.62,75.62,31.68,85.26,32.41,90.10,29.94,43.32,true,0
session_20260623_163953_final,382,41694,2026-06-23T16:40:35.172936,Okulary BME280,"30.63,75.64,31.64,85.04,32.33,89.94,29.94,43.30",30.63,75.64,31.64,85.04,32.33,89.94,29.94,43.30,true,0
session_20260623_163953_final,383,41817,2026-06-23T16:40:35.296091,Okulary BME280,"30.63,75.65,31.52,84.50,32.26,89.78,29.94,43.29",30.63,75.65,31.52,84.50,32.26,89.78,29.94,43.29,true,0
session_20260623_163953_final,384,41907,2026-06-23T16:40:35.386117,Okulary BME280,"30.63,75.66,31.46,84.23,32.19,89.64,29.94,43.27",30.63,75.66,31.46,84.23,32.19,89.64,29.94,43.27,true,0
session_20260623_163953_final,385,42044,2026-06-23T16:40:35.523002,Okulary BME280,"30.63,75.70,31.42,83.96,32.12,89.57,29.94,43.27",30.63,75.70,31.42,83.96,32.12,89.57,29.94,43.27,true,0
session_20260623_163953_final,386,42133,2026-06-23T16:40:35.612536,Okulary BME280,"30.64,75.71,31.39,83.78,32.07,89.48,29.94,43.26",30.64,75.71,31.39,83.78,32.07,89.48,29.94,43.26,true,0
session_20260623_163953_final,387,42266,2026-06-23T16:40:35.745080,Okulary BME280,"30.63,75.71,31.38,83.80,32.03,89.58,29.94,43.26",30.63,75.71,31.38,83.80,32.03,89.58,29.94,43.26,true,0
session_20260623_163953_final,388,42355,2026-06-23T16:40:35.834736,Okulary BME280,"30.64,75.72,31.40,83.92,32.02,89.80,29.95,43.26",30.64,75.72,31.40,83.92,32.02,89.80,29.95,43.26,true,0
session_20260623_163953_final,389,42462,2026-06-23T16:40:35.941536,Okulary BME280,"30.63,75.75,31.45,84.10,32.13,90.31,29.94,43.23",30.63,75.75,31.45,84.10,32.13,90.31,29.94,43.23,true,0
session_20260623_163953_final,390,42585,2026-06-23T16:40:36.064333,Okulary BME280,"30.64,75.75,31.52,84.26,32.25,90.47,29.95,43.26",30.64,75.75,31.52,84.26,32.25,90.47,29.95,43.26,true,0
session_20260623_163953_final,391,42671,2026-06-23T16:40:36.150054,Okulary BME280,"30.64,75.77,31.58,84.45,32.35,90.60,29.94,43.25",30.64,75.77,31.58,84.45,32.35,90.60,29.94,43.25,true,0
session_20260623_163953_final,392,42806,2026-06-23T16:40:36.284828,Okulary BME280,"30.64,75.78,31.67,84.85,32.45,90.66,29.95,43.24",30.64,75.78,31.67,84.85,32.45,90.66,29.95,43.24,true,0
session_20260623_163953_final,393,42896,2026-06-23T16:40:36.374978,Okulary BME280,"30.64,75.82,31.71,85.00,32.52,90.66,29.94,43.23",30.64,75.82,31.71,85.00,32.52,90.66,29.94,43.23,true,0
session_20260623_163953_final,394,43033,2026-06-23T16:40:36.511822,Okulary BME280,"30.64,75.82,31.73,85.13,32.56,90.63,29.95,43.22",30.64,75.82,31.73,85.13,32.56,90.63,29.95,43.22,true,0
session_20260623_163953_final,395,43122,2026-06-23T16:40:36.600957,Okulary BME280,"30.65,75.85,31.74,85.23,32.57,90.57,29.95,43.21",30.65,75.85,31.74,85.23,32.57,90.57,29.95,43.21,true,0
session_20260623_163953_final,396,43213,2026-06-23T16:40:36.692805,Okulary BME280,"30.65,75.87,31.73,85.28,32.57,90.43,29.95,43.19",30.65,75.87,31.73,85.28,32.57,90.43,29.95,43.19,true,0
session_20260623_163953_final,397,43345,2026-06-23T16:40:36.824509,Okulary BME280,"30.65,75.88,31.72,85.33,32.54,90.34,29.95,43.21",30.65,75.88,31.72,85.33,32.54,90.34,29.95,43.21,true,0
session_20260623_163953_final,398,43436,2026-06-23T16:40:36.915564,Okulary BME280,"30.65,75.91,31.69,85.40,32.48,90.25,29.95,43.21",30.65,75.91,31.69,85.40,32.48,90.25,29.95,43.21,true,0
session_20260623_163953_final,399,43574,2026-06-23T16:40:37.052846,Okulary BME280,"30.65,75.91,31.68,85.43,32.45,90.20,29.95,43.18",30.65,75.91,31.68,85.43,32.45,90.20,29.95,43.18,true,0
session_20260623_163953_final,400,43661,2026-06-23T16:40:37.140434,Okulary BME280,"30.65,75.92,31.67,85.35,32.42,90.14,29.95,43.18",30.65,75.92,31.67,85.35,32.42,90.14,29.95,43.18,true,0
session_20260623_163953_final,401,43755,2026-06-23T16:40:37.234139,Okulary BME280,"30.65,75.93,31.60,85.04,32.38,90.02,29.95,43.18",30.65,75.93,31.60,85.04,32.38,90.02,29.95,43.18,true,0
session_20260623_163953_final,402,43905,2026-06-23T16:40:37.384169,Okulary BME280,"30.65,76.00,31.55,84.78,32.32,89.90,29.95,43.17",30.65,76.00,31.55,84.78,32.32,89.90,29.95,43.17,true,0
session_20260623_163953_final,403,43975,2026-06-23T16:40:37.454464,Okulary BME280,"30.65,76.03,31.50,84.50,32.26,89.76,29.95,43.16",30.65,76.03,31.50,84.50,32.26,89.76,29.95,43.16,true,0
session_20260623_163953_final,404,44117,2026-06-23T16:40:37.596400,Okulary BME280,"30.66,75.98,31.46,84.23,32.20,89.65,29.95,43.15",30.66,75.98,31.46,84.23,32.20,89.65,29.95,43.15,true,0
session_20260623_163953_final,405,44203,2026-06-23T16:40:37.682465,Okulary BME280,"30.66,76.00,31.43,83.96,32.14,89.54,29.95,43.13",30.66,76.00,31.43,83.96,32.14,89.54,29.95,43.13,true,0
session_20260623_163953_final,406,44340,2026-06-23T16:40:37.819163,Okulary BME280,"30.66,76.00,31.41,83.92,32.10,89.51,29.95,43.15",30.66,76.00,31.41,83.92,32.10,89.51,29.95,43.15,true,0
session_20260623_163953_final,407,44425,2026-06-23T16:40:37.904673,Okulary BME280,"30.66,76.01,31.42,84.01,32.09,90.03,29.96,43.12",30.66,76.01,31.42,84.01,32.09,90.03,29.96,43.12,true,0
session_20260623_163953_final,408,44516,2026-06-23T16:40:37.995419,Okulary BME280,"30.66,76.02,31.46,84.15,32.16,90.27,29.96,43.14",30.66,76.02,31.46,84.15,32.16,90.27,29.96,43.14,true,0
session_20260623_163953_final,409,44655,2026-06-23T16:40:38.134341,Okulary BME280,"30.66,76.03,31.53,84.36,32.26,90.42,29.96,43.11",30.66,76.03,31.53,84.36,32.26,90.42,29.96,43.11,true,0
session_20260623_163953_final,410,44741,2026-06-23T16:40:38.219952,Okulary BME280,"30.66,76.03,31.64,84.72,32.35,90.55,29.95,43.10",30.66,76.03,31.64,84.72,32.35,90.55,29.95,43.10,true,0
session_20260623_163953_final,411,44881,2026-06-23T16:40:38.360748,Okulary BME280,"30.66,75.96,31.68,84.89,32.45,90.63,29.95,43.08",30.66,75.96,31.68,84.89,32.45,90.63,29.95,43.08,true,0
session_20260623_163953_final,412,44965,2026-06-23T16:40:38.444492,Okulary BME280,"30.66,76.07,31.72,85.03,32.51,90.66,29.96,43.07",30.66,76.07,31.72,85.03,32.51,90.66,29.96,43.07,true,0
session_20260623_163953_final,413,45104,2026-06-23T16:40:38.582943,Okulary BME280,"30.67,76.09,31.74,85.17,32.56,90.60,29.95,43.05",30.67,76.09,31.74,85.17,32.56,90.60,29.95,43.05,true,0
session_20260623_163953_final,414,45191,2026-06-23T16:40:38.670204,Okulary BME280,"30.67,76.12,31.75,85.27,32.57,90.55,29.95,43.04",30.67,76.12,31.75,85.27,32.57,90.55,29.95,43.04,true,0
session_20260623_163953_final,415,45281,2026-06-23T16:40:38.760538,Okulary BME280,"30.67,76.12,31.76,85.37,32.57,90.47,29.96,43.04",30.67,76.12,31.76,85.37,32.57,90.47,29.96,43.04,true,0
session_20260623_163953_final,416,45423,2026-06-23T16:40:38.901952,Okulary BME280,"30.67,76.13,31.75,85.45,32.54,90.36,29.95,43.05",30.67,76.13,31.75,85.45,32.54,90.36,29.95,43.05,true,0
session_20260623_163953_final,417,45510,2026-06-23T16:40:38.989316,Okulary BME280,"30.67,76.15,31.75,85.49,32.51,90.29,29.96,43.02",30.67,76.15,31.75,85.49,32.51,90.29,29.96,43.02,true,0
session_20260623_163953_final,418,45644,2026-06-23T16:40:39.123581,Okulary BME280,"30.67,76.15,31.74,85.57,32.48,90.22,29.96,43.02",30.67,76.15,31.74,85.57,32.48,90.22,29.96,43.02,true,0
session_20260623_163953_final,419,45743,2026-06-23T16:40:39.222585,Okulary BME280,"30.67,76.16,31.71,85.58,32.45,90.15,29.96,43.03",30.67,76.16,31.71,85.58,32.45,90.15,29.96,43.03,true,0
session_20260623_163953_final,420,45867,2026-06-23T16:40:39.346045,Okulary BME280,"30.67,76.14,31.68,85.50,32.42,90.11,29.96,43.02",30.67,76.14,31.68,85.50,32.42,90.11,29.96,43.02,true,0
session_20260623_163953_final,421,45955,2026-06-23T16:40:39.434166,Okulary BME280,"30.67,76.18,31.65,85.29,32.39,90.07,29.96,43.01",30.67,76.18,31.65,85.29,32.39,90.07,29.96,43.01,true,0
session_20260623_163953_final,422,46045,2026-06-23T16:40:39.524522,Okulary BME280,"30.67,76.18,31.60,85.04,32.36,90.01,29.96,43.00",30.67,76.18,31.60,85.04,32.36,90.01,29.96,43.00,true,0
session_20260623_163953_final,423,46180,2026-06-23T16:40:39.659165,Okulary BME280,"30.67,76.19,31.56,84.78,32.32,89.88,29.96,42.97",30.67,76.19,31.56,84.78,32.32,89.88,29.96,42.97,true,0
session_20260623_163953_final,424,46270,2026-06-23T16:40:39.749572,Okulary BME280,"30.67,76.19,31.52,84.53,32.27,89.73,29.96,42.97",30.67,76.19,31.52,84.53,32.27,89.73,29.96,42.97,true,0
session_20260623_163953_final,425,46406,2026-06-23T16:40:39.885218,Okulary BME280,"30.67,76.21,31.48,84.28,32.17,89.65,29.96,42.95",30.67,76.21,31.48,84.28,32.17,89.65,29.96,42.95,true,0
session_20260623_163953_final,426,46497,2026-06-23T16:40:39.976008,Okulary BME280,"30.67,76.21,31.45,84.04,32.14,89.59,29.96,42.89",30.67,76.21,31.45,84.04,32.14,89.59,29.96,42.89,true,0
session_20260623_163953_final,427,46586,2026-06-23T16:40:40.065483,Okulary BME280,"30.67,76.21,31.44,84.04,32.11,89.73,29.95,42.89",30.67,76.21,31.44,84.04,32.11,89.73,29.95,42.89,true,0
session_20260623_163953_final,428,46722,2026-06-23T16:40:40.201612,Okulary BME280,"30.67,76.18,31.49,84.19,32.11,89.93,29.96,42.88",30.67,76.18,31.49,84.19,32.11,89.93,29.96,42.88,true,0
session_20260623_163953_final,429,46813,2026-06-23T16:40:40.292443,Okulary BME280,"30.67,76.21,31.54,84.33,32.14,90.12,29.96,42.88",30.67,76.21,31.54,84.33,32.14,90.12,29.96,42.88,true,0
session_20260623_163953_final,430,46945,2026-06-23T16:40:40.424805,Okulary BME280,"30.68,76.23,31.58,84.48,32.20,90.26,29.96,42.87",30.68,76.23,31.58,84.48,32.20,90.26,29.96,42.87,true,0
session_20260623_163953_final,431,47041,2026-06-23T16:40:40.520796,Okulary BME280,"30.67,76.24,31.62,84.64,32.26,90.36,29.96,42.86",30.67,76.24,31.62,84.64,32.26,90.36,29.96,42.86,true,0
session_20260623_163953_final,432,47177,2026-06-23T16:40:40.656467,Okulary BME280,"30.68,76.25,31.65,84.79,32.31,90.47,29.96,42.86",30.68,76.25,31.65,84.79,32.31,90.47,29.96,42.86,true,0
session_20260623_163953_final,433,47264,2026-06-23T16:40:40.742998,Okulary BME280,"30.68,76.26,31.68,84.92,32.40,90.40,29.95,42.84",30.68,76.26,31.68,84.92,32.40,90.40,29.95,42.84,true,0
session_20260623_163953_final,434,47351,2026-06-23T16:40:40.830333,Okulary BME280,"30.68,76.25,31.69,85.03,32.41,90.35,29.96,42.86",30.68,76.25,31.69,85.03,32.41,90.35,29.96,42.86,true,0
session_20260623_163953_final,435,47487,2026-06-23T16:40:40.966103,Okulary BME280,"30.68,76.27,31.71,85.15,32.41,90.32,29.96,42.80",30.68,76.27,31.71,85.15,32.41,90.32,29.96,42.80,true,0
session_20260623_163953_final,436,47576,2026-06-23T16:40:41.055172,Okulary BME280,"30.68,76.29,31.71,85.23,32.40,90.28,29.96,42.80",30.68,76.29,31.71,85.23,32.40,90.28,29.96,42.80,true,0
session_20260623_163953_final,437,47715,2026-06-23T16:40:41.194338,Okulary BME280,"30.68,76.28,31.70,85.36,32.39,90.23,29.96,42.80",30.68,76.28,31.70,85.36,32.39,90.23,29.96,42.80,true,0
session_20260623_163953_final,438,47810,2026-06-23T16:40:41.289418,Okulary BME280,"30.68,76.28,31.69,85.42,32.37,90.18,29.96,42.80",30.68,76.28,31.69,85.42,32.37,90.18,29.96,42.80,true,0
session_20260623_163953_final,439,47936,2026-06-23T16:40:41.415716,Okulary BME280,"30.68,76.28,31.68,85.46,32.35,90.15,29.96,42.80",30.68,76.28,31.68,85.46,32.35,90.15,29.96,42.80,true,0
session_20260623_163953_final,440,48025,2026-06-23T16:40:41.504749,Okulary BME280,"30.68,76.28,31.67,85.50,32.34,90.13,29.97,42.80",30.68,76.28,31.67,85.50,32.34,90.13,29.97,42.80,true,0
session_20260623_163953_final,441,48118,2026-06-23T16:40:41.597340,Okulary BME280,"30.68,76.28,31.67,85.51,32.32,90.08,29.97,42.81",30.68,76.28,31.67,85.51,32.32,90.08,29.97,42.81,true,0
session_20260623_163953_final,442,48252,2026-06-23T16:40:41.731485,Okulary BME280,"30.68,76.28,31.66,85.49,32.30,90.01,29.97,42.83",30.68,76.28,31.66,85.49,32.30,90.01,29.97,42.83,true,0
session_20260623_163953_final,443,48343,2026-06-23T16:40:41.822343,Okulary BME280,"30.68,76.28,31.65,85.52,32.28,89.98,29.98,42.80",30.68,76.28,31.65,85.52,32.28,89.98,29.98,42.80,true,0
session_20260623_163953_final,444,48475,2026-06-23T16:40:41.954511,Okulary BME280,"30.69,76.28,31.64,85.57,32.27,89.95,29.98,42.86",30.69,76.28,31.64,85.57,32.27,89.95,29.98,42.86,true,0
session_20260623_163953_final,445,48581,2026-06-23T16:40:42.060096,Okulary BME280,"30.68,76.25,31.64,85.58,32.25,89.96,29.98,42.85",30.68,76.25,31.64,85.58,32.25,89.96,29.98,42.85,true,0
session_20260623_163953_final,446,48656,2026-06-23T16:40:42.134863,Okulary BME280,"30.69,76.27,31.63,85.63,32.25,89.97,29.98,42.85",30.69,76.27,31.63,85.63,32.25,89.97,29.98,42.85,true,0
session_20260623_163953_final,447,48790,2026-06-23T16:40:42.269104,Okulary BME280,"30.68,76.28,31.64,85.66,32.24,89.96,29.98,42.86",30.68,76.28,31.64,85.66,32.24,89.96,29.98,42.86,true,0
session_20260623_163953_final,448,48882,2026-06-23T16:40:42.361760,Okulary BME280,"30.68,76.28,31.65,85.69,32.24,89.93,29.98,42.87",30.68,76.28,31.65,85.69,32.24,89.93,29.98,42.87,true,0
session_20260623_163953_final,449,49033,2026-06-23T16:40:42.512381,Okulary BME280,"30.68,76.26,31.65,85.72,32.24,89.94,29.98,42.88",30.68,76.26,31.65,85.72,32.24,89.94,29.98,42.88,true,0
session_20260623_163953_final,450,49106,2026-06-23T16:40:42.585645,Okulary BME280,"30.68,76.27,31.65,85.74,32.23,89.88,29.99,42.89",30.68,76.27,31.65,85.74,32.23,89.88,29.99,42.89,true,0
session_20260623_163953_final,451,49244,2026-06-23T16:40:42.723386,Okulary BME280,"30.68,76.26,31.66,85.77,32.22,89.89,29.99,42.89",30.68,76.26,31.66,85.77,32.22,89.89,29.99,42.89,true,0
session_20260623_163953_final,452,49336,2026-06-23T16:40:42.814868,Okulary BME280,"30.68,76.26,31.66,85.79,32.22,89.89,29.99,42.93",30.68,76.26,31.66,85.79,32.22,89.89,29.99,42.93,true,0
session_20260623_163953_final,453,49425,2026-06-23T16:40:42.904753,Okulary BME280,"30.68,76.26,31.66,85.78,32.21,89.90,29.99,42.88",30.68,76.26,31.66,85.78,32.21,89.90,29.99,42.88,true,0
session_20260623_163953_final,454,49556,2026-06-23T16:40:43.035223,Okulary BME280,"30.68,76.18,31.64,85.41,32.21,89.84,29.99,42.89",30.68,76.18,31.64,85.41,32.21,89.84,29.99,42.89,true,0
session_20260623_163953_final,455,49647,2026-06-23T16:40:43.126021,Okulary BME280,"30.68,76.27,31.61,85.13,32.19,89.74,29.99,42.88",30.68,76.27,31.61,85.13,32.19,89.74,29.99,42.88,true,0
session_20260623_163953_final,456,49780,2026-06-23T16:40:43.259313,Okulary BME280,"30.69,76.23,31.57,84.85,32.17,89.62,29.99,42.88",30.69,76.23,31.57,84.85,32.17,89.62,29.99,42.88,true,0
session_20260623_163953_final,457,49886,2026-06-23T16:40:43.365383,Okulary BME280,"30.69,76.23,31.54,84.57,32.13,89.54,29.99,42.90",30.69,76.23,31.54,84.57,32.13,89.54,29.99,42.90,true,0
session_20260623_163953_final,458,50024,2026-06-23T16:40:43.503064,Okulary BME280,"30.68,76.22,31.51,84.43,32.10,89.44,29.99,42.90",30.68,76.22,31.51,84.43,32.10,89.44,29.99,42.90,true,0
session_20260623_163953_final,459,50099,2026-06-23T16:40:43.578160,Okulary BME280,"30.69,76.21,31.51,84.46,32.08,89.64,29.99,42.90",30.69,76.21,31.51,84.46,32.08,89.64,29.99,42.90,true,0
session_20260623_163953_final,460,50189,2026-06-23T16:40:43.668770,Okulary BME280,"30.68,76.20,31.53,84.55,32.12,90.04,29.99,42.91",30.68,76.20,31.53,84.55,32.12,90.04,29.99,42.91,true,0
session_20260623_163953_final,461,50321,2026-06-23T16:40:43.800803,Okulary BME280,"30.69,76.18,31.57,84.71,32.17,90.19,29.99,42.88",30.69,76.18,31.57,84.71,32.17,90.19,29.99,42.88,true,0
session_20260623_163953_final,462,50411,2026-06-23T16:40:43.890524,Okulary BME280,"30.69,76.17,31.61,84.83,32.22,90.31,30.00,42.94",30.69,76.17,31.61,84.83,32.22,90.31,30.00,42.94,true,0
session_20260623_163953_final,463,50547,2026-06-23T16:40:44.025967,Okulary BME280,"30.68,76.17,31.68,85.12,32.28,90.37,30.00,42.94",30.68,76.17,31.68,85.12,32.28,90.37,30.00,42.94,true,0
session_20260623_163953_final,464,50636,2026-06-23T16:40:44.115460,Okulary BME280,"30.69,76.17,31.71,85.24,32.33,90.39,30.00,42.95",30.69,76.17,31.71,85.24,32.33,90.39,30.00,42.95,true,0
session_20260623_163953_final,465,50771,2026-06-23T16:40:44.250525,Okulary BME280,"30.69,76.17,31.72,85.38,32.36,90.38,30.00,42.97",30.69,76.17,31.72,85.38,32.36,90.38,30.00,42.97,true,0
session_20260623_163953_final,466,50861,2026-06-23T16:40:44.340085,Okulary BME280,"30.69,76.17,31.74,85.47,32.38,90.36,30.00,42.98",30.69,76.17,31.74,85.47,32.38,90.36,30.00,42.98,true,0
session_20260623_163953_final,467,50950,2026-06-23T16:40:44.429617,Okulary BME280,"30.69,76.17,31.74,85.54,32.39,90.30,30.00,42.98",30.69,76.17,31.74,85.54,32.39,90.30,30.00,42.98,true,0
session_20260623_163953_final,468,51085,2026-06-23T16:40:44.564243,Okulary BME280,"30.69,76.16,31.74,85.53,32.39,90.23,30.00,42.99",30.69,76.16,31.74,85.53,32.39,90.23,30.00,42.99,true,0
session_20260623_163953_final,469,51178,2026-06-23T16:40:44.657532,Okulary BME280,"30.69,76.15,31.72,85.39,32.33,90.10,30.01,42.98",30.69,76.15,31.72,85.39,32.33,90.10,30.01,42.98,true,0
session_20260623_163953_final,470,51315,2026-06-23T16:40:44.794537,Okulary BME280,"30.70,76.15,31.67,85.17,32.30,89.99,30.01,42.97",30.70,76.15,31.67,85.17,32.30,89.99,30.01,42.97,true,0
session_20260623_163953_final,471,51400,2026-06-23T16:40:44.879741,Okulary BME280,"30.70,76.10,31.63,84.86,32.26,89.88,30.00,42.97",30.70,76.10,31.63,84.86,32.26,89.88,30.00,42.97,true,0
session_20260623_163953_final,472,51505,2026-06-23T16:40:44.984630,Okulary BME280,"30.70,76.16,31.53,84.27,32.21,89.79,30.00,42.97",30.70,76.16,31.53,84.27,32.21,89.79,30.00,42.97,true,0
session_20260623_163953_final,473,51628,2026-06-23T16:40:45.107386,Okulary BME280,"30.70,76.11,31.50,83.98,32.17,89.69,30.01,42.97",30.70,76.11,31.50,83.98,32.17,89.69,30.01,42.97,true,0
session_20260623_163953_final,474,51717,2026-06-23T16:40:45.196347,Okulary BME280,"30.70,76.09,31.47,83.69,32.13,89.63,30.01,42.97",30.70,76.09,31.47,83.69,32.13,89.63,30.01,42.97,true,0
session_20260623_163953_final,475,51852,2026-06-23T16:40:45.331561,Okulary BME280,"30.69,76.08,31.45,83.52,32.10,89.54,30.01,42.97",30.69,76.08,31.45,83.52,32.10,89.54,30.01,42.97,true,0
session_20260623_163953_final,476,51961,2026-06-23T16:40:45.439893,Okulary BME280,"30.70,76.08,31.44,83.54,32.08,89.63,30.01,42.97",30.70,76.08,31.44,83.54,32.08,89.63,30.01,42.97,true,0
session_20260623_163953_final,477,52080,2026-06-23T16:40:45.559630,Okulary BME280,"30.70,76.06,31.48,83.68,32.08,89.87,30.01,42.97",30.70,76.06,31.48,83.68,32.08,89.87,30.01,42.97,true,0
session_20260623_163953_final,478,52165,2026-06-23T16:40:45.644231,Okulary BME280,"30.70,76.05,31.53,83.85,32.19,90.33,30.01,42.98",30.70,76.05,31.53,83.85,32.19,90.33,30.01,42.98,true,0
session_20260623_163953_final,479,52258,2026-06-23T16:40:45.737663,Okulary BME280,"30.70,76.05,31.59,84.08,32.29,90.48,30.01,42.99",30.70,76.05,31.59,84.08,32.29,90.48,30.01,42.99,true,0
session_20260623_163953_final,480,52390,2026-06-23T16:40:45.869002,Okulary BME280,"30.70,76.11,31.64,84.29,32.39,90.59,30.02,42.99",30.70,76.11,31.64,84.29,32.39,90.59,30.02,42.99,true,0
session_20260623_163953_final,481,52482,2026-06-23T16:40:45.961050,Okulary BME280,"30.71,76.04,31.73,84.66,32.48,90.67,30.02,42.99",30.71,76.04,31.73,84.66,32.48,90.67,30.02,42.99,true,0
session_20260623_163953_final,482,52616,2026-06-23T16:40:46.095630,Okulary BME280,"30.71,76.05,31.76,84.84,32.54,90.69,30.02,42.98",30.71,76.05,31.76,84.84,32.54,90.69,30.02,42.98,true,0
session_20260623_163953_final,483,52705,2026-06-23T16:40:46.184320,Okulary BME280,"30.71,76.04,31.79,84.97,32.59,90.68,30.02,42.98",30.71,76.04,31.79,84.97,32.59,90.68,30.02,42.98,true,0
session_20260623_163953_final,484,52841,2026-06-23T16:40:46.320493,Okulary BME280,"30.72,76.06,31.80,85.10,32.61,90.61,30.02,42.97",30.72,76.06,31.80,85.10,32.61,90.61,30.02,42.97,true,0
session_20260623_163953_final,485,52932,2026-06-23T16:40:46.411176,Okulary BME280,"30.71,76.05,31.80,85.19,32.61,90.50,30.02,42.96",30.71,76.05,31.80,85.19,32.61,90.50,30.02,42.96,true,0
session_20260623_163953_final,486,53024,2026-06-23T16:40:46.503492,Okulary BME280,"30.72,76.06,31.78,85.25,32.59,90.46,30.02,42.96",30.72,76.06,31.78,85.25,32.59,90.46,30.02,42.96,true,0
session_20260623_163953_final,487,53156,2026-06-23T16:40:46.635199,Okulary BME280,"30.73,76.04,31.77,85.33,32.53,90.33,30.03,42.97",30.73,76.04,31.77,85.33,32.53,90.33,30.03,42.97,true,0
session_20260623_163953_final,488,53251,2026-06-23T16:40:46.730618,Okulary BME280,"30.72,76.07,31.75,85.42,32.50,90.29,30.02,42.97",30.72,76.07,31.75,85.42,32.50,90.29,30.02,42.97,true,0
session_20260623_163953_final,489,53391,2026-06-23T16:40:46.870231,Okulary BME280,"30.72,76.02,31.74,85.46,32.47,90.23,30.03,43.03",30.72,76.02,31.74,85.46,32.47,90.23,30.03,43.03,true,0
session_20260623_163953_final,490,53471,2026-06-23T16:40:46.950006,Okulary BME280,"30.72,76.04,31.71,85.53,32.45,90.17,30.03,43.01",30.72,76.04,31.71,85.53,32.45,90.17,30.03,43.01,true,0
session_20260623_163953_final,491,53567,2026-06-23T16:40:47.046414,Okulary BME280,"30.73,76.03,31.71,85.58,32.43,90.12,30.03,43.01",30.73,76.03,31.71,85.58,32.43,90.12,30.03,43.01,true,0
session_20260623_163953_final,492,53697,2026-06-23T16:40:47.176351,Okulary BME280,"30.73,76.03,31.70,85.60,32.40,90.11,30.03,43.01",30.73,76.03,31.70,85.60,32.40,90.11,30.03,43.01,true,0
session_20260623_163953_final,493,53785,2026-06-23T16:40:47.264417,Okulary BME280,"30.73,76.03,31.69,85.62,32.38,90.05,30.03,43.03",30.73,76.03,31.69,85.62,32.38,90.05,30.03,43.03,true,0
session_20260623_163953_final,494,53932,2026-06-23T16:40:47.410823,Okulary BME280,"30.73,76.04,31.68,85.63,32.36,89.99,30.03,43.01",30.73,76.04,31.68,85.63,32.36,89.99,30.03,43.01,true,0
session_20260623_163953_final,495,54012,2026-06-23T16:40:47.491602,Okulary BME280,"30.73,76.03,31.67,85.64,32.34,89.97,30.03,43.01",30.73,76.03,31.67,85.64,32.34,89.97,30.03,43.01,true,0
session_20260623_163953_final,496,54148,2026-06-23T16:40:47.626836,Okulary BME280,"30.74,76.02,31.67,85.65,32.31,89.97,30.03,43.00",30.74,76.02,31.67,85.65,32.31,89.97,30.03,43.00,true,0
session_20260623_163953_final,497,54242,2026-06-23T16:40:47.721146,Okulary BME280,"30.73,76.01,31.66,85.70,32.30,89.95,30.03,42.96",30.73,76.01,31.66,85.70,32.30,89.95,30.03,42.96,true,0
session_20260623_163953_final,498,54326,2026-06-23T16:40:47.805424,Okulary BME280,"30.74,76.03,31.66,85.70,32.29,89.94,30.03,42.97",30.74,76.03,31.66,85.70,32.29,89.94,30.03,42.97,true,0
session_20260623_163953_final,499,54461,2026-06-23T16:40:47.940606,Okulary BME280,"30.73,76.02,31.64,85.37,32.28,89.92,30.03,42.89",30.73,76.02,31.64,85.37,32.28,89.92,30.03,42.89,true,0
session_20260623_163953_final,500,54559,2026-06-23T16:40:48.038102,Okulary BME280,"30.74,76.01,31.61,85.10,32.26,89.84,30.02,42.85",30.74,76.01,31.61,85.10,32.26,89.84,30.02,42.85,true,0
session_20260623_163953_final,501,54689,2026-06-23T16:40:48.168154,Okulary BME280,"30.74,76.01,31.58,84.80,32.23,89.73,30.02,42.82",30.74,76.01,31.58,84.80,32.23,89.73,30.02,42.82,true,0
session_20260623_163953_final,502,54775,2026-06-23T16:40:48.254435,Okulary BME280,"30.74,76.00,31.55,84.52,32.19,89.61,30.02,42.77",30.74,76.00,31.55,84.52,32.19,89.61,30.02,42.77,true,0
session_20260623_163953_final,503,54911,2026-06-23T16:40:48.390322,Okulary BME280,"30.74,75.99,31.53,84.24,32.14,89.52,30.02,42.73",30.74,75.99,31.53,84.24,32.14,89.52,30.02,42.73,true,0
session_20260623_163953_final,504,55003,2026-06-23T16:40:48.482212,Okulary BME280,"30.74,75.98,31.51,84.10,32.08,89.61,30.02,42.70",30.74,75.98,31.51,84.10,32.08,89.61,30.02,42.70,true,0
session_20260623_163953_final,505,55091,2026-06-23T16:40:48.570284,Okulary BME280,"30.74,76.02,31.51,84.14,32.09,89.86,30.02,42.67",30.74,76.02,31.51,84.14,32.09,89.86,30.02,42.67,true,0
session_20260623_163953_final,506,55235,2026-06-23T16:40:48.714402,Okulary BME280,"30.74,76.06,31.54,84.29,32.13,90.09,30.01,42.68",30.74,76.06,31.54,84.29,32.13,90.09,30.01,42.68,true,0
session_20260623_163953_final,507,55317,2026-06-23T16:40:48.796542,Okulary BME280,"30.75,75.96,31.59,84.42,32.21,90.29,30.01,42.58",30.75,75.96,31.59,84.42,32.21,90.29,30.01,42.58,true,0
session_20260623_163953_final,508,55471,2026-06-23T16:40:48.950372,Okulary BME280,"30.74,75.97,31.68,84.78,32.30,90.42,30.02,42.58",30.74,75.97,31.68,84.78,32.30,90.42,30.02,42.58,true,0
session_20260623_163953_final,509,55541,2026-06-23T16:40:49.020125,Okulary BME280,"30.74,75.96,31.73,84.95,32.39,90.52,30.01,42.58",30.74,75.96,31.73,84.95,32.39,90.52,30.01,42.58,true,0
session_20260623_163953_final,510,55633,2026-06-23T16:40:49.112349,Okulary BME280,"30.75,75.96,31.76,85.11,32.46,90.55,30.01,42.57",30.75,75.96,31.76,85.11,32.46,90.55,30.01,42.57,true,0
session_20260623_163953_final,511,55767,2026-06-23T16:40:49.246462,Okulary BME280,"30.75,75.97,31.79,85.23,32.51,90.54,30.02,42.57",30.75,75.97,31.79,85.23,32.51,90.54,30.02,42.57,true,0
session_20260623_163953_final,512,55870,2026-06-23T16:40:49.349659,Okulary BME280,"30.75,75.97,31.80,85.34,32.53,90.45,30.01,42.56",30.75,75.97,31.80,85.34,32.53,90.45,30.01,42.56,true,0
session_20260623_163953_final,513,56005,2026-06-23T16:40:49.484337,Okulary BME280,"30.75,75.97,31.80,85.45,32.52,90.38,30.02,42.56",30.75,75.97,31.80,85.45,32.52,90.38,30.02,42.56,true,0
session_20260623_163953_final,514,56081,2026-06-23T16:40:49.560420,Okulary BME280,"30.76,76.05,31.80,85.51,32.50,90.29,30.02,42.56",30.76,76.05,31.80,85.51,32.50,90.29,30.02,42.56,true,0
session_20260623_163953_final,515,56216,2026-06-23T16:40:49.695064,Okulary BME280,"30.75,75.99,31.78,85.53,32.48,90.20,30.02,42.58",30.75,75.99,31.78,85.53,32.48,90.20,30.02,42.58,true,0
session_20260623_163953_final,516,56320,2026-06-23T16:40:49.799281,Okulary BME280,"30.76,76.01,31.77,85.56,32.45,90.14,30.02,42.57",30.76,76.01,31.77,85.56,32.45,90.14,30.02,42.57,true,0
session_20260623_163953_final,517,56398,2026-06-23T16:40:49.877600,Okulary BME280,"30.77,76.01,31.73,85.64,32.42,90.11,30.03,42.56",30.77,76.01,31.73,85.64,32.42,90.11,30.03,42.56,true,0
session_20260623_163953_final,518,56538,2026-06-23T16:40:50.017125,Okulary BME280,"30.76,76.01,31.72,85.66,32.40,90.08,30.03,42.56",30.76,76.01,31.72,85.66,32.40,90.08,30.03,42.56,true,0
session_20260623_163953_final,519,56625,2026-06-23T16:40:50.104112,Okulary BME280,"30.76,76.00,31.71,85.68,32.38,90.03,30.03,42.56",30.76,76.00,31.71,85.68,32.38,90.03,30.03,42.56,true,0
session_20260623_163953_final,520,56778,2026-06-23T16:40:50.257614,Okulary BME280,"30.77,75.99,31.70,85.70,32.35,89.95,30.02,42.56",30.77,75.99,31.70,85.70,32.35,89.95,30.02,42.56,true,0
session_20260623_163953_final,521,56845,2026-06-23T16:40:50.324070,Okulary BME280,"30.76,75.99,31.69,85.71,32.33,90.01,30.03,42.56",30.76,75.99,31.69,85.71,32.33,90.01,30.03,42.56,true,0
session_20260623_163953_final,522,56979,2026-06-23T16:40:50.458666,Okulary BME280,"30.76,75.99,31.69,85.71,32.31,89.94,30.03,42.57",30.76,75.99,31.69,85.71,32.31,89.94,30.03,42.57,true,0
session_20260623_163953_final,523,57071,2026-06-23T16:40:50.550764,Okulary BME280,"30.76,75.88,31.68,85.60,32.30,89.92,30.03,42.57",30.76,75.88,31.68,85.60,32.30,89.92,30.03,42.57,true,0
session_20260623_163953_final,524,57175,2026-06-23T16:40:50.654648,Okulary BME280,"30.76,75.95,31.66,85.38,32.28,89.84,30.04,42.60",30.76,75.95,31.66,85.38,32.28,89.84,30.04,42.60,true,0
session_20260623_163953_final,525,57301,2026-06-23T16:40:50.780535,Okulary BME280,"30.76,75.94,31.63,84.90,32.24,89.75,30.04,42.60",30.76,75.94,31.63,84.90,32.24,89.75,30.04,42.60,true,0
session_20260623_163953_final,526,57391,2026-06-23T16:40:50.870666,Okulary BME280,"30.75,75.94,31.57,84.62,32.20,89.64,30.03,42.61",30.75,75.94,31.57,84.62,32.20,89.64,30.03,42.61,true,0
session_20260623_163953_final,527,57524,2026-06-23T16:40:51.003617,Okulary BME280,"30.75,75.93,31.55,84.34,32.16,89.56,30.03,42.62",30.75,75.93,31.55,84.34,32.16,89.56,30.03,42.62,true,0
session_20260623_163953_final,528,57622,2026-06-23T16:40:51.101049,Okulary BME280,"30.76,75.93,31.53,84.06,32.13,89.50,30.04,42.63",30.76,75.93,31.53,84.06,32.13,89.50,30.04,42.63,true,0
session_20260623_163953_final,529,57746,2026-06-23T16:40:51.225609,Okulary BME280,"30.75,75.91,31.51,83.83,32.09,89.45,30.04,42.66",30.75,75.91,31.51,83.83,32.09,89.45,30.04,42.66,true,0
session_20260623_163953_final,530,57838,2026-06-23T16:40:51.317553,Okulary BME280,"30.75,75.89,31.50,83.75,32.08,89.45,30.03,42.68",30.75,75.89,31.50,83.75,32.08,89.45,30.03,42.68,true,0
session_20260623_163953_final,531,57936,2026-06-23T16:40:51.415423,Okulary BME280,"30.76,75.85,31.52,83.84,32.09,89.94,30.04,42.69",30.76,75.85,31.52,83.84,32.09,89.94,30.04,42.69,true,0
session_20260623_163953_final,532,58061,2026-06-23T16:40:51.539884,Okulary BME280,"30.75,75.87,31.55,83.98,32.16,90.17,30.04,42.70",30.75,75.87,31.55,83.98,32.16,90.17,30.04,42.70,true,0
session_20260623_163953_final,533,58154,2026-06-23T16:40:51.633423,Okulary BME280,"30.76,75.85,31.60,84.16,32.25,90.36,30.04,42.77",30.76,75.85,31.60,84.16,32.25,90.36,30.04,42.77,true,0
session_20260623_163953_final,534,58286,2026-06-23T16:40:51.765066,Okulary BME280,"30.76,75.87,31.71,84.58,32.35,90.50,30.04,42.73",30.76,75.87,31.71,84.58,32.35,90.50,30.04,42.73,true,0
session_20260623_163953_final,535,58379,2026-06-23T16:40:51.858121,Okulary BME280,"30.76,75.85,31.75,84.77,32.45,90.58,30.04,42.80",30.76,75.85,31.75,84.77,32.45,90.58,30.04,42.80,true,0
session_20260623_163953_final,536,58466,2026-06-23T16:40:51.945647,Okulary BME280,"30.77,75.86,31.79,84.93,32.52,90.60,30.05,42.81",30.77,75.86,31.79,84.93,32.52,90.60,30.05,42.81,true,0
session_20260623_163953_final,537,58600,2026-06-23T16:40:52.079717,Okulary BME280,"30.77,75.86,31.81,85.06,32.56,90.58,30.05,42.82",30.77,75.86,31.81,85.06,32.56,90.58,30.05,42.82,true,0
session_20260623_163953_final,538,58691,2026-06-23T16:40:52.170486,Okulary BME280,"30.77,75.86,31.81,85.19,32.58,90.55,30.05,42.83",30.77,75.86,31.81,85.19,32.58,90.55,30.05,42.83,true,0
session_20260623_163953_final,539,58827,2026-06-23T16:40:52.306375,Okulary BME280,"30.77,75.86,31.82,85.29,32.58,90.46,30.06,42.84",30.77,75.86,31.82,85.29,32.58,90.46,30.06,42.84,true,0
session_20260623_163953_final,540,58916,2026-06-23T16:40:52.395273,Okulary BME280,"30.77,75.87,31.81,85.38,32.55,90.33,30.06,42.85",30.77,75.87,31.81,85.38,32.55,90.33,30.06,42.85,true,0
session_20260623_163953_final,541,59058,2026-06-23T16:40:52.537746,Okulary BME280,"30.76,75.83,31.81,85.50,32.52,90.29,30.05,42.85",30.76,75.83,31.81,85.50,32.52,90.29,30.05,42.85,true,0
session_20260623_163953_final,542,59144,2026-06-23T16:40:52.622850,Okulary BME280,"30.76,75.83,31.80,85.53,32.50,90.25,30.05,42.83",30.76,75.83,31.80,85.53,32.50,90.25,30.05,42.83,true,0
session_20260623_163953_final,543,59234,2026-06-23T16:40:52.712877,Okulary BME280,"30.77,75.82,31.78,85.67,32.48,90.18,30.06,42.83",30.77,75.82,31.78,85.67,32.48,90.18,30.06,42.83,true,0
session_20260623_163953_final,544,59368,2026-06-23T16:40:52.847303,Okulary BME280,"30.76,75.80,31.77,85.73,32.45,90.14,30.06,42.81",30.76,75.80,31.77,85.73,32.45,90.14,30.06,42.81,true,0
session_20260623_163953_final,545,59457,2026-06-23T16:40:52.936032,Okulary BME280,"30.77,75.79,31.76,85.79,32.43,90.11,30.05,42.78",30.77,75.79,31.76,85.79,32.43,90.11,30.05,42.78,true,0
session_20260623_163953_final,546,59590,2026-06-23T16:40:53.069137,Okulary BME280,"30.77,75.79,31.76,85.83,32.41,90.07,30.05,42.76",30.77,75.79,31.76,85.83,32.41,90.07,30.05,42.76,true,0
session_20260623_163953_final,547,59680,2026-06-23T16:40:53.159778,Okulary BME280,"30.77,75.78,31.76,85.88,32.39,90.01,30.05,42.73",30.77,75.78,31.76,85.88,32.39,90.01,30.05,42.73,true,0
session_20260623_163953_final,548,59819,2026-06-23T16:40:53.298528,Okulary BME280,"30.76,75.76,31.76,85.93,32.37,90.00,30.04,42.71",30.76,75.76,31.76,85.93,32.37,90.00,30.04,42.71,true,0
session_20260623_163953_final,549,59904,2026-06-23T16:40:53.383686,Okulary BME280,"30.77,75.81,31.76,85.95,32.34,89.99,30.04,42.69",30.77,75.81,31.76,85.95,32.34,89.99,30.04,42.69,true,0
session_20260623_163953_final,550,59996,2026-06-23T16:40:53.474863,Okulary BME280,"30.77,75.75,31.75,85.84,32.32,89.90,30.04,42.67",30.77,75.75,31.75,85.84,32.32,89.90,30.04,42.67,true,0
session_20260623_163953_final,551,60136,2026-06-23T16:40:53.615202,Okulary BME280,"30.78,75.73,31.72,85.55,32.29,89.77,30.04,42.69",30.78,75.73,31.72,85.55,32.29,89.77,30.04,42.69,true,0
session_20260623_163953_final,552,60221,2026-06-23T16:40:53.700090,Okulary BME280,"30.78,75.72,31.63,85.03,32.24,89.64,30.04,42.64",30.78,75.72,31.63,85.03,32.24,89.64,30.04,42.64,true,0
session_20260623_163953_final,553,60358,2026-06-23T16:40:53.837731,Okulary BME280,"30.77,75.71,31.58,84.76,32.19,89.55,30.04,42.61",30.77,75.71,31.58,84.76,32.19,89.55,30.04,42.61,true,0
session_20260623_163953_final,554,60453,2026-06-23T16:40:53.932182,Okulary BME280,"30.77,75.68,31.56,84.63,32.15,89.47,30.04,42.61",30.77,75.68,31.56,84.63,32.15,89.47,30.04,42.61,true,0
session_20260623_163953_final,555,60555,2026-06-23T16:40:54.034790,Okulary BME280,"30.78,75.67,31.55,84.65,32.12,89.61,30.04,42.61",30.78,75.67,31.55,84.65,32.12,89.61,30.04,42.61,true,0
session_20260623_163953_final,556,60673,2026-06-23T16:40:54.151857,Okulary BME280,"30.77,75.65,31.57,84.76,32.12,89.87,30.04,42.60",30.77,75.65,31.57,84.76,32.12,89.87,30.04,42.60,true,0
session_20260623_163953_final,557,60761,2026-06-23T16:40:54.240236,Okulary BME280,"30.77,75.68,31.61,84.90,32.16,90.05,30.04,42.60",30.77,75.68,31.61,84.90,32.16,90.05,30.04,42.60,true,0
session_20260623_163953_final,558,60895,2026-06-23T16:40:54.374751,Okulary BME280,"30.77,75.61,31.66,85.03,32.29,90.31,30.05,42.59",30.77,75.61,31.66,85.03,32.29,90.31,30.05,42.59,true,0
session_20260623_163953_final,559,60995,2026-06-23T16:40:54.474288,Okulary BME280,"30.78,75.61,31.69,85.17,32.35,90.35,30.05,42.57",30.78,75.61,31.69,85.17,32.35,90.35,30.05,42.57,true,0
session_20260623_163953_final,560,61120,2026-06-23T16:40:54.599232,Okulary BME280,"30.78,75.61,31.73,85.29,32.40,90.34,30.04,42.57",30.78,75.61,31.73,85.29,32.40,90.34,30.04,42.57,true,0
session_20260623_163953_final,561,61213,2026-06-23T16:40:54.692784,Okulary BME280,"30.78,75.59,31.78,85.53,32.43,90.30,30.05,42.56",30.78,75.59,31.78,85.53,32.43,90.30,30.05,42.56,true,0
session_20260623_163953_final,562,61300,2026-06-23T16:40:54.779290,Okulary BME280,"30.78,75.59,31.79,85.61,32.44,90.26,30.05,42.54",30.78,75.59,31.79,85.61,32.44,90.26,30.05,42.54,true,0
session_20260623_163953_final,563,61438,2026-06-23T16:40:54.916951,Okulary BME280,"30.79,75.57,31.79,85.71,32.44,90.23,30.05,42.53",30.79,75.57,31.79,85.71,32.44,90.23,30.05,42.53,true,0
session_20260623_163953_final,564,61525,2026-06-23T16:40:55.004128,Okulary BME280,"30.79,75.56,31.79,85.71,32.43,90.19,30.06,42.52",30.79,75.56,31.79,85.71,32.43,90.19,30.06,42.52,true,0
session_20260623_163953_final,565,61675,2026-06-23T16:40:55.154402,Okulary BME280,"30.79,75.46,31.77,85.56,32.42,90.15,30.05,42.50",30.79,75.46,31.77,85.56,32.42,90.15,30.05,42.50,true,0
session_20260623_163953_final,566,61752,2026-06-23T16:40:55.231072,Okulary BME280,"30.79,75.53,31.73,85.38,32.40,89.95,30.05,42.49",30.79,75.53,31.73,85.38,32.40,89.95,30.05,42.49,true,0
session_20260623_163953_final,567,61902,2026-06-23T16:40:55.381185,Okulary BME280,"30.79,75.49,31.68,85.17,32.31,89.79,30.05,42.48",30.79,75.49,31.68,85.17,32.31,89.79,30.05,42.48,true,0
session_20260623_163953_final,568,61976,2026-06-23T16:40:55.454832,Okulary BME280,"30.79,75.46,31.64,84.94,32.26,89.69,30.06,42.47",30.79,75.46,31.64,84.94,32.26,89.69,30.06,42.47,true,0
session_20260623_163953_final,569,62066,2026-06-23T16:40:55.545791,Okulary BME280,"30.79,75.43,31.60,84.71,32.21,89.63,30.06,42.45",30.79,75.43,31.60,84.71,32.21,89.63,30.06,42.45,true,0
session_20260623_163953_final,570,62200,2026-06-23T16:40:55.679375,Okulary BME280,"30.79,75.42,31.57,84.77,32.18,89.82,30.06,42.46",30.79,75.42,31.57,84.77,32.18,89.82,30.06,42.46,true,0
session_20260623_163953_final,571,62303,2026-06-23T16:40:55.781908,Okulary BME280,"30.79,75.39,31.61,84.92,32.20,90.06,30.06,42.44",30.79,75.39,31.61,84.92,32.20,90.06,30.06,42.44,true,0
session_20260623_163953_final,572,62435,2026-06-23T16:40:55.913886,Okulary BME280,"30.79,75.38,31.65,85.07,32.26,90.28,30.06,42.45",30.79,75.38,31.65,85.07,32.26,90.28,30.06,42.45,true,0
session_20260623_163953_final,573,62516,2026-06-23T16:40:55.995553,Okulary BME280,"30.79,75.37,31.71,85.23,32.35,90.40,30.06,42.45",30.79,75.37,31.71,85.23,32.35,90.40,30.06,42.45,true,0
session_20260623_163953_final,574,62658,2026-06-23T16:40:56.137267,Okulary BME280,"30.79,75.37,31.77,85.41,32.46,90.57,30.06,42.46",30.79,75.37,31.77,85.41,32.46,90.57,30.06,42.46,true,0
session_20260623_163953_final,575,62744,2026-06-23T16:40:56.223646,Okulary BME280,"30.80,75.36,31.81,85.53,32.60,90.60,30.06,42.47",30.80,75.36,31.81,85.53,32.60,90.60,30.06,42.47,true,0
session_20260623_163953_final,576,62831,2026-06-23T16:40:56.310370,Okulary BME280,"30.80,75.34,31.84,85.66,32.63,90.53,30.06,42.48",30.80,75.34,31.84,85.66,32.63,90.53,30.06,42.48,true,0
session_20260623_163953_final,577,62969,2026-06-23T16:40:56.448639,Okulary BME280,"30.80,75.34,31.85,85.78,32.63,90.47,30.06,42.50",30.80,75.34,31.85,85.78,32.63,90.47,30.06,42.50,true,0
session_20260623_163953_final,578,63057,2026-06-23T16:40:56.535847,Okulary BME280,"30.79,75.33,31.85,85.81,32.62,90.39,30.07,42.50",30.79,75.33,31.85,85.81,32.62,90.39,30.07,42.50,true,0
session_20260623_163953_final,579,63195,2026-06-23T16:40:56.674450,Okulary BME280,"30.80,75.32,31.83,85.83,32.60,90.32,30.07,42.56",30.80,75.32,31.83,85.83,32.60,90.32,30.07,42.56,true,0
session_20260623_163953_final,580,63280,2026-06-23T16:40:56.759702,Okulary BME280,"30.80,75.31,31.80,85.75,32.57,90.25,30.07,42.58",30.80,75.31,31.80,85.75,32.57,90.25,30.07,42.58,true,0
session_20260623_163953_final,581,63373,2026-06-23T16:40:56.852618,Okulary BME280,"30.80,75.30,31.76,85.55,32.53,90.17,30.07,42.59",30.80,75.30,31.76,85.55,32.53,90.17,30.07,42.59,true,0
session_20260623_163953_final,582,63513,2026-06-23T16:40:56.992278,Okulary BME280,"30.80,75.27,31.72,85.32,32.49,90.05,30.06,42.60",30.80,75.27,31.72,85.32,32.49,90.05,30.06,42.60,true,0
session_20260623_163953_final,583,63595,2026-06-23T16:40:57.074447,Okulary BME280,"30.80,75.28,31.67,85.06,32.43,89.94,30.07,42.60",30.80,75.28,31.67,85.06,32.43,89.94,30.07,42.60,true,0
session_20260623_163953_final,584,63731,2026-06-23T16:40:57.210736,Okulary BME280,"30.80,75.20,31.63,84.82,32.30,89.64,30.07,42.61",30.80,75.20,31.63,84.82,32.30,89.64,30.07,42.61,true,0
session_20260623_163953_final,585,63820,2026-06-23T16:40:57.299180,Okulary BME280,"30.80,75.16,31.59,84.56,32.23,89.55,30.07,42.60",30.80,75.16,31.59,84.56,32.23,89.55,30.07,42.60,true,0
session_20260623_163953_final,586,63957,2026-06-23T16:40:57.436117,Okulary BME280,"30.80,75.13,31.57,84.25,32.18,89.48,30.07,42.60",30.80,75.13,31.57,84.25,32.18,89.48,30.07,42.60,true,0
session_20260623_163953_final,587,64054,2026-06-23T16:40:57.533123,Okulary BME280,"30.80,75.10,31.55,84.00,32.15,89.46,30.07,42.58",30.80,75.10,31.55,84.00,32.15,89.46,30.07,42.58,true,0
session_20260623_163953_final,588,64138,2026-06-23T16:40:57.617761,Okulary BME280,"30.80,75.06,31.53,83.74,32.12,89.43,30.07,42.61",30.80,75.06,31.53,83.74,32.12,89.43,30.07,42.61,true,0
session_20260623_163953_final,589,64273,2026-06-23T16:40:57.751962,Okulary BME280,"30.80,75.02,31.54,83.81,32.10,89.57,30.07,42.62",30.80,75.02,31.54,83.81,32.10,89.57,30.07,42.62,true,0
session_20260623_163953_final,590,64364,2026-06-23T16:40:57.843096,Okulary BME280,"30.80,75.00,31.57,83.91,32.11,89.70,30.07,42.62",30.80,75.00,31.57,83.91,32.11,89.70,30.07,42.62,true,0
session_20260623_163953_final,591,64503,2026-06-23T16:40:57.982745,Okulary BME280,"30.80,74.96,31.59,84.02,32.13,89.80,30.07,42.62",30.80,74.96,31.59,84.02,32.13,89.80,30.07,42.62,true,0
session_20260623_163953_final,592,64586,2026-06-23T16:40:58.065115,Okulary BME280,"30.80,74.96,31.63,84.13,32.15,89.86,30.08,42.63",30.80,74.96,31.63,84.13,32.15,89.86,30.08,42.63,true,0
session_20260623_163953_final,593,64721,2026-06-23T16:40:58.199869,Okulary BME280,"30.80,74.88,31.64,84.18,32.18,89.89,30.07,42.62",30.80,74.88,31.64,84.18,32.18,89.89,30.07,42.62,true,0
session_20260623_163953_final,594,64811,2026-06-23T16:40:58.289850,Okulary BME280,"30.80,74.87,31.65,84.28,32.19,89.95,30.07,42.62",30.80,74.87,31.65,84.28,32.19,89.95,30.07,42.62,true,0
session_20260623_163953_final,595,64903,2026-06-23T16:40:58.381999,Okulary BME280,"30.80,74.84,31.66,84.38,32.22,90.12,30.08,42.61",30.80,74.84,31.66,84.38,32.22,90.12,30.08,42.61,true,0
session_20260623_163953_final,596,65035,2026-06-23T16:40:58.514445,Okulary BME280,"30.80,74.83,31.67,84.58,32.27,90.41,30.08,42.58",30.80,74.83,31.67,84.58,32.27,90.41,30.08,42.58,true,0
session_20260623_163953_final,597,65125,2026-06-23T16:40:58.604165,Okulary BME280,"30.81,74.83,31.78,85.03,32.39,90.62,30.08,42.59",30.81,74.83,31.78,85.03,32.39,90.62,30.08,42.59,true,0
session_20260623_163953_final,598,65264,2026-06-23T16:40:58.743585,Okulary BME280,"30.81,74.82,31.84,85.22,32.53,90.76,30.07,42.56",30.81,74.82,31.84,85.22,32.53,90.76,30.07,42.56,true,0
session_20260623_163953_final,599,65365,2026-06-23T16:40:58.844693,Okulary BME280,"30.81,74.82,31.90,85.39,32.66,90.79,30.08,42.54",30.81,74.82,31.90,85.39,32.66,90.79,30.08,42.54,true,0
session_20260623_163953_final,600,65441,2026-06-23T16:40:58.920436,Okulary BME280,"30.82,74.79,31.93,85.49,32.75,90.76,30.07,42.52",30.82,74.79,31.93,85.49,32.75,90.76,30.07,42.52,true,0
session_20260623_163953_final,601,65577,2026-06-23T16:40:59.056382,Okulary BME280,"30.81,74.88,31.93,85.53,32.79,90.65,30.07,42.50",30.81,74.88,31.93,85.53,32.79,90.65,30.07,42.50,true,0
session_20260623_163953_final,602,65671,2026-06-23T16:40:59.150470,Okulary BME280,"30.81,74.86,31.92,85.58,32.74,90.43,30.07,42.47",30.81,74.86,31.92,85.58,32.74,90.43,30.07,42.47,true,0
session_20260623_163953_final,603,65818,2026-06-23T16:40:59.297088,Okulary BME280,"30.81,74.86,31.90,85.62,32.69,90.33,30.07,42.44",30.81,74.86,31.90,85.62,32.69,90.33,30.07,42.44,true,0
session_20260623_163953_final,604,65894,2026-06-23T16:40:59.373344,Okulary BME280,"30.82,74.86,31.87,85.65,32.64,90.25,30.08,42.41",30.82,74.86,31.87,85.65,32.64,90.25,30.08,42.41,true,0
session_20260623_163953_final,605,66026,2026-06-23T16:40:59.504966,Okulary BME280,"30.82,74.84,31.85,85.65,32.59,90.22,30.07,42.41",30.82,74.84,31.85,85.65,32.59,90.22,30.07,42.41,true,0
session_20260623_163953_final,606,66119,2026-06-23T16:40:59.598765,Okulary BME280,"30.82,74.83,31.81,85.71,32.55,90.15,30.07,42.37",30.82,74.83,31.81,85.71,32.55,90.15,30.07,42.37,true,0
session_20260623_163953_final,607,66206,2026-06-23T16:40:59.685244,Okulary BME280,"30.82,74.79,31.80,85.75,32.52,90.13,30.07,42.41",30.82,74.79,31.80,85.75,32.52,90.13,30.07,42.41,true,0
session_20260623_163953_final,608,66355,2026-06-23T16:40:59.833907,Okulary BME280,"30.82,74.78,31.78,85.78,32.49,90.11,30.07,42.45",30.82,74.78,31.78,85.78,32.49,90.11,30.07,42.45,true,0
session_20260623_163953_final,609,66430,2026-06-23T16:40:59.909600,Okulary BME280,"30.82,74.72,31.77,85.79,32.47,90.11,30.07,42.47",30.82,74.72,31.77,85.79,32.47,90.11,30.07,42.47,true,0
session_20260623_163953_final,610,66567,2026-06-23T16:41:00.046424,Okulary BME280,"30.81,74.68,31.77,85.80,32.45,90.01,30.07,42.50",30.81,74.68,31.77,85.80,32.45,90.01,30.07,42.50,true,0
session_20260623_163953_final,611,66669,2026-06-23T16:41:00.148669,Okulary BME280,"30.81,74.67,31.77,85.87,32.42,90.11,30.08,42.50",30.81,74.67,31.77,85.87,32.42,90.11,30.08,42.50,true,0
session_20260623_163953_final,612,66792,2026-06-23T16:41:00.270932,Okulary BME280,"30.81,74.65,31.77,85.93,32.41,90.11,30.08,42.51",30.81,74.65,31.77,85.93,32.41,90.11,30.08,42.51,true,0
session_20260623_163953_final,613,66880,2026-06-23T16:41:00.359468,Okulary BME280,"30.81,74.62,31.78,86.00,32.41,90.07,30.08,42.51",30.81,74.62,31.78,86.00,32.41,90.07,30.08,42.51,true,0
session_20260623_163953_final,614,66972,2026-06-23T16:41:00.450962,Okulary BME280,"30.81,74.60,31.78,86.04,32.40,90.03,30.08,42.50",30.81,74.60,31.78,86.04,32.40,90.03,30.08,42.50,true,0
session_20260623_163953_final,615,67115,2026-06-23T16:41:00.594519,Okulary BME280,"30.81,74.57,31.78,86.05,32.38,90.02,30.07,42.48",30.81,74.57,31.78,86.05,32.38,90.02,30.07,42.48,true,0
session_20260623_163953_final,616,67195,2026-06-23T16:41:00.674568,Okulary BME280,"30.81,74.52,31.78,86.07,32.37,90.02,30.08,42.47",30.81,74.52,31.78,86.07,32.37,90.02,30.08,42.47,true,0
session_20260623_163953_final,617,67338,2026-06-23T16:41:00.817643,Okulary BME280,"30.80,74.49,31.77,86.04,32.36,89.99,30.08,42.47",30.80,74.49,31.77,86.04,32.36,89.99,30.08,42.47,true,0
session_20260623_163953_final,618,67430,2026-06-23T16:41:00.908987,Okulary BME280,"30.81,74.49,31.76,86.02,32.35,89.94,30.08,42.46",30.81,74.49,31.76,86.02,32.35,89.94,30.08,42.46,true,0
session_20260623_163953_final,619,67567,2026-06-23T16:41:01.046094,Okulary BME280,"30.81,74.44,31.75,85.88,32.34,89.95,30.08,42.44",30.81,74.44,31.75,85.88,32.34,89.95,30.08,42.44,true,0
session_20260623_163953_final,620,67646,2026-06-23T16:41:01.125793,Okulary BME280,"30.81,74.39,31.73,85.64,32.31,89.79,30.07,42.41",30.81,74.39,31.73,85.64,32.31,89.79,30.07,42.41,true,0
session_20260623_163953_final,621,67737,2026-06-23T16:41:01.216090,Okulary BME280,"30.81,74.35,31.69,85.36,32.27,89.64,30.07,42.40",30.81,74.35,31.69,85.36,32.27,89.64,30.07,42.40,true,0
session_20260623_163953_final,622,67871,2026-06-23T16:41:01.350549,Okulary BME280,"30.81,74.30,31.66,85.07,32.22,89.52,30.07,42.39",30.81,74.30,31.66,85.07,32.22,89.52,30.07,42.39,true,0
session_20260623_163953_final,623,67960,2026-06-23T16:41:01.439297,Okulary BME280,"30.81,74.26,31.60,84.41,32.17,89.43,30.07,42.38",30.81,74.26,31.60,84.41,32.17,89.43,30.07,42.38,true,0
session_20260623_163953_final,624,68095,2026-06-23T16:41:01.574156,Okulary BME280,"30.80,74.22,31.58,84.11,32.13,89.35,30.08,42.37",30.80,74.22,31.58,84.11,32.13,89.35,30.08,42.37,true,0
session_20260623_163953_final,625,68185,2026-06-23T16:41:01.664349,Okulary BME280,"30.80,74.18,31.56,83.82,32.09,89.27,30.08,42.37",30.80,74.18,31.56,83.82,32.09,89.27,30.08,42.37,true,0
session_20260623_163953_final,626,68282,2026-06-23T16:41:01.761710,Okulary BME280,"30.81,74.13,31.54,83.54,32.06,89.21,30.08,42.39",30.81,74.13,31.54,83.54,32.06,89.21,30.08,42.39,true,0
session_20260623_163953_final,627,68425,2026-06-23T16:41:01.904303,Okulary BME280,"30.80,74.01,31.53,83.28,32.04,89.20,30.08,42.40",30.80,74.01,31.53,83.28,32.04,89.20,30.08,42.40,true,0
session_20260623_163953_final,628,68500,2026-06-23T16:41:01.979446,Okulary BME280,"30.80,73.94,31.52,83.19,32.01,89.18,30.08,42.41",30.80,73.94,31.52,83.19,32.01,89.18,30.08,42.41,true,0
session_20260623_163953_final,629,68635,2026-06-23T16:41:02.114177,Okulary BME280,"30.80,73.92,31.54,83.30,32.05,89.78,30.09,42.43",30.80,73.92,31.54,83.30,32.05,89.78,30.09,42.43,true,0
session_20260623_163953_final,630,68740,2026-06-23T16:41:02.219374,Okulary BME280,"30.81,73.90,31.58,83.48,32.13,90.08,30.08,42.44",30.81,73.90,31.58,83.48,32.13,90.08,30.08,42.44,true,0
session_20260623_163953_final,631,68862,2026-06-23T16:41:02.341145,Okulary BME280,"30.81,73.88,31.64,83.72,32.24,90.31,30.09,42.44",30.81,73.88,31.64,83.72,32.24,90.31,30.09,42.44,true,0
session_20260623_163953_final,632,68951,2026-06-23T16:41:02.430117,Okulary BME280,"30.81,73.87,31.76,84.21,32.37,90.48,30.08,42.46",30.81,73.87,31.76,84.21,32.37,90.48,30.08,42.46,true,0
session_20260623_163953_final,633,69040,2026-06-23T16:41:02.519352,Okulary BME280,"30.81,73.88,31.82,84.44,32.49,90.60,30.08,42.45",30.81,73.88,31.82,84.44,32.49,90.60,30.08,42.45,true,0
session_20260623_163953_final,634,69193,2026-06-23T16:41:02.672680,Okulary BME280,"30.82,73.93,31.86,84.65,32.59,90.68,30.09,42.44",30.82,73.93,31.86,84.65,32.59,90.68,30.09,42.44,true,0
session_20260623_163953_final,635,69265,2026-06-23T16:41:02.744488,Okulary BME280,"30.82,73.90,31.90,84.84,32.67,90.71,30.09,42.43",30.82,73.90,31.90,84.84,32.67,90.71,30.09,42.43,true,0
session_20260623_163953_final,636,69400,2026-06-23T16:41:02.879668,Okulary BME280,"30.82,73.94,31.92,85.00,32.73,90.75,30.09,42.40",30.82,73.94,31.92,85.00,32.73,90.75,30.09,42.40,true,0
session_20260623_163953_final,637,69490,2026-06-23T16:41:02.969407,Okulary BME280,"30.82,73.95,31.93,85.14,32.76,90.60,30.08,42.38",30.82,73.95,31.93,85.14,32.76,90.60,30.08,42.38,true,0
session_20260623_163953_final,638,69631,2026-06-23T16:41:03.109915,Okulary BME280,"30.83,73.95,31.93,85.28,32.75,90.53,30.09,42.36",30.83,73.95,31.93,85.28,32.75,90.53,30.09,42.36,true,0
session_20260623_163953_final,639,69715,2026-06-23T16:41:03.194290,Okulary BME280,"30.83,73.95,31.93,85.34,32.72,90.40,30.08,42.33",30.83,73.95,31.93,85.34,32.72,90.40,30.08,42.33,true,0
session_20260623_163953_final,640,69806,2026-06-23T16:41:03.284860,Okulary BME280,"30.83,73.96,31.92,85.45,32.68,90.33,30.08,42.31",30.83,73.96,31.92,85.45,32.68,90.33,30.08,42.31,true,0
session_20260623_163953_final,641,69940,2026-06-23T16:41:03.419214,Okulary BME280,"30.83,73.95,31.89,85.60,32.63,90.28,30.08,42.29",30.83,73.95,31.89,85.60,32.63,90.28,30.08,42.29,true,0
session_20260623_163953_final,642,70031,2026-06-23T16:41:03.510529,Okulary BME280,"30.83,73.96,31.87,85.65,32.59,90.21,30.08,42.25",30.83,73.96,31.87,85.65,32.59,90.21,30.08,42.25,true,0
session_20260623_163953_final,643,70167,2026-06-23T16:41:03.646146,Okulary BME280,"30.82,73.91,31.86,85.70,32.56,90.14,30.08,42.25",30.82,73.91,31.86,85.70,32.56,90.14,30.08,42.25,true,0
session_20260623_163953_final,644,70255,2026-06-23T16:41:03.734447,Okulary BME280,"30.83,73.92,31.85,85.61,32.53,90.11,30.08,42.31",30.83,73.92,31.85,85.61,32.53,90.11,30.08,42.31,true,0
session_20260623_163953_final,645,70345,2026-06-23T16:41:03.824591,Okulary BME280,"30.83,73.91,31.81,85.43,32.49,90.08,30.08,42.33",30.83,73.91,31.81,85.43,32.49,90.08,30.08,42.33,true,0
session_20260623_163953_final,646,70489,2026-06-23T16:41:03.968764,Okulary BME280,"30.83,73.89,31.76,85.20,32.46,89.83,30.08,42.36",30.83,73.89,31.76,85.20,32.46,89.83,30.08,42.36,true,0
session_20260623_163953_final,647,70570,2026-06-23T16:41:04.049711,Okulary BME280,"30.83,73.87,31.71,84.94,32.33,89.67,30.09,42.38",30.83,73.87,31.71,84.94,32.33,89.67,30.09,42.38,true,0
session_20260623_163953_final,648,70705,2026-06-23T16:41:04.184579,Okulary BME280,"30.82,73.85,31.66,84.66,32.26,89.53,30.09,42.40",30.82,73.85,31.66,84.66,32.26,89.53,30.09,42.40,true,0
session_20260623_163953_final,649,70801,2026-06-23T16:41:04.280735,Okulary BME280,"30.83,73.83,31.62,84.32,32.20,89.45,30.09,42.43",30.83,73.83,31.62,84.32,32.20,89.45,30.09,42.43,true,0
session_20260623_163953_final,650,70930,2026-06-23T16:41:04.408989,Okulary BME280,"30.83,73.79,31.57,83.82,32.15,89.39,30.09,42.45",30.83,73.79,31.57,83.82,32.15,89.39,30.09,42.45,true,0
session_20260623_163953_final,651,71020,2026-06-23T16:41:04.499219,Okulary BME280,"30.82,73.78,31.55,83.66,32.11,89.31,30.09,42.50",30.82,73.78,31.55,83.66,32.11,89.31,30.09,42.50,true,0
session_20260623_163953_final,652,71110,2026-06-23T16:41:04.589175,Okulary BME280,"30.82,73.73,31.55,83.64,32.09,89.38,30.09,42.49",30.82,73.73,31.55,83.64,32.09,89.38,30.09,42.49,true,0
session_20260623_163953_final,653,71245,2026-06-23T16:41:04.724386,Okulary BME280,"30.83,73.69,31.57,83.78,32.09,89.64,30.10,42.54",30.83,73.69,31.57,83.78,32.09,89.64,30.10,42.54,true,0
session_20260623_163953_final,654,71335,2026-06-23T16:41:04.814275,Okulary BME280,"30.83,73.68,31.62,83.96,32.13,89.96,30.10,42.56",30.83,73.68,31.62,83.96,32.13,89.96,30.10,42.56,true,0
session_20260623_163953_final,655,71485,2026-06-23T16:41:04.964212,Okulary BME280,"30.83,73.68,31.68,84.19,32.33,90.40,30.10,42.58",30.83,73.68,31.68,84.19,32.33,90.40,30.10,42.58,true,0
session_20260623_163953_final,656,71562,2026-06-23T16:41:05.041212,Okulary BME280,"30.83,73.69,31.74,84.39,32.45,90.53,30.09,42.58",30.83,73.69,31.74,84.39,32.45,90.53,30.09,42.58,true,0
session_20260623_163953_final,657,71697,2026-06-23T16:41:05.176466,Okulary BME280,"30.83,73.69,31.80,84.59,32.55,90.63,30.10,42.58",30.83,73.69,31.80,84.59,32.55,90.63,30.10,42.58,true,0
session_20260623_163953_final,658,71785,2026-06-23T16:41:05.264421,Okulary BME280,"30.84,73.71,31.85,84.77,32.64,90.64,30.10,42.58",30.84,73.71,31.85,84.77,32.64,90.64,30.10,42.58,true,0
session_20260623_163953_final,659,71875,2026-06-23T16:41:05.354611,Okulary BME280,"30.83,73.71,31.91,85.08,32.70,90.62,30.10,42.57",30.83,73.71,31.91,85.08,32.70,90.62,30.10,42.57,true,0
session_20260623_163953_final,660,72010,2026-06-23T16:41:05.489679,Okulary BME280,"30.84,73.64,31.92,85.20,32.72,90.56,30.10,42.54",30.84,73.64,31.92,85.20,32.72,90.56,30.10,42.54,true,0
session_20260623_163953_final,661,72105,2026-06-23T16:41:05.584448,Okulary BME280,"30.84,73.73,31.92,85.31,32.72,90.49,30.09,42.53",30.84,73.73,31.92,85.31,32.72,90.49,30.09,42.53,true,0
session_20260623_163953_final,662,72248,2026-06-23T16:41:05.727284,Okulary BME280,"30.84,73.71,31.92,85.41,32.71,90.41,30.10,42.53",30.84,73.71,31.92,85.41,32.71,90.41,30.10,42.53,true,0
session_20260623_163953_final,663,72325,2026-06-23T16:41:05.804452,Okulary BME280,"30.84,73.71,31.91,85.49,32.67,90.34,30.10,42.54",30.84,73.71,31.91,85.49,32.67,90.34,30.10,42.54,true,0
session_20260623_163953_final,664,72463,2026-06-23T16:41:05.942364,Okulary BME280,"30.84,73.68,31.90,85.56,32.61,90.25,30.10,42.54",30.84,73.68,31.90,85.56,32.61,90.25,30.10,42.54,true,0
session_20260623_163953_final,665,72550,2026-06-23T16:41:06.029633,Okulary BME280,"30.84,73.68,31.90,85.63,32.58,90.20,30.10,42.54",30.84,73.68,31.90,85.63,32.58,90.20,30.10,42.54,true,0
session_20260623_163953_final,666,72643,2026-06-23T16:41:06.122518,Okulary BME280,"30.84,73.67,31.89,85.73,32.56,90.13,30.10,42.56",30.84,73.67,31.89,85.73,32.56,90.13,30.10,42.56,true,0
session_20260623_163953_final,667,72775,2026-06-23T16:41:06.254241,Okulary BME280,"30.84,73.66,31.88,85.76,32.53,90.07,30.10,42.56",30.84,73.66,31.88,85.76,32.53,90.07,30.10,42.56,true,0
session_20260623_163953_final,668,72866,2026-06-23T16:41:06.345166,Okulary BME280,"30.84,73.67,31.85,85.81,32.50,90.03,30.10,42.54",30.84,73.67,31.85,85.81,32.50,90.03,30.10,42.54,true,0
session_20260623_163953_final,669,73001,2026-06-23T16:41:06.480604,Okulary BME280,"30.84,73.61,31.85,85.85,32.48,90.00,30.10,42.52",30.84,73.61,31.85,85.85,32.48,90.00,30.10,42.52,true,0
session_20260623_163953_final,670,73091,2026-06-23T16:41:06.570120,Okulary BME280,"30.84,73.58,31.84,85.81,32.46,89.99,30.09,42.50",30.84,73.58,31.84,85.81,32.46,89.99,30.09,42.50,true,0
session_20260623_163953_final,671,73181,2026-06-23T16:41:06.660211,Okulary BME280,"30.85,73.57,31.82,85.64,32.44,89.92,30.10,42.51",30.85,73.57,31.82,85.64,32.44,89.92,30.10,42.51,true,0
session_20260623_163953_final,672,73315,2026-06-23T16:41:06.794233,Okulary BME280,"30.84,73.56,31.78,85.40,32.42,89.86,30.10,42.52",30.84,73.56,31.78,85.40,32.42,89.86,30.10,42.52,true,0
session_20260623_163953_final,673,73408,2026-06-23T16:41:06.887680,Okulary BME280,"30.85,73.53,31.73,85.13,32.34,89.71,30.10,42.52",30.85,73.53,31.73,85.13,32.34,89.71,30.10,42.52,true,0
session_20260623_163953_final,674,73557,2026-06-23T16:41:07.036386,Okulary BME280,"30.85,73.50,31.69,84.85,32.30,89.61,30.11,42.50",30.85,73.50,31.69,84.85,32.30,89.61,30.11,42.50,true,0
session_20260623_163953_final,675,73631,2026-06-23T16:41:07.110140,Okulary BME280,"30.85,73.46,31.66,84.54,32.25,89.52,30.11,42.50",30.85,73.46,31.66,84.54,32.25,89.52,30.11,42.50,true,0
session_20260623_163953_final,676,73774,2026-06-23T16:41:07.253087,Okulary BME280,"30.84,73.43,31.62,84.26,32.21,89.46,30.10,42.50",30.84,73.43,31.62,84.26,32.21,89.46,30.10,42.50,true,0
session_20260623_163953_final,677,73855,2026-06-23T16:41:07.334779,Okulary BME280,"30.85,73.46,31.58,83.75,32.17,89.42,30.10,42.50",30.85,73.46,31.58,83.75,32.17,89.42,30.10,42.50,true,0
session_20260623_163953_final,678,73947,2026-06-23T16:41:07.426099,Okulary BME280,"30.85,73.40,31.58,83.73,32.15,89.42,30.10,42.49",30.85,73.40,31.58,83.73,32.15,89.42,30.10,42.49,true,0
session_20260623_163953_final,679,74081,2026-06-23T16:41:07.560650,Okulary BME280,"30.85,73.34,31.60,83.85,32.14,89.65,30.10,42.51",30.85,73.34,31.60,83.85,32.14,89.65,30.10,42.51,true,0
session_20260623_163953_final,680,74172,2026-06-23T16:41:07.651316,Okulary BME280,"30.85,73.34,31.64,84.02,32.17,89.92,30.10,42.49",30.85,73.34,31.64,84.02,32.17,89.92,30.10,42.49,true,0
session_20260623_163953_final,681,74313,2026-06-23T16:41:07.792446,Okulary BME280,"30.85,73.33,31.69,84.21,32.23,90.16,30.11,42.47",30.85,73.33,31.69,84.21,32.23,90.16,30.11,42.47,true,0
session_20260623_163953_final,682,74413,2026-06-23T16:41:07.892803,Okulary BME280,"30.86,73.33,31.76,84.40,32.43,90.44,30.11,42.47",30.86,73.33,31.76,84.40,32.43,90.44,30.11,42.47,true,0
session_20260623_163953_final,683,74531,2026-06-23T16:41:08.010336,Okulary BME280,"30.85,73.34,31.81,84.59,32.52,90.52,30.11,42.46",30.85,73.34,31.81,84.59,32.52,90.52,30.11,42.46,true,0
session_20260623_163953_final,684,74619,2026-06-23T16:41:08.098668,Okulary BME280,"30.86,73.33,31.86,84.76,32.58,90.56,30.11,42.45",30.86,73.33,31.86,84.76,32.58,90.56,30.11,42.45,true,0
session_20260623_163953_final,685,74712,2026-06-23T16:41:08.191481,Okulary BME280,"30.86,73.37,31.89,84.91,32.63,90.54,30.11,42.44",30.86,73.37,31.89,84.91,32.63,90.54,30.11,42.44,true,0
session_20260623_163953_final,686,74859,2026-06-23T16:41:08.338461,Okulary BME280,"30.86,73.38,31.92,85.20,32.65,90.50,30.11,42.42",30.86,73.38,31.92,85.20,32.65,90.50,30.11,42.42,true,0
session_20260623_163953_final,687,74937,2026-06-23T16:41:08.416453,Okulary BME280,"30.86,73.35,31.92,85.32,32.66,90.43,30.11,42.44",30.86,73.35,31.92,85.32,32.66,90.43,30.11,42.44,true,0
session_20260623_163953_final,688,75073,2026-06-23T16:41:08.552233,Okulary BME280,"30.86,73.34,31.91,85.41,32.65,90.36,30.11,42.40",30.86,73.34,31.91,85.41,32.65,90.36,30.11,42.40,true,0
session_20260623_163953_final,689,75178,2026-06-23T16:41:08.657358,Okulary BME280,"30.86,73.34,31.91,85.49,32.63,90.30,30.11,42.36",30.86,73.34,31.91,85.49,32.63,90.30,30.11,42.36,true,0
session_20260623_163953_final,690,75251,2026-06-23T16:41:08.730197,Okulary BME280,"30.87,73.33,31.91,85.58,32.61,90.25,30.12,42.36",30.87,73.33,31.91,85.58,32.61,90.25,30.12,42.36,true,0
session_20260623_163953_final,691,75386,2026-06-23T16:41:08.864914,Okulary BME280,"30.87,73.32,31.90,85.63,32.57,90.18,30.11,42.36",30.87,73.32,31.90,85.63,32.57,90.18,30.11,42.36,true,0
session_20260623_163953_final,692,75488,2026-06-23T16:41:08.967431,Okulary BME280,"30.87,73.30,31.89,85.71,32.54,90.14,30.11,42.35",30.87,73.30,31.89,85.71,32.54,90.14,30.11,42.35,true,0
session_20260623_163953_final,693,75611,2026-06-23T16:41:09.089839,Okulary BME280,"30.87,73.29,31.89,85.82,32.53,90.09,30.12,42.34",30.87,73.29,31.89,85.82,32.53,90.09,30.12,42.34,true,0
session_20260623_163953_final,694,75701,2026-06-23T16:41:09.180556,Okulary BME280,"30.87,73.30,31.88,85.82,32.51,90.05,30.11,42.34",30.87,73.30,31.88,85.82,32.51,90.05,30.11,42.34,true,0
session_20260623_163953_final,695,75835,2026-06-23T16:41:09.314666,Okulary BME280,"30.87,73.21,31.87,85.92,32.49,90.03,30.11,42.31",30.87,73.21,31.87,85.92,32.49,90.03,30.11,42.31,true,0
session_20260623_163953_final,696,75925,2026-06-23T16:41:09.404027,Okulary BME280,"30.87,73.24,31.87,85.96,32.47,89.99,30.11,42.28",30.87,73.24,31.87,85.96,32.47,89.99,30.11,42.28,true,0
session_20260623_163953_final,697,76015,2026-06-23T16:41:09.494811,Okulary BME280,"30.87,73.22,31.86,85.99,32.46,89.94,30.12,42.31",30.87,73.22,31.86,85.99,32.46,89.94,30.12,42.31,true,0
session_20260623_163953_final,698,76157,2026-06-23T16:41:09.636782,Okulary BME280,"30.88,73.21,31.86,86.03,32.44,89.92,30.12,42.27",30.88,73.21,31.86,86.03,32.44,89.92,30.12,42.27,true,0
session_20260623_163953_final,699,76240,2026-06-23T16:41:09.718844,Okulary BME280,"30.87,73.19,31.85,86.06,32.42,89.87,30.12,42.27",30.87,73.19,31.85,86.06,32.42,89.87,30.12,42.27,true,0
session_20260623_163953_final,700,76377,2026-06-23T16:41:09.856008,Okulary BME280,"30.87,73.18,31.85,86.10,32.40,89.88,30.11,42.26",30.87,73.18,31.85,86.10,32.40,89.88,30.11,42.26,true,0
session_20260623_163953_final,701,76478,2026-06-23T16:41:09.957707,Okulary BME280,"30.87,73.16,31.85,86.11,32.39,89.85,30.11,42.26",30.87,73.16,31.85,86.11,32.39,89.85,30.11,42.26,true,0
session_20260623_163953_final,702,76616,2026-06-23T16:41:10.094953,Okulary BME280,"30.88,73.16,31.84,86.15,32.38,89.83,30.12,42.26",30.88,73.16,31.84,86.15,32.38,89.83,30.12,42.26,true,0
session_20260623_163953_final,703,76691,2026-06-23T16:41:10.170651,Okulary BME280,"30.88,73.13,31.84,86.15,32.37,89.83,30.12,42.24",30.88,73.13,31.84,86.15,32.37,89.83,30.12,42.24,true,0
session_20260623_163953_final,704,76791,2026-06-23T16:41:10.270106,Okulary BME280,"30.88,73.13,31.83,86.17,32.36,89.83,30.11,42.26",30.88,73.13,31.83,86.17,32.36,89.83,30.11,42.26,true,0
session_20260623_163953_final,705,76921,2026-06-23T16:41:10.399935,Okulary BME280,"30.88,73.08,31.83,86.08,32.36,89.82,30.12,42.24",30.88,73.08,31.83,86.08,32.36,89.82,30.12,42.24,true,0
session_20260623_163953_final,706,77007,2026-06-23T16:41:10.485896,Okulary BME280,"30.88,73.07,31.81,85.88,32.36,89.79,30.12,42.27",30.88,73.07,31.81,85.88,32.36,89.79,30.12,42.27,true,0
session_20260623_163953_final,707,77141,2026-06-23T16:41:10.620470,Okulary BME280,"30.89,73.06,31.78,85.61,32.34,89.74,30.12,42.28",30.89,73.06,31.78,85.61,32.34,89.74,30.12,42.28,true,0
session_20260623_163953_final,708,77230,2026-06-23T16:41:10.709719,Okulary BME280,"30.88,73.04,31.74,85.34,32.32,89.67,30.13,42.27",30.88,73.04,31.74,85.34,32.32,89.67,30.13,42.27,true,0
session_20260623_163953_final,709,77366,2026-06-23T16:41:10.845742,Okulary BME280,"30.88,73.01,31.71,85.03,32.24,89.47,30.13,42.26",30.88,73.01,31.71,85.03,32.24,89.47,30.13,42.26,true,0
session_20260623_163953_final,710,77457,2026-06-23T16:41:10.936266,Okulary BME280,"30.89,72.99,31.68,84.80,32.22,89.49,30.13,42.26",30.89,72.99,31.68,84.80,32.22,89.49,30.13,42.26,true,0
session_20260623_163953_final,711,77547,2026-06-23T16:41:11.025882,Okulary BME280,"30.89,72.93,31.66,84.79,32.21,89.72,30.13,42.25",30.89,72.93,31.66,84.79,32.21,89.72,30.13,42.25,true,0
session_20260623_163953_final,712,77682,2026-06-23T16:41:11.161085,Okulary BME280,"30.89,72.85,31.67,85.03,32.23,89.94,30.12,42.24",30.89,72.85,31.67,85.03,32.23,89.94,30.12,42.24,true,0
session_20260623_163953_final,713,77786,2026-06-23T16:41:11.265722,Okulary BME280,"30.89,72.94,31.76,85.15,32.29,90.14,30.13,42.24",30.89,72.94,31.76,85.15,32.29,90.14,30.13,42.24,true,0
session_20260623_163953_final,714,77913,2026-06-23T16:41:11.392068,Okulary BME280,"30.89,72.94,31.81,85.30,32.37,90.26,30.13,42.28",30.89,72.94,31.81,85.30,32.37,90.26,30.13,42.28,true,0
session_20260623_163953_final,715,77997,2026-06-23T16:41:11.476140,Okulary BME280,"30.89,72.94,31.84,85.42,32.44,90.35,30.13,42.29",30.89,72.94,31.84,85.42,32.44,90.35,30.13,42.29,true,0
session_20260623_163953_final,716,78091,2026-06-23T16:41:11.570218,Okulary BME280,"30.90,72.94,31.87,85.55,32.49,90.37,30.13,42.28",30.90,72.94,31.87,85.55,32.49,90.37,30.13,42.28,true,0
session_20260623_163953_final,717,78224,2026-06-23T16:41:11.703298,Okulary BME280,"30.90,72.93,31.89,85.66,32.52,90.30,30.13,42.29",30.90,72.93,31.89,85.66,32.52,90.30,30.13,42.29,true,0
session_20260623_163953_final,718,78311,2026-06-23T16:41:11.790744,Okulary BME280,"30.90,72.93,31.90,85.74,32.54,90.21,30.13,42.30",30.90,72.93,31.90,85.74,32.54,90.21,30.13,42.30,true,0
session_20260623_163953_final,719,78445,2026-06-23T16:41:11.924514,Okulary BME280,"30.90,72.92,31.90,85.82,32.53,90.17,30.13,42.31",30.90,72.92,31.90,85.82,32.53,90.17,30.13,42.31,true,0
session_20260623_163953_final,720,78536,2026-06-23T16:41:12.014836,Okulary BME280,"30.90,72.89,31.90,85.91,32.52,90.12,30.13,42.31",30.90,72.89,31.90,85.91,32.52,90.12,30.13,42.31,true,0
session_20260623_163953_final,721,78671,2026-06-23T16:41:12.150794,Okulary BME280,"30.90,72.87,31.90,86.01,32.50,90.04,30.13,42.32",30.90,72.87,31.90,86.01,32.50,90.04,30.13,42.32,true,0
session_20260623_163953_final,722,78762,2026-06-23T16:41:12.241057,Okulary BME280,"30.91,72.87,31.89,86.08,32.48,89.99,30.14,42.33",30.91,72.87,31.89,86.08,32.48,89.99,30.14,42.33,true,0
session_20260623_163953_final,723,78854,2026-06-23T16:41:12.333360,Okulary BME280,"30.91,72.84,31.89,86.12,32.45,89.98,30.13,42.29",30.91,72.84,31.89,86.12,32.45,89.98,30.13,42.29,true,0
session_20260623_163953_final,724,78992,2026-06-23T16:41:12.470904,Okulary BME280,"30.91,72.83,31.88,86.14,32.44,89.94,30.13,42.34",30.91,72.83,31.88,86.14,32.44,89.94,30.13,42.34,true,0
session_20260623_163953_final,725,79076,2026-06-23T16:41:12.555247,Okulary BME280,"30.90,72.82,31.87,86.15,32.42,89.92,30.14,42.35",30.90,72.82,31.87,86.15,32.42,89.92,30.14,42.35,true,0
session_20260623_163953_final,726,79227,2026-06-23T16:41:12.706526,Okulary BME280,"30.90,72.80,31.86,86.16,32.41,89.81,30.14,42.34",30.90,72.80,31.86,86.16,32.41,89.81,30.14,42.34,true,0
session_20260623_163953_final,727,79301,2026-06-23T16:41:12.780463,Okulary BME280,"30.90,72.79,31.86,86.17,32.37,89.79,30.14,42.35",30.90,72.79,31.86,86.17,32.37,89.79,30.14,42.35,true,0
session_20260623_163953_final,728,79435,2026-06-23T16:41:12.914599,Okulary BME280,"30.91,72.81,31.85,86.18,32.35,89.76,30.14,42.34",30.91,72.81,31.85,86.18,32.35,89.76,30.14,42.34,true,0
session_20260623_163953_final,729,79528,2026-06-23T16:41:13.006841,Okulary BME280,"30.91,72.76,31.84,86.20,32.34,89.78,30.14,42.34",30.91,72.76,31.84,86.20,32.34,89.78,30.14,42.34,true,0
session_20260623_163953_final,730,79622,2026-06-23T16:41:13.101542,Okulary BME280,"30.91,72.72,31.84,86.27,32.33,89.79,30.14,42.33",30.91,72.72,31.84,86.27,32.33,89.79,30.14,42.33,true,0
session_20260623_163953_final,731,79752,2026-06-23T16:41:13.231748,Okulary BME280,"30.91,72.71,31.84,86.29,32.33,89.78,30.14,42.32",30.91,72.71,31.84,86.29,32.33,89.78,30.14,42.32,true,0
session_20260623_163953_final,732,79840,2026-06-23T16:41:13.319362,Okulary BME280,"30.91,72.70,31.84,86.32,32.33,89.76,30.14,42.33",30.91,72.70,31.84,86.32,32.33,89.76,30.14,42.33,true,0
session_20260623_163953_final,733,79984,2026-06-23T16:41:13.463408,Okulary BME280,"30.91,72.67,31.84,86.34,32.33,89.78,30.14,42.34",30.91,72.67,31.84,86.34,32.33,89.78,30.14,42.34,true,0
session_20260623_163953_final,734,80066,2026-06-23T16:41:13.545401,Okulary BME280,"30.91,72.66,31.85,86.37,32.32,89.80,30.14,42.27",30.91,72.66,31.85,86.37,32.32,89.80,30.14,42.27,true,0
session_20260623_163953_final,735,80156,2026-06-23T16:41:13.635684,Okulary BME280,"30.91,72.65,31.85,86.38,32.33,89.74,30.14,42.28",30.91,72.65,31.85,86.38,32.33,89.74,30.14,42.28,true,0
session_20260623_163953_final,736,80292,2026-06-23T16:41:13.771712,Okulary BME280,"30.91,72.61,31.85,86.40,32.33,89.76,30.14,42.28",30.91,72.61,31.85,86.40,32.33,89.76,30.14,42.28,true,0
session_20260623_163953_final,737,80382,2026-06-23T16:41:13.861418,Okulary BME280,"30.91,72.58,31.85,86.43,32.33,89.76,30.14,42.27",30.91,72.58,31.85,86.43,32.33,89.76,30.14,42.27,true,0
session_20260623_163953_final,738,80519,2026-06-23T16:41:13.997844,Okulary BME280,"30.91,72.52,31.85,86.47,32.33,89.70,30.14,42.27",30.91,72.52,31.85,86.47,32.33,89.70,30.14,42.27,true,0
session_20260623_163953_final,739,80607,2026-06-23T16:41:14.086155,Okulary BME280,"30.92,72.56,31.85,86.46,32.32,89.69,30.15,42.27",30.92,72.56,31.85,86.46,32.32,89.69,30.15,42.27,true,0
session_20260623_163953_final,740,80742,2026-06-23T16:41:14.221122,Okulary BME280,"30.92,72.55,31.85,86.49,32.32,89.70,30.15,42.27",30.92,72.55,31.85,86.49,32.32,89.70,30.15,42.27,true,0
session_20260623_163953_final,741,80832,2026-06-23T16:41:14.311384,Okulary BME280,"30.92,72.51,31.85,86.51,32.32,89.74,30.15,42.27",30.92,72.51,31.85,86.51,32.32,89.74,30.15,42.27,true,0
session_20260623_163953_final,742,80932,2026-06-23T16:41:14.411579,Okulary BME280,"30.92,72.50,31.86,86.53,32.32,89.74,30.14,42.29",30.92,72.50,31.86,86.53,32.32,89.74,30.14,42.29,true,0
session_20260623_163953_final,743,81056,2026-06-23T16:41:14.535347,Okulary BME280,"30.92,72.49,31.86,86.55,32.32,89.76,30.15,42.28",30.92,72.49,31.86,86.55,32.32,89.76,30.15,42.28,true,0
session_20260623_163953_final,744,81154,2026-06-23T16:41:14.633219,Okulary BME280,"30.92,72.46,31.86,86.57,32.32,89.68,30.15,42.26",30.92,72.46,31.86,86.57,32.32,89.68,30.15,42.26,true,0
session_20260623_163953_final,745,81282,2026-06-23T16:41:14.761599,Okulary BME280,"30.92,72.44,31.86,86.57,32.32,89.67,30.15,42.27",30.92,72.44,31.86,86.57,32.32,89.67,30.15,42.27,true,0
session_20260623_163953_final,746,81371,2026-06-23T16:41:14.849926,Okulary BME280,"30.92,72.41,31.86,86.57,32.32,89.65,30.15,42.27",30.92,72.41,31.86,86.57,32.32,89.65,30.15,42.27,true,0
session_20260623_163953_final,747,81507,2026-06-23T16:41:14.986227,Okulary BME280,"30.92,72.38,31.86,86.50,32.32,89.64,30.15,42.27",30.92,72.38,31.86,86.50,32.32,89.64,30.15,42.27,true,0
session_20260623_163953_final,748,81606,2026-06-23T16:41:15.085424,Okulary BME280,"30.92,72.35,31.82,86.03,32.31,89.58,30.15,42.27",30.92,72.35,31.82,86.03,32.31,89.58,30.15,42.27,true,0
session_20260623_163953_final,749,81691,2026-06-23T16:41:15.170171,Okulary BME280,"30.92,72.33,31.78,85.75,32.30,89.48,30.15,42.27",30.92,72.33,31.78,85.75,32.30,89.48,30.15,42.27,true,0
session_20260623_163953_final,750,81821,2026-06-23T16:41:15.300161,Okulary BME280,"30.92,72.31,31.75,85.46,32.27,89.40,30.16,42.27",30.92,72.31,31.75,85.46,32.27,89.40,30.16,42.27,true,0
session_20260623_163953_final,751,81913,2026-06-23T16:41:15.392699,Okulary BME280,"30.92,72.27,31.72,85.16,32.25,89.33,30.15,42.27",30.92,72.27,31.72,85.16,32.25,89.33,30.15,42.27,true,0
session_20260623_163953_final,752,82046,2026-06-23T16:41:15.524958,Okulary BME280,"30.93,72.23,31.69,84.88,32.23,89.18,30.16,42.28",30.93,72.23,31.69,84.88,32.23,89.18,30.16,42.28,true,0
session_20260623_163953_final,753,82150,2026-06-23T16:41:15.629213,Okulary BME280,"30.93,72.19,31.67,84.59,32.19,89.12,30.16,42.25",30.93,72.19,31.67,84.59,32.19,89.12,30.16,42.25,true,0
session_20260623_163953_final,754,82270,2026-06-23T16:41:15.749520,Okulary BME280,"30.92,72.10,31.66,84.36,32.17,89.15,30.15,42.24",30.92,72.10,31.66,84.36,32.17,89.15,30.15,42.24,true,0
session_20260623_163953_final,755,82360,2026-06-23T16:41:15.838939,Okulary BME280,"30.93,72.11,31.65,84.32,32.17,89.40,30.15,42.22",30.93,72.11,31.65,84.32,32.17,89.40,30.15,42.22,true,0
session_20260623_163953_final,756,82451,2026-06-23T16:41:15.930265,Okulary BME280,"30.93,72.08,31.67,84.42,32.19,89.68,30.15,42.22",30.93,72.08,31.67,84.42,32.19,89.68,30.15,42.22,true,0
session_20260623_163953_final,757,82586,2026-06-23T16:41:16.065075,Okulary BME280,"30.93,72.07,31.76,84.78,32.26,89.92,30.16,42.21",30.93,72.07,31.76,84.78,32.26,89.92,30.16,42.21,true,0
session_20260623_163953_final,758,82674,2026-06-23T16:41:16.153673,Okulary BME280,"30.94,72.07,31.82,84.99,32.34,90.11,30.15,42.21",30.94,72.07,31.82,84.99,32.34,90.11,30.15,42.21,true,0
session_20260623_163953_final,759,82810,2026-06-23T16:41:16.289621,Okulary BME280,"30.94,72.07,31.87,85.18,32.44,90.25,30.15,42.20",30.94,72.07,31.87,85.18,32.44,90.25,30.15,42.20,true,0
session_20260623_163953_final,760,82905,2026-06-23T16:41:16.384018,Okulary BME280,"30.94,72.07,31.91,85.34,32.52,90.30,30.15,42.19",30.94,72.07,31.91,85.34,32.52,90.30,30.15,42.19,true,0
session_20260623_163953_final,761,82993,2026-06-23T16:41:16.471884,Okulary BME280,"30.94,72.07,31.94,85.50,32.59,90.35,30.15,42.24",30.94,72.07,31.94,85.50,32.59,90.35,30.15,42.24,true,0
session_20260623_163953_final,762,83127,2026-06-23T16:41:16.605940,Okulary BME280,"30.94,72.10,31.96,85.64,32.66,90.36,30.15,42.20",30.94,72.10,31.96,85.64,32.66,90.36,30.15,42.20,true,0
session_20260623_163953_final,763,83217,2026-06-23T16:41:16.696606,Okulary BME280,"30.95,72.11,31.97,85.76,32.67,90.28,30.15,42.21",30.95,72.11,31.97,85.76,32.67,90.28,30.15,42.21,true,0
session_20260623_163953_final,764,83350,2026-06-23T16:41:16.829710,Okulary BME280,"30.95,72.03,31.97,85.88,32.66,90.23,30.15,42.22",30.95,72.03,31.97,85.88,32.66,90.23,30.15,42.22,true,0
session_20260623_163953_final,765,83441,2026-06-23T16:41:16.920194,Okulary BME280,"30.95,72.09,31.97,85.98,32.64,90.17,30.16,42.24",30.95,72.09,31.97,85.98,32.64,90.17,30.16,42.24,true,0
session_20260623_163953_final,766,83575,2026-06-23T16:41:17.053941,Okulary BME280,"30.95,72.09,31.95,86.14,32.62,90.13,30.16,42.25",30.95,72.09,31.95,86.14,32.62,90.13,30.16,42.25,true,0
session_20260623_163953_final,767,83665,2026-06-23T16:41:17.144590,Okulary BME280,"30.95,72.06,31.95,86.21,32.59,90.08,30.16,42.26",30.95,72.06,31.95,86.21,32.59,90.08,30.16,42.26,true,0
session_20260623_163953_final,768,83758,2026-06-23T16:41:17.237700,Okulary BME280,"30.95,72.06,31.94,86.28,32.57,90.04,30.16,42.28",30.95,72.06,31.94,86.28,32.57,90.04,30.16,42.28,true,0
session_20260623_163953_final,769,83892,2026-06-23T16:41:17.371159,Okulary BME280,"30.95,72.05,31.93,86.35,32.55,90.08,30.16,42.33",30.95,72.05,31.93,86.35,32.55,90.08,30.16,42.33,true,0
session_20260623_163953_final,770,83982,2026-06-23T16:41:17.461133,Okulary BME280,"30.96,72.04,31.93,86.42,32.54,90.10,30.16,42.33",30.96,72.04,31.93,86.42,32.54,90.10,30.16,42.33,true,0
session_20260623_163953_final,771,84117,2026-06-23T16:41:17.595996,Okulary BME280,"30.96,72.09,31.94,86.48,32.52,89.98,30.16,42.33",30.96,72.09,31.94,86.48,32.52,89.98,30.16,42.33,true,0
session_20260623_163953_final,772,84223,2026-06-23T16:41:17.702784,Okulary BME280,"30.95,72.04,31.93,86.54,32.51,89.97,30.16,42.35",30.95,72.04,31.93,86.54,32.51,89.97,30.16,42.35,true,0
session_20260623_163953_final,773,84358,2026-06-23T16:41:17.837470,Okulary BME280,"30.95,71.96,31.93,86.55,32.50,89.94,30.16,42.38",30.95,71.96,31.93,86.55,32.50,89.94,30.16,42.38,true,0
session_20260623_163953_final,774,84432,2026-06-23T16:41:17.911220,Okulary BME280,"30.95,71.93,31.93,86.59,32.49,89.91,30.16,42.39",30.95,71.93,31.93,86.59,32.49,89.91,30.16,42.39,true,0
session_20260623_163953_final,775,84525,2026-06-23T16:41:18.004631,Okulary BME280,"30.95,71.90,31.92,86.69,32.48,89.89,30.17,42.40",30.95,71.90,31.92,86.69,32.48,89.89,30.17,42.40,true,0
session_20260623_163953_final,776,84672,2026-06-23T16:41:18.150918,Okulary BME280,"30.95,71.87,31.92,86.71,32.47,89.88,30.17,42.41",30.95,71.87,31.92,86.71,32.47,89.88,30.17,42.41,true,0
session_20260623_163953_final,777,84746,2026-06-23T16:41:18.225335,Okulary BME280,"30.95,71.85,31.92,86.73,32.46,89.88,30.17,42.41",30.95,71.85,31.92,86.73,32.46,89.88,30.17,42.41,true,0
session_20260623_163953_final,778,84881,2026-06-23T16:41:18.360033,Okulary BME280,"30.95,71.82,31.92,86.76,32.45,89.81,30.17,42.43",30.95,71.82,31.92,86.76,32.45,89.81,30.17,42.43,true,0
session_20260623_163953_final,779,84972,2026-06-23T16:41:18.451222,Okulary BME280,"30.95,71.79,31.91,86.78,32.45,89.75,30.17,42.45",30.95,71.79,31.91,86.78,32.45,89.75,30.17,42.45,true,0
session_20260623_163953_final,780,85063,2026-06-23T16:41:18.542498,Okulary BME280,"30.95,71.72,31.91,86.82,32.43,89.78,30.18,42.47",30.95,71.72,31.91,86.82,32.43,89.78,30.18,42.47,true,0
session_20260623_163953_final,781,85209,2026-06-23T16:41:18.688571,Okulary BME280,"30.96,71.71,31.90,86.83,32.42,89.76,30.18,42.48",30.96,71.71,31.90,86.83,32.42,89.76,30.18,42.48,true,0
session_20260623_163953_final,782,85286,2026-06-23T16:41:18.765182,Okulary BME280,"30.96,71.70,31.90,86.85,32.42,89.73,30.18,42.50",30.96,71.70,31.90,86.85,32.42,89.73,30.18,42.50,true,0
session_20260623_163953_final,783,85423,2026-06-23T16:41:18.901955,Okulary BME280,"30.96,71.66,31.90,86.86,32.41,89.73,30.18,42.53",30.96,71.66,31.90,86.86,32.41,89.73,30.18,42.53,true,0
session_20260623_163953_final,784,85528,2026-06-23T16:41:19.007336,Okulary BME280,"30.96,71.65,31.90,86.93,32.41,89.74,30.18,42.58",30.96,71.65,31.90,86.93,32.41,89.74,30.18,42.58,true,0
session_20260623_163953_final,785,85647,2026-06-23T16:41:19.126094,Okulary BME280,"30.96,71.61,31.90,86.96,32.41,89.73,30.18,42.60",30.96,71.61,31.90,86.96,32.41,89.73,30.18,42.60,true,0
session_20260623_163953_final,786,85737,2026-06-23T16:41:19.215939,Okulary BME280,"30.96,71.58,31.90,86.96,32.41,89.71,30.18,42.63",30.96,71.58,31.90,86.96,32.41,89.71,30.18,42.63,true,0
session_20260623_163953_final,787,85843,2026-06-23T16:41:19.322674,Okulary BME280,"30.96,71.55,31.90,86.97,32.41,89.73,30.18,42.70",30.96,71.55,31.90,86.97,32.41,89.73,30.18,42.70,true,0
session_20260623_163953_final,788,85976,2026-06-23T16:41:19.455298,Okulary BME280,"30.96,71.54,31.90,86.98,32.40,89.72,30.19,42.67",30.96,71.54,31.90,86.98,32.40,89.72,30.19,42.67,true,0
session_20260623_163953_final,789,86050,2026-06-23T16:41:19.529583,Okulary BME280,"30.96,71.52,31.89,86.98,32.40,89.64,30.18,42.75",30.96,71.52,31.89,86.98,32.40,89.64,30.18,42.75,true,0
session_20260623_163953_final,790,86187,2026-06-23T16:41:19.665845,Okulary BME280,"30.96,71.44,31.88,86.96,32.39,89.63,30.18,42.77",30.96,71.44,31.88,86.96,32.39,89.63,30.18,42.77,true,0
session_20260623_163953_final,791,86282,2026-06-23T16:41:19.760888,Okulary BME280,"30.97,71.41,31.88,86.98,32.38,89.65,30.18,42.80",30.97,71.41,31.88,86.98,32.38,89.65,30.18,42.80,true,0
session_20260623_163953_final,792,86416,2026-06-23T16:41:19.895104,Okulary BME280,"30.97,71.39,31.88,86.96,32.38,89.65,30.18,42.81",30.97,71.39,31.88,86.96,32.38,89.65,30.18,42.81,true,0
session_20260623_163953_final,793,86501,2026-06-23T16:41:19.980768,Okulary BME280,"30.96,71.35,31.89,87.00,32.38,89.62,30.19,42.81",30.96,71.35,31.89,87.00,32.38,89.62,30.19,42.81,true,0
session_20260623_163953_final,794,86590,2026-06-23T16:41:20.069719,Okulary BME280,"30.97,71.33,31.89,87.02,32.38,89.63,30.19,42.82",30.97,71.33,31.89,87.02,32.38,89.63,30.19,42.82,true,0
session_20260623_163953_final,795,86726,2026-06-23T16:41:20.205588,Okulary BME280,"30.97,71.29,31.89,87.05,32.38,89.63,30.18,42.82",30.97,71.29,31.89,87.05,32.38,89.63,30.18,42.82,true,0
session_20260623_163953_final,796,86824,2026-06-23T16:41:20.303,Okulary BME280,"30.97,71.25,31.89,87.05,32.38,89.64,30.19,42.84",30.97,71.25,31.89,87.05,32.38,89.64,30.19,42.84,true,0
session_20260623_163953_final,797,86951,2026-06-23T16:41:20.430715,Okulary BME280,"30.97,71.22,31.89,87.06,32.38,89.64,30.19,42.86",30.97,71.22,31.89,87.06,32.38,89.64,30.19,42.86,true,0
session_20260623_163953_final,798,87042,2026-06-23T16:41:20.521191,Okulary BME280,"30.97,71.24,31.90,87.05,32.37,89.53,30.18,42.81",30.97,71.24,31.90,87.05,32.37,89.53,30.18,42.81,true,0
session_20260623_163953_final,799,87176,2026-06-23T16:41:20.654890,Okulary BME280,"30.97,71.13,31.89,86.96,32.36,89.47,30.18,42.79",30.97,71.13,31.89,86.96,32.36,89.47,30.18,42.79,true,0
session_20260623_163953_final,800,87265,2026-06-23T16:41:20.744467,Okulary BME280,"30.97,71.11,31.87,86.71,32.34,89.30,30.18,42.77",30.97,71.11,31.87,86.71,32.34,89.30,30.18,42.77,true,0
session_20260623_163953_final,801,87355,2026-06-23T16:41:20.834104,Okulary BME280,"30.97,71.07,31.84,86.44,32.30,89.12,30.19,42.75",30.97,71.07,31.84,86.44,32.30,89.12,30.19,42.75,true,0
session_20260623_163953_final,802,87493,2026-06-23T16:41:20.972018,Okulary BME280,"30.97,71.01,31.75,85.78,32.25,88.98,30.18,42.72",30.97,71.01,31.75,85.78,32.25,88.98,30.18,42.72,true,0
session_20260623_163953_final,803,87598,2026-06-23T16:41:21.077386,Okulary BME280,"30.97,70.97,31.71,85.47,32.21,88.91,30.18,42.69",30.97,70.97,31.71,85.47,32.21,88.91,30.18,42.69,true,0
session_20260623_163953_final,804,87720,2026-06-23T16:41:21.198897,Okulary BME280,"30.97,70.91,31.68,85.31,32.18,88.88,30.19,42.67",30.97,70.91,31.68,85.31,32.18,88.88,30.19,42.67,true,0
session_20260623_163953_final,805,87807,2026-06-23T16:41:21.286078,Okulary BME280,"30.97,70.85,31.67,85.34,32.15,89.14,30.18,42.61",30.97,70.85,31.67,85.34,32.15,89.14,30.18,42.61,true,0
session_20260623_163953_final,806,87897,2026-06-23T16:41:21.376161,Okulary BME280,"30.96,70.79,31.69,85.49,32.18,89.84,30.19,42.62",30.96,70.79,31.69,85.49,32.18,89.84,30.19,42.62,true,0
session_20260623_163953_final,807,88052,2026-06-23T16:41:21.531627,Okulary BME280,"30.97,70.80,31.74,85.67,32.40,90.06,30.18,42.58",30.97,70.80,31.74,85.67,32.40,90.06,30.18,42.58,true,0
session_20260623_163953_final,808,88127,2026-06-23T16:41:21.605912,Okulary BME280,"30.97,70.75,31.80,85.85,32.54,90.18,30.18,42.55",30.97,70.75,31.80,85.85,32.54,90.18,30.18,42.55,true,0
session_20260623_163953_final,809,88255,2026-06-23T16:41:21.734470,Okulary BME280,"30.97,70.74,31.86,86.01,32.65,90.28,30.18,42.53",30.97,70.74,31.86,86.01,32.65,90.28,30.18,42.53,true,0
session_20260623_163953_final,810,88354,2026-06-23T16:41:21.833168,Okulary BME280,"30.97,70.74,31.90,86.17,32.74,90.30,30.18,42.51",30.97,70.74,31.90,86.17,32.74,90.30,30.18,42.51,true,0
session_20260623_163953_final,811,88480,2026-06-23T16:41:21.959812,Okulary BME280,"30.98,70.71,31.94,86.41,32.78,90.27,30.18,42.48",30.98,70.71,31.94,86.41,32.78,90.27,30.18,42.48,true,0
session_20260623_163953_final,812,88572,2026-06-23T16:41:22.051445,Okulary BME280,"30.98,70.70,31.95,86.52,32.80,90.20,30.18,42.46",30.98,70.70,31.95,86.52,32.80,90.20,30.18,42.46,true,0
session_20260623_163953_final,813,88660,2026-06-23T16:41:22.139474,Okulary BME280,"30.97,70.69,31.95,86.55,32.79,90.12,30.18,42.44",30.97,70.69,31.95,86.55,32.79,90.12,30.18,42.44,true,0
session_20260623_163953_final,814,88799,2026-06-23T16:41:22.278150,Okulary BME280,"30.98,70.67,31.93,86.34,32.77,90.01,30.18,42.45",30.98,70.67,31.93,86.34,32.77,90.01,30.18,42.45,true,0
session_20260623_163953_final,815,88905,2026-06-23T16:41:22.384546,Okulary BME280,"30.98,70.65,31.88,86.04,32.58,89.31,30.18,42.41",30.98,70.65,31.88,86.04,32.58,89.31,30.18,42.41,true,0
session_20260623_163953_final,816,89033,2026-06-23T16:41:22.511898,Okulary BME280,"30.98,70.58,31.81,85.77,32.44,89.11,30.18,42.35",30.98,70.58,31.81,85.77,32.44,89.11,30.18,42.35,true,0
session_20260623_163953_final,817,89112,2026-06-23T16:41:22.591379,Okulary BME280,"30.98,70.52,31.74,85.51,32.31,89.00,30.18,42.34",30.98,70.52,31.74,85.51,32.31,89.00,30.18,42.34,true,0
session_20260623_163953_final,818,89247,2026-06-23T16:41:22.726075,Okulary BME280,"30.97,70.48,31.69,85.38,32.23,89.18,30.18,42.33",30.97,70.48,31.69,85.38,32.23,89.18,30.18,42.33,true,0
session_20260623_163953_final,819,89341,2026-06-23T16:41:22.820434,Okulary BME280,"30.98,70.46,31.67,85.47,32.21,89.53,30.18,42.31",30.98,70.46,31.67,85.47,32.21,89.53,30.18,42.31,true,0
session_20260623_163953_final,820,89427,2026-06-23T16:41:22.905848,Okulary BME280,"30.98,70.45,31.74,85.75,32.26,89.84,30.18,42.31",30.98,70.45,31.74,85.75,32.26,89.84,30.18,42.31,true,0
session_20260623_163953_final,821,89560,2026-06-23T16:41:23.039785,Okulary BME280,"30.98,70.44,31.80,85.91,32.36,90.04,30.18,42.30",30.98,70.44,31.80,85.91,32.36,90.04,30.18,42.30,true,0
session_20260623_163953_final,822,89652,2026-06-23T16:41:23.131459,Okulary BME280,"30.99,70.45,31.85,86.07,32.50,90.19,30.18,42.30",30.99,70.45,31.85,86.07,32.50,90.19,30.18,42.30,true,0
session_20260623_163953_final,823,89789,2026-06-23T16:41:23.268357,Okulary BME280,"30.99,70.46,31.89,86.21,32.60,90.27,30.18,42.26",30.99,70.46,31.89,86.21,32.60,90.27,30.18,42.26,true,0
session_20260623_163953_final,824,89876,2026-06-23T16:41:23.355477,Okulary BME280,"30.98,70.41,31.93,86.32,32.72,90.23,30.18,42.27",30.98,70.41,31.93,86.32,32.72,90.23,30.18,42.27,true,0
session_20260623_163953_final,825,89966,2026-06-23T16:41:23.444888,Okulary BME280,"30.99,70.47,31.95,86.43,32.74,90.16,30.18,42.21",30.99,70.47,31.95,86.43,32.74,90.16,30.18,42.21,true,0
session_20260623_163953_final,826,90103,2026-06-23T16:41:23.582095,Okulary BME280,"30.99,70.48,31.95,86.53,32.73,90.10,30.18,42.18",30.99,70.48,31.95,86.53,32.73,90.10,30.18,42.18,true,0
session_20260623_163953_final,827,90192,2026-06-23T16:41:23.671043,Okulary BME280,"30.99,70.47,31.96,86.56,32.71,90.04,30.18,42.16",30.99,70.47,31.96,86.56,32.71,90.04,30.18,42.16,true,0
session_20260623_163953_final,828,90341,2026-06-23T16:41:23.820385,Okulary BME280,"31.00,70.47,31.95,86.46,32.68,89.94,30.18,42.12",31.00,70.47,31.95,86.46,32.68,89.94,30.18,42.12,true,0
session_20260623_163953_final,829,90417,2026-06-23T16:41:23.896497,Okulary BME280,"31.00,70.46,31.86,86.00,32.63,89.81,30.17,42.11",31.00,70.46,31.86,86.00,32.63,89.81,30.17,42.11,true,0
session_20260623_163953_final,830,90552,2026-06-23T16:41:24.031609,Okulary BME280,"31.00,70.44,31.79,85.73,32.57,89.62,30.18,42.07",31.00,70.44,31.79,85.73,32.57,89.62,30.18,42.07,true,0
session_20260623_163953_final,831,90645,2026-06-23T16:41:24.124329,Okulary BME280,"31.00,70.43,31.74,85.43,32.49,89.39,30.17,42.05",31.00,70.43,31.74,85.43,32.49,89.39,30.17,42.05,true,0
session_20260623_163953_final,832,90742,2026-06-23T16:41:24.221137,Okulary BME280,"31.00,70.40,31.69,85.12,32.40,89.22,30.17,42.06",31.00,70.40,31.69,85.12,32.40,89.22,30.17,42.06,true,0
session_20260623_163953_final,833,90866,2026-06-23T16:41:24.344908,Okulary BME280,"31.00,70.40,31.65,84.86,32.26,89.13,30.17,42.04",31.00,70.40,31.65,84.86,32.26,89.13,30.17,42.04,true,0
session_20260623_163953_final,834,90962,2026-06-23T16:41:24.441392,Okulary BME280,"31.00,70.35,31.63,84.84,32.23,89.37,30.17,42.00",31.00,70.35,31.63,84.84,32.23,89.37,30.17,42.00,true,0
session_20260623_163953_final,835,91091,2026-06-23T16:41:24.570306,Okulary BME280,"31.00,70.35,31.64,84.95,32.24,89.65,30.17,41.99",31.00,70.35,31.64,84.95,32.24,89.65,30.17,41.99,true,0
session_20260623_163953_final,836,91186,2026-06-23T16:41:24.665305,Okulary BME280,"31.00,70.35,31.68,85.13,32.31,89.88,30.17,41.99",31.00,70.35,31.68,85.13,32.31,89.88,30.17,41.99,true,0
session_20260623_163953_final,837,91326,2026-06-23T16:41:24.805704,Okulary BME280,"31.00,70.36,31.74,85.31,32.41,90.06,30.17,41.98",31.00,70.36,31.74,85.31,32.41,90.06,30.17,41.98,true,0
session_20260623_163953_final,838,91407,2026-06-23T16:41:24.886298,Okulary BME280,"31.00,70.39,31.84,85.67,32.50,90.19,30.18,41.98",31.00,70.39,31.84,85.67,32.50,90.19,30.18,41.98,true,0
session_20260623_163953_final,839,91498,2026-06-23T16:41:24.977207,Okulary BME280,"31.01,70.40,31.89,85.84,32.59,90.28,30.18,41.98",31.01,70.40,31.89,85.84,32.59,90.28,30.18,41.98,true,0
session_20260623_163953_final,840,91643,2026-06-23T16:41:25.121927,Okulary BME280,"31.01,70.47,31.92,85.97,32.66,90.29,30.18,41.98",31.01,70.47,31.92,85.97,32.66,90.29,30.18,41.98,true,0
session_20260623_163953_final,841,91722,2026-06-23T16:41:25.201003,Okulary BME280,"31.01,70.36,31.95,86.11,32.71,90.29,30.18,41.98",31.01,70.36,31.95,86.11,32.71,90.29,30.18,41.98,true,0
session_20260623_163953_final,842,91858,2026-06-23T16:41:25.337516,Okulary BME280,"31.01,70.47,31.96,86.22,32.74,90.20,30.18,41.98",31.01,70.47,31.96,86.22,32.74,90.20,30.18,41.98,true,0
session_20260623_163953_final,843,91963,2026-06-23T16:41:25.442550,Okulary BME280,"31.01,70.50,31.97,86.32,32.74,90.14,30.19,42.02",31.01,70.50,31.97,86.32,32.74,90.14,30.19,42.02,true,0
session_20260623_163953_final,844,92036,2026-06-23T16:41:25.515808,Okulary BME280,"31.01,70.50,31.96,86.41,32.72,90.06,30.18,42.02",31.01,70.50,31.96,86.41,32.72,90.06,30.18,42.02,true,0
session_20260623_163953_final,845,92170,2026-06-23T16:41:25.649796,Okulary BME280,"31.01,70.50,31.96,86.50,32.70,90.01,30.18,42.02",31.01,70.50,31.96,86.50,32.70,90.01,30.18,42.02,true,0
session_20260623_163953_final,846,92261,2026-06-23T16:41:25.740682,Okulary BME280,"31.01,70.50,31.95,86.54,32.66,89.95,30.19,42.03",31.01,70.50,31.95,86.54,32.66,89.95,30.19,42.03,true,0
session_20260623_163953_final,847,92413,2026-06-23T16:41:25.892506,Okulary BME280,"31.01,70.51,31.94,86.66,32.64,89.92,30.18,42.04",31.01,70.51,31.94,86.66,32.64,89.92,30.18,42.04,true,0
session_20260623_163953_final,848,92486,2026-06-23T16:41:25.965023,Okulary BME280,"31.02,70.50,31.93,86.57,32.61,89.87,30.18,42.04",31.02,70.50,31.93,86.57,32.61,89.87,30.18,42.04,true,0
session_20260623_163953_final,849,92622,2026-06-23T16:41:26.101207,Okulary BME280,"31.01,70.45,31.90,86.35,32.59,89.82,30.18,42.05",31.01,70.45,31.90,86.35,32.59,89.82,30.18,42.05,true,0
session_20260623_163953_final,850,92710,2026-06-23T16:41:26.189654,Okulary BME280,"31.02,70.54,31.84,86.07,32.55,89.71,30.18,42.04",31.02,70.54,31.84,86.07,32.55,89.71,30.18,42.04,true,0
session_20260623_163953_final,851,92802,2026-06-23T16:41:26.280911,Okulary BME280,"31.01,70.44,31.78,85.78,32.43,89.39,30.18,42.04",31.01,70.44,31.78,85.78,32.43,89.39,30.18,42.04,true,0
session_20260623_163953_final,852,92941,2026-06-23T16:41:26.420648,Okulary BME280,"31.01,70.40,31.72,85.48,32.35,89.23,30.18,42.09",31.01,70.40,31.72,85.48,32.35,89.23,30.18,42.09,true,0
session_20260623_163953_final,853,93031,2026-06-23T16:41:26.510307,Okulary BME280,"31.01,70.36,31.67,85.19,32.29,89.13,30.18,42.09",31.01,70.36,31.67,85.19,32.29,89.13,30.18,42.09,true,0
session_20260623_163953_final,854,93162,2026-06-23T16:41:26.641483,Okulary BME280,"31.01,70.33,31.64,84.90,32.25,89.06,30.18,42.10",31.01,70.33,31.64,84.90,32.25,89.06,30.18,42.10,true,0
session_20260623_163953_final,855,93251,2026-06-23T16:41:26.729885,Okulary BME280,"31.01,70.29,31.61,84.72,32.21,89.20,30.19,42.10",31.01,70.29,31.61,84.72,32.21,89.20,30.19,42.10,true,0
session_20260623_163953_final,856,93385,2026-06-23T16:41:26.864145,Okulary BME280,"31.01,70.28,31.64,84.97,32.21,89.48,30.19,42.11",31.01,70.28,31.64,84.97,32.21,89.48,30.19,42.11,true,0
session_20260623_163953_final,857,93476,2026-06-23T16:41:26.955031,Okulary BME280,"31.01,70.26,31.69,85.13,32.25,89.74,30.19,42.12",31.01,70.26,31.69,85.13,32.25,89.74,30.19,42.12,true,0
session_20260623_163953_final,858,93565,2026-06-23T16:41:27.044328,Okulary BME280,"31.01,70.24,31.75,85.32,32.33,89.95,30.19,42.12",31.01,70.24,31.75,85.32,32.33,89.95,30.19,42.12,true,0
session_20260623_163953_final,859,93715,2026-06-23T16:41:27.194653,Okulary BME280,"31.02,70.25,31.81,85.50,32.44,90.07,30.19,42.13",31.02,70.25,31.81,85.50,32.44,90.07,30.19,42.13,true,0
session_20260623_163953_final,860,93790,2026-06-23T16:41:27.269129,Okulary BME280,"31.03,70.27,31.86,85.67,32.61,90.27,30.19,42.12",31.03,70.27,31.86,85.67,32.61,90.27,30.19,42.12,true,0
session_20260623_163953_final,861,93929,2026-06-23T16:41:27.408583,Okulary BME280,"31.03,70.28,31.89,85.83,32.68,90.28,30.19,42.11",31.03,70.28,31.89,85.83,32.68,90.28,30.19,42.11,true,0
session_20260623_163953_final,862,94015,2026-06-23T16:41:27.494354,Okulary BME280,"31.03,70.29,31.93,85.96,32.72,90.30,30.20,42.13",31.03,70.29,31.93,85.96,32.72,90.30,30.20,42.13,true,0
session_20260623_163953_final,863,94156,2026-06-23T16:41:27.634910,Okulary BME280,"31.03,70.29,31.95,86.09,32.73,90.23,30.19,42.13",31.03,70.29,31.95,86.09,32.73,90.23,30.19,42.13,true,0
session_20260623_163953_final,864,94244,2026-06-23T16:41:27.722840,Okulary BME280,"31.03,70.30,31.95,86.19,32.74,90.17,30.20,42.13",31.03,70.30,31.95,86.19,32.74,90.17,30.20,42.13,true,0
session_20260623_163953_final,865,94332,2026-06-23T16:41:27.811233,Okulary BME280,"31.04,70.31,31.96,86.36,32.73,90.12,30.19,42.16",31.04,70.31,31.96,86.36,32.73,90.12,30.19,42.16,true,0
session_20260623_163953_final,866,94467,2026-06-23T16:41:27.946805,Okulary BME280,"31.04,70.29,31.95,86.43,32.71,90.06,30.19,42.17",31.04,70.29,31.95,86.43,32.71,90.06,30.19,42.17,true,0
session_20260623_163953_final,867,94557,2026-06-23T16:41:28.036248,Okulary BME280,"31.03,70.30,31.94,86.50,32.68,89.97,30.19,42.17",31.03,70.30,31.94,86.50,32.68,89.97,30.19,42.17,true,0
session_20260623_163953_final,868,94690,2026-06-23T16:41:28.169247,Okulary BME280,"31.03,70.29,31.93,86.57,32.65,89.95,30.19,42.18",31.03,70.29,31.93,86.57,32.65,89.95,30.19,42.18,true,0
session_20260623_163953_final,869,94785,2026-06-23T16:41:28.263892,Okulary BME280,"31.04,70.29,31.93,86.58,32.60,89.88,30.19,42.22",31.04,70.29,31.93,86.58,32.60,89.88,30.19,42.22,true,0
session_20260623_163953_final,870,94891,2026-06-23T16:41:28.370457,Okulary BME280,"31.03,70.28,31.92,86.45,32.57,89.79,30.19,42.17",31.03,70.28,31.92,86.45,32.57,89.79,30.19,42.17,true,0
session_20260623_163953_final,871,95005,2026-06-23T16:41:28.484355,Okulary BME280,"31.04,70.27,31.88,86.22,32.53,89.61,30.19,42.16",31.04,70.27,31.88,86.22,32.53,89.61,30.19,42.16,true,0
session_20260623_163953_final,872,95096,2026-06-23T16:41:28.575655,Okulary BME280,"31.04,70.26,31.83,85.90,32.46,89.41,30.19,42.15",31.04,70.26,31.83,85.90,32.46,89.41,30.19,42.15,true,0
session_20260623_163953_final,873,95232,2026-06-23T16:41:28.711166,Okulary BME280,"31.04,70.23,31.77,85.60,32.39,89.25,30.19,42.15",31.04,70.23,31.77,85.60,32.39,89.25,30.19,42.15,true,0
session_20260623_163953_final,874,95339,2026-06-23T16:41:28.818081,Okulary BME280,"31.03,70.21,31.67,85.04,32.31,89.16,30.19,42.15",31.03,70.21,31.67,85.04,32.31,89.16,30.19,42.15,true,0
session_20260623_163953_final,875,95465,2026-06-23T16:41:28.944116,Okulary BME280,"31.03,70.24,31.64,84.95,32.26,89.08,30.20,42.13",31.03,70.24,31.64,84.95,32.26,89.08,30.20,42.13,true,0
session_20260623_163953_final,876,95548,2026-06-23T16:41:29.027462,Okulary BME280,"31.03,70.18,31.65,85.03,32.23,89.29,30.20,42.13",31.03,70.18,31.65,85.03,32.23,89.29,30.20,42.13,true,0
session_20260623_163953_final,877,95637,2026-06-23T16:41:29.116127,Okulary BME280,"31.04,70.16,31.68,85.18,32.24,89.59,30.19,42.12",31.04,70.16,31.68,85.18,32.24,89.59,30.19,42.12,true,0
session_20260623_163953_final,878,95771,2026-06-23T16:41:29.249853,Okulary BME280,"31.04,70.16,31.74,85.37,32.42,90.07,30.19,42.10",31.04,70.16,31.74,85.37,32.42,90.07,30.19,42.10,true,0
session_20260623_163953_final,879,95861,2026-06-23T16:41:29.340636,Okulary BME280,"31.04,70.18,31.81,85.55,32.52,90.22,30.19,42.11",31.04,70.18,31.81,85.55,32.52,90.22,30.19,42.11,true,0
session_20260623_163953_final,880,95996,2026-06-23T16:41:29.475308,Okulary BME280,"31.05,70.20,31.87,85.72,32.63,90.30,30.19,42.11",31.05,70.20,31.87,85.72,32.63,90.30,30.19,42.11,true,0
session_20260623_163953_final,881,96085,2026-06-23T16:41:29.564787,Okulary BME280,"31.05,70.22,31.92,85.86,32.70,90.31,30.19,42.11",31.05,70.22,31.92,85.86,32.70,90.31,30.19,42.11,true,0
session_20260623_163953_final,882,96223,2026-06-23T16:41:29.702660,Okulary BME280,"31.05,70.23,31.96,85.97,32.74,90.27,30.19,42.10",31.05,70.23,31.96,85.97,32.74,90.27,30.19,42.10,true,0
session_20260623_163953_final,883,96311,2026-06-23T16:41:29.790438,Okulary BME280,"31.06,70.26,31.98,86.21,32.76,90.20,30.19,42.10",31.06,70.26,31.98,86.21,32.76,90.20,30.19,42.10,true,0
session_20260623_163953_final,884,96400,2026-06-23T16:41:29.879322,Okulary BME280,"31.05,70.21,31.98,86.26,32.75,90.13,30.19,42.09",31.05,70.21,31.98,86.26,32.75,90.13,30.19,42.09,true,0
session_20260623_163953_final,885,96542,2026-06-23T16:41:30.021487,Okulary BME280,"31.06,70.27,31.97,86.32,32.73,90.05,30.19,42.08",31.06,70.27,31.97,86.32,32.73,90.05,30.19,42.08,true,0
session_20260623_163953_final,886,96640,2026-06-23T16:41:30.118942,Okulary BME280,"31.06,70.27,31.95,86.35,32.70,89.92,30.19,42.08",31.06,70.27,31.95,86.35,32.70,89.92,30.19,42.08,true,0
session_20260623_163953_final,887,96763,2026-06-23T16:41:30.242630,Okulary BME280,"31.06,70.26,31.94,86.38,32.64,89.89,30.19,42.09",31.06,70.26,31.94,86.38,32.64,89.89,30.19,42.09,true,0
session_20260623_163953_final,888,96851,2026-06-23T16:41:30.330620,Okulary BME280,"31.06,70.26,31.92,86.39,32.61,89.83,30.19,42.05",31.06,70.26,31.92,86.39,32.61,89.83,30.19,42.05,true,0
session_20260623_163953_final,889,96941,2026-06-23T16:41:30.420493,Okulary BME280,"31.06,70.25,31.90,86.39,32.59,89.80,30.19,42.05",31.06,70.25,31.90,86.39,32.59,89.80,30.19,42.05,true,0
session_20260623_163953_final,890,97092,2026-06-23T16:41:30.571373,Okulary BME280,"31.06,70.25,31.88,86.27,32.57,89.74,30.19,42.05",31.06,70.25,31.88,86.27,32.57,89.74,30.19,42.05,true,0
session_20260623_163953_final,891,97166,2026-06-23T16:41:30.645011,Okulary BME280,"31.06,70.22,31.85,86.04,32.53,89.59,30.20,42.05",31.06,70.22,31.85,86.04,32.53,89.59,30.20,42.05,true,0
session_20260623_163953_final,892,97306,2026-06-23T16:41:30.785369,Okulary BME280,"31.06,70.19,31.77,85.54,32.47,89.44,30.19,42.04",31.06,70.19,31.77,85.54,32.47,89.44,30.19,42.04,true,0
session_20260623_163953_final,893,97390,2026-06-23T16:41:30.869661,Okulary BME280,"31.06,70.17,31.73,85.26,32.40,89.27,30.19,42.04",31.06,70.17,31.73,85.26,32.40,89.27,30.19,42.04,true,0
session_20260623_163953_final,894,97537,2026-06-23T16:41:31.016766,Okulary BME280,"31.06,70.06,31.69,85.00,32.33,89.19,30.20,42.03",31.06,70.06,31.69,85.00,32.33,89.19,30.20,42.03,true,0
session_20260623_163953_final,895,97622,2026-06-23T16:41:31.101612,Okulary BME280,"31.06,70.01,31.67,84.84,32.28,89.17,30.19,42.03",31.06,70.01,31.67,84.84,32.28,89.17,30.19,42.03,true,0
session_20260623_163953_final,896,97706,2026-06-23T16:41:31.185235,Okulary BME280,"31.06,69.98,31.67,84.87,32.23,89.43,30.20,42.04",31.06,69.98,31.67,84.87,32.23,89.43,30.20,42.04,true,0
session_20260623_163953_final,897,97845,2026-06-23T16:41:31.323855,Okulary BME280,"31.06,69.94,31.69,84.99,32.26,89.71,30.19,42.04",31.06,69.94,31.69,84.99,32.26,89.71,30.19,42.04,true,0
session_20260623_163953_final,898,97931,2026-06-23T16:41:31.410471,Okulary BME280,"31.06,69.93,31.74,85.16,32.33,89.97,30.20,42.00",31.06,69.93,31.74,85.16,32.33,89.97,30.20,42.00,true,0
session_20260623_163953_final,899,98065,2026-06-23T16:41:31.544563,Okulary BME280,"31.06,69.93,31.80,85.33,32.45,90.15,30.20,42.01",31.06,69.93,31.80,85.33,32.45,90.15,30.20,42.01,true,0
session_20260623_163953_final,900,98161,2026-06-23T16:41:31.640253,Okulary BME280,"31.06,69.92,31.86,85.52,32.55,90.26,30.20,42.00",31.06,69.92,31.86,85.52,32.55,90.26,30.20,42.00,true,0
session_20260623_163953_final,901,98291,2026-06-23T16:41:31.770313,Okulary BME280,"31.06,69.99,31.95,85.84,32.64,90.30,30.20,42.01",31.06,69.99,31.95,85.84,32.64,90.30,30.20,42.01,true,0
session_20260623_163953_final,902,98381,2026-06-23T16:41:31.860072,Okulary BME280,"31.06,69.99,31.97,85.97,32.70,90.28,30.20,42.00",31.06,69.99,31.97,85.97,32.70,90.28,30.20,42.00,true,0
session_20260623_163953_final,903,98471,2026-06-23T16:41:31.950672,Okulary BME280,"31.06,70.00,31.99,86.07,32.73,90.26,30.21,42.01",31.06,70.00,31.99,86.07,32.73,90.26,30.21,42.01,true,0
session_20260623_163953_final,904,98605,2026-06-23T16:41:32.084511,Okulary BME280,"31.06,70.01,31.99,86.15,32.73,90.06,30.20,42.01",31.06,70.01,31.99,86.15,32.73,90.06,30.20,42.01,true,0
session_20260623_163953_final,905,98702,2026-06-23T16:41:32.181657,Okulary BME280,"31.06,70.00,31.98,86.19,32.70,90.00,30.21,41.99",31.06,70.00,31.98,86.19,32.70,90.00,30.21,41.99,true,0
session_20260623_163953_final,906,98847,2026-06-23T16:41:32.326326,Okulary BME280,"31.06,70.00,31.97,86.26,32.66,89.95,30.20,42.01",31.06,70.00,31.97,86.26,32.66,89.95,30.20,42.01,true,0
session_20260623_163953_final,907,98921,2026-06-23T16:41:32.399896,Okulary BME280,"31.06,69.99,31.96,86.32,32.64,89.90,30.22,42.01",31.06,69.99,31.96,86.32,32.64,89.90,30.22,42.01,true,0
session_20260623_163953_final,908,99056,2026-06-23T16:41:32.535625,Okulary BME280,"31.06,69.98,31.94,86.30,32.60,89.84,30.21,42.01",31.06,69.98,31.94,86.30,32.60,89.84,30.21,42.01,true,0
session_20260623_163953_final,909,99153,2026-06-23T16:41:32.632593,Okulary BME280,"31.06,69.95,31.93,86.31,32.58,89.80,30.21,42.02",31.06,69.95,31.93,86.31,32.58,89.80,30.21,42.02,true,0
session_20260623_163953_final,910,99238,2026-06-23T16:41:32.716951,Okulary BME280,"31.06,69.88,31.89,86.36,32.56,89.77,30.21,42.01",31.06,69.88,31.89,86.36,32.56,89.77,30.21,42.01,true,0
session_20260623_163953_final,911,99371,2026-06-23T16:41:32.850705,Okulary BME280,"31.06,69.90,31.89,86.39,32.54,89.76,30.21,42.02",31.06,69.90,31.89,86.39,32.54,89.76,30.21,42.02,true,0
session_20260623_163953_final,912,99462,2026-06-23T16:41:32.941346,Okulary BME280,"31.06,69.89,31.88,86.43,32.52,89.67,30.21,42.02",31.06,69.89,31.88,86.43,32.52,89.67,30.21,42.02,true,0
session_20260623_163953_final,913,99595,2026-06-23T16:41:33.074088,Okulary BME280,"31.06,69.88,31.88,86.46,32.49,89.70,30.21,42.02",31.06,69.88,31.88,86.46,32.49,89.70,30.21,42.02,true,0
session_20260623_163953_final,914,99686,2026-06-23T16:41:33.165424,Okulary BME280,"31.06,69.87,31.88,86.49,32.48,89.67,30.21,42.01",31.06,69.87,31.88,86.49,32.48,89.67,30.21,42.01,true,0
session_20260623_163953_final,915,99777,2026-06-23T16:41:33.256238,Okulary BME280,"31.06,69.85,31.88,86.53,32.47,89.66,30.21,42.01",31.06,69.85,31.88,86.53,32.47,89.66,30.21,42.01,true,0
session_20260623_163953_final,916,99911,2026-06-23T16:41:33.390478,Okulary BME280,"31.06,69.83,31.89,86.54,32.46,89.64,30.22,42.03",31.06,69.83,31.89,86.54,32.46,89.64,30.22,42.03,true,0
session_20260623_163953_final,917,100018,2026-06-23T16:41:33.497740,Okulary BME280,"31.06,69.82,31.89,86.58,32.46,89.66,30.21,42.04",31.06,69.82,31.89,86.58,32.46,89.66,30.21,42.04,true,0
session_20260623_163953_final,918,100138,2026-06-23T16:41:33.616862,Okulary BME280,"31.06,69.82,31.89,86.56,32.45,89.63,30.21,42.04",31.06,69.82,31.89,86.56,32.45,89.63,30.21,42.04,true,0
session_20260623_163953_final,919,100228,2026-06-23T16:41:33.707101,Okulary BME280,"31.06,69.82,31.89,86.56,32.45,89.63,30.22,42.04",31.06,69.82,31.89,86.56,32.45,89.63,30.22,42.04,true,0
session_20260623_163953_final,920,100364,2026-06-23T16:41:33.843350,Okulary BME280,"31.05,69.77,31.88,86.42,32.44,89.57,30.22,42.05",31.05,69.77,31.88,86.42,32.44,89.57,30.22,42.05,true,0
session_20260623_163953_final,921,100452,2026-06-23T16:41:33.931604,Okulary BME280,"31.05,69.74,31.86,86.13,32.44,89.57,30.21,42.05",31.05,69.74,31.86,86.13,32.44,89.57,30.21,42.05,true,0
session_20260623_163953_final,922,100541,2026-06-23T16:41:34.020235,Okulary BME280,"31.05,69.72,31.83,85.83,32.39,89.31,30.21,42.07",31.05,69.72,31.83,85.83,32.39,89.31,30.21,42.07,true,0
session_20260623_163953_final,923,100682,2026-06-23T16:41:34.160956,Okulary BME280,"31.05,69.69,31.79,85.53,32.34,89.19,30.21,42.04",31.05,69.69,31.79,85.53,32.34,89.19,30.21,42.04,true,0
session_20260623_163953_final,924,100767,2026-06-23T16:41:34.246090,Okulary BME280,"31.05,69.65,31.75,85.25,32.30,89.11,30.22,42.09",31.05,69.65,31.75,85.25,32.30,89.11,30.22,42.09,true,0
session_20260623_163953_final,925,100909,2026-06-23T16:41:34.388447,Okulary BME280,"31.05,69.61,31.72,84.98,32.26,89.03,30.22,42.07",31.05,69.61,31.72,84.98,32.26,89.03,30.22,42.07,true,0
session_20260623_163953_final,926,101007,2026-06-23T16:41:34.486462,Okulary BME280,"31.04,69.61,31.69,84.71,32.23,88.98,30.22,42.07",31.04,69.61,31.69,84.71,32.23,88.98,30.22,42.07,true,0
session_20260623_163953_final,927,101128,2026-06-23T16:41:34.607357,Okulary BME280,"31.04,69.54,31.68,84.60,32.22,89.11,30.22,42.05",31.04,69.54,31.68,84.60,32.22,89.11,30.22,42.05,true,0
session_20260623_163953_final,928,101215,2026-06-23T16:41:34.694268,Okulary BME280,"31.04,69.48,31.71,84.76,32.22,89.43,30.22,42.07",31.04,69.48,31.71,84.76,32.22,89.43,30.22,42.07,true,0
session_20260623_163953_final,929,101308,2026-06-23T16:41:34.787463,Okulary BME280,"31.05,69.48,31.76,84.96,32.27,89.71,30.22,42.07",31.05,69.48,31.76,84.96,32.27,89.71,30.22,42.07,true,0
session_20260623_163953_final,930,101456,2026-06-23T16:41:34.935287,Okulary BME280,"31.05,69.48,31.83,85.17,32.38,89.94,30.22,42.07",31.05,69.48,31.83,85.17,32.38,89.94,30.22,42.07,true,0
session_20260623_163953_final,931,101532,2026-06-23T16:41:35.010865,Okulary BME280,"31.05,69.51,31.88,85.37,32.59,90.21,30.22,42.07",31.05,69.51,31.88,85.37,32.59,90.21,30.22,42.07,true,0
session_20260623_163953_final,932,101667,2026-06-23T16:41:35.146051,Okulary BME280,"31.05,69.53,31.94,85.55,32.68,90.26,30.22,42.09",31.05,69.53,31.94,85.55,32.68,90.26,30.22,42.09,true,0
session_20260623_163953_final,933,101776,2026-06-23T16:41:35.254945,Okulary BME280,"31.05,69.56,31.98,85.72,32.75,90.27,30.22,42.03",31.05,69.56,31.98,85.72,32.75,90.27,30.22,42.03,true,0
session_20260623_163953_final,934,101845,2026-06-23T16:41:35.324615,Okulary BME280,"31.06,69.58,32.00,85.85,32.78,90.26,30.23,42.07",31.06,69.58,32.00,85.85,32.78,90.26,30.23,42.07,true,0
session_20260623_163953_final,935,101984,2026-06-23T16:41:35.463779,Okulary BME280,"31.06,69.66,32.02,85.99,32.79,90.17,30.22,42.08",31.06,69.66,32.02,85.99,32.79,90.17,30.22,42.08,true,0
session_20260623_163953_final,936,102072,2026-06-23T16:41:35.550919,Okulary BME280,"31.05,69.72,32.02,86.19,32.78,90.11,30.22,42.08",31.05,69.72,32.02,86.19,32.78,90.11,30.22,42.08,true,0
session_20260623_163953_final,937,102205,2026-06-23T16:41:35.684502,Okulary BME280,"31.06,69.67,32.02,86.27,32.76,90.07,30.22,42.09",31.06,69.67,32.02,86.27,32.76,90.07,30.22,42.09,true,0
session_20260623_163953_final,938,102297,2026-06-23T16:41:35.776146,Okulary BME280,"31.06,69.68,32.01,86.31,32.73,90.06,30.23,42.10",31.06,69.68,32.01,86.31,32.73,90.06,30.23,42.10,true,0
session_20260623_163953_final,939,102443,2026-06-23T16:41:35.922687,Okulary BME280,"31.06,69.69,31.99,86.35,32.70,89.96,30.23,42.11",31.06,69.69,31.99,86.35,32.70,89.96,30.23,42.11,true,0
session_20260623_163953_final,940,102521,2026-06-23T16:41:36.000404,Okulary BME280,"31.05,69.70,31.98,86.37,32.66,89.93,30.23,42.11",31.05,69.70,31.98,86.37,32.66,89.93,30.23,42.11,true,0
session_20260623_163953_final,941,102626,2026-06-23T16:41:36.105297,Okulary BME280,"31.06,69.72,31.96,86.36,32.63,89.87,30.23,42.09",31.06,69.72,31.96,86.36,32.63,89.87,30.23,42.09,true,0
session_20260623_163953_final,942,102753,2026-06-23T16:41:36.232071,Okulary BME280,"31.06,69.73,31.94,86.31,32.61,89.82,30.23,42.10",31.06,69.73,31.94,86.31,32.61,89.82,30.23,42.10,true,0
session_20260623_163953_final,943,102836,2026-06-23T16:41:36.315390,Okulary BME280,"31.06,69.75,31.90,86.15,32.58,89.76,30.23,42.09",31.06,69.75,31.90,86.15,32.58,89.76,30.23,42.09,true,0
session_20260623_163953_final,944,102977,2026-06-23T16:41:36.456496,Okulary BME280,"31.06,69.73,31.86,85.95,32.55,89.69,30.23,42.07",31.06,69.73,31.86,85.95,32.55,89.69,30.23,42.07,true,0
session_20260623_163953_final,945,103073,2026-06-23T16:41:36.551978,Okulary BME280,"31.06,69.80,31.82,85.34,32.51,89.57,30.22,42.06",31.06,69.80,31.82,85.34,32.51,89.57,30.22,42.06,true,0
session_20260623_163953_final,946,103212,2026-06-23T16:41:36.691782,Okulary BME280,"31.06,69.82,31.75,85.04,32.45,89.42,30.23,42.04",31.06,69.82,31.75,85.04,32.45,89.42,30.23,42.04,true,0
session_20260623_163953_final,947,103288,2026-06-23T16:41:36.767061,Okulary BME280,"31.05,69.83,31.71,84.71,32.38,89.27,30.22,42.03",31.05,69.83,31.71,84.71,32.38,89.27,30.22,42.03,true,0
session_20260623_163953_final,948,103383,2026-06-23T16:41:36.861948,Okulary BME280,"31.06,69.85,31.68,84.42,32.32,89.14,30.22,42.01",31.06,69.85,31.68,84.42,32.32,89.14,30.22,42.01,true,0
session_20260623_163953_final,949,103511,2026-06-23T16:41:36.990414,Okulary BME280,"31.06,69.87,31.67,84.16,32.24,89.03,30.22,42.00",31.06,69.87,31.67,84.16,32.24,89.03,30.22,42.00,true,0
session_20260623_163953_final,950,103601,2026-06-23T16:41:37.080558,Okulary BME280,"31.06,69.88,31.66,83.91,32.21,89.00,30.22,41.97",31.06,69.88,31.66,83.91,32.21,89.00,30.22,41.97,true,0
session_20260623_163953_final,951,103740,2026-06-23T16:41:37.219020,Okulary BME280,"31.06,69.89,31.65,83.77,32.20,89.10,30.22,41.99",31.06,69.89,31.65,83.77,32.20,89.10,30.22,41.99,true,0
session_20260623_163953_final,952,103825,2026-06-23T16:41:37.304400,Okulary BME280,"31.06,69.96,31.65,83.82,32.20,89.40,30.22,41.95",31.06,69.96,31.65,83.82,32.20,89.40,30.22,41.95,true,0
session_20260623_163953_final,953,103961,2026-06-23T16:41:37.440718,Okulary BME280,"31.06,69.95,31.69,84.01,32.25,89.68,30.22,41.94",31.06,69.95,31.69,84.01,32.25,89.68,30.22,41.94,true,0
session_20260623_163953_final,954,104053,2026-06-23T16:41:37.532182,Okulary BME280,"31.06,69.99,31.81,84.48,32.35,89.90,30.22,41.93",31.06,69.99,31.81,84.48,32.35,89.90,30.22,41.93,true,0
session_20260623_163953_final,955,104142,2026-06-23T16:41:37.621149,Okulary BME280,"31.06,70.01,31.88,84.72,32.47,90.07,30.22,41.93",31.06,70.01,31.88,84.72,32.47,90.07,30.22,41.93,true,0
session_20260623_163953_final,956,104287,2026-06-23T16:41:37.765852,Okulary BME280,"31.07,70.06,31.93,84.94,32.58,90.14,30.22,41.93",31.07,70.06,31.93,84.94,32.58,90.14,30.22,41.93,true,0
session_20260623_163953_final,957,104384,2026-06-23T16:41:37.863275,Okulary BME280,"31.07,70.10,31.98,85.14,32.67,90.22,30.22,41.93",31.07,70.10,31.98,85.14,32.67,90.22,30.22,41.93,true,0
session_20260623_163953_final,958,104500,2026-06-23T16:41:37.979625,Okulary BME280,"31.07,70.15,32.01,85.32,32.80,90.35,30.22,41.93",31.07,70.15,32.01,85.32,32.80,90.35,30.22,41.93,true,0
session_20260623_163953_final,959,104592,2026-06-23T16:41:38.071567,Okulary BME280,"31.07,70.20,32.04,85.48,32.84,90.33,30.22,41.92",31.07,70.20,32.04,85.48,32.84,90.33,30.22,41.92,true,0
session_20260623_163953_final,960,104682,2026-06-23T16:41:38.161780,Okulary BME280,"31.07,70.24,32.06,85.63,32.85,90.32,30.23,41.90",31.07,70.24,32.06,85.63,32.85,90.32,30.23,41.90,true,0
session_20260623_163953_final,961,104816,2026-06-23T16:41:38.295073,Okulary BME280,"31.07,70.19,32.06,85.76,32.86,90.27,30.23,41.95",31.07,70.19,32.06,85.76,32.86,90.27,30.23,41.95,true,0
session_20260623_163953_final,962,104905,2026-06-23T16:41:38.384664,Okulary BME280,"31.07,70.29,32.06,85.85,32.85,90.19,30.22,41.96",31.07,70.29,32.06,85.85,32.85,90.19,30.22,41.96,true,0
session_20260623_163953_final,963,105041,2026-06-23T16:41:38.520024,Okulary BME280,"31.08,70.37,32.05,86.05,32.83,90.15,30.22,41.96",31.08,70.37,32.05,86.05,32.83,90.15,30.22,41.96,true,0
session_20260623_163953_final,964,105131,2026-06-23T16:41:38.610774,Okulary BME280,"31.08,70.40,32.04,86.08,32.80,90.09,30.23,41.97",31.08,70.40,32.04,86.08,32.80,90.09,30.23,41.97,true,0
session_20260623_163953_final,965,105277,2026-06-23T16:41:38.756556,Okulary BME280,"31.07,70.42,32.02,86.01,32.77,90.00,30.23,41.97",31.07,70.42,32.02,86.01,32.77,90.00,30.23,41.97,true,0
session_20260623_163953_final,966,105359,2026-06-23T16:41:38.838320,Okulary BME280,"31.07,70.45,31.98,85.84,32.74,89.94,30.23,41.97",31.07,70.45,31.98,85.84,32.74,89.94,30.23,41.97,true,0
session_20260623_163953_final,967,105449,2026-06-23T16:41:38.927922,Okulary BME280,"31.07,70.46,31.93,85.62,32.65,89.75,30.23,41.97",31.07,70.46,31.93,85.62,32.65,89.75,30.23,41.97,true,0
session_20260623_163953_final,968,105582,2026-06-23T16:41:39.060937,Okulary BME280,"31.07,70.48,31.87,85.37,32.59,89.62,30.23,41.96",31.07,70.48,31.87,85.37,32.59,89.62,30.23,41.96,true,0
session_20260623_163953_final,969,105682,2026-06-23T16:41:39.161268,Okulary BME280,"31.07,70.42,31.82,85.10,32.53,89.47,30.23,41.94",31.07,70.42,31.82,85.10,32.53,89.47,30.23,41.94,true,0
session_20260623_163953_final,970,105806,2026-06-23T16:41:39.285556,Okulary BME280,"31.07,70.43,31.76,84.83,32.46,89.34,30.23,41.94",31.07,70.43,31.76,84.83,32.46,89.34,30.23,41.94,true,0
session_20260623_163953_final,971,105895,2026-06-23T16:41:39.374685,Okulary BME280,"31.07,70.52,31.73,84.50,32.39,89.24,30.23,41.96",31.07,70.52,31.73,84.50,32.39,89.24,30.23,41.96,true,0
session_20260623_163953_final,972,106030,2026-06-23T16:41:39.509288,Okulary BME280,"31.07,70.52,31.68,83.96,32.33,89.17,30.24,41.95",31.07,70.52,31.68,83.96,32.33,89.17,30.24,41.95,true,0
session_20260623_163953_final,973,106122,2026-06-23T16:41:39.601578,Okulary BME280,"31.07,70.53,31.66,83.90,32.30,89.10,30.23,41.96",31.07,70.53,31.66,83.90,32.30,89.10,30.23,41.96,true,0
session_20260623_163953_final,974,106211,2026-06-23T16:41:39.690317,Okulary BME280,"31.07,70.53,31.67,84.01,32.27,89.25,30.23,41.95",31.07,70.53,31.67,84.01,32.27,89.25,30.23,41.95,true,0
session_20260623_163953_final,975,106357,2026-06-23T16:41:39.836061,Okulary BME280,"31.07,70.54,31.72,84.18,32.28,89.61,30.23,41.96",31.07,70.54,31.72,84.18,32.28,89.61,30.23,41.96,true,0
session_20260623_163953_final,976,106441,2026-06-23T16:41:39.920465,Okulary BME280,"31.07,70.57,31.77,84.38,32.42,90.00,30.24,41.98",31.07,70.57,31.77,84.38,32.42,90.00,30.24,41.98,true,0
session_20260623_163953_final,977,106576,2026-06-23T16:41:40.054984,Okulary BME280,"31.07,70.58,31.84,84.61,32.51,90.14,30.24,42.00",31.07,70.58,31.84,84.61,32.51,90.14,30.24,42.00,true,0
session_20260623_163953_final,978,106660,2026-06-23T16:41:40.139660,Okulary BME280,"31.08,70.58,31.89,84.82,32.61,90.22,30.24,42.03",31.08,70.58,31.89,84.82,32.61,90.22,30.24,42.03,true,0
session_20260623_163953_final,979,106757,2026-06-23T16:41:40.236362,Okulary BME280,"31.07,70.63,31.95,85.00,32.68,90.29,30.24,42.01",31.07,70.63,31.95,85.00,32.68,90.29,30.24,42.01,true,0
session_20260623_163953_final,980,106893,2026-06-23T16:41:40.372236,Okulary BME280,"31.07,70.70,31.98,85.19,32.74,90.28,30.25,42.06",31.07,70.70,31.98,85.19,32.74,90.28,30.25,42.06,true,0
session_20260623_163953_final,981,106978,2026-06-23T16:41:40.457565,Okulary BME280,"31.08,70.74,32.02,85.47,32.78,90.24,30.24,42.07",31.08,70.74,32.02,85.47,32.78,90.24,30.24,42.07,true,0
session_20260623_163953_final,982,107111,2026-06-23T16:41:40.590623,Okulary BME280,"31.08,70.77,32.03,85.56,32.78,90.18,30.24,42.07",31.08,70.77,32.03,85.56,32.78,90.18,30.24,42.07,true,0
session_20260623_163953_final,983,107201,2026-06-23T16:41:40.680423,Okulary BME280,"31.08,70.80,32.03,85.67,32.78,90.11,30.25,42.09",31.08,70.80,32.03,85.67,32.78,90.11,30.25,42.09,true,0
session_20260623_163953_final,984,107335,2026-06-23T16:41:40.813983,Okulary BME280,"31.08,70.84,32.03,85.76,32.75,90.00,30.25,42.10",31.08,70.84,32.03,85.76,32.75,90.00,30.25,42.10,true,0
session_20260623_163953_final,985,107425,2026-06-23T16:41:40.904339,Okulary BME280,"31.08,70.88,32.01,85.84,32.71,89.96,30.25,42.12",31.08,70.88,32.01,85.84,32.71,89.96,30.25,42.12,true,0
session_20260623_163953_final,986,107515,2026-06-23T16:41:40.994696,Okulary BME280,"31.08,70.89,32.01,85.90,32.67,89.88,30.24,42.12",31.08,70.89,32.01,85.90,32.67,89.88,30.24,42.12,true,0
session_20260623_163953_final,987,107651,2026-06-23T16:41:41.130355,Okulary BME280,"31.08,70.92,32.00,85.96,32.64,89.84,30.24,42.13",31.08,70.92,32.00,85.96,32.64,89.84,30.24,42.13,true,0
session_20260623_163953_final,988,107745,2026-06-23T16:41:41.224182,Okulary BME280,"31.08,71.00,31.99,86.00,32.62,89.80,30.24,42.10",31.08,71.00,31.99,86.00,32.62,89.80,30.24,42.10,true,0
session_20260623_163953_final,989,107894,2026-06-23T16:41:41.373461,Okulary BME280,"31.09,71.05,31.97,85.86,32.59,89.75,30.25,42.08",31.09,71.05,31.97,85.86,32.59,89.75,30.25,42.08,true,0
session_20260623_163953_final,990,107966,2026-06-23T16:41:41.444941,Okulary BME280,"31.09,71.08,31.89,85.38,32.56,89.69,30.24,42.08",31.09,71.08,31.89,85.38,32.56,89.69,30.24,42.08,true,0
session_20260623_163953_final,991,108102,2026-06-23T16:41:41.581347,Okulary BME280,"31.09,71.11,31.83,85.09,32.52,89.57,30.24,42.07",31.09,71.11,31.83,85.09,32.52,89.57,30.24,42.07,true,0
session_20260623_163953_final,992,108202,2026-06-23T16:41:41.681754,Okulary BME280,"31.09,71.15,31.79,84.81,32.48,89.51,30.25,42.07",31.09,71.15,31.79,84.81,32.48,89.51,30.25,42.07,true,0
session_20260623_163953_final,993,108281,2026-06-23T16:41:41.760483,Okulary BME280,"31.09,71.19,31.75,84.52,32.40,89.32,30.25,42.06",31.09,71.19,31.75,84.52,32.40,89.32,30.25,42.06,true,0
session_20260623_163953_final,994,108416,2026-06-23T16:41:41.895387,Okulary BME280,"31.09,71.20,31.73,84.27,32.36,89.22,30.25,42.06",31.09,71.20,31.73,84.27,32.36,89.22,30.25,42.06,true,0
session_20260623_163953_final,995,108505,2026-06-23T16:41:41.983949,Okulary BME280,"31.09,71.28,31.71,84.22,32.34,89.39,30.25,42.06",31.09,71.28,31.71,84.22,32.34,89.39,30.25,42.06,true,0
session_20260623_163953_final,996,108651,2026-06-23T16:41:42.130106,Okulary BME280,"31.09,71.32,31.73,84.30,32.34,89.63,30.25,42.02",31.09,71.32,31.73,84.30,32.34,89.63,30.25,42.02,true,0
session_20260623_163953_final,997,108742,2026-06-23T16:41:42.221653,Okulary BME280,"31.09,71.33,31.76,84.49,32.39,89.87,30.25,42.03",31.09,71.33,31.76,84.49,32.39,89.87,30.25,42.03,true,0
session_20260623_163953_final,998,108874,2026-06-23T16:41:42.353643,Okulary BME280,"31.09,71.36,31.82,84.63,32.47,90.04,30.25,42.05",31.09,71.36,31.82,84.63,32.47,90.04,30.25,42.05,true,0
session_20260623_163953_final,999,108959,2026-06-23T16:41:42.438078,Okulary BME280,"31.09,71.38,31.93,85.01,32.55,90.14,30.25,42.02",31.09,71.38,31.93,85.01,32.55,90.14,30.25,42.02,true,0
session_20260623_163953_final,1000,109065,2026-06-23T16:41:42.544500,Okulary BME280,"31.09,71.42,31.96,85.17,32.62,90.18,30.25,42.01",31.09,71.42,31.96,85.17,32.62,90.18,30.25,42.01,true,0
session_20260623_163953_final,1001,109197,2026-06-23T16:41:42.676469,Okulary BME280,"31.09,71.46,31.99,85.32,32.67,90.16,30.25,42.00",31.09,71.46,31.99,85.32,32.67,90.16,30.25,42.00,true,0
session_20260623_163953_final,1002,109274,2026-06-23T16:41:42.752854,Okulary BME280,"31.09,71.50,32.00,85.44,32.71,90.08,30.25,42.00",31.09,71.50,32.00,85.44,32.71,90.08,30.25,42.00,true,0
session_20260623_163953_final,1003,109413,2026-06-23T16:41:42.892524,Okulary BME280,"31.09,71.52,32.01,85.52,32.70,90.02,30.24,41.99",31.09,71.52,32.01,85.52,32.70,90.02,30.24,41.99,true,0
session_20260623_163953_final,1004,109498,2026-06-23T16:41:42.976873,Okulary BME280,"31.09,71.54,32.01,85.63,32.69,89.98,30.24,41.99",31.09,71.54,32.01,85.63,32.69,89.98,30.24,41.99,true,0
session_20260623_163953_final,1005,109586,2026-06-23T16:41:43.064903,Okulary BME280,"31.09,71.59,32.01,85.71,32.66,89.94,30.25,41.99",31.09,71.59,32.01,85.71,32.66,89.94,30.25,41.99,true,0
session_20260623_163953_final,1006,109721,2026-06-23T16:41:43.199949,Okulary BME280,"31.10,71.67,32.00,85.81,32.64,89.87,30.25,42.02",31.10,71.67,32.00,85.81,32.64,89.87,30.25,42.02,true,0
session_20260623_163953_final,1007,109811,2026-06-23T16:41:43.290448,Okulary BME280,"31.09,71.71,32.00,85.84,32.62,89.83,30.25,42.01",31.09,71.71,32.00,85.84,32.62,89.83,30.25,42.01,true,0
session_20260623_163953_final,1008,109945,2026-06-23T16:41:43.424675,Okulary BME280,"31.09,71.73,31.98,85.93,32.60,89.82,30.24,42.01",31.09,71.73,31.98,85.93,32.60,89.82,30.24,42.01,true,0
session_20260623_163953_final,1009,110035,2026-06-23T16:41:43.514182,Okulary BME280,"31.10,71.77,31.97,85.87,32.58,89.81,30.25,42.00",31.10,71.77,31.97,85.87,32.58,89.81,30.25,42.00,true,0
session_20260623_163953_final,1010,110171,2026-06-23T16:41:43.650597,Okulary BME280,"31.10,71.80,31.95,85.67,32.56,89.71,30.25,41.99",31.10,71.80,31.95,85.67,32.56,89.71,30.25,41.99,true,0
session_20260623_163953_final,1011,110261,2026-06-23T16:41:43.740400,Okulary BME280,"31.10,71.83,31.91,85.39,32.51,89.61,30.25,41.98",31.10,71.83,31.91,85.39,32.51,89.61,30.25,41.98,true,0
session_20260623_163953_final,1012,110355,2026-06-23T16:41:43.834288,Okulary BME280,"31.10,71.91,31.86,85.11,32.48,89.51,30.25,41.98",31.10,71.91,31.86,85.11,32.48,89.51,30.25,41.98,true,0
session_20260623_163953_final,1013,110501,2026-06-23T16:41:43.980072,Okulary BME280,"31.10,71.85,31.81,84.83,32.44,89.42,30.25,41.96",31.10,71.85,31.81,84.83,32.44,89.42,30.25,41.96,true,0
session_20260623_163953_final,1014,110579,2026-06-23T16:41:44.058066,Okulary BME280,"31.10,71.95,31.77,84.52,32.39,89.34,30.25,41.99",31.10,71.95,31.77,84.52,32.39,89.34,30.25,41.99,true,0
session_20260623_163953_final,1015,110710,2026-06-23T16:41:44.189528,Okulary BME280,"31.10,71.96,31.74,84.25,32.36,89.24,30.25,41.98",31.10,71.96,31.74,84.25,32.36,89.24,30.25,41.98,true,0
session_20260623_163953_final,1016,110805,2026-06-23T16:41:44.284497,Okulary BME280,"31.10,72.00,31.73,84.02,32.33,89.19,30.26,41.98",31.10,72.00,31.73,84.02,32.33,89.19,30.26,41.98,true,0
session_20260623_163953_final,1017,110937,2026-06-23T16:41:44.416327,Okulary BME280,"31.10,72.04,31.73,84.04,32.32,89.36,30.25,41.99",31.10,72.04,31.73,84.04,32.32,89.36,30.25,41.99,true,0
session_20260623_163953_final,1018,111025,2026-06-23T16:41:44.503871,Okulary BME280,"31.10,72.05,31.77,84.20,32.32,89.64,30.26,42.00",31.10,72.05,31.77,84.20,32.32,89.64,30.26,42.00,true,0
session_20260623_163953_final,1019,111115,2026-06-23T16:41:44.594030,Okulary BME280,"31.10,72.09,31.83,84.40,32.37,89.79,30.25,42.01",31.10,72.09,31.83,84.40,32.37,89.79,30.25,42.01,true,0
session_20260623_163953_final,1020,111250,2026-06-23T16:41:44.729781,Okulary BME280,"31.10,72.12,31.88,84.60,32.53,90.15,30.26,42.04",31.10,72.12,31.88,84.60,32.53,90.15,30.26,42.04,true,0
session_20260623_163953_final,1021,111341,2026-06-23T16:41:44.820476,Okulary BME280,"31.10,72.15,31.93,84.80,32.61,90.22,30.26,42.05",31.10,72.15,31.93,84.80,32.61,90.22,30.26,42.05,true,0
session_20260623_163953_final,1022,111476,2026-06-23T16:41:44.955181,Okulary BME280,"31.10,72.20,31.97,84.97,32.68,90.25,30.25,42.05",31.10,72.20,31.97,84.97,32.68,90.25,30.25,42.05,true,0
session_20260623_163953_final,1023,111573,2026-06-23T16:41:45.052322,Okulary BME280,"31.10,72.26,32.01,85.12,32.72,90.22,30.26,42.04",31.10,72.26,32.01,85.12,32.72,90.22,30.26,42.04,true,0
session_20260623_163953_final,1024,111657,2026-06-23T16:41:45.136044,Okulary BME280,"31.11,72.30,32.03,85.25,32.73,90.16,30.26,42.05",31.11,72.30,32.03,85.25,32.73,90.16,30.26,42.05,true,0
session_20260623_163953_final,1025,111792,2026-06-23T16:41:45.271352,Okulary BME280,"31.11,72.32,32.03,85.36,32.73,90.10,30.26,42.06",31.11,72.32,32.03,85.36,32.73,90.10,30.26,42.06,true,0
session_20260623_163953_final,1026,111884,2026-06-23T16:41:45.362957,Okulary BME280,"31.11,72.37,32.02,85.54,32.72,90.04,30.26,42.07",31.11,72.37,32.02,85.54,32.72,90.04,30.26,42.07,true,0
session_20260623_163953_final,1027,112020,2026-06-23T16:41:45.499214,Okulary BME280,"31.11,72.42,32.02,85.61,32.70,89.98,30.26,42.08",31.11,72.42,32.02,85.61,32.70,89.98,30.26,42.08,true,0
session_20260623_163953_final,1028,112113,2026-06-23T16:41:45.592386,Okulary BME280,"31.11,72.46,32.00,85.67,32.67,89.92,30.26,42.08",31.11,72.46,32.00,85.67,32.67,89.92,30.26,42.08,true,0
session_20260623_163953_final,1029,112240,2026-06-23T16:41:45.719309,Okulary BME280,"31.12,72.51,31.99,85.71,32.63,89.83,30.26,42.09",31.12,72.51,31.99,85.71,32.63,89.83,30.26,42.09,true,0
session_20260623_163953_final,1030,112330,2026-06-23T16:41:45.809100,Okulary BME280,"31.12,72.53,31.98,85.75,32.61,89.81,30.26,42.09",31.12,72.53,31.98,85.75,32.61,89.81,30.26,42.09,true,0
session_20260623_163953_final,1031,112441,2026-06-23T16:41:45.920064,Okulary BME280,"31.11,72.62,31.97,85.76,32.58,89.80,30.26,42.11",31.11,72.62,31.97,85.76,32.58,89.80,30.26,42.11,true,0
session_20260623_163953_final,1032,112557,2026-06-23T16:41:46.036659,Okulary BME280,"31.12,72.66,31.96,85.61,32.57,89.73,30.26,42.09",31.12,72.66,31.96,85.61,32.57,89.73,30.26,42.09,true,0
session_20260623_163953_final,1033,112644,2026-06-23T16:41:46.123611,Okulary BME280,"31.12,72.69,31.93,85.37,32.54,89.61,30.27,42.09",31.12,72.69,31.93,85.37,32.54,89.61,30.27,42.09,true,0
session_20260623_163953_final,1034,112784,2026-06-23T16:41:46.263018,Okulary BME280,"31.11,72.73,31.88,85.11,32.49,89.48,30.26,42.13",31.11,72.73,31.88,85.11,32.49,89.48,30.26,42.13,true,0
session_20260623_163953_final,1035,112872,2026-06-23T16:41:46.351586,Okulary BME280,"31.11,72.78,31.80,84.56,32.45,89.36,30.26,42.13",31.11,72.78,31.80,84.56,32.45,89.36,30.26,42.13,true,0
session_20260623_163953_final,1036,113021,2026-06-23T16:41:46.500049,Okulary BME280,"31.11,72.80,31.77,84.30,32.40,89.27,30.26,42.13",31.11,72.80,31.77,84.30,32.40,89.27,30.26,42.13,true,0
session_20260623_163953_final,1037,113096,2026-06-23T16:41:46.575275,Okulary BME280,"31.11,72.84,31.74,84.03,32.35,89.18,30.26,42.13",31.11,72.84,31.74,84.03,32.35,89.18,30.26,42.13,true,0
session_20260623_163953_final,1038,113195,2026-06-23T16:41:46.674150,Okulary BME280,"31.11,72.86,31.73,83.77,32.30,89.00,30.26,42.13",31.11,72.86,31.73,83.77,32.30,89.00,30.26,42.13,true,0
session_20260623_163953_final,1039,113320,2026-06-23T16:41:46.799735,Okulary BME280,"31.11,72.89,31.72,83.64,32.28,89.12,30.27,42.13",31.11,72.89,31.72,83.64,32.28,89.12,30.27,42.13,true,0
session_20260623_163953_final,1040,113412,2026-06-23T16:41:46.891756,Okulary BME280,"31.12,72.97,31.72,83.70,32.28,89.39,30.27,42.14",31.12,72.97,31.72,83.70,32.28,89.39,30.27,42.14,true,0
session_20260623_163953_final,1041,113545,2026-06-23T16:41:47.024128,Okulary BME280,"31.12,73.01,31.76,83.86,32.32,89.64,30.27,42.16",31.12,73.01,31.76,83.86,32.32,89.64,30.27,42.16,true,0
session_20260623_163953_final,1042,113635,2026-06-23T16:41:47.114411,Okulary BME280,"31.12,73.05,31.81,84.03,32.40,89.88,30.27,42.16",31.12,73.05,31.81,84.03,32.40,89.88,30.27,42.16,true,0
session_20260623_163953_final,1043,113777,2026-06-23T16:41:47.256021,Okulary BME280,"31.12,73.07,31.87,84.25,32.50,90.04,30.28,42.20",31.12,73.07,31.87,84.25,32.50,90.04,30.28,42.20,true,0
session_20260623_163953_final,1044,113865,2026-06-23T16:41:47.344011,Okulary BME280,"31.12,73.11,31.97,84.67,32.59,90.16,30.27,42.21",31.12,73.11,31.97,84.67,32.59,90.16,30.27,42.21,true,0
session_20260623_163953_final,1045,113956,2026-06-23T16:41:47.434906,Okulary BME280,"31.12,73.13,32.01,84.85,32.68,90.21,30.27,42.22",31.12,73.13,32.01,84.85,32.68,90.21,30.27,42.22,true,0
session_20260623_163953_final,1046,114089,2026-06-23T16:41:47.568802,Okulary BME280,"31.11,73.18,32.04,85.02,32.75,90.29,30.28,42.24",31.11,73.18,32.04,85.02,32.75,90.29,30.28,42.24,true,0
session_20260623_163953_final,1047,114177,2026-06-23T16:41:47.656037,Okulary BME280,"31.12,73.21,32.05,85.17,32.81,90.20,30.28,42.24",31.12,73.21,32.05,85.17,32.81,90.20,30.28,42.24,true,0
session_20260623_163953_final,1048,114314,2026-06-23T16:41:47.793512,Okulary BME280,"31.12,73.23,32.06,85.29,32.81,90.13,30.27,42.24",31.12,73.23,32.06,85.29,32.81,90.13,30.27,42.24,true,0
session_20260623_163953_final,1049,114413,2026-06-23T16:41:47.892698,Okulary BME280,"31.13,73.31,32.06,85.39,32.79,90.08,30.28,42.22",31.13,73.31,32.06,85.39,32.79,90.08,30.28,42.22,true,0
session_20260623_163953_final,1050,114491,2026-06-23T16:41:47.970543,Okulary BME280,"31.12,73.36,32.06,85.49,32.77,90.02,30.27,42.19",31.12,73.36,32.06,85.49,32.77,90.02,30.27,42.19,true,0
session_20260623_163953_final,1051,114625,2026-06-23T16:41:48.104621,Okulary BME280,"31.13,73.38,32.05,85.57,32.74,89.93,30.27,42.18",31.13,73.38,32.05,85.57,32.74,89.93,30.27,42.18,true,0
session_20260623_163953_final,1052,114717,2026-06-23T16:41:48.195879,Okulary BME280,"31.13,73.42,32.04,85.61,32.71,89.86,30.27,42.19",31.13,73.42,32.04,85.61,32.71,89.86,30.27,42.19,true,0
session_20260623_163953_final,1053,114851,2026-06-23T16:41:48.330020,Okulary BME280,"31.13,73.44,32.01,85.56,32.67,89.83,30.27,42.18",31.13,73.44,32.01,85.56,32.67,89.83,30.27,42.18,true,0
session_20260623_163953_final,1054,114940,2026-06-23T16:41:48.419809,Okulary BME280,"31.14,73.48,31.98,85.37,32.64,89.78,30.27,42.17",31.14,73.48,31.98,85.37,32.64,89.78,30.27,42.17,true,0
session_20260623_163953_final,1055,115077,2026-06-23T16:41:48.556013,Okulary BME280,"31.14,73.51,31.93,85.11,32.60,89.60,30.27,42.15",31.14,73.51,31.93,85.11,32.60,89.60,30.27,42.15,true,0
session_20260623_163953_final,1056,115168,2026-06-23T16:41:48.647037,Okulary BME280,"31.13,73.56,31.87,84.84,32.48,89.29,30.27,42.14",31.13,73.56,31.87,84.84,32.48,89.29,30.27,42.14,true,0
session_20260623_163953_final,1057,115255,2026-06-23T16:41:48.734241,Okulary BME280,"31.13,73.64,31.83,84.57,32.42,89.16,30.27,42.13",31.13,73.64,31.83,84.57,32.42,89.16,30.27,42.13,true,0
session_20260623_163953_final,1058,115399,2026-06-23T16:41:48.878487,Okulary BME280,"31.14,73.67,31.80,84.39,32.37,89.17,30.27,42.12",31.14,73.67,31.80,84.39,32.37,89.17,30.27,42.12,true,0
session_20260623_163953_final,1059,115485,2026-06-23T16:41:48.964645,Okulary BME280,"31.14,73.70,31.78,84.39,32.34,89.44,30.27,42.12",31.14,73.70,31.78,84.39,32.34,89.44,30.27,42.12,true,0
session_20260623_163953_final,1060,115615,2026-06-23T16:41:49.094805,Okulary BME280,"31.14,73.73,31.80,84.50,32.36,89.65,30.28,42.14",31.14,73.73,31.80,84.50,32.36,89.65,30.28,42.14,true,0
session_20260623_163953_final,1061,115705,2026-06-23T16:41:49.184696,Okulary BME280,"31.14,73.76,31.84,84.83,32.42,89.83,30.27,42.07",31.14,73.76,31.84,84.83,32.42,89.83,30.27,42.07,true,0
session_20260623_163953_final,1062,115845,2026-06-23T16:41:49.323854,Okulary BME280,"31.14,73.79,31.94,84.97,32.48,89.97,30.27,42.12",31.14,73.79,31.94,84.97,32.48,89.97,30.27,42.12,true,0
session_20260623_163953_final,1063,115932,2026-06-23T16:41:49.411427,Okulary BME280,"31.14,73.83,31.98,85.13,32.55,90.04,30.28,42.11",31.14,73.83,31.98,85.13,32.55,90.04,30.28,42.11,true,0
session_20260623_163953_final,1064,116020,2026-06-23T16:41:49.499058,Okulary BME280,"31.14,73.81,32.01,85.26,32.61,90.16,30.28,42.11",31.14,73.81,32.01,85.26,32.61,90.16,30.28,42.11,true,0
session_20260623_163953_final,1065,116156,2026-06-23T16:41:49.635296,Okulary BME280,"31.15,73.93,32.03,85.39,32.68,90.09,30.28,42.11",31.15,73.93,32.03,85.39,32.68,90.09,30.28,42.11,true,0
session_20260623_163953_final,1066,116245,2026-06-23T16:41:49.724372,Okulary BME280,"31.15,73.95,32.04,85.48,32.70,90.04,30.28,42.11",31.15,73.95,32.04,85.48,32.70,90.04,30.28,42.11,true,0
session_20260623_163953_final,1067,116383,2026-06-23T16:41:49.861867,Okulary BME280,"31.15,73.99,32.05,85.58,32.69,90.01,30.28,42.10",31.15,73.99,32.05,85.58,32.69,90.01,30.28,42.10,true,0
session_20260623_163953_final,1068,116471,2026-06-23T16:41:49.950096,Okulary BME280,"31.15,74.02,32.05,85.66,32.68,89.94,30.28,42.11",31.15,74.02,32.05,85.66,32.68,89.94,30.28,42.11,true,0
session_20260623_163953_final,1069,116562,2026-06-23T16:41:50.041132,Okulary BME280,"31.15,74.06,32.04,85.73,32.67,89.89,30.28,42.13",31.15,74.06,32.04,85.73,32.67,89.89,30.28,42.13,true,0
session_20260623_163953_final,1070,116698,2026-06-23T16:41:50.177227,Okulary BME280,"31.15,74.10,32.04,85.88,32.65,89.86,30.28,42.12",31.15,74.10,32.04,85.88,32.65,89.86,30.28,42.12,true,0
session_20260623_163953_final,1071,116790,2026-06-23T16:41:50.269145,Okulary BME280,"31.15,74.13,32.03,85.91,32.63,89.84,30.28,42.17",31.15,74.13,32.03,85.91,32.63,89.84,30.28,42.17,true,0
session_20260623_163953_final,1072,116921,2026-06-23T16:41:50.400221,Okulary BME280,"31.15,74.17,32.02,85.86,32.62,89.81,30.28,42.18",31.15,74.17,32.02,85.86,32.62,89.81,30.28,42.18,true,0
session_20260623_163953_final,1073,117013,2026-06-23T16:41:50.492055,Okulary BME280,"31.15,74.23,31.99,85.64,32.60,89.78,30.28,42.19",31.15,74.23,31.99,85.64,32.60,89.78,30.28,42.19,true,0
session_20260623_163953_final,1074,117145,2026-06-23T16:41:50.623981,Okulary BME280,"31.15,74.27,31.95,85.37,32.54,89.54,30.28,42.19",31.15,74.27,31.95,85.37,32.54,89.54,30.28,42.19,true,0
session_20260623_163953_final,1075,117235,2026-06-23T16:41:50.714377,Okulary BME280,"31.16,74.30,31.90,85.08,32.49,89.43,30.28,42.19",31.16,74.30,31.90,85.08,32.49,89.43,30.28,42.19,true,0
session_20260623_163953_final,1076,117327,2026-06-23T16:41:50.805963,Okulary BME280,"31.15,74.33,31.85,84.77,32.45,89.36,30.29,42.20",31.15,74.33,31.85,84.77,32.45,89.36,30.29,42.20,true,0
session_20260623_163953_final,1077,117460,2026-06-23T16:41:50.939131,Okulary BME280,"31.16,74.37,31.81,84.54,32.41,89.28,30.28,42.21",31.16,74.37,31.81,84.54,32.41,89.28,30.28,42.21,true,0
session_20260623_163953_final,1078,117550,2026-06-23T16:41:51.029379,Okulary BME280,"31.15,74.39,31.78,84.48,32.39,89.46,30.29,42.22",31.15,74.39,31.78,84.48,32.39,89.46,30.29,42.22,true,0
session_20260623_163953_final,1079,117699,2026-06-23T16:41:51.178526,Okulary BME280,"31.15,74.43,31.83,84.71,32.39,89.67,30.29,42.22",31.15,74.43,31.83,84.71,32.39,89.67,30.29,42.22,true,0
session_20260623_163953_final,1080,117776,2026-06-23T16:41:51.255155,Okulary BME280,"31.16,74.46,31.89,84.86,32.44,89.88,30.29,42.24",31.16,74.46,31.89,84.86,32.44,89.88,30.29,42.24,true,0
session_20260623_163953_final,1081,117911,2026-06-23T16:41:51.390499,Okulary BME280,"31.15,74.52,31.93,85.04,32.51,90.01,30.29,42.25",31.15,74.52,31.93,85.04,32.51,90.01,30.29,42.25,true,0
session_20260623_163953_final,1082,118002,2026-06-23T16:41:51.481420,Okulary BME280,"31.15,74.50,31.99,85.20,32.59,90.23,30.29,42.26",31.15,74.50,31.99,85.20,32.59,90.23,30.29,42.26,true,0
session_20260623_163953_final,1083,118091,2026-06-23T16:41:51.570022,Okulary BME280,"31.16,74.57,32.03,85.36,32.74,90.27,30.29,42.27",31.16,74.57,32.03,85.36,32.74,90.27,30.29,42.27,true,0
session_20260623_163953_final,1084,118229,2026-06-23T16:41:51.707893,Okulary BME280,"31.16,74.59,32.06,85.49,32.78,90.22,30.29,42.29",31.16,74.59,32.06,85.49,32.78,90.22,30.29,42.29,true,0
session_20260623_163953_final,1085,118316,2026-06-23T16:41:51.795102,Okulary BME280,"31.16,74.62,32.08,85.58,32.80,90.16,30.30,42.31",31.16,74.62,32.08,85.58,32.80,90.16,30.30,42.31,true,0
session_20260623_163953_final,1086,118450,2026-06-23T16:41:51.929195,Okulary BME280,"31.16,74.66,32.08,85.63,32.80,90.08,30.30,42.31",31.16,74.66,32.08,85.63,32.80,90.08,30.30,42.31,true,0
session_20260623_163953_final,1087,118555,2026-06-23T16:41:52.034383,Okulary BME280,"31.16,74.67,32.06,85.65,32.78,90.00,30.30,42.33",31.16,74.67,32.06,85.65,32.78,90.00,30.30,42.33,true,0
session_20260623_163953_final,1088,118692,2026-06-23T16:41:52.170999,Okulary BME280,"31.17,74.70,32.02,85.56,32.74,89.92,30.30,42.31",31.17,74.70,32.02,85.56,32.74,89.92,30.30,42.31,true,0
session_20260623_163953_final,1089,118765,2026-06-23T16:41:52.244091,Okulary BME280,"31.16,74.73,31.98,85.38,32.71,89.88,30.30,42.25",31.16,74.73,31.98,85.38,32.71,89.88,30.30,42.25,true,0
session_20260623_163953_final,1090,118859,2026-06-23T16:41:52.338802,Okulary BME280,"31.17,74.81,31.94,85.12,32.67,89.78,30.30,42.25",31.17,74.81,31.94,85.12,32.67,89.78,30.30,42.25,true,0
session_20260623_163953_final,1091,119010,2026-06-23T16:41:52.488873,Okulary BME280,"31.17,74.84,31.90,84.84,32.59,89.55,30.30,42.24",31.17,74.84,31.90,84.84,32.59,89.55,30.30,42.24,true,0
session_20260623_163953_final,1092,119081,2026-06-23T16:41:52.560518,Okulary BME280,"31.17,74.83,31.86,84.55,32.53,89.42,30.29,42.23",31.17,74.83,31.86,84.55,32.53,89.42,30.29,42.23,true,0
session_20260623_163953_final,1093,119217,2026-06-23T16:41:52.696713,Okulary BME280,"31.17,74.85,31.83,84.27,32.48,89.33,30.29,42.22",31.17,74.85,31.83,84.27,32.48,89.33,30.29,42.22,true,0
session_20260623_163953_final,1094,119351,2026-06-23T16:41:52.830260,Okulary BME280,"31.17,74.88,31.80,83.99,32.43,89.27,30.30,42.21",31.17,74.88,31.80,83.99,32.43,89.27,30.30,42.21,true,0
session_20260623_163953_final,1095,119407,2026-06-23T16:41:52.885888,Okulary BME280,"31.17,74.89,31.78,83.73,32.39,89.21,30.30,42.21",31.17,74.89,31.78,83.73,32.39,89.21,30.30,42.21,true,0
session_20260623_163953_final,1096,119537,2026-06-23T16:41:53.016529,Okulary BME280,"31.17,74.90,31.76,83.68,32.37,89.39,30.30,42.23",31.17,74.90,31.76,83.68,32.37,89.39,30.30,42.23,true,0
session_20260623_163953_final,1097,119622,2026-06-23T16:41:53.101386,Okulary BME280,"31.16,74.91,31.83,83.99,32.38,89.67,30.30,42.20",31.16,74.91,31.83,83.99,32.38,89.67,30.30,42.20,true,0
session_20260623_163953_final,1098,119755,2026-06-23T16:41:53.234473,Okulary BME280,"31.16,74.95,31.88,84.20,32.44,89.86,30.30,42.19",31.16,74.95,31.88,84.20,32.44,89.86,30.30,42.19,true,0
session_20260623_163953_final,1099,119860,2026-06-23T16:41:53.339652,Okulary BME280,"31.16,74.91,31.94,84.40,32.52,90.06,30.30,42.18",31.16,74.91,31.94,84.40,32.52,90.06,30.30,42.18,true,0
session_20260623_163953_final,1100,119996,2026-06-23T16:41:53.475441,Okulary BME280,"31.17,74.97,31.99,84.60,32.68,90.24,30.30,42.18",31.17,74.97,31.99,84.60,32.68,90.24,30.30,42.18,true,0
session_20260623_163953_final,1101,120071,2026-06-23T16:41:53.550062,Okulary BME280,"31.16,74.99,32.03,84.77,32.74,90.22,30.30,42.18",31.16,74.99,32.03,84.77,32.74,90.22,30.30,42.18,true,0
session_20260623_163953_final,1102,120160,2026-06-23T16:41:53.639273,Okulary BME280,"31.16,75.00,32.06,84.93,32.77,90.17,30.30,42.18",31.16,75.00,32.06,84.93,32.77,90.17,30.30,42.18,true,0
session_20260623_163953_final,1103,120317,2026-06-23T16:41:53.796011,Okulary BME280,"31.16,75.01,32.07,85.07,32.78,90.10,30.30,42.17",31.16,75.01,32.07,85.07,32.78,90.10,30.30,42.17,true,0
session_20260623_163953_final,1104,120386,2026-06-23T16:41:53.865263,Okulary BME280,"31.17,75.02,32.07,85.17,32.77,90.06,30.30,42.17",31.17,75.02,32.07,85.17,32.77,90.06,30.30,42.17,true,0
session_20260623_163953_final,1105,120522,2026-06-23T16:41:54.000941,Okulary BME280,"31.16,75.04,32.07,85.26,32.75,90.02,30.30,42.20",31.16,75.04,32.07,85.26,32.75,90.02,30.30,42.20,true,0
session_20260623_163953_final,1106,120612,2026-06-23T16:41:54.091727,Okulary BME280,"31.16,75.06,32.03,84.97,32.72,89.94,30.30,42.21",31.16,75.06,32.03,84.97,32.72,89.94,30.30,42.21,true,0
session_20260623_163953_final,1107,120765,2026-06-23T16:41:54.244034,Okulary BME280,"31.17,75.08,31.98,84.68,32.69,89.81,30.30,42.19",31.17,75.08,31.98,84.68,32.69,89.81,30.30,42.19,true,0
session_20260623_163953_final,1108,120836,2026-06-23T16:41:54.315074,Okulary BME280,"31.17,75.08,31.92,84.38,32.62,89.55,30.31,42.19",31.17,75.08,31.92,84.38,32.62,89.55,30.31,42.19,true,0
session_20260623_163953_final,1109,120927,2026-06-23T16:41:54.406079,Okulary BME280,"31.17,75.11,31.87,84.06,32.47,89.18,30.31,42.20",31.17,75.11,31.87,84.06,32.47,89.18,30.31,42.20,true,0
session_20260623_163953_final,1110,121060,2026-06-23T16:41:54.539265,Okulary BME280,"31.17,75.12,31.82,83.72,32.40,89.06,30.31,42.20",31.17,75.12,31.82,83.72,32.40,89.06,30.31,42.20,true,0
session_20260623_163953_final,1111,121162,2026-06-23T16:41:54.641681,Okulary BME280,"31.17,75.15,31.79,83.39,32.35,88.99,30.31,42.20",31.17,75.15,31.79,83.39,32.35,88.99,30.31,42.20,true,0
session_20260623_163953_final,1112,121293,2026-06-23T16:41:54.772310,Okulary BME280,"31.18,75.16,31.76,83.07,32.32,88.95,30.31,42.20",31.18,75.16,31.76,83.07,32.32,88.95,30.31,42.20,true,0
session_20260623_163953_final,1113,121376,2026-06-23T16:41:54.855561,Okulary BME280,"31.17,75.17,31.74,82.75,32.29,88.90,30.31,42.19",31.17,75.17,31.74,82.75,32.29,88.90,30.31,42.19,true,0
session_20260623_163953_final,1114,121476,2026-06-23T16:41:54.954956,Okulary BME280,"31.18,75.20,31.72,82.50,32.28,88.90,30.31,42.22",31.18,75.20,31.72,82.50,32.28,88.90,30.31,42.22,true,0
session_20260623_163953_final,1115,121612,2026-06-23T16:41:55.091365,Okulary BME280,"31.18,75.20,31.73,82.64,32.28,89.16,30.32,42.22",31.18,75.20,31.73,82.64,32.28,89.16,30.32,42.22,true,0
session_20260623_163953_final,1116,121692,2026-06-23T16:41:55.171389,Okulary BME280,"31.18,75.15,31.78,82.88,32.31,89.57,30.32,42.18",31.18,75.15,31.78,82.88,32.31,89.57,30.32,42.18,true,0
session_20260623_163953_final,1117,121826,2026-06-23T16:41:55.305626,Okulary BME280,"31.17,75.31,31.85,83.17,32.41,89.88,30.32,42.18",31.17,75.31,31.85,83.17,32.41,89.88,30.32,42.18,true,0
session_20260623_163953_final,1118,121916,2026-06-23T16:41:55.395004,Okulary BME280,"31.17,75.26,31.93,83.45,32.68,90.22,30.32,42.18",31.17,75.26,31.93,83.45,32.68,90.22,30.32,42.18,true,0
session_20260623_163953_final,1119,122063,2026-06-23T16:41:55.542555,Okulary BME280,"31.17,75.26,32.00,83.71,32.81,90.32,30.31,42.18",31.17,75.26,32.00,83.71,32.81,90.32,30.31,42.18,true,0
session_20260623_163953_final,1120,122144,2026-06-23T16:41:55.623286,Okulary BME280,"31.18,75.28,32.05,83.97,32.91,90.38,30.32,42.17",31.18,75.28,32.05,83.97,32.91,90.38,30.32,42.17,true,0
session_20260623_163953_final,1121,122238,2026-06-23T16:41:55.717674,Okulary BME280,"31.18,75.30,32.10,84.19,32.98,90.39,30.32,42.17",31.18,75.30,32.10,84.19,32.98,90.39,30.32,42.17,true,0
session_20260623_163953_final,1122,122373,2026-06-23T16:41:55.852594,Okulary BME280,"31.18,75.31,32.13,84.39,33.02,90.34,30.32,42.17",31.18,75.31,32.13,84.39,33.02,90.34,30.32,42.17,true,0
session_20260623_163953_final,1123,122455,2026-06-23T16:41:55.934721,Okulary BME280,"31.18,75.33,32.14,84.57,33.02,90.27,30.32,42.17",31.18,75.33,32.14,84.57,33.02,90.27,30.32,42.17,true,0
session_20260623_163953_final,1124,122593,2026-06-23T16:41:56.072538,Okulary BME280,"31.18,75.37,32.14,84.84,33.00,90.18,30.33,42.15",31.18,75.37,32.14,84.84,33.00,90.18,30.33,42.15,true,0
session_20260623_163953_final,1125,122680,2026-06-23T16:41:56.159305,Okulary BME280,"31.19,75.36,32.13,84.92,32.97,90.12,30.32,42.17",31.19,75.36,32.13,84.92,32.97,90.12,30.32,42.17,true,0
session_20260623_163953_final,1126,122817,2026-06-23T16:41:56.295996,Okulary BME280,"31.18,75.38,32.11,84.79,32.94,90.05,30.32,42.17",31.18,75.38,32.11,84.79,32.94,90.05,30.32,42.17,true,0
session_20260623_163953_final,1127,122908,2026-06-23T16:41:56.386932,Okulary BME280,"31.18,75.40,32.06,84.52,32.84,89.82,30.32,42.17",31.18,75.40,32.06,84.52,32.84,89.82,30.32,42.17,true,0
session_20260623_163953_final,1128,122997,2026-06-23T16:41:56.475939,Okulary BME280,"31.18,75.41,31.99,84.22,32.75,89.64,30.32,42.16",31.18,75.41,31.99,84.22,32.75,89.64,30.32,42.16,true,0
session_20260623_163953_final,1129,123132,2026-06-23T16:41:56.611609,Okulary BME280,"31.19,75.42,31.91,83.91,32.65,89.46,30.32,42.15",31.19,75.42,31.91,83.91,32.65,89.46,30.32,42.15,true,0
session_20260623_163953_final,1130,123224,2026-06-23T16:41:56.703388,Okulary BME280,"31.18,75.43,31.85,83.60,32.56,89.30,30.32,42.13",31.18,75.43,31.85,83.60,32.56,89.30,30.32,42.13,true,0
session_20260623_163953_final,1131,123357,2026-06-23T16:41:56.836333,Okulary BME280,"31.19,75.44,31.80,83.31,32.48,89.18,30.32,42.12",31.19,75.44,31.80,83.31,32.48,89.18,30.32,42.12,true,0
session_20260623_163953_final,1132,123446,2026-06-23T16:41:56.925156,Okulary BME280,"31.19,75.46,31.76,83.04,32.41,89.11,30.32,42.13",31.19,75.46,31.76,83.04,32.41,89.11,30.32,42.13,true,0
session_20260623_163953_final,1133,123581,2026-06-23T16:41:57.060486,Okulary BME280,"31.19,75.48,31.73,82.89,32.37,89.10,30.32,42.09",31.19,75.48,31.73,82.89,32.37,89.10,30.32,42.09,true,0
session_20260623_163953_final,1134,123675,2026-06-23T16:41:57.154414,Okulary BME280,"31.18,75.46,31.76,83.07,32.34,89.35,30.32,42.06",31.18,75.46,31.76,83.07,32.34,89.35,30.32,42.06,true,0
session_20260623_163953_final,1135,123760,2026-06-23T16:41:57.239486,Okulary BME280,"31.19,75.52,31.82,83.29,32.37,89.64,30.32,42.06",31.19,75.52,31.82,83.29,32.37,89.64,30.32,42.06,true,0
session_20260623_163953_final,1136,123895,2026-06-23T16:41:57.374665,Okulary BME280,"31.19,75.54,31.89,83.53,32.57,90.12,30.32,42.06",31.19,75.54,31.89,83.53,32.57,90.12,30.32,42.06,true,0
session_20260623_163953_final,1137,123996,2026-06-23T16:41:57.475642,Okulary BME280,"31.19,75.57,31.96,83.77,32.69,90.24,30.32,42.06",31.19,75.57,31.96,83.77,32.69,90.24,30.32,42.06,true,0
session_20260623_163953_final,1138,124121,2026-06-23T16:41:57.600653,Okulary BME280,"31.19,75.57,32.01,83.99,32.79,90.29,30.32,42.05",31.19,75.57,32.01,83.99,32.79,90.29,30.32,42.05,true,0
session_20260623_163953_final,1139,124213,2026-06-23T16:41:57.692389,Okulary BME280,"31.19,75.59,32.06,84.19,32.87,90.31,30.32,42.04",31.19,75.59,32.06,84.19,32.87,90.31,30.32,42.04,true,0
session_20260623_163953_final,1140,124301,2026-06-23T16:41:57.780238,Okulary BME280,"31.19,75.61,32.09,84.33,32.90,90.28,30.32,42.03",31.19,75.61,32.09,84.33,32.90,90.28,30.32,42.03,true,0
session_20260623_163953_final,1141,124437,2026-06-23T16:41:57.916648,Okulary BME280,"31.20,75.62,32.11,84.53,32.92,90.22,30.32,41.99",31.20,75.62,32.11,84.53,32.92,90.22,30.32,41.99,true,0
session_20260623_163953_final,1142,124528,2026-06-23T16:41:58.006904,Okulary BME280,"31.20,75.70,32.12,84.78,32.91,90.15,30.32,42.01",31.20,75.70,32.12,84.78,32.91,90.15,30.32,42.01,true,0
session_20260623_163953_final,1143,124675,2026-06-23T16:41:58.154290,Okulary BME280,"31.19,75.69,32.11,84.88,32.90,90.07,30.32,41.95",31.19,75.69,32.11,84.88,32.90,90.07,30.32,41.95,true,0
session_20260623_163953_final,1144,124751,2026-06-23T16:41:58.230491,Okulary BME280,"31.20,75.71,32.10,84.97,32.87,90.02,30.32,41.95",31.20,75.71,32.10,84.97,32.87,90.02,30.32,41.95,true,0
session_20260623_163953_final,1145,124885,2026-06-23T16:41:58.364200,Okulary BME280,"31.20,75.72,32.09,85.04,32.82,89.95,30.32,41.94",31.20,75.72,32.09,85.04,32.82,89.95,30.32,41.94,true,0
session_20260623_163953_final,1146,124976,2026-06-23T16:41:58.455204,Okulary BME280,"31.21,75.74,32.08,85.10,32.79,89.85,30.32,41.94",31.21,75.74,32.08,85.10,32.79,89.85,30.32,41.94,true,0
session_20260623_163953_final,1147,125066,2026-06-23T16:41:58.545151,Okulary BME280,"31.20,75.75,32.07,85.17,32.75,89.79,30.31,41.94",31.20,75.75,32.07,85.17,32.75,89.79,30.31,41.94,true,0
session_20260623_163953_final,1148,125208,2026-06-23T16:41:58.686836,Okulary BME280,"31.20,75.77,32.06,85.23,32.72,89.78,30.32,41.95",31.20,75.77,32.06,85.23,32.72,89.78,30.32,41.95,true,0
session_20260623_163953_final,1149,125295,2026-06-23T16:41:58.774678,Okulary BME280,"31.21,75.79,32.05,85.30,32.70,89.76,30.32,41.96",31.21,75.79,32.05,85.30,32.70,89.76,30.32,41.96,true,0
session_20260623_163953_final,1150,125427,2026-06-23T16:41:58.906,Okulary BME280,"31.21,75.75,32.04,85.34,32.67,89.75,30.32,42.01",31.21,75.75,32.04,85.34,32.67,89.75,30.32,42.01,true,0
session_20260623_163953_final,1151,125516,2026-06-23T16:41:58.995228,Okulary BME280,"31.21,75.82,32.04,85.45,32.66,89.74,30.32,42.01",31.21,75.82,32.04,85.45,32.66,89.74,30.32,42.01,true,0
session_20260623_163953_final,1152,125651,2026-06-23T16:41:59.129825,Okulary BME280,"31.20,75.85,32.03,85.47,32.65,89.73,30.32,42.05",31.20,75.85,32.03,85.47,32.65,89.73,30.32,42.05,true,0
session_20260623_163953_final,1153,125742,2026-06-23T16:41:59.221295,Okulary BME280,"31.20,75.87,32.03,85.46,32.64,89.75,30.32,42.08",31.20,75.87,32.03,85.46,32.64,89.75,30.32,42.08,true,0
session_20260623_163953_final,1154,125834,2026-06-23T16:41:59.313031,Okulary BME280,"31.20,75.88,32.02,85.47,32.61,89.59,30.32,42.10",31.20,75.88,32.02,85.47,32.61,89.59,30.32,42.10,true,0
session_20260623_163953_final,1155,125981,2026-06-23T16:41:59.460180,Okulary BME280,"31.20,75.89,32.01,85.49,32.59,89.60,30.32,42.10",31.20,75.89,32.01,85.49,32.59,89.60,30.32,42.10,true,0
session_20260623_163953_final,1156,126057,2026-06-23T16:41:59.535959,Okulary BME280,"31.20,75.90,32.00,85.52,32.58,89.61,30.33,42.11",31.20,75.90,32.00,85.52,32.58,89.61,30.33,42.11,true,0
session_20260623_163953_final,1157,126192,2026-06-23T16:41:59.671185,Okulary BME280,"31.20,75.91,32.00,85.56,32.57,89.62,30.33,42.10",31.20,75.91,32.00,85.56,32.57,89.62,30.33,42.10,true,0
session_20260623_163953_final,1158,126299,2026-06-23T16:41:59.778263,Okulary BME280,"31.20,75.93,32.01,85.49,32.57,89.60,30.33,42.10",31.20,75.93,32.01,85.49,32.57,89.60,30.33,42.10,true,0
session_20260623_163953_final,1159,126371,2026-06-23T16:41:59.849871,Okulary BME280,"31.21,75.98,31.99,85.28,32.56,89.52,30.34,42.12",31.21,75.98,31.99,85.28,32.56,89.52,30.34,42.12,true,0
session_20260623_163953_final,1160,126514,2026-06-23T16:41:59.992958,Okulary BME280,"31.21,75.90,31.93,84.67,32.53,89.41,30.33,42.09",31.21,75.90,31.93,84.67,32.53,89.41,30.33,42.09,true,0
session_20260623_163953_final,1161,126597,2026-06-23T16:42:00.076647,Okulary BME280,"31.20,75.99,31.89,84.38,32.49,89.26,30.33,42.08",31.20,75.99,31.89,84.38,32.49,89.26,30.33,42.08,true,0
session_20260623_163953_final,1162,126751,2026-06-23T16:42:00.230243,Okulary BME280,"31.21,76.00,31.86,84.22,32.45,89.30,30.33,42.07",31.21,76.00,31.86,84.22,32.45,89.30,30.33,42.07,true,0
session_20260623_163953_final,1163,126821,2026-06-23T16:42:00.299909,Okulary BME280,"31.20,76.01,31.84,84.25,32.41,89.51,30.33,42.07",31.20,76.01,31.84,84.25,32.41,89.51,30.33,42.07,true,0
session_20260623_163953_final,1164,126957,2026-06-23T16:42:00.436288,Okulary BME280,"31.20,76.02,31.87,84.37,32.44,89.70,30.33,42.07",31.20,76.02,31.87,84.37,32.44,89.70,30.33,42.07,true,0
session_20260623_163953_final,1165,127048,2026-06-23T16:42:00.527397,Okulary BME280,"31.20,76.02,31.91,84.50,32.49,89.86,30.33,42.05",31.20,76.02,31.91,84.50,32.49,89.86,30.33,42.05,true,0
session_20260623_163953_final,1166,127150,2026-06-23T16:42:00.629242,Okulary BME280,"31.20,76.04,31.96,84.66,32.54,89.98,30.33,42.05",31.20,76.04,31.96,84.66,32.54,89.98,30.33,42.05,true,0
session_20260623_163953_final,1167,127272,2026-06-23T16:42:00.750935,Okulary BME280,"31.20,76.02,32.00,84.79,32.60,90.03,30.33,42.05",31.20,76.02,32.00,84.79,32.60,90.03,30.33,42.05,true,0
session_20260623_163953_final,1168,127362,2026-06-23T16:42:00.840943,Okulary BME280,"31.20,76.07,32.03,84.93,32.65,90.06,30.33,42.03",31.20,76.07,32.03,84.93,32.65,90.06,30.33,42.03,true,0
session_20260623_163953_final,1169,127497,2026-06-23T16:42:00.976374,Okulary BME280,"31.20,76.08,32.07,85.19,32.68,90.07,30.33,42.02",31.20,76.08,32.07,85.19,32.68,90.07,30.33,42.02,true,0
session_20260623_163953_final,1170,127599,2026-06-23T16:42:01.078734,Okulary BME280,"31.20,76.08,32.08,85.30,32.71,90.08,30.33,42.04",31.20,76.08,32.08,85.30,32.71,90.08,30.33,42.04,true,0
session_20260623_163953_final,1171,127724,2026-06-23T16:42:01.202920,Okulary BME280,"31.21,76.10,32.08,85.40,32.72,90.01,30.34,42.05",31.21,76.10,32.08,85.40,32.72,90.01,30.34,42.05,true,0
session_20260623_163953_final,1172,127812,2026-06-23T16:42:01.291058,Okulary BME280,"31.20,76.11,32.08,85.48,32.71,89.91,30.34,42.07",31.20,76.11,32.08,85.48,32.71,89.91,30.34,42.07,true,0
session_20260623_163953_final,1173,127900,2026-06-23T16:42:01.379742,Okulary BME280,"31.20,76.12,32.08,85.54,32.69,89.89,30.33,42.08",31.20,76.12,32.08,85.54,32.69,89.89,30.33,42.08,true,0
session_20260623_163953_final,1174,128036,2026-06-23T16:42:01.515240,Okulary BME280,"31.20,76.12,32.08,85.61,32.68,89.86,30.34,42.09",31.20,76.12,32.08,85.61,32.68,89.86,30.34,42.09,true,0
session_20260623_163953_final,1175,128127,2026-06-23T16:42:01.606808,Okulary BME280,"31.20,76.12,32.07,85.67,32.66,89.83,30.34,42.09",31.20,76.12,32.07,85.67,32.66,89.83,30.34,42.09,true,0
session_20260623_163953_final,1176,128263,2026-06-23T16:42:01.742508,Okulary BME280,"31.20,76.12,32.07,85.61,32.65,89.74,30.34,42.09",31.20,76.12,32.07,85.61,32.65,89.74,30.34,42.09,true,0
session_20260623_163953_final,1177,128351,2026-06-23T16:42:01.830581,Okulary BME280,"31.20,76.13,32.04,85.32,32.61,89.56,30.34,42.05",31.20,76.13,32.04,85.32,32.61,89.56,30.34,42.05,true,0
session_20260623_163953_final,1178,128441,2026-06-23T16:42:01.920407,Okulary BME280,"31.20,76.16,31.95,84.72,32.56,89.41,30.34,42.09",31.20,76.16,31.95,84.72,32.56,89.41,30.34,42.09,true,0
session_20260623_163953_final,1179,128587,2026-06-23T16:42:02.065939,Okulary BME280,"31.20,76.16,31.90,84.39,32.50,89.24,30.34,42.04",31.20,76.16,31.90,84.39,32.50,89.24,30.34,42.04,true,0
session_20260623_163953_final,1180,128668,2026-06-23T16:42:02.147091,Okulary BME280,"31.20,76.16,31.86,84.08,32.45,89.13,30.34,42.03",31.20,76.16,31.86,84.08,32.45,89.13,30.34,42.03,true,0
session_20260623_163953_final,1181,128803,2026-06-23T16:42:02.282718,Okulary BME280,"31.20,76.16,31.83,83.79,32.38,89.05,30.34,42.01",31.20,76.16,31.83,83.79,32.38,89.05,30.34,42.01,true,0
session_20260623_163953_final,1182,128907,2026-06-23T16:42:02.386127,Okulary BME280,"31.20,76.17,31.81,83.55,32.35,89.04,30.34,41.99",31.20,76.17,31.81,83.55,32.35,89.04,30.34,41.99,true,0
session_20260623_163953_final,1183,129036,2026-06-23T16:42:02.514917,Okulary BME280,"31.20,76.17,31.80,83.54,32.34,89.27,30.34,41.97",31.20,76.17,31.80,83.54,32.34,89.27,30.34,41.97,true,0
session_20260623_163953_final,1184,129117,2026-06-23T16:42:02.595959,Okulary BME280,"31.20,76.16,31.82,83.66,32.37,89.58,30.34,41.96",31.20,76.16,31.82,83.66,32.37,89.58,30.34,41.96,true,0
session_20260623_163953_final,1185,129209,2026-06-23T16:42:02.688197,Okulary BME280,"31.20,76.17,31.87,83.86,32.45,89.82,30.34,41.95",31.20,76.17,31.87,83.86,32.45,89.82,30.34,41.95,true,0
session_20260623_163953_final,1186,129350,2026-06-23T16:42:02.829236,Okulary BME280,"31.19,76.15,31.93,84.04,32.54,89.99,30.34,41.96",31.19,76.15,31.93,84.04,32.54,89.99,30.34,41.96,true,0
session_20260623_163953_final,1187,129432,2026-06-23T16:42:02.910816,Okulary BME280,"31.20,76.20,32.04,84.47,32.64,90.12,30.34,41.92",31.20,76.20,32.04,84.47,32.64,90.12,30.34,41.92,true,0
session_20260623_163953_final,1188,129565,2026-06-23T16:42:03.044442,Okulary BME280,"31.20,76.20,32.08,84.66,32.73,90.21,30.34,41.90",31.20,76.20,32.08,84.66,32.73,90.21,30.34,41.90,true,0
session_20260623_163953_final,1189,129656,2026-06-23T16:42:03.134825,Okulary BME280,"31.20,76.21,32.11,84.82,32.85,90.21,30.34,41.89",31.20,76.21,32.11,84.82,32.85,90.21,30.34,41.89,true,0
session_20260623_163953_final,1190,129791,2026-06-23T16:42:03.269982,Okulary BME280,"31.20,76.21,32.13,84.97,32.86,90.15,30.34,41.88",31.20,76.21,32.13,84.97,32.86,90.15,30.34,41.88,true,0
session_20260623_163953_final,1191,129885,2026-06-23T16:42:03.364054,Okulary BME280,"31.20,76.21,32.14,85.10,32.86,90.10,30.34,41.86",31.20,76.21,32.14,85.10,32.86,90.10,30.34,41.86,true,0
session_20260623_163953_final,1192,129971,2026-06-23T16:42:03.450516,Okulary BME280,"31.21,76.22,32.14,85.19,32.85,90.05,30.34,41.85",31.21,76.22,32.14,85.19,32.85,90.05,30.34,41.85,true,0
session_20260623_163953_final,1193,130107,2026-06-23T16:42:03.586225,Okulary BME280,"31.20,76.20,32.13,85.26,32.83,90.00,30.34,41.82",31.20,76.20,32.13,85.26,32.83,90.00,30.34,41.82,true,0
session_20260623_163953_final,1194,130196,2026-06-23T16:42:03.675111,Okulary BME280,"31.21,76.26,32.12,85.27,32.80,89.94,30.34,41.82",31.21,76.26,32.12,85.27,32.80,89.94,30.34,41.82,true,0
session_20260623_163953_final,1195,130335,2026-06-23T16:42:03.814611,Okulary BME280,"31.21,76.23,32.09,85.11,32.77,89.85,30.34,41.82",31.21,76.23,32.09,85.11,32.77,89.85,30.34,41.82,true,0
session_20260623_163953_final,1196,130422,2026-06-23T16:42:03.901021,Okulary BME280,"31.21,76.25,31.99,84.60,32.72,89.73,30.34,41.83",31.21,76.25,31.99,84.60,32.72,89.73,30.34,41.83,true,0
session_20260623_163953_final,1197,130558,2026-06-23T16:42:04.036984,Okulary BME280,"31.20,76.25,31.93,84.29,32.65,89.58,30.34,41.82",31.20,76.25,31.93,84.29,32.65,89.58,30.34,41.82,true,0
session_20260623_163953_final,1198,130645,2026-06-23T16:42:04.124732,Okulary BME280,"31.21,76.25,31.88,83.97,32.51,89.25,30.34,41.81",31.21,76.25,31.88,83.97,32.51,89.25,30.34,41.81,true,0
session_20260623_163953_final,1199,130739,2026-06-23T16:42:04.217945,Okulary BME280,"31.21,76.23,31.84,83.66,32.45,89.17,30.34,41.81",31.21,76.23,31.84,83.66,32.45,89.17,30.34,41.81,true,0
session_20260623_163953_final,1200,130871,2026-06-23T16:42:04.349983,Okulary BME280,"31.21,76.24,31.81,83.34,32.41,89.06,30.34,41.81",31.21,76.24,31.81,83.34,32.41,89.06,30.34,41.81,true,0
session_20260623_163953_final,1201,130975,2026-06-23T16:42:04.453975,Okulary BME280,"31.20,76.23,31.79,83.00,32.36,88.92,30.34,41.81",31.20,76.23,31.79,83.00,32.36,88.92,30.34,41.81,true,0
session_20260623_163953_final,1202,131097,2026-06-23T16:42:04.576156,Okulary BME280,"31.20,76.20,31.77,82.68,32.32,88.80,30.35,41.82",31.20,76.20,31.77,82.68,32.32,88.80,30.35,41.82,true,0
session_20260623_163953_final,1203,131186,2026-06-23T16:42:04.665341,Okulary BME280,"31.20,76.25,31.75,82.33,32.29,88.68,30.34,41.82",31.20,76.25,31.75,82.33,32.29,88.68,30.34,41.82,true,0
session_20260623_163953_final,1204,131274,2026-06-23T16:42:04.753804,Okulary BME280,"31.20,76.22,31.74,82.05,32.27,88.57,30.35,41.83",31.20,76.22,31.74,82.05,32.27,88.57,30.35,41.83,true,0
session_20260623_163953_final,1205,131413,2026-06-23T16:42:04.892778,Okulary BME280,"31.20,76.24,31.72,81.48,32.24,88.44,30.35,41.85",31.20,76.24,31.72,81.48,32.24,88.44,30.35,41.85,true,0
session_20260623_163953_final,1206,131505,2026-06-23T16:42:04.984697,Okulary BME280,"31.20,76.24,31.71,81.23,32.22,88.32,30.35,41.85",31.20,76.24,31.71,81.23,32.22,88.32,30.35,41.85,true,0
session_20260623_163953_final,1207,131648,2026-06-23T16:42:05.127663,Okulary BME280,"31.20,76.24,31.70,80.99,32.18,88.14,30.35,41.88",31.20,76.24,31.70,80.99,32.18,88.14,30.35,41.88,true,0
session_20260623_163953_final,1208,131728,2026-06-23T16:42:05.207600,Okulary BME280,"31.20,76.23,31.70,80.74,32.16,88.06,30.35,41.89",31.20,76.23,31.70,80.74,32.16,88.06,30.35,41.89,true,0
session_20260623_163953_final,1209,131860,2026-06-23T16:42:05.339638,Okulary BME280,"31.20,76.23,31.69,80.48,32.15,87.97,30.35,41.89",31.20,76.23,31.69,80.48,32.15,87.97,30.35,41.89,true,0
session_20260623_163953_final,1210,131953,2026-06-23T16:42:05.432669,Okulary BME280,"31.20,76.22,31.69,80.22,32.13,87.90,30.35,41.91",31.20,76.22,31.69,80.22,32.13,87.90,30.35,41.91,true,0
session_20260623_163953_final,1211,132052,2026-06-23T16:42:05.531690,Okulary BME280,"31.19,76.20,31.69,79.97,32.11,87.79,30.36,41.92",31.19,76.20,31.69,79.97,32.11,87.79,30.36,41.92,true,0
session_20260623_163953_final,1212,132175,2026-06-23T16:42:05.654620,Okulary BME280,"31.19,76.22,31.68,79.70,32.10,87.69,30.35,41.93",31.19,76.22,31.68,79.70,32.10,87.69,30.35,41.93,true,0
session_20260623_163953_final,1213,132280,2026-06-23T16:42:05.759171,Okulary BME280,"31.19,76.21,31.68,79.48,32.09,87.63,30.36,41.93",31.19,76.21,31.68,79.48,32.09,87.63,30.36,41.93,true,0
session_20260623_163953_final,1214,132415,2026-06-23T16:42:05.894109,Okulary BME280,"31.19,76.22,31.67,79.07,32.08,87.56,30.36,41.91",31.19,76.22,31.67,79.07,32.08,87.56,30.36,41.91,true,0
session_20260623_163953_final,1215,132492,2026-06-23T16:42:05.971103,Okulary BME280,"31.19,76.21,31.66,78.88,32.07,87.57,30.36,41.92",31.19,76.21,31.66,78.88,32.07,87.57,30.36,41.92,true,0
session_20260623_163953_final,1216,132627,2026-06-23T16:42:06.106087,Okulary BME280,"31.19,76.21,31.66,78.83,32.07,87.75,30.36,41.93",31.19,76.21,31.66,78.83,32.07,87.75,30.36,41.93,true,0
session_20260623_163953_final,1217,132727,2026-06-23T16:42:06.206447,Okulary BME280,"31.19,76.21,31.67,79.06,32.09,88.18,30.36,41.93",31.19,76.21,31.67,79.06,32.09,88.18,30.36,41.93,true,0
session_20260623_163953_final,1218,132806,2026-06-23T16:42:06.285162,Okulary BME280,"31.19,76.20,31.71,79.43,32.16,88.57,30.36,41.92",31.19,76.20,31.71,79.43,32.16,88.57,30.36,41.92,true,0
session_20260623_163953_final,1219,132941,2026-06-23T16:42:06.420356,Okulary BME280,"31.19,76.18,31.77,79.88,32.26,88.91,30.36,41.92",31.19,76.18,31.77,79.88,32.26,88.91,30.36,41.92,true,0
session_20260623_163953_final,1220,133031,2026-06-23T16:42:06.510622,Okulary BME280,"31.19,76.16,31.84,80.34,32.39,89.18,30.36,41.92",31.19,76.16,31.84,80.34,32.39,89.18,30.36,41.92,true,0
session_20260623_163953_final,1221,133170,2026-06-23T16:42:06.649337,Okulary BME280,"31.20,76.22,31.91,80.80,32.52,89.40,30.36,41.92",31.20,76.22,31.91,80.80,32.52,89.40,30.36,41.92,true,0
session_20260623_163953_final,1222,133257,2026-06-23T16:42:06.735938,Okulary BME280,"31.20,76.23,31.98,81.25,32.65,89.58,30.36,41.93",31.20,76.23,31.98,81.25,32.65,89.58,30.36,41.93,true,0
session_20260623_163953_final,1223,133345,2026-06-23T16:42:06.824810,Okulary BME280,"31.21,76.25,32.09,82.04,32.78,89.72,30.36,41.95",31.21,76.25,32.09,82.04,32.78,89.72,30.36,41.95,true,0
session_20260623_163953_final,1224,133480,2026-06-23T16:42:06.959544,Okulary BME280,"31.22,76.26,32.15,82.42,32.89,89.83,30.36,41.92",31.22,76.26,32.15,82.42,32.89,89.83,30.36,41.92,true,0
session_20260623_163953_final,1225,133570,2026-06-23T16:42:07.049813,Okulary BME280,"31.21,76.28,32.19,82.74,33.08,90.02,30.36,41.94",31.21,76.28,32.19,82.74,33.08,90.02,30.36,41.94,true,0
session_20260623_163953_final,1226,133721,2026-06-23T16:42:07.200465,Okulary BME280,"31.22,76.31,32.24,83.06,33.15,90.08,30.37,41.93",31.22,76.31,32.24,83.06,33.15,90.08,30.37,41.93,true,0
session_20260623_163953_final,1227,133795,2026-06-23T16:42:07.274470,Okulary BME280,"31.22,76.32,32.27,83.36,33.22,90.12,30.36,41.92",31.22,76.32,32.27,83.36,33.22,90.12,30.36,41.92,true,0
session_20260623_163953_final,1228,133930,2026-06-23T16:42:07.409538,Okulary BME280,"31.22,76.29,32.30,83.63,33.27,90.16,30.36,41.93",31.22,76.29,32.30,83.63,33.27,90.16,30.36,41.93,true,0
session_20260623_163953_final,1229,134027,2026-06-23T16:42:07.506350,Okulary BME280,"31.22,76.35,32.34,83.87,33.33,90.18,30.36,41.93",31.22,76.35,32.34,83.87,33.33,90.18,30.36,41.93,true,0
session_20260623_163953_final,1230,134112,2026-06-23T16:42:07.591341,Okulary BME280,"31.22,76.40,32.36,84.10,33.37,90.21,30.36,41.93",31.22,76.40,32.36,84.10,33.37,90.21,30.36,41.93,true,0
session_20260623_163953_final,1231,134247,2026-06-23T16:42:07.726502,Okulary BME280,"31.23,76.42,32.39,84.27,33.41,90.23,30.36,41.94",31.23,76.42,32.39,84.27,33.41,90.23,30.36,41.94,true,0
session_20260623_163953_final,1232,134342,2026-06-23T16:42:07.820943,Okulary BME280,"31.23,76.45,32.42,84.63,33.43,90.26,30.36,41.94",31.23,76.45,32.42,84.63,33.43,90.26,30.36,41.94,true,0
session_20260623_163953_final,1233,134474,2026-06-23T16:42:07.953501,Okulary BME280,"31.23,76.45,32.43,84.79,33.45,90.26,30.36,41.94",31.23,76.45,32.43,84.79,33.45,90.26,30.36,41.94,true,0
session_20260623_163953_final,1234,134561,2026-06-23T16:42:08.040647,Okulary BME280,"31.23,76.46,32.44,84.91,33.47,90.24,30.36,41.95",31.23,76.46,32.44,84.91,33.47,90.24,30.36,41.95,true,0
session_20260623_163953_final,1235,134695,2026-06-23T16:42:08.173833,Okulary BME280,"31.23,76.47,32.44,85.04,33.46,90.22,30.36,41.95",31.23,76.47,32.44,85.04,33.46,90.22,30.36,41.95,true,0
session_20260623_163953_final,1236,134791,2026-06-23T16:42:08.270776,Okulary BME280,"31.23,76.48,32.44,85.13,33.45,90.15,30.35,41.95",31.23,76.48,32.44,85.13,33.45,90.15,30.35,41.95,true,0
session_20260623_163953_final,1237,134882,2026-06-23T16:42:08.361465,Okulary BME280,"31.23,76.50,32.43,85.21,33.42,90.06,30.36,41.95",31.23,76.50,32.43,85.21,33.42,90.06,30.36,41.95,true,0
session_20260623_163953_final,1238,135011,2026-06-23T16:42:08.490605,Okulary BME280,"31.23,76.51,32.41,85.16,33.38,89.96,30.36,41.98",31.23,76.51,32.41,85.16,33.38,89.96,30.36,41.98,true,0
session_20260623_163953_final,1239,135105,2026-06-23T16:42:08.584607,Okulary BME280,"31.23,76.51,32.36,84.94,33.31,89.81,30.36,42.01",31.23,76.51,32.36,84.94,33.31,89.81,30.36,42.01,true,0
session_20260623_163953_final,1240,135251,2026-06-23T16:42:08.730027,Okulary BME280,"31.23,76.52,32.29,84.67,33.23,89.62,30.36,42.05",31.23,76.52,32.29,84.67,33.23,89.62,30.36,42.05,true,0
session_20260623_163953_final,1241,135333,2026-06-23T16:42:08.812679,Okulary BME280,"31.23,76.52,32.06,84.02,33.12,89.38,30.36,42.03",31.23,76.52,32.06,84.02,33.12,89.38,30.36,42.03,true,0
session_20260623_163953_final,1242,135463,2026-06-23T16:42:08.942026,Okulary BME280,"31.23,76.53,31.96,83.69,32.97,89.13,30.36,42.10",31.23,76.53,31.96,83.69,32.97,89.13,30.36,42.10,true,0
session_20260623_163953_final,1243,135562,2026-06-23T16:42:09.041670,Okulary BME280,"31.22,76.52,31.87,83.38,32.66,88.69,30.36,42.19",31.22,76.52,31.87,83.38,32.66,88.69,30.36,42.19,true,0
session_20260623_163953_final,1244,135646,2026-06-23T16:42:09.125355,Okulary BME280,"31.22,76.53,31.80,83.06,32.52,88.52,30.36,42.21",31.22,76.53,31.80,83.06,32.52,88.52,30.36,42.21,true,0
session_20260623_163953_final,1245,135790,2026-06-23T16:42:09.269238,Okulary BME280,"31.22,76.46,31.74,82.79,32.40,88.38,30.36,42.24",31.22,76.46,31.74,82.79,32.40,88.38,30.36,42.24,true,0
session_20260623_163953_final,1246,135869,2026-06-23T16:42:09.348614,Okulary BME280,"31.22,76.50,31.71,82.49,32.30,88.24,30.37,42.27",31.22,76.50,31.71,82.49,32.30,88.24,30.37,42.27,true,0
session_20260623_163953_final,1247,136000,2026-06-23T16:42:09.478981,Okulary BME280,"31.22,76.53,31.68,82.21,32.21,88.13,30.37,42.29",31.22,76.53,31.68,82.21,32.21,88.13,30.37,42.29,true,0
session_20260623_163953_final,1248,136092,2026-06-23T16:42:09.571128,Okulary BME280,"31.22,76.53,31.66,81.88,32.15,88.04,30.37,42.30",31.22,76.53,31.66,81.88,32.15,88.04,30.37,42.30,true,0
session_20260623_163953_final,1249,136182,2026-06-23T16:42:09.661423,Okulary BME280,"31.22,76.53,31.65,81.30,32.10,87.96,30.37,42.31",31.22,76.53,31.65,81.30,32.10,87.96,30.37,42.31,true,0
session_20260623_163953_final,1250,136329,2026-06-23T16:42:09.807929,Okulary BME280,"31.22,76.53,31.64,81.04,32.07,87.89,30.37,42.35",31.22,76.53,31.64,81.04,32.07,87.89,30.37,42.35,true,0
session_20260623_163953_final,1251,136405,2026-06-23T16:42:09.884219,Okulary BME280,"31.22,76.53,31.63,80.77,32.04,87.87,30.37,42.35",31.22,76.53,31.63,80.77,32.04,87.87,30.37,42.35,true,0
session_20260623_163953_final,1252,136542,2026-06-23T16:42:10.021543,Okulary BME280,"31.22,76.53,31.64,80.51,32.03,87.85,30.37,42.36",31.22,76.53,31.64,80.51,32.03,87.85,30.37,42.36,true,0
session_20260623_163953_final,1253,136648,2026-06-23T16:42:10.126925,Okulary BME280,"31.21,76.55,31.64,80.33,32.04,87.94,30.37,42.40",31.21,76.55,31.64,80.33,32.04,87.94,30.37,42.40,true,0
session_20260623_163953_final,1254,136772,2026-06-23T16:42:10.251446,Okulary BME280,"31.22,76.47,31.65,80.45,32.07,88.37,30.38,42.41",31.22,76.47,31.65,80.45,32.07,88.37,30.38,42.41,true,0
session_20260623_163953_final,1255,136859,2026-06-23T16:42:10.337917,Okulary BME280,"31.22,76.56,31.69,80.74,32.13,88.77,30.38,42.44",31.22,76.56,31.69,80.74,32.13,88.77,30.38,42.44,true,0
session_20260623_163953_final,1256,136962,2026-06-23T16:42:10.441634,Okulary BME280,"31.22,76.54,31.76,81.05,32.25,89.10,30.38,42.48",31.22,76.54,31.76,81.05,32.25,89.10,30.38,42.48,true,0
session_20260623_163953_final,1257,137098,2026-06-23T16:42:10.577554,Okulary BME280,"31.22,76.56,31.84,81.44,32.39,89.36,30.38,42.50",31.22,76.56,31.84,81.44,32.39,89.36,30.38,42.50,true,0
session_20260623_163953_final,1258,137173,2026-06-23T16:42:10.652517,Okulary BME280,"31.22,76.57,32.00,82.18,32.54,89.56,30.38,42.54",31.22,76.57,32.00,82.18,32.54,89.56,30.38,42.54,true,0
session_20260623_163953_final,1259,137306,2026-06-23T16:42:10.785176,Okulary BME280,"31.22,76.58,32.07,82.53,32.67,89.70,30.38,42.54",31.22,76.58,32.07,82.53,32.67,89.70,30.38,42.54,true,0
session_20260623_163953_final,1260,137413,2026-06-23T16:42:10.892244,Okulary BME280,"31.23,76.61,32.13,82.84,32.80,89.83,30.38,42.61",31.23,76.61,32.13,82.84,32.80,89.83,30.38,42.61,true,0
session_20260623_163953_final,1261,137547,2026-06-23T16:42:11.026554,Okulary BME280,"31.23,76.63,32.19,83.13,33.00,90.00,30.38,42.63",31.23,76.63,32.19,83.13,33.00,90.00,30.38,42.63,true,0
session_20260623_163953_final,1262,137622,2026-06-23T16:42:11.100865,Okulary BME280,"31.23,76.66,32.23,83.41,33.08,90.08,30.38,42.63",31.23,76.66,32.23,83.41,33.08,90.08,30.38,42.63,true,0
session_20260623_163953_final,1263,137710,2026-06-23T16:42:11.189600,Okulary BME280,"31.23,76.61,32.26,83.67,33.14,90.13,30.39,42.63",31.23,76.61,32.26,83.67,33.14,90.13,30.39,42.63,true,0
session_20260623_163953_final,1264,137849,2026-06-23T16:42:11.328658,Okulary BME280,"31.24,76.71,32.29,83.90,33.20,90.17,30.39,42.63",31.24,76.71,32.29,83.90,33.20,90.17,30.39,42.63,true,0
session_20260623_163953_final,1265,137938,2026-06-23T16:42:11.417183,Okulary BME280,"31.24,76.73,32.32,84.12,33.26,90.19,30.39,42.62",31.24,76.73,32.32,84.12,33.26,90.19,30.39,42.62,true,0
session_20260623_163953_final,1266,138073,2026-06-23T16:42:11.552732,Okulary BME280,"31.24,76.76,32.34,84.32,33.29,90.21,30.38,42.61",31.24,76.76,32.34,84.32,33.29,90.21,30.38,42.61,true,0
session_20260623_163953_final,1267,138170,2026-06-23T16:42:11.649261,Okulary BME280,"31.24,76.77,32.39,84.66,33.33,90.22,30.39,42.59",31.24,76.77,32.39,84.66,33.33,90.22,30.39,42.59,true,0
session_20260623_163953_final,1268,138270,2026-06-23T16:42:11.749416,Okulary BME280,"31.24,76.78,32.40,84.82,33.36,90.25,30.38,42.59",31.24,76.78,32.40,84.82,33.36,90.25,30.38,42.59,true,0
session_20260623_163953_final,1269,138400,2026-06-23T16:42:11.878972,Okulary BME280,"31.24,76.79,32.41,84.94,33.37,90.24,30.38,42.58",31.24,76.79,32.41,84.94,33.37,90.24,30.38,42.58,true,0
session_20260623_163953_final,1270,138475,2026-06-23T16:42:11.954251,Okulary BME280,"31.25,76.82,32.42,85.08,33.39,90.22,30.39,42.55",31.25,76.82,32.42,85.08,33.39,90.22,30.39,42.55,true,0
session_20260623_163953_final,1271,138610,2026-06-23T16:42:12.089297,Okulary BME280,"31.25,76.83,32.43,85.19,33.40,90.21,30.38,42.58",31.25,76.83,32.43,85.19,33.40,90.21,30.38,42.58,true,0
session_20260623_163953_final,1272,138714,2026-06-23T16:42:12.193531,Okulary BME280,"31.24,76.83,32.44,85.28,33.39,90.18,30.38,42.63",31.24,76.83,32.44,85.28,33.39,90.18,30.38,42.63,true,0
session_20260623_163953_final,1273,138840,2026-06-23T16:42:12.318840,Okulary BME280,"31.25,76.88,32.44,85.39,33.38,90.13,30.38,42.68",31.25,76.88,32.44,85.39,33.38,90.13,30.38,42.68,true,0
session_20260623_163953_final,1274,138927,2026-06-23T16:42:12.406169,Okulary BME280,"31.25,76.88,32.44,85.47,33.36,90.06,30.38,42.72",31.25,76.88,32.44,85.47,33.36,90.06,30.38,42.72,true,0
session_20260623_163953_final,1275,139015,2026-06-23T16:42:12.494772,Okulary BME280,"31.25,76.91,32.43,85.52,33.32,90.00,30.38,42.76",31.25,76.91,32.43,85.52,33.32,90.00,30.38,42.76,true,0
session_20260623_163953_final,1276,139158,2026-06-23T16:42:12.637775,Okulary BME280,"31.25,76.92,32.39,85.41,33.28,89.91,30.39,42.76",31.25,76.92,32.39,85.41,33.28,89.91,30.39,42.76,true,0
session_20260623_163953_final,1277,139241,2026-06-23T16:42:12.720336,Okulary BME280,"31.25,76.93,32.33,85.19,33.24,89.82,30.38,42.77",31.25,76.93,32.33,85.19,33.24,89.82,30.38,42.77,true,0
session_20260623_163953_final,1278,139376,2026-06-23T16:42:12.854846,Okulary BME280,"31.25,76.94,32.25,84.91,33.18,89.70,30.39,42.76",31.25,76.94,32.25,84.91,33.18,89.70,30.39,42.76,true,0
session_20260623_163953_final,1279,139466,2026-06-23T16:42:12.945074,Okulary BME280,"31.25,76.96,32.14,84.57,32.98,89.15,30.38,42.82",31.25,76.96,32.14,84.57,32.98,89.15,30.38,42.82,true,0
session_20260623_163953_final,1280,139600,2026-06-23T16:42:13.079481,Okulary BME280,"31.25,76.89,32.03,84.24,32.83,88.86,30.38,42.84",31.25,76.89,32.03,84.24,32.83,88.86,30.38,42.84,true,0
session_20260623_163953_final,1281,139690,2026-06-23T16:42:13.169477,Okulary BME280,"31.25,77.02,31.95,83.92,32.66,88.61,30.39,42.87",31.25,77.02,31.95,83.92,32.66,88.61,30.39,42.87,true,0
session_20260623_163953_final,1282,139782,2026-06-23T16:42:13.260999,Okulary BME280,"31.25,77.03,31.87,83.58,32.52,88.38,30.39,42.91",31.25,77.03,31.87,83.58,32.52,88.38,30.39,42.91,true,0
session_20260623_163953_final,1283,139915,2026-06-23T16:42:13.394149,Okulary BME280,"31.25,77.05,31.81,83.26,32.39,88.21,30.39,42.93",31.25,77.05,31.81,83.26,32.39,88.21,30.39,42.93,true,0
session_20260623_163953_final,1284,140011,2026-06-23T16:42:13.490044,Okulary BME280,"31.25,77.07,31.77,82.99,32.27,88.09,30.40,42.97",31.25,77.07,31.77,82.99,32.27,88.09,30.40,42.97,true,0
session_20260623_163953_final,1285,140143,2026-06-23T16:42:13.622024,Okulary BME280,"31.24,77.08,31.73,82.36,32.20,88.02,30.39,42.98",31.24,77.08,31.73,82.36,32.20,88.02,30.39,42.98,true,0
session_20260623_163953_final,1286,140232,2026-06-23T16:42:13.711431,Okulary BME280,"31.25,77.10,31.72,82.08,32.14,87.96,30.40,43.01",31.25,77.10,31.72,82.08,32.14,87.96,30.40,43.01,true,0
session_20260623_163953_final,1287,140368,2026-06-23T16:42:13.847239,Okulary BME280,"31.25,77.11,31.71,81.80,32.10,88.00,30.40,43.07",31.25,77.11,31.71,81.80,32.10,88.00,30.40,43.07,true,0
session_20260623_163953_final,1288,140461,2026-06-23T16:42:13.939993,Okulary BME280,"31.25,77.16,31.71,81.52,32.07,87.90,30.40,43.08",31.25,77.16,31.71,81.52,32.07,87.90,30.40,43.08,true,0
session_20260623_163953_final,1289,140547,2026-06-23T16:42:14.026066,Okulary BME280,"31.25,77.16,31.71,81.28,32.07,87.86,30.40,43.14",31.25,77.16,31.71,81.28,32.07,87.86,30.40,43.14,true,0
session_20260623_163953_final,1290,140681,2026-06-23T16:42:14.159933,Okulary BME280,"31.24,77.20,31.71,80.99,32.07,87.80,30.40,43.17",31.24,77.20,31.71,80.99,32.07,87.80,30.40,43.17,true,0
session_20260623_163953_final,1291,140772,2026-06-23T16:42:14.251,Okulary BME280,"31.24,77.21,31.72,80.72,32.07,87.72,30.40,43.18",31.24,77.21,31.72,80.72,32.07,87.72,30.40,43.18,true,0
session_20260623_163953_final,1292,140908,2026-06-23T16:42:14.387037,Okulary BME280,"31.24,77.25,31.71,80.48,32.08,87.64,30.41,43.20",31.24,77.25,31.71,80.48,32.08,87.64,30.41,43.20,true,0
session_20260623_163953_final,1293,140995,2026-06-23T16:42:14.474601,Okulary BME280,"31.25,77.26,31.71,80.20,32.08,87.57,30.40,43.21",31.25,77.26,31.71,80.20,32.08,87.57,30.40,43.21,true,0
session_20260623_163953_final,1294,141085,2026-06-23T16:42:14.564019,Okulary BME280,"31.25,77.27,31.71,79.70,32.09,87.52,30.40,43.25",31.25,77.27,31.71,79.70,32.09,87.52,30.40,43.25,true,0
session_20260623_163953_final,1295,141221,2026-06-23T16:42:14.699914,Okulary BME280,"31.25,77.29,31.71,79.47,32.08,87.48,30.40,43.27",31.25,77.29,31.71,79.47,32.08,87.48,30.40,43.27,true,0
session_20260623_163953_final,1296,141316,2026-06-23T16:42:14.795309,Okulary BME280,"31.25,77.31,31.71,79.27,32.08,87.36,30.41,43.27",31.25,77.31,31.71,79.27,32.08,87.36,30.41,43.27,true,0
session_20260623_163953_final,1297,141447,2026-06-23T16:42:14.926088,Okulary BME280,"31.25,77.32,31.71,79.04,32.09,87.34,30.41,43.28",31.25,77.32,31.71,79.04,32.09,87.34,30.41,43.28,true,0
session_20260623_163953_final,1298,141545,2026-06-23T16:42:15.023950,Okulary BME280,"31.25,77.34,31.71,78.84,32.09,87.28,30.41,43.26",31.25,77.34,31.71,78.84,32.09,87.28,30.41,43.26,true,0
session_20260623_163953_final,1299,141673,2026-06-23T16:42:15.152684,Okulary BME280,"31.25,77.38,31.71,78.66,32.10,87.23,30.40,43.24",31.25,77.38,31.71,78.66,32.10,87.23,30.40,43.24,true,0
session_20260623_163953_final,1300,141771,2026-06-23T16:42:15.250094,Okulary BME280,"31.25,77.40,31.71,78.47,32.10,87.17,30.41,43.19",31.25,77.40,31.71,78.47,32.10,87.17,30.41,43.19,true,0
session_20260623_163953_final,1301,141850,2026-06-23T16:42:15.329696,Okulary BME280,"31.25,77.42,31.71,78.27,32.10,87.12,30.41,43.14",31.25,77.42,31.71,78.27,32.10,87.12,30.41,43.14,true,0
session_20260623_163953_final,1302,141985,2026-06-23T16:42:15.464662,Okulary BME280,"31.25,77.43,31.72,78.12,32.10,87.08,30.41,43.10",31.25,77.43,31.72,78.12,32.10,87.08,30.41,43.10,true,0
session_20260623_163953_final,1303,142075,2026-06-23T16:42:15.554798,Okulary BME280,"31.26,77.45,31.72,77.80,32.10,87.05,30.41,43.05",31.26,77.45,31.72,77.80,32.10,87.05,30.41,43.05,true,0
session_20260623_163953_final,1304,142225,2026-06-23T16:42:15.704332,Okulary BME280,"31.26,77.47,31.73,77.62,32.11,87.05,30.41,43.03",31.26,77.47,31.73,77.62,32.11,87.05,30.41,43.03,true,0
session_20260623_163953_final,1305,142301,2026-06-23T16:42:15.780093,Okulary BME280,"31.26,77.46,31.73,77.45,32.11,87.04,30.41,42.97",31.26,77.46,31.73,77.45,32.11,87.04,30.41,42.97,true,0
session_20260623_163953_final,1306,142438,2026-06-23T16:42:15.917063,Okulary BME280,"31.25,77.56,31.73,77.27,32.12,87.01,30.40,42.99",31.25,77.56,31.73,77.27,32.12,87.01,30.40,42.99,true,0
session_20260623_163953_final,1307,142531,2026-06-23T16:42:16.009962,Okulary BME280,"31.26,77.54,31.73,77.09,32.11,86.98,30.41,42.96",31.26,77.54,31.73,77.09,32.11,86.98,30.41,42.96,true,0
session_20260623_163953_final,1308,142616,2026-06-23T16:42:16.094853,Okulary BME280,"31.26,77.56,31.73,76.97,32.12,86.96,30.40,42.96",31.26,77.56,31.73,76.97,32.12,86.96,30.40,42.96,true,0
session_20260623_163953_final,1309,142763,2026-06-23T16:42:16.242521,Okulary BME280,"31.26,77.58,31.73,76.86,32.11,86.95,30.40,42.97",31.26,77.58,31.73,76.86,32.11,86.95,30.40,42.97,true,0
session_20260623_163953_final,1310,142843,2026-06-23T16:42:16.322109,Okulary BME280,"31.26,77.59,31.73,76.75,32.12,86.93,30.41,42.96",31.26,77.59,31.73,76.75,32.12,86.93,30.41,42.96,true,0
session_20260623_163953_final,1311,142977,2026-06-23T16:42:16.456214,Okulary BME280,"31.26,77.62,31.74,76.69,32.12,86.89,30.41,42.96",31.26,77.62,31.74,76.69,32.12,86.89,30.41,42.96,true,0
session_20260623_163953_final,1312,143072,2026-06-23T16:42:16.550864,Okulary BME280,"31.26,77.64,31.75,76.55,32.11,86.88,30.41,42.93",31.26,77.64,31.75,76.55,32.11,86.88,30.41,42.93,true,0
session_20260623_163953_final,1313,143158,2026-06-23T16:42:16.637177,Okulary BME280,"31.26,77.66,31.75,76.46,32.11,86.83,30.41,42.92",31.26,77.66,31.75,76.46,32.11,86.83,30.41,42.92,true,0
session_20260623_163953_final,1314,143291,2026-06-23T16:42:16.770499,Okulary BME280,"31.27,77.71,31.75,76.36,32.11,86.79,30.41,42.92",31.27,77.71,31.75,76.36,32.11,86.79,30.41,42.92,true,0
session_20260623_163953_final,1315,143386,2026-06-23T16:42:16.865583,Okulary BME280,"31.27,77.66,31.75,76.33,32.11,86.77,30.41,42.92",31.27,77.66,31.75,76.33,32.11,86.77,30.41,42.92,true,0
session_20260623_163953_final,1316,143524,2026-06-23T16:42:17.003643,Okulary BME280,"31.27,77.74,31.76,76.28,32.10,86.73,30.41,42.95",31.27,77.74,31.76,76.28,32.10,86.73,30.41,42.95,true,0
session_20260623_163953_final,1317,143607,2026-06-23T16:42:17.085952,Okulary BME280,"31.27,77.77,31.76,76.24,32.10,86.73,30.41,42.93",31.27,77.77,31.76,76.24,32.10,86.73,30.41,42.93,true,0
session_20260623_163953_final,1318,143741,2026-06-23T16:42:17.220322,Okulary BME280,"31.28,77.78,31.76,76.23,32.10,86.69,30.42,42.92",31.28,77.78,31.76,76.23,32.10,86.69,30.42,42.92,true,0
session_20260623_163953_final,1319,143830,2026-06-23T16:42:17.309510,Okulary BME280,"31.28,77.81,31.77,76.30,32.10,86.78,30.42,42.91",31.28,77.81,31.77,76.30,32.10,86.78,30.42,42.91,true,0
session_20260623_163953_final,1320,143922,2026-06-23T16:42:17.401123,Okulary BME280,"31.28,77.83,31.78,76.46,32.10,86.86,30.42,42.91",31.28,77.83,31.78,76.46,32.10,86.86,30.42,42.91,true,0
session_20260623_163953_final,1321,144056,2026-06-23T16:42:17.535232,Okulary BME280,"31.28,77.84,31.81,76.79,32.10,86.88,30.41,42.90",31.28,77.84,31.81,76.79,32.10,86.88,30.41,42.90,true,0
session_20260623_163953_final,1322,144147,2026-06-23T16:42:17.625847,Okulary BME280,"31.28,77.87,31.81,77.01,32.10,86.91,30.41,42.90",31.28,77.87,31.81,77.01,32.10,86.91,30.41,42.90,true,0
session_20260623_163953_final,1323,144282,2026-06-23T16:42:17.761115,Okulary BME280,"31.28,77.92,31.82,77.24,32.11,87.05,30.42,42.91",31.28,77.92,31.82,77.24,32.11,87.05,30.42,42.91,true,0
session_20260623_163953_final,1324,144372,2026-06-23T16:42:17.851012,Okulary BME280,"31.28,77.93,31.82,77.46,32.11,87.11,30.42,42.92",31.28,77.93,31.82,77.46,32.11,87.11,30.42,42.92,true,0
session_20260623_163953_final,1325,144507,2026-06-23T16:42:17.986724,Okulary BME280,"31.29,77.96,31.83,77.68,32.12,87.16,30.42,42.93",31.29,77.96,31.83,77.68,32.12,87.16,30.42,42.93,true,0
session_20260623_163953_final,1326,144595,2026-06-23T16:42:18.074402,Okulary BME280,"31.28,77.98,31.84,77.93,32.13,87.22,30.41,42.96",31.28,77.98,31.84,77.93,32.13,87.22,30.41,42.96,true,0
session_20260623_163953_final,1327,144686,2026-06-23T16:42:18.165009,Okulary BME280,"31.29,78.00,31.85,78.17,32.13,87.30,30.42,42.98",31.29,78.00,31.85,78.17,32.13,87.30,30.42,42.98,true,0
session_20260623_163953_final,1328,144835,2026-06-23T16:42:18.314667,Okulary BME280,"31.29,78.03,31.86,78.42,32.14,87.32,30.42,43.02",31.29,78.03,31.86,78.42,32.14,87.32,30.42,43.02,true,0
session_20260623_163953_final,1329,144913,2026-06-23T16:42:18.392063,Okulary BME280,"31.29,78.05,31.86,78.61,32.15,87.30,30.42,43.05",31.29,78.05,31.86,78.61,32.15,87.30,30.42,43.05,true,0
session_20260623_163953_final,1330,145052,2026-06-23T16:42:18.531657,Okulary BME280,"31.29,78.07,31.87,79.00,32.15,87.36,30.42,43.09",31.29,78.07,31.87,79.00,32.15,87.36,30.42,43.09,true,0
session_20260623_163953_final,1331,145152,2026-06-23T16:42:18.631212,Okulary BME280,"31.29,78.12,31.87,79.19,32.15,87.37,30.43,43.11",31.29,78.12,31.87,79.19,32.15,87.37,30.43,43.11,true,0
session_20260623_163953_final,1332,145288,2026-06-23T16:42:18.767480,Okulary BME280,"31.30,78.08,31.87,79.42,32.16,87.59,30.43,43.18",31.30,78.08,31.87,79.42,32.16,87.59,30.43,43.18,true,0
session_20260623_163953_final,1333,145363,2026-06-23T16:42:18.842267,Okulary BME280,"31.30,78.15,31.89,79.64,32.17,87.66,30.43,43.17",31.30,78.15,31.89,79.64,32.17,87.66,30.43,43.17,true,0
session_20260623_163953_final,1334,145452,2026-06-23T16:42:18.930912,Okulary BME280,"31.30,78.18,31.90,79.85,32.19,87.81,30.43,43.22",31.30,78.18,31.90,79.85,32.19,87.81,30.43,43.22,true,0
session_20260623_163953_final,1335,145593,2026-06-23T16:42:19.071976,Okulary BME280,"31.30,78.19,31.91,80.10,32.22,87.95,30.43,43.26",31.30,78.19,31.91,80.10,32.22,87.95,30.43,43.26,true,0
session_20260623_163953_final,1336,145686,2026-06-23T16:42:19.165412,Okulary BME280,"31.30,78.21,31.93,80.34,32.26,88.09,30.43,43.30",31.30,78.21,31.93,80.34,32.26,88.09,30.43,43.30,true,0
session_20260623_163953_final,1337,145811,2026-06-23T16:42:19.290231,Okulary BME280,"31.30,78.24,31.96,80.60,32.31,88.24,30.43,43.30",31.30,78.24,31.96,80.60,32.31,88.24,30.43,43.30,true,0
session_20260623_163953_final,1338,145900,2026-06-23T16:42:19.378935,Okulary BME280,"31.31,78.25,31.99,80.89,32.37,88.34,30.44,43.30",31.31,78.25,31.99,80.89,32.37,88.34,30.44,43.30,true,0
session_20260623_163953_final,1339,145991,2026-06-23T16:42:19.470720,Okulary BME280,"31.30,78.29,32.04,81.31,32.44,88.42,30.43,43.28",31.30,78.29,32.04,81.31,32.44,88.42,30.43,43.28,true,0
session_20260623_163953_final,1340,146125,2026-06-23T16:42:19.604061,Okulary BME280,"31.31,78.32,32.07,81.53,32.50,88.48,30.43,43.25",31.31,78.32,32.07,81.53,32.50,88.48,30.43,43.25,true,0
session_20260623_163953_final,1341,146214,2026-06-23T16:42:19.693697,Okulary BME280,"31.31,78.38,32.09,81.74,32.59,88.62,30.44,43.26",31.31,78.38,32.09,81.74,32.59,88.62,30.44,43.26,true,0
session_20260623_163953_final,1342,146351,2026-06-23T16:42:19.830589,Okulary BME280,"31.31,78.35,32.11,81.94,32.63,88.66,30.43,43.24",31.31,78.35,32.11,81.94,32.63,88.66,30.43,43.24,true,0
session_20260623_163953_final,1343,146445,2026-06-23T16:42:19.924005,Okulary BME280,"31.31,78.38,32.12,82.12,32.65,88.70,30.43,43.23",31.31,78.38,32.12,82.12,32.65,88.70,30.43,43.23,true,0
session_20260623_163953_final,1344,146578,2026-06-23T16:42:20.057656,Okulary BME280,"31.31,78.39,32.13,82.30,32.68,88.72,30.43,43.24",31.31,78.39,32.13,82.30,32.68,88.72,30.43,43.24,true,0
session_20260623_163953_final,1345,146667,2026-06-23T16:42:20.146803,Okulary BME280,"31.31,78.40,32.15,82.46,32.71,88.75,30.43,43.26",31.31,78.40,32.15,82.46,32.71,88.75,30.43,43.26,true,0
session_20260623_163953_final,1346,146756,2026-06-23T16:42:20.235446,Okulary BME280,"31.31,78.42,32.16,82.61,32.72,88.77,30.43,43.30",31.31,78.42,32.16,82.61,32.72,88.77,30.43,43.30,true,0
session_20260623_163953_final,1347,146897,2026-06-23T16:42:20.376474,Okulary BME280,"31.31,78.44,32.16,82.75,32.73,88.79,30.44,43.32",31.31,78.44,32.16,82.75,32.73,88.79,30.44,43.32,true,0
session_20260623_163953_final,1348,146981,2026-06-23T16:42:20.460447,Okulary BME280,"31.31,78.48,32.17,83.04,32.75,88.87,30.44,43.37",31.31,78.48,32.17,83.04,32.75,88.87,30.44,43.37,true,0
session_20260623_163953_final,1349,147116,2026-06-23T16:42:20.595350,Okulary BME280,"31.31,78.39,32.18,83.18,32.77,88.87,30.44,43.41",31.31,78.39,32.18,83.18,32.77,88.87,30.44,43.41,true,0
session_20260623_163953_final,1350,147204,2026-06-23T16:42:20.683619,Okulary BME280,"31.32,78.50,32.19,83.31,32.80,88.89,30.44,43.47",31.32,78.50,32.19,83.31,32.80,88.89,30.44,43.47,true,0
session_20260623_163953_final,1351,147343,2026-06-23T16:42:20.822592,Okulary BME280,"31.31,78.51,32.19,83.44,32.81,88.92,30.44,43.53",31.31,78.51,32.19,83.44,32.81,88.92,30.44,43.53,true,0
session_20260623_163953_final,1352,147431,2026-06-23T16:42:20.909887,Okulary BME280,"31.32,78.54,32.20,83.56,32.83,88.94,30.45,43.67",31.32,78.54,32.20,83.56,32.83,88.94,30.45,43.67,true,0
session_20260623_163953_final,1353,147522,2026-06-23T16:42:21.001544,Okulary BME280,"31.32,78.55,32.21,83.68,32.85,88.96,30.45,43.71",31.32,78.55,32.21,83.68,32.85,88.96,30.45,43.71,true,0
session_20260623_163953_final,1354,147664,2026-06-23T16:42:21.142990,Okulary BME280,"31.32,78.56,32.22,83.79,32.87,88.98,30.44,43.72",31.32,78.56,32.22,83.79,32.87,88.98,30.44,43.72,true,0
session_20260623_163953_final,1355,147763,2026-06-23T16:42:21.242127,Okulary BME280,"31.32,78.57,32.23,83.90,32.89,89.00,30.44,43.72",31.32,78.57,32.23,83.90,32.89,89.00,30.44,43.72,true,0
session_20260623_163953_final,1356,147883,2026-06-23T16:42:21.362145,Okulary BME280,"31.32,78.59,32.24,84.01,32.91,89.03,30.45,43.73",31.32,78.59,32.24,84.01,32.91,89.03,30.45,43.73,true,0
session_20260623_163953_final,1357,147974,2026-06-23T16:42:21.453343,Okulary BME280,"31.32,78.70,32.26,84.22,32.93,89.07,30.45,43.71",31.32,78.70,32.26,84.22,32.93,89.07,30.45,43.71,true,0
session_20260623_163953_final,1358,148065,2026-06-23T16:42:21.544378,Okulary BME280,"31.33,78.63,32.27,84.32,32.95,89.09,30.45,43.69",31.33,78.63,32.27,84.32,32.95,89.09,30.45,43.69,true,0
session_20260623_163953_final,1359,148201,2026-06-23T16:42:21.680341,Okulary BME280,"31.33,78.64,32.28,84.42,32.99,89.11,30.45,43.68",31.33,78.64,32.28,84.42,32.99,89.11,30.45,43.68,true,0
session_20260623_163953_final,1360,148288,2026-06-23T16:42:21.767065,Okulary BME280,"31.33,78.65,32.29,84.51,33.01,89.13,30.44,43.67",31.33,78.65,32.29,84.51,33.01,89.13,30.44,43.67,true,0
session_20260623_163953_final,1361,148420,2026-06-23T16:42:21.898979,Okulary BME280,"31.33,78.68,32.30,84.61,33.04,89.16,30.44,43.66",31.33,78.68,32.30,84.61,33.04,89.16,30.44,43.66,true,0
session_20260623_163953_final,1362,148511,2026-06-23T16:42:21.990722,Okulary BME280,"31.33,78.69,32.32,84.71,33.06,89.18,30.44,43.64",31.33,78.69,32.32,84.71,33.06,89.18,30.44,43.64,true,0
session_20260623_163953_final,1363,148650,2026-06-23T16:42:22.129318,Okulary BME280,"31.33,78.70,32.33,84.82,33.09,89.23,30.44,43.64",31.33,78.70,32.33,84.82,33.09,89.23,30.44,43.64,true,0
session_20260623_163953_final,1364,148736,2026-06-23T16:42:22.215040,Okulary BME280,"31.33,78.73,32.34,84.89,33.13,89.25,30.44,43.66",31.33,78.73,32.34,84.89,33.13,89.25,30.44,43.66,true,0
session_20260623_163953_final,1365,148825,2026-06-23T16:42:22.304166,Okulary BME280,"31.33,78.71,32.37,85.00,33.16,89.27,30.44,43.73",31.33,78.71,32.37,85.00,33.16,89.27,30.44,43.73,true,0
session_20260623_163953_final,1366,148961,2026-06-23T16:42:22.440562,Okulary BME280,"31.34,78.80,32.40,85.18,33.19,89.29,30.44,43.80",31.34,78.80,32.40,85.18,33.19,89.29,30.44,43.80,true,0
session_20260623_163953_final,1367,149068,2026-06-23T16:42:22.547759,Okulary BME280,"31.34,78.79,32.42,85.27,33.22,89.30,30.44,43.87",31.34,78.79,32.42,85.27,33.22,89.30,30.44,43.87,true,0
session_20260623_163953_final,1368,149196,2026-06-23T16:42:22.674824,Okulary BME280,"31.34,78.79,32.43,85.34,33.27,89.34,30.44,43.95",31.34,78.79,32.43,85.34,33.27,89.34,30.44,43.95,true,0
session_20260623_163953_final,1369,149277,2026-06-23T16:42:22.756109,Okulary BME280,"31.34,78.80,32.45,85.44,33.29,89.35,30.45,43.94",31.34,78.80,32.45,85.44,33.29,89.35,30.45,43.94,true,0
session_20260623_163953_final,1370,149411,2026-06-23T16:42:22.889870,Okulary BME280,"31.35,78.81,32.46,85.53,33.31,89.37,30.45,43.97",31.35,78.81,32.46,85.53,33.31,89.37,30.45,43.97,true,0
session_20260623_163953_final,1371,149505,2026-06-23T16:42:22.984019,Okulary BME280,"31.35,78.83,32.48,85.59,33.34,89.37,30.45,43.97",31.35,78.83,32.48,85.59,33.34,89.37,30.45,43.97,true,0
session_20260623_163953_final,1372,149591,2026-06-23T16:42:23.070533,Okulary BME280,"31.35,78.84,32.48,85.65,33.35,89.38,30.45,44.00",31.35,78.84,32.48,85.65,33.35,89.38,30.45,44.00,true,0
session_20260623_163953_final,1373,149728,2026-06-23T16:42:23.207305,Okulary BME280,"31.35,78.85,32.50,85.72,33.36,89.37,30.45,44.02",31.35,78.85,32.50,85.72,33.36,89.37,30.45,44.02,true,0
session_20260623_163953_final,1374,149815,2026-06-23T16:42:23.294149,Okulary BME280,"31.35,78.91,32.50,85.77,33.36,89.36,30.45,44.07",31.35,78.91,32.50,85.77,33.36,89.36,30.45,44.07,true,0
session_20260623_163953_final,1375,149962,2026-06-23T16:42:23.441713,Okulary BME280,"31.35,78.83,32.50,85.90,33.36,89.34,30.45,44.12",31.35,78.83,32.50,85.90,33.36,89.34,30.45,44.12,true,0
session_20260623_163953_final,1376,150041,2026-06-23T16:42:23.520307,Okulary BME280,"31.35,78.90,32.50,85.93,33.35,89.25,30.45,44.18",31.35,78.90,32.50,85.93,33.35,89.25,30.45,44.18,true,0
session_20260623_163953_final,1377,150175,2026-06-23T16:42:23.653990,Okulary BME280,"31.35,78.91,32.50,85.97,33.29,89.11,30.45,44.26",31.35,78.91,32.50,85.97,33.29,89.11,30.45,44.26,true,0
session_20260623_163953_final,1378,150266,2026-06-23T16:42:23.744946,Okulary BME280,"31.35,78.92,32.48,85.97,33.25,89.00,30.45,44.26",31.35,78.92,32.48,85.97,33.25,89.00,30.45,44.26,true,0
session_20260623_163953_final,1379,150363,2026-06-23T16:42:23.842394,Okulary BME280,"31.35,78.94,32.46,85.92,33.21,88.93,30.45,44.33",31.35,78.94,32.46,85.92,33.21,88.93,30.45,44.33,true,0
session_20260623_163953_final,1380,150501,2026-06-23T16:42:23.980318,Okulary BME280,"31.35,78.95,32.43,85.74,33.16,88.86,30.45,44.37",31.35,78.95,32.43,85.74,33.16,88.86,30.45,44.37,true,0
session_20260623_163953_final,1381,150582,2026-06-23T16:42:24.060922,Okulary BME280,"31.35,78.96,32.36,85.51,33.11,88.73,30.45,44.38",31.35,78.96,32.36,85.51,33.11,88.73,30.45,44.38,true,0
session_20260623_163953_final,1382,150722,2026-06-23T16:42:24.201684,Okulary BME280,"31.35,78.99,32.28,85.25,33.04,88.57,30.45,44.39",31.35,78.99,32.28,85.25,33.04,88.57,30.45,44.39,true,0
session_20260623_163953_final,1383,150806,2026-06-23T16:42:24.285350,Okulary BME280,"31.36,79.11,32.19,85.00,32.94,88.39,30.45,44.42",31.36,79.11,32.19,85.00,32.94,88.39,30.45,44.42,true,0
session_20260623_163953_final,1384,150896,2026-06-23T16:42:24.375249,Okulary BME280,"31.36,78.99,32.01,84.45,32.83,88.19,30.45,44.44",31.36,78.99,32.01,84.45,32.83,88.19,30.45,44.44,true,0
session_20260623_163953_final,1385,151039,2026-06-23T16:42:24.518040,Okulary BME280,"31.36,79.07,31.95,84.20,32.72,87.84,30.45,44.46",31.36,79.07,31.95,84.20,32.72,87.84,30.45,44.46,true,0
session_20260623_163953_final,1386,151121,2026-06-23T16:42:24.600661,Okulary BME280,"31.36,79.09,31.91,83.91,32.49,87.66,30.46,44.52",31.36,79.09,31.91,83.91,32.49,87.66,30.46,44.52,true,0
session_20260623_163953_final,1387,151257,2026-06-23T16:42:24.736146,Okulary BME280,"31.36,79.11,31.87,83.61,32.40,87.52,30.46,44.59",31.36,79.11,31.87,83.61,32.40,87.52,30.46,44.59,true,0
session_20260623_163953_final,1388,151345,2026-06-23T16:42:24.824167,Okulary BME280,"31.37,79.14,31.85,83.30,32.30,87.38,30.46,44.68",31.37,79.14,31.85,83.30,32.30,87.38,30.46,44.68,true,0
session_20260623_163953_final,1389,151484,2026-06-23T16:42:24.962976,Okulary BME280,"31.38,79.16,31.83,83.00,32.23,87.27,30.46,44.75",31.38,79.16,31.83,83.00,32.23,87.27,30.46,44.75,true,0
session_20260623_163953_final,1390,151577,2026-06-23T16:42:25.056115,Okulary BME280,"31.38,79.19,31.81,82.71,32.16,87.16,30.46,44.78",31.38,79.19,31.81,82.71,32.16,87.16,30.46,44.78,true,0
session_20260623_163953_final,1391,151662,2026-06-23T16:42:25.140913,Okulary BME280,"31.38,79.21,31.79,82.44,32.10,87.06,30.46,44.82",31.38,79.21,31.79,82.44,32.10,87.06,30.46,44.82,true,0
session_20260623_163953_final,1392,151804,2026-06-23T16:42:25.283703,Okulary BME280,"31.37,79.31,31.78,82.17,32.06,86.98,30.46,44.86",31.37,79.31,31.78,82.17,32.06,86.98,30.46,44.86,true,0
session_20260623_163953_final,1393,151887,2026-06-23T16:42:25.366178,Okulary BME280,"31.38,79.30,31.77,81.65,32.02,86.91,30.47,44.92",31.38,79.30,31.77,81.65,32.02,86.91,30.47,44.92,true,0
session_20260623_163953_final,1394,152026,2026-06-23T16:42:25.505434,Okulary BME280,"31.38,79.31,31.77,81.42,31.97,86.78,30.47,44.95",31.38,79.31,31.77,81.42,31.97,86.78,30.47,44.95,true,0
session_20260623_163953_final,1395,152110,2026-06-23T16:42:25.589497,Okulary BME280,"31.38,79.34,31.77,81.21,31.97,86.74,30.47,44.98",31.38,79.34,31.77,81.21,31.97,86.74,30.47,44.98,true,0
session_20260623_163953_final,1396,152245,2026-06-23T16:42:25.724414,Okulary BME280,"31.38,79.36,31.77,81.00,31.97,86.69,30.47,44.96",31.38,79.36,31.77,81.00,31.97,86.69,30.47,44.96,true,0
session_20260623_163953_final,1397,152337,2026-06-23T16:42:25.816513,Okulary BME280,"31.39,79.39,31.77,80.79,31.97,86.67,30.47,44.92",31.39,79.39,31.77,80.79,31.97,86.67,30.47,44.92,true,0
session_20260623_163953_final,1398,152439,2026-06-23T16:42:25.917886,Okulary BME280,"31.39,79.40,31.79,80.60,31.98,86.61,30.47,44.85",31.39,79.40,31.79,80.60,31.98,86.61,30.47,44.85,true,0
session_20260623_163953_final,1399,152570,2026-06-23T16:42:26.049404,Okulary BME280,"31.38,79.43,31.79,80.39,31.98,86.56,30.47,44.83",31.38,79.43,31.79,80.39,31.98,86.56,30.47,44.83,true,0
session_20260623_163953_final,1400,152650,2026-06-23T16:42:26.129499,Okulary BME280,"31.39,79.44,31.79,80.17,31.99,86.53,30.47,44.80",31.39,79.44,31.79,80.17,31.99,86.53,30.47,44.80,true,0
session_20260623_163953_final,1401,152786,2026-06-23T16:42:26.265685,Okulary BME280,"31.39,79.41,31.80,79.95,32.00,86.47,30.47,44.79",31.39,79.41,31.80,79.95,32.00,86.47,30.47,44.79,true,0
session_20260623_163953_final,1402,152881,2026-06-23T16:42:26.360602,Okulary BME280,"31.39,79.53,31.80,79.61,32.01,86.47,30.47,44.79",31.39,79.53,31.80,79.61,32.01,86.47,30.47,44.79,true,0
session_20260623_163953_final,1403,152966,2026-06-23T16:42:26.445470,Okulary BME280,"31.39,79.56,31.80,79.46,32.03,86.37,30.47,44.80",31.39,79.56,31.80,79.46,32.03,86.37,30.47,44.80,true,0
session_20260623_163953_final,1404,153103,2026-06-23T16:42:26.582556,Okulary BME280,"31.39,79.58,31.81,79.32,32.04,86.33,30.47,44.83",31.39,79.58,31.81,79.32,32.04,86.33,30.47,44.83,true,0
session_20260623_163953_final,1405,153193,2026-06-23T16:42:26.672479,Okulary BME280,"31.40,79.61,31.82,79.18,32.06,86.28,30.48,44.86",31.40,79.61,31.82,79.18,32.06,86.28,30.48,44.86,true,0
session_20260623_163953_final,1406,153326,2026-06-23T16:42:26.805795,Okulary BME280,"31.39,79.63,31.82,79.04,32.07,86.23,30.47,44.88",31.39,79.63,31.82,79.04,32.07,86.23,30.47,44.88,true,0
session_20260623_163953_final,1407,153417,2026-06-23T16:42:26.896322,Okulary BME280,"31.40,79.65,31.83,78.90,32.07,86.17,30.47,44.95",31.40,79.65,31.83,78.90,32.07,86.17,30.47,44.95,true,0
session_20260623_163953_final,1408,153550,2026-06-23T16:42:27.029170,Okulary BME280,"31.39,79.67,31.83,78.77,32.08,86.15,30.47,44.95",31.39,79.67,31.83,78.77,32.08,86.15,30.47,44.95,true,0
session_20260623_163953_final,1409,153640,2026-06-23T16:42:27.118829,Okulary BME280,"31.39,79.71,31.83,78.65,32.08,86.13,30.47,44.95",31.39,79.71,31.83,78.65,32.08,86.13,30.47,44.95,true,0
session_20260623_163953_final,1410,153746,2026-06-23T16:42:27.225194,Okulary BME280,"31.38,79.74,31.84,78.59,32.09,86.15,30.47,44.95",31.38,79.74,31.84,78.59,32.09,86.15,30.47,44.95,true,0
session_20260623_163953_final,1411,153880,2026-06-23T16:42:27.359675,Okulary BME280,"31.39,79.75,31.84,78.58,32.09,86.14,30.47,44.97",31.39,79.75,31.84,78.58,32.09,86.14,30.47,44.97,true,0
session_20260623_163953_final,1412,153956,2026-06-23T16:42:27.435168,Okulary BME280,"31.39,79.78,31.85,78.60,32.11,86.24,30.48,44.99",31.39,79.78,31.85,78.60,32.11,86.24,30.48,44.99,true,0
session_20260623_163953_final,1413,154092,2026-06-23T16:42:27.570901,Okulary BME280,"31.40,79.80,31.86,78.72,32.11,86.33,30.48,45.01",31.40,79.80,31.86,78.72,32.11,86.33,30.48,45.01,true,0
session_20260623_163953_final,1414,154182,2026-06-23T16:42:27.660967,Okulary BME280,"31.40,79.83,31.87,78.87,32.12,86.43,30.48,45.04",31.40,79.83,31.87,78.87,32.12,86.43,30.48,45.04,true,0
session_20260623_163953_final,1415,154332,2026-06-23T16:42:27.811305,Okulary BME280,"31.40,79.84,31.89,79.05,32.13,86.58,30.48,45.09",31.40,79.84,31.89,79.05,32.13,86.58,30.48,45.09,true,0
session_20260623_163953_final,1416,154406,2026-06-23T16:42:27.884893,Okulary BME280,"31.40,79.88,31.90,79.26,32.14,86.74,30.49,45.18",31.40,79.88,31.90,79.26,32.14,86.74,30.49,45.18,true,0
session_20260623_163953_final,1417,154497,2026-06-23T16:42:27.976623,Okulary BME280,"31.40,79.87,31.92,79.49,32.16,86.83,30.49,45.21",31.40,79.87,31.92,79.49,32.16,86.83,30.49,45.21,true,0
session_20260623_163953_final,1418,154630,2026-06-23T16:42:28.109779,Okulary BME280,"31.40,79.89,31.93,79.71,32.18,86.88,30.49,45.23",31.40,79.89,31.93,79.71,32.18,86.88,30.49,45.23,true,0
session_20260623_163953_final,1419,154721,2026-06-23T16:42:28.200387,Okulary BME280,"31.40,79.95,31.95,79.87,32.18,86.90,30.49,45.25",31.40,79.95,31.95,79.87,32.18,86.90,30.49,45.25,true,0
session_20260623_163953_final,1420,154854,2026-06-23T16:42:28.333690,Okulary BME280,"31.40,79.98,31.94,80.00,32.18,86.90,30.49,45.25",31.40,79.98,31.94,80.00,32.18,86.90,30.49,45.25,true,0
session_20260623_163953_final,1421,154945,2026-06-23T16:42:28.424495,Okulary BME280,"31.40,80.00,31.93,79.97,32.18,86.83,30.49,45.22",31.40,80.00,31.93,79.97,32.18,86.83,30.49,45.22,true,0
session_20260623_163953_final,1422,155082,2026-06-23T16:42:28.561010,Okulary BME280,"31.40,80.03,31.91,79.98,32.18,86.78,30.49,45.20",31.40,80.03,31.91,79.98,32.18,86.78,30.49,45.20,true,0
session_20260623_163953_final,1423,155184,2026-06-23T16:42:28.663390,Okulary BME280,"31.40,80.04,31.90,79.96,32.17,86.73,30.49,45.16",31.40,80.04,31.90,79.96,32.17,86.73,30.49,45.16,true,0
session_20260623_163953_final,1424,155259,2026-06-23T16:42:28.738800,Okulary BME280,"31.41,80.06,31.90,79.97,32.16,86.73,30.49,45.14",31.41,80.06,31.90,79.97,32.16,86.73,30.49,45.14,true,0
session_20260623_163953_final,1425,155396,2026-06-23T16:42:28.874905,Okulary BME280,"31.40,80.08,31.89,80.02,32.16,86.72,30.49,45.07",31.40,80.08,31.89,80.02,32.16,86.72,30.49,45.07,true,0
session_20260623_163953_final,1426,155497,2026-06-23T16:42:28.976572,Okulary BME280,"31.40,80.11,31.89,80.13,32.16,86.89,30.49,45.00",31.40,80.11,31.89,80.13,32.16,86.89,30.49,45.00,true,0
session_20260623_163953_final,1427,155635,2026-06-23T16:42:29.113952,Okulary BME280,"31.40,80.08,31.91,80.33,32.17,87.12,30.49,44.92",31.40,80.08,31.91,80.33,32.17,87.12,30.49,44.92,true,0
session_20260623_163953_final,1428,155717,2026-06-23T16:42:29.196662,Okulary BME280,"31.41,80.15,31.93,80.83,32.21,87.32,30.49,44.85",31.41,80.15,31.93,80.83,32.21,87.32,30.49,44.85,true,0
session_20260623_163953_final,1429,155824,2026-06-23T16:42:29.303121,Okulary BME280,"31.41,80.17,32.02,81.08,32.27,87.58,30.49,44.79",31.41,80.17,32.02,81.08,32.27,87.58,30.49,44.79,true,0
session_20260623_163953_final,1430,155940,2026-06-23T16:42:29.419685,Okulary BME280,"31.41,80.20,32.06,81.35,32.44,87.89,30.49,44.73",31.41,80.20,32.06,81.35,32.44,87.89,30.49,44.73,true,0
session_20260623_163953_final,1431,156034,2026-06-23T16:42:29.512994,Okulary BME280,"31.41,80.21,32.10,81.59,32.51,88.00,30.49,44.66",31.41,80.21,32.10,81.59,32.51,88.00,30.49,44.66,true,0
session_20260623_163953_final,1432,156160,2026-06-23T16:42:29.639166,Okulary BME280,"31.41,80.24,32.12,81.83,32.57,88.08,30.49,44.63",31.41,80.24,32.12,81.83,32.57,88.08,30.49,44.63,true,0
session_20260623_163953_final,1433,156250,2026-06-23T16:42:29.729745,Okulary BME280,"31.41,80.25,32.16,82.05,32.63,88.14,30.49,44.51",31.41,80.25,32.16,82.05,32.63,88.14,30.49,44.51,true,0
session_20260623_163953_final,1434,156405,2026-06-23T16:42:29.884262,Okulary BME280,"31.41,80.26,32.17,82.25,32.66,88.21,30.48,44.37",31.41,80.26,32.17,82.25,32.66,88.21,30.48,44.37,true,0
session_20260623_163953_final,1435,156476,2026-06-23T16:42:29.955021,Okulary BME280,"31.41,80.31,32.19,82.46,32.71,88.27,30.49,44.29",31.41,80.31,32.19,82.46,32.71,88.27,30.49,44.29,true,0
session_20260623_163953_final,1436,156567,2026-06-23T16:42:30.046339,Okulary BME280,"31.40,80.33,32.20,82.66,32.74,88.32,30.48,44.21",31.40,80.33,32.20,82.66,32.74,88.32,30.48,44.21,true,0
session_20260623_163953_final,1437,156705,2026-06-23T16:42:30.184664,Okulary BME280,"31.41,80.33,32.21,83.01,32.77,88.33,30.48,44.13",31.41,80.33,32.21,83.01,32.77,88.33,30.48,44.13,true,0
session_20260623_163953_final,1438,156798,2026-06-23T16:42:30.277120,Okulary BME280,"31.41,80.36,32.24,83.17,32.80,88.44,30.48,44.07",31.41,80.36,32.24,83.17,32.80,88.44,30.48,44.07,true,0
session_20260623_163953_final,1439,156925,2026-06-23T16:42:30.404379,Okulary BME280,"31.41,80.37,32.24,83.32,32.86,88.47,30.48,44.01",31.41,80.37,32.24,83.32,32.86,88.47,30.48,44.01,true,0
session_20260623_163953_final,1440,157017,2026-06-23T16:42:30.496101,Okulary BME280,"31.41,80.38,32.26,83.48,32.87,88.51,30.48,43.99",31.41,80.38,32.26,83.48,32.87,88.51,30.48,43.99,true,0
session_20260623_163953_final,1441,157151,2026-06-23T16:42:30.630798,Okulary BME280,"31.41,80.40,32.27,83.62,32.90,88.54,30.48,44.01",31.41,80.40,32.27,83.62,32.90,88.54,30.48,44.01,true,0
session_20260623_163953_final,1442,157245,2026-06-23T16:42:30.724594,Okulary BME280,"31.42,80.42,32.28,83.75,32.92,88.57,30.48,44.00",31.42,80.42,32.28,83.75,32.92,88.57,30.48,44.00,true,0
session_20260623_163953_final,1443,157331,2026-06-23T16:42:30.810144,Okulary BME280,"31.42,80.43,32.29,83.89,32.94,88.60,30.48,43.99",31.42,80.43,32.29,83.89,32.94,88.60,30.48,43.99,true,0
session_20260623_163953_final,1444,157466,2026-06-23T16:42:30.945119,Okulary BME280,"31.42,80.41,32.30,83.99,32.97,88.63,30.47,43.95",31.42,80.41,32.30,83.99,32.97,88.63,30.47,43.95,true,0
session_20260623_163953_final,1445,157556,2026-06-23T16:42:31.035315,Okulary BME280,"31.41,80.47,32.31,84.11,32.99,88.68,30.48,43.91",31.41,80.47,32.31,84.11,32.99,88.68,30.48,43.91,true,0
session_20260623_163953_final,1446,157711,2026-06-23T16:42:31.190362,Okulary BME280,"31.41,80.48,32.32,84.37,33.02,88.71,30.47,43.87",31.41,80.48,32.32,84.37,33.02,88.71,30.47,43.87,true,0
session_20260623_163953_final,1447,157788,2026-06-23T16:42:31.266931,Okulary BME280,"31.41,80.48,32.35,84.48,33.06,88.74,30.47,43.82",31.41,80.48,32.35,84.48,33.06,88.74,30.47,43.82,true,0
session_20260623_163953_final,1448,157873,2026-06-23T16:42:31.352671,Okulary BME280,"31.42,80.50,32.37,84.59,33.12,88.79,30.48,43.78",31.42,80.50,32.37,84.59,33.12,88.79,30.48,43.78,true,0
session_20260623_163953_final,1449,158018,2026-06-23T16:42:31.497350,Okulary BME280,"31.42,80.51,32.39,84.70,33.15,88.81,30.47,43.76",31.42,80.51,32.39,84.70,33.15,88.81,30.47,43.76,true,0
session_20260623_163953_final,1450,158097,2026-06-23T16:42:31.575956,Okulary BME280,"31.42,80.52,32.41,84.80,33.17,88.83,30.47,43.72",31.42,80.52,32.41,84.80,33.17,88.83,30.47,43.72,true,0
session_20260623_163953_final,1451,158231,2026-06-23T16:42:31.710591,Okulary BME280,"31.42,80.53,32.41,84.89,33.19,88.83,30.47,43.70",31.42,80.53,32.41,84.89,33.19,88.83,30.47,43.70,true,0
session_20260623_163953_final,1452,158324,2026-06-23T16:42:31.803637,Okulary BME280,"31.41,80.53,32.43,85.00,33.21,88.85,30.47,43.69",31.41,80.53,32.43,85.00,33.21,88.85,30.47,43.69,true,0
session_20260623_163953_final,1453,158455,2026-06-23T16:42:31.934209,Okulary BME280,"31.42,80.52,32.44,85.08,33.22,88.86,30.47,43.67",31.42,80.52,32.44,85.08,33.22,88.86,30.47,43.67,true,0
session_20260623_163953_final,1454,158548,2026-06-23T16:42:32.027402,Okulary BME280,"31.42,80.57,32.46,85.18,33.23,88.87,30.47,43.67",31.42,80.57,32.46,85.18,33.23,88.87,30.47,43.67,true,0
session_20260623_163953_final,1455,158635,2026-06-23T16:42:32.114044,Okulary BME280,"31.42,80.58,32.46,85.33,33.24,88.87,30.47,43.66",31.42,80.58,32.46,85.33,33.24,88.87,30.47,43.66,true,0
session_20260623_163953_final,1456,158775,2026-06-23T16:42:32.253836,Okulary BME280,"31.42,80.58,32.48,85.40,33.24,88.76,30.47,43.67",31.42,80.58,32.48,85.40,33.24,88.76,30.47,43.67,true,0
session_20260623_163953_final,1457,158859,2026-06-23T16:42:32.338511,Okulary BME280,"31.42,80.59,32.48,85.47,33.21,88.76,30.47,43.68",31.42,80.59,32.48,85.47,33.21,88.76,30.47,43.68,true,0
session_20260623_163953_final,1458,159002,2026-06-23T16:42:32.481317,Okulary BME280,"31.42,80.61,32.48,85.54,33.19,88.76,30.47,43.72",31.42,80.61,32.48,85.54,33.19,88.76,30.47,43.72,true,0
session_20260623_163953_final,1459,159086,2026-06-23T16:42:32.565656,Okulary BME280,"31.41,80.62,32.48,85.60,33.18,88.77,30.47,43.79",31.41,80.62,32.48,85.60,33.18,88.77,30.47,43.79,true,0
session_20260623_163953_final,1460,159226,2026-06-23T16:42:32.705379,Okulary BME280,"31.42,80.63,32.49,85.66,33.18,88.78,30.47,43.86",31.42,80.63,32.49,85.66,33.18,88.78,30.47,43.86,true,0
session_20260623_163953_final,1461,159312,2026-06-23T16:42:32.791093,Okulary BME280,"31.42,80.64,32.49,85.73,33.18,88.78,30.47,43.89",31.42,80.64,32.49,85.73,33.18,88.78,30.47,43.89,true,0
session_20260623_163953_final,1462,159411,2026-06-23T16:42:32.889881,Okulary BME280,"31.42,80.61,32.49,85.79,33.19,88.76,30.47,43.91",31.42,80.61,32.49,85.79,33.19,88.76,30.47,43.91,true,0
session_20260623_163953_final,1463,159534,2026-06-23T16:42:33.013560,Okulary BME280,"31.42,80.67,32.49,85.86,33.19,88.75,30.47,43.91",31.42,80.67,32.49,85.86,33.19,88.75,30.47,43.91,true,0
session_20260623_163953_final,1464,159634,2026-06-23T16:42:33.112845,Okulary BME280,"31.42,80.68,32.49,85.94,33.17,88.67,30.47,43.92",31.42,80.68,32.49,85.94,33.17,88.67,30.47,43.92,true,0
session_20260623_163953_final,1465,159761,2026-06-23T16:42:33.240078,Okulary BME280,"31.42,80.68,32.48,85.98,33.16,88.62,30.47,43.96",31.42,80.68,32.48,85.98,33.16,88.62,30.47,43.96,true,0
session_20260623_163953_final,1466,159850,2026-06-23T16:42:33.329502,Okulary BME280,"31.43,80.71,32.47,86.01,33.12,88.60,30.47,44.01",31.43,80.71,32.47,86.01,33.12,88.60,30.47,44.01,true,0
session_20260623_163953_final,1467,159985,2026-06-23T16:42:33.463952,Okulary BME280,"31.43,80.71,32.46,86.04,33.10,88.58,30.47,44.07",31.43,80.71,32.46,86.04,33.10,88.58,30.47,44.07,true,0
session_20260623_163953_final,1468,160074,2026-06-23T16:42:33.553437,Okulary BME280,"31.43,80.72,32.45,86.09,33.09,88.54,30.47,44.15",31.43,80.72,32.45,86.09,33.09,88.54,30.47,44.15,true,0
session_20260623_163953_final,1469,160174,2026-06-23T16:42:33.653349,Okulary BME280,"31.43,80.71,32.44,86.12,33.07,88.49,30.47,44.22",31.43,80.71,32.44,86.12,33.07,88.49,30.47,44.22,true,0
session_20260623_163953_final,1470,160303,2026-06-23T16:42:33.782419,Okulary BME280,"31.42,80.78,32.43,86.17,33.04,88.45,30.48,44.55",31.42,80.78,32.43,86.17,33.04,88.45,30.48,44.55,true,0
session_20260623_163953_final,1471,160390,2026-06-23T16:42:33.869388,Okulary BME280,"31.43,80.77,32.42,86.20,33.02,88.41,30.49,44.66",31.43,80.77,32.42,86.20,33.02,88.41,30.49,44.66,true,0
session_20260623_163953_final,1472,160526,2026-06-23T16:42:34.005247,Okulary BME280,"31.43,80.78,32.41,86.25,33.00,88.38,30.49,44.78",31.43,80.78,32.41,86.25,33.00,88.38,30.49,44.78,true,0
session_20260623_163953_final,1473,160617,2026-06-23T16:42:34.096623,Okulary BME280,"31.43,80.79,32.41,86.27,32.98,88.43,30.49,44.86",31.43,80.79,32.41,86.27,32.98,88.43,30.49,44.86,true,0
session_20260623_163953_final,1474,160707,2026-06-23T16:42:34.185880,Okulary BME280,"31.43,80.82,32.38,86.03,32.95,88.27,30.49,44.92",31.43,80.82,32.38,86.03,32.95,88.27,30.49,44.92,true,0
session_20260623_163953_final,1475,160840,2026-06-23T16:42:34.319627,Okulary BME280,"31.44,80.82,32.32,85.77,32.91,88.13,30.49,44.94",31.44,80.82,32.32,85.77,32.91,88.13,30.49,44.94,true,0
session_20260623_163953_final,1476,160938,2026-06-23T16:42:34.417343,Okulary BME280,"31.44,80.83,32.24,85.51,32.83,87.97,30.49,44.94",31.44,80.83,32.24,85.51,32.83,87.97,30.49,44.94,true,0
session_20260623_163953_final,1477,161065,2026-06-23T16:42:34.543866,Okulary BME280,"31.44,80.84,32.15,85.23,32.73,87.80,30.49,44.92",31.44,80.84,32.15,85.23,32.73,87.80,30.49,44.92,true,0
session_20260623_163953_final,1478,161155,2026-06-23T16:42:34.634736,Okulary BME280,"31.44,80.88,32.06,84.94,32.63,87.67,30.49,44.86",31.44,80.88,32.06,84.94,32.63,87.67,30.49,44.86,true,0
session_20260623_163953_final,1479,161304,2026-06-23T16:42:34.783019,Okulary BME280,"31.44,80.87,32.00,84.64,32.53,87.58,30.49,44.84",31.44,80.87,32.00,84.64,32.53,87.58,30.49,44.84,true,0
session_20260623_163953_final,1480,161381,2026-06-23T16:42:34.860179,Okulary BME280,"31.44,80.90,31.95,84.32,32.44,87.49,30.49,44.69",31.44,80.90,31.95,84.32,32.44,87.49,30.49,44.69,true,0
session_20260623_163953_final,1481,161487,2026-06-23T16:42:34.966512,Okulary BME280,"31.44,80.93,31.91,84.03,32.37,87.44,30.49,44.59",31.44,80.93,31.91,84.03,32.37,87.44,30.49,44.59,true,0
session_20260623_163953_final,1482,161605,2026-06-23T16:42:35.084803,Okulary BME280,"31.44,80.94,31.88,83.70,32.30,87.34,30.49,44.51",31.44,80.94,31.88,83.70,32.30,87.34,30.49,44.51,true,0
session_20260623_163953_final,1483,161697,2026-06-23T16:42:35.176117,Okulary BME280,"31.44,80.97,31.84,83.09,32.19,87.17,30.49,44.43",31.44,80.97,31.84,83.09,32.19,87.17,30.49,44.43,true,0
session_20260623_163953_final,1484,161831,2026-06-23T16:42:35.309852,Okulary BME280,"31.44,80.98,31.82,82.80,32.15,87.10,30.48,44.36",31.44,80.98,31.82,82.80,32.15,87.10,30.48,44.36,true,0
session_20260623_163953_final,1485,161936,2026-06-23T16:42:35.414851,Okulary BME280,"31.44,81.00,31.81,82.51,32.11,87.04,30.48,44.30",31.44,81.00,31.81,82.51,32.11,87.04,30.48,44.30,true,0
session_20260623_163953_final,1486,162061,2026-06-23T16:42:35.540086,Okulary BME280,"31.45,81.00,31.80,82.23,32.08,87.01,30.48,44.25",31.45,81.00,31.80,82.23,32.08,87.01,30.48,44.25,true,0
session_20260623_163953_final,1487,162145,2026-06-23T16:42:35.624673,Okulary BME280,"31.44,80.99,31.79,81.94,32.06,86.96,30.48,44.21",31.44,80.99,31.79,81.94,32.06,86.96,30.48,44.21,true,0
session_20260623_163953_final,1488,162235,2026-06-23T16:42:35.713998,Okulary BME280,"31.44,81.05,31.78,81.63,32.05,86.93,30.48,44.11",31.44,81.05,31.78,81.63,32.05,86.93,30.48,44.11,true,0
session_20260623_163953_final,1489,162388,2026-06-23T16:42:35.867587,Okulary BME280,"31.44,81.09,31.77,81.34,32.04,86.88,30.48,44.05",31.44,81.09,31.77,81.34,32.04,86.88,30.48,44.05,true,0
session_20260623_163953_final,1490,162461,2026-06-23T16:42:35.940459,Okulary BME280,"31.44,81.11,31.76,81.07,32.03,86.80,30.49,44.01",31.44,81.11,31.76,81.07,32.03,86.80,30.49,44.01,true,0
session_20260623_163953_final,1491,162596,2026-06-23T16:42:36.074866,Okulary BME280,"31.44,81.12,31.75,80.53,32.03,86.73,30.48,43.98",31.44,81.12,31.75,80.53,32.03,86.73,30.48,43.98,true,0
session_20260623_163953_final,1492,162686,2026-06-23T16:42:36.164890,Okulary BME280,"31.44,81.15,31.73,80.25,32.01,86.63,30.48,43.95",31.44,81.15,31.73,80.25,32.01,86.63,30.48,43.95,true,0
session_20260623_163953_final,1493,162789,2026-06-23T16:42:36.268617,Okulary BME280,"31.44,81.16,31.73,80.01,32.01,86.58,30.48,43.93",31.44,81.16,31.73,80.01,32.01,86.58,30.48,43.93,true,0
session_20260623_163953_final,1494,162913,2026-06-23T16:42:36.391823,Okulary BME280,"31.44,81.19,31.73,79.80,32.01,86.53,30.49,43.91",31.44,81.19,31.73,79.80,32.01,86.53,30.49,43.91,true,0
session_20260623_163953_final,1495,163001,2026-06-23T16:42:36.480237,Okulary BME280,"31.44,81.19,31.73,79.60,32.02,86.49,30.48,43.90",31.44,81.19,31.73,79.60,32.02,86.49,30.48,43.90,true,0
session_20260623_163953_final,1496,163136,2026-06-23T16:42:36.614953,Okulary BME280,"31.43,81.26,31.73,79.41,32.03,86.43,30.49,43.91",31.43,81.26,31.73,79.41,32.03,86.43,30.49,43.91,true,0
session_20260623_163953_final,1497,163240,2026-06-23T16:42:36.719663,Okulary BME280,"31.43,81.26,31.73,79.21,32.03,86.36,30.49,43.87",31.43,81.26,31.73,79.21,32.03,86.36,30.49,43.87,true,0
session_20260623_163953_final,1498,163360,2026-06-23T16:42:36.839124,Okulary BME280,"31.43,81.27,31.74,79.05,32.04,86.34,30.49,43.92",31.43,81.27,31.74,79.05,32.04,86.34,30.49,43.92,true,0
session_20260623_163953_final,1499,163450,2026-06-23T16:42:36.929529,Okulary BME280,"31.43,81.28,31.74,78.88,32.04,86.27,30.50,43.97",31.43,81.28,31.74,78.88,32.04,86.27,30.50,43.97,true,0
session_20260623_163953_final,1500,163544,2026-06-23T16:42:37.023082,Okulary BME280,"31.43,81.30,31.75,78.55,32.05,86.27,30.49,44.00",31.43,81.30,31.75,78.55,32.05,86.27,30.49,44.00,true,0
session_20260623_163953_final,1501,163689,2026-06-23T16:42:37.168664,Okulary BME280,"31.43,81.31,31.76,78.38,32.07,86.16,30.50,44.05",31.43,81.31,31.76,78.38,32.07,86.16,30.50,44.05,true,0
session_20260623_163953_final,1502,163765,2026-06-23T16:42:37.243884,Okulary BME280,"31.43,81.32,31.76,78.19,32.07,86.10,30.50,44.10",31.43,81.32,31.76,78.19,32.07,86.10,30.50,44.10,true,0
session_20260623_163953_final,1503,163901,2026-06-23T16:42:37.380013,Okulary BME280,"31.43,81.35,31.76,78.02,32.07,86.04,30.50,44.14",31.43,81.35,31.76,78.02,32.07,86.04,30.50,44.14,true,0
session_20260623_163953_final,1504,163990,2026-06-23T16:42:37.468909,Okulary BME280,"31.43,81.33,31.76,77.85,32.07,85.98,30.50,44.18",31.43,81.33,31.76,77.85,32.07,85.98,30.50,44.18,true,0
session_20260623_163953_final,1505,164130,2026-06-23T16:42:37.609243,Okulary BME280,"31.42,81.38,31.76,77.71,32.08,85.92,30.50,44.17",31.42,81.38,31.76,77.71,32.08,85.92,30.50,44.17,true,0
session_20260623_163953_final,1506,164216,2026-06-23T16:42:37.695493,Okulary BME280,"31.43,81.41,31.76,77.59,32.08,85.87,30.50,44.19",31.43,81.41,31.76,77.59,32.08,85.87,30.50,44.19,true,0
session_20260623_163953_final,1507,164306,2026-06-23T16:42:37.785182,Okulary BME280,"31.43,81.42,31.77,77.54,32.08,85.85,30.51,44.18",31.43,81.42,31.77,77.54,32.08,85.85,30.51,44.18,true,0
session_20260623_163953_final,1508,164445,2026-06-23T16:42:37.924594,Okulary BME280,"31.43,81.44,31.77,77.59,32.08,85.91,30.50,44.17",31.43,81.44,31.77,77.59,32.08,85.91,30.50,44.17,true,0
session_20260623_163953_final,1509,164532,2026-06-23T16:42:38.011587,Okulary BME280,"31.44,81.47,31.79,77.78,32.08,85.93,30.50,44.14",31.44,81.47,31.79,77.78,32.08,85.93,30.50,44.14,true,0
session_20260623_163953_final,1510,164665,2026-06-23T16:42:38.144346,Okulary BME280,"31.43,81.48,31.81,77.93,32.09,86.06,30.50,44.10",31.43,81.48,31.81,77.93,32.09,86.06,30.50,44.10,true,0
session_20260623_163953_final,1511,164754,2026-06-23T16:42:38.233732,Okulary BME280,"31.44,81.49,31.82,78.12,32.09,86.15,30.50,44.07",31.44,81.49,31.82,78.12,32.09,86.15,30.50,44.07,true,0
session_20260623_163953_final,1512,164862,2026-06-23T16:42:38.341420,Okulary BME280,"31.43,81.49,31.83,78.35,32.10,86.25,30.51,44.04",31.43,81.49,31.83,78.35,32.10,86.25,30.51,44.04,true,0
session_20260623_163953_final,1513,164983,2026-06-23T16:42:38.462210,Okulary BME280,"31.44,81.57,31.85,78.60,32.11,86.40,30.50,44.01",31.44,81.57,31.85,78.60,32.11,86.40,30.50,44.01,true,0
session_20260623_163953_final,1514,165071,2026-06-23T16:42:38.550775,Okulary BME280,"31.43,81.55,31.87,78.88,32.13,86.50,30.50,43.99",31.43,81.55,31.87,78.88,32.13,86.50,30.50,43.99,true,0
session_20260623_163953_final,1515,165206,2026-06-23T16:42:38.684880,Okulary BME280,"31.44,81.57,31.88,79.14,32.14,86.61,30.50,43.96",31.44,81.57,31.88,79.14,32.14,86.61,30.50,43.96,true,0
session_20260623_163953_final,1516,165302,2026-06-23T16:42:38.781145,Okulary BME280,"31.44,81.58,31.90,79.39,32.16,86.73,30.50,43.96",31.44,81.58,31.90,79.39,32.16,86.73,30.50,43.96,true,0
session_20260623_163953_final,1517,165436,2026-06-23T16:42:38.914899,Okulary BME280,"31.44,81.59,31.90,79.67,32.17,86.85,30.50,43.98",31.44,81.59,31.90,79.67,32.17,86.85,30.50,43.98,true,0
session_20260623_163953_final,1518,165522,2026-06-23T16:42:39.001298,Okulary BME280,"31.44,81.60,31.92,80.24,32.20,87.03,30.50,44.00",31.44,81.60,31.92,80.24,32.20,87.03,30.50,44.00,true,0
session_20260623_163953_final,1519,165614,2026-06-23T16:42:39.093204,Okulary BME280,"31.44,81.63,31.97,80.50,32.28,87.31,30.50,44.04",31.44,81.63,31.97,80.50,32.28,87.31,30.50,44.04,true,0
session_20260623_163953_final,1520,165745,2026-06-23T16:42:39.224417,Okulary BME280,"31.44,81.64,31.99,80.78,32.32,87.43,30.51,44.07",31.44,81.64,31.99,80.78,32.32,87.43,30.51,44.07,true,0
session_20260623_163953_final,1521,165836,2026-06-23T16:42:39.315642,Okulary BME280,"31.44,81.70,32.01,81.03,32.36,87.52,30.51,44.10",31.44,81.70,32.01,81.03,32.36,87.52,30.51,44.10,true,0
session_20260623_163953_final,1522,165970,2026-06-23T16:42:39.449656,Okulary BME280,"31.44,81.68,32.03,81.27,32.42,87.61,30.51,44.12",31.44,81.68,32.03,81.27,32.42,87.61,30.51,44.12,true,0
session_20260623_163953_final,1523,166060,2026-06-23T16:42:39.539191,Okulary BME280,"31.44,81.69,32.04,81.51,32.45,87.66,30.51,44.15",31.44,81.69,32.04,81.51,32.45,87.66,30.51,44.15,true,0
session_20260623_163953_final,1524,166197,2026-06-23T16:42:39.676289,Okulary BME280,"31.44,81.70,32.06,81.74,32.49,87.73,30.51,44.13",31.44,81.70,32.06,81.74,32.49,87.73,30.51,44.13,true,0
session_20260623_163953_final,1525,166285,2026-06-23T16:42:39.764261,Okulary BME280,"31.44,81.71,32.07,81.98,32.52,87.82,30.51,44.17",31.44,81.71,32.07,81.98,32.52,87.82,30.51,44.17,true,0
session_20260623_163953_final,1526,166377,2026-06-23T16:42:39.855937,Okulary BME280,"31.44,81.74,32.08,82.17,32.55,87.90,30.52,44.18",31.44,81.74,32.08,82.17,32.55,87.90,30.52,44.18,true,0
session_20260623_163953_final,1527,166512,2026-06-23T16:42:39.991041,Okulary BME280,"31.45,81.74,32.09,82.55,32.58,87.93,30.51,44.19",31.45,81.74,32.09,82.55,32.58,87.93,30.51,44.19,true,0
session_20260623_163953_final,1528,166611,2026-06-23T16:42:40.089896,Okulary BME280,"31.44,81.75,32.11,82.71,32.63,87.99,30.51,44.19",31.44,81.75,32.11,82.71,32.63,87.99,30.51,44.19,true,0
session_20260623_163953_final,1529,166742,2026-06-23T16:42:40.221574,Okulary BME280,"31.45,81.75,32.12,82.86,32.65,88.03,30.52,44.20",31.45,81.75,32.12,82.86,32.65,88.03,30.52,44.20,true,0
session_20260623_163953_final,1530,166838,2026-06-23T16:42:40.317614,Okulary BME280,"31.44,81.75,32.13,83.02,32.67,88.06,30.52,44.20",31.44,81.75,32.13,83.02,32.67,88.06,30.52,44.20,true,0
session_20260623_163953_final,1531,166961,2026-06-23T16:42:40.439912,Okulary BME280,"31.44,81.81,32.14,83.18,32.70,88.10,30.51,44.20",31.44,81.81,32.14,83.18,32.70,88.10,30.51,44.20,true,0
session_20260623_163953_final,1532,167050,2026-06-23T16:42:40.529710,Okulary BME280,"31.45,81.81,32.14,83.33,32.71,88.13,30.52,44.22",31.45,81.81,32.14,83.33,32.71,88.13,30.52,44.22,true,0
session_20260623_163953_final,1533,167141,2026-06-23T16:42:40.620090,Okulary BME280,"31.44,81.81,32.16,83.46,32.73,88.16,30.52,44.20",31.44,81.81,32.16,83.46,32.73,88.16,30.52,44.20,true,0
session_20260623_163953_final,1534,167276,2026-06-23T16:42:40.755275,Okulary BME280,"31.44,81.83,32.16,83.59,32.74,88.18,30.53,44.27",31.44,81.83,32.16,83.59,32.74,88.18,30.53,44.27,true,0
session_20260623_163953_final,1535,167366,2026-06-23T16:42:40.844890,Okulary BME280,"31.44,81.84,32.17,83.72,32.75,88.19,30.52,44.27",31.44,81.84,32.17,83.72,32.75,88.19,30.52,44.27,true,0
session_20260623_163953_final,1536,167503,2026-06-23T16:42:40.982692,Okulary BME280,"31.45,81.86,32.18,83.95,32.78,88.24,30.52,44.28",31.45,81.86,32.18,83.95,32.78,88.24,30.52,44.28,true,0
session_20260623_163953_final,1537,167592,2026-06-23T16:42:41.071619,Okulary BME280,"31.44,81.86,32.20,84.07,32.82,88.31,30.53,44.28",31.44,81.86,32.20,84.07,32.82,88.31,30.53,44.28,true,0
session_20260623_163953_final,1538,167681,2026-06-23T16:42:41.159860,Okulary BME280,"31.45,81.91,32.20,84.18,32.83,88.31,30.53,44.29",31.45,81.91,32.20,84.18,32.83,88.31,30.53,44.29,true,0
session_20260623_163953_final,1539,167816,2026-06-23T16:42:41.295146,Okulary BME280,"31.45,81.91,32.21,84.30,32.85,88.34,30.53,44.29",31.45,81.91,32.21,84.30,32.85,88.34,30.53,44.29,true,0
session_20260623_163953_final,1540,167917,2026-06-23T16:42:41.395856,Okulary BME280,"31.45,81.90,32.22,84.38,32.86,88.38,30.53,44.30",31.45,81.90,32.22,84.38,32.86,88.38,30.53,44.30,true,0
session_20260623_163953_final,1541,168042,2026-06-23T16:42:41.521741,Okulary BME280,"31.45,81.91,32.23,84.48,32.88,88.39,30.52,44.25",31.45,81.91,32.23,84.48,32.88,88.39,30.52,44.25,true,0
session_20260623_163953_final,1542,168133,2026-06-23T16:42:41.612040,Okulary BME280,"31.45,81.93,32.24,84.59,32.90,88.41,30.52,44.33",31.45,81.93,32.24,84.59,32.90,88.41,30.52,44.33,true,0
session_20260623_163953_final,1543,168265,2026-06-23T16:42:41.744396,Okulary BME280,"31.45,81.93,32.24,84.68,32.92,88.44,30.53,44.34",31.45,81.93,32.24,84.68,32.92,88.44,30.53,44.34,true,0
session_20260623_163953_final,1544,168361,2026-06-23T16:42:41.840168,Okulary BME280,"31.45,81.94,32.25,84.78,32.94,88.44,30.53,44.39",31.45,81.94,32.25,84.78,32.94,88.44,30.53,44.39,true,0
session_20260623_163953_final,1545,168445,2026-06-23T16:42:41.924750,Okulary BME280,"31.45,81.95,32.26,84.89,32.96,88.51,30.53,44.44",31.45,81.95,32.26,84.89,32.96,88.51,30.53,44.44,true,0
session_20260623_163953_final,1546,168582,2026-06-23T16:42:42.061091,Okulary BME280,"31.46,81.95,32.30,85.07,33.01,88.54,30.52,44.49",31.46,81.95,32.30,85.07,33.01,88.54,30.52,44.49,true,0
session_20260623_163953_final,1547,168670,2026-06-23T16:42:42.149417,Okulary BME280,"31.45,81.95,32.30,85.15,33.04,88.56,30.53,44.56",31.45,81.95,32.30,85.15,33.04,88.56,30.53,44.56,true,0
session_20260623_163953_final,1548,168817,2026-06-23T16:42:42.296505,Okulary BME280,"31.45,81.93,32.31,85.24,33.05,88.57,30.54,44.62",31.45,81.93,32.31,85.24,33.05,88.57,30.54,44.62,true,0
session_20260623_163953_final,1549,168902,2026-06-23T16:42:42.381303,Okulary BME280,"31.46,81.98,32.32,85.32,33.07,88.59,30.54,44.69",31.46,81.98,32.32,85.32,33.07,88.59,30.54,44.69,true,0
session_20260623_163953_final,1550,169032,2026-06-23T16:42:42.511123,Okulary BME280,"31.46,81.99,32.33,85.40,33.09,88.58,30.54,44.76",31.46,81.99,32.33,85.40,33.09,88.58,30.54,44.76,true,0
session_20260623_163953_final,1551,169121,2026-06-23T16:42:42.600119,Okulary BME280,"31.45,82.00,32.34,85.48,33.09,88.58,30.54,44.82",31.45,82.00,32.34,85.48,33.09,88.58,30.54,44.82,true,0
session_20260623_163953_final,1552,169212,2026-06-23T16:42:42.691641,Okulary BME280,"31.46,82.00,32.34,85.54,33.09,88.58,30.55,45.01",31.46,82.00,32.34,85.54,33.09,88.58,30.55,45.01,true,0
session_20260623_163953_final,1553,169346,2026-06-23T16:42:42.825659,Okulary BME280,"31.46,82.00,32.35,85.61,33.10,88.57,30.55,45.12",31.46,82.00,32.35,85.61,33.10,88.57,30.55,45.12,true,0
session_20260623_163953_final,1554,169438,2026-06-23T16:42:42.917584,Okulary BME280,"31.46,82.01,32.35,85.66,33.10,88.58,30.55,45.24",31.46,82.01,32.35,85.66,33.10,88.58,30.55,45.24,true,0
session_20260623_163953_final,1555,169570,2026-06-23T16:42:43.049043,Okulary BME280,"31.46,82.01,32.35,85.79,33.09,88.57,30.54,45.38",31.46,82.01,32.35,85.79,33.09,88.57,30.54,45.38,true,0
session_20260623_163953_final,1556,169662,2026-06-23T16:42:43.141269,Okulary BME280,"31.46,82.04,32.36,85.85,33.09,88.52,30.55,45.51",31.46,82.04,32.36,85.85,33.09,88.52,30.55,45.51,true,0
session_20260623_163953_final,1557,169751,2026-06-23T16:42:43.230800,Okulary BME280,"31.46,82.04,32.35,85.89,33.08,88.44,30.55,45.59",31.46,82.04,32.35,85.89,33.08,88.44,30.55,45.59,true,0
session_20260623_163953_final,1558,169885,2026-06-23T16:42:43.364509,Okulary BME280,"31.46,82.05,32.34,85.92,33.05,88.39,30.55,45.65",31.46,82.05,32.34,85.92,33.05,88.39,30.55,45.65,true,0
session_20260623_163953_final,1559,169976,2026-06-23T16:42:43.454941,Okulary BME280,"31.47,82.05,32.34,85.94,33.03,88.35,30.55,45.67",31.47,82.05,32.34,85.94,33.03,88.35,30.55,45.67,true,0
session_20260623_163953_final,1560,170115,2026-06-23T16:42:43.594123,Okulary BME280,"31.47,82.06,32.32,85.92,33.00,88.28,30.55,45.69",31.47,82.06,32.32,85.92,33.00,88.28,30.55,45.69,true,0
session_20260623_163953_final,1561,170202,2026-06-23T16:42:43.681416,Okulary BME280,"31.47,82.08,32.30,85.85,32.96,88.21,30.55,45.67",31.47,82.08,32.30,85.85,32.96,88.21,30.55,45.67,true,0
session_20260623_163953_final,1562,170336,2026-06-23T16:42:43.815778,Okulary BME280,"31.47,82.08,32.26,85.74,32.92,88.12,30.55,45.66",31.47,82.08,32.26,85.74,32.92,88.12,30.55,45.66,true,0
session_20260623_163953_final,1563,170433,2026-06-23T16:42:43.912583,Okulary BME280,"31.47,82.09,32.22,85.55,32.85,88.03,30.55,45.64",31.47,82.09,32.22,85.55,32.85,88.03,30.55,45.64,true,0
session_20260623_163953_final,1564,170525,2026-06-23T16:42:44.004123,Okulary BME280,"31.47,82.04,32.09,85.08,32.80,87.96,30.56,45.60",31.47,82.04,32.09,85.08,32.80,87.96,30.56,45.60,true,0
session_20260623_163953_final,1565,170651,2026-06-23T16:42:44.130440,Okulary BME280,"31.48,82.03,32.03,84.80,32.75,87.89,30.55,45.55",31.48,82.03,32.03,84.80,32.75,87.89,30.55,45.55,true,0
session_20260623_163953_final,1566,170743,2026-06-23T16:42:44.222294,Okulary BME280,"31.47,82.13,31.98,84.51,32.70,87.80,30.55,45.51",31.47,82.13,31.98,84.51,32.70,87.80,30.55,45.51,true,0
session_20260623_163953_final,1567,170875,2026-06-23T16:42:44.353855,Okulary BME280,"31.48,82.13,31.93,84.26,32.64,87.75,30.55,45.46",31.48,82.13,31.93,84.26,32.64,87.75,30.55,45.46,true,0
session_20260623_163953_final,1568,170980,2026-06-23T16:42:44.459486,Okulary BME280,"31.47,82.15,31.90,83.98,32.58,87.69,30.56,45.40",31.47,82.15,31.90,83.98,32.58,87.69,30.56,45.40,true,0
session_20260623_163953_final,1569,171100,2026-06-23T16:42:44.579674,Okulary BME280,"31.47,82.15,31.87,83.73,32.53,87.63,30.55,45.36",31.47,82.15,31.87,83.73,32.53,87.63,30.55,45.36,true,0
session_20260623_163953_final,1570,171192,2026-06-23T16:42:44.671428,Okulary BME280,"31.47,82.16,31.85,83.49,32.48,87.55,30.56,45.33",31.47,82.16,31.85,83.49,32.48,87.55,30.56,45.33,true,0
session_20260623_163953_final,1571,171283,2026-06-23T16:42:44.762296,Okulary BME280,"31.47,82.17,31.84,83.21,32.44,87.55,30.56,45.25",31.47,82.17,31.84,83.21,32.44,87.55,30.56,45.25,true,0
session_20260623_163953_final,1572,171437,2026-06-23T16:42:44.916766,Okulary BME280,"31.46,82.18,31.83,82.98,32.34,87.35,30.56,45.23",31.46,82.18,31.83,82.98,32.34,87.35,30.56,45.23,true,0
session_20260623_163953_final,1573,171505,2026-06-23T16:42:44.984620,Okulary BME280,"31.46,82.18,31.83,82.47,32.30,87.24,30.56,45.22",31.46,82.18,31.83,82.47,32.30,87.24,30.56,45.22,true,0
session_20260623_163953_final,1574,171642,2026-06-23T16:42:45.121257,Okulary BME280,"31.46,82.17,31.84,82.23,32.25,87.16,30.56,45.21",31.46,82.17,31.84,82.23,32.25,87.16,30.56,45.21,true,0
session_20260623_163953_final,1575,171732,2026-06-23T16:42:45.211250,Okulary BME280,"31.46,82.25,31.83,81.99,32.20,87.09,30.56,45.17",31.46,82.25,31.83,81.99,32.20,87.09,30.56,45.17,true,0
session_20260623_163953_final,1576,171872,2026-06-23T16:42:45.350842,Okulary BME280,"31.46,82.25,31.83,81.75,32.16,87.03,30.56,45.15",31.46,82.25,31.83,81.75,32.16,87.03,30.56,45.15,true,0
session_20260623_163953_final,1577,171955,2026-06-23T16:42:45.434702,Okulary BME280,"31.46,82.27,31.84,81.51,32.13,86.97,30.56,45.12",31.46,82.27,31.84,81.51,32.13,86.97,30.56,45.12,true,0
session_20260623_163953_final,1578,172048,2026-06-23T16:42:45.527431,Okulary BME280,"31.46,82.27,31.84,81.27,32.10,86.94,30.56,45.09",31.46,82.27,31.84,81.27,32.10,86.94,30.56,45.09,true,0
session_20260623_163953_final,1579,172180,2026-06-23T16:42:45.659213,Okulary BME280,"31.46,82.30,31.84,81.06,32.09,86.89,30.56,45.11",31.46,82.30,31.84,81.06,32.09,86.89,30.56,45.11,true,0
session_20260623_163953_final,1580,172273,2026-06-23T16:42:45.752048,Okulary BME280,"31.47,82.31,31.84,80.88,32.08,86.87,30.56,45.08",31.47,82.31,31.84,80.88,32.08,86.87,30.56,45.08,true,0
session_20260623_163953_final,1581,172418,2026-06-23T16:42:45.896852,Okulary BME280,"31.46,82.32,31.84,80.68,32.06,86.76,30.56,45.03",31.46,82.32,31.84,80.68,32.06,86.76,30.56,45.03,true,0
session_20260623_163953_final,1582,172495,2026-06-23T16:42:45.974408,Okulary BME280,"31.46,82.31,31.85,80.31,32.05,86.71,30.56,44.96",31.46,82.31,31.85,80.31,32.05,86.71,30.56,44.96,true,0
session_20260623_163953_final,1583,172601,2026-06-23T16:42:46.079930,Okulary BME280,"31.46,82.36,31.85,80.11,32.04,86.63,30.56,44.89",31.46,82.36,31.85,80.11,32.04,86.63,30.56,44.89,true,0
session_20260623_163953_final,1584,172735,2026-06-23T16:42:46.214613,Okulary BME280,"31.47,82.37,31.85,79.89,32.04,86.58,30.56,44.82",31.47,82.37,31.85,79.89,32.04,86.58,30.56,44.82,true,0
session_20260623_163953_final,1585,172811,2026-06-23T16:42:46.290470,Okulary BME280,"31.46,82.39,31.85,79.67,32.05,86.51,30.56,44.78",31.46,82.39,31.85,79.67,32.05,86.51,30.56,44.78,true,0
session_20260623_163953_final,1586,172946,2026-06-23T16:42:46.425211,Okulary BME280,"31.47,82.41,31.85,79.44,32.05,86.44,30.56,44.73",31.47,82.41,31.85,79.44,32.05,86.44,30.56,44.73,true,0
session_20260623_163953_final,1587,173056,2026-06-23T16:42:46.535639,Okulary BME280,"31.47,82.41,31.84,79.22,32.05,86.38,30.56,44.67",31.47,82.41,31.84,79.22,32.05,86.38,30.56,44.67,true,0
session_20260623_163953_final,1588,173178,2026-06-23T16:42:46.656958,Okulary BME280,"31.47,82.43,31.83,79.00,32.05,86.34,30.56,44.58",31.47,82.43,31.83,79.00,32.05,86.34,30.56,44.58,true,0
session_20260623_163953_final,1589,173268,2026-06-23T16:42:46.747332,Okulary BME280,"31.47,82.43,31.83,78.79,32.06,86.27,30.56,44.52",31.47,82.43,31.83,78.79,32.06,86.27,30.56,44.52,true,0
session_20260623_163953_final,1590,173358,2026-06-23T16:42:46.837573,Okulary BME280,"31.47,82.46,31.83,78.62,32.07,86.16,30.55,44.46",31.47,82.46,31.83,78.62,32.07,86.16,30.55,44.46,true,0
session_20260623_163953_final,1591,173485,2026-06-23T16:42:46.964722,Okulary BME280,"31.47,82.44,31.83,78.28,32.08,86.13,30.56,44.42",31.47,82.44,31.83,78.28,32.08,86.13,30.56,44.42,true,0
session_20260623_163953_final,1592,173576,2026-06-23T16:42:47.055487,Okulary BME280,"31.47,82.48,31.82,78.10,32.08,86.09,30.56,44.37",31.47,82.48,31.82,78.10,32.08,86.09,30.56,44.37,true,0
session_20260623_163953_final,1593,173712,2026-06-23T16:42:47.191794,Okulary BME280,"31.47,82.49,31.82,77.95,32.09,86.07,30.56,44.32",31.47,82.49,31.82,77.95,32.09,86.07,30.56,44.32,true,0
session_20260623_163953_final,1594,173800,2026-06-23T16:42:47.279652,Okulary BME280,"31.47,82.52,31.82,77.84,32.10,86.03,30.56,44.29",31.47,82.52,31.82,77.84,32.10,86.03,30.56,44.29,true,0
session_20260623_163953_final,1595,173941,2026-06-23T16:42:47.419873,Okulary BME280,"31.47,82.53,31.82,77.73,32.10,86.00,30.56,44.28",31.47,82.53,31.82,77.73,32.10,86.00,30.56,44.28,true,0
session_20260623_163953_final,1596,174045,2026-06-23T16:42:47.524107,Okulary BME280,"31.47,82.54,31.83,77.63,32.11,85.91,30.56,44.29",31.47,82.54,31.83,77.63,32.11,85.91,30.56,44.29,true,0
session_20260623_163953_final,1597,174118,2026-06-23T16:42:47.597281,Okulary BME280,"31.48,82.56,31.83,77.50,32.10,85.79,30.56,44.29",31.48,82.56,31.83,77.50,32.10,85.79,30.56,44.29,true,0
session_20260623_163953_final,1598,174253,2026-06-23T16:42:47.732293,Okulary BME280,"31.48,82.58,31.83,77.33,32.10,85.75,30.56,44.30",31.48,82.58,31.83,77.33,32.10,85.75,30.56,44.30,true,0
session_20260623_163953_final,1599,174357,2026-06-23T16:42:47.836441,Okulary BME280,"31.48,82.52,31.83,77.02,32.10,85.59,30.56,44.31",31.48,82.52,31.83,77.02,32.10,85.59,30.56,44.31,true,0
session_20260623_163953_final,1600,174475,2026-06-23T16:42:47.954125,Okulary BME280,"31.48,82.61,31.82,76.89,32.10,85.52,30.56,44.33",31.48,82.61,31.82,76.89,32.10,85.52,30.56,44.33,true,0
session_20260623_163953_final,1601,174564,2026-06-23T16:42:48.043468,Okulary BME280,"31.48,82.62,31.82,76.76,32.09,85.43,30.56,44.36",31.48,82.62,31.82,76.76,32.09,85.43,30.56,44.36,true,0
session_20260623_163953_final,1602,174657,2026-06-23T16:42:48.136200,Okulary BME280,"31.48,82.63,31.82,76.66,32.09,85.37,30.57,44.37",31.48,82.63,31.82,76.66,32.09,85.37,30.57,44.37,true,0
session_20260623_163953_final,1603,174803,2026-06-23T16:42:48.281878,Okulary BME280,"31.48,82.64,31.82,76.60,32.09,85.31,30.57,44.38",31.48,82.64,31.82,76.60,32.09,85.31,30.57,44.38,true,0
session_20260623_163953_final,1604,174881,2026-06-23T16:42:48.360808,Okulary BME280,"31.48,82.65,31.82,76.71,32.09,85.40,30.57,44.39",31.48,82.65,31.82,76.71,32.09,85.40,30.57,44.39,true,0
session_20260623_163953_final,1605,175030,2026-06-23T16:42:48.509209,Okulary BME280,"31.48,82.67,31.83,76.92,32.09,85.59,30.57,44.42",31.48,82.67,31.83,76.92,32.09,85.59,30.57,44.42,true,0
session_20260623_163953_final,1606,175105,2026-06-23T16:42:48.584528,Okulary BME280,"31.48,82.68,31.85,77.19,32.10,85.78,30.57,44.39",31.48,82.68,31.85,77.19,32.10,85.78,30.57,44.39,true,0
session_20260623_163953_final,1607,175242,2026-06-23T16:42:48.721169,Okulary BME280,"31.48,82.67,31.87,77.47,32.12,85.96,30.57,44.37",31.48,82.67,31.87,77.47,32.12,85.96,30.57,44.37,true,0
session_20260623_163953_final,1608,175332,2026-06-23T16:42:48.810826,Okulary BME280,"31.48,82.68,31.89,78.10,32.16,86.28,30.57,44.36",31.48,82.68,31.89,78.10,32.16,86.28,30.57,44.36,true,0
session_20260623_163953_final,1609,175421,2026-06-23T16:42:48.900081,Okulary BME280,"31.49,82.73,31.92,78.42,32.18,86.40,30.57,44.35",31.49,82.73,31.92,78.42,32.18,86.40,30.57,44.35,true,0
session_20260623_163953_final,1610,175557,2026-06-23T16:42:49.036153,Okulary BME280,"31.48,82.74,31.94,78.74,32.20,86.54,30.57,44.35",31.48,82.74,31.94,78.74,32.20,86.54,30.57,44.35,true,0
session_20260623_163953_final,1611,175648,2026-06-23T16:42:49.127283,Okulary BME280,"31.49,82.76,31.95,79.04,32.22,86.69,30.57,44.35",31.49,82.76,31.95,79.04,32.22,86.69,30.57,44.35,true,0
session_20260623_163953_final,1612,175780,2026-06-23T16:42:49.259732,Okulary BME280,"31.49,82.77,31.97,79.34,32.24,86.82,30.57,44.35",31.49,82.77,31.97,79.34,32.24,86.82,30.57,44.35,true,0
session_20260623_163953_final,1613,175871,2026-06-23T16:42:49.350355,Okulary BME280,"31.49,82.78,31.98,79.63,32.28,86.93,30.58,44.34",31.49,82.78,31.98,79.63,32.28,86.93,30.58,44.34,true,0
session_20260623_163953_final,1614,176006,2026-06-23T16:42:49.485223,Okulary BME280,"31.49,82.79,32.00,79.92,32.31,87.03,30.57,44.32",31.49,82.79,32.00,79.92,32.31,87.03,30.57,44.32,true,0
session_20260623_163953_final,1615,176104,2026-06-23T16:42:49.582968,Okulary BME280,"31.49,82.80,32.01,80.19,32.34,87.17,30.57,44.35",31.49,82.80,32.01,80.19,32.34,87.17,30.57,44.35,true,0
session_20260623_163953_final,1616,176185,2026-06-23T16:42:49.664583,Okulary BME280,"31.49,82.79,32.02,80.46,32.38,87.25,30.57,44.28",31.49,82.79,32.02,80.46,32.38,87.25,30.57,44.28,true,0
session_20260623_163953_final,1617,176324,2026-06-23T16:42:49.803130,Okulary BME280,"31.49,82.79,32.04,80.93,32.44,87.32,30.57,44.24",31.49,82.79,32.04,80.93,32.44,87.32,30.57,44.24,true,0
session_20260623_163953_final,1618,176410,2026-06-23T16:42:49.889006,Okulary BME280,"31.49,82.84,32.05,81.15,32.46,87.37,30.57,44.18",31.49,82.84,32.05,81.15,32.46,87.37,30.57,44.18,true,0
session_20260623_163953_final,1619,176553,2026-06-23T16:42:50.031832,Okulary BME280,"31.49,82.85,32.06,81.36,32.47,87.41,30.57,44.15",31.49,82.85,32.06,81.36,32.47,87.41,30.57,44.15,true,0
session_20260623_163953_final,1620,176636,2026-06-23T16:42:50.115383,Okulary BME280,"31.49,82.85,32.07,81.57,32.50,87.48,30.57,44.10",31.49,82.85,32.07,81.57,32.50,87.48,30.57,44.10,true,0
session_20260623_163953_final,1621,176773,2026-06-23T16:42:50.252406,Okulary BME280,"31.49,82.85,32.08,81.77,32.52,87.54,30.57,44.06",31.49,82.85,32.08,81.77,32.52,87.54,30.57,44.06,true,0
session_20260623_163953_final,1622,176862,2026-06-23T16:42:50.341190,Okulary BME280,"31.49,82.88,32.09,81.96,32.55,87.60,30.57,44.01",31.49,82.88,32.09,81.96,32.55,87.60,30.57,44.01,true,0
session_20260623_163953_final,1623,176953,2026-06-23T16:42:50.432016,Okulary BME280,"31.50,82.88,32.10,82.13,32.57,87.67,30.57,43.94",31.50,82.88,32.10,82.13,32.57,87.67,30.57,43.94,true,0
session_20260623_163953_final,1624,177088,2026-06-23T16:42:50.567152,Okulary BME280,"31.50,82.89,32.11,82.30,32.60,87.73,30.57,43.90",31.50,82.89,32.11,82.30,32.60,87.73,30.57,43.90,true,0
session_20260623_163953_final,1625,177178,2026-06-23T16:42:50.657788,Okulary BME280,"31.50,82.90,32.13,82.45,32.66,87.80,30.57,43.81",31.50,82.90,32.13,82.45,32.66,87.80,30.57,43.81,true,0
session_20260623_163953_final,1626,177310,2026-06-23T16:42:50.789531,Okulary BME280,"31.50,82.92,32.15,82.78,32.69,87.82,30.57,43.79",31.50,82.92,32.15,82.78,32.69,87.82,30.57,43.79,true,0
session_20260623_163953_final,1627,177403,2026-06-23T16:42:50.881926,Okulary BME280,"31.50,82.93,32.16,82.93,32.72,87.85,30.56,43.76",31.50,82.93,32.16,82.93,32.72,87.85,30.56,43.76,true,0
session_20260623_163953_final,1628,177490,2026-06-23T16:42:50.969533,Okulary BME280,"31.50,82.94,32.17,83.06,32.73,87.89,30.56,43.75",31.50,82.94,32.17,83.06,32.73,87.89,30.56,43.75,true,0
session_20260623_163953_final,1629,177636,2026-06-23T16:42:51.115048,Okulary BME280,"31.50,82.95,32.18,83.20,32.76,87.93,30.56,43.75",31.50,82.95,32.18,83.20,32.76,87.93,30.56,43.75,true,0
session_20260623_163953_final,1630,177720,2026-06-23T16:42:51.199801,Okulary BME280,"31.50,82.95,32.19,83.33,32.78,87.96,30.57,43.74",31.50,82.95,32.19,83.33,32.78,87.96,30.57,43.74,true,0
session_20260623_163953_final,1631,177863,2026-06-23T16:42:51.342200,Okulary BME280,"31.50,82.96,32.19,83.46,32.80,88.00,30.57,43.74",31.50,82.96,32.19,83.46,32.80,88.00,30.57,43.74,true,0
session_20260623_163953_final,1632,177955,2026-06-23T16:42:51.434173,Okulary BME280,"31.50,82.96,32.20,83.59,32.83,88.04,30.57,43.76",31.50,82.96,32.20,83.59,32.83,88.04,30.57,43.76,true,0
session_20260623_163953_final,1633,178076,2026-06-23T16:42:51.554928,Okulary BME280,"31.50,82.98,32.22,83.68,32.85,88.08,30.57,43.73",31.50,82.98,32.22,83.68,32.85,88.08,30.57,43.73,true,0
session_20260623_163953_final,1634,178168,2026-06-23T16:42:51.646925,Okulary BME280,"31.50,82.99,32.22,83.82,32.89,88.14,30.57,43.72",31.50,82.99,32.22,83.82,32.89,88.14,30.57,43.72,true,0
session_20260623_163953_final,1635,178263,2026-06-23T16:42:51.742013,Okulary BME280,"31.50,83.00,32.25,84.04,32.92,88.16,30.57,43.72",31.50,83.00,32.25,84.04,32.92,88.16,30.57,43.72,true,0
session_20260623_163953_final,1636,178392,2026-06-23T16:42:51.871133,Okulary BME280,"31.50,83.00,32.26,84.15,32.94,88.18,30.57,43.69",31.50,83.00,32.26,84.15,32.94,88.18,30.57,43.69,true,0
session_20260623_163953_final,1637,178481,2026-06-23T16:42:51.960734,Okulary BME280,"31.50,83.00,32.27,84.26,32.96,88.20,30.57,43.68",31.50,83.00,32.27,84.26,32.96,88.20,30.57,43.68,true,0
session_20260623_163953_final,1638,178619,2026-06-23T16:42:52.098001,Okulary BME280,"31.50,83.01,32.28,84.37,32.99,88.23,30.57,43.66",31.50,83.01,32.28,84.37,32.99,88.23,30.57,43.66,true,0
session_20260623_163953_final,1639,178707,2026-06-23T16:42:52.186531,Okulary BME280,"31.51,83.02,32.29,84.47,33.00,88.27,30.57,43.64",31.51,83.02,32.29,84.47,33.00,88.27,30.57,43.64,true,0
session_20260623_163953_final,1640,178853,2026-06-23T16:42:52.332750,Okulary BME280,"31.51,83.03,32.30,84.56,33.03,88.30,30.57,43.61",31.51,83.03,32.30,84.56,33.03,88.30,30.57,43.61,true,0
session_20260623_163953_final,1641,178931,2026-06-23T16:42:52.410504,Okulary BME280,"31.50,83.03,32.31,84.66,33.05,88.29,30.57,43.60",31.50,83.03,32.31,84.66,33.05,88.29,30.57,43.60,true,0
session_20260623_163953_final,1642,179038,2026-06-23T16:42:52.517456,Okulary BME280,"31.51,83.03,32.32,84.77,33.08,88.28,30.57,43.60",31.51,83.03,32.32,84.77,33.08,88.28,30.57,43.60,true,0
session_20260623_163953_final,1643,179156,2026-06-23T16:42:52.635365,Okulary BME280,"31.51,83.04,32.33,84.84,33.10,88.33,30.58,43.61",31.51,83.04,32.33,84.84,33.10,88.33,30.58,43.61,true,0
session_20260623_163953_final,1644,179246,2026-06-23T16:42:52.725329,Okulary BME280,"31.51,83.05,32.35,85.00,33.11,88.33,30.57,43.60",31.51,83.05,32.35,85.00,33.11,88.33,30.57,43.60,true,0
session_20260623_163953_final,1645,179384,2026-06-23T16:42:52.863135,Okulary BME280,"31.51,83.05,32.35,85.08,33.11,88.33,30.57,43.61",31.51,83.05,32.35,85.08,33.11,88.33,30.57,43.61,true,0
session_20260623_163953_final,1646,179477,2026-06-23T16:42:52.956022,Okulary BME280,"31.51,83.05,32.35,85.15,33.10,88.31,30.57,43.61",31.51,83.05,32.35,85.15,33.10,88.31,30.57,43.61,true,0
session_20260623_163953_final,1647,179560,2026-06-23T16:42:53.039252,Okulary BME280,"31.51,83.07,32.35,85.21,33.10,88.30,30.57,43.62",31.51,83.07,32.35,85.21,33.10,88.30,30.57,43.62,true,0
session_20260623_163953_final,1648,179696,2026-06-23T16:42:53.175478,Okulary BME280,"31.51,83.07,32.35,85.27,33.09,88.29,30.57,43.64",31.51,83.07,32.35,85.27,33.09,88.29,30.57,43.64,true,0
session_20260623_163953_final,1649,179785,2026-06-23T16:42:53.264093,Okulary BME280,"31.51,83.08,32.35,85.34,33.07,88.29,30.57,43.67",31.51,83.08,32.35,85.34,33.07,88.29,30.57,43.67,true,0
session_20260623_163953_final,1650,179921,2026-06-23T16:42:53.399929,Okulary BME280,"31.52,83.05,32.35,85.40,33.06,88.28,30.58,43.73",31.52,83.05,32.35,85.40,33.06,88.28,30.58,43.73,true,0
session_20260623_163953_final,1651,180030,2026-06-23T16:42:53.508828,Okulary BME280,"31.52,83.10,32.35,85.48,33.05,88.23,30.57,43.83",31.52,83.10,32.35,85.48,33.05,88.23,30.57,43.83,true,0
session_20260623_163953_final,1652,180147,2026-06-23T16:42:53.626648,Okulary BME280,"31.52,83.08,32.34,85.52,33.02,88.16,30.57,43.87",31.52,83.08,32.34,85.52,33.02,88.16,30.57,43.87,true,0
session_20260623_163953_final,1653,180237,2026-06-23T16:42:53.716531,Okulary BME280,"31.52,83.09,32.33,85.58,33.00,88.11,30.58,44.04",31.52,83.09,32.33,85.58,33.00,88.11,30.58,44.04,true,0
session_20260623_163953_final,1654,180330,2026-06-23T16:42:53.809100,Okulary BME280,"31.52,83.09,32.32,85.56,32.98,88.06,30.58,44.10",31.52,83.09,32.32,85.56,32.98,88.06,30.58,44.10,true,0
session_20260623_163953_final,1655,180466,2026-06-23T16:42:53.944954,Okulary BME280,"31.52,83.09,32.29,85.47,32.96,88.02,30.58,44.15",31.52,83.09,32.29,85.47,32.96,88.02,30.58,44.15,true,0
session_20260623_163953_final,1656,180553,2026-06-23T16:42:54.032585,Okulary BME280,"31.52,83.09,32.26,85.27,32.93,87.96,30.58,44.21",31.52,83.09,32.26,85.27,32.93,87.96,30.58,44.21,true,0
session_20260623_163953_final,1657,180686,2026-06-23T16:42:54.165810,Okulary BME280,"31.52,83.10,32.20,85.08,32.90,87.85,30.58,44.25",31.52,83.10,32.20,85.08,32.90,87.85,30.58,44.25,true,0
session_20260623_163953_final,1658,180796,2026-06-23T16:42:54.274980,Okulary BME280,"31.53,83.10,32.13,84.85,32.85,87.73,30.58,44.33",31.53,83.10,32.13,84.85,32.85,87.73,30.58,44.33,true,0
session_20260623_163953_final,1659,180927,2026-06-23T16:42:54.406185,Okulary BME280,"31.53,83.15,32.07,84.61,32.78,87.59,30.58,44.39",31.53,83.15,32.07,84.61,32.78,87.59,30.58,44.39,true,0
session_20260623_163953_final,1660,181003,2026-06-23T16:42:54.482695,Okulary BME280,"31.53,83.14,32.01,84.35,32.70,87.49,30.58,44.49",31.53,83.14,32.01,84.35,32.70,87.49,30.58,44.49,true,0
session_20260623_163953_final,1661,181090,2026-06-23T16:42:54.569542,Okulary BME280,"31.52,83.14,31.96,84.11,32.54,87.22,30.59,44.50",31.52,83.14,31.96,84.11,32.54,87.22,30.59,44.50,true,0
session_20260623_163953_final,1662,181245,2026-06-23T16:42:54.724029,Okulary BME280,"31.53,83.15,31.89,83.62,32.47,87.12,30.58,44.50",31.53,83.15,31.89,83.62,32.47,87.12,30.58,44.50,true,0
session_20260623_163953_final,1663,181316,2026-06-23T16:42:54.795417,Okulary BME280,"31.53,83.17,31.87,83.37,32.40,87.03,30.58,44.45",31.53,83.17,31.87,83.37,32.40,87.03,30.58,44.45,true,0
session_20260623_163953_final,1664,181451,2026-06-23T16:42:54.930551,Okulary BME280,"31.53,83.17,31.86,83.11,32.33,86.96,30.59,44.39",31.53,83.17,31.86,83.11,32.33,86.96,30.59,44.39,true,0
session_20260623_163953_final,1665,181544,2026-06-23T16:42:55.023349,Okulary BME280,"31.53,83.19,31.85,82.84,32.28,86.88,30.59,44.34",31.53,83.19,31.85,82.84,32.28,86.88,30.59,44.34,true,0
session_20260623_163953_final,1666,181677,2026-06-23T16:42:55.156221,Okulary BME280,"31.53,83.19,31.84,82.58,32.23,86.79,30.59,44.28",31.53,83.19,31.84,82.58,32.23,86.79,30.59,44.28,true,0
session_20260623_163953_final,1667,181768,2026-06-23T16:42:55.247374,Okulary BME280,"31.52,83.19,31.84,82.33,32.18,86.70,30.58,44.23",31.52,83.19,31.84,82.33,32.18,86.70,30.58,44.23,true,0
session_20260623_163953_final,1668,181856,2026-06-23T16:42:55.335114,Okulary BME280,"31.52,83.19,31.84,82.10,32.14,86.63,30.59,44.20",31.52,83.19,31.84,82.10,32.14,86.63,30.59,44.20,true,0
session_20260623_163953_final,1669,181990,2026-06-23T16:42:55.468926,Okulary BME280,"31.52,83.20,31.83,81.89,32.11,86.55,30.58,44.16",31.52,83.20,31.83,81.89,32.11,86.55,30.58,44.16,true,0
session_20260623_163953_final,1670,182085,2026-06-23T16:42:55.564438,Okulary BME280,"31.53,83.24,31.84,81.64,32.07,86.42,30.59,44.17",31.53,83.24,31.84,81.64,32.07,86.42,30.59,44.17,true,0
session_20260623_163953_final,1671,182216,2026-06-23T16:42:55.695226,Okulary BME280,"31.53,83.25,31.84,81.16,32.05,86.35,30.59,44.13",31.53,83.25,31.84,81.16,32.05,86.35,30.59,44.13,true,0
session_20260623_163953_final,1672,182306,2026-06-23T16:42:55.785460,Okulary BME280,"31.53,83.26,31.84,80.93,32.06,86.31,30.59,44.10",31.53,83.26,31.84,80.93,32.06,86.31,30.59,44.10,true,0
session_20260623_163953_final,1673,182395,2026-06-23T16:42:55.873997,Okulary BME280,"31.52,83.28,31.84,80.71,32.06,86.24,30.59,44.10",31.52,83.28,31.84,80.71,32.06,86.24,30.59,44.10,true,0
session_20260623_163953_final,1674,182533,2026-06-23T16:42:56.011957,Okulary BME280,"31.52,83.29,31.83,80.50,32.06,86.18,30.59,44.09",31.52,83.29,31.83,80.50,32.06,86.18,30.59,44.09,true,0
session_20260623_163953_final,1675,182621,2026-06-23T16:42:56.100723,Okulary BME280,"31.52,83.30,31.84,80.29,32.06,86.11,30.59,44.09",31.52,83.30,31.84,80.29,32.06,86.11,30.59,44.09,true,0
session_20260623_163953_final,1676,182757,2026-06-23T16:42:56.236460,Okulary BME280,"31.52,83.30,31.83,80.09,32.06,86.05,30.59,44.08",31.52,83.30,31.83,80.09,32.06,86.05,30.59,44.08,true,0
session_20260623_163953_final,1677,182847,2026-06-23T16:42:56.326088,Okulary BME280,"31.52,83.35,31.84,79.89,32.07,86.02,30.59,44.07",31.52,83.35,31.84,79.89,32.07,86.02,30.59,44.07,true,0
session_20260623_163953_final,1678,182982,2026-06-23T16:42:56.461522,Okulary BME280,"31.52,83.35,31.84,79.73,32.08,85.97,30.60,44.08",31.52,83.35,31.84,79.73,32.08,85.97,30.60,44.08,true,0
session_20260623_163953_final,1679,183073,2026-06-23T16:42:56.552227,Okulary BME280,"31.52,83.36,31.84,79.52,32.09,85.80,30.59,44.05",31.52,83.36,31.84,79.52,32.09,85.80,30.59,44.05,true,0
session_20260623_163953_final,1680,183161,2026-06-23T16:42:56.640402,Okulary BME280,"31.52,83.37,31.84,79.16,32.10,85.73,30.59,44.02",31.52,83.37,31.84,79.16,32.10,85.73,30.59,44.02,true,0
session_20260623_163953_final,1681,183295,2026-06-23T16:42:56.774077,Okulary BME280,"31.52,83.37,31.84,78.99,32.10,85.66,30.60,44.00",31.52,83.37,31.84,78.99,32.10,85.66,30.60,44.00,true,0
session_20260623_163953_final,1682,183391,2026-06-23T16:42:56.870098,Okulary BME280,"31.51,83.38,31.84,78.80,32.11,85.60,30.60,43.96",31.51,83.38,31.84,78.80,32.11,85.60,30.60,43.96,true,0
session_20260623_163953_final,1683,183520,2026-06-23T16:42:56.999802,Okulary BME280,"31.51,83.40,31.84,78.61,32.11,85.54,30.59,43.91",31.51,83.40,31.84,78.61,32.11,85.54,30.59,43.91,true,0
session_20260623_163953_final,1684,183610,2026-06-23T16:42:57.089567,Okulary BME280,"31.51,83.40,31.84,78.44,32.11,85.49,30.60,43.87",31.51,83.40,31.84,78.44,32.11,85.49,30.60,43.87,true,0
session_20260623_163953_final,1685,183753,2026-06-23T16:42:57.232479,Okulary BME280,"31.52,83.45,31.84,78.27,32.12,85.42,30.59,43.84",31.52,83.45,31.84,78.27,32.12,85.42,30.59,43.84,true,0
session_20260623_163953_final,1686,183837,2026-06-23T16:42:57.316283,Okulary BME280,"31.52,83.40,31.84,78.09,32.12,85.35,30.60,43.80",31.52,83.40,31.84,78.09,32.12,85.35,30.60,43.80,true,0
session_20260623_163953_final,1687,183928,2026-06-23T16:42:57.407601,Okulary BME280,"31.52,83.44,31.83,77.94,32.12,85.29,30.60,43.73",31.52,83.44,31.83,77.94,32.12,85.29,30.60,43.73,true,0
session_20260623_163953_final,1688,184072,2026-06-23T16:42:57.551556,Okulary BME280,"31.51,83.46,31.84,77.80,32.12,85.22,30.59,43.77",31.51,83.46,31.84,77.80,32.12,85.22,30.59,43.77,true,0
session_20260623_163953_final,1689,184152,2026-06-23T16:42:57.631574,Okulary BME280,"31.51,83.46,31.83,77.45,32.13,85.17,30.60,43.66",31.51,83.46,31.83,77.45,32.13,85.17,30.60,43.66,true,0
session_20260623_163953_final,1690,184292,2026-06-23T16:42:57.770946,Okulary BME280,"31.51,83.47,31.83,77.29,32.12,85.13,30.60,43.63",31.51,83.47,31.83,77.29,32.12,85.13,30.60,43.63,true,0
session_20260623_163953_final,1691,184376,2026-06-23T16:42:57.854961,Okulary BME280,"31.51,83.48,31.82,77.21,32.12,85.10,30.60,43.59",31.51,83.48,31.82,77.21,32.12,85.10,30.60,43.59,true,0
session_20260623_163953_final,1692,184475,2026-06-23T16:42:57.954271,Okulary BME280,"31.51,83.48,31.83,77.30,32.13,85.17,30.60,43.56",31.51,83.48,31.83,77.30,32.13,85.17,30.60,43.56,true,0
session_20260623_163953_final,1693,184600,2026-06-23T16:42:58.079188,Okulary BME280,"31.50,83.51,31.84,77.45,32.13,85.26,30.60,43.52",31.50,83.51,31.84,77.45,32.13,85.26,30.60,43.52,true,0
session_20260623_163953_final,1694,184693,2026-06-23T16:42:58.172400,Okulary BME280,"31.51,83.51,31.85,77.67,32.13,85.39,30.60,43.49",31.51,83.51,31.85,77.67,32.13,85.39,30.60,43.49,true,0
session_20260623_163953_final,1695,184845,2026-06-23T16:42:58.324014,Okulary BME280,"31.50,83.54,31.86,77.92,32.15,85.53,30.59,43.46",31.50,83.54,31.86,77.92,32.15,85.53,30.59,43.46,true,0
session_20260623_163953_final,1696,184915,2026-06-23T16:42:58.394503,Okulary BME280,"31.50,83.54,31.89,78.18,32.16,85.80,30.60,43.45",31.50,83.54,31.89,78.18,32.16,85.80,30.60,43.45,true,0
session_20260623_163953_final,1697,185061,2026-06-23T16:42:58.540144,Okulary BME280,"31.51,83.54,31.90,78.46,32.19,85.99,30.60,43.45",31.51,83.54,31.90,78.46,32.19,85.99,30.60,43.45,true,0
session_20260623_163953_final,1698,185151,2026-06-23T16:42:58.630186,Okulary BME280,"31.50,83.55,31.93,79.04,32.21,86.13,30.59,43.37",31.50,83.55,31.93,79.04,32.21,86.13,30.59,43.37,true,0
session_20260623_163953_final,1699,185230,2026-06-23T16:42:58.709578,Okulary BME280,"31.50,83.57,31.95,79.33,32.23,86.21,30.60,43.36",31.50,83.57,31.95,79.33,32.23,86.21,30.60,43.36,true,0
session_20260623_163953_final,1700,185366,2026-06-23T16:42:58.845769,Okulary BME280,"31.50,83.57,31.96,79.56,32.25,86.22,30.60,43.34",31.50,83.57,31.96,79.56,32.25,86.22,30.60,43.34,true,0
session_20260623_163953_final,1701,185472,2026-06-23T16:42:58.951442,Okulary BME280,"31.50,83.59,31.96,79.78,32.25,86.21,30.60,43.31",31.50,83.59,31.96,79.78,32.25,86.21,30.60,43.31,true,0
session_20260623_163953_final,1702,185597,2026-06-23T16:42:59.076332,Okulary BME280,"31.50,83.59,31.95,80.01,32.25,86.32,30.60,43.30",31.50,83.59,31.95,80.01,32.25,86.32,30.60,43.30,true,0
session_20260623_163953_final,1703,185683,2026-06-23T16:42:59.162766,Okulary BME280,"31.50,83.64,31.96,80.24,32.26,86.47,30.60,43.28",31.50,83.64,31.96,80.24,32.26,86.47,30.60,43.28,true,0
session_20260623_163953_final,1704,185819,2026-06-23T16:42:59.297919,Okulary BME280,"31.50,83.62,31.97,80.49,32.28,86.59,30.60,43.27",31.50,83.62,31.97,80.49,32.28,86.59,30.60,43.27,true,0
session_20260623_163953_final,1705,185907,2026-06-23T16:42:59.385918,Okulary BME280,"31.50,83.63,31.98,80.71,32.35,86.79,30.60,43.27",31.50,83.63,31.98,80.71,32.35,86.79,30.60,43.27,true,0
session_20260623_163953_final,1706,185995,2026-06-23T16:42:59.474577,Okulary BME280,"31.50,83.63,32.00,80.95,32.40,86.90,30.60,43.26",31.50,83.63,32.00,80.95,32.40,86.90,30.60,43.26,true,0
session_20260623_163953_final,1707,186131,2026-06-23T16:42:59.610075,Okulary BME280,"31.51,83.64,32.03,81.38,32.43,86.98,30.60,43.23",31.51,83.64,32.03,81.38,32.43,86.98,30.60,43.23,true,0
session_20260623_163953_final,1708,186221,2026-06-23T16:42:59.700318,Okulary BME280,"31.51,83.65,32.05,81.58,32.47,87.03,30.60,43.26",31.51,83.65,32.05,81.58,32.47,87.03,30.60,43.26,true,0
session_20260623_163953_final,1709,186357,2026-06-23T16:42:59.836529,Okulary BME280,"31.51,83.65,32.06,81.78,32.50,87.07,30.61,43.26",31.51,83.65,32.06,81.78,32.50,87.07,30.61,43.26,true,0
session_20260623_163953_final,1710,186446,2026-06-23T16:42:59.925075,Okulary BME280,"31.51,83.67,32.07,81.95,32.52,87.11,30.61,43.27",31.51,83.67,32.07,81.95,32.52,87.11,30.61,43.27,true,0
session_20260623_163953_final,1711,186589,2026-06-23T16:43:00.067993,Okulary BME280,"31.51,83.69,32.07,82.13,32.53,87.17,30.61,43.28",31.51,83.69,32.07,82.13,32.53,87.17,30.61,43.28,true,0
session_20260623_163953_final,1712,186672,2026-06-23T16:43:00.151249,Okulary BME280,"31.51,83.72,32.08,82.30,32.55,87.24,30.61,43.30",31.51,83.72,32.08,82.30,32.55,87.24,30.61,43.30,true,0
session_20260623_163953_final,1713,186762,2026-06-23T16:43:00.241773,Okulary BME280,"31.51,83.69,32.09,82.47,32.58,87.32,30.60,43.33",31.51,83.69,32.09,82.47,32.58,87.32,30.60,43.33,true,0
session_20260623_163953_final,1714,186895,2026-06-23T16:43:00.374687,Okulary BME280,"31.51,83.69,32.10,82.60,32.64,87.44,30.61,43.36",31.51,83.69,32.10,82.60,32.64,87.44,30.61,43.36,true,0
session_20260623_163953_final,1715,186993,2026-06-23T16:43:00.472194,Okulary BME280,"31.51,83.70,32.12,82.78,32.68,87.50,30.61,43.37",31.51,83.70,32.12,82.78,32.68,87.50,30.61,43.37,true,0
session_20260623_163953_final,1716,187120,2026-06-23T16:43:00.599085,Okulary BME280,"31.51,83.72,32.14,83.08,32.72,87.56,30.61,43.42",31.51,83.72,32.14,83.08,32.72,87.56,30.61,43.42,true,0
session_20260623_163953_final,1717,187214,2026-06-23T16:43:00.692817,Okulary BME280,"31.52,83.72,32.16,83.21,32.76,87.60,30.61,43.41",31.52,83.72,32.16,83.21,32.76,87.60,30.61,43.41,true,0
session_20260623_163953_final,1718,187301,2026-06-23T16:43:00.779879,Okulary BME280,"31.51,83.72,32.16,83.34,32.79,87.64,30.61,43.37",31.51,83.72,32.16,83.34,32.79,87.64,30.61,43.37,true,0
session_20260623_163953_final,1719,187437,2026-06-23T16:43:00.916400,Okulary BME280,"31.51,83.72,32.18,83.47,32.82,87.67,30.61,43.35",31.51,83.72,32.18,83.47,32.82,87.67,30.61,43.35,true,0
session_20260623_163953_final,1720,187524,2026-06-23T16:43:01.003748,Okulary BME280,"31.51,83.78,32.19,83.61,32.85,87.71,30.61,43.31",31.51,83.78,32.19,83.61,32.85,87.71,30.61,43.31,true,0
session_20260623_163953_final,1721,187669,2026-06-23T16:43:01.148177,Okulary BME280,"31.52,83.75,32.20,83.71,32.87,87.76,30.61,43.30",31.52,83.75,32.20,83.71,32.87,87.76,30.61,43.30,true,0
session_20260623_163953_final,1722,187754,2026-06-23T16:43:01.232834,Okulary BME280,"31.52,83.75,32.21,83.85,32.89,87.77,30.60,43.28",31.52,83.75,32.21,83.85,32.89,87.77,30.60,43.28,true,0
session_20260623_163953_final,1723,187886,2026-06-23T16:43:01.365703,Okulary BME280,"31.51,83.75,32.22,83.96,32.92,87.83,30.60,43.24",31.51,83.75,32.22,83.96,32.92,87.83,30.60,43.24,true,0
session_20260623_163953_final,1724,187977,2026-06-23T16:43:01.455906,Okulary BME280,"31.52,83.77,32.22,84.03,32.94,87.84,30.60,43.21",31.52,83.77,32.22,84.03,32.94,87.84,30.60,43.21,true,0
session_20260623_163953_final,1725,188065,2026-06-23T16:43:01.544421,Okulary BME280,"31.52,83.77,32.24,84.27,32.95,87.86,30.60,43.23",31.52,83.77,32.24,84.27,32.95,87.86,30.60,43.23,true,0
session_20260623_163953_final,1726,188217,2026-06-23T16:43:01.696117,Okulary BME280,"31.52,83.77,32.25,84.36,32.97,87.87,30.60,43.15",31.52,83.77,32.25,84.36,32.97,87.87,30.60,43.15,true,0
session_20260623_163953_final,1727,188293,2026-06-23T16:43:01.772084,Okulary BME280,"31.52,83.77,32.26,84.46,32.98,87.90,30.60,43.13",31.52,83.77,32.26,84.46,32.98,87.90,30.60,43.13,true,0
session_20260623_163953_final,1728,188425,2026-06-23T16:43:01.903950,Okulary BME280,"31.52,83.79,32.27,84.54,32.99,87.91,30.60,43.10",31.52,83.79,32.27,84.54,32.99,87.91,30.60,43.10,true,0
session_20260623_163953_final,1729,188519,2026-06-23T16:43:01.998455,Okulary BME280,"31.52,83.73,32.27,84.65,33.01,87.94,30.60,43.10",31.52,83.73,32.27,84.65,33.01,87.94,30.60,43.10,true,0
session_20260623_163953_final,1730,188670,2026-06-23T16:43:02.149137,Okulary BME280,"31.52,83.78,32.28,84.74,33.02,87.99,30.60,43.12",31.52,83.78,32.28,84.74,33.02,87.99,30.60,43.12,true,0
session_20260623_163953_final,1731,188740,2026-06-23T16:43:02.219215,Okulary BME280,"31.52,83.78,32.29,84.82,33.03,87.96,30.60,43.12",31.52,83.78,32.29,84.82,33.03,87.96,30.60,43.12,true,0
session_20260623_163953_final,1732,188838,2026-06-23T16:43:02.317238,Okulary BME280,"31.52,83.79,32.30,84.90,33.06,88.00,30.60,43.13",31.52,83.79,32.30,84.90,33.06,88.00,30.60,43.13,true,0
session_20260623_163953_final,1733,188971,2026-06-23T16:43:02.449938,Okulary BME280,"31.52,83.79,32.31,85.00,33.07,88.00,30.61,43.14",31.52,83.79,32.31,85.00,33.07,88.00,30.61,43.14,true,0
session_20260623_163953_final,1734,189066,2026-06-23T16:43:02.545725,Okulary BME280,"31.52,83.79,32.32,85.14,33.08,88.03,30.60,43.14",31.52,83.79,32.32,85.14,33.08,88.03,30.60,43.14,true,0
session_20260623_163953_final,1735,189192,2026-06-23T16:43:02.671141,Okulary BME280,"31.51,83.79,32.33,85.22,33.08,88.05,30.60,43.22",31.51,83.79,32.33,85.22,33.08,88.05,30.60,43.22,true,0
session_20260623_163953_final,1736,189282,2026-06-23T16:43:02.760897,Okulary BME280,"31.52,83.80,32.33,85.30,33.09,88.08,30.60,43.24",31.52,83.80,32.33,85.30,33.09,88.08,30.60,43.24,true,0
session_20260623_163953_final,1737,189378,2026-06-23T16:43:02.857611,Okulary BME280,"31.52,83.74,32.34,85.37,33.11,88.11,30.60,43.26",31.52,83.74,32.34,85.37,33.11,88.11,30.60,43.26,true,0
session_20260623_163953_final,1738,189518,2026-06-23T16:43:02.997431,Okulary BME280,"31.52,83.78,32.35,85.45,33.13,88.11,30.61,43.24",31.52,83.78,32.35,85.45,33.13,88.11,30.61,43.24,true,0
session_20260623_163953_final,1739,189598,2026-06-23T16:43:03.077730,Okulary BME280,"31.52,83.82,32.37,85.52,33.14,88.10,30.61,43.22",31.52,83.82,32.37,85.52,33.14,88.10,30.61,43.22,true,0
session_20260623_163953_final,1740,189730,2026-06-23T16:43:03.209650,Okulary BME280,"31.52,83.80,32.38,85.58,33.15,88.15,30.60,43.19",31.52,83.80,32.38,85.58,33.15,88.15,30.60,43.19,true,0
session_20260623_163953_final,1741,189829,2026-06-23T16:43:03.308640,Okulary BME280,"31.52,83.80,32.38,85.64,33.16,88.12,30.60,43.15",31.52,83.80,32.38,85.64,33.16,88.12,30.60,43.15,true,0
session_20260623_163953_final,1742,189975,2026-06-23T16:43:03.454800,Okulary BME280,"31.52,83.82,32.38,85.72,33.16,88.11,30.60,43.13",31.52,83.82,32.38,85.72,33.16,88.11,30.60,43.13,true,0
session_20260623_163953_final,1743,190046,2026-06-23T16:43:03.525451,Okulary BME280,"31.52,83.82,32.40,85.82,33.16,88.10,30.61,43.13",31.52,83.82,32.40,85.82,33.16,88.10,30.61,43.13,true,0
session_20260623_163953_final,1744,190154,2026-06-23T16:43:03.632863,Okulary BME280,"31.52,83.82,32.40,85.88,33.15,88.09,30.61,43.19",31.52,83.82,32.40,85.88,33.15,88.09,30.61,43.19,true,0
session_20260623_163953_final,1745,190294,2026-06-23T16:43:03.773241,Okulary BME280,"31.52,83.78,32.40,85.93,33.14,88.08,30.61,43.19",31.52,83.78,32.40,85.93,33.14,88.08,30.61,43.19,true,0
session_20260623_163953_final,1746,190361,2026-06-23T16:43:03.840604,Okulary BME280,"31.52,83.78,32.40,85.97,33.13,88.04,30.61,43.17",31.52,83.78,32.40,85.97,33.13,88.04,30.61,43.17,true,0
session_20260623_163953_final,1747,190496,2026-06-23T16:43:03.975254,Okulary BME280,"31.52,83.83,32.38,85.95,33.12,87.97,30.61,43.16",31.52,83.83,32.38,85.95,33.12,87.97,30.61,43.16,true,0
session_20260623_163953_final,1748,190586,2026-06-23T16:43:04.065794,Okulary BME280,"31.52,83.82,32.36,85.79,33.10,87.91,30.61,43.14",31.52,83.82,32.36,85.79,33.10,87.91,30.61,43.14,true,0
session_20260623_163953_final,1749,190727,2026-06-23T16:43:04.206430,Okulary BME280,"31.52,83.82,32.31,85.56,33.06,87.83,30.61,43.12",31.52,83.82,32.31,85.56,33.06,87.83,30.61,43.12,true,0
session_20260623_163953_final,1750,190811,2026-06-23T16:43:04.290526,Okulary BME280,"31.52,83.83,32.24,85.33,32.98,87.69,30.61,43.09",31.52,83.83,32.24,85.33,32.98,87.69,30.61,43.09,true,0
session_20260623_163953_final,1751,190900,2026-06-23T16:43:04.379361,Okulary BME280,"31.52,83.83,32.16,85.03,32.93,87.62,30.61,43.05",31.52,83.83,32.16,85.03,32.93,87.62,30.61,43.05,true,0
session_20260623_163953_final,1752,191037,2026-06-23T16:43:04.516343,Okulary BME280,"31.52,83.83,32.02,84.58,32.89,87.56,30.61,43.02",31.52,83.83,32.02,84.58,32.89,87.56,30.61,43.02,true,0
session_20260623_163953_final,1753,191141,2026-06-23T16:43:04.620199,Okulary BME280,"31.53,83.83,31.98,84.38,32.85,87.48,30.61,43.01",31.53,83.83,31.98,84.38,32.85,87.48,30.61,43.01,true,0
session_20260623_163953_final,1754,191264,2026-06-23T16:43:04.743430,Okulary BME280,"31.53,83.85,31.95,84.17,32.79,87.40,30.61,42.99",31.53,83.85,31.95,84.17,32.79,87.40,30.61,42.99,true,0
session_20260623_163953_final,1755,191355,2026-06-23T16:43:04.834075,Okulary BME280,"31.53,83.80,31.93,83.91,32.73,87.33,30.61,42.97",31.53,83.80,31.93,83.91,32.73,87.33,30.61,42.97,true,0
session_20260623_163953_final,1756,191493,2026-06-23T16:43:04.972076,Okulary BME280,"31.52,83.85,31.91,83.66,32.68,87.28,30.62,42.94",31.52,83.85,31.91,83.66,32.68,87.28,30.62,42.94,true,0
session_20260623_163953_final,1757,191577,2026-06-23T16:43:05.056377,Okulary BME280,"31.53,83.87,31.89,83.38,32.62,87.19,30.61,42.92",31.53,83.87,31.89,83.38,32.62,87.19,30.61,42.92,true,0
session_20260623_163953_final,1758,191666,2026-06-23T16:43:05.145597,Okulary BME280,"31.53,83.87,31.89,83.09,32.56,87.12,30.61,42.90",31.53,83.87,31.89,83.09,32.56,87.12,30.61,42.90,true,0
session_20260623_163953_final,1759,191800,2026-06-23T16:43:05.279607,Okulary BME280,"31.52,83.87,31.88,82.81,32.45,86.98,30.61,42.87",31.52,83.87,31.88,82.81,32.45,86.98,30.61,42.87,true,0
session_20260623_163953_final,1760,191901,2026-06-23T16:43:05.379960,Okulary BME280,"31.52,83.88,31.86,82.52,32.38,86.87,30.62,42.85",31.52,83.88,31.86,82.52,32.38,86.87,30.62,42.85,true,0
session_20260623_163953_final,1761,192029,2026-06-23T16:43:05.507923,Okulary BME280,"31.52,83.88,31.85,81.93,32.31,86.76,30.62,42.85",31.52,83.88,31.85,81.93,32.31,86.76,30.62,42.85,true,0
session_20260623_163953_final,1762,192115,2026-06-23T16:43:05.593853,Okulary BME280,"31.52,83.90,31.84,81.64,32.24,86.66,30.62,42.78",31.52,83.90,31.84,81.64,32.24,86.66,30.62,42.78,true,0
session_20260623_163953_final,1763,192208,2026-06-23T16:43:05.687411,Okulary BME280,"31.52,83.88,31.83,81.38,32.18,86.57,30.62,42.76",31.52,83.88,31.83,81.38,32.18,86.57,30.62,42.76,true,0
session_20260623_163953_final,1764,192340,2026-06-23T16:43:05.819763,Okulary BME280,"31.51,83.92,31.82,81.13,32.13,86.48,30.62,42.72",31.51,83.92,31.82,81.13,32.13,86.48,30.62,42.72,true,0
session_20260623_163953_final,1765,192432,2026-06-23T16:43:05.911143,Okulary BME280,"31.50,83.91,31.82,80.89,32.08,86.40,30.62,42.70",31.50,83.91,31.82,80.89,32.08,86.40,30.62,42.70,true,0
session_20260623_163953_final,1766,192567,2026-06-23T16:43:06.046126,Okulary BME280,"31.50,83.91,31.81,80.64,32.05,86.31,30.62,42.69",31.50,83.91,31.81,80.64,32.05,86.31,30.62,42.69,true,0
session_20260623_163953_final,1767,192657,2026-06-23T16:43:06.136014,Okulary BME280,"31.50,83.91,31.81,80.39,32.03,86.26,30.62,42.69",31.50,83.91,31.81,80.39,32.03,86.26,30.62,42.69,true,0
session_20260623_163953_final,1768,192792,2026-06-23T16:43:06.271131,Okulary BME280,"31.50,83.92,31.80,80.14,32.01,86.07,30.62,42.69",31.50,83.92,31.80,80.14,32.01,86.07,30.62,42.69,true,0
session_20260623_163953_final,1769,192882,2026-06-23T16:43:06.361409,Okulary BME280,"31.49,83.92,31.80,79.87,32.00,85.99,30.62,42.71",31.49,83.92,31.80,79.87,32.00,85.99,30.62,42.71,true,0
session_20260623_163953_final,1770,192971,2026-06-23T16:43:06.450567,Okulary BME280,"31.49,83.93,31.78,79.38,32.00,85.93,30.62,42.72",31.49,83.93,31.78,79.38,32.00,85.93,30.62,42.72,true,0
session_20260623_163953_final,1771,193107,2026-06-23T16:43:06.585859,Okulary BME280,"31.49,83.95,31.77,79.17,32.00,85.88,30.62,42.69",31.49,83.95,31.77,79.17,32.00,85.88,30.62,42.69,true,0
session_20260623_163953_final,1772,193207,2026-06-23T16:43:06.686662,Okulary BME280,"31.49,83.97,31.77,78.96,32.01,85.81,30.62,42.71",31.49,83.97,31.77,78.96,32.01,85.81,30.62,42.71,true,0
session_20260623_163953_final,1773,193332,2026-06-23T16:43:06.811237,Okulary BME280,"31.48,83.93,31.76,78.77,32.02,85.75,30.62,42.71",31.48,83.93,31.76,78.77,32.02,85.75,30.62,42.71,true,0
session_20260623_163953_final,1774,193421,2026-06-23T16:43:06.900213,Okulary BME280,"31.48,83.93,31.76,78.57,32.03,85.67,30.62,42.72",31.48,83.93,31.76,78.57,32.03,85.67,30.62,42.72,true,0
session_20260623_163953_final,1775,193556,2026-06-23T16:43:07.034977,Okulary BME280,"31.48,83.93,31.76,78.35,32.04,85.55,30.62,42.72",31.48,83.93,31.76,78.35,32.04,85.55,30.62,42.72,true,0
session_20260623_163953_final,1776,193645,2026-06-23T16:43:07.124326,Okulary BME280,"31.47,83.93,31.76,78.16,32.05,85.49,30.62,42.72",31.47,83.93,31.76,78.16,32.05,85.49,30.62,42.72,true,0
session_20260623_163953_final,1777,193737,2026-06-23T16:43:07.216483,Okulary BME280,"31.48,83.92,31.75,77.96,32.06,85.31,30.63,42.71",31.48,83.92,31.75,77.96,32.06,85.31,30.63,42.71,true,0
session_20260623_163953_final,1778,193871,2026-06-23T16:43:07.350772,Okulary BME280,"31.47,83.92,31.75,77.77,32.07,85.25,30.62,42.70",31.47,83.92,31.75,77.77,32.07,85.25,30.62,42.70,true,0
session_20260623_163953_final,1779,193965,2026-06-23T16:43:07.444501,Okulary BME280,"31.48,83.92,31.75,77.46,32.07,85.21,30.62,42.64",31.48,83.92,31.75,77.46,32.07,85.21,30.62,42.64,true,0
session_20260623_163953_final,1780,194099,2026-06-23T16:43:07.578091,Okulary BME280,"31.47,83.92,31.75,77.39,32.09,85.20,30.63,42.64",31.47,83.92,31.75,77.39,32.09,85.20,30.63,42.64,true,0
session_20260623_163953_final,1781,194186,2026-06-23T16:43:07.665470,Okulary BME280,"31.47,83.93,31.76,77.51,32.10,85.29,30.62,42.61",31.47,83.93,31.76,77.51,32.10,85.29,30.62,42.61,true,0
session_20260623_163953_final,1782,194278,2026-06-23T16:43:07.757479,Okulary BME280,"31.47,83.92,31.78,77.71,32.11,85.42,30.62,42.58",31.47,83.92,31.78,77.71,32.11,85.42,30.62,42.58,true,0
session_20260623_163953_final,1783,194412,2026-06-23T16:43:07.890936,Okulary BME280,"31.47,83.93,31.80,77.86,32.13,85.51,30.62,42.56",31.47,83.93,31.80,77.86,32.13,85.51,30.62,42.56,true,0
session_20260623_163953_final,1784,194507,2026-06-23T16:43:07.986588,Okulary BME280,"31.48,83.93,31.81,77.93,32.13,85.56,30.62,42.54",31.48,83.93,31.81,77.93,32.13,85.56,30.62,42.54,true,0
session_20260623_163953_final,1785,194636,2026-06-23T16:43:08.115733,Okulary BME280,"31.47,83.93,31.81,77.89,32.14,85.38,30.62,42.51",31.47,83.93,31.81,77.89,32.14,85.38,30.62,42.51,true,0
session_20260623_163953_final,1786,194725,2026-06-23T16:43:08.204521,Okulary BME280,"31.48,83.93,31.81,77.74,32.13,85.21,30.62,42.50",31.48,83.93,31.81,77.74,32.13,85.21,30.62,42.50,true,0
session_20260623_163953_final,1787,194870,2026-06-23T16:43:08.349509,Okulary BME280,"31.47,83.93,31.80,77.56,32.12,85.05,30.62,42.48",31.47,83.93,31.80,77.56,32.12,85.05,30.62,42.48,true,0
session_20260623_163953_final,1788,194950,2026-06-23T16:43:08.429790,Okulary BME280,"31.48,83.92,31.77,77.21,32.11,84.90,30.62,42.48",31.48,83.92,31.77,77.21,32.11,84.90,30.62,42.48,true,0
session_20260623_163953_final,1789,195046,2026-06-23T16:43:08.525200,Okulary BME280,"31.48,83.96,31.76,77.23,32.10,84.91,30.63,42.48",31.48,83.96,31.76,77.23,32.10,84.91,30.63,42.48,true,0
session_20260623_163953_final,1790,195190,2026-06-23T16:43:08.669074,Okulary BME280,"31.48,83.91,31.77,77.42,32.10,85.13,30.63,42.48",31.48,83.91,31.77,77.42,32.10,85.13,30.63,42.48,true,0
session_20260623_163953_final,1791,195269,2026-06-23T16:43:08.747930,Okulary BME280,"31.48,83.94,31.80,77.67,32.12,85.34,30.62,42.49",31.48,83.94,31.80,77.67,32.12,85.34,30.62,42.49,true,0
session_20260623_163953_final,1792,195409,2026-06-23T16:43:08.888522,Okulary BME280,"31.49,83.96,31.82,77.97,32.13,85.56,30.63,42.49",31.49,83.96,31.82,77.97,32.13,85.56,30.63,42.49,true,0
session_20260623_163953_final,1793,195503,2026-06-23T16:43:08.982599,Okulary BME280,"31.48,83.94,31.85,78.28,32.16,85.78,30.63,42.49",31.48,83.94,31.85,78.28,32.16,85.78,30.63,42.49,true,0
session_20260623_163953_final,1794,195626,2026-06-23T16:43:09.105500,Okulary BME280,"31.49,83.96,31.87,78.62,32.23,86.15,30.63,42.49",31.49,83.96,31.87,78.62,32.23,86.15,30.63,42.49,true,0
session_20260623_163953_final,1795,195717,2026-06-23T16:43:09.195995,Okulary BME280,"31.49,83.96,31.90,78.94,32.27,86.33,30.62,42.49",31.49,83.96,31.90,78.94,32.27,86.33,30.62,42.49,true,0
session_20260623_163953_final,1796,195808,2026-06-23T16:43:09.287641,Okulary BME280,"31.49,83.96,31.92,79.30,32.32,86.49,30.63,42.50",31.49,83.96,31.92,79.30,32.32,86.49,30.63,42.50,true,0
session_20260623_163953_final,1797,195943,2026-06-23T16:43:09.422215,Okulary BME280,"31.49,83.95,31.97,79.94,32.37,86.63,30.63,42.44",31.49,83.95,31.97,79.94,32.37,86.63,30.63,42.44,true,0
session_20260623_163953_final,1798,196041,2026-06-23T16:43:09.520058,Okulary BME280,"31.48,83.96,32.00,80.26,32.43,86.76,30.63,42.40",31.48,83.96,32.00,80.26,32.43,86.76,30.63,42.40,true,0
session_20260623_163953_final,1799,196173,2026-06-23T16:43:09.652765,Okulary BME280,"31.49,83.97,32.02,80.54,32.49,86.86,30.62,42.40",31.49,83.97,32.02,80.54,32.49,86.86,30.62,42.40,true,0
session_20260623_163953_final,1800,196271,2026-06-23T16:43:09.750733,Okulary BME280,"31.49,83.97,32.05,80.81,32.53,86.95,30.62,42.38",31.49,83.97,32.05,80.81,32.53,86.95,30.62,42.38,true,0
session_20260623_163953_final,1801,196410,2026-06-23T16:43:09.889545,Okulary BME280,"31.49,83.97,32.06,81.08,32.57,87.06,30.62,42.39",31.49,83.97,32.06,81.08,32.57,87.06,30.62,42.39,true,0
session_20260623_163953_final,1802,196480,2026-06-23T16:43:09.959417,Okulary BME280,"31.50,83.97,32.08,81.34,32.62,87.13,30.61,42.41",31.50,83.97,32.08,81.34,32.62,87.13,30.61,42.41,true,0
session_20260623_163953_final,1803,196578,2026-06-23T16:43:10.057635,Okulary BME280,"31.50,83.97,32.10,81.56,32.69,87.24,30.62,42.42",31.50,83.97,32.10,81.56,32.69,87.24,30.62,42.42,true,0
session_20260623_163953_final,1804,196725,2026-06-23T16:43:10.204235,Okulary BME280,"31.50,83.97,32.12,81.80,32.72,87.31,30.61,42.44",31.50,83.97,32.12,81.80,32.72,87.31,30.61,42.44,true,0
session_20260623_163953_final,1805,196796,2026-06-23T16:43:10.275420,Okulary BME280,"31.50,83.97,32.14,81.98,32.75,87.38,30.62,42.45",31.50,83.97,32.14,81.98,32.75,87.38,30.62,42.45,true,0
session_20260623_163953_final,1806,196931,2026-06-23T16:43:10.410522,Okulary BME280,"31.50,84.00,32.17,82.40,32.78,87.42,30.62,42.48",31.50,84.00,32.17,82.40,32.78,87.42,30.62,42.48,true,0
session_20260623_163953_final,1807,197021,2026-06-23T16:43:10.500110,Okulary BME280,"31.50,84.01,32.18,82.56,32.81,87.45,30.62,42.56",31.50,84.01,32.18,82.56,32.81,87.45,30.62,42.56,true,0
session_20260623_163953_final,1808,197126,2026-06-23T16:43:10.605290,Okulary BME280,"31.50,83.98,32.19,82.74,32.83,87.48,30.62,42.58",31.50,83.98,32.19,82.74,32.83,87.48,30.62,42.58,true,0
session_20260623_163953_final,1809,197261,2026-06-23T16:43:10.740397,Okulary BME280,"31.50,83.98,32.20,82.90,32.86,87.52,30.62,42.62",31.50,83.98,32.20,82.90,32.86,87.52,30.62,42.62,true,0
session_20260623_163953_final,1810,197335,2026-06-23T16:43:10.813948,Okulary BME280,"31.50,84.00,32.21,83.07,32.87,87.54,30.62,42.66",31.50,84.00,32.21,83.07,32.87,87.54,30.62,42.66,true,0
session_20260623_163953_final,1811,197473,2026-06-23T16:43:10.952673,Okulary BME280,"31.51,83.99,32.22,83.21,32.89,87.60,30.62,42.71",31.51,83.99,32.22,83.21,32.89,87.60,30.62,42.71,true,0
session_20260623_163953_final,1812,197577,2026-06-23T16:43:11.056569,Okulary BME280,"31.50,83.97,32.23,83.35,32.94,87.67,30.62,42.77",31.50,83.97,32.23,83.35,32.94,87.67,30.62,42.77,true,0
session_20260623_163953_final,1813,197707,2026-06-23T16:43:11.186177,Okulary BME280,"31.50,83.98,32.24,83.50,32.96,87.70,30.62,42.80",31.50,83.98,32.24,83.50,32.96,87.70,30.62,42.80,true,0
session_20260623_163953_final,1814,197788,2026-06-23T16:43:11.267209,Okulary BME280,"31.50,84.00,32.25,83.62,32.98,87.73,30.62,42.84",31.50,84.00,32.25,83.62,32.98,87.73,30.62,42.84,true,0
session_20260623_163953_final,1815,197888,2026-06-23T16:43:11.366869,Okulary BME280,"31.50,83.97,32.28,83.87,33.00,87.74,30.62,42.81",31.50,83.97,32.28,83.87,33.00,87.74,30.62,42.81,true,0
session_20260623_163953_final,1816,198028,2026-06-23T16:43:11.507765,Okulary BME280,"31.51,83.97,32.28,83.99,33.01,87.75,30.63,42.87",31.51,83.97,32.28,83.99,33.01,87.75,30.63,42.87,true,0
session_20260623_163953_final,1817,198165,2026-06-23T16:43:11.644247,Okulary BME280,"31.51,83.97,32.29,84.09,33.02,87.76,30.63,42.89",31.51,83.97,32.29,84.09,33.02,87.76,30.63,42.89,true,0
session_20260623_163953_final,1818,198235,2026-06-23T16:43:11.714241,Okulary BME280,"31.51,83.96,32.30,84.19,33.02,87.78,30.62,42.90",31.51,83.96,32.30,84.19,33.02,87.78,30.62,42.90,true,0
session_20260623_163953_final,1819,198327,2026-06-23T16:43:11.806521,Okulary BME280,"31.51,83.97,32.30,84.30,33.04,87.80,30.63,42.90",31.51,83.97,32.30,84.30,33.04,87.80,30.63,42.90,true,0
session_20260623_163953_final,1820,198460,2026-06-23T16:43:11.939466,Okulary BME280,"31.51,83.96,32.31,84.40,33.04,87.80,30.63,42.90",31.51,83.96,32.31,84.40,33.04,87.80,30.63,42.90,true,0
session_20260623_163953_final,1821,198551,2026-06-23T16:43:12.030010,Okulary BME280,"31.51,83.96,32.32,84.51,33.07,87.85,30.63,42.92",31.51,83.96,32.32,84.51,33.07,87.85,30.63,42.92,true,0
session_20260623_163953_final,1822,198640,2026-06-23T16:43:12.119477,Okulary BME280,"31.52,83.96,32.33,84.60,33.08,87.87,30.63,42.94",31.52,83.96,32.33,84.60,33.08,87.87,30.63,42.94,true,0
session_20260623_163953_final,1823,198776,2026-06-23T16:43:12.255615,Okulary BME280,"31.52,83.93,32.33,84.69,33.09,87.87,30.63,42.98",31.52,83.93,32.33,84.69,33.09,87.87,30.63,42.98,true,0
session_20260623_163953_final,1824,198879,2026-06-23T16:43:12.358302,Okulary BME280,"31.52,84.04,32.34,84.84,33.10,87.88,30.63,43.04",31.52,84.04,32.34,84.84,33.10,87.88,30.63,43.04,true,0
session_20260623_163953_final,1825,199003,2026-06-23T16:43:12.482265,Okulary BME280,"31.52,83.95,32.35,84.93,33.10,87.87,30.64,43.09",31.52,83.95,32.35,84.93,33.10,87.87,30.64,43.09,true,0
session_20260623_163953_final,1826,199097,2026-06-23T16:43:12.576263,Okulary BME280,"31.52,83.95,32.35,85.01,33.09,87.86,30.63,43.12",31.52,83.95,32.35,85.01,33.09,87.86,30.63,43.12,true,0
session_20260623_163953_final,1827,199189,2026-06-23T16:43:12.668594,Okulary BME280,"31.52,83.95,32.35,85.07,33.09,87.83,30.64,43.17",31.52,83.95,32.35,85.07,33.09,87.83,30.64,43.17,true,0
session_20260623_163953_final,1828,199327,2026-06-23T16:43:12.806695,Okulary BME280,"31.52,83.95,32.35,85.14,33.07,87.85,30.63,43.21",31.52,83.95,32.35,85.14,33.07,87.85,30.63,43.21,true,0
session_20260623_163953_final,1829,199408,2026-06-23T16:43:12.887726,Okulary BME280,"31.53,83.95,32.34,85.20,33.05,87.83,30.64,43.26",31.53,83.95,32.34,85.20,33.05,87.83,30.64,43.26,true,0
session_20260623_163953_final,1830,199539,2026-06-23T16:43:13.018740,Okulary BME280,"31.53,83.95,32.34,85.25,33.03,87.77,30.63,43.30",31.53,83.95,32.34,85.25,33.03,87.77,30.63,43.30,true,0
session_20260623_163953_final,1831,199634,2026-06-23T16:43:13.112845,Okulary BME280,"31.52,83.95,32.33,85.31,33.02,87.72,30.64,43.35",31.52,83.95,32.33,85.31,33.02,87.72,30.64,43.35,true,0
session_20260623_163953_final,1832,199769,2026-06-23T16:43:13.248080,Okulary BME280,"31.52,83.96,32.33,85.33,32.99,87.68,30.64,43.41",31.52,83.96,32.33,85.33,32.99,87.68,30.64,43.41,true,0
session_20260623_163953_final,1833,199855,2026-06-23T16:43:13.334324,Okulary BME280,"31.52,83.88,32.29,85.19,32.97,87.64,30.64,43.56",31.52,83.88,32.29,85.19,32.97,87.64,30.64,43.56,true,0
session_20260623_163953_final,1834,199945,2026-06-23T16:43:13.423935,Okulary BME280,"31.52,83.94,32.25,85.00,32.94,87.60,30.64,43.71",31.52,83.94,32.25,85.00,32.94,87.60,30.64,43.71,true,0
session_20260623_163953_final,1835,200082,2026-06-23T16:43:13.561253,Okulary BME280,"31.53,83.94,32.19,84.80,32.92,87.54,30.64,43.79",31.53,83.94,32.19,84.80,32.92,87.54,30.64,43.79,true,0
session_20260623_163953_final,1836,200170,2026-06-23T16:43:13.649799,Okulary BME280,"31.53,83.94,32.12,84.61,32.89,87.48,30.64,43.85",31.53,83.94,32.12,84.61,32.89,87.48,30.64,43.85,true,0
session_20260623_163953_final,1837,200313,2026-06-23T16:43:13.792183,Okulary BME280,"31.52,83.95,32.06,84.43,32.85,87.43,30.64,43.88",31.52,83.95,32.06,84.43,32.85,87.43,30.64,43.88,true,0
session_20260623_163953_final,1838,200397,2026-06-23T16:43:13.876058,Okulary BME280,"31.53,83.95,32.02,84.25,32.82,87.35,30.64,43.89",31.53,83.95,32.02,84.25,32.82,87.35,30.64,43.89,true,0
session_20260623_163953_final,1839,200530,2026-06-23T16:43:14.009729,Okulary BME280,"31.53,83.95,31.98,84.01,32.73,87.18,30.64,43.90",31.53,83.95,31.98,84.01,32.73,87.18,30.64,43.90,true,0
session_20260623_163953_final,1840,200624,2026-06-23T16:43:14.103744,Okulary BME280,"31.53,83.94,31.95,83.77,32.67,87.07,30.64,43.90",31.53,83.94,31.95,83.77,32.67,87.07,30.64,43.90,true,0
session_20260623_163953_final,1841,200713,2026-06-23T16:43:14.192511,Okulary BME280,"31.53,83.96,31.93,83.55,32.59,86.95,30.64,43.88",31.53,83.96,31.93,83.55,32.59,86.95,30.64,43.88,true,0
session_20260623_163953_final,1842,200845,2026-06-23T16:43:14.324705,Okulary BME280,"31.53,83.95,31.89,83.05,32.52,86.82,30.64,43.89",31.53,83.95,31.89,83.05,32.52,86.82,30.64,43.89,true,0
session_20260623_163953_final,1843,200947,2026-06-23T16:43:14.426200,Okulary BME280,"31.53,83.96,31.88,82.79,32.44,86.68,30.65,43.83",31.53,83.96,31.88,82.79,32.44,86.68,30.65,43.83,true,0
session_20260623_163953_final,1844,201084,2026-06-23T16:43:14.563110,Okulary BME280,"31.53,83.96,31.88,82.51,32.35,86.50,30.65,43.81",31.53,83.96,31.88,82.51,32.35,86.50,30.65,43.81,true,0
session_20260623_163953_final,1845,201161,2026-06-23T16:43:14.640013,Okulary BME280,"31.53,83.98,31.86,82.22,32.27,86.37,30.65,43.77",31.53,83.98,31.86,82.22,32.27,86.37,30.65,43.77,true,0
session_20260623_163953_final,1846,201250,2026-06-23T16:43:14.729205,Okulary BME280,"31.53,83.99,31.85,81.94,32.20,86.30,30.65,43.74",31.53,83.99,31.85,81.94,32.20,86.30,30.65,43.74,true,0
session_20260623_163953_final,1847,201389,2026-06-23T16:43:14.868083,Okulary BME280,"31.53,83.99,31.84,81.62,32.13,86.15,30.65,43.69",31.53,83.99,31.84,81.62,32.13,86.15,30.65,43.69,true,0
session_20260623_163953_final,1848,201482,2026-06-23T16:43:14.961630,Okulary BME280,"31.53,83.99,31.83,81.32,32.06,86.01,30.65,43.64",31.53,83.99,31.83,81.32,32.06,86.01,30.65,43.64,true,0
session_20260623_163953_final,1849,201621,2026-06-23T16:43:15.100016,Okulary BME280,"31.53,84.01,31.82,81.01,32.04,85.96,30.65,43.60",31.53,84.01,31.82,81.01,32.04,85.96,30.65,43.60,true,0
session_20260623_163953_final,1850,201702,2026-06-23T16:43:15.181188,Okulary BME280,"31.53,84.01,31.81,80.74,32.02,85.89,30.65,43.58",31.53,84.01,31.81,80.74,32.02,85.89,30.65,43.58,true,0
session_20260623_163953_final,1851,201835,2026-06-23T16:43:15.314067,Okulary BME280,"31.52,84.00,31.80,80.21,32.02,85.81,30.65,43.59",31.52,84.00,31.80,80.21,32.02,85.81,30.65,43.59,true,0
session_20260623_163953_final,1852,201927,2026-06-23T16:43:15.406707,Okulary BME280,"31.53,84.00,31.79,79.94,32.01,85.72,30.65,43.50",31.53,84.00,31.79,79.94,32.01,85.72,30.65,43.50,true,0
session_20260623_163953_final,1853,202017,2026-06-23T16:43:15.495902,Okulary BME280,"31.53,84.00,31.79,79.69,32.02,85.66,30.65,43.43",31.53,84.00,31.79,79.69,32.02,85.66,30.65,43.43,true,0
session_20260623_163953_final,1854,202151,2026-06-23T16:43:15.630044,Okulary BME280,"31.53,84.00,31.79,79.44,32.02,85.62,30.65,43.40",31.53,84.00,31.79,79.44,32.02,85.62,30.65,43.40,true,0
session_20260623_163953_final,1855,202256,2026-06-23T16:43:15.735164,Okulary BME280,"31.52,84.00,31.78,79.22,32.04,85.57,30.65,43.35",31.52,84.00,31.78,79.22,32.04,85.57,30.65,43.35,true,0
session_20260623_163953_final,1856,202377,2026-06-23T16:43:15.856584,Okulary BME280,"31.52,84.00,31.78,78.97,32.05,85.55,30.65,43.32",31.52,84.00,31.78,78.97,32.05,85.55,30.65,43.32,true,0
session_20260623_163953_final,1857,202466,2026-06-23T16:43:15.945083,Okulary BME280,"31.52,84.01,31.78,78.73,32.07,85.43,30.65,43.27",31.52,84.01,31.78,78.73,32.07,85.43,30.65,43.27,true,0
session_20260623_163953_final,1858,202601,2026-06-23T16:43:16.080647,Okulary BME280,"31.52,83.99,31.77,78.51,32.08,85.37,30.65,43.22",31.52,83.99,31.77,78.51,32.08,85.37,30.65,43.22,true,0
session_20260623_163953_final,1859,202710,2026-06-23T16:43:16.189021,Okulary BME280,"31.52,84.01,31.77,78.31,32.08,85.32,30.65,43.17",31.52,84.01,31.77,78.31,32.08,85.32,30.65,43.17,true,0
session_20260623_163953_final,1860,202781,2026-06-23T16:43:16.260674,Okulary BME280,"31.52,84.00,31.77,77.87,32.09,85.24,30.65,43.13",31.52,84.00,31.77,77.87,32.09,85.24,30.65,43.13,true,0
session_20260623_163953_final,1861,202927,2026-06-23T16:43:16.406123,Okulary BME280,"31.52,84.01,31.76,77.67,32.10,85.14,30.65,43.12",31.52,84.01,31.76,77.67,32.10,85.14,30.65,43.12,true,0
session_20260623_163953_final,1862,203007,2026-06-23T16:43:16.486008,Okulary BME280,"31.52,84.01,31.76,77.49,32.10,85.07,30.65,43.05",31.52,84.01,31.76,77.49,32.10,85.07,30.65,43.05,true,0
session_20260623_163953_final,1863,203139,2026-06-23T16:43:16.618692,Okulary BME280,"31.51,84.01,31.76,77.31,32.11,84.99,30.65,43.05",31.51,84.01,31.76,77.31,32.11,84.99,30.65,43.05,true,0
session_20260623_163953_final,1864,203231,2026-06-23T16:43:16.710237,Okulary BME280,"31.52,84.01,31.76,77.15,32.11,84.91,30.65,43.04",31.52,84.01,31.76,77.15,32.11,84.91,30.65,43.04,true,0
session_20260623_163953_final,1865,203371,2026-06-23T16:43:16.850563,Okulary BME280,"31.51,84.01,31.77,76.98,32.11,84.88,30.65,43.04",31.51,84.01,31.77,76.98,32.11,84.88,30.65,43.04,true,0
session_20260623_163953_final,1866,203455,2026-06-23T16:43:16.934327,Okulary BME280,"31.52,84.02,31.77,76.78,32.12,84.67,30.66,43.05",31.52,84.02,31.77,76.78,32.12,84.67,30.66,43.05,true,0
session_20260623_163953_final,1867,203549,2026-06-23T16:43:17.028717,Okulary BME280,"31.51,84.01,31.77,76.62,32.11,84.51,30.65,43.05",31.51,84.01,31.77,76.62,32.11,84.51,30.65,43.05,true,0
session_20260623_163953_final,1868,203695,2026-06-23T16:43:17.173968,Okulary BME280,"31.51,84.01,31.76,76.30,32.11,84.36,30.66,43.05",31.51,84.01,31.76,76.30,32.11,84.36,30.66,43.05,true,0
session_20260623_163953_final,1869,203770,2026-06-23T16:43:17.249382,Okulary BME280,"31.51,84.01,31.76,76.12,32.11,84.24,30.66,43.05",31.51,84.01,31.76,76.12,32.11,84.24,30.66,43.05,true,0
session_20260623_163953_final,1870,203907,2026-06-23T16:43:17.386292,Okulary BME280,"31.52,84.01,31.76,75.97,32.10,84.14,30.66,43.06",31.52,84.01,31.76,75.97,32.10,84.14,30.66,43.06,true,0
session_20260623_163953_final,1871,203997,2026-06-23T16:43:17.476513,Okulary BME280,"31.52,84.01,31.76,75.86,32.10,84.04,30.66,43.02",31.52,84.01,31.76,75.86,32.10,84.04,30.66,43.02,true,0
session_20260623_163953_final,1872,204086,2026-06-23T16:43:17.565750,Okulary BME280,"31.51,84.01,31.76,75.78,32.10,83.98,30.66,43.00",31.51,84.01,31.76,75.78,32.10,83.98,30.66,43.00,true,0
session_20260623_163953_final,1873,204233,2026-06-23T16:43:17.712233,Okulary BME280,"31.51,84.02,31.76,75.89,32.10,84.05,30.66,42.98",31.51,84.02,31.76,75.89,32.10,84.05,30.66,42.98,true,0
session_20260623_163953_final,1874,204311,2026-06-23T16:43:17.790649,Okulary BME280,"31.52,84.02,31.77,76.04,32.10,84.15,30.66,42.97",31.52,84.02,31.77,76.04,32.10,84.15,30.66,42.97,true,0
session_20260623_163953_final,1875,204449,2026-06-23T16:43:17.928147,Okulary BME280,"31.51,84.01,31.79,76.30,32.12,84.53,30.66,42.95",31.51,84.01,31.79,76.30,32.12,84.53,30.66,42.95,true,0
session_20260623_163953_final,1876,204546,2026-06-23T16:43:18.025393,Okulary BME280,"31.52,84.05,31.81,76.57,32.13,84.70,30.66,42.93",31.52,84.05,31.81,76.57,32.13,84.70,30.66,42.93,true,0
session_20260623_163953_final,1877,204670,2026-06-23T16:43:18.149700,Okulary BME280,"31.52,84.02,31.84,77.19,32.15,84.88,30.66,42.92",31.52,84.02,31.84,77.19,32.15,84.88,30.66,42.92,true,0
session_20260623_163953_final,1878,204760,2026-06-23T16:43:18.239007,Okulary BME280,"31.52,84.02,31.86,77.54,32.16,85.09,30.66,42.90",31.52,84.02,31.86,77.54,32.16,85.09,30.66,42.90,true,0
session_20260623_163953_final,1879,204852,2026-06-23T16:43:18.331323,Okulary BME280,"31.52,84.02,31.88,77.89,32.19,85.28,30.66,42.87",31.52,84.02,31.88,77.89,32.19,85.28,30.66,42.87,true,0
session_20260623_163953_final,1880,204988,2026-06-23T16:43:18.466825,Okulary BME280,"31.52,84.04,31.91,78.22,32.22,85.44,30.66,42.85",31.52,84.04,31.91,78.22,32.22,85.44,30.66,42.85,true,0
session_20260623_163953_final,1881,205086,2026-06-23T16:43:18.564905,Okulary BME280,"31.52,84.04,31.93,78.56,32.24,85.58,30.66,42.83",31.52,84.04,31.93,78.56,32.24,85.58,30.66,42.83,true,0
session_20260623_163953_final,1882,205212,2026-06-23T16:43:18.690950,Okulary BME280,"31.53,84.04,31.95,78.88,32.27,85.68,30.66,42.82",31.53,84.04,31.95,78.88,32.27,85.68,30.66,42.82,true,0
session_20260623_163953_final,1883,205302,2026-06-23T16:43:18.781177,Okulary BME280,"31.53,84.03,31.96,79.18,32.29,85.85,30.66,42.79",31.53,84.03,31.96,79.18,32.29,85.85,30.66,42.79,true,0
session_20260623_163953_final,1884,205438,2026-06-23T16:43:18.917331,Okulary BME280,"31.53,84.01,31.97,79.44,32.33,85.98,30.65,42.79",31.53,84.01,31.97,79.44,32.33,85.98,30.65,42.79,true,0
session_20260623_163953_final,1885,205528,2026-06-23T16:43:19.007118,Okulary BME280,"31.53,84.04,31.98,79.73,32.34,86.07,30.66,42.78",31.53,84.04,31.98,79.73,32.34,86.07,30.66,42.78,true,0
session_20260623_163953_final,1886,205617,2026-06-23T16:43:19.096262,Okulary BME280,"31.53,84.04,32.00,80.26,32.36,86.18,30.66,42.77",31.53,84.04,32.00,80.26,32.36,86.18,30.66,42.77,true,0
session_20260623_163953_final,1887,205755,2026-06-23T16:43:19.234234,Okulary BME280,"31.53,84.04,32.01,80.51,32.39,86.31,30.66,42.78",31.53,84.04,32.01,80.51,32.39,86.31,30.66,42.78,true,0
session_20260623_163953_final,1888,205840,2026-06-23T16:43:19.319788,Okulary BME280,"31.53,84.04,32.03,80.75,32.44,86.43,30.66,42.76",31.53,84.04,32.03,80.75,32.44,86.43,30.66,42.76,true,0
session_20260623_163953_final,1889,205975,2026-06-23T16:43:19.454216,Okulary BME280,"31.54,84.04,32.04,80.99,32.49,86.52,30.66,42.73",31.54,84.04,32.04,80.99,32.49,86.52,30.66,42.73,true,0
session_20260623_163953_final,1890,206068,2026-06-23T16:43:19.547740,Okulary BME280,"31.54,84.04,32.07,81.22,32.54,86.62,30.66,42.71",31.54,84.04,32.07,81.22,32.54,86.62,30.66,42.71,true,0
session_20260623_163953_final,1891,206171,2026-06-23T16:43:19.650195,Okulary BME280,"31.54,84.04,32.08,81.44,32.58,86.75,30.66,42.69",31.54,84.04,32.08,81.44,32.58,86.75,30.66,42.69,true,0
session_20260623_163953_final,1892,206302,2026-06-23T16:43:19.781152,Okulary BME280,"31.54,84.08,32.10,81.65,32.63,86.81,30.66,42.68",31.54,84.08,32.10,81.65,32.63,86.81,30.66,42.68,true,0
session_20260623_163953_final,1893,206379,2026-06-23T16:43:19.858698,Okulary BME280,"31.54,84.03,32.11,81.88,32.70,86.87,30.66,42.67",31.54,84.03,32.11,81.88,32.70,86.87,30.66,42.67,true,0
session_20260623_163953_final,1894,206517,2026-06-23T16:43:19.996249,Okulary BME280,"31.54,84.05,32.13,82.05,32.73,86.91,30.66,42.64",31.54,84.05,32.13,82.05,32.73,86.91,30.66,42.64,true,0
session_20260623_163953_final,1895,206619,2026-06-23T16:43:20.097875,Okulary BME280,"31.54,84.05,32.16,82.40,32.76,86.95,30.66,42.63",31.54,84.05,32.16,82.40,32.76,86.95,30.66,42.63,true,0
session_20260623_163953_final,1896,206743,2026-06-23T16:43:20.222127,Okulary BME280,"31.54,84.05,32.17,82.54,32.78,86.99,30.66,42.61",31.54,84.05,32.17,82.54,32.78,86.99,30.66,42.61,true,0
session_20260623_163953_final,1897,206831,2026-06-23T16:43:20.310466,Okulary BME280,"31.54,84.05,32.18,82.71,32.80,87.02,30.66,42.58",31.54,84.05,32.18,82.71,32.80,87.02,30.66,42.58,true,0
session_20260623_163953_final,1898,206925,2026-06-23T16:43:20.403983,Okulary BME280,"31.54,84.05,32.19,82.85,32.82,87.07,30.66,42.55",31.54,84.05,32.19,82.85,32.82,87.07,30.66,42.55,true,0
session_20260623_163953_final,1899,207067,2026-06-23T16:43:20.545971,Okulary BME280,"31.54,84.05,32.20,82.99,32.83,87.09,30.66,42.54",31.54,84.05,32.20,82.99,32.83,87.09,30.66,42.54,true,0
session_20260623_163953_final,1900,207149,2026-06-23T16:43:20.628579,Okulary BME280,"31.55,84.07,32.21,83.14,32.86,87.18,30.66,42.53",31.55,84.07,32.21,83.14,32.86,87.18,30.66,42.53,true,0
session_20260623_163953_final,1901,207280,2026-06-23T16:43:20.758863,Okulary BME280,"31.54,84.02,32.22,83.26,32.89,87.22,30.66,42.53",31.54,84.02,32.22,83.26,32.89,87.22,30.66,42.53,true,0
session_20260623_163953_final,1902,207370,2026-06-23T16:43:20.849504,Okulary BME280,"31.55,84.04,32.23,83.39,32.92,87.27,30.66,42.54",31.55,84.04,32.23,83.39,32.92,87.27,30.66,42.54,true,0
session_20260623_163953_final,1903,207524,2026-06-23T16:43:21.002870,Okulary BME280,"31.55,84.05,32.24,83.55,32.94,87.32,30.66,42.55",31.55,84.05,32.24,83.55,32.94,87.32,30.66,42.55,true,0
session_20260623_163953_final,1904,207596,2026-06-23T16:43:21.074990,Okulary BME280,"31.55,84.05,32.27,83.78,32.97,87.35,30.66,42.56",31.55,84.05,32.27,83.78,32.97,87.35,30.66,42.56,true,0
session_20260623_163953_final,1905,207685,2026-06-23T16:43:21.164303,Okulary BME280,"31.55,84.05,32.29,83.91,33.00,87.39,30.66,42.54",31.55,84.05,32.29,83.91,33.00,87.39,30.66,42.54,true,0
session_20260623_163953_final,1906,207823,2026-06-23T16:43:21.302736,Okulary BME280,"31.55,84.05,32.30,84.02,33.03,87.44,30.67,42.59",31.55,84.05,32.30,84.02,33.03,87.44,30.67,42.59,true,0
session_20260623_163953_final,1907,207912,2026-06-23T16:43:21.390911,Okulary BME280,"31.55,84.05,32.32,84.13,33.06,87.49,30.67,42.60",31.55,84.05,32.32,84.13,33.06,87.49,30.67,42.60,true,0
session_20260623_163953_final,1908,208048,2026-06-23T16:43:21.527586,Okulary BME280,"31.55,84.05,32.33,84.24,33.10,87.49,30.67,42.62",31.55,84.05,32.33,84.24,33.10,87.49,30.67,42.62,true,0
session_20260623_163953_final,1909,208137,2026-06-23T16:43:21.615995,Okulary BME280,"31.56,84.03,32.35,84.35,33.13,87.54,30.67,42.64",31.56,84.03,32.35,84.35,33.13,87.54,30.67,42.64,true,0
session_20260623_163953_final,1910,208272,2026-06-23T16:43:21.751213,Okulary BME280,"31.55,84.07,32.36,84.43,33.17,87.55,30.67,42.67",31.55,84.07,32.36,84.43,33.17,87.55,30.67,42.67,true,0
session_20260623_163953_final,1911,208364,2026-06-23T16:43:21.843223,Okulary BME280,"31.55,84.05,32.37,84.50,33.18,87.56,30.67,42.71",31.55,84.05,32.37,84.50,33.18,87.56,30.67,42.71,true,0
session_20260623_163953_final,1912,208451,2026-06-23T16:43:21.929967,Okulary BME280,"31.55,84.04,32.37,84.61,33.18,87.57,30.67,42.80",31.55,84.04,32.37,84.61,33.18,87.57,30.67,42.80,true,0
session_20260623_163953_final,1913,208586,2026-06-23T16:43:22.065621,Okulary BME280,"31.56,84.04,32.38,84.79,33.18,87.57,30.67,42.88",31.56,84.04,32.38,84.79,33.18,87.57,30.67,42.88,true,0
session_20260623_163953_final,1914,208685,2026-06-23T16:43:22.164004,Okulary BME280,"31.56,84.04,32.39,84.86,33.18,87.58,30.67,43.01",31.56,84.04,32.39,84.86,33.18,87.58,30.67,43.01,true,0
session_20260623_163953_final,1915,208823,2026-06-23T16:43:22.302392,Okulary BME280,"31.56,84.04,32.39,84.93,33.18,87.58,30.68,43.16",31.56,84.04,32.39,84.93,33.18,87.58,30.68,43.16,true,0
session_20260623_163953_final,1916,208902,2026-06-23T16:43:22.380847,Okulary BME280,"31.55,84.03,32.40,85.02,33.18,87.58,30.68,43.48",31.55,84.03,32.40,85.02,33.18,87.58,30.68,43.48,true,0
session_20260623_163953_final,1917,208990,2026-06-23T16:43:22.469485,Okulary BME280,"31.56,84.03,32.40,85.08,33.17,87.59,30.69,43.65",31.56,84.03,32.40,85.08,33.17,87.59,30.69,43.65,true,0
session_20260623_163953_final,1918,209129,2026-06-23T16:43:22.607833,Okulary BME280,"31.56,84.01,32.40,85.15,33.15,87.56,30.69,43.80",31.56,84.01,32.40,85.15,33.15,87.56,30.69,43.80,true,0
session_20260623_163953_final,1919,209216,2026-06-23T16:43:22.695659,Okulary BME280,"31.56,84.04,32.40,85.19,33.13,87.51,30.69,43.93",31.56,84.04,32.40,85.19,33.13,87.51,30.69,43.93,true,0
session_20260623_163953_final,1920,209351,2026-06-23T16:43:22.829904,Okulary BME280,"31.56,84.02,32.39,85.25,33.11,87.46,30.69,44.02",31.56,84.02,32.39,85.25,33.11,87.46,30.69,44.02,true,0
session_20260623_163953_final,1921,209448,2026-06-23T16:43:22.927306,Okulary BME280,"31.56,84.02,32.39,85.30,33.09,87.42,30.68,44.07",31.56,84.02,32.39,85.30,33.09,87.42,30.68,44.07,true,0
session_20260623_163953_final,1922,209575,2026-06-23T16:43:23.054108,Okulary BME280,"31.56,84.02,32.37,85.36,33.06,87.36,30.69,44.10",31.56,84.02,32.37,85.36,33.06,87.36,30.69,44.10,true,0
session_20260623_163953_final,1923,209666,2026-06-23T16:43:23.145448,Okulary BME280,"31.56,84.02,32.36,85.35,33.03,87.31,30.69,44.12",31.56,84.02,32.36,85.35,33.03,87.31,30.69,44.12,true,0
session_20260623_163953_final,1924,209755,2026-06-23T16:43:23.233820,Okulary BME280,"31.56,84.02,32.34,85.31,33.00,87.24,30.69,44.14",31.56,84.02,32.34,85.31,33.00,87.24,30.69,44.14,true,0
session_20260623_163953_final,1925,209892,2026-06-23T16:43:23.371419,Okulary BME280,"31.56,84.02,32.31,85.24,32.96,87.19,30.69,44.11",31.56,84.02,32.31,85.24,32.96,87.19,30.69,44.11,true,0
session_20260623_163953_final,1926,209999,2026-06-23T16:43:23.477989,Okulary BME280,"31.56,84.01,32.27,85.11,32.93,87.14,30.69,44.10",31.56,84.01,32.27,85.11,32.93,87.14,30.69,44.10,true,0
session_20260623_163953_final,1927,210118,2026-06-23T16:43:23.597682,Okulary BME280,"31.56,83.97,32.22,84.94,32.90,87.06,30.69,44.08",31.56,83.97,32.22,84.94,32.90,87.06,30.69,44.08,true,0
session_20260623_163953_final,1928,210206,2026-06-23T16:43:23.685289,Okulary BME280,"31.57,84.02,32.16,84.74,32.83,87.01,30.69,44.04",31.57,84.02,32.16,84.74,32.83,87.01,30.69,44.04,true,0
session_20260623_163953_final,1929,210340,2026-06-23T16:43:23.819571,Okulary BME280,"31.57,84.02,32.10,84.51,32.81,86.96,30.69,44.02",31.57,84.02,32.10,84.51,32.81,86.96,30.69,44.02,true,0
session_20260623_163953_final,1930,210445,2026-06-23T16:43:23.923910,Okulary BME280,"31.57,84.03,32.05,84.32,32.77,86.92,30.69,43.97",31.57,84.03,32.05,84.32,32.77,86.92,30.69,43.97,true,0
session_20260623_163953_final,1931,210523,2026-06-23T16:43:24.002386,Okulary BME280,"31.57,84.03,31.98,83.84,32.72,86.85,30.69,43.94",31.57,84.03,31.98,83.84,32.72,86.85,30.69,43.94,true,0
session_20260623_163953_final,1932,210655,2026-06-23T16:43:24.134091,Okulary BME280,"31.56,84.03,31.96,83.57,32.66,86.75,30.69,43.87",31.56,84.03,31.96,83.57,32.66,86.75,30.69,43.87,true,0
session_20260623_163953_final,1933,210754,2026-06-23T16:43:24.233561,Okulary BME280,"31.56,84.03,31.94,83.31,32.60,86.63,30.69,43.83",31.56,84.03,31.94,83.31,32.60,86.63,30.69,43.83,true,0
session_20260623_163953_final,1934,210880,2026-06-23T16:43:24.359074,Okulary BME280,"31.56,84.03,31.93,83.05,32.53,86.52,30.69,43.75",31.56,84.03,31.93,83.05,32.53,86.52,30.69,43.75,true,0
session_20260623_163953_final,1935,210971,2026-06-23T16:43:24.450029,Okulary BME280,"31.56,84.00,31.91,82.78,32.46,86.43,30.69,43.66",31.56,84.00,31.91,82.78,32.46,86.43,30.69,43.66,true,0
session_20260623_163953_final,1936,211059,2026-06-23T16:43:24.538714,Okulary BME280,"31.56,84.06,31.90,82.48,32.38,86.31,30.69,43.60",31.56,84.06,31.90,82.48,32.38,86.31,30.69,43.60,true,0
session_20260623_163953_final,1937,211196,2026-06-23T16:43:24.674887,Okulary BME280,"31.56,84.04,31.89,82.18,32.26,86.09,30.69,43.55",31.56,84.04,31.89,82.18,32.26,86.09,30.69,43.55,true,0
session_20260623_163953_final,1938,211287,2026-06-23T16:43:24.766528,Okulary BME280,"31.56,84.05,31.88,81.87,32.20,85.98,30.69,43.51",31.56,84.05,31.88,81.87,32.20,85.98,30.69,43.51,true,0
session_20260623_163953_final,1939,211426,2026-06-23T16:43:24.905069,Okulary BME280,"31.56,84.04,31.88,81.59,32.14,85.87,30.69,43.45",31.56,84.04,31.88,81.59,32.14,85.87,30.69,43.45,true,0
session_20260623_163953_final,1940,211510,2026-06-23T16:43:24.989535,Okulary BME280,"31.56,84.05,31.86,81.03,32.10,85.75,30.69,43.40",31.56,84.05,31.86,81.03,32.10,85.75,30.69,43.40,true,0
session_20260623_163953_final,1941,211646,2026-06-23T16:43:25.125252,Okulary BME280,"31.55,84.05,31.86,80.78,32.07,85.67,30.69,43.37",31.55,84.05,31.86,80.78,32.07,85.67,30.69,43.37,true,0
session_20260623_163953_final,1942,211740,2026-06-23T16:43:25.219269,Okulary BME280,"31.56,84.05,31.85,80.53,32.05,85.57,30.69,43.34",31.56,84.05,31.85,80.53,32.05,85.57,30.69,43.34,true,0
session_20260623_163953_final,1943,211827,2026-06-23T16:43:25.305988,Okulary BME280,"31.55,84.05,31.85,80.27,32.03,85.48,30.69,43.28",31.55,84.05,31.85,80.27,32.03,85.48,30.69,43.28,true,0
session_20260623_163953_final,1944,211961,2026-06-23T16:43:25.440226,Okulary BME280,"31.56,84.08,31.85,80.01,32.01,85.38,30.69,43.23",31.56,84.08,31.85,80.01,32.01,85.38,30.69,43.23,true,0
session_20260623_163953_final,1945,212052,2026-06-23T16:43:25.531644,Okulary BME280,"31.55,84.04,31.84,79.74,32.02,85.35,30.69,43.22",31.55,84.04,31.84,79.74,32.02,85.35,30.69,43.22,true,0
session_20260623_163953_final,1946,212189,2026-06-23T16:43:25.668594,Okulary BME280,"31.55,84.07,31.84,79.46,32.03,85.19,30.70,43.19",31.55,84.07,31.84,79.46,32.03,85.19,30.70,43.19,true,0
session_20260623_163953_final,1947,212276,2026-06-23T16:43:25.755751,Okulary BME280,"31.55,84.07,31.84,79.21,32.03,85.12,30.69,43.17",31.55,84.07,31.84,79.21,32.03,85.12,30.69,43.17,true,0
session_20260623_163953_final,1948,212422,2026-06-23T16:43:25.901282,Okulary BME280,"31.55,84.07,31.83,79.00,32.05,85.07,30.69,43.14",31.55,84.07,31.83,79.00,32.05,85.07,30.69,43.14,true,0
session_20260623_163953_final,1949,212500,2026-06-23T16:43:25.979798,Okulary BME280,"31.55,84.07,31.82,78.63,32.06,85.04,30.69,43.11",31.55,84.07,31.82,78.63,32.06,85.04,30.69,43.11,true,0
session_20260623_163953_final,1950,212590,2026-06-23T16:43:26.069568,Okulary BME280,"31.55,84.08,31.82,78.47,32.07,84.99,30.70,43.08",31.55,84.08,31.82,78.47,32.07,84.99,30.70,43.08,true,0
session_20260623_163953_final,1951,212740,2026-06-23T16:43:26.218816,Okulary BME280,"31.55,84.08,31.83,78.28,32.09,84.93,30.69,43.03",31.55,84.08,31.83,78.28,32.09,84.93,30.69,43.03,true,0
session_20260623_163953_final,1952,212817,2026-06-23T16:43:26.296128,Okulary BME280,"31.55,84.10,31.83,78.10,32.10,84.85,30.69,43.03",31.55,84.10,31.83,78.10,32.10,84.85,30.69,43.03,true,0
session_20260623_163953_final,1953,212954,2026-06-23T16:43:26.432959,Okulary BME280,"31.55,84.02,31.83,77.93,32.10,84.80,30.70,43.01",31.55,84.02,31.83,77.93,32.10,84.80,30.70,43.01,true,0
session_20260623_163953_final,1954,213040,2026-06-23T16:43:26.519806,Okulary BME280,"31.54,84.08,31.84,77.75,32.11,84.73,30.69,42.98",31.54,84.08,31.84,77.75,32.11,84.73,30.69,42.98,true,0
session_20260623_163953_final,1955,213188,2026-06-23T16:43:26.667742,Okulary BME280,"31.54,84.08,31.83,77.56,32.12,84.64,30.69,42.96",31.54,84.08,31.83,77.56,32.12,84.64,30.69,42.96,true,0
session_20260623_163953_final,1956,213311,2026-06-23T16:43:26.790098,Okulary BME280,"31.55,84.08,31.83,77.40,32.12,84.56,30.69,42.94",31.55,84.08,31.83,77.40,32.12,84.56,30.69,42.94,true,0
session_20260623_163953_final,1957,213363,2026-06-23T16:43:26.842426,Okulary BME280,"31.54,84.08,31.83,77.17,32.13,84.46,30.69,42.91",31.54,84.08,31.83,77.17,32.13,84.46,30.69,42.91,true,0
session_20260623_163953_final,1958,213507,2026-06-23T16:43:26.986555,Okulary BME280,"31.54,84.08,31.83,76.81,32.13,84.37,30.69,42.88",31.54,84.08,31.83,76.81,32.13,84.37,30.69,42.88,true,0
session_20260623_163953_final,1959,213580,2026-06-23T16:43:27.059730,Okulary BME280,"31.54,84.08,31.83,76.63,32.13,84.25,30.70,42.84",31.54,84.08,31.83,76.63,32.13,84.25,30.70,42.84,true,0
session_20260623_163953_final,1960,213715,2026-06-23T16:43:27.194483,Okulary BME280,"31.54,84.08,31.82,76.44,32.13,84.13,30.69,42.81",31.54,84.08,31.82,76.44,32.13,84.13,30.69,42.81,true,0
session_20260623_163953_final,1961,213805,2026-06-23T16:43:27.284505,Okulary BME280,"31.54,84.10,31.82,76.29,32.12,84.06,30.69,42.74",31.54,84.10,31.82,76.29,32.12,84.06,30.69,42.74,true,0
session_20260623_163953_final,1962,213897,2026-06-23T16:43:27.376472,Okulary BME280,"31.54,84.03,31.82,76.14,32.12,83.95,30.69,42.74",31.54,84.03,31.82,76.14,32.12,83.95,30.69,42.74,true,0
session_20260623_163953_final,1963,214040,2026-06-23T16:43:27.519030,Okulary BME280,"31.54,84.08,31.82,76.07,32.12,83.95,30.69,42.70",31.54,84.08,31.82,76.07,32.12,83.95,30.69,42.70,true,0
session_20260623_163953_final,1964,214123,2026-06-23T16:43:27.602514,Okulary BME280,"31.54,84.08,31.82,76.16,32.13,84.09,30.69,42.68",31.54,84.08,31.82,76.16,32.13,84.09,30.69,42.68,true,0
session_20260623_163953_final,1965,214258,2026-06-23T16:43:27.737715,Okulary BME280,"31.54,84.08,31.83,76.36,32.13,84.25,30.69,42.67",31.54,84.08,31.83,76.36,32.13,84.25,30.69,42.67,true,0
session_20260623_163953_final,1966,214345,2026-06-23T16:43:27.824547,Okulary BME280,"31.54,84.08,31.85,76.59,32.13,84.29,30.70,42.65",31.54,84.08,31.85,76.59,32.13,84.29,30.70,42.65,true,0
session_20260623_163953_final,1967,214482,2026-06-23T16:43:27.961579,Okulary BME280,"31.54,84.08,31.87,77.10,32.14,84.45,30.69,42.62",31.54,84.08,31.87,77.10,32.14,84.45,30.69,42.62,true,0
session_20260623_163953_final,1968,214571,2026-06-23T16:43:28.049996,Okulary BME280,"31.54,84.08,31.89,77.43,32.15,84.66,30.70,42.60",31.54,84.08,31.89,77.43,32.15,84.66,30.70,42.60,true,0
session_20260623_163953_final,1969,214661,2026-06-23T16:43:28.140785,Okulary BME280,"31.54,84.09,31.91,77.75,32.17,84.85,30.69,42.55",31.54,84.09,31.91,77.75,32.17,84.85,30.69,42.55,true,0
session_20260623_163953_final,1970,214812,2026-06-23T16:43:28.291724,Okulary BME280,"31.54,84.01,31.93,78.07,32.19,85.04,30.70,42.59",31.54,84.01,31.93,78.07,32.19,85.04,30.70,42.59,true,0
session_20260623_163953_final,1971,214886,2026-06-23T16:43:28.365490,Okulary BME280,"31.54,84.09,31.95,78.42,32.22,85.18,30.70,42.52",31.54,84.09,31.95,78.42,32.22,85.18,30.70,42.52,true,0
session_20260623_163953_final,1972,215028,2026-06-23T16:43:28.507086,Okulary BME280,"31.54,84.09,31.98,78.76,32.25,85.44,30.69,42.51",31.54,84.09,31.98,78.76,32.25,85.44,30.69,42.51,true,0
session_20260623_163953_final,1973,215111,2026-06-23T16:43:28.590356,Okulary BME280,"31.54,84.08,32.00,79.09,32.34,85.74,30.69,42.50",31.54,84.08,32.00,79.09,32.34,85.74,30.69,42.50,true,0
session_20260623_163953_final,1974,215259,2026-06-23T16:43:28.738796,Okulary BME280,"31.55,84.09,32.02,79.42,32.40,85.88,30.69,42.48",31.55,84.09,32.02,79.42,32.40,85.88,30.69,42.48,true,0
session_20260623_163953_final,1975,215336,2026-06-23T16:43:28.815620,Okulary BME280,"31.55,84.08,32.04,79.73,32.44,86.00,30.70,42.48",31.55,84.08,32.04,79.73,32.44,86.00,30.70,42.48,true,0
session_20260623_163953_final,1976,215428,2026-06-23T16:43:28.907473,Okulary BME280,"31.55,84.08,32.08,80.31,32.49,86.12,30.70,42.47",31.55,84.08,32.08,80.31,32.49,86.12,30.70,42.47,true,0
session_20260623_163953_final,1977,215561,2026-06-23T16:43:29.040420,Okulary BME280,"31.54,84.08,32.10,80.59,32.54,86.21,30.70,42.47",31.54,84.08,32.10,80.59,32.54,86.21,30.70,42.47,true,0
session_20260623_163953_final,1978,215664,2026-06-23T16:43:29.143382,Okulary BME280,"31.55,84.07,32.12,80.84,32.58,86.33,30.70,42.50",31.55,84.07,32.12,80.84,32.58,86.33,30.70,42.50,true,0
session_20260623_163953_final,1979,215785,2026-06-23T16:43:29.264441,Okulary BME280,"31.54,84.09,32.14,81.09,32.63,86.40,30.70,42.50",31.54,84.09,32.14,81.09,32.63,86.40,30.70,42.50,true,0
session_20260623_163953_final,1980,215875,2026-06-23T16:43:29.354513,Okulary BME280,"31.55,84.09,32.16,81.32,32.67,86.46,30.70,42.47",31.55,84.09,32.16,81.32,32.67,86.46,30.70,42.47,true,0
session_20260623_163953_final,1981,215967,2026-06-23T16:43:29.445909,Okulary BME280,"31.55,84.09,32.17,81.53,32.70,86.56,30.70,42.46",31.55,84.09,32.17,81.53,32.70,86.56,30.70,42.46,true,0
session_20260623_163953_final,1982,216115,2026-06-23T16:43:29.594692,Okulary BME280,"31.55,84.08,32.19,81.75,32.76,86.66,30.70,42.45",31.55,84.08,32.19,81.75,32.76,86.66,30.70,42.45,true,0
session_20260623_163953_final,1983,216191,2026-06-23T16:43:29.670161,Okulary BME280,"31.55,84.09,32.20,81.93,32.78,86.71,30.70,42.44",31.55,84.09,32.20,81.93,32.78,86.71,30.70,42.44,true,0
session_20260623_163953_final,1984,216326,2026-06-23T16:43:29.805633,Okulary BME280,"31.55,84.09,32.21,82.16,32.81,86.74,30.70,42.44",31.55,84.09,32.21,82.16,32.81,86.74,30.70,42.44,true,0
session_20260623_163953_final,1985,216422,2026-06-23T16:43:29.900912,Okulary BME280,"31.56,84.08,32.22,82.48,32.82,86.78,30.70,42.42",31.56,84.08,32.22,82.48,32.82,86.78,30.70,42.42,true,0
session_20260623_163953_final,1986,216554,2026-06-23T16:43:30.033083,Okulary BME280,"31.56,84.09,32.23,82.62,32.83,86.83,30.70,42.40",31.56,84.09,32.23,82.62,32.83,86.83,30.70,42.40,true,0
session_20260623_163953_final,1987,216642,2026-06-23T16:43:30.121079,Okulary BME280,"31.56,84.07,32.24,82.78,32.85,86.86,30.70,42.40",31.56,84.07,32.24,82.78,32.85,86.86,30.70,42.40,true,0
session_20260623_163953_final,1988,216732,2026-06-23T16:43:30.211146,Okulary BME280,"31.56,84.12,32.25,82.92,32.87,86.89,30.70,42.38",31.56,84.12,32.25,82.92,32.87,86.89,30.70,42.38,true,0
session_20260623_163953_final,1989,216872,2026-06-23T16:43:30.351336,Okulary BME280,"31.56,84.07,32.25,83.06,32.88,86.93,30.70,42.36",31.56,84.07,32.25,83.06,32.88,86.93,30.70,42.36,true,0
session_20260623_163953_final,1990,216963,2026-06-23T16:43:30.442092,Okulary BME280,"31.56,84.07,32.26,83.18,32.89,86.93,30.71,42.38",31.56,84.07,32.26,83.18,32.89,86.93,30.71,42.38,true,0
session_20260623_163953_final,1991,217090,2026-06-23T16:43:30.569251,Okulary BME280,"31.56,84.07,32.26,83.31,32.89,86.96,30.71,42.42",31.56,84.07,32.26,83.31,32.89,86.96,30.71,42.42,true,0
session_20260623_163953_final,1992,217180,2026-06-23T16:43:30.658965,Okulary BME280,"31.56,84.06,32.26,83.42,32.90,87.00,30.71,42.43",31.56,84.06,32.26,83.42,32.90,87.00,30.71,42.43,true,0
session_20260623_163953_final,1993,217315,2026-06-23T16:43:30.793836,Okulary BME280,"31.56,84.05,32.26,83.55,32.90,87.04,30.71,42.45",31.56,84.05,32.26,83.55,32.90,87.04,30.71,42.45,true,0
session_20260623_163953_final,1994,217405,2026-06-23T16:43:30.884117,Okulary BME280,"31.56,84.06,32.28,83.78,32.92,87.08,30.71,42.47",31.56,84.06,32.28,83.78,32.92,87.08,30.71,42.47,true,0
session_20260623_163953_final,1995,217495,2026-06-23T16:43:30.973828,Okulary BME280,"31.56,84.04,32.29,83.90,32.94,87.12,30.71,42.47",31.56,84.04,32.29,83.90,32.94,87.12,30.71,42.47,true,0
session_20260623_163953_final,1996,217633,2026-06-23T16:43:31.112721,Okulary BME280,"31.56,84.09,32.30,84.01,32.97,87.14,30.70,42.48",31.56,84.09,32.30,84.01,32.97,87.14,30.70,42.48,true,0
session_20260623_163953_final,1997,217738,2026-06-23T16:43:31.216844,Okulary BME280,"31.56,84.09,32.31,84.10,32.98,87.17,30.70,42.52",31.56,84.09,32.31,84.10,32.98,87.17,30.70,42.52,true,0
session_20260623_163953_final,1998,217858,2026-06-23T16:43:31.337161,Okulary BME280,"31.56,84.03,32.32,84.21,33.00,87.18,30.71,42.46",31.56,84.03,32.32,84.21,33.00,87.18,30.71,42.46,true,0
session_20260623_163953_final,1999,217949,2026-06-23T16:43:31.428075,Okulary BME280,"31.56,84.03,32.33,84.31,33.03,87.27,30.70,42.48",31.56,84.03,32.33,84.31,33.03,87.27,30.70,42.48,true,0
session_20260623_163953_final,2000,218083,2026-06-23T16:43:31.562259,Okulary BME280,"31.56,84.03,32.34,84.40,33.06,87.28,30.70,42.48",31.56,84.03,32.34,84.40,33.06,87.28,30.70,42.48,true,0
session_20260623_163953_final,2001,218182,2026-06-23T16:43:31.660859,Okulary BME280,"31.56,84.02,32.36,84.50,33.07,87.30,30.70,42.48",31.56,84.02,32.36,84.50,33.07,87.30,30.70,42.48,true,0
session_20260623_163953_final,2002,218266,2026-06-23T16:43:31.745006,Okulary BME280,"31.56,84.02,32.36,84.57,33.09,87.33,30.70,42.47",31.56,84.02,32.36,84.57,33.09,87.33,30.70,42.47,true,0
session_20260623_163953_final,2003,218396,2026-06-23T16:43:31.875324,Okulary BME280,"31.56,84.02,32.38,84.77,33.10,87.33,30.70,42.48",31.56,84.02,32.38,84.77,33.10,87.33,30.70,42.48,true,0
session_20260623_163953_final,2004,218485,2026-06-23T16:43:31.964171,Okulary BME280,"31.56,83.98,32.39,84.85,33.11,87.36,30.70,42.48",31.56,83.98,32.39,84.85,33.11,87.36,30.70,42.48,true,0
session_20260623_163953_final,2005,218622,2026-06-23T16:43:32.101536,Okulary BME280,"31.56,84.02,32.39,84.92,33.12,87.38,30.70,42.50",31.56,84.02,32.39,84.92,33.12,87.38,30.70,42.50,true,0
session_20260623_163953_final,2006,218710,2026-06-23T16:43:32.189689,Okulary BME280,"31.57,84.00,32.40,84.99,33.12,87.38,30.70,42.48",31.57,84.00,32.40,84.99,33.12,87.38,30.70,42.48,true,0
session_20260623_163953_final,2007,218800,2026-06-23T16:43:32.279461,Okulary BME280,"31.56,84.01,32.40,85.06,33.12,87.34,30.70,42.55",31.56,84.01,32.40,85.06,33.12,87.34,30.70,42.55,true,0
session_20260623_163953_final,2008,218937,2026-06-23T16:43:32.416679,Okulary BME280,"31.57,84.00,32.40,85.11,33.11,87.25,30.70,42.54",31.57,84.00,32.40,85.11,33.11,87.25,30.70,42.54,true,0
session_20260623_163953_final,2009,219044,2026-06-23T16:43:32.523719,Okulary BME280,"31.56,84.00,32.39,85.16,33.06,87.17,30.70,42.54",31.56,84.00,32.39,85.16,33.06,87.17,30.70,42.54,true,0
session_20260623_163953_final,2010,219175,2026-06-23T16:43:32.654765,Okulary BME280,"31.57,83.98,32.38,85.20,33.03,87.11,30.70,42.55",31.57,83.98,32.38,85.20,33.03,87.11,30.70,42.55,true,0
session_20260623_163953_final,2011,219251,2026-06-23T16:43:32.730569,Okulary BME280,"31.57,83.98,32.37,85.19,33.00,87.04,30.70,42.57",31.57,83.98,32.37,85.19,33.00,87.04,30.70,42.57,true,0
session_20260623_163953_final,2012,219385,2026-06-23T16:43:32.864516,Okulary BME280,"31.57,83.98,32.32,85.17,32.97,87.00,30.70,42.58",31.57,83.98,32.32,85.17,32.97,87.00,30.70,42.58,true,0
session_20260623_163953_final,2013,219481,2026-06-23T16:43:32.959958,Okulary BME280,"31.57,84.02,32.29,85.07,32.93,86.96,30.70,42.59",31.57,84.02,32.29,85.07,32.93,86.96,30.70,42.59,true,0
session_20260623_163953_final,2014,219567,2026-06-23T16:43:33.046680,Okulary BME280,"31.57,83.98,32.25,84.88,32.90,86.93,30.70,42.62",31.57,83.98,32.25,84.88,32.90,86.93,30.70,42.62,true,0
session_20260623_163953_final,2015,219704,2026-06-23T16:43:33.183733,Okulary BME280,"31.57,83.96,32.19,84.67,32.87,86.91,30.71,42.66",31.57,83.96,32.19,84.67,32.87,86.91,30.71,42.66,true,0
session_20260623_163953_final,2016,219792,2026-06-23T16:43:33.270861,Okulary BME280,"31.57,83.96,32.14,84.44,32.85,86.81,30.71,42.75",31.57,83.96,32.14,84.44,32.85,86.81,30.71,42.75,true,0
session_20260623_163953_final,2017,219932,2026-06-23T16:43:33.411036,Okulary BME280,"31.57,83.96,32.08,84.20,32.76,86.73,30.71,42.87",31.57,83.96,32.08,84.20,32.76,86.73,30.71,42.87,true,0
session_20260623_163953_final,2018,220029,2026-06-23T16:43:33.508323,Okulary BME280,"31.57,83.96,32.03,83.93,32.70,86.62,30.71,42.92",31.57,83.96,32.03,83.93,32.70,86.62,30.71,42.92,true,0
session_20260623_163953_final,2019,220161,2026-06-23T16:43:33.640337,Okulary BME280,"31.57,83.96,31.99,83.70,32.63,86.49,30.71,42.95",31.57,83.96,31.99,83.70,32.63,86.49,30.71,42.95,true,0
session_20260623_163953_final,2020,220242,2026-06-23T16:43:33.721039,Okulary BME280,"31.57,83.96,31.97,83.41,32.56,86.38,30.71,42.97",31.57,83.96,31.97,83.41,32.56,86.38,30.71,42.97,true,0
session_20260623_163953_final,2021,220332,2026-06-23T16:43:33.811203,Okulary BME280,"31.57,83.95,31.92,82.87,32.48,86.24,30.71,42.97",31.57,83.95,31.92,82.87,32.48,86.24,30.71,42.97,true,0
session_20260623_163953_final,2022,220475,2026-06-23T16:43:33.954650,Okulary BME280,"31.57,83.92,31.91,82.60,32.40,86.10,30.71,42.97",31.57,83.92,31.91,82.60,32.40,86.10,30.71,42.97,true,0
session_20260623_163953_final,2023,220556,2026-06-23T16:43:34.035483,Okulary BME280,"31.56,83.96,31.90,82.33,32.33,85.98,30.71,42.95",31.56,83.96,31.90,82.33,32.33,85.98,30.71,42.95,true,0
session_20260623_163953_final,2024,220691,2026-06-23T16:43:34.170187,Okulary BME280,"31.56,83.93,31.89,82.04,32.27,85.83,30.71,42.96",31.56,83.93,31.89,82.04,32.27,85.83,30.71,42.96,true,0
session_20260623_163953_final,2025,220784,2026-06-23T16:43:34.263328,Okulary BME280,"31.56,83.93,31.88,81.74,32.21,85.75,30.71,42.90",31.56,83.93,31.88,81.74,32.21,85.75,30.71,42.90,true,0
session_20260623_163953_final,2026,220884,2026-06-23T16:43:34.363015,Okulary BME280,"31.56,83.93,31.87,81.43,32.13,85.53,30.71,42.87",31.56,83.93,31.87,81.43,32.13,85.53,30.71,42.87,true,0
session_20260623_163953_final,2027,221005,2026-06-23T16:43:34.484579,Okulary BME280,"31.56,83.92,31.87,81.15,32.10,85.44,30.71,42.85",31.56,83.92,31.87,81.15,32.10,85.44,30.71,42.85,true,0
session_20260623_163953_final,2028,221095,2026-06-23T16:43:34.574324,Okulary BME280,"31.55,83.92,31.86,80.89,32.08,85.33,30.71,42.82",31.55,83.92,31.86,80.89,32.08,85.33,30.71,42.82,true,0
session_20260623_163953_final,2029,221242,2026-06-23T16:43:34.721037,Okulary BME280,"31.55,83.91,31.85,80.63,32.07,85.25,30.71,42.80",31.55,83.91,31.85,80.63,32.07,85.25,30.71,42.80,true,0
session_20260623_163953_final,2030,221321,2026-06-23T16:43:34.800346,Okulary BME280,"31.55,83.93,31.86,80.13,32.06,85.15,30.71,42.79",31.55,83.93,31.86,80.13,32.06,85.15,30.71,42.79,true,0
session_20260623_163953_final,2031,221456,2026-06-23T16:43:34.935801,Okulary BME280,"31.55,83.94,31.86,79.89,32.06,85.04,30.71,42.76",31.55,83.94,31.86,79.89,32.06,85.04,30.71,42.76,true,0
session_20260623_163953_final,2032,221547,2026-06-23T16:43:35.026199,Okulary BME280,"31.55,83.88,31.86,79.66,32.06,84.92,30.71,42.75",31.55,83.88,31.86,79.66,32.06,84.92,30.71,42.75,true,0
session_20260623_163953_final,2033,221635,2026-06-23T16:43:35.114478,Okulary BME280,"31.55,83.87,31.86,79.42,32.05,84.82,30.71,42.74",31.55,83.87,31.86,79.42,32.05,84.82,30.71,42.74,true,0
session_20260623_163953_final,2034,221778,2026-06-23T16:43:35.257324,Okulary BME280,"31.55,83.87,31.86,79.21,32.06,84.68,30.71,42.72",31.55,83.87,31.86,79.21,32.06,84.68,30.71,42.72,true,0
session_20260623_163953_final,2035,221862,2026-06-23T16:43:35.340868,Okulary BME280,"31.54,83.87,31.86,79.00,32.06,84.50,30.71,42.65",31.54,83.87,31.86,79.00,32.06,84.50,30.71,42.65,true,0
session_20260623_163953_final,2036,221995,2026-06-23T16:43:35.474378,Okulary BME280,"31.54,83.86,31.86,78.76,32.07,84.39,30.71,42.61",31.54,83.86,31.86,78.76,32.07,84.39,30.71,42.61,true,0
session_20260623_163953_final,2037,222087,2026-06-23T16:43:35.566327,Okulary BME280,"31.54,83.84,31.85,78.53,32.07,84.28,30.71,42.59",31.54,83.84,31.85,78.53,32.07,84.28,30.71,42.59,true,0
session_20260623_163953_final,2038,222222,2026-06-23T16:43:35.701549,Okulary BME280,"31.54,83.83,31.85,78.32,32.08,84.20,30.71,42.55",31.54,83.83,31.85,78.32,32.08,84.20,30.71,42.55,true,0
session_20260623_163953_final,2039,222310,2026-06-23T16:43:35.789072,Okulary BME280,"31.54,83.77,31.85,78.05,32.09,84.16,30.71,42.53",31.54,83.77,31.85,78.05,32.09,84.16,30.71,42.53,true,0
session_20260623_163953_final,2040,222401,2026-06-23T16:43:35.880650,Okulary BME280,"31.54,83.81,31.86,77.93,32.10,84.15,30.71,42.50",31.54,83.81,31.86,77.93,32.10,84.15,30.71,42.50,true,0
session_20260623_163953_final,2041,222556,2026-06-23T16:43:36.035011,Okulary BME280,"31.54,83.82,31.86,77.83,32.11,84.15,30.71,42.47",31.54,83.82,31.86,77.83,32.11,84.15,30.71,42.47,true,0
session_20260623_163953_final,2042,222626,2026-06-23T16:43:36.105129,Okulary BME280,"31.54,83.81,31.87,77.81,32.13,84.12,30.71,42.43",31.54,83.81,31.87,77.81,32.13,84.12,30.71,42.43,true,0
session_20260623_163953_final,2043,222763,2026-06-23T16:43:36.242479,Okulary BME280,"31.54,83.79,31.88,77.94,32.14,84.28,30.71,42.43",31.54,83.79,31.88,77.94,32.14,84.28,30.71,42.43,true,0
session_20260623_163953_final,2044,222856,2026-06-23T16:43:36.335632,Okulary BME280,"31.54,83.80,31.90,78.20,32.18,84.89,30.71,42.40",31.54,83.80,31.90,78.20,32.18,84.89,30.71,42.40,true,0
session_20260623_163953_final,2045,222990,2026-06-23T16:43:36.469714,Okulary BME280,"31.55,83.78,31.93,78.52,32.23,85.19,30.71,42.40",31.55,83.78,31.93,78.52,32.23,85.19,30.71,42.40,true,0
session_20260623_163953_final,2046,223130,2026-06-23T16:43:36.609464,Okulary BME280,"31.55,83.79,31.97,78.88,32.29,85.46,30.71,42.39",31.55,83.79,31.97,78.88,32.29,85.46,30.71,42.39,true,0
session_20260623_163953_final,2047,223168,2026-06-23T16:43:36.647201,Okulary BME280,"31.55,83.80,32.02,79.25,32.37,85.68,30.71,42.38",31.55,83.80,32.02,79.25,32.37,85.68,30.71,42.38,true,0
session_20260623_163953_final,2048,223300,2026-06-23T16:43:36.779161,Okulary BME280,"31.55,83.75,32.09,79.97,32.44,85.87,30.71,42.37",31.55,83.75,32.09,79.97,32.44,85.87,30.71,42.37,true,0
session_20260623_163953_final,2049,223392,2026-06-23T16:43:36.871467,Okulary BME280,"31.55,83.77,32.12,80.31,32.51,86.02,30.72,42.35",31.55,83.77,32.12,80.31,32.51,86.02,30.72,42.35,true,0
session_20260623_163953_final,2050,223526,2026-06-23T16:43:37.004869,Okulary BME280,"31.55,83.76,32.16,80.63,32.57,86.16,30.71,42.33",31.55,83.76,32.16,80.63,32.57,86.16,30.71,42.33,true,0
session_20260623_163953_final,2051,223615,2026-06-23T16:43:37.094039,Okulary BME280,"31.55,83.76,32.18,80.92,32.62,86.29,30.72,42.29",31.55,83.76,32.18,80.92,32.62,86.29,30.72,42.29,true,0
session_20260623_163953_final,2052,223707,2026-06-23T16:43:37.186325,Okulary BME280,"31.55,83.75,32.20,81.21,32.67,86.37,30.72,42.28",31.55,83.75,32.20,81.21,32.67,86.37,30.72,42.28,true,0
session_20260623_163953_final,2053,223855,2026-06-23T16:43:37.334721,Okulary BME280,"31.56,83.76,32.22,81.47,32.76,86.56,30.71,42.26",31.56,83.76,32.22,81.47,32.76,86.56,30.71,42.26,true,0
session_20260623_163953_final,2054,223930,2026-06-23T16:43:37.409309,Okulary BME280,"31.55,83.75,32.23,81.72,32.80,86.63,30.71,42.28",31.55,83.75,32.23,81.72,32.80,86.63,30.71,42.28,true,0
session_20260623_163953_final,2055,224067,2026-06-23T16:43:37.546064,Okulary BME280,"31.55,83.75,32.24,81.97,32.83,86.70,30.72,42.33",31.55,83.75,32.24,81.97,32.83,86.70,30.72,42.33,true,0
session_20260623_163953_final,2056,224159,2026-06-23T16:43:37.638693,Okulary BME280,"31.56,83.76,32.25,82.17,32.85,86.75,30.71,42.44",31.56,83.76,32.25,82.17,32.85,86.75,30.71,42.44,true,0
session_20260623_163953_final,2057,224307,2026-06-23T16:43:37.785888,Okulary BME280,"31.56,83.75,32.27,82.57,32.88,86.78,30.71,42.57",31.56,83.75,32.27,82.57,32.88,86.78,30.71,42.57,true,0
session_20260623_163953_final,2058,224381,2026-06-23T16:43:37.860522,Okulary BME280,"31.56,83.74,32.28,82.76,32.90,86.83,30.72,42.66",31.56,83.74,32.28,82.76,32.90,86.83,30.72,42.66,true,0
session_20260623_163953_final,2059,224472,2026-06-23T16:43:37.951074,Okulary BME280,"31.56,83.74,32.29,82.92,32.91,86.87,30.72,42.73",31.56,83.74,32.29,82.92,32.91,86.87,30.72,42.73,true,0
session_20260623_163953_final,2060,224606,2026-06-23T16:43:38.084920,Okulary BME280,"31.56,83.73,32.29,83.07,32.93,86.91,30.72,42.80",31.56,83.73,32.29,83.07,32.93,86.91,30.72,42.80,true,0
session_20260623_163953_final,2061,224697,2026-06-23T16:43:38.176228,Okulary BME280,"31.56,83.73,32.30,83.24,32.94,86.94,30.72,42.86",31.56,83.73,32.30,83.24,32.94,86.94,30.72,42.86,true,0
session_20260623_163953_final,2062,224830,2026-06-23T16:43:38.308925,Okulary BME280,"31.56,83.71,32.31,83.37,32.96,86.96,30.72,42.92",31.56,83.71,32.31,83.37,32.96,86.96,30.72,42.92,true,0
session_20260623_163953_final,2063,224920,2026-06-23T16:43:38.399495,Okulary BME280,"31.56,83.70,32.31,83.51,32.96,86.93,30.72,42.95",31.56,83.70,32.31,83.51,32.96,86.93,30.72,42.95,true,0
session_20260623_163953_final,2064,225056,2026-06-23T16:43:38.535067,Okulary BME280,"31.56,83.70,32.31,83.61,32.95,86.88,30.72,42.99",31.56,83.70,32.31,83.61,32.95,86.88,30.72,42.99,true,0
session_20260623_163953_final,2065,225160,2026-06-23T16:43:38.639266,Okulary BME280,"31.57,83.68,32.31,83.65,32.93,86.83,30.72,43.01",31.57,83.68,32.31,83.65,32.93,86.83,30.72,43.01,true,0
session_20260623_163953_final,2066,225235,2026-06-23T16:43:38.714053,Okulary BME280,"31.57,83.68,32.26,83.47,32.89,86.73,30.72,43.01",31.57,83.68,32.26,83.47,32.89,86.73,30.72,43.01,true,0
session_20260623_163953_final,2067,225371,2026-06-23T16:43:38.850418,Okulary BME280,"31.56,83.66,32.20,83.22,32.84,86.58,30.72,43.00",31.56,83.66,32.20,83.22,32.84,86.58,30.72,43.00,true,0
session_20260623_163953_final,2068,225481,2026-06-23T16:43:38.960785,Okulary BME280,"31.57,83.65,32.11,82.92,32.76,86.40,30.72,42.99",31.57,83.65,32.11,82.92,32.76,86.40,30.72,42.99,true,0
session_20260623_163953_final,2069,225613,2026-06-23T16:43:39.092238,Okulary BME280,"31.57,83.65,32.03,82.61,32.65,86.15,30.72,42.96",31.57,83.65,32.03,82.61,32.65,86.15,30.72,42.96,true,0
session_20260623_163953_final,2070,225689,2026-06-23T16:43:39.168450,Okulary BME280,"31.56,83.64,31.96,82.30,32.55,86.00,30.72,42.95",31.56,83.64,31.96,82.30,32.55,86.00,30.72,42.95,true,0
session_20260623_163953_final,2071,225776,2026-06-23T16:43:39.255583,Okulary BME280,"31.56,83.63,31.91,82.01,32.35,85.68,30.72,42.91",31.56,83.63,31.91,82.01,32.35,85.68,30.72,42.91,true,0
session_20260623_163953_final,2072,225925,2026-06-23T16:43:39.404083,Okulary BME280,"31.56,83.61,31.87,81.69,32.28,85.52,30.72,42.91",31.56,83.61,31.87,81.69,32.28,85.52,30.72,42.91,true,0
session_20260623_163953_final,2073,226001,2026-06-23T16:43:39.480106,Okulary BME280,"31.56,83.64,31.85,81.42,32.21,85.34,30.72,42.91",31.56,83.64,31.85,81.42,32.21,85.34,30.72,42.91,true,0
session_20260623_163953_final,2074,226135,2026-06-23T16:43:39.614731,Okulary BME280,"31.56,83.58,31.83,81.07,32.16,85.18,30.72,42.91",31.56,83.58,31.83,81.07,32.16,85.18,30.72,42.91,true,0
session_20260623_163953_final,2075,226225,2026-06-23T16:43:39.704763,Okulary BME280,"31.55,83.59,31.82,80.48,32.11,85.03,30.72,42.91",31.55,83.59,31.82,80.48,32.11,85.03,30.72,42.91,true,0
session_20260623_163953_final,2076,226361,2026-06-23T16:43:39.840715,Okulary BME280,"31.55,83.58,31.81,80.17,32.09,84.92,30.72,42.89",31.55,83.58,31.81,80.17,32.09,84.92,30.72,42.89,true,0
session_20260623_163953_final,2077,226452,2026-06-23T16:43:39.931150,Okulary BME280,"31.55,83.56,31.80,79.85,32.07,84.81,30.72,42.87",31.55,83.56,31.80,79.85,32.07,84.81,30.72,42.87,true,0
session_20260623_163953_final,2078,226542,2026-06-23T16:43:40.021299,Okulary BME280,"31.55,83.55,31.80,79.55,32.07,84.67,30.72,42.84",31.55,83.55,31.80,79.55,32.07,84.67,30.72,42.84,true,0
session_20260623_163953_final,2079,226681,2026-06-23T16:43:40.159906,Okulary BME280,"31.55,83.54,31.80,79.28,32.07,84.56,30.72,42.80",31.55,83.54,31.80,79.28,32.07,84.56,30.72,42.80,true,0
session_20260623_163953_final,2080,226766,2026-06-23T16:43:40.244963,Okulary BME280,"31.55,83.53,31.79,79.00,32.07,84.40,30.72,42.79",31.55,83.53,31.79,79.00,32.07,84.40,30.72,42.79,true,0
session_20260623_163953_final,2081,226901,2026-06-23T16:43:40.380797,Okulary BME280,"31.54,83.51,31.80,78.73,32.08,84.32,30.72,42.75",31.54,83.51,31.80,78.73,32.08,84.32,30.72,42.75,true,0
session_20260623_163953_final,2082,226993,2026-06-23T16:43:40.472290,Okulary BME280,"31.55,83.55,31.81,78.45,32.10,84.25,30.72,42.74",31.55,83.55,31.81,78.45,32.10,84.25,30.72,42.74,true,0
session_20260623_163953_final,2083,227125,2026-06-23T16:43:40.604751,Okulary BME280,"31.55,83.49,31.80,78.21,32.11,84.18,30.72,42.72",31.55,83.49,31.80,78.21,32.11,84.18,30.72,42.72,true,0
session_20260623_163953_final,2084,227231,2026-06-23T16:43:40.710220,Okulary BME280,"31.55,83.49,31.80,77.73,32.12,84.11,30.73,42.72",31.55,83.49,31.80,77.73,32.12,84.11,30.73,42.72,true,0
session_20260623_163953_final,2085,227306,2026-06-23T16:43:40.785253,Okulary BME280,"31.55,83.48,31.80,77.50,32.13,84.04,30.72,42.71",31.55,83.48,31.80,77.50,32.13,84.04,30.72,42.71,true,0
session_20260623_163953_final,2086,227445,2026-06-23T16:43:40.924781,Okulary BME280,"31.55,83.47,31.80,77.28,32.14,83.96,30.73,42.72",31.55,83.47,31.80,77.28,32.14,83.96,30.73,42.72,true,0
session_20260623_163953_final,2087,227530,2026-06-23T16:43:41.009034,Okulary BME280,"31.54,83.46,31.80,77.12,32.15,83.89,30.72,42.71",31.54,83.46,31.80,77.12,32.15,83.89,30.72,42.71,true,0
session_20260623_163953_final,2088,227669,2026-06-23T16:43:41.148641,Okulary BME280,"31.55,83.45,31.81,76.99,32.16,83.77,30.73,42.74",31.55,83.45,31.81,76.99,32.16,83.77,30.73,42.74,true,0
session_20260623_163953_final,2089,227759,2026-06-23T16:43:41.238482,Okulary BME280,"31.55,83.44,31.82,77.08,32.16,84.09,30.73,42.71",31.55,83.44,31.82,77.08,32.16,84.09,30.73,42.71,true,0
session_20260623_163953_final,2090,227890,2026-06-23T16:43:41.369649,Okulary BME280,"31.55,83.43,31.84,77.35,32.20,84.44,30.73,42.70",31.55,83.43,31.84,77.35,32.20,84.44,30.73,42.70,true,0
session_20260623_163953_final,2091,227982,2026-06-23T16:43:41.461532,Okulary BME280,"31.55,83.44,31.88,77.69,32.24,84.78,30.73,42.69",31.55,83.44,31.88,77.69,32.24,84.78,30.73,42.69,true,0
session_20260623_163953_final,2092,228079,2026-06-23T16:43:41.558398,Okulary BME280,"31.55,83.43,31.93,78.08,32.31,85.07,30.73,42.67",31.55,83.43,31.93,78.08,32.31,85.07,30.73,42.67,true,0
session_20260623_163953_final,2093,228205,2026-06-23T16:43:41.684454,Okulary BME280,"31.55,83.40,32.02,78.87,32.39,85.31,30.73,42.66",31.55,83.40,32.02,78.87,32.39,85.31,30.73,42.66,true,0
session_20260623_163953_final,2094,228296,2026-06-23T16:43:41.775377,Okulary BME280,"31.55,83.40,32.05,79.24,32.46,85.50,30.73,42.64",31.55,83.40,32.05,79.24,32.46,85.50,30.73,42.64,true,0
session_20260623_163953_final,2095,228430,2026-06-23T16:43:41.909314,Okulary BME280,"31.56,83.39,32.08,79.60,32.53,85.67,30.74,42.63",31.56,83.39,32.08,79.60,32.53,85.67,30.74,42.63,true,0
session_20260623_163953_final,2096,228523,2026-06-23T16:43:42.002266,Okulary BME280,"31.55,83.40,32.11,79.94,32.58,85.83,30.73,42.62",31.55,83.40,32.11,79.94,32.58,85.83,30.73,42.62,true,0
session_20260623_163953_final,2097,228611,2026-06-23T16:43:42.090022,Okulary BME280,"31.56,83.39,32.15,80.28,32.70,86.06,30.74,42.60",31.56,83.39,32.15,80.28,32.70,86.06,30.74,42.60,true,0
session_20260623_163953_final,2098,228746,2026-06-23T16:43:42.225787,Okulary BME280,"31.56,83.39,32.17,80.58,32.74,86.17,30.74,42.56",31.56,83.39,32.17,80.58,32.74,86.17,30.74,42.56,true,0
session_20260623_163953_final,2099,228840,2026-06-23T16:43:42.319208,Okulary BME280,"31.57,83.43,32.19,80.87,32.79,86.24,30.73,42.55",31.57,83.43,32.19,80.87,32.79,86.24,30.73,42.55,true,0
session_20260623_163953_final,2100,228980,2026-06-23T16:43:42.459012,Okulary BME280,"31.57,83.33,32.20,81.14,32.82,86.33,30.74,42.53",31.57,83.33,32.20,81.14,32.82,86.33,30.74,42.53,true,0
session_20260623_163953_final,2101,229061,2026-06-23T16:43:42.540558,Okulary BME280,"31.57,83.38,32.22,81.39,32.85,86.39,30.74,42.52",31.57,83.38,32.22,81.39,32.85,86.39,30.74,42.52,true,0
session_20260623_163953_final,2102,229198,2026-06-23T16:43:42.677524,Okulary BME280,"31.57,83.37,32.24,81.84,32.87,86.45,30.73,42.50",31.57,83.37,32.24,81.84,32.87,86.45,30.73,42.50,true,0
session_20260623_163953_final,2103,229287,2026-06-23T16:43:42.766246,Okulary BME280,"31.57,83.36,32.25,82.04,32.90,86.49,30.74,42.50",31.57,83.36,32.25,82.04,32.90,86.49,30.74,42.50,true,0
session_20260623_163953_final,2104,229375,2026-06-23T16:43:42.854317,Okulary BME280,"31.58,83.36,32.26,82.24,32.91,86.50,30.73,42.51",31.58,83.36,32.26,82.24,32.91,86.50,30.73,42.51,true,0
session_20260623_163953_final,2105,229516,2026-06-23T16:43:42.995693,Okulary BME280,"31.58,83.36,32.27,82.43,32.93,86.57,30.73,42.50",31.58,83.36,32.27,82.43,32.93,86.57,30.73,42.50,true,0
session_20260623_163953_final,2106,229602,2026-06-23T16:43:43.081040,Okulary BME280,"31.58,83.35,32.27,82.58,32.93,86.61,30.73,42.49",31.58,83.35,32.27,82.58,32.93,86.61,30.73,42.49,true,0
session_20260623_163953_final,2107,229741,2026-06-23T16:43:43.220344,Okulary BME280,"31.58,83.34,32.27,82.75,32.94,86.61,30.74,42.49",31.58,83.34,32.27,82.75,32.94,86.61,30.74,42.49,true,0
session_20260623_163953_final,2108,229836,2026-06-23T16:43:43.315620,Okulary BME280,"31.58,83.35,32.28,82.89,32.93,86.59,30.73,42.49",31.58,83.35,32.28,82.89,32.93,86.59,30.73,42.49,true,0
session_20260623_163953_final,2109,229977,2026-06-23T16:43:43.456679,Okulary BME280,"31.58,83.34,32.28,83.02,32.92,86.55,30.73,42.48",31.58,83.34,32.28,83.02,32.92,86.55,30.73,42.48,true,0
session_20260623_163953_final,2110,230051,2026-06-23T16:43:43.530631,Okulary BME280,"31.58,83.31,32.27,83.15,32.89,86.51,30.73,42.48",31.58,83.31,32.27,83.15,32.89,86.51,30.73,42.48,true,0
session_20260623_163953_final,2111,230147,2026-06-23T16:43:43.626737,Okulary BME280,"31.58,83.30,32.25,83.34,32.86,86.45,30.73,42.46",31.58,83.30,32.25,83.34,32.86,86.45,30.73,42.46,true,0
session_20260623_163953_final,2112,230278,2026-06-23T16:43:43.757512,Okulary BME280,"31.58,83.29,32.24,83.43,32.83,86.38,30.74,42.46",31.58,83.29,32.24,83.43,32.83,86.38,30.74,42.46,true,0
session_20260623_163953_final,2113,230380,2026-06-23T16:43:43.859799,Okulary BME280,"31.58,83.29,32.23,83.50,32.79,86.26,30.74,42.46",31.58,83.29,32.23,83.50,32.79,86.26,30.74,42.46,true,0
session_20260623_163953_final,2114,230519,2026-06-23T16:43:43.997942,Okulary BME280,"31.58,83.27,32.22,83.56,32.75,86.29,30.73,42.48",31.58,83.27,32.22,83.56,32.75,86.29,30.73,42.48,true,0
session_20260623_163953_final,2115,230597,2026-06-23T16:43:44.076012,Okulary BME280,"31.58,83.26,32.20,83.63,32.69,86.27,30.74,42.48",31.58,83.26,32.20,83.63,32.69,86.27,30.74,42.48,true,0
session_20260623_163953_final,2116,230699,2026-06-23T16:43:44.178605,Okulary BME280,"31.58,83.25,32.19,83.70,32.67,86.24,30.74,42.50",31.58,83.25,32.19,83.70,32.67,86.24,30.74,42.50,true,0
session_20260623_163953_final,2117,230816,2026-06-23T16:43:44.295358,Okulary BME280,"31.58,83.26,32.19,83.76,32.65,86.21,30.74,42.49",31.58,83.26,32.19,83.76,32.65,86.21,30.74,42.49,true,0
session_20260623_163953_final,2118,230909,2026-06-23T16:43:44.388278,Okulary BME280,"31.58,83.23,32.19,83.82,32.63,86.18,30.74,42.49",31.58,83.23,32.19,83.82,32.63,86.18,30.74,42.49,true,0
session_20260623_163953_final,2119,231045,2026-06-23T16:43:44.524358,Okulary BME280,"31.57,83.24,32.18,83.84,32.61,86.13,30.74,42.48",31.57,83.24,32.18,83.84,32.61,86.13,30.74,42.48,true,0
session_20260623_163953_final,2120,231145,2026-06-23T16:43:44.624568,Okulary BME280,"31.57,83.23,32.12,83.32,32.57,85.95,30.74,42.46",31.57,83.23,32.12,83.32,32.57,85.95,30.74,42.46,true,0
session_20260623_163953_final,2121,231278,2026-06-23T16:43:44.757768,Okulary BME280,"31.57,83.21,32.04,82.97,32.49,85.76,30.74,42.44",31.57,83.21,32.04,82.97,32.49,85.76,30.74,42.44,true,0
session_20260623_163953_final,2122,231357,2026-06-23T16:43:44.836448,Okulary BME280,"31.57,83.20,31.97,82.61,32.40,85.60,30.74,42.42",31.57,83.20,31.97,82.61,32.40,85.60,30.74,42.42,true,0
session_20260623_163953_final,2123,231461,2026-06-23T16:43:44.940550,Okulary BME280,"31.57,83.20,31.91,82.23,32.31,85.38,30.74,42.39",31.57,83.20,31.91,82.23,32.31,85.38,30.74,42.39,true,0
session_20260623_163953_final,2124,231596,2026-06-23T16:43:45.074853,Okulary BME280,"31.57,83.17,31.87,81.88,32.17,85.08,30.74,42.37",31.57,83.17,31.87,81.88,32.17,85.08,30.74,42.37,true,0
session_20260623_163953_final,2125,231671,2026-06-23T16:43:45.150582,Okulary BME280,"31.57,83.16,31.83,81.51,32.12,84.95,30.74,42.32",31.57,83.16,31.83,81.51,32.12,84.95,30.74,42.32,true,0
session_20260623_163953_final,2126,231807,2026-06-23T16:43:45.286219,Okulary BME280,"31.57,83.11,31.81,81.16,32.10,84.82,30.74,42.32",31.57,83.11,31.81,81.16,32.10,84.82,30.74,42.32,true,0
session_20260623_163953_final,2127,231905,2026-06-23T16:43:45.384066,Okulary BME280,"31.56,83.11,31.79,80.84,32.08,84.67,30.74,42.31",31.56,83.11,31.79,80.84,32.08,84.67,30.74,42.31,true,0
session_20260623_163953_final,2128,232030,2026-06-23T16:43:45.509469,Okulary BME280,"31.56,83.10,31.78,80.48,32.07,84.53,30.74,42.30",31.56,83.10,31.78,80.48,32.07,84.53,30.74,42.30,true,0
session_20260623_163953_final,2129,232121,2026-06-23T16:43:45.600326,Okulary BME280,"31.56,83.10,31.76,79.82,32.06,84.41,30.74,42.29",31.56,83.10,31.76,79.82,32.06,84.41,30.74,42.29,true,0
session_20260623_163953_final,2130,232212,2026-06-23T16:43:45.691313,Okulary BME280,"31.56,83.09,31.76,79.52,32.07,84.30,30.74,42.29",31.56,83.09,31.76,79.52,32.07,84.30,30.74,42.29,true,0
session_20260623_163953_final,2131,232346,2026-06-23T16:43:45.824846,Okulary BME280,"31.56,83.08,31.75,79.26,32.07,84.25,30.74,42.29",31.56,83.08,31.75,79.26,32.07,84.25,30.74,42.29,true,0
session_20260623_163953_final,2132,232436,2026-06-23T16:43:45.915046,Okulary BME280,"31.55,83.06,31.76,79.04,32.08,84.17,30.74,42.29",31.55,83.06,31.76,79.04,32.08,84.17,30.74,42.29,true,0
session_20260623_163953_final,2133,232572,2026-06-23T16:43:46.051253,Okulary BME280,"31.55,83.05,31.76,78.85,32.11,84.06,30.74,42.30",31.55,83.05,31.76,78.85,32.11,84.06,30.74,42.30,true,0
session_20260623_163953_final,2134,232663,2026-06-23T16:43:46.142475,Okulary BME280,"31.55,83.07,31.77,78.78,32.13,84.23,30.74,42.27",31.55,83.07,31.77,78.78,32.13,84.23,30.74,42.27,true,0
session_20260623_163953_final,2135,232797,2026-06-23T16:43:46.276171,Okulary BME280,"31.56,83.00,31.79,78.92,32.15,84.55,30.74,42.22",31.56,83.00,31.79,78.92,32.15,84.55,30.74,42.22,true,0
session_20260623_163953_final,2136,232900,2026-06-23T16:43:46.379375,Okulary BME280,"31.56,83.01,31.83,79.20,32.20,84.90,30.74,42.20",31.56,83.01,31.83,79.20,32.20,84.90,30.74,42.20,true,0
session_20260623_163953_final,2137,232978,2026-06-23T16:43:46.457483,Okulary BME280,"31.56,83.00,31.88,79.48,32.27,85.23,30.74,42.17",31.56,83.00,31.88,79.48,32.27,85.23,30.74,42.17,true,0
session_20260623_163953_final,2138,233111,2026-06-23T16:43:46.590218,Okulary BME280,"31.56,82.99,32.00,80.20,32.36,85.48,30.74,42.15",31.56,82.99,32.00,80.20,32.36,85.48,30.74,42.15,true,0
session_20260623_163953_final,2139,233214,2026-06-23T16:43:46.693260,Okulary BME280,"31.57,82.99,32.04,80.53,32.45,85.68,30.74,42.13",31.57,82.99,32.04,80.53,32.45,85.68,30.74,42.13,true,0
session_20260623_163953_final,2140,233346,2026-06-23T16:43:46.825233,Okulary BME280,"31.56,82.99,32.09,80.86,32.54,85.85,30.74,42.10",31.56,82.99,32.09,80.86,32.54,85.85,30.74,42.10,true,0
session_20260623_163953_final,2141,233425,2026-06-23T16:43:46.904509,Okulary BME280,"31.57,82.98,32.13,81.16,32.62,85.98,30.73,42.07",31.57,82.98,32.13,81.16,32.62,85.98,30.73,42.07,true,0
session_20260623_163953_final,2142,233518,2026-06-23T16:43:46.997374,Okulary BME280,"31.57,82.98,32.16,81.44,32.76,86.28,30.73,42.03",31.57,82.98,32.16,81.44,32.76,86.28,30.73,42.03,true,0
session_20260623_163953_final,2143,233654,2026-06-23T16:43:47.133211,Okulary BME280,"31.57,82.95,32.19,81.74,32.81,86.38,30.74,42.03",31.57,82.95,32.19,81.74,32.81,86.38,30.74,42.03,true,0
session_20260623_163953_final,2144,233739,2026-06-23T16:43:47.218779,Okulary BME280,"31.57,82.98,32.22,81.99,32.87,86.47,30.73,41.96",31.57,82.98,32.22,81.99,32.87,86.47,30.73,41.96,true,0
session_20260623_163953_final,2145,233878,2026-06-23T16:43:47.357409,Okulary BME280,"31.57,82.98,32.24,82.24,32.91,86.54,30.73,41.94",31.57,82.98,32.24,82.24,32.91,86.54,30.73,41.94,true,0
session_20260623_163953_final,2146,233965,2026-06-23T16:43:47.444621,Okulary BME280,"31.57,82.97,32.25,82.46,32.95,86.61,30.73,41.94",31.57,82.97,32.25,82.46,32.95,86.61,30.73,41.94,true,0
session_20260623_163953_final,2147,234107,2026-06-23T16:43:47.586644,Okulary BME280,"31.57,82.97,32.28,82.87,32.99,86.68,30.73,41.93",31.57,82.97,32.28,82.87,32.99,86.68,30.73,41.93,true,0
session_20260623_163953_final,2148,234198,2026-06-23T16:43:47.677012,Okulary BME280,"31.58,82.96,32.30,83.04,33.02,86.72,30.73,41.93",31.58,82.96,32.30,83.04,33.02,86.72,30.73,41.93,true,0
session_20260623_163953_final,2149,234282,2026-06-23T16:43:47.761025,Okulary BME280,"31.58,82.96,32.31,83.21,33.05,86.75,30.73,41.93",31.58,82.96,32.31,83.21,33.05,86.75,30.73,41.93,true,0
session_20260623_163953_final,2150,234416,2026-06-23T16:43:47.895015,Okulary BME280,"31.58,82.94,32.32,83.37,33.06,86.79,30.73,41.94",31.58,82.94,32.32,83.37,33.06,86.79,30.73,41.94,true,0
session_20260623_163953_final,2151,234508,2026-06-23T16:43:47.987331,Okulary BME280,"31.58,82.99,32.32,83.51,33.08,86.80,30.73,41.95",31.58,82.99,32.32,83.51,33.08,86.80,30.73,41.95,true,0
session_20260623_163953_final,2152,234640,2026-06-23T16:43:48.119268,Okulary BME280,"31.58,82.92,32.32,83.63,33.07,86.79,30.73,41.96",31.58,82.92,32.32,83.63,33.07,86.79,30.73,41.96,true,0
session_20260623_163953_final,2153,234730,2026-06-23T16:43:48.209151,Okulary BME280,"31.58,82.92,32.32,83.75,33.05,86.78,30.73,41.97",31.58,82.92,32.32,83.75,33.05,86.78,30.73,41.97,true,0
session_20260623_163953_final,2154,234867,2026-06-23T16:43:48.346201,Okulary BME280,"31.58,82.92,32.32,83.87,33.03,86.72,30.73,42.00",31.58,82.92,32.32,83.87,33.03,86.72,30.73,42.00,true,0
session_20260623_163953_final,2155,234961,2026-06-23T16:43:48.440114,Okulary BME280,"31.58,82.91,32.31,83.94,33.00,86.63,30.74,42.03",31.58,82.91,32.31,83.94,33.00,86.63,30.74,42.03,true,0
session_20260623_163953_final,2156,235046,2026-06-23T16:43:48.525330,Okulary BME280,"31.57,82.89,32.27,83.89,32.96,86.55,30.73,42.07",31.57,82.89,32.27,83.89,32.96,86.55,30.73,42.07,true,0
session_20260623_163953_final,2157,235192,2026-06-23T16:43:48.671055,Okulary BME280,"31.57,82.88,32.23,83.72,32.91,86.49,30.73,42.11",31.57,82.88,32.23,83.72,32.91,86.49,30.73,42.11,true,0
session_20260623_163953_final,2158,235272,2026-06-23T16:43:48.751203,Okulary BME280,"31.58,82.87,32.16,83.52,32.86,86.40,30.74,42.15",31.58,82.87,32.16,83.52,32.86,86.40,30.74,42.15,true,0
session_20260623_163953_final,2159,235410,2026-06-23T16:43:48.889207,Okulary BME280,"31.57,82.86,32.09,83.26,32.81,86.28,30.74,42.18",31.57,82.86,32.09,83.26,32.81,86.28,30.74,42.18,true,0
session_20260623_163953_final,2160,235496,2026-06-23T16:43:48.975232,Okulary BME280,"31.57,82.84,32.03,82.99,32.62,85.86,30.73,42.20",31.57,82.84,32.03,82.99,32.62,85.86,30.73,42.20,true,0
session_20260623_163953_final,2161,235586,2026-06-23T16:43:49.065484,Okulary BME280,"31.57,82.77,31.98,82.69,32.51,85.66,30.74,42.23",31.57,82.77,31.98,82.69,32.51,85.66,30.74,42.23,true,0
session_20260623_163953_final,2162,235720,2026-06-23T16:43:49.199548,Okulary BME280,"31.56,82.82,31.93,82.40,32.40,85.47,30.74,42.23",31.56,82.82,31.93,82.40,32.40,85.47,30.74,42.23,true,0
session_20260623_163953_final,2163,235811,2026-06-23T16:43:49.290710,Okulary BME280,"31.56,82.82,31.89,82.09,32.29,85.31,30.74,42.22",31.56,82.82,31.89,82.09,32.29,85.31,30.74,42.22,true,0
session_20260623_163953_final,2164,235945,2026-06-23T16:43:49.424321,Okulary BME280,"31.56,82.80,31.86,81.79,32.22,85.20,30.73,42.22",31.56,82.80,31.86,81.79,32.22,85.20,30.73,42.22,true,0
session_20260623_163953_final,2165,236044,2026-06-23T16:43:49.523237,Okulary BME280,"31.56,82.80,31.82,81.17,32.16,85.08,30.74,42.22",31.56,82.80,31.82,81.17,32.16,85.08,30.74,42.22,true,0
session_20260623_163953_final,2166,236175,2026-06-23T16:43:49.653819,Okulary BME280,"31.56,82.79,31.81,80.85,32.12,84.95,30.74,42.23",31.56,82.79,31.81,80.85,32.12,84.95,30.74,42.23,true,0
session_20260623_163953_final,2167,236261,2026-06-23T16:43:49.740731,Okulary BME280,"31.56,82.79,31.81,80.52,32.09,84.82,30.74,42.23",31.56,82.79,31.81,80.52,32.09,84.82,30.74,42.23,true,0
session_20260623_163953_final,2168,236350,2026-06-23T16:43:49.829298,Okulary BME280,"31.56,82.77,31.80,80.20,32.08,84.69,30.74,42.23",31.56,82.77,31.80,80.20,32.08,84.69,30.74,42.23,true,0
session_20260623_163953_final,2169,236495,2026-06-23T16:43:49.974459,Okulary BME280,"31.56,82.72,31.80,79.88,32.06,84.44,30.74,42.22",31.56,82.72,31.80,79.88,32.06,84.44,30.74,42.22,true,0
session_20260623_163953_final,2170,236597,2026-06-23T16:43:50.076017,Okulary BME280,"31.56,82.75,31.79,79.60,32.06,84.32,30.74,42.22",31.56,82.75,31.79,79.60,32.06,84.32,30.74,42.22,true,0
session_20260623_163953_final,2171,236715,2026-06-23T16:43:50.193977,Okulary BME280,"31.55,82.75,31.79,79.33,32.06,84.21,30.74,42.27",31.55,82.75,31.79,79.33,32.06,84.21,30.74,42.27,true,0
session_20260623_163953_final,2172,236801,2026-06-23T16:43:50.280593,Okulary BME280,"31.56,82.75,31.79,79.08,32.07,84.10,30.74,42.28",31.56,82.75,31.79,79.08,32.07,84.10,30.74,42.28,true,0
session_20260623_163953_final,2173,236935,2026-06-23T16:43:50.414752,Okulary BME280,"31.55,82.75,31.79,78.83,32.07,84.00,30.74,42.29",31.55,82.75,31.79,78.83,32.07,84.00,30.74,42.29,true,0
session_20260623_163953_final,2174,237026,2026-06-23T16:43:50.505005,Okulary BME280,"31.56,82.74,31.80,78.39,32.08,83.91,30.74,42.29",31.56,82.74,31.80,78.39,32.08,83.91,30.74,42.29,true,0
session_20260623_163953_final,2175,237119,2026-06-23T16:43:50.598381,Okulary BME280,"31.56,82.73,31.80,78.23,32.09,83.83,30.74,42.29",31.56,82.73,31.80,78.23,32.09,83.83,30.74,42.29,true,0
session_20260623_163953_final,2176,237252,2026-06-23T16:43:50.731385,Okulary BME280,"31.56,82.73,31.81,78.04,32.11,83.79,30.74,42.30",31.56,82.73,31.81,78.04,32.11,83.79,30.74,42.30,true,0
session_20260623_163953_final,2177,237342,2026-06-23T16:43:50.821211,Okulary BME280,"31.56,82.74,31.81,77.88,32.11,83.70,30.75,42.30",31.56,82.74,31.81,77.88,32.11,83.70,30.75,42.30,true,0
session_20260623_163953_final,2178,237477,2026-06-23T16:43:50.956244,Okulary BME280,"31.56,82.76,31.82,77.75,32.13,83.67,30.74,42.31",31.56,82.76,31.82,77.75,32.13,83.67,30.74,42.31,true,0
session_20260623_163953_final,2179,237581,2026-06-23T16:43:51.060169,Okulary BME280,"31.56,82.71,31.83,77.77,32.14,83.76,30.74,42.31",31.56,82.71,31.83,77.77,32.14,83.76,30.74,42.31,true,0
session_20260623_163953_final,2180,237714,2026-06-23T16:43:51.193172,Okulary BME280,"31.56,82.69,31.84,77.88,32.16,83.93,30.74,42.31",31.56,82.69,31.84,77.88,32.16,83.93,30.74,42.31,true,0
session_20260623_163953_final,2181,237792,2026-06-23T16:43:51.271451,Okulary BME280,"31.56,82.69,31.86,78.07,32.17,84.17,30.75,42.31",31.56,82.69,31.86,78.07,32.17,84.17,30.75,42.31,true,0
session_20260623_163953_final,2182,237885,2026-06-23T16:43:51.364434,Okulary BME280,"31.57,82.70,31.88,78.33,32.20,84.39,30.75,42.33",31.57,82.70,31.88,78.33,32.20,84.39,30.75,42.33,true,0
session_20260623_163953_final,2183,238015,2026-06-23T16:43:51.494300,Okulary BME280,"31.57,82.70,31.94,78.95,32.22,84.64,30.75,42.31",31.57,82.70,31.94,78.95,32.22,84.64,30.75,42.31,true,0
session_20260623_163953_final,2184,238112,2026-06-23T16:43:51.590953,Okulary BME280,"31.57,82.70,31.97,79.29,32.27,84.90,30.74,42.31",31.57,82.70,31.97,79.29,32.27,84.90,30.74,42.31,true,0
session_20260623_163953_final,2185,238243,2026-06-23T16:43:51.722267,Okulary BME280,"31.57,82.67,32.01,79.62,32.32,85.13,30.74,42.30",31.57,82.67,32.01,79.62,32.32,85.13,30.74,42.30,true,0
session_20260623_163953_final,2186,238335,2026-06-23T16:43:51.814807,Okulary BME280,"31.57,82.73,32.04,79.94,32.40,85.53,30.74,42.29",31.57,82.73,32.04,79.94,32.40,85.53,30.74,42.29,true,0
session_20260623_163953_final,2187,238422,2026-06-23T16:43:51.901266,Okulary BME280,"31.57,82.66,32.07,80.26,32.54,85.65,30.75,42.30",31.57,82.66,32.07,80.26,32.54,85.65,30.75,42.30,true,0
session_20260623_163953_final,2188,238556,2026-06-23T16:43:52.035209,Okulary BME280,"31.57,82.66,32.10,80.56,32.59,85.80,30.74,42.30",31.57,82.66,32.10,80.56,32.59,85.80,30.74,42.30,true,0
session_20260623_163953_final,2189,238645,2026-06-23T16:43:52.124252,Okulary BME280,"31.57,82.66,32.13,80.85,32.65,85.92,30.75,42.23",31.57,82.66,32.13,80.85,32.65,85.92,30.75,42.23,true,0
session_20260623_163953_final,2190,238782,2026-06-23T16:43:52.261442,Okulary BME280,"31.57,82.67,32.15,81.14,32.71,86.00,30.74,42.23",31.57,82.67,32.15,81.14,32.71,86.00,30.74,42.23,true,0
session_20260623_163953_final,2191,238873,2026-06-23T16:43:52.352433,Okulary BME280,"31.58,82.66,32.17,81.38,32.75,86.08,30.74,42.22",31.58,82.66,32.17,81.38,32.75,86.08,30.74,42.22,true,0
session_20260623_163953_final,2192,239019,2026-06-23T16:43:52.497846,Okulary BME280,"31.58,82.66,32.21,81.85,32.79,86.16,30.74,42.21",31.58,82.66,32.21,81.85,32.79,86.16,30.74,42.21,true,0
session_20260623_163953_final,2193,239097,2026-06-23T16:43:52.575891,Okulary BME280,"31.58,82.66,32.22,82.05,32.82,86.23,30.74,42.20",31.58,82.66,32.22,82.05,32.82,86.23,30.74,42.20,true,0
session_20260623_163953_final,2194,239195,2026-06-23T16:43:52.673936,Okulary BME280,"31.58,82.65,32.23,82.24,32.86,86.32,30.74,42.19",31.58,82.65,32.23,82.24,32.86,86.32,30.74,42.19,true,0
session_20260623_163953_final,2195,239321,2026-06-23T16:43:52.800660,Okulary BME280,"31.58,82.61,32.25,82.45,32.91,86.42,30.74,42.17",31.58,82.61,32.25,82.45,32.91,86.42,30.74,42.17,true,0
session_20260623_163953_final,2196,239413,2026-06-23T16:43:52.892228,Okulary BME280,"31.58,82.65,32.25,82.61,32.93,86.44,30.74,42.17",31.58,82.65,32.25,82.61,32.93,86.44,30.74,42.17,true,0
session_20260623_163953_final,2197,239544,2026-06-23T16:43:53.023682,Okulary BME280,"31.58,82.65,32.27,82.79,32.95,86.48,30.74,42.11",31.58,82.65,32.27,82.79,32.95,86.48,30.74,42.11,true,0
session_20260623_163953_final,2198,239638,2026-06-23T16:43:53.116907,Okulary BME280,"31.58,82.65,32.27,82.95,32.97,86.52,30.74,42.11",31.58,82.65,32.27,82.95,32.97,86.52,30.74,42.11,true,0
session_20260623_163953_final,2199,239790,2026-06-23T16:43:53.269435,Okulary BME280,"31.58,82.65,32.28,83.08,32.98,86.56,30.73,42.11",31.58,82.65,32.28,83.08,32.98,86.56,30.73,42.11,true,0
session_20260623_163953_final,2200,239860,2026-06-23T16:43:53.339162,Okulary BME280,"31.58,82.65,32.28,83.23,32.98,86.59,30.73,42.11",31.58,82.65,32.28,83.23,32.98,86.59,30.73,42.11,true,0
session_20260623_163953_final,2201,239950,2026-06-23T16:43:53.429392,Okulary BME280,"31.58,82.64,32.29,83.48,32.99,86.59,30.73,42.10",31.58,82.64,32.29,83.48,32.99,86.59,30.73,42.10,true,0
session_20260623_163953_final,2202,240091,2026-06-23T16:43:53.570131,Okulary BME280,"31.58,82.64,32.29,83.59,32.99,86.62,30.74,42.10",31.58,82.64,32.29,83.59,32.99,86.62,30.74,42.10,true,0
session_20260623_163953_final,2203,240177,2026-06-23T16:43:53.656224,Okulary BME280,"31.58,82.60,32.28,83.68,32.98,86.58,30.73,42.09",31.58,82.60,32.28,83.68,32.98,86.58,30.73,42.09,true,0
session_20260623_163953_final,2204,240311,2026-06-23T16:43:53.790163,Okulary BME280,"31.58,82.66,32.28,83.79,32.95,86.52,30.73,42.08",31.58,82.66,32.28,83.79,32.95,86.52,30.73,42.08,true,0
session_20260623_163953_final,2205,240402,2026-06-23T16:43:53.881201,Okulary BME280,"31.58,82.64,32.27,83.87,32.93,86.47,30.74,42.08",31.58,82.64,32.27,83.87,32.93,86.47,30.74,42.08,true,0
session_20260623_163953_final,2206,240493,2026-06-23T16:43:53.971978,Okulary BME280,"31.58,82.64,32.26,83.87,32.89,86.41,30.74,42.09",31.58,82.64,32.26,83.87,32.89,86.41,30.74,42.09,true,0
session_20260623_163953_final,2207,240626,2026-06-23T16:43:54.105675,Okulary BME280,"31.58,82.62,32.24,83.79,32.86,86.35,30.74,42.13",31.58,82.62,32.24,83.79,32.86,86.35,30.74,42.13,true,0
session_20260623_163953_final,2208,240725,2026-06-23T16:43:54.203932,Okulary BME280,"31.58,82.62,32.20,83.61,32.81,86.23,30.74,42.14",31.58,82.62,32.20,83.61,32.81,86.23,30.74,42.14,true,0
session_20260623_163953_final,2209,240850,2026-06-23T16:43:54.329643,Okulary BME280,"31.58,82.62,32.14,83.41,32.74,86.04,30.74,42.16",31.58,82.62,32.14,83.41,32.74,86.04,30.74,42.16,true,0
session_20260623_163953_final,2210,240941,2026-06-23T16:43:54.420501,Okulary BME280,"31.58,82.62,32.00,82.83,32.64,85.82,30.74,42.18",31.58,82.62,32.00,82.83,32.64,85.82,30.74,42.18,true,0
session_20260623_163953_final,2211,241076,2026-06-23T16:43:54.555459,Okulary BME280,"31.58,82.64,31.94,82.52,32.53,85.56,30.74,42.22",31.58,82.64,31.94,82.52,32.53,85.56,30.74,42.22,true,0
session_20260623_163953_final,2212,241165,2026-06-23T16:43:54.644497,Okulary BME280,"31.58,82.62,31.89,82.22,32.41,85.39,30.74,42.27",31.58,82.62,31.89,82.22,32.41,85.39,30.74,42.27,true,0
session_20260623_163953_final,2213,241264,2026-06-23T16:43:54.743695,Okulary BME280,"31.57,82.61,31.86,81.92,32.22,85.04,30.75,42.29",31.57,82.61,31.86,81.92,32.22,85.04,30.75,42.29,true,0
session_20260623_163953_final,2214,241407,2026-06-23T16:43:54.886444,Okulary BME280,"31.57,82.61,31.83,81.59,32.15,84.88,30.75,42.31",31.57,82.61,31.83,81.59,32.15,84.88,30.75,42.31,true,0
session_20260623_163953_final,2215,241484,2026-06-23T16:43:54.963318,Okulary BME280,"31.57,82.61,31.82,81.28,32.09,84.72,30.74,42.30",31.57,82.61,31.82,81.28,32.09,84.72,30.74,42.30,true,0
session_20260623_163953_final,2216,241618,2026-06-23T16:43:55.097535,Okulary BME280,"31.57,82.61,31.80,80.98,32.05,84.58,30.75,42.37",31.57,82.61,31.80,80.98,32.05,84.58,30.75,42.37,true,0
session_20260623_163953_final,2217,241707,2026-06-23T16:43:55.186411,Okulary BME280,"31.57,82.60,31.80,80.69,32.02,84.45,30.75,42.40",31.57,82.60,31.80,80.69,32.02,84.45,30.75,42.40,true,0
session_20260623_163953_final,2218,241840,2026-06-23T16:43:55.319569,Okulary BME280,"31.57,82.60,31.79,80.39,32.01,84.33,30.75,42.40",31.57,82.60,31.79,80.39,32.01,84.33,30.75,42.40,true,0
session_20260623_163953_final,2219,241931,2026-06-23T16:43:55.410170,Okulary BME280,"31.57,82.58,31.79,79.84,32.00,84.23,30.75,42.41",31.57,82.58,31.79,79.84,32.00,84.23,30.75,42.41,true,0
session_20260623_163953_final,2220,242022,2026-06-23T16:43:55.500856,Okulary BME280,"31.57,82.65,31.79,79.56,32.00,84.10,30.75,42.42",31.57,82.65,31.79,79.56,32.00,84.10,30.75,42.42,true,0
session_20260623_163953_final,2221,242156,2026-06-23T16:43:55.635646,Okulary BME280,"31.57,82.57,31.79,79.32,32.02,83.99,30.75,42.42",31.57,82.57,31.79,79.32,32.02,83.99,30.75,42.42,true,0
session_20260623_163953_final,2222,242249,2026-06-23T16:43:55.728702,Okulary BME280,"31.56,82.57,31.79,79.08,32.04,83.82,30.75,42.44",31.56,82.57,31.79,79.08,32.04,83.82,30.75,42.44,true,0
session_20260623_163953_final,2223,242395,2026-06-23T16:43:55.874148,Okulary BME280,"31.56,82.57,31.79,78.84,32.06,83.78,30.75,42.45",31.56,82.57,31.79,78.84,32.06,83.78,30.75,42.45,true,0
session_20260623_163953_final,2224,242470,2026-06-23T16:43:55.949042,Okulary BME280,"31.56,82.56,31.80,78.61,32.08,83.72,30.75,42.47",31.56,82.56,31.80,78.61,32.08,83.72,30.75,42.47,true,0
session_20260623_163953_final,2225,242576,2026-06-23T16:43:56.055126,Okulary BME280,"31.56,82.55,31.80,78.42,32.09,83.71,30.76,42.49",31.56,82.55,31.80,78.42,32.09,83.71,30.76,42.49,true,0
session_20260623_163953_final,2226,242716,2026-06-23T16:43:56.195797,Okulary BME280,"31.56,82.54,31.80,78.30,32.11,83.78,30.76,42.50",31.56,82.54,31.80,78.30,32.11,83.78,30.76,42.50,true,0
session_20260623_163953_final,2227,242786,2026-06-23T16:43:56.265344,Okulary BME280,"31.56,82.54,31.82,78.59,32.13,84.02,30.76,42.51",31.56,82.54,31.82,78.59,32.13,84.02,30.76,42.51,true,0
session_20260623_163953_final,2228,242921,2026-06-23T16:43:56.400332,Okulary BME280,"31.56,82.53,31.88,78.84,32.15,84.31,30.76,42.54",31.56,82.53,31.88,78.84,32.15,84.31,30.76,42.54,true,0
session_20260623_163953_final,2229,243011,2026-06-23T16:43:56.490623,Okulary BME280,"31.56,82.50,31.92,79.16,32.20,84.59,30.76,42.56",31.56,82.50,31.92,79.16,32.20,84.59,30.76,42.56,true,0
session_20260623_163953_final,2230,243166,2026-06-23T16:43:56.645102,Okulary BME280,"31.56,82.52,31.96,79.50,32.26,84.89,30.76,42.57",31.56,82.52,31.96,79.50,32.26,84.89,30.76,42.57,true,0
session_20260623_163953_final,2231,243238,2026-06-23T16:43:56.717238,Okulary BME280,"31.56,82.50,32.01,79.84,32.42,85.33,30.76,42.58",31.56,82.50,32.01,79.84,32.42,85.33,30.76,42.58,true,0
session_20260623_163953_final,2232,243326,2026-06-23T16:43:56.805359,Okulary BME280,"31.56,82.50,32.05,80.16,32.49,85.51,30.77,42.61",31.56,82.50,32.05,80.16,32.49,85.51,30.77,42.61,true,0
session_20260623_163953_final,2233,243460,2026-06-23T16:43:56.939439,Okulary BME280,"31.56,82.50,32.08,80.49,32.55,85.67,30.76,42.62",31.56,82.50,32.08,80.49,32.55,85.67,30.76,42.62,true,0
session_20260623_163953_final,2234,243553,2026-06-23T16:43:57.032599,Okulary BME280,"31.56,82.49,32.11,80.77,32.62,85.79,30.77,42.63",31.56,82.49,32.11,80.77,32.62,85.79,30.77,42.63,true,0
session_20260623_163953_final,2235,243686,2026-06-23T16:43:57.165513,Okulary BME280,"31.57,82.49,32.14,81.05,32.67,85.91,30.76,42.65",31.57,82.49,32.14,81.05,32.67,85.91,30.76,42.65,true,0
session_20260623_163953_final,2236,243775,2026-06-23T16:43:57.254443,Okulary BME280,"31.57,82.49,32.16,81.57,32.73,86.00,30.76,42.67",31.57,82.49,32.16,81.57,32.73,86.00,30.76,42.67,true,0
session_20260623_163953_final,2237,243917,2026-06-23T16:43:57.396589,Okulary BME280,"31.57,82.50,32.20,81.82,32.78,86.09,30.76,42.68",31.57,82.50,32.20,81.82,32.78,86.09,30.76,42.68,true,0
session_20260623_163953_final,2238,244015,2026-06-23T16:43:57.494532,Okulary BME280,"31.57,82.49,32.22,82.05,32.82,86.17,30.77,42.69",31.57,82.49,32.22,82.05,32.82,86.17,30.77,42.69,true,0
session_20260623_163953_final,2239,244093,2026-06-23T16:43:57.572767,Okulary BME280,"31.57,82.47,32.23,82.25,32.86,86.30,30.77,42.70",31.57,82.47,32.23,82.25,32.86,86.30,30.77,42.70,true,0
session_20260623_163953_final,2240,244233,2026-06-23T16:43:57.712017,Okulary BME280,"31.57,82.48,32.25,82.46,32.92,86.38,30.77,42.71",31.57,82.48,32.25,82.46,32.92,86.38,30.77,42.71,true,0
session_20260623_163953_final,2241,244318,2026-06-23T16:43:57.797683,Okulary BME280,"31.57,82.48,32.26,82.64,32.94,86.41,30.77,42.77",31.57,82.48,32.26,82.64,32.94,86.41,30.77,42.77,true,0
session_20260623_163953_final,2242,244455,2026-06-23T16:43:57.934610,Okulary BME280,"31.57,82.47,32.27,82.79,32.96,86.44,30.76,42.75",31.57,82.47,32.27,82.79,32.96,86.44,30.76,42.75,true,0
session_20260623_163953_final,2243,244540,2026-06-23T16:43:58.019802,Okulary BME280,"31.57,82.46,32.28,82.95,32.97,86.46,30.76,42.75",31.57,82.46,32.28,82.95,32.97,86.46,30.76,42.75,true,0
session_20260623_163953_final,2244,244676,2026-06-23T16:43:58.155080,Okulary BME280,"31.57,82.45,32.28,83.09,32.98,86.48,30.76,42.75",31.57,82.45,32.28,83.09,32.98,86.48,30.76,42.75,true,0
session_20260623_163953_final,2245,244767,2026-06-23T16:43:58.245864,Okulary BME280,"31.57,82.46,32.28,83.35,32.98,86.49,30.76,42.72",31.57,82.46,32.28,83.35,32.98,86.49,30.76,42.72,true,0
session_20260623_163953_final,2246,244872,2026-06-23T16:43:58.351262,Okulary BME280,"31.57,82.44,32.28,83.48,32.96,86.48,30.76,42.70",31.57,82.44,32.28,83.48,32.96,86.48,30.76,42.70,true,0
session_20260623_163953_final,2247,244992,2026-06-23T16:43:58.470900,Okulary BME280,"31.57,82.37,32.27,83.56,32.95,86.44,30.76,42.68",31.57,82.37,32.27,83.56,32.95,86.44,30.76,42.68,true,0
session_20260623_163953_final,2248,245081,2026-06-23T16:43:58.560737,Okulary BME280,"31.57,82.44,32.25,83.59,32.92,86.38,30.76,42.66",31.57,82.44,32.25,83.59,32.92,86.38,30.76,42.66,true,0
session_20260623_163953_final,2249,245217,2026-06-23T16:43:58.696030,Okulary BME280,"31.57,82.42,32.23,83.59,32.85,86.22,30.76,42.68",31.57,82.42,32.23,83.59,32.85,86.22,30.76,42.68,true,0
session_20260623_163953_final,2250,245306,2026-06-23T16:43:58.785399,Okulary BME280,"31.57,82.43,32.20,83.51,32.80,86.13,30.76,42.70",31.57,82.43,32.20,83.51,32.80,86.13,30.76,42.70,true,0
session_20260623_163953_final,2251,245396,2026-06-23T16:43:58.875686,Okulary BME280,"31.57,82.41,32.15,83.35,32.74,86.01,30.76,42.76",31.57,82.41,32.15,83.35,32.74,86.01,30.76,42.76,true,0
session_20260623_163953_final,2252,245535,2026-06-23T16:43:59.014041,Okulary BME280,"31.57,82.40,32.09,83.14,32.65,85.83,30.75,42.88",31.57,82.40,32.09,83.14,32.65,85.83,30.75,42.88,true,0
session_20260623_163953_final,2253,245622,2026-06-23T16:43:59.100816,Okulary BME280,"31.57,82.40,32.03,82.89,32.56,85.64,30.76,42.98",31.57,82.40,32.03,82.89,32.56,85.64,30.76,42.98,true,0
session_20260623_163953_final,2254,245756,2026-06-23T16:43:59.235257,Okulary BME280,"31.57,82.38,31.97,82.32,32.47,85.47,30.76,43.06",31.57,82.38,31.97,82.32,32.47,85.47,30.76,43.06,true,0
session_20260623_163953_final,2255,245845,2026-06-23T16:43:59.324165,Okulary BME280,"31.57,82.39,31.88,82.00,32.37,85.29,30.76,43.12",31.57,82.39,31.88,82.00,32.37,85.29,30.76,43.12,true,0
session_20260623_163953_final,2256,245980,2026-06-23T16:43:59.458911,Okulary BME280,"31.56,82.38,31.85,81.67,32.29,85.15,30.76,43.18",31.56,82.38,31.85,81.67,32.29,85.15,30.76,43.18,true,0
session_20260623_163953_final,2257,246074,2026-06-23T16:43:59.553613,Okulary BME280,"31.56,82.36,31.84,81.36,32.22,84.97,30.77,43.21",31.56,82.36,31.84,81.36,32.22,84.97,30.77,43.21,true,0
session_20260623_163953_final,2258,246170,2026-06-23T16:43:59.649491,Okulary BME280,"31.56,82.35,31.82,81.05,32.12,84.69,30.77,43.24",31.56,82.35,31.82,81.05,32.12,84.69,30.77,43.24,true,0
session_20260623_163953_final,2259,246296,2026-06-23T16:43:59.775670,Okulary BME280,"31.56,82.34,31.81,80.73,32.09,84.54,30.77,43.26",31.56,82.34,31.81,80.73,32.09,84.54,30.77,43.26,true,0
session_20260623_163953_final,2260,246386,2026-06-23T16:43:59.864835,Okulary BME280,"31.56,82.33,31.81,80.40,32.07,84.40,30.77,43.29",31.56,82.33,31.81,80.40,32.07,84.40,30.77,43.29,true,0
session_20260623_163953_final,2261,246522,2026-06-23T16:44:00.000902,Okulary BME280,"31.56,82.31,31.80,80.07,32.06,84.27,30.77,43.28",31.56,82.31,31.80,80.07,32.06,84.27,30.77,43.28,true,0
session_20260623_163953_final,2262,246612,2026-06-23T16:44:00.091102,Okulary BME280,"31.56,82.30,31.79,79.75,32.06,84.12,30.77,43.29",31.56,82.30,31.79,79.75,32.06,84.12,30.77,43.29,true,0
session_20260623_163953_final,2263,246747,2026-06-23T16:44:00.226175,Okulary BME280,"31.55,82.25,31.78,79.14,32.06,83.97,30.77,43.27",31.55,82.25,31.78,79.14,32.06,83.97,30.77,43.27,true,0
session_20260623_163953_final,2264,246836,2026-06-23T16:44:00.315343,Okulary BME280,"31.56,82.23,31.78,78.84,32.06,83.85,30.77,43.25",31.56,82.23,31.78,78.84,32.06,83.85,30.77,43.25,true,0
session_20260623_163953_final,2265,246928,2026-06-23T16:44:00.407248,Okulary BME280,"31.55,82.26,31.77,78.57,32.06,83.75,30.77,43.22",31.55,82.26,31.77,78.57,32.06,83.75,30.77,43.22,true,0
session_20260623_163953_final,2266,247075,2026-06-23T16:44:00.554483,Okulary BME280,"31.56,82.26,31.77,78.32,32.07,83.61,30.77,43.20",31.56,82.26,31.77,78.32,32.07,83.61,30.77,43.20,true,0
session_20260623_163953_final,2267,247152,2026-06-23T16:44:00.630996,Okulary BME280,"31.55,82.25,31.77,78.07,32.09,83.36,30.77,43.17",31.55,82.25,31.77,78.07,32.09,83.36,30.77,43.17,true,0
session_20260623_163953_final,2268,247285,2026-06-23T16:44:00.764170,Okulary BME280,"31.56,82.25,31.78,77.86,32.10,83.25,30.78,43.14",31.56,82.25,31.78,77.86,32.10,83.25,30.78,43.14,true,0
session_20260623_163953_final,2269,247376,2026-06-23T16:44:00.855094,Okulary BME280,"31.55,82.23,31.78,77.63,32.10,83.16,30.78,43.13",31.55,82.23,31.78,77.63,32.10,83.16,30.78,43.13,true,0
session_20260623_163953_final,2270,247467,2026-06-23T16:44:00.945925,Okulary BME280,"31.56,82.24,31.78,77.43,32.11,83.09,30.78,43.09",31.56,82.24,31.78,77.43,32.11,83.09,30.78,43.09,true,0
session_20260623_163953_final,2271,247601,2026-06-23T16:44:01.080481,Okulary BME280,"31.56,82.21,31.79,77.29,32.12,83.13,30.77,42.97",31.56,82.21,31.79,77.29,32.12,83.13,30.77,42.97,true,0
session_20260623_163953_final,2272,247691,2026-06-23T16:44:01.169821,Okulary BME280,"31.56,82.20,31.81,77.53,32.13,83.35,30.77,42.93",31.56,82.20,31.81,77.53,32.13,83.35,30.77,42.93,true,0
session_20260623_163953_final,2273,247837,2026-06-23T16:44:01.316281,Okulary BME280,"31.56,82.17,31.84,77.80,32.15,83.63,30.78,42.89",31.56,82.17,31.84,77.80,32.15,83.63,30.78,42.89,true,0
session_20260623_163953_final,2274,247917,2026-06-23T16:44:01.395963,Okulary BME280,"31.55,82.19,31.88,78.11,32.18,83.87,30.77,42.85",31.55,82.19,31.88,78.11,32.18,83.87,30.77,42.85,true,0
session_20260623_163953_final,2275,248050,2026-06-23T16:44:01.529625,Okulary BME280,"31.55,82.19,31.91,78.47,32.22,84.53,30.77,42.82",31.55,82.19,31.91,78.47,32.22,84.53,30.77,42.82,true,0
session_20260623_163953_final,2276,248149,2026-06-23T16:44:01.628205,Okulary BME280,"31.56,82.18,31.95,78.85,32.34,84.76,30.77,42.78",31.56,82.18,31.95,78.85,32.34,84.76,30.77,42.78,true,0
session_20260623_163953_final,2277,248238,2026-06-23T16:44:01.717808,Okulary BME280,"31.56,82.18,31.99,79.21,32.41,84.95,30.77,42.74",31.56,82.18,31.99,79.21,32.41,84.95,30.77,42.74,true,0
session_20260623_163953_final,2278,248375,2026-06-23T16:44:01.854074,Okulary BME280,"31.56,82.18,32.02,79.56,32.48,85.14,30.78,42.67",31.56,82.18,32.02,79.56,32.48,85.14,30.78,42.67,true,0
session_20260623_163953_final,2279,248457,2026-06-23T16:44:01.936127,Okulary BME280,"31.56,82.18,32.05,79.88,32.54,85.29,30.77,42.67",31.56,82.18,32.05,79.88,32.54,85.29,30.77,42.67,true,0
session_20260623_163953_final,2280,248590,2026-06-23T16:44:02.069647,Okulary BME280,"31.57,82.17,32.08,80.23,32.60,85.43,30.78,42.63",31.57,82.17,32.08,80.23,32.60,85.43,30.78,42.63,true,0
session_20260623_163953_final,2281,248697,2026-06-23T16:44:02.176396,Okulary BME280,"31.56,82.19,32.12,80.78,32.65,85.55,30.78,42.60",31.56,82.19,32.12,80.78,32.65,85.55,30.78,42.60,true,0
session_20260623_163953_final,2282,248830,2026-06-23T16:44:02.309194,Okulary BME280,"31.57,82.17,32.14,81.06,32.70,85.66,30.78,42.56",31.57,82.17,32.14,81.06,32.70,85.66,30.78,42.56,true,0
session_20260623_163953_final,2283,248906,2026-06-23T16:44:02.385426,Okulary BME280,"31.57,82.15,32.16,81.30,32.73,85.71,30.78,42.54",31.57,82.15,32.16,81.30,32.73,85.71,30.78,42.54,true,0
session_20260623_163953_final,2284,248995,2026-06-23T16:44:02.474644,Okulary BME280,"31.57,82.16,32.18,81.54,32.80,85.90,30.78,42.53",31.57,82.16,32.18,81.54,32.80,85.90,30.78,42.53,true,0
session_20260623_163953_final,2285,249147,2026-06-23T16:44:02.626416,Okulary BME280,"31.57,82.16,32.19,81.76,32.83,85.96,30.77,42.53",31.57,82.16,32.19,81.76,32.83,85.96,30.77,42.53,true,0
session_20260623_163953_final,2286,249221,2026-06-23T16:44:02.700398,Okulary BME280,"31.57,82.15,32.20,81.98,32.86,86.03,30.77,42.55",31.57,82.15,32.20,81.98,32.86,86.03,30.77,42.55,true,0
session_20260623_163953_final,2287,249355,2026-06-23T16:44:02.834731,Okulary BME280,"31.57,82.14,32.21,82.16,32.88,86.08,30.78,42.56",31.57,82.14,32.21,82.16,32.88,86.08,30.78,42.56,true,0
session_20260623_163953_final,2288,249447,2026-06-23T16:44:02.925871,Okulary BME280,"31.57,82.14,32.22,82.34,32.90,86.12,30.77,42.60",31.57,82.14,32.22,82.34,32.90,86.12,30.77,42.60,true,0
session_20260623_163953_final,2289,249585,2026-06-23T16:44:03.063985,Okulary BME280,"31.57,82.22,32.23,82.50,32.92,86.16,30.77,42.51",31.57,82.22,32.23,82.50,32.92,86.16,30.77,42.51,true,0
session_20260623_163953_final,2290,249676,2026-06-23T16:44:03.155200,Okulary BME280,"31.57,82.16,32.24,82.82,32.92,86.19,30.76,42.49",31.57,82.16,32.24,82.82,32.92,86.19,30.76,42.49,true,0
session_20260623_163953_final,2291,249760,2026-06-23T16:44:03.239785,Okulary BME280,"31.57,82.13,32.24,82.95,32.93,86.21,30.76,42.47",31.57,82.13,32.24,82.95,32.93,86.21,30.76,42.47,true,0
session_20260623_163953_final,2292,249895,2026-06-23T16:44:03.374271,Okulary BME280,"31.57,82.12,32.24,83.08,32.93,86.24,30.76,42.46",31.57,82.12,32.24,83.08,32.93,86.24,30.76,42.46,true,0
session_20260623_163953_final,2293,249997,2026-06-23T16:44:03.475951,Okulary BME280,"31.57,82.12,32.24,83.20,32.92,86.16,30.76,42.41",31.57,82.12,32.24,83.20,32.92,86.16,30.76,42.41,true,0
session_20260623_163953_final,2294,250138,2026-06-23T16:44:03.617813,Okulary BME280,"31.57,82.11,32.23,83.31,32.90,86.11,30.76,42.38",31.57,82.11,32.23,83.31,32.90,86.11,30.76,42.38,true,0
session_20260623_163953_final,2295,250214,2026-06-23T16:44:03.693006,Okulary BME280,"31.57,82.09,32.22,83.40,32.87,86.06,30.76,42.35",31.57,82.09,32.22,83.40,32.87,86.06,30.76,42.35,true,0
session_20260623_163953_final,2296,250306,2026-06-23T16:44:03.785483,Okulary BME280,"31.58,82.08,32.21,83.49,32.83,86.02,30.76,42.37",31.58,82.08,32.21,83.49,32.83,86.02,30.76,42.37,true,0
session_20260623_163953_final,2297,250452,2026-06-23T16:44:03.931463,Okulary BME280,"31.57,82.08,32.20,83.60,32.80,86.01,30.76,42.34",31.57,82.08,32.20,83.60,32.80,86.01,30.76,42.34,true,0
session_20260623_163953_final,2298,250526,2026-06-23T16:44:04.005264,Okulary BME280,"31.57,82.08,32.18,83.62,32.77,85.99,30.76,42.29",31.57,82.08,32.18,83.62,32.77,85.99,30.76,42.29,true,0
session_20260623_163953_final,2299,250659,2026-06-23T16:44:04.138483,Okulary BME280,"31.57,82.07,32.14,83.46,32.73,85.94,30.76,42.27",31.57,82.07,32.14,83.46,32.73,85.94,30.76,42.27,true,0
session_20260623_163953_final,2300,250752,2026-06-23T16:44:04.231128,Okulary BME280,"31.57,82.06,32.09,83.24,32.71,85.90,30.76,42.27",31.57,82.06,32.09,83.24,32.71,85.90,30.76,42.27,true,0
session_20260623_163953_final,2301,250904,2026-06-23T16:44:04.383128,Okulary BME280,"31.57,82.04,32.03,82.95,32.66,85.81,30.76,42.27",31.57,82.04,32.03,82.95,32.66,85.81,30.76,42.27,true,0
session_20260623_163953_final,2302,250975,2026-06-23T16:44:04.454177,Okulary BME280,"31.56,82.02,31.98,82.67,32.51,85.44,30.76,42.28",31.56,82.02,31.98,82.67,32.51,85.44,30.76,42.28,true,0
session_20260623_163953_final,2303,251068,2026-06-23T16:44:04.547478,Okulary BME280,"31.56,82.02,31.93,82.40,32.42,85.29,30.76,42.29",31.56,82.02,31.93,82.40,32.42,85.29,30.76,42.29,true,0
session_20260623_163953_final,2304,251201,2026-06-23T16:44:04.679833,Okulary BME280,"31.56,82.01,31.89,82.12,32.33,85.16,30.76,42.30",31.56,82.01,31.89,82.12,32.33,85.16,30.76,42.30,true,0
session_20260623_163953_final,2305,251306,2026-06-23T16:44:04.785113,Okulary BME280,"31.56,82.01,31.86,81.82,32.25,85.02,30.76,42.31",31.56,82.01,31.86,81.82,32.25,85.02,30.76,42.31,true,0
session_20260623_163953_final,2306,251428,2026-06-23T16:44:04.907248,Okulary BME280,"31.55,82.01,31.84,81.49,32.19,84.93,30.76,42.34",31.55,82.01,31.84,81.49,32.19,84.93,30.76,42.34,true,0
session_20260623_163953_final,2307,251517,2026-06-23T16:44:04.996462,Okulary BME280,"31.55,81.97,31.82,81.18,32.14,84.82,30.76,42.34",31.55,81.97,31.82,81.18,32.14,84.82,30.76,42.34,true,0
session_20260623_163953_final,2308,251652,2026-06-23T16:44:05.130916,Okulary BME280,"31.55,81.94,31.81,80.57,32.10,84.71,30.76,42.34",31.55,81.94,31.81,80.57,32.10,84.71,30.76,42.34,true,0
session_20260623_163953_final,2309,251743,2026-06-23T16:44:05.222194,Okulary BME280,"31.55,81.93,31.80,80.27,32.08,84.58,30.76,42.34",31.55,81.93,31.80,80.27,32.08,84.58,30.76,42.34,true,0
session_20260623_163953_final,2310,251832,2026-06-23T16:44:05.311006,Okulary BME280,"31.55,81.92,31.80,79.98,32.06,84.45,30.76,42.32",31.55,81.92,31.80,79.98,32.06,84.45,30.76,42.32,true,0
session_20260623_163953_final,2311,251965,2026-06-23T16:44:05.444127,Okulary BME280,"31.55,81.91,31.80,79.71,32.05,84.23,30.77,42.29",31.55,81.91,31.80,79.71,32.05,84.23,30.77,42.29,true,0
session_20260623_163953_final,2312,252060,2026-06-23T16:44:05.539421,Okulary BME280,"31.55,81.89,31.81,79.42,32.05,84.11,30.76,42.27",31.55,81.89,31.81,79.42,32.05,84.11,30.76,42.27,true,0
session_20260623_163953_final,2313,252193,2026-06-23T16:44:05.672018,Okulary BME280,"31.55,81.88,31.81,79.17,32.05,83.98,30.76,42.24",31.55,81.88,31.81,79.17,32.05,83.98,30.76,42.24,true,0
session_20260623_163953_final,2314,252279,2026-06-23T16:44:05.758718,Okulary BME280,"31.54,81.87,31.80,78.92,32.06,83.85,30.76,42.25",31.54,81.87,31.80,78.92,32.06,83.85,30.76,42.25,true,0
session_20260623_163953_final,2315,252370,2026-06-23T16:44:05.849049,Okulary BME280,"31.55,81.84,31.80,78.70,32.07,83.73,30.76,42.22",31.55,81.84,31.80,78.70,32.07,83.73,30.76,42.22,true,0
session_20260623_163953_final,2316,252506,2026-06-23T16:44:05.985056,Okulary BME280,"31.55,81.79,31.81,78.46,32.07,83.63,30.76,42.20",31.55,81.79,31.81,78.46,32.07,83.63,30.76,42.20,true,0
session_20260623_163953_final,2317,252595,2026-06-23T16:44:06.074022,Okulary BME280,"31.54,81.82,31.81,78.02,32.08,83.54,30.76,42.19",31.54,81.82,31.81,78.02,32.08,83.54,30.76,42.19,true,0
session_20260623_163953_final,2318,252732,2026-06-23T16:44:06.211439,Okulary BME280,"31.54,81.81,31.81,77.77,32.09,83.44,30.76,42.19",31.54,81.81,31.81,77.77,32.09,83.44,30.76,42.19,true,0
session_20260623_163953_final,2319,252822,2026-06-23T16:44:06.301085,Okulary BME280,"31.54,81.79,31.81,77.53,32.10,83.37,30.76,42.18",31.54,81.79,31.81,77.53,32.10,83.37,30.76,42.18,true,0
session_20260623_163953_final,2320,252963,2026-06-23T16:44:06.442253,Okulary BME280,"31.55,81.79,31.81,77.34,32.11,83.26,30.76,42.18",31.55,81.79,31.81,77.34,32.11,83.26,30.76,42.18,true,0
session_20260623_163953_final,2321,253045,2026-06-23T16:44:06.524581,Okulary BME280,"31.55,81.77,31.81,77.37,32.11,83.38,30.76,42.16",31.55,81.77,31.81,77.37,32.11,83.38,30.76,42.16,true,0
session_20260623_163953_final,2322,253136,2026-06-23T16:44:06.615463,Okulary BME280,"31.55,81.77,31.82,77.49,32.13,83.49,30.77,42.16",31.55,81.77,31.82,77.49,32.13,83.49,30.77,42.16,true,0
session_20260623_163953_final,2323,253270,2026-06-23T16:44:06.749488,Okulary BME280,"31.54,81.76,31.84,77.62,32.14,83.57,30.77,42.12",31.54,81.76,31.84,77.62,32.14,83.57,30.77,42.12,true,0
session_20260623_163953_final,2324,253364,2026-06-23T16:44:06.843164,Okulary BME280,"31.55,81.71,31.85,77.85,32.15,83.82,30.77,42.18",31.55,81.71,31.85,77.85,32.15,83.82,30.77,42.18,true,0
session_20260623_163953_final,2325,253507,2026-06-23T16:44:06.986657,Okulary BME280,"31.55,81.79,31.87,78.12,32.18,84.14,30.77,42.14",31.55,81.79,31.87,78.12,32.18,84.14,30.77,42.14,true,0
session_20260623_163953_final,2326,253585,2026-06-23T16:44:07.064749,Okulary BME280,"31.55,81.71,31.95,78.82,32.23,84.45,30.77,42.14",31.55,81.71,31.95,78.82,32.23,84.45,30.77,42.14,true,0
session_20260623_163953_final,2327,253719,2026-06-23T16:44:07.198692,Okulary BME280,"31.55,81.70,31.99,79.17,32.31,84.73,30.77,42.14",31.55,81.70,31.99,79.17,32.31,84.73,30.77,42.14,true,0
session_20260623_163953_final,2328,253830,2026-06-23T16:44:07.309752,Okulary BME280,"31.55,81.70,32.02,79.52,32.39,84.88,30.77,42.14",31.55,81.70,32.02,79.52,32.39,84.88,30.77,42.14,true,0
session_20260623_163953_final,2329,253901,2026-06-23T16:44:07.380125,Okulary BME280,"31.56,81.69,32.05,79.85,32.53,85.26,30.78,42.15",31.56,81.69,32.05,79.85,32.53,85.26,30.78,42.15,true,0
session_20260623_163953_final,2330,254046,2026-06-23T16:44:07.525308,Okulary BME280,"31.55,81.69,32.08,80.17,32.59,85.39,30.78,42.17",31.55,81.69,32.08,80.17,32.59,85.39,30.78,42.17,true,0
session_20260623_163953_final,2331,254127,2026-06-23T16:44:07.605890,Okulary BME280,"31.56,81.69,32.10,80.47,32.64,85.52,30.78,42.18",31.56,81.69,32.10,80.47,32.64,85.52,30.78,42.18,true,0
session_20260623_163953_final,2332,254266,2026-06-23T16:44:07.745644,Okulary BME280,"31.56,81.65,32.13,80.75,32.69,85.63,30.78,42.19",31.56,81.65,32.13,80.75,32.69,85.63,30.78,42.19,true,0
session_20260623_163953_final,2333,254353,2026-06-23T16:44:07.832198,Okulary BME280,"31.56,81.69,32.15,81.00,32.74,85.71,30.79,42.14",31.56,81.69,32.15,81.00,32.74,85.71,30.79,42.14,true,0
session_20260623_163953_final,2334,254486,2026-06-23T16:44:07.965333,Okulary BME280,"31.56,81.68,32.16,81.25,32.78,85.79,30.78,42.17",31.56,81.68,32.16,81.25,32.78,85.79,30.78,42.17,true,0
session_20260623_163953_final,2335,254575,2026-06-23T16:44:08.054150,Okulary BME280,"31.56,81.68,32.19,81.71,32.81,85.87,30.79,42.18",31.56,81.68,32.19,81.71,32.81,85.87,30.79,42.18,true,0
session_20260623_163953_final,2336,254682,2026-06-23T16:44:08.160875,Okulary BME280,"31.56,81.68,32.20,81.93,32.84,85.94,30.78,42.18",31.56,81.68,32.20,81.93,32.84,85.94,30.78,42.18,true,0
session_20260623_163953_final,2337,254808,2026-06-23T16:44:08.287302,Okulary BME280,"31.56,81.67,32.21,82.12,32.87,85.99,30.78,42.18",31.56,81.67,32.21,82.12,32.87,85.99,30.78,42.18,true,0
session_20260623_163953_final,2338,254892,2026-06-23T16:44:08.371142,Okulary BME280,"31.56,81.68,32.22,82.30,32.91,86.10,30.78,42.18",31.56,81.68,32.22,82.30,32.91,86.10,30.78,42.18,true,0
session_20260623_163953_final,2339,255034,2026-06-23T16:44:08.513099,Okulary BME280,"31.56,81.66,32.23,82.47,32.92,86.10,30.78,42.18",31.56,81.66,32.23,82.47,32.92,86.10,30.78,42.18,true,0
session_20260623_163953_final,2340,255119,2026-06-23T16:44:08.597962,Okulary BME280,"31.56,81.66,32.23,82.61,32.93,86.14,30.78,42.19",31.56,81.66,32.23,82.61,32.93,86.14,30.78,42.19,true,0
session_20260623_163953_final,2341,255205,2026-06-23T16:44:08.684645,Okulary BME280,"31.56,81.65,32.23,82.76,32.94,86.17,30.79,42.20",31.56,81.65,32.23,82.76,32.94,86.17,30.79,42.20,true,0
session_20260623_163953_final,2342,255349,2026-06-23T16:44:08.828275,Okulary BME280,"31.56,81.72,32.23,82.91,32.93,86.18,30.78,42.19",31.56,81.72,32.23,82.91,32.93,86.18,30.78,42.19,true,0
session_20260623_163953_final,2343,255440,2026-06-23T16:44:08.919116,Okulary BME280,"31.56,81.64,32.23,83.01,32.93,86.15,30.78,42.24",31.56,81.64,32.23,83.01,32.93,86.15,30.78,42.24,true,0
session_20260623_163953_final,2344,255565,2026-06-23T16:44:09.044500,Okulary BME280,"31.56,81.64,32.22,83.23,32.91,86.11,30.79,42.25",31.56,81.64,32.22,83.23,32.91,86.11,30.79,42.25,true,0
session_20260623_163953_final,2345,255655,2026-06-23T16:44:09.134463,Okulary BME280,"31.56,81.63,32.21,83.33,32.88,86.06,30.79,42.26",31.56,81.63,32.21,83.33,32.88,86.06,30.79,42.26,true,0
session_20260623_163953_final,2346,255791,2026-06-23T16:44:09.270105,Okulary BME280,"31.56,81.63,32.19,83.35,32.85,86.03,30.79,42.25",31.56,81.63,32.19,83.35,32.85,86.03,30.79,42.25,true,0
session_20260623_163953_final,2347,255880,2026-06-23T16:44:09.359274,Okulary BME280,"31.56,81.61,32.17,83.24,32.76,85.85,30.78,42.26",31.56,81.61,32.17,83.24,32.76,85.85,30.78,42.26,true,0
session_20260623_163953_final,2348,255970,2026-06-23T16:44:09.449325,Okulary BME280,"31.56,81.60,32.12,83.05,32.69,85.71,30.79,42.27",31.56,81.60,32.12,83.05,32.69,85.71,30.79,42.27,true,0
session_20260623_163953_final,2349,256107,2026-06-23T16:44:09.586102,Okulary BME280,"31.56,81.60,32.06,82.85,32.61,85.57,30.79,42.28",31.56,81.60,32.06,82.85,32.61,85.57,30.79,42.28,true,0
session_20260623_163953_final,2350,256196,2026-06-23T16:44:09.674833,Okulary BME280,"31.56,81.60,31.99,82.60,32.51,85.43,30.79,42.31",31.56,81.60,31.99,82.60,32.51,85.43,30.79,42.31,true,0
session_20260623_163953_final,2351,256333,2026-06-23T16:44:09.811853,Okulary BME280,"31.56,81.58,31.93,82.35,32.42,85.30,30.79,42.34",31.56,81.58,31.93,82.35,32.42,85.30,30.79,42.34,true,0
session_20260623_163953_final,2352,256422,2026-06-23T16:44:09.901010,Okulary BME280,"31.56,81.53,31.89,82.08,32.33,85.20,30.79,42.34",31.56,81.53,31.89,82.08,32.33,85.20,30.79,42.34,true,0
session_20260623_163953_final,2353,256568,2026-06-23T16:44:10.047379,Okulary BME280,"31.55,81.50,31.83,81.46,32.26,85.10,30.79,42.38",31.55,81.50,31.83,81.46,32.26,85.10,30.79,42.38,true,0
session_20260623_163953_final,2354,256647,2026-06-23T16:44:10.125933,Okulary BME280,"31.55,81.48,31.82,81.19,32.19,84.99,30.79,42.39",31.55,81.48,31.82,81.19,32.19,84.99,30.79,42.39,true,0
session_20260623_163953_final,2355,256743,2026-06-23T16:44:10.221818,Okulary BME280,"31.54,81.46,31.80,80.90,32.14,84.93,30.79,42.39",31.54,81.46,31.80,80.90,32.14,84.93,30.79,42.39,true,0
session_20260623_163953_final,2356,256873,2026-06-23T16:44:10.352010,Okulary BME280,"31.54,81.43,31.80,80.63,32.07,84.70,30.79,42.39",31.54,81.43,31.80,80.63,32.07,84.70,30.79,42.39,true,0
session_20260623_163953_final,2357,256960,2026-06-23T16:44:10.439732,Okulary BME280,"31.54,81.41,31.79,80.34,32.06,84.62,30.79,42.39",31.54,81.41,31.79,80.34,32.06,84.62,30.79,42.39,true,0
session_20260623_163953_final,2358,257094,2026-06-23T16:44:10.573782,Okulary BME280,"31.54,81.42,31.80,80.07,32.04,84.52,30.79,42.39",31.54,81.42,31.80,80.07,32.04,84.52,30.79,42.39,true,0
session_20260623_163953_final,2359,257185,2026-06-23T16:44:10.664162,Okulary BME280,"31.54,81.37,31.80,79.80,32.04,84.45,30.80,42.40",31.54,81.37,31.80,79.80,32.04,84.45,30.80,42.40,true,0
session_20260623_163953_final,2360,257275,2026-06-23T16:44:10.754568,Okulary BME280,"31.53,81.33,31.80,79.53,32.04,84.37,30.79,42.41",31.53,81.33,31.80,79.53,32.04,84.37,30.79,42.41,true,0
session_20260623_163953_final,2361,257417,2026-06-23T16:44:10.896208,Okulary BME280,"31.53,81.30,31.81,79.33,32.05,84.30,30.79,42.40",31.53,81.30,31.81,79.33,32.05,84.30,30.79,42.40,true,0
session_20260623_163953_final,2362,257509,2026-06-23T16:44:10.988018,Okulary BME280,"31.53,81.28,31.81,78.85,32.06,84.23,30.80,42.35",31.53,81.28,31.81,78.85,32.06,84.23,30.80,42.35,true,0
session_20260623_163953_final,2363,257637,2026-06-23T16:44:11.116598,Okulary BME280,"31.53,81.26,31.82,78.75,32.07,84.16,30.80,42.34",31.53,81.26,31.82,78.75,32.07,84.16,30.80,42.34,true,0
session_20260623_163953_final,2364,257728,2026-06-23T16:44:11.207437,Okulary BME280,"31.54,81.24,31.83,78.85,32.08,84.18,30.80,42.34",31.54,81.24,31.83,78.85,32.08,84.18,30.80,42.34,true,0
session_20260623_163953_final,2365,257868,2026-06-23T16:44:11.347158,Okulary BME280,"31.54,81.23,31.86,79.07,32.14,84.78,30.80,42.34",31.54,81.23,31.86,79.07,32.14,84.78,30.80,42.34,true,0
session_20260623_163953_final,2366,257952,2026-06-23T16:44:11.431015,Okulary BME280,"31.54,81.21,31.90,79.35,32.20,85.04,30.80,42.33",31.54,81.21,31.90,79.35,32.20,85.04,30.80,42.33,true,0
session_20260623_163953_final,2367,258044,2026-06-23T16:44:11.523027,Okulary BME280,"31.53,81.14,31.94,79.64,32.27,85.25,30.79,42.32",31.53,81.14,31.94,79.64,32.27,85.25,30.79,42.32,true,0
session_20260623_163953_final,2368,258191,2026-06-23T16:44:11.670150,Okulary BME280,"31.54,81.18,31.98,79.94,32.35,85.43,30.80,42.31",31.54,81.18,31.98,79.94,32.35,85.43,30.80,42.31,true,0
session_20260623_163953_final,2369,258268,2026-06-23T16:44:11.747034,Okulary BME280,"31.54,81.17,32.02,80.25,32.42,85.58,30.80,42.31",31.54,81.17,32.02,80.25,32.42,85.58,30.80,42.31,true,0
session_20260623_163953_final,2370,258411,2026-06-23T16:44:11.890667,Okulary BME280,"31.54,81.16,32.05,80.54,32.49,85.71,30.80,42.27",31.54,81.16,32.05,80.54,32.49,85.71,30.80,42.27,true,0
session_20260623_163953_final,2371,258493,2026-06-23T16:44:11.972698,Okulary BME280,"31.54,81.16,32.09,81.08,32.54,85.83,30.80,42.23",31.54,81.16,32.09,81.08,32.54,85.83,30.80,42.23,true,0
session_20260623_163953_final,2372,258642,2026-06-23T16:44:12.121788,Okulary BME280,"31.55,81.16,32.11,81.32,32.59,85.94,30.80,42.19",31.55,81.16,32.11,81.32,32.59,85.94,30.80,42.19,true,0
session_20260623_163953_final,2373,258716,2026-06-23T16:44:12.195011,Okulary BME280,"31.55,81.16,32.14,81.58,32.64,86.05,30.80,42.18",31.55,81.16,32.14,81.58,32.64,86.05,30.80,42.18,true,0
session_20260623_163953_final,2374,258805,2026-06-23T16:44:12.284035,Okulary BME280,"31.55,81.14,32.16,81.80,32.72,86.16,30.80,42.16",31.55,81.14,32.16,81.80,32.72,86.16,30.80,42.16,true,0
session_20260623_163953_final,2375,258943,2026-06-23T16:44:12.421976,Okulary BME280,"31.55,81.12,32.17,82.02,32.76,86.20,30.80,42.13",31.55,81.12,32.17,82.02,32.76,86.20,30.80,42.13,true,0
session_20260623_163953_final,2376,259046,2026-06-23T16:44:12.525530,Okulary BME280,"31.55,81.12,32.18,82.21,32.79,86.27,30.80,42.13",31.55,81.12,32.18,82.21,32.79,86.27,30.80,42.13,true,0
session_20260623_163953_final,2377,259166,2026-06-23T16:44:12.645732,Okulary BME280,"31.55,81.13,32.19,82.39,32.81,86.30,30.80,42.11",31.55,81.13,32.19,82.39,32.81,86.30,30.80,42.11,true,0
session_20260623_163953_final,2378,259257,2026-06-23T16:44:12.736430,Okulary BME280,"31.55,81.13,32.20,82.56,32.83,86.33,30.80,42.11",31.55,81.13,32.20,82.56,32.83,86.33,30.80,42.11,true,0
session_20260623_163953_final,2379,259390,2026-06-23T16:44:12.869571,Okulary BME280,"31.55,81.12,32.20,82.76,32.83,86.35,30.80,42.07",31.55,81.12,32.20,82.76,32.83,86.35,30.80,42.07,true,0
session_20260623_163953_final,2380,259496,2026-06-23T16:44:12.975777,Okulary BME280,"31.56,81.12,32.22,83.01,32.84,86.38,30.80,42.03",31.56,81.12,32.22,83.01,32.84,86.38,30.80,42.03,true,0
session_20260623_163953_final,2381,259573,2026-06-23T16:44:13.051847,Okulary BME280,"31.56,81.11,32.22,83.14,32.84,86.39,30.80,42.03",31.56,81.11,32.22,83.14,32.84,86.39,30.80,42.03,true,0
session_20260623_163953_final,2382,259706,2026-06-23T16:44:13.185553,Okulary BME280,"31.55,81.10,32.22,83.26,32.84,86.40,30.80,42.02",31.55,81.10,32.22,83.26,32.84,86.40,30.80,42.02,true,0
session_20260623_163953_final,2383,259812,2026-06-23T16:44:13.291159,Okulary BME280,"31.55,81.08,32.21,83.36,32.81,86.29,30.80,42.00",31.55,81.08,32.21,83.36,32.81,86.29,30.80,42.00,true,0
session_20260623_163953_final,2384,259931,2026-06-23T16:44:13.409902,Okulary BME280,"31.55,81.08,32.20,83.46,32.79,86.26,30.79,42.00",31.55,81.08,32.20,83.46,32.79,86.26,30.79,42.00,true,0
session_20260623_163953_final,2385,260020,2026-06-23T16:44:13.499023,Okulary BME280,"31.55,81.07,32.19,83.52,32.76,86.21,30.80,41.98",31.55,81.07,32.19,83.52,32.76,86.21,30.80,41.98,true,0
session_20260623_163953_final,2386,260110,2026-06-23T16:44:13.589793,Okulary BME280,"31.55,81.05,32.18,83.59,32.74,86.15,30.80,41.96",31.55,81.05,32.18,83.59,32.74,86.15,30.80,41.96,true,0
session_20260623_163953_final,2387,260246,2026-06-23T16:44:13.725583,Okulary BME280,"31.55,81.05,32.16,83.53,32.70,86.12,30.80,41.98",31.55,81.05,32.16,83.53,32.70,86.12,30.80,41.98,true,0
session_20260623_163953_final,2388,260335,2026-06-23T16:44:13.814174,Okulary BME280,"31.55,81.04,32.13,83.38,32.67,86.05,30.79,41.91",31.55,81.04,32.13,83.38,32.67,86.05,30.79,41.91,true,0
session_20260623_163953_final,2389,260471,2026-06-23T16:44:13.950639,Okulary BME280,"31.55,81.01,32.02,82.90,32.62,85.92,30.80,41.96",31.55,81.01,32.02,82.90,32.62,85.92,30.80,41.96,true,0
session_20260623_163953_final,2390,260562,2026-06-23T16:44:14.041540,Okulary BME280,"31.55,81.01,31.97,82.59,32.55,85.73,30.80,41.96",31.55,81.01,31.97,82.59,32.55,85.73,30.80,41.96,true,0
session_20260623_163953_final,2391,260696,2026-06-23T16:44:14.174908,Okulary BME280,"31.55,81.00,31.92,82.31,32.48,85.40,30.80,41.98",31.55,81.00,31.92,82.31,32.48,85.40,30.80,41.98,true,0
session_20260623_163953_final,2392,260787,2026-06-23T16:44:14.266482,Okulary BME280,"31.55,80.97,31.88,82.00,32.30,85.25,30.80,42.02",31.55,80.97,31.88,82.00,32.30,85.25,30.80,42.02,true,0
session_20260623_163953_final,2393,260876,2026-06-23T16:44:14.355159,Okulary BME280,"31.55,80.92,31.86,81.70,32.23,85.08,30.80,42.03",31.55,80.92,31.86,81.70,32.23,85.08,30.80,42.03,true,0
session_20260623_163953_final,2394,261010,2026-06-23T16:44:14.489423,Okulary BME280,"31.55,80.95,31.84,81.40,32.17,84.93,30.80,42.05",31.55,80.95,31.84,81.40,32.17,84.93,30.80,42.05,true,0
session_20260623_163953_final,2395,261115,2026-06-23T16:44:14.593999,Okulary BME280,"31.55,80.89,31.83,81.11,32.12,84.80,30.81,42.05",31.55,80.89,31.83,81.11,32.12,84.80,30.81,42.05,true,0
session_20260623_163953_final,2396,261239,2026-06-23T16:44:14.718280,Okulary BME280,"31.54,80.86,31.82,80.81,32.09,84.67,30.81,42.09",31.54,80.86,31.82,80.81,32.09,84.67,30.81,42.09,true,0
session_20260623_163953_final,2397,261326,2026-06-23T16:44:14.805051,Okulary BME280,"31.54,80.84,31.81,80.48,32.07,84.54,30.80,42.12",31.54,80.84,31.81,80.48,32.07,84.54,30.80,42.12,true,0
session_20260623_163953_final,2398,261463,2026-06-23T16:44:14.941981,Okulary BME280,"31.54,80.80,31.81,79.90,32.05,84.42,30.81,42.10",31.54,80.80,31.81,79.90,32.05,84.42,30.81,42.10,true,0
session_20260623_163953_final,2399,261568,2026-06-23T16:44:15.047117,Okulary BME280,"31.54,80.77,31.81,79.61,32.05,84.27,30.81,42.11",31.54,80.77,31.81,79.61,32.05,84.27,30.81,42.11,true,0
session_20260623_163953_final,2400,261640,2026-06-23T16:44:15.119810,Okulary BME280,"31.54,80.74,31.80,79.35,32.05,84.01,30.81,42.12",31.54,80.74,31.80,79.35,32.05,84.01,30.81,42.12,true,0
session_20260623_163953_final,2401,261776,2026-06-23T16:44:15.255687,Okulary BME280,"31.53,80.71,31.80,79.08,32.06,83.88,30.81,42.12",31.53,80.71,31.80,79.08,32.06,83.88,30.81,42.12,true,0
session_20260623_163953_final,2402,261867,2026-06-23T16:44:15.346436,Okulary BME280,"31.53,80.63,31.80,78.79,32.07,83.74,30.81,42.11",31.53,80.63,31.80,78.79,32.07,83.74,30.81,42.11,true,0
session_20260623_163953_final,2403,262000,2026-06-23T16:44:15.479344,Okulary BME280,"31.53,80.63,31.80,78.51,32.07,83.60,30.81,42.11",31.53,80.63,31.80,78.51,32.07,83.60,30.81,42.11,true,0
session_20260623_163953_final,2404,262090,2026-06-23T16:44:15.569186,Okulary BME280,"31.53,80.59,31.80,78.23,32.08,83.44,30.81,42.10",31.53,80.59,31.80,78.23,32.08,83.44,30.81,42.10,true,0
session_20260623_163953_final,2405,262181,2026-06-23T16:44:15.660583,Okulary BME280,"31.53,80.55,31.80,77.98,32.08,83.28,30.81,42.09",31.53,80.55,31.80,77.98,32.08,83.28,30.81,42.09,true,0
session_20260623_163953_final,2406,262315,2026-06-23T16:44:15.794241,Okulary BME280,"31.53,80.53,31.79,77.72,32.08,83.13,30.81,42.04",31.53,80.53,31.79,77.72,32.08,83.13,30.81,42.04,true,0
session_20260623_163953_final,2407,262423,2026-06-23T16:44:15.902292,Okulary BME280,"31.53,80.49,31.79,77.34,32.08,83.01,30.81,42.09",31.53,80.49,31.79,77.34,32.08,83.01,30.81,42.09,true,0
session_20260623_163953_final,2408,262544,2026-06-23T16:44:16.023419,Okulary BME280,"31.53,80.47,31.78,77.30,32.09,82.88,30.81,42.04",31.53,80.47,31.78,77.30,32.09,82.88,30.81,42.04,true,0
session_20260623_163953_final,2409,262631,2026-06-23T16:44:16.110464,Okulary BME280,"31.53,80.44,31.80,77.45,32.10,83.30,30.81,42.03",31.53,80.44,31.80,77.45,32.10,83.30,30.81,42.03,true,0
session_20260623_163953_final,2410,262766,2026-06-23T16:44:16.245517,Okulary BME280,"31.53,80.39,31.81,77.68,32.12,83.57,30.81,42.02",31.53,80.39,31.81,77.68,32.12,83.57,30.81,42.02,true,0
session_20260623_163953_final,2411,262860,2026-06-23T16:44:16.339270,Okulary BME280,"31.53,80.42,31.84,77.94,32.14,83.82,30.81,42.02",31.53,80.42,31.84,77.94,32.14,83.82,30.81,42.02,true,0
session_20260623_163953_final,2412,262949,2026-06-23T16:44:16.428451,Okulary BME280,"31.53,80.33,31.87,78.24,32.17,84.08,30.81,42.02",31.53,80.33,31.87,78.24,32.17,84.08,30.81,42.02,true,0
session_20260623_163953_final,2413,263081,2026-06-23T16:44:16.560319,Okulary BME280,"31.54,80.31,31.90,78.58,32.21,84.34,30.81,42.02",31.54,80.31,31.90,78.58,32.21,84.34,30.81,42.02,true,0
session_20260623_163953_final,2414,263178,2026-06-23T16:44:16.656914,Okulary BME280,"31.54,80.28,31.93,78.90,32.27,84.58,30.82,42.02",31.54,80.28,31.93,78.90,32.27,84.58,30.82,42.02,true,0
session_20260623_163953_final,2415,263309,2026-06-23T16:44:16.787988,Okulary BME280,"31.54,80.26,31.96,79.26,32.33,84.80,30.81,42.03",31.54,80.26,31.96,79.26,32.33,84.80,30.81,42.03,true,0
session_20260623_163953_final,2416,263395,2026-06-23T16:44:16.874205,Okulary BME280,"31.54,80.26,32.02,79.90,32.40,85.01,30.81,42.01",31.54,80.26,32.02,79.90,32.40,85.01,30.81,42.01,true,0
session_20260623_163953_final,2417,263531,2026-06-23T16:44:17.009873,Okulary BME280,"31.55,80.25,32.04,80.21,32.45,85.13,30.82,41.98",31.55,80.25,32.04,80.21,32.45,85.13,30.82,41.98,true,0
session_20260623_163953_final,2418,263630,2026-06-23T16:44:17.108877,Okulary BME280,"31.55,80.24,32.06,80.50,32.56,85.38,30.81,41.97",31.55,80.24,32.06,80.50,32.56,85.38,30.81,41.97,true,0
session_20260623_163953_final,2419,263711,2026-06-23T16:44:17.190294,Okulary BME280,"31.55,80.21,32.08,80.77,32.60,85.50,30.81,41.96",31.55,80.21,32.08,80.77,32.60,85.50,30.81,41.96,true,0
session_20260623_163953_final,2420,263847,2026-06-23T16:44:17.326236,Okulary BME280,"31.55,80.24,32.10,81.02,32.64,85.61,30.82,41.95",31.55,80.24,32.10,81.02,32.64,85.61,30.82,41.95,true,0
session_20260623_163953_final,2421,263938,2026-06-23T16:44:17.417428,Okulary BME280,"31.55,80.24,32.12,81.28,32.68,85.68,30.81,41.95",31.55,80.24,32.12,81.28,32.68,85.68,30.81,41.95,true,0
session_20260623_163953_final,2422,264072,2026-06-23T16:44:17.551077,Okulary BME280,"31.56,80.24,32.13,81.49,32.71,85.71,30.81,41.95",31.56,80.24,32.13,81.49,32.71,85.71,30.81,41.95,true,0
session_20260623_163953_final,2423,264165,2026-06-23T16:44:17.644504,Okulary BME280,"31.56,80.23,32.14,81.69,32.73,85.66,30.81,41.98",31.56,80.23,32.14,81.69,32.73,85.66,30.81,41.98,true,0
session_20260623_163953_final,2424,264311,2026-06-23T16:44:17.790398,Okulary BME280,"31.56,80.23,32.14,81.86,32.72,85.65,30.81,42.03",31.56,80.23,32.14,81.86,32.72,85.65,30.81,42.03,true,0
session_20260623_163953_final,2425,264386,2026-06-23T16:44:17.865725,Okulary BME280,"31.56,80.21,32.13,82.17,32.70,85.62,30.82,42.08",31.56,80.21,32.13,82.17,32.70,85.62,30.82,42.08,true,0
session_20260623_163953_final,2426,264480,2026-06-23T16:44:17.959412,Okulary BME280,"31.56,80.20,32.11,82.26,32.67,85.56,30.81,42.19",31.56,80.20,32.11,82.26,32.67,85.56,30.81,42.19,true,0
session_20260623_163953_final,2427,264618,2026-06-23T16:44:18.096956,Okulary BME280,"31.56,80.25,32.10,82.37,32.59,85.50,30.81,42.21",31.56,80.25,32.10,82.37,32.59,85.50,30.81,42.21,true,0
session_20260623_163953_final,2428,264700,2026-06-23T16:44:18.179788,Okulary BME280,"31.56,80.20,32.08,82.50,32.55,85.63,30.82,42.23",31.56,80.20,32.08,82.50,32.55,85.63,30.82,42.23,true,0
session_20260623_163953_final,2429,264845,2026-06-23T16:44:18.324288,Okulary BME280,"31.56,80.17,32.07,82.64,32.55,85.78,30.82,42.24",31.56,80.17,32.07,82.64,32.55,85.78,30.82,42.24,true,0
session_20260623_163953_final,2430,264927,2026-06-23T16:44:18.406631,Okulary BME280,"31.56,80.15,32.08,82.81,32.58,85.92,30.82,42.23",31.56,80.15,32.08,82.81,32.58,85.92,30.82,42.23,true,0
session_20260623_163953_final,2431,265019,2026-06-23T16:44:18.498532,Okulary BME280,"31.56,80.17,32.10,82.95,32.62,86.01,30.82,42.22",31.56,80.17,32.10,82.95,32.62,86.01,30.82,42.22,true,0
session_20260623_163953_final,2432,265161,2026-06-23T16:44:18.640316,Okulary BME280,"31.56,80.15,32.13,83.10,32.67,86.05,30.82,42.19",31.56,80.15,32.13,83.10,32.67,86.05,30.82,42.19,true,0
session_20260623_163953_final,2433,265242,2026-06-23T16:44:18.721462,Okulary BME280,"31.57,80.15,32.16,83.22,32.73,86.11,30.82,42.17",31.57,80.15,32.16,83.22,32.73,86.11,30.82,42.17,true,0
session_20260623_163953_final,2434,265377,2026-06-23T16:44:18.856226,Okulary BME280,"31.56,80.15,32.18,83.46,32.75,86.12,30.82,42.16",31.56,80.15,32.18,83.46,32.75,86.12,30.82,42.16,true,0
session_20260623_163953_final,2435,265470,2026-06-23T16:44:18.949313,Okulary BME280,"31.56,80.14,32.18,83.49,32.77,86.07,30.82,42.09",31.56,80.14,32.18,83.49,32.77,86.07,30.82,42.09,true,0
session_20260623_163953_final,2436,265609,2026-06-23T16:44:19.087828,Okulary BME280,"31.57,80.08,32.16,83.34,32.73,85.92,30.81,42.08",31.57,80.08,32.16,83.34,32.73,85.92,30.81,42.08,true,0
session_20260623_163953_final,2437,265692,2026-06-23T16:44:19.170935,Okulary BME280,"31.57,80.20,32.11,83.12,32.68,85.74,30.81,42.05",31.57,80.20,32.11,83.12,32.68,85.74,30.81,42.05,true,0
session_20260623_163953_final,2438,265783,2026-06-23T16:44:19.262407,Okulary BME280,"31.56,80.09,32.04,82.85,32.59,85.55,30.82,42.03",31.56,80.09,32.04,82.85,32.59,85.55,30.82,42.03,true,0
session_20260623_163953_final,2439,265932,2026-06-23T16:44:19.410972,Okulary BME280,"31.56,80.09,31.96,82.54,32.49,85.37,30.81,42.00",31.56,80.09,31.96,82.54,32.49,85.37,30.81,42.00,true,0
session_20260623_163953_final,2440,266005,2026-06-23T16:44:19.484643,Okulary BME280,"31.56,80.07,31.90,82.20,32.38,85.18,30.81,41.98",31.56,80.07,31.90,82.20,32.38,85.18,30.81,41.98,true,0
session_20260623_163953_final,2441,266141,2026-06-23T16:44:19.620577,Okulary BME280,"31.56,80.05,31.84,81.89,32.29,85.02,30.82,41.97",31.56,80.05,31.84,81.89,32.29,85.02,30.82,41.97,true,0
session_20260623_163953_final,2442,266230,2026-06-23T16:44:19.709589,Okulary BME280,"31.56,80.03,31.81,81.56,32.21,84.86,30.82,41.98",31.56,80.03,31.81,81.56,32.21,84.86,30.82,41.98,true,0
session_20260623_163953_final,2443,266368,2026-06-23T16:44:19.847654,Okulary BME280,"31.56,80.02,31.76,80.91,32.15,84.73,30.81,41.94",31.56,80.02,31.76,80.91,32.15,84.73,30.81,41.94,true,0
session_20260623_163953_final,2444,266463,2026-06-23T16:44:19.942716,Okulary BME280,"31.55,79.99,31.74,80.58,32.10,84.55,30.82,41.94",31.55,79.99,31.74,80.58,32.10,84.55,30.82,41.94,true,0
session_20260623_163953_final,2445,266546,2026-06-23T16:44:20.025625,Okulary BME280,"31.55,79.91,31.74,80.25,32.04,84.21,30.81,41.92",31.55,79.91,31.74,80.25,32.04,84.21,30.81,41.92,true,0
session_20260623_163953_final,2446,266684,2026-06-23T16:44:20.162857,Okulary BME280,"31.55,79.96,31.73,79.92,32.02,84.07,30.82,41.91",31.55,79.96,31.73,79.92,32.02,84.07,30.82,41.91,true,0
session_20260623_163953_final,2447,266780,2026-06-23T16:44:20.259788,Okulary BME280,"31.55,79.87,31.73,79.62,32.01,83.94,30.81,41.90",31.55,79.87,31.73,79.62,32.01,83.94,30.81,41.90,true,0
session_20260623_163953_final,2448,266906,2026-06-23T16:44:20.385317,Okulary BME280,"31.55,79.84,31.73,79.35,32.01,83.83,30.82,41.90",31.55,79.84,31.73,79.35,32.01,83.83,30.82,41.90,true,0
session_20260623_163953_final,2449,266999,2026-06-23T16:44:20.478481,Okulary BME280,"31.54,79.82,31.73,79.07,32.02,83.75,30.82,41.89",31.54,79.82,31.73,79.07,32.02,83.75,30.82,41.89,true,0
session_20260623_163953_final,2450,267085,2026-06-23T16:44:20.564723,Okulary BME280,"31.54,79.81,31.73,78.83,32.03,83.65,30.82,41.90",31.54,79.81,31.73,78.83,32.03,83.65,30.82,41.90,true,0
session_20260623_163953_final,2451,267237,2026-06-23T16:44:20.716557,Okulary BME280,"31.55,79.78,31.73,78.57,32.04,83.53,30.82,41.88",31.55,79.78,31.73,78.57,32.04,83.53,30.82,41.88,true,0
session_20260623_163953_final,2452,267313,2026-06-23T16:44:20.792156,Okulary BME280,"31.55,79.76,31.74,78.32,32.05,83.43,30.82,41.91",31.55,79.76,31.74,78.32,32.05,83.43,30.82,41.91,true,0
session_20260623_163953_final,2453,267448,2026-06-23T16:44:20.927398,Okulary BME280,"31.54,79.66,31.75,78.34,32.06,83.42,30.82,41.96",31.54,79.66,31.75,78.34,32.06,83.42,30.82,41.96,true,0
session_20260623_163953_final,2454,267536,2026-06-23T16:44:21.015382,Okulary BME280,"31.55,79.79,31.77,78.32,32.09,83.49,30.82,41.97",31.55,79.79,31.77,78.32,32.09,83.49,30.82,41.97,true,0
session_20260623_163953_final,2455,267691,2026-06-23T16:44:21.170521,Okulary BME280,"31.55,79.71,31.79,78.32,32.10,83.47,30.82,41.98",31.55,79.71,31.79,78.32,32.10,83.47,30.82,41.98,true,0
session_20260623_163953_final,2456,267763,2026-06-23T16:44:21.242439,Okulary BME280,"31.55,79.68,31.79,78.32,32.10,83.46,30.83,42.00",31.55,79.68,31.79,78.32,32.10,83.46,30.83,42.00,true,0
session_20260623_163953_final,2457,267852,2026-06-23T16:44:21.331032,Okulary BME280,"31.55,79.68,31.80,78.35,32.12,83.45,30.82,42.01",31.55,79.68,31.80,78.35,32.12,83.45,30.82,42.01,true,0
session_20260623_163953_final,2458,268005,2026-06-23T16:44:21.484104,Okulary BME280,"31.55,79.67,31.81,78.37,32.12,83.43,30.83,42.01",31.55,79.67,31.81,78.37,32.12,83.43,30.83,42.01,true,0
session_20260623_163953_final,2459,268076,2026-06-23T16:44:21.555181,Okulary BME280,"31.55,79.66,31.82,78.43,32.13,83.41,30.83,42.01",31.55,79.66,31.82,78.43,32.13,83.41,30.83,42.01,true,0
session_20260623_163953_final,2460,268212,2026-06-23T16:44:21.691702,Okulary BME280,"31.55,79.64,31.83,78.46,32.14,83.43,30.83,42.01",31.55,79.64,31.83,78.46,32.14,83.43,30.83,42.01,true,0
session_20260623_163953_final,2461,268300,2026-06-23T16:44:21.779370,Okulary BME280,"31.55,79.62,31.86,78.90,32.15,83.75,30.83,42.00",31.55,79.62,31.86,78.90,32.15,83.75,30.83,42.00,true,0
session_20260623_163953_final,2462,268437,2026-06-23T16:44:21.915983,Okulary BME280,"31.55,79.56,31.90,79.22,32.20,84.15,30.83,42.02",31.55,79.56,31.90,79.22,32.20,84.15,30.83,42.02,true,0
session_20260623_163953_final,2463,268533,2026-06-23T16:44:22.012587,Okulary BME280,"31.56,79.70,31.96,79.54,32.38,84.73,30.83,42.02",31.56,79.70,31.96,79.54,32.38,84.73,30.83,42.02,true,0
session_20260623_163953_final,2464,268614,2026-06-23T16:44:22.093650,Okulary BME280,"31.56,79.61,32.00,79.86,32.48,84.93,30.84,42.01",31.56,79.61,32.00,79.86,32.48,84.93,30.84,42.01,true,0
session_20260623_163953_final,2465,268752,2026-06-23T16:44:22.231582,Okulary BME280,"31.56,79.60,32.04,80.17,32.56,85.10,30.83,42.02",31.56,79.60,32.04,80.17,32.56,85.10,30.83,42.02,true,0
session_20260623_163953_final,2466,268857,2026-06-23T16:44:22.336557,Okulary BME280,"31.56,79.60,32.07,80.49,32.63,85.26,30.83,42.01",31.56,79.60,32.07,80.49,32.63,85.26,30.83,42.01,true,0
session_20260623_163953_final,2467,268979,2026-06-23T16:44:22.458254,Okulary BME280,"31.56,79.60,32.10,80.75,32.69,85.37,30.84,42.00",31.56,79.60,32.10,80.75,32.69,85.37,30.84,42.00,true,0
session_20260623_163953_final,2468,269069,2026-06-23T16:44:22.548047,Okulary BME280,"31.57,79.61,32.12,81.02,32.74,85.49,30.84,41.98",31.57,79.61,32.12,81.02,32.74,85.49,30.84,41.98,true,0
session_20260623_163953_final,2469,269202,2026-06-23T16:44:22.680970,Okulary BME280,"31.57,79.61,32.14,81.29,32.79,85.60,30.84,41.97",31.57,79.61,32.14,81.29,32.79,85.60,30.84,41.97,true,0
session_20260623_163953_final,2470,269309,2026-06-23T16:44:22.787929,Okulary BME280,"31.57,79.60,32.18,81.74,32.83,85.72,30.84,41.93",31.57,79.60,32.18,81.74,32.83,85.72,30.84,41.93,true,0
session_20260623_163953_final,2471,269381,2026-06-23T16:44:22.860776,Okulary BME280,"31.57,79.66,32.19,81.95,32.87,85.88,30.84,41.97",31.57,79.66,32.19,81.95,32.87,85.88,30.84,41.97,true,0
session_20260623_163953_final,2472,269516,2026-06-23T16:44:22.995753,Okulary BME280,"31.57,79.64,32.21,82.16,32.93,85.91,30.83,41.98",31.57,79.64,32.21,82.16,32.93,85.91,30.83,41.98,true,0
session_20260623_163953_final,2473,269605,2026-06-23T16:44:23.084408,Okulary BME280,"31.57,79.62,32.22,82.35,32.95,85.96,30.83,41.97",31.57,79.62,32.22,82.35,32.95,85.96,30.83,41.97,true,0
session_20260623_163953_final,2474,269743,2026-06-23T16:44:23.222289,Okulary BME280,"31.57,79.63,32.23,82.50,32.97,86.00,30.83,41.95",31.57,79.63,32.23,82.50,32.97,86.00,30.83,41.95,true,0
session_20260623_163953_final,2475,269831,2026-06-23T16:44:23.310550,Okulary BME280,"31.57,79.62,32.23,82.66,32.98,86.04,30.84,41.94",31.57,79.62,32.23,82.66,32.98,86.04,30.84,41.94,true,0
session_20260623_163953_final,2476,269920,2026-06-23T16:44:23.399274,Okulary BME280,"31.57,79.62,32.24,82.81,32.99,86.05,30.83,41.91",31.57,79.62,32.24,82.81,32.99,86.05,30.83,41.91,true,0
session_20260623_163953_final,2477,270059,2026-06-23T16:44:23.538312,Okulary BME280,"31.57,79.61,32.24,82.94,32.99,86.08,30.83,41.90",31.57,79.61,32.24,82.94,32.99,86.08,30.83,41.90,true,0
session_20260623_163953_final,2478,270145,2026-06-23T16:44:23.624265,Okulary BME280,"31.57,79.60,32.24,83.06,32.99,86.05,30.83,41.87",31.57,79.60,32.24,83.06,32.99,86.05,30.83,41.87,true,0
session_20260623_163953_final,2479,270289,2026-06-23T16:44:23.768186,Okulary BME280,"31.57,79.63,32.22,83.16,32.97,86.01,30.82,41.87",31.57,79.63,32.22,83.16,32.97,86.01,30.82,41.87,true,0
session_20260623_163953_final,2480,270372,2026-06-23T16:44:23.851353,Okulary BME280,"31.57,79.58,32.19,83.02,32.89,85.81,30.82,41.84",31.57,79.58,32.19,83.02,32.89,85.81,30.82,41.84,true,0
session_20260623_163953_final,2481,270505,2026-06-23T16:44:23.984479,Okulary BME280,"31.57,79.54,32.14,82.84,32.84,85.71,30.82,41.86",31.57,79.54,32.14,82.84,32.84,85.71,30.82,41.86,true,0
session_20260623_163953_final,2482,270599,2026-06-23T16:44:24.078345,Okulary BME280,"31.56,79.51,32.06,82.58,32.76,85.57,30.82,41.88",31.56,79.51,32.06,82.58,32.76,85.57,30.82,41.88,true,0
session_20260623_163953_final,2483,270687,2026-06-23T16:44:24.166513,Okulary BME280,"31.56,79.49,32.00,82.26,32.67,85.41,30.82,41.91",31.56,79.49,32.00,82.26,32.67,85.41,30.82,41.91,true,0
session_20260623_163953_final,2484,270820,2026-06-23T16:44:24.299705,Okulary BME280,"31.56,79.46,31.93,81.89,32.56,85.24,30.82,41.95",31.56,79.46,31.93,81.89,32.56,85.24,30.82,41.95,true,0
session_20260623_163953_final,2485,270910,2026-06-23T16:44:24.389387,Okulary BME280,"31.56,79.43,31.88,81.52,32.46,85.05,30.83,41.98",31.56,79.43,31.88,81.52,32.46,85.05,30.83,41.98,true,0
session_20260623_163953_final,2486,271058,2026-06-23T16:44:24.536962,Okulary BME280,"31.55,79.40,31.83,81.17,32.35,84.85,30.83,42.01",31.55,79.40,31.83,81.17,32.35,84.85,30.83,42.01,true,0
session_20260623_163953_final,2487,271136,2026-06-23T16:44:24.615542,Okulary BME280,"31.55,79.37,31.80,80.83,32.26,84.68,30.83,42.06",31.55,79.37,31.80,80.83,32.26,84.68,30.83,42.06,true,0
session_20260623_163953_final,2488,271285,2026-06-23T16:44:24.764739,Okulary BME280,"31.55,79.29,31.76,80.16,32.19,84.55,30.83,42.04",31.55,79.29,31.76,80.16,32.19,84.55,30.83,42.04,true,0
session_20260623_163953_final,2489,271363,2026-06-23T16:44:24.841825,Okulary BME280,"31.55,79.30,31.74,79.84,32.08,84.29,30.83,42.09",31.55,79.30,31.74,79.84,32.08,84.29,30.83,42.09,true,0
session_20260623_163953_final,2490,271453,2026-06-23T16:44:24.932567,Okulary BME280,"31.54,79.20,31.74,79.51,32.05,84.16,30.83,42.11",31.54,79.20,31.74,79.51,32.05,84.16,30.83,42.11,true,0
session_20260623_163953_final,2491,271587,2026-06-23T16:44:25.066071,Okulary BME280,"31.54,79.18,31.73,79.20,32.03,84.02,30.83,42.11",31.54,79.18,31.73,79.20,32.03,84.02,30.83,42.11,true,0
session_20260623_163953_final,2492,271680,2026-06-23T16:44:25.159086,Okulary BME280,"31.54,79.13,31.73,78.89,32.02,83.88,30.83,42.11",31.54,79.13,31.73,78.89,32.02,83.88,30.83,42.11,true,0
session_20260623_163953_final,2493,271810,2026-06-23T16:44:25.289718,Okulary BME280,"31.54,79.09,31.72,78.58,32.01,83.74,30.83,42.10",31.54,79.09,31.72,78.58,32.01,83.74,30.83,42.10,true,0
session_20260623_163953_final,2494,271903,2026-06-23T16:44:25.382297,Okulary BME280,"31.54,79.04,31.72,78.29,32.01,83.60,30.84,42.09",31.54,79.04,31.72,78.29,32.01,83.60,30.84,42.09,true,0
session_20260623_163953_final,2495,271992,2026-06-23T16:44:25.470939,Okulary BME280,"31.54,79.01,31.72,78.01,32.01,83.46,30.83,42.08",31.54,79.01,31.72,78.01,32.01,83.46,30.83,42.08,true,0
session_20260623_163953_final,2496,272127,2026-06-23T16:44:25.606424,Okulary BME280,"31.54,78.92,31.72,77.74,32.01,83.35,30.84,42.08",31.54,78.92,31.72,77.74,32.01,83.35,30.84,42.08,true,0
session_20260623_163953_final,2497,272234,2026-06-23T16:44:25.713003,Okulary BME280,"31.54,78.85,31.71,77.30,32.03,83.26,30.83,42.05",31.54,78.85,31.71,77.30,32.03,83.26,30.83,42.05,true,0
session_20260623_163953_final,2498,272366,2026-06-23T16:44:25.845740,Okulary BME280,"31.53,78.86,31.72,77.08,32.06,83.10,30.84,42.02",31.53,78.86,31.72,77.08,32.06,83.10,30.84,42.02,true,0
session_20260623_163953_final,2499,272441,2026-06-23T16:44:25.919832,Okulary BME280,"31.54,78.82,31.72,76.83,32.07,83.00,30.84,42.00",31.54,78.82,31.72,76.83,32.07,83.00,30.84,42.00,true,0
session_20260623_163953_final,2500,272576,2026-06-23T16:44:26.055635,Okulary BME280,"31.54,78.79,31.72,76.63,32.08,82.88,30.84,41.98",31.54,78.79,31.72,76.63,32.08,82.88,30.84,41.98,true,0
session_20260623_163953_final,2501,272670,2026-06-23T16:44:26.149355,Okulary BME280,"31.54,78.75,31.72,76.48,32.09,82.85,30.84,41.96",31.54,78.75,31.72,76.48,32.09,82.85,30.84,41.96,true,0
session_20260623_163953_final,2502,272758,2026-06-23T16:44:26.237229,Okulary BME280,"31.54,78.72,31.73,76.56,32.10,83.08,30.84,41.95",31.54,78.72,31.73,76.56,32.10,83.08,30.84,41.95,true,0
session_20260623_163953_final,2503,272894,2026-06-23T16:44:26.372896,Okulary BME280,"31.54,78.70,31.75,76.81,32.12,83.41,30.84,41.94",31.54,78.70,31.75,76.81,32.12,83.41,30.84,41.94,true,0
session_20260623_163953_final,2504,272990,2026-06-23T16:44:26.468838,Okulary BME280,"31.54,78.67,31.79,77.16,32.16,83.75,30.84,41.93",31.54,78.67,31.79,77.16,32.16,83.75,30.84,41.93,true,0
session_20260623_163953_final,2505,273117,2026-06-23T16:44:26.596141,Okulary BME280,"31.54,78.60,31.84,77.53,32.22,84.08,30.84,41.93",31.54,78.60,31.84,77.53,32.22,84.08,30.84,41.93,true,0
session_20260623_163953_final,2506,273206,2026-06-23T16:44:26.684889,Okulary BME280,"31.54,78.63,31.93,78.34,32.29,84.32,30.85,41.94",31.54,78.63,31.93,78.34,32.29,84.32,30.85,41.94,true,0
session_20260623_163953_final,2507,273342,2026-06-23T16:44:26.821450,Okulary BME280,"31.55,78.60,31.97,78.72,32.45,84.79,30.85,41.94",31.55,78.60,31.97,78.72,32.45,84.79,30.85,41.94,true,0
session_20260623_163953_final,2508,273430,2026-06-23T16:44:26.909049,Okulary BME280,"31.55,78.60,32.01,79.10,32.51,84.95,30.85,41.92",31.55,78.60,32.01,79.10,32.51,84.95,30.85,41.92,true,0
session_20260623_163953_final,2509,273535,2026-06-23T16:44:27.014491,Okulary BME280,"31.55,78.60,32.04,79.45,32.57,85.08,30.85,41.89",31.55,78.60,32.04,79.45,32.57,85.08,30.85,41.89,true,0
session_20260623_163953_final,2510,273671,2026-06-23T16:44:27.150785,Okulary BME280,"31.55,78.60,32.06,79.78,32.63,85.22,30.85,41.88",31.55,78.60,32.06,79.78,32.63,85.22,30.85,41.88,true,0
session_20260623_163953_final,2511,273746,2026-06-23T16:44:27.224899,Okulary BME280,"31.56,78.60,32.08,80.09,32.68,85.31,30.85,41.87",31.56,78.60,32.08,80.09,32.68,85.31,30.85,41.87,true,0
session_20260623_163953_final,2512,273882,2026-06-23T16:44:27.361418,Okulary BME280,"31.56,78.60,32.10,80.37,32.72,85.43,30.85,41.86",31.56,78.60,32.10,80.37,32.72,85.43,30.85,41.86,true,0
session_20260623_163953_final,2513,273975,2026-06-23T16:44:27.454007,Okulary BME280,"31.56,78.59,32.12,80.66,32.77,85.54,30.85,41.84",31.56,78.59,32.12,80.66,32.77,85.54,30.85,41.84,true,0
session_20260623_163953_final,2514,274106,2026-06-23T16:44:27.585735,Okulary BME280,"31.56,78.63,32.13,80.92,32.81,85.57,30.85,41.84",31.56,78.63,32.13,80.92,32.81,85.57,30.85,41.84,true,0
session_20260623_163953_final,2515,274204,2026-06-23T16:44:27.683407,Okulary BME280,"31.56,78.58,32.16,81.39,32.84,85.69,30.85,41.81",31.56,78.58,32.16,81.39,32.84,85.69,30.85,41.81,true,0
session_20260623_163953_final,2516,274287,2026-06-23T16:44:27.766633,Okulary BME280,"31.56,78.59,32.17,81.60,32.89,85.79,30.84,41.84",31.56,78.59,32.17,81.60,32.89,85.79,30.84,41.84,true,0
session_20260623_163953_final,2517,274442,2026-06-23T16:44:27.921214,Okulary BME280,"31.56,78.59,32.18,81.80,32.90,85.83,30.84,41.84",31.56,78.59,32.18,81.80,32.90,85.83,30.84,41.84,true,0
session_20260623_163953_final,2518,274511,2026-06-23T16:44:27.990674,Okulary BME280,"31.57,78.58,32.18,81.97,32.92,85.86,30.83,41.87",31.57,78.58,32.18,81.97,32.92,85.86,30.83,41.87,true,0
session_20260623_163953_final,2519,274646,2026-06-23T16:44:28.125435,Okulary BME280,"31.56,78.57,32.19,82.15,32.92,85.87,30.83,41.90",31.56,78.57,32.19,82.15,32.92,85.87,30.83,41.90,true,0
session_20260623_163953_final,2520,274734,2026-06-23T16:44:28.213743,Okulary BME280,"31.56,78.56,32.19,82.31,32.91,85.87,30.83,41.94",31.56,78.56,32.19,82.31,32.91,85.87,30.83,41.94,true,0
session_20260623_163953_final,2521,274831,2026-06-23T16:44:28.310189,Okulary BME280,"31.56,78.54,32.19,82.44,32.90,85.86,30.83,41.96",31.56,78.54,32.19,82.44,32.90,85.86,30.83,41.96,true,0
session_20260623_163953_final,2522,274976,2026-06-23T16:44:28.455689,Okulary BME280,"31.56,78.57,32.18,82.55,32.88,85.83,30.83,42.00",31.56,78.57,32.18,82.55,32.88,85.83,30.83,42.00,true,0
session_20260623_163953_final,2523,275050,2026-06-23T16:44:28.529410,Okulary BME280,"31.56,78.53,32.18,82.68,32.86,85.75,30.83,42.03",31.56,78.53,32.18,82.68,32.86,85.75,30.83,42.03,true,0
session_20260623_163953_final,2524,275189,2026-06-23T16:44:28.668425,Okulary BME280,"31.55,78.44,32.16,82.88,32.83,85.71,30.83,42.09",31.55,78.44,32.16,82.88,32.83,85.71,30.83,42.09,true,0
session_20260623_163953_final,2525,275292,2026-06-23T16:44:28.771232,Okulary BME280,"31.55,78.42,32.14,82.87,32.76,85.68,30.83,42.11",31.55,78.42,32.14,82.87,32.76,85.68,30.83,42.11,true,0
session_20260623_163953_final,2526,275419,2026-06-23T16:44:28.898553,Okulary BME280,"31.55,78.39,32.11,82.76,32.73,85.64,30.83,42.14",31.55,78.39,32.11,82.76,32.73,85.64,30.83,42.14,true,0
session_20260623_163953_final,2527,275504,2026-06-23T16:44:28.983378,Okulary BME280,"31.55,78.36,32.07,82.57,32.70,85.56,30.83,42.15",31.55,78.36,32.07,82.57,32.70,85.56,30.83,42.15,true,0
session_20260623_163953_final,2528,275591,2026-06-23T16:44:29.070623,Okulary BME280,"31.55,78.32,32.01,82.32,32.65,85.41,30.83,42.16",31.55,78.32,32.01,82.32,32.65,85.41,30.83,42.16,true,0
session_20260623_163953_final,2529,275742,2026-06-23T16:44:29.221164,Okulary BME280,"31.55,78.28,31.95,82.03,32.57,85.23,30.83,42.15",31.55,78.28,31.95,82.03,32.57,85.23,30.83,42.15,true,0
session_20260623_163953_final,2530,275817,2026-06-23T16:44:29.296701,Okulary BME280,"31.55,78.23,31.90,81.72,32.48,85.02,30.83,42.13",31.55,78.23,31.90,81.72,32.48,85.02,30.83,42.13,true,0
session_20260623_163953_final,2531,275950,2026-06-23T16:44:29.429058,Okulary BME280,"31.55,78.23,31.85,81.42,32.38,84.83,30.83,42.13",31.55,78.23,31.85,81.42,32.38,84.83,30.83,42.13,true,0
session_20260623_163953_final,2532,276040,2026-06-23T16:44:29.518977,Okulary BME280,"31.54,78.12,31.82,81.15,32.28,84.64,30.83,42.12",31.54,78.12,31.82,81.15,32.28,84.64,30.83,42.12,true,0
session_20260623_163953_final,2533,276181,2026-06-23T16:44:29.660252,Okulary BME280,"31.54,78.09,31.77,80.60,32.19,84.47,30.83,42.11",31.54,78.09,31.77,80.60,32.19,84.47,30.83,42.11,true,0
session_20260623_163953_final,2534,276285,2026-06-23T16:44:29.764567,Okulary BME280,"31.54,78.05,31.77,80.35,32.08,84.24,30.83,42.16",31.54,78.05,31.77,80.35,32.08,84.24,30.83,42.16,true,0
session_20260623_163953_final,2535,276355,2026-06-23T16:44:29.834169,Okulary BME280,"31.54,78.01,31.76,80.07,32.05,84.12,30.83,42.17",31.54,78.01,31.76,80.07,32.05,84.12,30.83,42.17,true,0
session_20260623_163953_final,2536,276491,2026-06-23T16:44:29.970583,Okulary BME280,"31.54,77.98,31.75,79.78,32.02,84.00,30.83,42.19",31.54,77.98,31.75,79.78,32.02,84.00,30.83,42.19,true,0
session_20260623_163953_final,2537,276582,2026-06-23T16:44:30.061485,Okulary BME280,"31.54,77.93,31.75,79.49,32.01,83.89,30.83,42.23",31.54,77.93,31.75,79.49,32.01,83.89,30.83,42.23,true,0
session_20260623_163953_final,2538,276718,2026-06-23T16:44:30.197164,Okulary BME280,"31.54,77.91,31.74,79.20,32.01,83.77,30.84,42.26",31.54,77.91,31.74,79.20,32.01,83.77,30.84,42.26,true,0
session_20260623_163953_final,2539,276807,2026-06-23T16:44:30.286224,Okulary BME280,"31.54,77.89,31.74,78.93,32.01,83.65,30.84,42.31",31.54,77.89,31.74,78.93,32.01,83.65,30.84,42.31,true,0
session_20260623_163953_final,2540,276902,2026-06-23T16:44:30.381080,Okulary BME280,"31.54,77.86,31.74,78.63,32.02,83.54,30.84,42.36",31.54,77.86,31.74,78.63,32.02,83.54,30.84,42.36,true,0
session_20260623_163953_final,2541,277032,2026-06-23T16:44:30.510885,Okulary BME280,"31.55,77.82,31.74,78.40,32.03,83.46,30.84,42.40",31.55,77.82,31.74,78.40,32.03,83.46,30.84,42.40,true,0
session_20260623_163953_final,2542,277127,2026-06-23T16:44:30.606231,Okulary BME280,"31.55,77.80,31.74,77.92,32.04,83.30,30.85,42.46",31.55,77.80,31.74,77.92,32.04,83.30,30.85,42.46,true,0
session_20260623_163953_final,2543,277255,2026-06-23T16:44:30.734767,Okulary BME280,"31.55,77.79,31.74,77.72,32.06,83.02,30.85,42.56",31.55,77.79,31.74,77.72,32.06,83.02,30.85,42.56,true,0
session_20260623_163953_final,2544,277345,2026-06-23T16:44:30.824451,Okulary BME280,"31.55,77.77,31.75,77.51,32.07,82.89,30.85,42.57",31.55,77.77,31.75,77.51,32.07,82.89,30.85,42.57,true,0
session_20260623_163953_final,2545,277500,2026-06-23T16:44:30.978842,Okulary BME280,"31.55,77.75,31.75,77.32,32.07,82.75,30.85,42.58",31.55,77.75,31.75,77.32,32.07,82.75,30.85,42.58,true,0
session_20260623_163953_final,2546,277572,2026-06-23T16:44:31.051300,Okulary BME280,"31.55,77.76,31.76,77.18,32.08,82.62,30.85,42.57",31.55,77.76,31.76,77.18,32.08,82.62,30.85,42.57,true,0
session_20260623_163953_final,2547,277667,2026-06-23T16:44:31.146660,Okulary BME280,"31.55,77.74,31.76,77.06,32.09,82.54,30.85,42.54",31.55,77.74,31.76,77.06,32.09,82.54,30.85,42.54,true,0
session_20260623_163953_final,2548,277802,2026-06-23T16:44:31.280950,Okulary BME280,"31.55,77.67,31.77,77.07,32.10,82.67,30.85,42.53",31.55,77.67,31.77,77.07,32.10,82.67,30.85,42.53,true,0
session_20260623_163953_final,2549,277903,2026-06-23T16:44:31.382491,Okulary BME280,"31.55,77.69,31.79,77.24,32.11,82.87,30.85,42.52",31.55,77.69,31.79,77.24,32.11,82.87,30.85,42.52,true,0
session_20260623_163953_final,2550,278034,2026-06-23T16:44:31.513298,Okulary BME280,"31.55,77.72,31.81,77.43,32.13,83.08,30.85,42.51",31.55,77.72,31.81,77.43,32.13,83.08,30.85,42.51,true,0
session_20260623_163953_final,2551,278112,2026-06-23T16:44:31.591675,Okulary BME280,"31.55,77.71,31.86,77.95,32.15,83.56,30.85,42.50",31.55,77.71,31.86,77.95,32.15,83.56,30.85,42.50,true,0
session_20260623_163953_final,2552,278245,2026-06-23T16:44:31.724351,Okulary BME280,"31.55,77.71,31.88,78.28,32.21,83.82,30.85,42.51",31.55,77.71,31.88,78.28,32.21,83.82,30.85,42.51,true,0
session_20260623_163953_final,2553,278350,2026-06-23T16:44:31.829468,Okulary BME280,"31.56,77.71,31.91,78.60,32.26,84.06,30.86,42.44",31.56,77.71,31.91,78.60,32.26,84.06,30.86,42.44,true,0
session_20260623_163953_final,2554,278426,2026-06-23T16:44:31.904879,Okulary BME280,"31.56,77.71,31.94,78.94,32.31,84.28,30.86,42.42",31.56,77.71,31.94,78.94,32.31,84.28,30.86,42.42,true,0
session_20260623_163953_final,2555,278563,2026-06-23T16:44:32.042259,Okulary BME280,"31.56,77.71,31.97,79.26,32.38,84.47,30.86,42.41",31.56,77.71,31.97,79.26,32.38,84.47,30.86,42.41,true,0
session_20260623_163953_final,2556,278651,2026-06-23T16:44:32.130266,Okulary BME280,"31.57,77.72,32.00,79.58,32.44,84.64,30.85,42.39",31.57,77.72,32.00,79.58,32.44,84.64,30.85,42.39,true,0
session_20260623_163953_final,2557,278804,2026-06-23T16:44:32.282974,Okulary BME280,"31.57,77.71,32.02,79.89,32.49,84.81,30.86,42.39",31.57,77.71,32.02,79.89,32.49,84.81,30.86,42.39,true,0
session_20260623_163953_final,2558,278876,2026-06-23T16:44:32.355789,Okulary BME280,"31.57,77.68,32.04,80.19,32.55,84.93,30.86,42.38",31.57,77.68,32.04,80.19,32.55,84.93,30.86,42.38,true,0
session_20260623_163953_final,2559,278965,2026-06-23T16:44:32.444377,Okulary BME280,"31.57,77.76,32.07,80.46,32.60,85.03,30.85,42.37",31.57,77.76,32.07,80.46,32.60,85.03,30.85,42.37,true,0
session_20260623_163953_final,2560,279102,2026-06-23T16:44:32.580976,Okulary BME280,"31.57,77.76,32.10,80.96,32.69,85.30,30.86,42.29",31.57,77.76,32.10,80.96,32.69,85.30,30.86,42.29,true,0
session_20260623_163953_final,2561,279207,2026-06-23T16:44:32.686814,Okulary BME280,"31.57,77.77,32.12,81.19,32.73,85.37,30.86,42.29",31.57,77.77,32.12,81.19,32.73,85.37,30.86,42.29,true,0
session_20260623_163953_final,2562,279329,2026-06-23T16:44:32.807974,Okulary BME280,"31.58,77.78,32.13,81.41,32.77,85.45,30.85,42.24",31.58,77.78,32.13,81.41,32.77,85.45,30.85,42.24,true,0
session_20260623_163953_final,2563,279417,2026-06-23T16:44:32.895948,Okulary BME280,"31.58,77.80,32.15,81.62,32.80,85.52,30.85,42.22",31.58,77.80,32.15,81.62,32.80,85.52,30.85,42.22,true,0
session_20260623_163953_final,2564,279550,2026-06-23T16:44:33.029796,Okulary BME280,"31.57,77.81,32.16,81.83,32.83,85.60,30.85,42.19",31.57,77.81,32.16,81.83,32.83,85.60,30.85,42.19,true,0
session_20260623_163953_final,2565,279656,2026-06-23T16:44:33.135495,Okulary BME280,"31.58,77.81,32.17,82.01,32.86,85.66,30.85,42.16",31.58,77.81,32.17,82.01,32.86,85.66,30.85,42.16,true,0
session_20260623_163953_final,2566,279731,2026-06-23T16:44:33.210060,Okulary BME280,"31.58,77.81,32.18,82.19,32.89,85.70,30.85,42.13",31.58,77.81,32.18,82.19,32.89,85.70,30.85,42.13,true,0
session_20260623_163953_final,2567,279867,2026-06-23T16:44:33.346723,Okulary BME280,"31.58,77.83,32.19,82.35,32.91,85.77,30.85,42.09",31.58,77.83,32.19,82.35,32.91,85.77,30.85,42.09,true,0
session_20260623_163953_final,2568,279972,2026-06-23T16:44:33.451364,Okulary BME280,"31.58,77.85,32.20,82.50,32.92,85.77,30.85,42.08",31.58,77.85,32.20,82.50,32.92,85.77,30.85,42.08,true,0
session_20260623_163953_final,2569,280107,2026-06-23T16:44:33.586518,Okulary BME280,"31.58,77.85,32.21,82.77,32.93,85.82,30.85,42.07",31.58,77.85,32.21,82.77,32.93,85.82,30.85,42.07,true,0
session_20260623_163953_final,2570,280181,2026-06-23T16:44:33.660640,Okulary BME280,"31.58,77.85,32.20,82.89,32.92,85.79,30.85,42.06",31.58,77.85,32.20,82.89,32.92,85.79,30.85,42.06,true,0
session_20260623_163953_final,2571,280316,2026-06-23T16:44:33.795388,Okulary BME280,"31.58,77.85,32.19,82.98,32.90,85.75,30.85,42.08",31.58,77.85,32.19,82.98,32.90,85.75,30.85,42.08,true,0
session_20260623_163953_final,2572,280405,2026-06-23T16:44:33.884639,Okulary BME280,"31.58,77.85,32.18,82.92,32.88,85.69,30.85,42.13",31.58,77.85,32.18,82.92,32.88,85.69,30.85,42.13,true,0
session_20260623_163953_final,2573,280498,2026-06-23T16:44:33.977599,Okulary BME280,"31.58,77.85,32.13,82.70,32.84,85.62,30.85,42.14",31.58,77.85,32.13,82.70,32.84,85.62,30.85,42.14,true,0
session_20260623_163953_final,2574,280631,2026-06-23T16:44:34.110095,Okulary BME280,"31.58,77.82,32.06,82.40,32.79,85.51,30.85,42.16",31.58,77.82,32.06,82.40,32.79,85.51,30.85,42.16,true,0
session_20260623_163953_final,2575,280723,2026-06-23T16:44:34.201984,Okulary BME280,"31.58,77.80,31.99,82.07,32.71,85.39,30.85,42.16",31.58,77.80,31.99,82.07,32.71,85.39,30.85,42.16,true,0
session_20260623_163953_final,2576,280855,2026-06-23T16:44:34.334743,Okulary BME280,"31.57,77.81,31.91,81.72,32.62,85.22,30.86,42.16",31.57,77.81,31.91,81.72,32.62,85.22,30.86,42.16,true,0
session_20260623_163953_final,2577,280946,2026-06-23T16:44:34.424828,Okulary BME280,"31.58,77.78,31.85,81.03,32.52,85.16,30.86,42.17",31.58,77.78,31.85,81.03,32.52,85.16,30.86,42.17,true,0
session_20260623_163953_final,2578,281081,2026-06-23T16:44:34.560214,Okulary BME280,"31.57,77.77,31.77,80.73,32.34,84.83,30.86,42.16",31.57,77.77,31.77,80.73,32.34,84.83,30.86,42.16,true,0
session_20260623_163953_final,2579,281171,2026-06-23T16:44:34.650269,Okulary BME280,"31.57,77.76,31.75,80.41,32.27,84.70,30.85,42.16",31.57,77.76,31.75,80.41,32.27,84.70,30.85,42.16,true,0
session_20260623_163953_final,2580,281267,2026-06-23T16:44:34.746257,Okulary BME280,"31.57,77.73,31.74,80.06,32.21,84.58,30.86,42.13",31.57,77.73,31.74,80.06,32.21,84.58,30.86,42.13,true,0
session_20260623_163953_final,2581,281399,2026-06-23T16:44:34.878772,Okulary BME280,"31.57,77.71,31.73,79.78,32.16,84.44,30.85,42.14",31.57,77.71,31.73,79.78,32.16,84.44,30.85,42.14,true,0
session_20260623_163953_final,2582,281490,2026-06-23T16:44:34.969331,Okulary BME280,"31.57,77.68,31.73,79.47,32.11,84.33,30.85,42.13",31.57,77.68,31.73,79.47,32.11,84.33,30.85,42.13,true,0
session_20260623_163953_final,2583,281620,2026-06-23T16:44:35.099782,Okulary BME280,"31.56,77.60,31.73,79.16,32.08,84.20,30.86,42.11",31.56,77.60,31.73,79.16,32.08,84.20,30.86,42.11,true,0
session_20260623_163953_final,2584,281716,2026-06-23T16:44:35.195178,Okulary BME280,"31.56,77.65,31.73,78.84,32.06,84.08,30.86,42.09",31.56,77.65,31.73,78.84,32.06,84.08,30.86,42.09,true,0
session_20260623_163953_final,2585,281802,2026-06-23T16:44:35.280943,Okulary BME280,"31.56,77.61,31.73,78.58,32.05,84.04,30.85,42.08",31.56,77.61,31.73,78.58,32.05,84.04,30.85,42.08,true,0
session_20260623_163953_final,2586,281936,2026-06-23T16:44:35.415648,Okulary BME280,"31.56,77.58,31.73,77.99,32.05,83.90,30.86,42.06",31.56,77.58,31.73,77.99,32.05,83.90,30.86,42.06,true,0
session_20260623_163953_final,2587,282029,2026-06-23T16:44:35.508300,Okulary BME280,"31.56,77.57,31.73,77.79,32.05,83.64,30.86,42.03",31.56,77.57,31.73,77.79,32.05,83.64,30.86,42.03,true,0
session_20260623_163953_final,2588,282172,2026-06-23T16:44:35.651484,Okulary BME280,"31.56,77.55,31.73,77.57,32.06,83.50,30.86,41.99",31.56,77.55,31.73,77.57,32.06,83.50,30.86,41.99,true,0
session_20260623_163953_final,2589,282253,2026-06-23T16:44:35.732784,Okulary BME280,"31.56,77.53,31.74,77.35,32.06,83.36,30.86,42.03",31.56,77.53,31.74,77.35,32.06,83.36,30.86,42.03,true,0
session_20260623_163953_final,2590,282397,2026-06-23T16:44:35.876208,Okulary BME280,"31.56,77.52,31.74,77.15,32.07,83.24,30.86,41.93",31.56,77.52,31.74,77.15,32.07,83.24,30.86,41.93,true,0
session_20260623_163953_final,2591,282475,2026-06-23T16:44:35.954685,Okulary BME280,"31.56,77.42,31.75,76.95,32.07,83.08,30.85,41.90",31.56,77.42,31.75,76.95,32.07,83.08,30.85,41.90,true,0
session_20260623_163953_final,2592,282574,2026-06-23T16:44:36.052884,Okulary BME280,"31.56,77.47,31.75,76.85,32.08,83.00,30.86,41.88",31.56,77.47,31.75,76.85,32.08,83.00,30.86,41.88,true,0
session_20260623_163953_final,2593,282716,2026-06-23T16:44:36.195668,Okulary BME280,"31.56,77.46,31.76,76.80,32.09,82.93,30.85,41.86",31.56,77.46,31.76,76.80,32.09,82.93,30.85,41.86,true,0
session_20260623_163953_final,2594,282791,2026-06-23T16:44:36.270604,Okulary BME280,"31.56,77.44,31.76,76.73,32.10,82.86,30.86,41.85",31.56,77.44,31.76,76.73,32.10,82.86,30.86,41.85,true,0
session_20260623_163953_final,2595,282927,2026-06-23T16:44:36.406423,Okulary BME280,"31.56,77.44,31.79,76.90,32.11,82.90,30.85,41.83",31.56,77.44,31.79,76.90,32.11,82.90,30.85,41.83,true,0
session_20260623_163953_final,2596,283019,2026-06-23T16:44:36.498413,Okulary BME280,"31.56,77.42,31.80,77.15,32.13,83.35,30.85,41.82",31.56,77.42,31.80,77.15,32.13,83.35,30.85,41.82,true,0
session_20260623_163953_final,2597,283161,2026-06-23T16:44:36.640251,Okulary BME280,"31.56,77.42,31.83,77.45,32.17,83.66,30.85,41.86",31.56,77.42,31.83,77.45,32.17,83.66,30.85,41.86,true,0
session_20260623_163953_final,2598,283244,2026-06-23T16:44:36.723450,Okulary BME280,"31.57,77.41,31.87,77.80,32.22,83.94,30.86,41.82",31.57,77.41,31.87,77.80,32.22,83.94,30.86,41.82,true,0
session_20260623_163953_final,2599,283332,2026-06-23T16:44:36.811193,Okulary BME280,"31.57,77.41,31.91,78.14,32.28,84.19,30.86,41.81",31.57,77.41,31.91,78.14,32.28,84.19,30.86,41.81,true,0
session_20260623_163953_final,2600,283465,2026-06-23T16:44:36.944674,Okulary BME280,"31.57,77.44,31.94,78.50,32.34,84.40,30.86,41.80",31.57,77.44,31.94,78.50,32.34,84.40,30.86,41.80,true,0
session_20260623_163953_final,2601,283555,2026-06-23T16:44:37.034443,Okulary BME280,"31.57,77.41,31.98,78.85,32.41,84.59,30.87,41.80",31.57,77.41,31.98,78.85,32.41,84.59,30.87,41.80,true,0
session_20260623_163953_final,2602,283690,2026-06-23T16:44:37.169701,Okulary BME280,"31.57,77.40,32.01,79.19,32.47,84.76,30.86,41.80",31.57,77.40,32.01,79.19,32.47,84.76,30.86,41.80,true,0
session_20260623_163953_final,2603,283780,2026-06-23T16:44:37.259127,Okulary BME280,"31.58,77.40,32.03,79.49,32.53,84.87,30.86,41.79",31.58,77.40,32.03,79.49,32.53,84.87,30.86,41.79,true,0
session_20260623_163953_final,2604,283878,2026-06-23T16:44:37.357607,Okulary BME280,"31.58,77.42,32.07,80.10,32.57,85.02,30.86,41.79",31.58,77.42,32.07,80.10,32.57,85.02,30.86,41.79,true,0
session_20260623_163953_final,2605,284013,2026-06-23T16:44:37.492514,Okulary BME280,"31.58,77.42,32.08,80.36,32.66,85.25,30.86,41.78",31.58,77.42,32.08,80.36,32.66,85.25,30.86,41.78,true,0
session_20260623_163953_final,2606,284097,2026-06-23T16:44:37.575866,Okulary BME280,"31.58,77.43,32.10,80.62,32.70,85.33,30.86,41.75",31.58,77.43,32.10,80.62,32.70,85.33,30.86,41.75,true,0
session_20260623_163953_final,2607,284232,2026-06-23T16:44:37.711158,Okulary BME280,"31.58,77.43,32.11,80.85,32.73,85.39,30.86,41.72",31.58,77.43,32.11,80.85,32.73,85.39,30.86,41.72,true,0
session_20260623_163953_final,2608,284338,2026-06-23T16:44:37.817309,Okulary BME280,"31.58,77.44,32.12,81.08,32.76,85.46,30.86,41.66",31.58,77.44,32.12,81.08,32.76,85.46,30.86,41.66,true,0
session_20260623_163953_final,2609,284471,2026-06-23T16:44:37.950805,Okulary BME280,"31.59,77.40,32.13,81.29,32.78,85.53,30.85,41.61",31.59,77.40,32.13,81.29,32.78,85.53,30.85,41.61,true,0
session_20260623_163953_final,2610,284546,2026-06-23T16:44:38.025417,Okulary BME280,"31.59,77.47,32.14,81.48,32.81,85.58,30.85,41.59",31.59,77.47,32.14,81.48,32.81,85.58,30.85,41.59,true,0
session_20260623_163953_final,2611,284638,2026-06-23T16:44:38.116983,Okulary BME280,"31.59,77.48,32.15,81.67,32.82,85.60,30.85,41.60",31.59,77.48,32.15,81.67,32.82,85.60,30.85,41.60,true,0
session_20260623_163953_final,2612,284787,2026-06-23T16:44:38.266465,Okulary BME280,"31.59,77.48,32.16,81.86,32.83,85.63,30.85,41.62",31.59,77.48,32.16,81.86,32.83,85.63,30.85,41.62,true,0
session_20260623_163953_final,2613,284861,2026-06-23T16:44:38.339955,Okulary BME280,"31.58,77.48,32.15,82.15,32.83,85.68,30.85,41.67",31.58,77.48,32.15,82.15,32.83,85.68,30.85,41.67,true,0
session_20260623_163953_final,2614,284997,2026-06-23T16:44:38.475836,Okulary BME280,"31.59,77.48,32.15,82.29,32.81,85.67,30.85,41.71",31.59,77.48,32.15,82.29,32.81,85.67,30.85,41.71,true,0
session_20260623_163953_final,2615,285087,2026-06-23T16:44:38.566252,Okulary BME280,"31.58,77.49,32.14,82.42,32.79,85.62,30.85,41.68",31.58,77.49,32.14,82.42,32.79,85.62,30.85,41.68,true,0
session_20260623_163953_final,2616,285231,2026-06-23T16:44:38.710682,Okulary BME280,"31.58,77.49,32.14,82.51,32.78,85.58,30.85,41.74",31.58,77.49,32.14,82.51,32.78,85.58,30.85,41.74,true,0
session_20260623_163953_final,2617,285318,2026-06-23T16:44:38.797477,Okulary BME280,"31.59,77.55,32.12,82.60,32.74,85.55,30.85,41.72",31.59,77.55,32.12,82.60,32.74,85.55,30.85,41.72,true,0
session_20260623_163953_final,2618,285402,2026-06-23T16:44:38.880995,Okulary BME280,"31.59,77.51,32.10,82.59,32.72,85.51,30.85,41.72",31.59,77.51,32.10,82.59,32.72,85.51,30.85,41.72,true,0
session_20260623_163953_final,2619,285537,2026-06-23T16:44:39.016469,Okulary BME280,"31.58,77.49,32.07,82.46,32.68,85.44,30.85,41.72",31.58,77.49,32.07,82.46,32.68,85.44,30.85,41.72,true,0
session_20260623_163953_final,2620,285626,2026-06-23T16:44:39.105038,Okulary BME280,"31.59,77.49,32.03,82.24,32.64,85.34,30.85,41.72",31.59,77.49,32.03,82.24,32.64,85.34,30.85,41.72,true,0
session_20260623_163953_final,2621,285762,2026-06-23T16:44:39.241564,Okulary BME280,"31.59,77.49,31.97,81.96,32.57,85.22,30.85,41.72",31.59,77.49,31.97,81.96,32.57,85.22,30.85,41.72,true,0
session_20260623_163953_final,2622,285850,2026-06-23T16:44:39.329208,Okulary BME280,"31.59,77.48,31.86,81.31,32.48,85.07,30.85,41.72",31.59,77.48,31.86,81.31,32.48,85.07,30.85,41.72,true,0
session_20260623_163953_final,2623,285986,2026-06-23T16:44:39.465192,Okulary BME280,"31.58,77.46,31.81,80.96,32.31,84.79,30.85,41.71",31.58,77.46,31.81,80.96,32.31,84.79,30.85,41.71,true,0
session_20260623_163953_final,2624,286091,2026-06-23T16:44:39.570795,Okulary BME280,"31.58,77.45,31.78,80.64,32.24,84.67,30.86,41.68",31.58,77.45,31.78,80.64,32.24,84.67,30.86,41.68,true,0
session_20260623_163953_final,2625,286165,2026-06-23T16:44:39.644037,Okulary BME280,"31.59,77.44,31.76,80.33,32.19,84.55,30.86,41.64",31.59,77.44,31.76,80.33,32.19,84.55,30.86,41.64,true,0
session_20260623_163953_final,2626,286302,2026-06-23T16:44:39.781738,Okulary BME280,"31.58,77.48,31.74,79.98,32.14,84.42,30.86,41.64",31.58,77.48,31.74,79.98,32.14,84.42,30.86,41.64,true,0
session_20260623_163953_final,2627,286393,2026-06-23T16:44:39.872271,Okulary BME280,"31.58,77.39,31.73,79.65,32.10,84.27,30.86,41.64",31.58,77.39,31.73,79.65,32.10,84.27,30.86,41.64,true,0
session_20260623_163953_final,2628,286529,2026-06-23T16:44:40.008119,Okulary BME280,"31.58,77.37,31.72,79.34,32.07,84.15,30.86,41.64",31.58,77.37,31.72,79.34,32.07,84.15,30.86,41.64,true,0
session_20260623_163953_final,2629,286617,2026-06-23T16:44:40.096004,Okulary BME280,"31.58,77.34,31.72,78.97,32.06,84.03,30.86,41.62",31.58,77.34,31.72,78.97,32.06,84.03,30.86,41.62,true,0
session_20260623_163953_final,2630,286707,2026-06-23T16:44:40.186200,Okulary BME280,"31.58,77.33,31.72,78.72,32.05,83.97,30.86,41.61",31.58,77.33,31.72,78.72,32.05,83.97,30.86,41.61,true,0
session_20260623_163953_final,2631,286855,2026-06-23T16:44:40.334634,Okulary BME280,"31.57,77.32,31.71,78.11,32.05,83.80,30.86,41.61",31.57,77.32,31.71,78.11,32.05,83.80,30.86,41.61,true,0
session_20260623_163953_final,2632,286937,2026-06-23T16:44:40.416148,Okulary BME280,"31.57,77.29,31.72,77.83,32.06,83.58,30.86,41.60",31.57,77.29,31.72,77.83,32.06,83.58,30.86,41.60,true,0
session_20260623_163953_final,2633,287066,2026-06-23T16:44:40.544924,Okulary BME280,"31.57,77.27,31.72,77.56,32.06,83.47,30.86,41.58",31.57,77.27,31.72,77.56,32.06,83.47,30.86,41.58,true,0
session_20260623_163953_final,2634,287155,2026-06-23T16:44:40.634313,Okulary BME280,"31.57,77.24,31.71,77.28,32.07,83.38,30.86,41.57",31.57,77.24,31.71,77.28,32.07,83.38,30.86,41.57,true,0
session_20260623_163953_final,2635,287291,2026-06-23T16:44:40.769848,Okulary BME280,"31.57,77.20,31.71,77.02,32.08,83.32,30.86,41.58",31.57,77.20,31.71,77.02,32.08,83.32,30.86,41.58,true,0
session_20260623_163953_final,2636,287381,2026-06-23T16:44:40.860575,Okulary BME280,"31.57,77.14,31.71,76.83,32.09,83.20,30.86,41.57",31.57,77.14,31.71,76.83,32.09,83.20,30.86,41.57,true,0
session_20260623_163953_final,2637,287470,2026-06-23T16:44:40.949032,Okulary BME280,"31.57,77.11,31.72,76.77,32.10,83.22,30.86,41.58",31.57,77.11,31.72,76.77,32.10,83.22,30.86,41.58,true,0
session_20260623_163953_final,2638,287606,2026-06-23T16:44:41.085604,Okulary BME280,"31.57,77.08,31.73,76.88,32.11,83.41,30.86,41.58",31.57,77.08,31.73,76.88,32.11,83.41,30.86,41.58,true,0
session_20260623_163953_final,2639,287698,2026-06-23T16:44:41.176876,Okulary BME280,"31.56,77.06,31.75,77.10,32.13,83.66,30.86,41.59",31.56,77.06,31.75,77.10,32.13,83.66,30.86,41.59,true,0
session_20260623_163953_final,2640,287840,2026-06-23T16:44:41.319364,Okulary BME280,"31.56,77.03,31.81,77.70,32.16,84.07,30.87,41.61",31.56,77.03,31.81,77.70,32.16,84.07,30.87,41.61,true,0
session_20260623_163953_final,2641,287923,2026-06-23T16:44:41.402808,Okulary BME280,"31.57,77.01,31.85,78.04,32.23,84.30,30.87,41.61",31.57,77.01,31.85,78.04,32.23,84.30,30.87,41.61,true,0
session_20260623_163953_final,2642,288055,2026-06-23T16:44:41.534808,Okulary BME280,"31.56,77.00,31.88,78.38,32.29,84.52,30.87,41.63",31.56,77.00,31.88,78.38,32.29,84.52,30.87,41.63,true,0
session_20260623_163953_final,2643,288152,2026-06-23T16:44:41.630874,Okulary BME280,"31.57,77.02,31.91,78.75,32.35,84.71,30.87,41.59",31.57,77.02,31.91,78.75,32.35,84.71,30.87,41.59,true,0
session_20260623_163953_final,2644,288283,2026-06-23T16:44:41.762652,Okulary BME280,"31.57,76.98,31.95,79.08,32.41,84.87,30.87,41.64",31.57,76.98,31.95,79.08,32.41,84.87,30.87,41.64,true,0
session_20260623_163953_final,2645,288370,2026-06-23T16:44:41.849295,Okulary BME280,"31.57,76.96,31.98,79.41,32.47,85.03,30.87,41.59",31.57,76.96,31.98,79.41,32.47,85.03,30.87,41.59,true,0
session_20260623_163953_final,2646,288461,2026-06-23T16:44:41.940243,Okulary BME280,"31.57,76.96,32.00,79.72,32.52,85.15,30.86,41.58",31.57,76.96,32.00,79.72,32.52,85.15,30.86,41.58,true,0
session_20260623_163953_final,2647,288600,2026-06-23T16:44:42.079204,Okulary BME280,"31.57,76.96,32.02,80.02,32.57,85.27,30.86,41.57",31.57,76.96,32.02,80.02,32.57,85.27,30.86,41.57,true,0
session_20260623_163953_final,2648,288685,2026-06-23T16:44:42.164167,Okulary BME280,"31.58,76.96,32.04,80.28,32.61,85.38,30.86,41.56",31.58,76.96,32.04,80.28,32.61,85.38,30.86,41.56,true,0
session_20260623_163953_final,2649,288774,2026-06-23T16:44:42.253717,Okulary BME280,"31.58,76.97,32.08,80.83,32.70,85.53,30.86,41.53",31.58,76.97,32.08,80.83,32.70,85.53,30.86,41.53,true,0
session_20260623_163953_final,2650,288919,2026-06-23T16:44:42.398658,Okulary BME280,"31.58,76.96,32.10,81.06,32.74,85.61,30.86,41.52",31.58,76.96,32.10,81.06,32.74,85.61,30.86,41.52,true,0
session_20260623_163953_final,2651,289001,2026-06-23T16:44:42.480495,Okulary BME280,"31.59,76.97,32.11,81.29,32.77,85.70,30.86,41.50",31.59,76.97,32.11,81.29,32.77,85.70,30.86,41.50,true,0
session_20260623_163953_final,2652,289144,2026-06-23T16:44:42.622978,Okulary BME280,"31.58,76.94,32.13,81.50,32.81,85.76,30.85,41.47",31.58,76.94,32.13,81.50,32.81,85.76,30.85,41.47,true,0
session_20260623_163953_final,2653,289228,2026-06-23T16:44:42.707030,Okulary BME280,"31.58,76.97,32.14,81.71,32.84,85.82,30.86,41.46",31.58,76.97,32.14,81.71,32.84,85.82,30.86,41.46,true,0
session_20260623_163953_final,2654,289362,2026-06-23T16:44:42.841251,Okulary BME280,"31.58,76.99,32.15,81.89,32.86,85.86,30.86,41.40",31.58,76.99,32.15,81.89,32.86,85.86,30.86,41.40,true,0
session_20260623_163953_final,2655,289456,2026-06-23T16:44:42.935031,Okulary BME280,"31.59,76.99,32.17,82.08,32.88,85.91,30.85,41.36",31.59,76.99,32.17,82.08,32.88,85.91,30.85,41.36,true,0
session_20260623_163953_final,2656,289541,2026-06-23T16:44:43.020617,Okulary BME280,"31.59,77.00,32.17,82.23,32.90,85.95,30.85,41.30",31.59,77.00,32.17,82.23,32.90,85.95,30.85,41.30,true,0
session_20260623_163953_final,2657,289675,2026-06-23T16:44:43.154644,Okulary BME280,"31.59,76.99,32.18,82.39,32.91,85.94,30.84,41.25",31.59,76.99,32.18,82.39,32.91,85.94,30.84,41.25,true,0
session_20260623_163953_final,2658,289765,2026-06-23T16:44:43.244613,Okulary BME280,"31.59,76.99,32.17,82.62,32.88,85.85,30.84,41.18",31.59,76.99,32.17,82.62,32.88,85.85,30.84,41.18,true,0
session_20260623_163953_final,2659,289901,2026-06-23T16:44:43.380303,Okulary BME280,"31.59,76.97,32.16,82.73,32.86,85.82,30.84,41.12",31.59,76.97,32.16,82.73,32.86,85.82,30.84,41.12,true,0
session_20260623_163953_final,2660,289991,2026-06-23T16:44:43.470722,Okulary BME280,"31.59,76.96,32.14,82.82,32.82,85.75,30.84,41.06",31.59,76.96,32.14,82.82,32.82,85.75,30.84,41.06,true,0
session_20260623_163953_final,2661,290126,2026-06-23T16:44:43.605685,Okulary BME280,"31.59,76.96,32.12,82.87,32.79,85.71,30.83,41.00",31.59,76.96,32.12,82.87,32.79,85.71,30.83,41.00,true,0
session_20260623_163953_final,2662,290216,2026-06-23T16:44:43.695516,Okulary BME280,"31.58,76.94,32.11,82.86,32.75,85.65,30.83,41.02",31.58,76.94,32.11,82.86,32.75,85.65,30.83,41.02,true,0
session_20260623_163953_final,2663,290322,2026-06-23T16:44:43.801408,Okulary BME280,"31.58,76.92,32.08,82.70,32.71,85.58,30.82,40.91",31.58,76.92,32.08,82.70,32.71,85.58,30.82,40.91,true,0
session_20260623_163953_final,2664,290453,2026-06-23T16:44:43.932657,Okulary BME280,"31.58,76.90,32.02,82.47,32.65,85.44,30.82,40.89",31.58,76.90,32.02,82.47,32.65,85.44,30.82,40.89,true,0
session_20260623_163953_final,2665,290531,2026-06-23T16:44:44.010778,Okulary BME280,"31.59,76.88,31.97,82.16,32.58,85.28,30.82,40.89",31.59,76.88,31.97,82.16,32.58,85.28,30.82,40.89,true,0
session_20260623_163953_final,2666,290665,2026-06-23T16:44:44.144024,Okulary BME280,"31.58,76.84,31.90,81.81,32.49,85.07,30.82,40.86",31.58,76.84,31.90,81.81,32.49,85.07,30.82,40.86,true,0
session_20260623_163953_final,2667,290764,2026-06-23T16:44:44.242877,Okulary BME280,"31.58,76.81,31.79,81.04,32.30,84.78,30.83,40.85",31.58,76.81,31.79,81.04,32.30,84.78,30.83,40.85,true,0
session_20260623_163953_final,2668,290899,2026-06-23T16:44:44.378236,Okulary BME280,"31.58,76.78,31.75,80.67,32.23,84.67,30.82,40.85",31.58,76.78,31.75,80.67,32.23,84.67,30.82,40.85,true,0
session_20260623_163953_final,2669,290980,2026-06-23T16:44:44.459688,Okulary BME280,"31.57,76.73,31.73,80.29,32.17,84.57,30.83,40.84",31.57,76.73,31.73,80.29,32.17,84.57,30.83,40.84,true,0
session_20260623_163953_final,2670,291087,2026-06-23T16:44:44.566163,Okulary BME280,"31.57,76.65,31.71,79.93,32.13,84.49,30.83,40.81",31.57,76.65,31.71,79.93,32.13,84.49,30.83,40.81,true,0
session_20260623_163953_final,2671,291217,2026-06-23T16:44:44.696813,Okulary BME280,"31.57,76.58,31.69,79.60,32.10,84.38,30.83,40.77",31.57,76.58,31.69,79.60,32.10,84.38,30.83,40.77,true,0
session_20260623_163953_final,2672,291302,2026-06-23T16:44:44.780869,Okulary BME280,"31.57,76.52,31.68,79.30,32.08,84.31,30.84,40.78",31.57,76.52,31.68,79.30,32.08,84.31,30.84,40.78,true,0
session_20260623_163953_final,2673,291431,2026-06-23T16:44:44.910379,Okulary BME280,"31.57,76.45,31.68,78.99,32.07,84.21,30.84,40.76",31.57,76.45,31.68,78.99,32.07,84.21,30.84,40.76,true,0
session_20260623_163953_final,2674,291522,2026-06-23T16:44:45.000888,Okulary BME280,"31.57,76.38,31.68,78.67,32.07,84.16,30.84,40.76",31.57,76.38,31.68,78.67,32.07,84.16,30.84,40.76,true,0
session_20260623_163953_final,2675,291626,2026-06-23T16:44:45.105272,Okulary BME280,"31.56,76.31,31.68,78.41,32.07,84.02,30.84,40.75",31.56,76.31,31.68,78.41,32.07,84.02,30.84,40.75,true,0
session_20260623_163953_final,2676,291746,2026-06-23T16:44:45.225345,Okulary BME280,"31.56,76.22,31.68,77.90,32.08,83.84,30.84,40.74",31.56,76.22,31.68,77.90,32.08,83.84,30.84,40.74,true,0
session_20260623_163953_final,2677,291836,2026-06-23T16:44:45.315468,Okulary BME280,"31.56,76.13,31.69,77.66,32.09,83.77,30.84,40.71",31.56,76.13,31.69,77.66,32.09,83.77,30.84,40.71,true,0
session_20260623_163953_final,2678,291970,2026-06-23T16:44:45.449297,Okulary BME280,"31.56,76.01,31.70,77.44,32.10,83.70,30.84,40.70",31.56,76.01,31.70,77.44,32.10,83.70,30.84,40.70,true,0
session_20260623_163953_final,2679,292072,2026-06-23T16:44:45.550821,Okulary BME280,"31.56,75.96,31.70,77.23,32.11,83.64,30.84,40.67",31.56,75.96,31.70,77.23,32.11,83.64,30.84,40.67,true,0
session_20260623_163953_final,2680,292210,2026-06-23T16:44:45.689610,Okulary BME280,"31.55,75.78,31.71,77.02,32.11,83.58,30.84,40.66",31.55,75.78,31.71,77.02,32.11,83.58,30.84,40.66,true,0
session_20260623_163953_final,2681,292285,2026-06-23T16:44:45.763965,Okulary BME280,"31.55,75.70,31.71,76.83,32.12,83.48,30.84,40.66",31.55,75.70,31.71,76.83,32.12,83.48,30.84,40.66,true,0
session_20260623_163953_final,2682,292375,2026-06-23T16:44:45.854026,Okulary BME280,"31.56,75.63,31.72,76.70,32.13,83.35,30.84,40.66",31.56,75.63,31.72,76.70,32.13,83.35,30.84,40.66,true,0
session_20260623_163953_final,2683,292519,2026-06-23T16:44:45.998206,Okulary BME280,"31.55,75.54,31.72,76.62,32.13,83.31,30.84,40.67",31.55,75.54,31.72,76.62,32.13,83.31,30.84,40.67,true,0
session_20260623_163953_final,2684,292605,2026-06-23T16:44:46.084758,Okulary BME280,"31.56,75.48,31.73,76.68,32.14,83.41,30.84,40.67",31.56,75.48,31.73,76.68,32.14,83.41,30.84,40.67,true,0
session_20260623_163953_final,2685,292738,2026-06-23T16:44:46.216847,Okulary BME280,"31.56,75.42,31.77,77.10,32.17,83.74,30.84,40.69",31.56,75.42,31.77,77.10,32.17,83.74,30.84,40.69,true,0
session_20260623_163953_final,2686,292827,2026-06-23T16:44:46.306062,Okulary BME280,"31.56,75.38,31.80,77.38,32.18,83.95,30.85,40.71",31.56,75.38,31.80,77.38,32.18,83.95,30.85,40.71,true,0
session_20260623_163953_final,2687,292962,2026-06-23T16:44:46.441200,Okulary BME280,"31.56,75.31,31.83,77.69,32.21,84.15,30.85,40.74",31.56,75.31,31.83,77.69,32.21,84.15,30.85,40.74,true,0
session_20260623_163953_final,2688,293053,2026-06-23T16:44:46.532009,Okulary BME280,"31.56,75.26,31.86,78.00,32.25,84.35,30.85,40.79",31.56,75.26,31.86,78.00,32.25,84.35,30.85,40.79,true,0
session_20260623_163953_final,2689,293141,2026-06-23T16:44:46.620178,Okulary BME280,"31.56,75.24,31.88,78.35,32.29,84.54,30.85,40.77",31.56,75.24,31.88,78.35,32.29,84.54,30.85,40.77,true,0
session_20260623_163953_final,2690,293275,2026-06-23T16:44:46.754134,Okulary BME280,"31.57,75.21,31.91,78.68,32.34,84.73,30.85,40.83",31.57,75.21,31.91,78.68,32.34,84.73,30.85,40.83,true,0
session_20260623_163953_final,2691,293366,2026-06-23T16:44:46.845745,Okulary BME280,"31.57,75.21,31.94,79.01,32.40,84.90,30.85,40.84",31.57,75.21,31.94,79.01,32.40,84.90,30.85,40.84,true,0
session_20260623_163953_final,2692,293500,2026-06-23T16:44:46.979323,Okulary BME280,"31.57,75.21,31.97,79.35,32.45,85.04,30.85,40.87",31.57,75.21,31.97,79.35,32.45,85.04,30.85,40.87,true,0
session_20260623_163953_final,2693,293590,2026-06-23T16:44:47.068860,Okulary BME280,"31.58,75.21,31.99,79.63,32.50,85.17,30.85,40.88",31.58,75.21,31.99,79.63,32.50,85.17,30.85,40.88,true,0
session_20260623_163953_final,2694,293687,2026-06-23T16:44:47.166427,Okulary BME280,"31.58,75.21,32.03,80.20,32.59,85.37,30.86,40.89",31.58,75.21,32.03,80.20,32.59,85.37,30.86,40.89,true,0
session_20260623_163953_final,2695,293834,2026-06-23T16:44:47.313021,Okulary BME280,"31.58,75.21,32.05,80.46,32.63,85.46,30.86,40.90",31.58,75.21,32.05,80.46,32.63,85.46,30.86,40.90,true,0
session_20260623_163953_final,2696,293905,2026-06-23T16:44:47.383840,Okulary BME280,"31.58,75.23,32.06,80.71,32.67,85.54,30.86,40.91",31.58,75.23,32.06,80.71,32.67,85.54,30.86,40.91,true,0
session_20260623_163953_final,2697,294053,2026-06-23T16:44:47.532638,Okulary BME280,"31.59,75.26,32.07,80.95,32.71,85.63,30.86,40.94",31.59,75.26,32.07,80.95,32.71,85.63,30.86,40.94,true,0
session_20260623_163953_final,2698,294145,2026-06-23T16:44:47.624165,Okulary BME280,"31.58,75.28,32.09,81.18,32.73,85.69,30.86,41.02",31.58,75.28,32.09,81.18,32.73,85.69,30.86,41.02,true,0
session_20260623_163953_final,2699,294271,2026-06-23T16:44:47.750674,Okulary BME280,"31.59,75.29,32.10,81.38,32.76,85.75,30.86,41.22",31.59,75.29,32.10,81.38,32.76,85.75,30.86,41.22,true,0
session_20260623_163953_final,2700,294356,2026-06-23T16:44:47.835492,Okulary BME280,"31.59,75.29,32.11,81.57,32.79,85.81,30.86,41.32",31.59,75.29,32.11,81.57,32.79,85.81,30.86,41.32,true,0
session_20260623_163953_final,2701,294447,2026-06-23T16:44:47.926285,Okulary BME280,"31.59,75.30,32.12,81.75,32.81,85.87,30.86,41.40",31.59,75.30,32.12,81.75,32.81,85.87,30.86,41.40,true,0
session_20260623_163953_final,2702,294588,2026-06-23T16:44:48.067006,Okulary BME280,"31.59,75.31,32.13,82.11,32.83,85.91,30.86,41.47",31.59,75.31,32.13,82.11,32.83,85.91,30.86,41.47,true,0
session_20260623_163953_final,2703,294671,2026-06-23T16:44:48.150186,Okulary BME280,"31.59,75.34,32.15,82.28,32.86,85.99,30.86,41.53",31.59,75.34,32.15,82.28,32.86,85.99,30.86,41.53,true,0
session_20260623_163953_final,2704,294804,2026-06-23T16:44:48.283649,Okulary BME280,"31.59,75.35,32.15,82.43,32.87,86.02,30.86,41.58",31.59,75.35,32.15,82.43,32.87,86.02,30.86,41.58,true,0
session_20260623_163953_final,2705,294895,2026-06-23T16:44:48.374115,Okulary BME280,"31.59,75.33,32.16,82.56,32.88,86.06,30.86,41.61",31.59,75.33,32.16,82.56,32.88,86.06,30.86,41.61,true,0
session_20260623_163953_final,2706,295035,2026-06-23T16:44:48.514759,Okulary BME280,"31.59,75.35,32.17,82.71,32.89,86.08,30.85,41.64",31.59,75.35,32.17,82.71,32.89,86.08,30.85,41.64,true,0
session_20260623_163953_final,2707,295133,2026-06-23T16:44:48.611903,Okulary BME280,"31.59,75.36,32.18,82.82,32.89,86.10,30.85,41.61",31.59,75.36,32.18,82.82,32.89,86.10,30.85,41.61,true,0
session_20260623_163953_final,2708,295211,2026-06-23T16:44:48.690307,Okulary BME280,"31.59,75.35,32.18,82.94,32.90,86.08,30.86,41.62",31.59,75.35,32.18,82.94,32.90,86.08,30.86,41.62,true,0
session_20260623_163953_final,2709,295349,2026-06-23T16:44:48.828443,Okulary BME280,"31.59,75.35,32.18,83.04,32.89,86.03,30.85,41.60",31.59,75.35,32.18,83.04,32.89,86.03,30.85,41.60,true,0
session_20260623_163953_final,2710,295453,2026-06-23T16:44:48.932733,Okulary BME280,"31.60,75.34,32.17,83.12,32.87,85.95,30.85,41.59",31.60,75.34,32.17,83.12,32.87,85.95,30.85,41.59,true,0
session_20260623_163953_final,2711,295574,2026-06-23T16:44:49.053255,Okulary BME280,"31.59,75.33,32.14,82.94,32.83,85.86,30.85,41.58",31.59,75.33,32.14,82.94,32.83,85.86,30.85,41.58,true,0
session_20260623_163953_final,2712,295664,2026-06-23T16:44:49.142961,Okulary BME280,"31.59,75.32,32.06,82.70,32.73,85.66,30.85,41.57",31.59,75.32,32.06,82.70,32.73,85.66,30.85,41.57,true,0
session_20260623_163953_final,2713,295796,2026-06-23T16:44:49.275747,Okulary BME280,"31.59,75.28,31.99,82.44,32.65,85.50,30.85,41.54",31.59,75.28,31.99,82.44,32.65,85.50,30.85,41.54,true,0
session_20260623_163953_final,2714,295901,2026-06-23T16:44:49.379884,Okulary BME280,"31.59,75.22,31.93,82.14,32.55,85.34,30.85,41.53",31.59,75.22,31.93,82.14,32.55,85.34,30.85,41.53,true,0
session_20260623_163953_final,2715,295976,2026-06-23T16:44:49.455389,Okulary BME280,"31.59,75.17,31.87,81.80,32.47,85.20,30.85,41.53",31.59,75.17,31.87,81.80,32.47,85.20,30.85,41.53,true,0
session_20260623_163953_final,2716,296110,2026-06-23T16:44:49.589773,Okulary BME280,"31.58,75.10,31.83,81.45,32.38,85.04,30.85,41.47",31.58,75.10,31.83,81.45,32.38,85.04,30.85,41.47,true,0
session_20260623_163953_final,2717,296200,2026-06-23T16:44:49.679319,Okulary BME280,"31.58,75.04,31.79,81.09,32.29,84.90,30.86,41.43",31.58,75.04,31.79,81.09,32.29,84.90,30.86,41.43,true,0
session_20260623_163953_final,2718,296337,2026-06-23T16:44:49.816023,Okulary BME280,"31.58,74.96,31.76,80.79,32.22,84.75,30.85,41.42",31.58,74.96,31.76,80.79,32.22,84.75,30.85,41.42,true,0
session_20260623_163953_final,2719,296440,2026-06-23T16:44:49.919011,Okulary BME280,"31.58,74.87,31.74,80.42,32.16,84.60,30.85,41.40",31.58,74.87,31.74,80.42,32.16,84.60,30.85,41.40,true,0
session_20260623_163953_final,2720,296516,2026-06-23T16:44:49.995636,Okulary BME280,"31.58,74.78,31.73,79.81,32.12,84.53,30.85,41.38",31.58,74.78,31.73,79.81,32.12,84.53,30.85,41.38,true,0
session_20260623_163953_final,2721,296659,2026-06-23T16:44:50.138038,Okulary BME280,"31.57,74.62,31.72,79.51,32.06,84.28,30.85,41.37",31.57,74.62,31.72,79.51,32.06,84.28,30.85,41.37,true,0
session_20260623_163953_final,2722,296741,2026-06-23T16:44:50.220311,Okulary BME280,"31.57,74.56,31.71,79.25,32.05,84.14,30.85,41.34",31.57,74.56,31.71,79.25,32.05,84.14,30.85,41.34,true,0
session_20260623_163953_final,2723,296876,2026-06-23T16:44:50.354847,Okulary BME280,"31.56,74.42,31.72,78.98,32.05,84.00,30.85,41.32",31.56,74.42,31.72,78.98,32.05,84.00,30.85,41.32,true,0
session_20260623_163953_final,2724,296967,2026-06-23T16:44:50.446,Okulary BME280,"31.57,74.33,31.71,78.71,32.04,83.84,30.85,41.31",31.57,74.33,31.71,78.71,32.04,83.84,30.85,41.31,true,0
session_20260623_163953_final,2725,297102,2026-06-23T16:44:50.581593,Okulary BME280,"31.56,74.25,31.72,78.43,32.05,83.68,30.85,41.26",31.56,74.25,31.72,78.43,32.05,83.68,30.85,41.26,true,0
session_20260623_163953_final,2726,297207,2026-06-23T16:44:50.686649,Okulary BME280,"31.56,74.18,31.72,78.17,32.05,83.56,30.86,41.25",31.56,74.18,31.72,78.17,32.05,83.56,30.86,41.25,true,0
session_20260623_163953_final,2727,297283,2026-06-23T16:44:50.762415,Okulary BME280,"31.56,74.12,31.73,77.95,32.06,83.46,30.86,41.23",31.56,74.12,31.73,77.95,32.06,83.46,30.86,41.23,true,0
session_20260623_163953_final,2728,297415,2026-06-23T16:44:50.894727,Okulary BME280,"31.56,74.04,31.73,77.71,32.07,83.39,30.85,41.22",31.56,74.04,31.73,77.71,32.07,83.39,30.85,41.22,true,0
session_20260623_163953_final,2729,297505,2026-06-23T16:44:50.984281,Okulary BME280,"31.56,73.99,31.74,77.60,32.08,83.48,30.85,41.22",31.56,73.99,31.74,77.60,32.08,83.48,30.85,41.22,true,0
session_20260623_163953_final,2730,297645,2026-06-23T16:44:51.124653,Okulary BME280,"31.57,73.88,31.76,77.82,32.12,83.81,30.85,41.23",31.57,73.88,31.76,77.82,32.12,83.81,30.85,41.23,true,0
session_20260623_163953_final,2731,297731,2026-06-23T16:44:51.209975,Okulary BME280,"31.57,73.85,31.80,78.11,32.17,84.15,30.86,41.23",31.57,73.85,31.80,78.11,32.17,84.15,30.86,41.23,true,0
session_20260623_163953_final,2732,297867,2026-06-23T16:44:51.346169,Okulary BME280,"31.57,73.85,31.85,78.44,32.24,84.41,30.86,41.23",31.57,73.85,31.85,78.44,32.24,84.41,30.86,41.23,true,0
session_20260623_163953_final,2733,297955,2026-06-23T16:44:51.434249,Okulary BME280,"31.57,73.85,31.89,78.80,32.31,84.67,30.85,41.22",31.57,73.85,31.89,78.80,32.31,84.67,30.85,41.22,true,0
session_20260623_163953_final,2734,298048,2026-06-23T16:44:51.527393,Okulary BME280,"31.58,73.85,31.93,79.14,32.39,84.88,30.86,41.25",31.58,73.85,31.93,79.14,32.39,84.88,30.86,41.25,true,0
session_20260623_163953_final,2735,298185,2026-06-23T16:44:51.663968,Okulary BME280,"31.58,73.85,31.97,79.46,32.45,85.05,30.86,41.23",31.58,73.85,31.97,79.46,32.45,85.05,30.86,41.23,true,0
session_20260623_163953_final,2736,298272,2026-06-23T16:44:51.751278,Okulary BME280,"31.58,73.87,32.00,79.80,32.51,85.21,30.86,41.23",31.58,73.87,32.00,79.80,32.51,85.21,30.86,41.23,true,0
session_20260623_163953_final,2737,298407,2026-06-23T16:44:51.885971,Okulary BME280,"31.58,73.89,32.02,80.09,32.56,85.33,30.86,41.22",31.58,73.89,32.02,80.09,32.56,85.33,30.86,41.22,true,0
session_20260623_163953_final,2738,298495,2026-06-23T16:44:51.974679,Okulary BME280,"31.59,73.97,32.06,80.64,32.66,85.54,30.86,41.22",31.59,73.97,32.06,80.64,32.66,85.54,30.86,41.22,true,0
session_20260623_163953_final,2739,298585,2026-06-23T16:44:52.064475,Okulary BME280,"31.59,73.90,32.07,80.90,32.70,85.62,30.86,41.23",31.59,73.90,32.07,80.90,32.70,85.62,30.86,41.23,true,0
session_20260623_163953_final,2740,298724,2026-06-23T16:44:52.202840,Okulary BME280,"31.59,73.96,32.09,81.14,32.73,85.70,30.86,41.24",31.59,73.96,32.09,81.14,32.73,85.70,30.86,41.24,true,0
session_20260623_163953_final,2741,298814,2026-06-23T16:44:52.293566,Okulary BME280,"31.59,73.99,32.10,81.36,32.76,85.76,30.86,41.25",31.59,73.99,32.10,81.36,32.76,85.76,30.86,41.25,true,0
session_20260623_163953_final,2742,298958,2026-06-23T16:44:52.437777,Okulary BME280,"31.59,74.00,32.11,81.57,32.79,85.82,30.86,41.29",31.59,74.00,32.11,81.57,32.79,85.82,30.86,41.29,true,0
session_20260623_163953_final,2743,299035,2026-06-23T16:44:52.514650,Okulary BME280,"31.59,74.02,32.13,81.78,32.81,85.89,30.86,41.33",31.59,74.02,32.13,81.78,32.81,85.89,30.86,41.33,true,0
session_20260623_163953_final,2744,299172,2026-06-23T16:44:52.651058,Okulary BME280,"31.60,74.05,32.14,81.96,32.83,85.95,30.86,41.33",31.60,74.05,32.14,81.96,32.83,85.95,30.86,41.33,true,0
session_20260623_163953_final,2745,299262,2026-06-23T16:44:52.740905,Okulary BME280,"31.60,74.06,32.14,82.17,32.85,85.95,30.86,41.34",31.60,74.06,32.14,82.17,32.85,85.95,30.86,41.34,true,0
session_20260623_163953_final,2746,299352,2026-06-23T16:44:52.831771,Okulary BME280,"31.60,74.08,32.16,82.33,32.87,86.07,30.85,41.34",31.60,74.08,32.16,82.33,32.87,86.07,30.85,41.34,true,0
session_20260623_163953_final,2747,299487,2026-06-23T16:44:52.966182,Okulary BME280,"31.60,74.21,32.17,82.61,32.89,86.10,30.85,41.37",31.60,74.21,32.17,82.61,32.89,86.10,30.85,41.37,true,0
session_20260623_163953_final,2748,299576,2026-06-23T16:44:53.055371,Okulary BME280,"31.60,74.12,32.18,82.75,32.90,86.12,30.86,41.40",31.60,74.12,32.18,82.75,32.90,86.12,30.86,41.40,true,0
session_20260623_163953_final,2749,299710,2026-06-23T16:44:53.189187,Okulary BME280,"31.60,74.12,32.18,82.87,32.90,86.11,30.85,41.45",31.60,74.12,32.18,82.87,32.90,86.11,30.85,41.45,true,0
session_20260623_163953_final,2750,299801,2026-06-23T16:44:53.280487,Okulary BME280,"31.60,74.12,32.18,82.98,32.89,86.07,30.85,41.52",31.60,74.12,32.18,82.98,32.89,86.07,30.85,41.52,true,0
session_20260623_163953_final,2751,299946,2026-06-23T16:44:53.425369,Okulary BME280,"31.60,74.11,32.17,83.08,32.87,86.02,30.85,41.61",31.60,74.11,32.17,83.08,32.87,86.02,30.85,41.61,true,0
session_20260623_163953_final,2752,300030,2026-06-23T16:44:53.509777,Okulary BME280,"31.60,74.10,32.17,83.18,32.85,85.98,30.86,41.68",31.60,74.10,32.17,83.18,32.85,85.98,30.86,41.68,true,0
session_20260623_163953_final,2753,300115,2026-06-23T16:44:53.594225,Okulary BME280,"31.60,74.08,32.15,83.27,32.82,85.94,30.85,41.78",31.60,74.08,32.15,83.27,32.82,85.94,30.85,41.78,true,0
session_20260623_163953_final,2754,300261,2026-06-23T16:44:53.739899,Okulary BME280,"31.60,74.07,32.14,83.27,32.79,85.91,30.86,41.99",31.60,74.07,32.14,83.27,32.79,85.91,30.86,41.99,true,0
session_20260623_163953_final,2755,300351,2026-06-23T16:44:53.829929,Okulary BME280,"31.60,74.04,32.11,83.14,32.75,85.83,30.86,42.09",31.60,74.04,32.11,83.14,32.75,85.83,30.86,42.09,true,0
session_20260623_163953_final,2756,300521,2026-06-23T16:44:54.000110,Okulary BME280,"31.60,74.05,32.01,82.79,32.64,85.56,30.86,42.17",31.60,74.05,32.01,82.79,32.64,85.56,30.86,42.17,true,0
session_20260623_163953_final,2757,300567,2026-06-23T16:44:54.046040,Okulary BME280,"31.59,73.89,31.95,82.54,32.55,85.36,30.86,42.27",31.59,73.89,31.95,82.54,32.55,85.36,30.86,42.27,true,0
session_20260623_163953_final,2758,300719,2026-06-23T16:44:54.198134,Okulary BME280,"31.59,73.83,31.90,82.24,32.45,85.17,30.86,42.34",31.59,73.83,31.90,82.24,32.45,85.17,30.86,42.34,true,0
session_20260623_163953_final,2759,300791,2026-06-23T16:44:54.270171,Okulary BME280,"31.58,73.76,31.85,81.95,32.33,84.99,30.86,42.39",31.58,73.76,31.85,81.95,32.33,84.99,30.86,42.39,true,0
session_20260623_163953_final,2760,300883,2026-06-23T16:44:54.362768,Okulary BME280,"31.58,73.69,31.81,81.63,32.24,84.81,30.87,42.44",31.58,73.69,31.81,81.63,32.24,84.81,30.87,42.44,true,0
session_20260623_163953_final,2761,301015,2026-06-23T16:44:54.493936,Okulary BME280,"31.58,73.60,31.78,81.32,32.17,84.64,30.87,42.48",31.58,73.60,31.78,81.32,32.17,84.64,30.87,42.48,true,0
session_20260623_163953_final,2762,301122,2026-06-23T16:44:54.601326,Okulary BME280,"31.58,73.52,31.75,81.01,32.11,84.48,30.87,42.51",31.58,73.52,31.75,81.01,32.11,84.48,30.87,42.51,true,0
session_20260623_163953_final,2763,301244,2026-06-23T16:44:54.723233,Okulary BME280,"31.58,73.43,31.74,80.71,32.07,84.37,30.87,42.58",31.58,73.43,31.74,80.71,32.07,84.37,30.87,42.58,true,0
session_20260623_163953_final,2764,301345,2026-06-23T16:44:54.824301,Okulary BME280,"31.57,73.36,31.74,80.38,32.04,84.20,30.87,42.61",31.57,73.36,31.74,80.38,32.04,84.20,30.87,42.61,true,0
session_20260623_163953_final,2765,301440,2026-06-23T16:44:54.918984,Okulary BME280,"31.57,73.22,31.73,79.74,32.01,83.94,30.87,42.63",31.57,73.22,31.73,79.74,32.01,83.94,30.87,42.63,true,0
session_20260623_163953_final,2766,301556,2026-06-23T16:44:55.035049,Okulary BME280,"31.57,73.06,31.73,79.42,32.01,83.81,30.88,42.64",31.57,73.06,31.73,79.42,32.01,83.81,30.88,42.64,true,0
session_20260623_163953_final,2767,301645,2026-06-23T16:44:55.124806,Okulary BME280,"31.57,72.97,31.72,79.11,32.02,83.66,30.88,42.64",31.57,72.97,31.72,79.11,32.02,83.66,30.88,42.64,true,0
session_20260623_163953_final,2768,301782,2026-06-23T16:44:55.261371,Okulary BME280,"31.57,72.89,31.73,78.79,32.03,83.50,30.88,42.63",31.57,72.89,31.73,78.79,32.03,83.50,30.88,42.63,true,0
session_20260623_163953_final,2769,301873,2026-06-23T16:44:55.352750,Okulary BME280,"31.57,72.81,31.72,78.51,32.04,83.35,30.88,42.62",31.57,72.81,31.72,78.51,32.04,83.35,30.88,42.62,true,0
session_20260623_163953_final,2770,302021,2026-06-23T16:44:55.500548,Okulary BME280,"31.57,72.74,31.72,78.25,32.05,83.23,30.88,42.59",31.57,72.74,31.72,78.25,32.05,83.23,30.88,42.59,true,0
session_20260623_163953_final,2771,302095,2026-06-23T16:44:55.574383,Okulary BME280,"31.57,72.65,31.72,78.01,32.06,83.12,30.88,42.55",31.57,72.65,31.72,78.01,32.06,83.12,30.88,42.55,true,0
session_20260623_163953_final,2772,302184,2026-06-23T16:44:55.663681,Okulary BME280,"31.57,72.59,31.72,77.80,32.07,83.01,30.88,42.49",31.57,72.59,31.72,77.80,32.07,83.01,30.88,42.49,true,0
session_20260623_163953_final,2773,302320,2026-06-23T16:44:55.799742,Okulary BME280,"31.57,72.60,31.73,77.60,32.08,82.88,30.88,42.44",31.57,72.60,31.73,77.60,32.08,82.88,30.88,42.44,true,0
session_20260623_163953_final,2774,302413,2026-06-23T16:44:55.892443,Okulary BME280,"31.57,72.38,31.74,77.32,32.09,82.71,30.87,42.38",31.57,72.38,31.74,77.32,32.09,82.71,30.87,42.38,true,0
session_20260623_163953_final,2775,302558,2026-06-23T16:44:56.036988,Okulary BME280,"31.58,72.32,31.74,77.21,32.10,82.61,30.87,42.34",31.58,72.32,31.74,77.21,32.10,82.61,30.87,42.34,true,0
session_20260623_163953_final,2776,302636,2026-06-23T16:44:56.115695,Okulary BME280,"31.58,72.27,31.75,77.10,32.11,82.54,30.88,42.29",31.58,72.27,31.75,77.10,32.11,82.54,30.88,42.29,true,0
session_20260623_163953_final,2777,302771,2026-06-23T16:44:56.250467,Okulary BME280,"31.58,72.22,31.76,77.17,32.12,82.76,30.88,42.25",31.58,72.22,31.76,77.17,32.12,82.76,30.88,42.25,true,0
session_20260623_163953_final,2778,302871,2026-06-23T16:44:56.350804,Okulary BME280,"31.58,72.17,31.78,77.41,32.13,83.16,30.88,42.21",31.58,72.17,31.78,77.41,32.13,83.16,30.88,42.21,true,0
session_20260623_163953_final,2779,302951,2026-06-23T16:44:56.430469,Okulary BME280,"31.57,72.16,31.82,77.73,32.18,83.51,30.88,42.17",31.57,72.16,31.82,77.73,32.18,83.51,30.88,42.17,true,0
session_20260623_163953_final,2780,303087,2026-06-23T16:44:56.566240,Okulary BME280,"31.58,72.14,31.86,78.08,32.24,83.82,30.88,42.15",31.58,72.14,31.86,78.08,32.24,83.82,30.88,42.15,true,0
session_20260623_163953_final,2781,303193,2026-06-23T16:44:56.672741,Okulary BME280,"31.58,72.15,31.90,78.45,32.31,84.07,30.88,42.08",31.58,72.15,31.90,78.45,32.31,84.07,30.88,42.08,true,0
session_20260623_163953_final,2782,303323,2026-06-23T16:44:56.802016,Okulary BME280,"31.59,72.20,31.94,78.80,32.38,84.35,30.88,42.05",31.59,72.20,31.94,78.80,32.38,84.35,30.88,42.05,true,0
session_20260623_163953_final,2783,303400,2026-06-23T16:44:56.878894,Okulary BME280,"31.59,72.23,32.00,79.49,32.50,84.71,30.88,42.02",31.59,72.23,32.00,79.49,32.50,84.71,30.88,42.02,true,0
session_20260623_163953_final,2784,303495,2026-06-23T16:44:56.974164,Okulary BME280,"31.60,72.25,32.02,79.82,32.56,84.86,30.88,41.99",31.60,72.25,32.02,79.82,32.56,84.86,30.88,41.99,true,0
session_20260623_163953_final,2785,303625,2026-06-23T16:44:57.104413,Okulary BME280,"31.60,72.29,32.04,80.12,32.61,85.00,30.88,41.96",31.60,72.29,32.04,80.12,32.61,85.00,30.88,41.96,true,0
session_20260623_163953_final,2786,303725,2026-06-23T16:44:57.204120,Okulary BME280,"31.60,72.31,32.06,80.40,32.65,85.12,30.87,41.94",31.60,72.31,32.06,80.40,32.65,85.12,30.87,41.94,true,0
session_20260623_163953_final,2787,303853,2026-06-23T16:44:57.332593,Okulary BME280,"31.60,72.35,32.08,80.68,32.69,85.22,30.88,41.92",31.60,72.35,32.08,80.68,32.69,85.22,30.88,41.92,true,0
session_20260623_163953_final,2788,303942,2026-06-23T16:44:57.420961,Okulary BME280,"31.60,72.37,32.09,80.92,32.73,85.31,30.88,41.90",31.60,72.37,32.09,80.92,32.73,85.31,30.88,41.90,true,0
session_20260623_163953_final,2789,304081,2026-06-23T16:44:57.560110,Okulary BME280,"31.60,72.41,32.10,81.14,32.76,85.38,30.88,41.95",31.60,72.41,32.10,81.14,32.76,85.38,30.88,41.95,true,0
session_20260623_163953_final,2790,304172,2026-06-23T16:44:57.651631,Okulary BME280,"31.60,72.44,32.11,81.37,32.78,85.47,30.88,41.96",31.60,72.44,32.11,81.37,32.78,85.47,30.88,41.96,true,0
session_20260623_163953_final,2791,304256,2026-06-23T16:44:57.735669,Okulary BME280,"31.60,72.47,32.12,81.57,32.80,85.54,30.88,41.94",31.60,72.47,32.12,81.57,32.80,85.54,30.88,41.94,true,0
session_20260623_163953_final,2792,304390,2026-06-23T16:44:57.868956,Okulary BME280,"31.60,72.50,32.13,81.93,32.83,85.59,30.88,41.92",31.60,72.50,32.13,81.93,32.83,85.59,30.88,41.92,true,0
session_20260623_163953_final,2793,304484,2026-06-23T16:44:57.963387,Okulary BME280,"31.60,72.52,32.13,82.10,32.82,85.63,30.88,41.90",31.60,72.52,32.13,82.10,32.82,85.63,30.88,41.90,true,0
session_20260623_163953_final,2794,304616,2026-06-23T16:44:58.095656,Okulary BME280,"31.60,72.52,32.13,82.24,32.82,85.67,30.87,41.86",31.60,72.52,32.13,82.24,32.82,85.67,30.87,41.86,true,0
session_20260623_163953_final,2795,304705,2026-06-23T16:44:58.184080,Okulary BME280,"31.60,72.54,32.13,82.39,32.82,85.69,30.87,41.84",31.60,72.54,32.13,82.39,32.82,85.69,30.87,41.84,true,0
session_20260623_163953_final,2796,304841,2026-06-23T16:44:58.320355,Okulary BME280,"31.60,72.55,32.13,82.52,32.82,85.70,30.86,41.82",31.60,72.55,32.13,82.52,32.82,85.70,30.86,41.82,true,0
session_20260623_163953_final,2797,304938,2026-06-23T16:44:58.417587,Okulary BME280,"31.60,72.54,32.12,82.64,32.81,85.70,30.87,41.82",31.60,72.54,32.12,82.64,32.81,85.70,30.87,41.82,true,0
session_20260623_163953_final,2798,305022,2026-06-23T16:44:58.501098,Okulary BME280,"31.60,72.54,32.11,82.74,32.79,85.65,30.86,41.80",31.60,72.54,32.11,82.74,32.79,85.65,30.86,41.80,true,0
session_20260623_163953_final,2799,305158,2026-06-23T16:44:58.637225,Okulary BME280,"31.60,72.51,32.11,82.85,32.77,85.66,30.87,41.87",31.60,72.51,32.11,82.85,32.77,85.66,30.87,41.87,true,0
session_20260623_163953_final,2800,305247,2026-06-23T16:44:58.726099,Okulary BME280,"31.60,72.50,32.10,82.91,32.75,85.63,30.87,41.89",31.60,72.50,32.10,82.91,32.75,85.63,30.87,41.89,true,0
session_20260623_163953_final,2801,305388,2026-06-23T16:44:58.866874,Okulary BME280,"31.60,72.44,32.06,82.86,32.68,85.49,30.87,41.93",31.60,72.44,32.06,82.86,32.68,85.49,30.87,41.93,true,0
session_20260623_163953_final,2802,305473,2026-06-23T16:44:58.951836,Okulary BME280,"31.60,72.41,32.02,82.70,32.65,85.43,30.86,41.96",31.60,72.41,32.02,82.70,32.65,85.43,30.86,41.96,true,0
session_20260623_163953_final,2803,305605,2026-06-23T16:44:59.084087,Okulary BME280,"31.59,72.36,31.99,82.46,32.59,85.28,30.87,42.00",31.59,72.36,31.99,82.46,32.59,85.28,30.87,42.00,true,0
session_20260623_163953_final,2804,305695,2026-06-23T16:44:59.174087,Okulary BME280,"31.60,72.31,31.93,82.21,32.52,85.10,30.87,42.02",31.60,72.31,31.93,82.21,32.52,85.10,30.87,42.02,true,0
session_20260623_163953_final,2805,305785,2026-06-23T16:44:59.264614,Okulary BME280,"31.59,72.25,31.88,81.93,32.43,84.89,30.87,42.03",31.59,72.25,31.88,81.93,32.43,84.89,30.87,42.03,true,0
session_20260623_163953_final,2806,305926,2026-06-23T16:44:59.404825,Okulary BME280,"31.59,72.19,31.84,81.61,32.33,84.73,30.87,42.02",31.59,72.19,31.84,81.61,32.33,84.73,30.87,42.02,true,0
session_20260623_163953_final,2807,306011,2026-06-23T16:44:59.490717,Okulary BME280,"31.59,72.13,31.80,81.28,32.25,84.58,30.87,42.03",31.59,72.13,31.80,81.28,32.25,84.58,30.87,42.03,true,0
session_20260623_163953_final,2808,306149,2026-06-23T16:44:59.627995,Okulary BME280,"31.58,71.99,31.77,80.95,32.18,84.45,30.87,42.02",31.58,71.99,31.77,80.95,32.18,84.45,30.87,42.02,true,0
session_20260623_163953_final,2809,306237,2026-06-23T16:44:59.715838,Okulary BME280,"31.58,71.89,31.75,80.62,32.13,84.29,30.87,42.03",31.58,71.89,31.75,80.62,32.13,84.29,30.87,42.03,true,0
session_20260623_163953_final,2810,306326,2026-06-23T16:44:59.805218,Okulary BME280,"31.58,71.82,31.74,80.03,32.06,83.98,30.87,42.03",31.58,71.82,31.74,80.03,32.06,83.98,30.87,42.03,true,0
session_20260623_163953_final,2811,306470,2026-06-23T16:44:59.949632,Okulary BME280,"31.58,71.76,31.73,79.71,32.04,83.82,30.87,42.05",31.58,71.76,31.73,79.71,32.04,83.82,30.87,42.05,true,0
session_20260623_163953_final,2812,306554,2026-06-23T16:45:00.032931,Okulary BME280,"31.58,71.68,31.73,79.39,32.03,83.65,30.87,42.07",31.58,71.68,31.73,79.39,32.03,83.65,30.87,42.07,true,0
session_20260623_163953_final,2813,306696,2026-06-23T16:45:00.175656,Okulary BME280,"31.58,71.61,31.72,79.07,32.02,83.50,30.87,42.09",31.58,71.61,31.72,79.07,32.02,83.50,30.87,42.09,true,0
session_20260623_163953_final,2814,306776,2026-06-23T16:45:00.255561,Okulary BME280,"31.59,71.55,31.72,78.75,32.02,83.33,30.88,42.09",31.59,71.55,31.72,78.75,32.02,83.33,30.88,42.09,true,0
session_20260623_163953_final,2815,306911,2026-06-23T16:45:00.390385,Okulary BME280,"31.58,71.47,31.72,78.43,32.04,83.17,30.87,42.15",31.58,71.47,31.72,78.43,32.04,83.17,30.87,42.15,true,0
session_20260623_163953_final,2816,307000,2026-06-23T16:45:00.479424,Okulary BME280,"31.58,71.44,31.72,78.17,32.04,83.03,30.88,42.08",31.58,71.44,31.72,78.17,32.04,83.03,30.88,42.08,true,0
session_20260623_163953_final,2817,307095,2026-06-23T16:45:00.574067,Okulary BME280,"31.58,71.37,31.71,77.92,32.05,82.86,30.88,42.12",31.58,71.37,31.71,77.92,32.05,82.86,30.88,42.12,true,0
session_20260623_163953_final,2818,307226,2026-06-23T16:45:00.705203,Okulary BME280,"31.58,71.20,31.72,77.69,32.06,82.63,30.88,42.10",31.58,71.20,31.72,77.69,32.06,82.63,30.88,42.10,true,0
session_20260623_163953_final,2819,307318,2026-06-23T16:45:00.797140,Okulary BME280,"31.58,71.13,31.72,77.28,32.07,82.53,30.88,42.08",31.58,71.13,31.72,77.28,32.07,82.53,30.88,42.08,true,0
session_20260623_163953_final,2820,307452,2026-06-23T16:45:00.931721,Okulary BME280,"31.58,71.07,31.73,77.11,32.08,82.45,30.88,42.07",31.58,71.07,31.73,77.11,32.08,82.45,30.88,42.07,true,0
session_20260623_163953_final,2821,307542,2026-06-23T16:45:01.020885,Okulary BME280,"31.58,71.02,31.73,76.96,32.09,82.35,30.88,42.05",31.58,71.02,31.73,76.96,32.09,82.35,30.88,42.05,true,0
session_20260623_163953_final,2822,307690,2026-06-23T16:45:01.168861,Okulary BME280,"31.58,70.97,31.74,76.88,32.10,82.32,30.88,42.02",31.58,70.97,31.74,76.88,32.10,82.32,30.88,42.02,true,0
session_20260623_163953_final,2823,307766,2026-06-23T16:45:01.245146,Okulary BME280,"31.58,70.91,31.75,76.99,32.11,82.55,30.88,41.98",31.58,70.91,31.75,76.99,32.11,82.55,30.88,41.98,true,0
session_20260623_163953_final,2824,307871,2026-06-23T16:45:01.350593,Okulary BME280,"31.58,70.84,31.77,77.24,32.12,82.91,30.88,41.94",31.58,70.84,31.77,77.24,32.12,82.91,30.88,41.94,true,0
session_20260623_163953_final,2825,307997,2026-06-23T16:45:01.475815,Okulary BME280,"31.58,70.82,31.81,77.57,32.16,83.25,30.88,41.95",31.58,70.82,31.81,77.57,32.16,83.25,30.88,41.95,true,0
session_20260623_163953_final,2826,308082,2026-06-23T16:45:01.560841,Okulary BME280,"31.58,70.86,31.84,77.94,32.22,83.57,30.88,41.88",31.58,70.86,31.84,77.94,32.22,83.57,30.88,41.88,true,0
session_20260623_163953_final,2827,308218,2026-06-23T16:45:01.697683,Okulary BME280,"31.59,70.85,31.89,78.30,32.35,84.09,30.88,41.87",31.59,70.85,31.89,78.30,32.35,84.09,30.88,41.87,true,0
session_20260623_163953_final,2828,308305,2026-06-23T16:45:01.784243,Okulary BME280,"31.60,70.86,31.95,79.00,32.42,84.28,30.88,41.86",31.60,70.86,31.95,79.00,32.42,84.28,30.88,41.86,true,0
session_20260623_163953_final,2829,308396,2026-06-23T16:45:01.874817,Okulary BME280,"31.60,70.90,31.98,79.34,32.48,84.45,30.88,41.86",31.60,70.90,31.98,79.34,32.48,84.45,30.88,41.86,true,0
session_20260623_163953_final,2830,308531,2026-06-23T16:45:02.010814,Okulary BME280,"31.60,70.95,32.01,79.65,32.53,84.63,30.88,41.85",31.60,70.95,32.01,79.65,32.53,84.63,30.88,41.85,true,0
session_20260623_163953_final,2831,308622,2026-06-23T16:45:02.101599,Okulary BME280,"31.60,70.98,32.02,79.96,32.57,84.75,30.89,41.84",31.60,70.98,32.02,79.96,32.57,84.75,30.89,41.84,true,0
session_20260623_163953_final,2832,308757,2026-06-23T16:45:02.236632,Okulary BME280,"31.60,71.03,32.04,80.25,32.61,84.88,30.89,41.83",31.60,71.03,32.04,80.25,32.61,84.88,30.89,41.83,true,0
session_20260623_163953_final,2833,308847,2026-06-23T16:45:02.326143,Okulary BME280,"31.60,71.09,32.06,80.52,32.65,84.99,30.89,41.78",31.60,71.09,32.06,80.52,32.65,84.99,30.89,41.78,true,0
session_20260623_163953_final,2834,308994,2026-06-23T16:45:02.472942,Okulary BME280,"31.61,71.18,32.07,80.76,32.69,85.09,30.88,41.81",31.61,71.18,32.07,80.76,32.69,85.09,30.88,41.81,true,0
session_20260623_163953_final,2835,309072,2026-06-23T16:45:02.550980,Okulary BME280,"31.61,71.19,32.08,80.99,32.71,85.15,30.88,41.83",31.61,71.19,32.08,80.99,32.71,85.15,30.88,41.83,true,0
session_20260623_163953_final,2836,309164,2026-06-23T16:45:02.643259,Okulary BME280,"31.61,71.23,32.09,81.21,32.75,85.29,30.88,41.87",31.61,71.23,32.09,81.21,32.75,85.29,30.88,41.87,true,0
session_20260623_163953_final,2837,309298,2026-06-23T16:45:02.777390,Okulary BME280,"31.61,71.25,32.10,81.62,32.77,85.35,30.88,41.96",31.61,71.25,32.10,81.62,32.77,85.35,30.88,41.96,true,0
session_20260623_163953_final,2838,309388,2026-06-23T16:45:02.866850,Okulary BME280,"31.61,71.28,32.11,81.81,32.79,85.40,30.88,42.05",31.61,71.28,32.11,81.81,32.79,85.40,30.88,42.05,true,0
session_20260623_163953_final,2839,309520,2026-06-23T16:45:02.999195,Okulary BME280,"31.61,71.32,32.12,81.99,32.80,85.46,30.89,42.10",31.61,71.32,32.12,81.99,32.80,85.46,30.89,42.10,true,0
session_20260623_163953_final,2840,309614,2026-06-23T16:45:03.093177,Okulary BME280,"31.61,71.34,32.13,82.15,32.81,85.51,30.88,42.14",31.61,71.34,32.13,82.15,32.81,85.51,30.88,42.14,true,0
session_20260623_163953_final,2841,309765,2026-06-23T16:45:03.244628,Okulary BME280,"31.61,71.37,32.13,82.30,32.82,85.56,30.88,42.15",31.61,71.37,32.13,82.30,32.82,85.56,30.88,42.15,true,0
session_20260623_163953_final,2842,309836,2026-06-23T16:45:03.315062,Okulary BME280,"31.62,71.38,32.14,82.45,32.83,85.59,30.88,42.12",31.62,71.38,32.14,82.45,32.83,85.59,30.88,42.12,true,0
session_20260623_163953_final,2843,309925,2026-06-23T16:45:03.404478,Okulary BME280,"31.61,71.40,32.14,82.58,32.83,85.66,30.88,42.19",31.61,71.40,32.14,82.58,32.83,85.66,30.88,42.19,true,0
session_20260623_163953_final,2844,310074,2026-06-23T16:45:03.553370,Okulary BME280,"31.61,71.43,32.14,82.70,32.83,85.66,30.88,42.12",31.61,71.43,32.14,82.70,32.83,85.66,30.88,42.12,true,0
session_20260623_163953_final,2845,310153,2026-06-23T16:45:03.632343,Okulary BME280,"31.61,71.43,32.14,82.82,32.81,85.58,30.88,42.08",31.61,71.43,32.14,82.82,32.81,85.58,30.88,42.08,true,0
session_20260623_163953_final,2846,310288,2026-06-23T16:45:03.767711,Okulary BME280,"31.61,71.42,32.12,83.03,32.79,85.56,30.87,42.07",31.61,71.42,32.12,83.03,32.79,85.56,30.87,42.07,true,0
session_20260623_163953_final,2847,310377,2026-06-23T16:45:03.856130,Okulary BME280,"31.61,71.42,32.11,83.08,32.77,85.51,30.88,42.05",31.61,71.42,32.11,83.08,32.77,85.51,30.88,42.05,true,0
session_20260623_163953_final,2848,310515,2026-06-23T16:45:03.994342,Okulary BME280,"31.61,71.39,32.10,83.02,32.74,85.46,30.87,42.02",31.61,71.39,32.10,83.02,32.74,85.46,30.87,42.02,true,0
session_20260623_163953_final,2849,310603,2026-06-23T16:45:04.082047,Okulary BME280,"31.60,71.37,32.07,82.91,32.70,85.39,30.87,42.01",31.60,71.37,32.07,82.91,32.70,85.39,30.87,42.01,true,0
session_20260623_163953_final,2850,310693,2026-06-23T16:45:04.172379,Okulary BME280,"31.60,71.34,32.03,82.73,32.64,85.27,30.88,41.99",31.60,71.34,32.03,82.73,32.64,85.27,30.88,41.99,true,0
session_20260623_163953_final,2851,310824,2026-06-23T16:45:04.303665,Okulary BME280,"31.61,71.37,31.97,82.48,32.57,85.11,30.88,41.96",31.61,71.37,31.97,82.48,32.57,85.11,30.88,41.96,true,0
session_20260623_163953_final,2852,310917,2026-06-23T16:45:04.396085,Okulary BME280,"31.60,71.17,31.91,82.21,32.47,84.93,30.87,41.92",31.60,71.17,31.91,82.21,32.47,84.93,30.87,41.92,true,0
session_20260623_163953_final,2853,311052,2026-06-23T16:45:04.531452,Okulary BME280,"31.60,71.06,31.86,81.93,32.38,84.78,30.88,41.93",31.60,71.06,31.86,81.93,32.38,84.78,30.88,41.93,true,0
session_20260623_163953_final,2854,311141,2026-06-23T16:45:04.620268,Okulary BME280,"31.60,70.98,31.81,81.61,32.22,84.54,30.88,41.88",31.60,70.98,31.81,81.61,32.22,84.54,30.88,41.88,true,0
session_20260623_163953_final,2855,311234,2026-06-23T16:45:04.712972,Okulary BME280,"31.59,70.88,31.76,80.96,32.15,84.43,30.87,41.86",31.59,70.88,31.76,80.96,32.15,84.43,30.87,41.86,true,0
session_20260623_163953_final,2856,311371,2026-06-23T16:45:04.850599,Okulary BME280,"31.59,70.78,31.74,80.65,32.10,84.31,30.87,41.85",31.59,70.78,31.74,80.65,32.10,84.31,30.87,41.85,true,0
session_20260623_163953_final,2857,311467,2026-06-23T16:45:04.946369,Okulary BME280,"31.59,70.70,31.73,80.32,32.07,84.19,30.88,41.84",31.59,70.70,31.73,80.32,32.07,84.19,30.88,41.84,true,0
session_20260623_163953_final,2858,311591,2026-06-23T16:45:05.070477,Okulary BME280,"31.59,70.60,31.73,79.99,32.04,84.08,30.88,41.83",31.59,70.60,31.73,79.99,32.04,84.08,30.88,41.83,true,0
session_20260623_163953_final,2859,311688,2026-06-23T16:45:05.167009,Okulary BME280,"31.59,70.50,31.72,79.68,32.03,83.98,30.88,41.81",31.59,70.50,31.72,79.68,32.03,83.98,30.88,41.81,true,0
session_20260623_163953_final,2860,311815,2026-06-23T16:45:05.294526,Okulary BME280,"31.59,70.43,31.72,79.39,32.02,83.89,30.88,41.81",31.59,70.43,31.72,79.39,32.02,83.89,30.88,41.81,true,0
session_20260623_163953_final,2861,311906,2026-06-23T16:45:05.385406,Okulary BME280,"31.58,70.27,31.72,79.10,32.02,83.80,30.88,41.86",31.58,70.27,31.72,79.10,32.02,83.80,30.88,41.86,true,0
session_20260623_163953_final,2862,311998,2026-06-23T16:45:05.477439,Okulary BME280,"31.58,70.19,31.72,78.83,32.04,83.68,30.88,41.80",31.58,70.19,31.72,78.83,32.04,83.68,30.88,41.80,true,0
session_20260623_163953_final,2863,312132,2026-06-23T16:45:05.611202,Okulary BME280,"31.58,70.12,31.72,78.79,32.06,84.05,30.88,41.83",31.58,70.12,31.72,78.79,32.06,84.05,30.88,41.83,true,0
session_20260623_163953_final,2864,312237,2026-06-23T16:45:05.716281,Okulary BME280,"31.58,70.08,31.79,79.19,32.11,84.36,30.88,41.84",31.58,70.08,31.79,79.19,32.11,84.36,30.88,41.84,true,0
session_20260623_163953_final,2865,312369,2026-06-23T16:45:05.848557,Okulary BME280,"31.58,70.06,31.84,79.46,32.19,84.62,30.88,41.84",31.58,70.06,31.84,79.46,32.19,84.62,30.88,41.84,true,0
session_20260623_163953_final,2866,312445,2026-06-23T16:45:05.924777,Okulary BME280,"31.59,70.07,31.88,79.78,32.26,84.85,30.88,41.85",31.59,70.07,31.88,79.78,32.26,84.85,30.88,41.85,true,0
session_20260623_163953_final,2867,312587,2026-06-23T16:45:06.066800,Okulary BME280,"31.59,70.09,31.93,80.07,32.34,85.03,30.89,41.85",31.59,70.09,31.93,80.07,32.34,85.03,30.89,41.85,true,0
session_20260623_163953_final,2868,312676,2026-06-23T16:45:06.155128,Okulary BME280,"31.59,70.13,31.97,80.37,32.42,85.19,30.89,41.86",31.59,70.13,31.97,80.37,32.42,85.19,30.89,41.86,true,0
session_20260623_163953_final,2869,312760,2026-06-23T16:45:06.239196,Okulary BME280,"31.60,70.08,32.00,80.66,32.50,85.32,30.89,41.86",31.60,70.08,32.00,80.66,32.50,85.32,30.89,41.86,true,0
session_20260623_163953_final,2870,312896,2026-06-23T16:45:06.375748,Okulary BME280,"31.60,70.27,32.02,80.93,32.55,85.46,30.89,41.88",31.60,70.27,32.02,80.93,32.55,85.46,30.89,41.88,true,0
session_20260623_163953_final,2871,312987,2026-06-23T16:45:06.465893,Okulary BME280,"31.60,70.31,32.04,81.16,32.60,85.55,30.89,41.87",31.60,70.31,32.04,81.16,32.60,85.55,30.89,41.87,true,0
session_20260623_163953_final,2872,313120,2026-06-23T16:45:06.599672,Okulary BME280,"31.61,70.34,32.06,81.42,32.68,85.65,30.89,41.84",31.61,70.34,32.06,81.42,32.68,85.65,30.89,41.84,true,0
session_20260623_163953_final,2873,313211,2026-06-23T16:45:06.690633,Okulary BME280,"31.61,70.38,32.08,81.84,32.70,85.69,30.89,41.83",31.61,70.38,32.08,81.84,32.70,85.69,30.89,41.83,true,0
session_20260623_163953_final,2874,313303,2026-06-23T16:45:06.781931,Okulary BME280,"31.61,70.42,32.09,82.02,32.72,85.71,30.89,41.81",31.61,70.42,32.09,82.02,32.72,85.71,30.89,41.81,true,0
session_20260623_163953_final,2875,313436,2026-06-23T16:45:06.915478,Okulary BME280,"31.61,70.44,32.08,82.16,32.72,85.67,30.89,41.83",31.61,70.44,32.08,82.16,32.72,85.67,30.89,41.83,true,0
session_20260623_163953_final,2876,313541,2026-06-23T16:45:07.020277,Okulary BME280,"31.60,70.45,32.08,82.27,32.71,85.62,30.89,41.84",31.60,70.45,32.08,82.27,32.71,85.62,30.89,41.84,true,0
session_20260623_163953_final,2877,313662,2026-06-23T16:45:07.141451,Okulary BME280,"31.60,70.45,32.06,82.28,32.67,85.53,30.89,41.88",31.60,70.45,32.06,82.28,32.67,85.53,30.89,41.88,true,0
session_20260623_163953_final,2878,313751,2026-06-23T16:45:07.230437,Okulary BME280,"31.60,70.38,32.03,82.15,32.62,85.36,30.89,41.93",31.60,70.38,32.03,82.15,32.62,85.36,30.89,41.93,true,0
session_20260623_163953_final,2879,313891,2026-06-23T16:45:07.370396,Okulary BME280,"31.60,70.33,31.98,81.95,32.54,85.12,30.89,41.97",31.60,70.33,31.98,81.95,32.54,85.12,30.89,41.97,true,0
session_20260623_163953_final,2880,313998,2026-06-23T16:45:07.477591,Okulary BME280,"31.59,70.27,31.91,81.69,32.44,84.96,30.90,41.98",31.59,70.27,31.91,81.69,32.44,84.96,30.90,41.98,true,0
session_20260623_163953_final,2881,314068,2026-06-23T16:45:07.547416,Okulary BME280,"31.59,70.21,31.86,81.40,32.26,84.63,30.89,42.01",31.59,70.21,31.86,81.40,32.26,84.63,30.89,42.01,true,0
session_20260623_163953_final,2882,314202,2026-06-23T16:45:07.680938,Okulary BME280,"31.59,70.13,31.77,80.75,32.20,84.49,30.89,41.98",31.59,70.13,31.77,80.75,32.20,84.49,30.89,41.98,true,0
session_20260623_163953_final,2883,314310,2026-06-23T16:45:07.789717,Okulary BME280,"31.59,70.03,31.75,80.41,32.15,84.34,30.89,41.93",31.59,70.03,31.75,80.41,32.15,84.34,30.89,41.93,true,0
session_20260623_163953_final,2884,314440,2026-06-23T16:45:07.919485,Okulary BME280,"31.59,69.95,31.73,80.05,32.11,84.20,30.88,41.88",31.59,69.95,31.73,80.05,32.11,84.20,30.88,41.88,true,0
session_20260623_163953_final,2885,314515,2026-06-23T16:45:07.994293,Okulary BME280,"31.58,69.91,31.72,79.72,32.09,84.08,30.88,41.84",31.58,69.91,31.72,79.72,32.09,84.08,30.88,41.84,true,0
session_20260623_163953_final,2886,314655,2026-06-23T16:45:08.134309,Okulary BME280,"31.58,69.69,31.71,79.42,32.07,83.93,30.88,41.80",31.58,69.69,31.71,79.42,32.07,83.93,30.88,41.80,true,0
session_20260623_163953_final,2887,314740,2026-06-23T16:45:08.219718,Okulary BME280,"31.57,69.58,31.70,79.16,32.07,83.77,30.87,41.75",31.57,69.58,31.70,79.16,32.07,83.77,30.87,41.75,true,0
session_20260623_163953_final,2888,314832,2026-06-23T16:45:08.311415,Okulary BME280,"31.57,69.49,31.71,78.91,32.06,83.66,30.87,41.71",31.57,69.49,31.71,78.91,32.06,83.66,30.87,41.71,true,0
session_20260623_163953_final,2889,314968,2026-06-23T16:45:08.447098,Okulary BME280,"31.57,69.40,31.71,78.77,32.06,83.61,30.87,41.70",31.57,69.40,31.71,78.77,32.06,83.61,30.87,41.70,true,0
session_20260623_163953_final,2890,315065,2026-06-23T16:45:08.544322,Okulary BME280,"31.58,69.35,31.73,78.89,32.11,84.24,30.87,41.66",31.58,69.35,31.73,78.89,32.11,84.24,30.87,41.66,true,0
session_20260623_163953_final,2891,315192,2026-06-23T16:45:08.671617,Okulary BME280,"31.58,69.34,31.82,79.45,32.18,84.53,30.87,41.66",31.58,69.34,31.82,79.45,32.18,84.53,30.87,41.66,true,0
session_20260623_163953_final,2892,315283,2026-06-23T16:45:08.762258,Okulary BME280,"31.58,69.35,31.87,79.75,32.26,84.79,30.87,41.66",31.58,69.35,31.87,79.75,32.26,84.79,30.87,41.66,true,0
session_20260623_163953_final,2893,315373,2026-06-23T16:45:08.852532,Okulary BME280,"31.58,69.38,31.91,80.06,32.34,84.99,30.87,41.65",31.58,69.38,31.91,80.06,32.34,84.99,30.87,41.65,true,0
session_20260623_163953_final,2894,315513,2026-06-23T16:45:08.992458,Okulary BME280,"31.59,69.39,31.95,80.36,32.43,85.17,30.88,41.65",31.59,69.39,31.95,80.36,32.43,85.17,30.88,41.65,true,0
session_20260623_163953_final,2895,315600,2026-06-23T16:45:09.079399,Okulary BME280,"31.59,69.52,31.99,80.65,32.49,85.31,30.88,41.65",31.59,69.52,31.99,80.65,32.49,85.31,30.88,41.65,true,0
session_20260623_163953_final,2896,315731,2026-06-23T16:45:09.210709,Okulary BME280,"31.60,69.62,32.02,80.92,32.55,85.43,30.88,41.65",31.60,69.62,32.02,80.92,32.55,85.43,30.88,41.65,true,0
session_20260623_163953_final,2897,315821,2026-06-23T16:45:09.300570,Okulary BME280,"31.60,69.66,32.04,81.17,32.61,85.50,30.88,41.63",31.60,69.66,32.04,81.17,32.61,85.50,30.88,41.63,true,0
session_20260623_163953_final,2898,315956,2026-06-23T16:45:09.435008,Okulary BME280,"31.60,69.71,32.06,81.41,32.64,85.63,30.88,41.69",31.60,69.71,32.06,81.41,32.64,85.63,30.88,41.69,true,0
session_20260623_163953_final,2899,316051,2026-06-23T16:45:09.529993,Okulary BME280,"31.60,69.76,32.07,81.61,32.71,85.72,30.88,41.64",31.60,69.76,32.07,81.61,32.71,85.72,30.88,41.64,true,0
session_20260623_163953_final,2900,316136,2026-06-23T16:45:09.615163,Okulary BME280,"31.60,69.80,32.08,82.00,32.72,85.75,30.88,41.64",31.60,69.80,32.08,82.00,32.72,85.75,30.88,41.64,true,0
session_20260623_163953_final,2901,316272,2026-06-23T16:45:09.751193,Okulary BME280,"31.60,69.84,32.08,82.17,32.72,85.76,30.88,41.65",31.60,69.84,32.08,82.17,32.72,85.76,30.88,41.65,true,0
session_20260623_163953_final,2902,316360,2026-06-23T16:45:09.839812,Okulary BME280,"31.60,69.85,32.08,82.30,32.71,85.73,30.88,41.66",31.60,69.85,32.08,82.30,32.71,85.73,30.88,41.66,true,0
session_20260623_163953_final,2903,316496,2026-06-23T16:45:09.975122,Okulary BME280,"31.60,69.89,32.06,82.27,32.69,85.67,30.88,41.67",31.60,69.89,32.06,82.27,32.69,85.67,30.88,41.67,true,0
session_20260623_163953_final,2904,316586,2026-06-23T16:45:10.065288,Okulary BME280,"31.60,69.82,32.03,82.06,32.65,85.56,30.87,41.71",31.60,69.82,32.03,82.06,32.65,85.56,30.87,41.71,true,0
session_20260623_163953_final,2905,316721,2026-06-23T16:45:10.200640,Okulary BME280,"31.59,69.76,31.97,81.78,32.59,85.39,30.88,41.73",31.59,69.76,31.97,81.78,32.59,85.39,30.88,41.73,true,0
session_20260623_163953_final,2906,316811,2026-06-23T16:45:10.290190,Okulary BME280,"31.59,69.70,31.90,81.46,32.51,85.17,30.88,41.77",31.59,69.70,31.90,81.46,32.51,85.17,30.88,41.77,true,0
session_20260623_163953_final,2907,316905,2026-06-23T16:45:10.384211,Okulary BME280,"31.58,69.62,31.84,81.14,32.31,84.78,30.88,41.74",31.58,69.62,31.84,81.14,32.31,84.78,30.88,41.74,true,0
session_20260623_163953_final,2908,317035,2026-06-23T16:45:10.514491,Okulary BME280,"31.58,69.53,31.78,80.84,32.23,84.60,30.88,41.83",31.58,69.53,31.78,80.84,32.23,84.60,30.88,41.83,true,0
session_20260623_163953_final,2909,317126,2026-06-23T16:45:10.604990,Okulary BME280,"31.58,69.42,31.72,80.21,32.17,84.46,30.88,41.86",31.58,69.42,31.72,80.21,32.17,84.46,30.88,41.86,true,0
session_20260623_163953_final,2910,317263,2026-06-23T16:45:10.742229,Okulary BME280,"31.58,69.30,31.71,79.89,32.11,84.33,30.88,41.88",31.58,69.30,31.71,79.89,32.11,84.33,30.88,41.88,true,0
session_20260623_163953_final,2911,317354,2026-06-23T16:45:10.833347,Okulary BME280,"31.58,69.21,31.70,79.57,32.08,84.21,30.89,41.90",31.58,69.21,31.70,79.57,32.08,84.21,30.89,41.90,true,0
session_20260623_163953_final,2912,317497,2026-06-23T16:45:10.976284,Okulary BME280,"31.57,69.03,31.69,79.27,32.06,84.09,30.89,41.90",31.57,69.03,31.69,79.27,32.06,84.09,30.89,41.90,true,0
session_20260623_163953_final,2913,317575,2026-06-23T16:45:11.054640,Okulary BME280,"31.57,68.88,31.69,78.98,32.05,84.00,30.89,41.87",31.57,68.88,31.69,78.98,32.05,84.00,30.89,41.87,true,0
session_20260623_163953_final,2914,317666,2026-06-23T16:45:11.145011,Okulary BME280,"31.57,68.79,31.68,78.69,32.04,83.93,30.89,41.85",31.57,68.79,31.68,78.69,32.04,83.93,30.89,41.85,true,0
session_20260623_163953_final,2915,317804,2026-06-23T16:45:11.283321,Okulary BME280,"31.57,68.69,31.69,78.40,32.05,83.84,30.89,41.83",31.57,68.69,31.69,78.40,32.05,83.84,30.89,41.83,true,0
session_20260623_163953_final,2916,317896,2026-06-23T16:45:11.375634,Okulary BME280,"31.57,68.59,31.68,78.15,32.06,83.72,30.88,41.78",31.57,68.59,31.68,78.15,32.06,83.72,30.88,41.78,true,0
session_20260623_163953_final,2917,318041,2026-06-23T16:45:11.520185,Okulary BME280,"31.57,68.51,31.69,78.04,32.07,83.99,30.88,41.74",31.57,68.51,31.69,78.04,32.07,83.99,30.88,41.74,true,0
session_20260623_163953_final,2918,318117,2026-06-23T16:45:11.596067,Okulary BME280,"31.57,68.45,31.74,78.48,32.10,84.30,30.88,41.69",31.57,68.45,31.74,78.48,32.10,84.30,30.88,41.69,true,0
session_20260623_163953_final,2919,318207,2026-06-23T16:45:11.686472,Okulary BME280,"31.57,68.44,31.80,78.81,32.17,84.59,30.88,41.65",31.57,68.44,31.80,78.81,32.17,84.59,30.88,41.65,true,0
session_20260623_163953_final,2920,318348,2026-06-23T16:45:11.827287,Okulary BME280,"31.57,68.45,31.85,79.15,32.25,84.84,30.88,41.63",31.57,68.45,31.85,79.15,32.25,84.84,30.88,41.63,true,0
session_20260623_163953_final,2921,318432,2026-06-23T16:45:11.911062,Okulary BME280,"31.58,68.44,31.89,79.49,32.33,85.04,30.88,41.59",31.58,68.44,31.89,79.49,32.33,85.04,30.88,41.59,true,0
session_20260623_163953_final,2922,318565,2026-06-23T16:45:12.044147,Okulary BME280,"31.58,68.60,31.93,79.81,32.41,85.21,30.88,41.57",31.58,68.60,31.93,79.81,32.41,85.21,30.88,41.57,true,0
session_20260623_163953_final,2923,318671,2026-06-23T16:45:12.150297,Okulary BME280,"31.59,68.68,31.97,80.12,32.48,85.31,30.88,41.55",31.59,68.68,31.97,80.12,32.48,85.31,30.88,41.55,true,0
session_20260623_163953_final,2924,318810,2026-06-23T16:45:12.289342,Okulary BME280,"31.59,68.74,32.00,80.44,32.54,85.44,30.88,41.52",31.59,68.74,32.00,80.44,32.54,85.44,30.88,41.52,true,0
session_20260623_163953_final,2925,318883,2026-06-23T16:45:12.362042,Okulary BME280,"31.59,68.81,32.01,80.70,32.63,85.66,30.88,41.52",31.59,68.81,32.01,80.70,32.63,85.66,30.88,41.52,true,0
session_20260623_163953_final,2926,318971,2026-06-23T16:45:12.450380,Okulary BME280,"31.60,68.89,32.03,80.95,32.67,85.70,30.88,41.50",31.60,68.89,32.03,80.95,32.67,85.70,30.88,41.50,true,0
session_20260623_163953_final,2927,319124,2026-06-23T16:45:12.603268,Okulary BME280,"31.59,68.95,32.06,81.41,32.70,85.75,30.88,41.46",31.59,68.95,32.06,81.41,32.70,85.75,30.88,41.46,true,0
session_20260623_163953_final,2928,319197,2026-06-23T16:45:12.676147,Okulary BME280,"31.60,69.01,32.06,81.61,32.71,85.78,30.88,41.45",31.60,69.01,32.06,81.61,32.71,85.78,30.88,41.45,true,0
session_20260623_163953_final,2929,319331,2026-06-23T16:45:12.809902,Okulary BME280,"31.60,69.07,32.06,81.79,32.71,85.77,30.88,41.45",31.60,69.07,32.06,81.79,32.71,85.77,30.88,41.45,true,0
session_20260623_163953_final,2930,319429,2026-06-23T16:45:12.907905,Okulary BME280,"31.60,69.10,32.05,81.94,32.70,85.73,30.88,41.43",31.60,69.10,32.05,81.94,32.70,85.73,30.88,41.43,true,0
session_20260623_163953_final,2931,319556,2026-06-23T16:45:13.035215,Okulary BME280,"31.60,69.08,32.04,81.88,32.67,85.65,30.88,41.42",31.60,69.08,32.04,81.88,32.67,85.65,30.88,41.42,true,0
session_20260623_163953_final,2932,319648,2026-06-23T16:45:13.126978,Okulary BME280,"31.59,69.07,32.00,81.66,32.62,85.53,30.88,41.39",31.59,69.07,32.00,81.66,32.62,85.53,30.88,41.39,true,0
session_20260623_163953_final,2933,319736,2026-06-23T16:45:13.215296,Okulary BME280,"31.59,69.02,31.94,81.39,32.55,85.34,30.88,41.37",31.59,69.02,31.94,81.39,32.55,85.34,30.88,41.37,true,0
session_20260623_163953_final,2934,319871,2026-06-23T16:45:13.350678,Okulary BME280,"31.59,68.96,31.86,81.10,32.37,84.95,30.87,41.37",31.59,68.96,31.86,81.10,32.37,84.95,30.87,41.37,true,0
session_20260623_163953_final,2935,319981,2026-06-23T16:45:13.459847,Okulary BME280,"31.58,68.89,31.80,80.82,32.27,84.77,30.87,41.29",31.58,68.89,31.80,80.82,32.27,84.77,30.87,41.29,true,0
session_20260623_163953_final,2936,320105,2026-06-23T16:45:13.584294,Okulary BME280,"31.58,68.79,31.72,80.22,32.20,84.59,30.87,41.28",31.58,68.79,31.72,80.22,32.20,84.59,30.87,41.28,true,0
session_20260623_163953_final,2937,320188,2026-06-23T16:45:13.667453,Okulary BME280,"31.58,68.65,31.70,79.90,32.13,84.44,30.87,41.26",31.58,68.65,31.70,79.90,32.13,84.44,30.87,41.26,true,0
session_20260623_163953_final,2938,320279,2026-06-23T16:45:13.758335,Okulary BME280,"31.58,68.55,31.68,79.60,32.08,84.32,30.87,41.24",31.58,68.55,31.68,79.60,32.08,84.32,30.87,41.24,true,0
session_20260623_163953_final,2939,320430,2026-06-23T16:45:13.908830,Okulary BME280,"31.57,68.36,31.68,79.29,32.05,84.16,30.87,41.24",31.57,68.36,31.68,79.29,32.05,84.16,30.87,41.24,true,0
session_20260623_163953_final,2940,320500,2026-06-23T16:45:13.979463,Okulary BME280,"31.57,68.24,31.67,79.00,32.04,84.01,30.87,41.23",31.57,68.24,31.67,79.00,32.04,84.01,30.87,41.23,true,0
session_20260623_163953_final,2941,320636,2026-06-23T16:45:14.115264,Okulary BME280,"31.57,68.13,31.67,78.70,32.02,83.82,30.87,41.23",31.57,68.13,31.67,78.70,32.02,83.82,30.87,41.23,true,0
session_20260623_163953_final,2942,320730,2026-06-23T16:45:14.209720,Okulary BME280,"31.57,68.03,31.67,78.47,32.02,83.73,30.88,41.22",31.57,68.03,31.67,78.47,32.02,83.73,30.88,41.22,true,0
session_20260623_163953_final,2943,320861,2026-06-23T16:45:14.339910,Okulary BME280,"31.57,67.96,31.67,78.41,32.04,84.09,30.88,41.24",31.57,67.96,31.67,78.41,32.04,84.09,30.88,41.24,true,0
session_20260623_163953_final,2944,320951,2026-06-23T16:45:14.430538,Okulary BME280,"31.57,67.90,31.69,78.59,32.09,84.41,30.87,41.21",31.57,67.90,31.69,78.59,32.09,84.41,30.87,41.21,true,0
session_20260623_163953_final,2945,321039,2026-06-23T16:45:14.518803,Okulary BME280,"31.57,67.87,31.78,79.12,32.16,84.69,30.88,41.23",31.57,67.87,31.78,79.12,32.16,84.69,30.88,41.23,true,0
session_20260623_163953_final,2946,321175,2026-06-23T16:45:14.654293,Okulary BME280,"31.57,67.85,31.83,79.44,32.23,84.91,30.88,41.24",31.57,67.85,31.83,79.44,32.23,84.91,30.88,41.24,true,0
session_20260623_163953_final,2947,321268,2026-06-23T16:45:14.747030,Okulary BME280,"31.57,67.97,31.87,79.73,32.31,85.09,30.88,41.25",31.57,67.97,31.87,79.73,32.31,85.09,30.88,41.25,true,0
session_20260623_163953_final,2948,321402,2026-06-23T16:45:14.881286,Okulary BME280,"31.58,68.00,31.90,80.02,32.39,85.26,30.88,41.28",31.58,68.00,31.90,80.02,32.39,85.26,30.88,41.28,true,0
session_20260623_163953_final,2949,321493,2026-06-23T16:45:14.972653,Okulary BME280,"31.58,68.07,31.94,80.32,32.45,85.40,30.88,41.29",31.58,68.07,31.94,80.32,32.45,85.40,30.88,41.29,true,0
session_20260623_163953_final,2950,321626,2026-06-23T16:45:15.105504,Okulary BME280,"31.59,68.15,31.97,80.59,32.51,85.51,30.88,41.30",31.59,68.15,31.97,80.59,32.51,85.51,30.88,41.30,true,0
session_20260623_163953_final,2951,321719,2026-06-23T16:45:15.198114,Okulary BME280,"31.59,68.21,31.99,80.85,32.56,85.59,30.88,41.31",31.59,68.21,31.99,80.85,32.56,85.59,30.88,41.31,true,0
session_20260623_163953_final,2952,321807,2026-06-23T16:45:15.286548,Okulary BME280,"31.59,68.28,32.01,81.09,32.63,85.75,30.88,41.32",31.59,68.28,32.01,81.09,32.63,85.75,30.88,41.32,true,0
session_20260623_163953_final,2953,321941,2026-06-23T16:45:15.419946,Okulary BME280,"31.59,68.35,32.02,81.32,32.66,85.80,30.88,41.36",31.59,68.35,32.02,81.32,32.66,85.80,30.88,41.36,true,0
session_20260623_163953_final,2954,322041,2026-06-23T16:45:15.520436,Okulary BME280,"31.60,68.44,32.04,81.69,32.68,85.82,30.89,41.37",31.60,68.44,32.04,81.69,32.68,85.82,30.89,41.37,true,0
session_20260623_163953_final,2955,322165,2026-06-23T16:45:15.644492,Okulary BME280,"31.60,68.43,32.04,81.87,32.69,85.86,30.88,41.37",31.60,68.43,32.04,81.87,32.69,85.86,30.88,41.37,true,0
session_20260623_163953_final,2956,322255,2026-06-23T16:45:15.734049,Okulary BME280,"31.60,68.56,32.04,82.03,32.68,85.86,30.88,41.36",31.60,68.56,32.04,82.03,32.68,85.86,30.88,41.36,true,0
session_20260623_163953_final,2957,322393,2026-06-23T16:45:15.872799,Okulary BME280,"31.60,68.59,32.04,82.17,32.68,85.83,30.88,41.36",31.60,68.59,32.04,82.17,32.68,85.83,30.88,41.36,true,0
session_20260623_163953_final,2958,322482,2026-06-23T16:45:15.961594,Okulary BME280,"31.60,68.62,32.03,82.30,32.66,85.79,30.88,41.35",31.60,68.62,32.03,82.30,32.66,85.79,30.88,41.35,true,0
session_20260623_163953_final,2959,322571,2026-06-23T16:45:16.050035,Okulary BME280,"31.59,68.64,32.02,82.38,32.64,85.79,30.88,41.34",31.59,68.64,32.02,82.38,32.64,85.79,30.88,41.34,true,0
session_20260623_163953_final,2960,322713,2026-06-23T16:45:16.191902,Okulary BME280,"31.59,68.65,32.00,82.36,32.61,85.71,30.87,41.33",31.59,68.65,32.00,82.36,32.61,85.71,30.87,41.33,true,0
session_20260623_163953_final,2961,322797,2026-06-23T16:45:16.276582,Okulary BME280,"31.60,68.65,31.97,82.21,32.50,85.40,30.88,41.31",31.60,68.65,31.97,82.21,32.50,85.40,30.88,41.31,true,0
session_20260623_163953_final,2962,322934,2026-06-23T16:45:16.412941,Okulary BME280,"31.59,68.62,31.92,81.99,32.42,85.20,30.88,41.28",31.59,68.62,31.92,81.99,32.42,85.20,30.88,41.28,true,0
session_20260623_163953_final,2963,323035,2026-06-23T16:45:16.514332,Okulary BME280,"31.60,68.54,31.81,81.47,32.32,85.04,30.88,41.34",31.60,68.54,31.81,81.47,32.32,85.04,30.88,41.34,true,0
session_20260623_163953_final,2964,323110,2026-06-23T16:45:16.589733,Okulary BME280,"31.59,68.59,31.77,81.18,32.25,84.89,30.88,41.34",31.59,68.59,31.77,81.18,32.25,84.89,30.88,41.34,true,0
session_20260623_163953_final,2965,323244,2026-06-23T16:45:16.723342,Okulary BME280,"31.58,68.42,31.74,80.88,32.18,84.74,30.88,41.36",31.58,68.42,31.74,80.88,32.18,84.74,30.88,41.36,true,0
session_20260623_163953_final,2966,323337,2026-06-23T16:45:16.815916,Okulary BME280,"31.58,68.37,31.71,80.58,32.13,84.56,30.88,41.37",31.58,68.37,31.71,80.58,32.13,84.56,30.88,41.37,true,0
session_20260623_163953_final,2967,323472,2026-06-23T16:45:16.950827,Okulary BME280,"31.58,68.33,31.70,80.30,32.08,84.42,30.88,41.38",31.58,68.33,31.70,80.30,32.08,84.42,30.88,41.38,true,0
session_20260623_163953_final,2968,323560,2026-06-23T16:45:17.039065,Okulary BME280,"31.58,68.29,31.69,80.00,32.05,84.29,30.88,41.41",31.58,68.29,31.69,80.00,32.05,84.29,30.88,41.41,true,0
session_20260623_163953_final,2969,323707,2026-06-23T16:45:17.185979,Okulary BME280,"31.58,68.26,31.69,79.71,32.03,84.11,30.88,41.42",31.58,68.26,31.69,79.71,32.03,84.11,30.88,41.42,true,0
session_20260623_163953_final,2970,323807,2026-06-23T16:45:17.286607,Okulary BME280,"31.58,68.22,31.69,79.44,32.01,83.81,30.88,41.44",31.58,68.22,31.69,79.44,32.01,83.81,30.88,41.44,true,0
session_20260623_163953_final,2971,323875,2026-06-23T16:45:17.354335,Okulary BME280,"31.58,68.20,31.69,79.15,32.01,83.88,30.88,41.46",31.58,68.20,31.69,79.15,32.01,83.88,30.88,41.46,true,0
session_20260623_163953_final,2972,324010,2026-06-23T16:45:17.489762,Okulary BME280,"31.58,68.16,31.72,79.27,32.03,84.17,30.89,41.45",31.58,68.16,31.72,79.27,32.03,84.17,30.89,41.45,true,0
session_20260623_163953_final,2973,324107,2026-06-23T16:45:17.586766,Okulary BME280,"31.58,68.15,31.75,79.47,32.08,84.49,30.88,41.46",31.58,68.15,31.75,79.47,32.08,84.49,30.88,41.46,true,0
session_20260623_163953_final,2974,324237,2026-06-23T16:45:17.716158,Okulary BME280,"31.58,68.18,31.79,79.72,32.14,84.76,30.88,41.45",31.58,68.18,31.79,79.72,32.14,84.76,30.88,41.45,true,0
session_20260623_163953_final,2975,324326,2026-06-23T16:45:17.804817,Okulary BME280,"31.59,68.21,31.84,79.99,32.21,84.98,30.88,41.46",31.59,68.21,31.84,79.99,32.21,84.98,30.88,41.46,true,0
session_20260623_163953_final,2976,324464,2026-06-23T16:45:17.943624,Okulary BME280,"31.59,68.26,31.88,80.26,32.29,85.16,30.88,41.46",31.59,68.26,31.88,80.26,32.29,85.16,30.88,41.46,true,0
session_20260623_163953_final,2977,324550,2026-06-23T16:45:18.029784,Okulary BME280,"31.59,68.29,31.91,80.52,32.36,85.30,30.88,41.48",31.59,68.29,31.91,80.52,32.36,85.30,30.88,41.48,true,0
session_20260623_163953_final,2978,324654,2026-06-23T16:45:18.133474,Okulary BME280,"31.59,68.34,31.93,80.78,32.42,85.47,30.89,41.49",31.59,68.34,31.93,80.78,32.42,85.47,30.89,41.49,true,0
session_20260623_163953_final,2979,324792,2026-06-23T16:45:18.270939,Okulary BME280,"31.59,68.39,31.96,81.05,32.53,85.65,30.89,41.50",31.59,68.39,31.96,81.05,32.53,85.65,30.89,41.50,true,0
session_20260623_163953_final,2980,324865,2026-06-23T16:45:18.344380,Okulary BME280,"31.59,68.47,31.98,81.23,32.56,85.73,30.89,41.49",31.59,68.47,31.98,81.23,32.56,85.73,30.89,41.49,true,0
session_20260623_163953_final,2981,325001,2026-06-23T16:45:18.480555,Okulary BME280,"31.60,68.54,32.01,81.68,32.60,85.80,30.89,41.48",31.60,68.54,32.01,81.68,32.60,85.80,30.89,41.48,true,0
session_20260623_163953_final,2982,325096,2026-06-23T16:45:18.575586,Okulary BME280,"31.60,68.62,32.02,81.86,32.62,85.81,30.89,41.45",31.60,68.62,32.02,81.86,32.62,85.81,30.89,41.45,true,0
session_20260623_163953_final,2983,325185,2026-06-23T16:45:18.664290,Okulary BME280,"31.60,68.67,32.03,82.03,32.63,85.80,30.88,41.44",31.60,68.67,32.03,82.03,32.63,85.80,30.88,41.44,true,0
session_20260623_163953_final,2984,325325,2026-06-23T16:45:18.804446,Okulary BME280,"31.60,68.70,32.02,82.17,32.63,85.78,30.88,41.42",31.60,68.70,32.02,82.17,32.63,85.78,30.88,41.42,true,0
session_20260623_163953_final,2985,325410,2026-06-23T16:45:18.888878,Okulary BME280,"31.60,68.74,32.01,82.30,32.61,85.74,30.89,41.41",31.60,68.74,32.01,82.30,32.61,85.74,30.89,41.41,true,0
session_20260623_163953_final,2986,325546,2026-06-23T16:45:19.025630,Okulary BME280,"31.60,68.75,32.01,82.32,32.58,85.74,30.88,41.39",31.60,68.75,32.01,82.32,32.58,85.74,30.88,41.39,true,0
session_20260623_163953_final,2987,325631,2026-06-23T16:45:19.110681,Okulary BME280,"31.60,68.78,31.98,82.21,32.56,85.70,30.88,41.38",31.60,68.78,31.98,82.21,32.56,85.70,30.88,41.38,true,0
session_20260623_163953_final,2988,325768,2026-06-23T16:45:19.246818,Okulary BME280,"31.60,68.78,31.93,82.01,32.46,85.34,30.88,41.37",31.60,68.78,31.93,82.01,32.46,85.34,30.88,41.37,true,0
session_20260623_163953_final,2989,325855,2026-06-23T16:45:19.334195,Okulary BME280,"31.60,68.78,31.88,81.78,32.38,85.13,30.88,41.39",31.60,68.78,31.88,81.78,32.38,85.13,30.88,41.39,true,0
session_20260623_163953_final,2990,325946,2026-06-23T16:45:19.425018,Okulary BME280,"31.59,68.75,31.79,81.23,32.29,84.93,30.87,41.36",31.59,68.75,31.79,81.23,32.29,84.93,30.87,41.36,true,0
session_20260623_163953_final,2991,326093,2026-06-23T16:45:19.572256,Okulary BME280,"31.59,68.68,31.75,80.93,32.21,84.77,30.88,41.38",31.59,68.68,31.75,80.93,32.21,84.77,30.88,41.38,true,0
session_20260623_163953_final,2992,326172,2026-06-23T16:45:19.650894,Okulary BME280,"31.59,68.64,31.72,80.62,32.15,84.64,30.87,41.38",31.59,68.64,31.72,80.62,32.15,84.64,30.87,41.38,true,0
session_20260623_163953_final,2993,326306,2026-06-23T16:45:19.785149,Okulary BME280,"31.59,68.59,31.71,80.31,32.10,84.50,30.87,41.38",31.59,68.59,31.71,80.31,32.10,84.50,30.87,41.38,true,0
session_20260623_163953_final,2994,326403,2026-06-23T16:45:19.881829,Okulary BME280,"31.59,68.54,31.69,79.98,32.07,84.35,30.88,41.38",31.59,68.54,31.69,79.98,32.07,84.35,30.88,41.38,true,0
session_20260623_163953_final,2995,326538,2026-06-23T16:45:20.017505,Okulary BME280,"31.59,68.49,31.68,79.69,32.05,84.20,30.87,41.39",31.59,68.49,31.68,79.69,32.05,84.20,30.87,41.39,true,0
session_20260623_163953_final,2996,326622,2026-06-23T16:45:20.101638,Okulary BME280,"31.58,68.44,31.68,79.37,32.04,83.92,30.88,41.39",31.58,68.44,31.68,79.37,32.04,83.92,30.88,41.39,true,0
session_20260623_163953_final,2997,326711,2026-06-23T16:45:20.190003,Okulary BME280,"31.58,68.38,31.67,79.07,32.03,83.80,30.88,41.39",31.58,68.38,31.67,79.07,32.03,83.80,30.88,41.39,true,0
session_20260623_163953_final,2998,326844,2026-06-23T16:45:20.323611,Okulary BME280,"31.58,68.29,31.67,78.80,32.03,83.70,30.88,41.38",31.58,68.29,31.67,78.80,32.03,83.70,30.88,41.38,true,0
session_20260623_163953_final,2999,326936,2026-06-23T16:45:20.415595,Okulary BME280,"31.58,68.23,31.67,78.31,32.03,83.63,30.88,41.43",31.58,68.23,31.67,78.31,32.03,83.63,30.88,41.43,true,0
session_20260623_163953_final,3000,327072,2026-06-23T16:45:20.550933,Okulary BME280,"31.58,68.21,31.67,78.38,32.05,83.82,30.88,41.43",31.58,68.21,31.67,78.38,32.05,83.82,30.88,41.43,true,0
session_20260623_163953_final,3001,327160,2026-06-23T16:45:20.638828,Okulary BME280,"31.58,68.18,31.70,78.60,32.07,84.13,30.88,41.45",31.58,68.18,31.70,78.60,32.07,84.13,30.88,41.45,true,0
session_20260623_163953_final,3002,327301,2026-06-23T16:45:20.780810,Okulary BME280,"31.59,68.17,31.74,78.88,32.11,84.42,30.89,41.46",31.59,68.17,31.74,78.88,32.11,84.42,30.89,41.46,true,0
session_20260623_163953_final,3003,327387,2026-06-23T16:45:20.866069,Okulary BME280,"31.59,68.18,31.79,79.17,32.17,84.67,30.88,41.49",31.59,68.18,31.79,79.17,32.17,84.67,30.88,41.49,true,0
session_20260623_163953_final,3004,327475,2026-06-23T16:45:20.953848,Okulary BME280,"31.59,68.21,31.83,79.48,32.25,84.84,30.89,41.51",31.59,68.21,31.83,79.48,32.25,84.84,30.89,41.51,true,0
session_20260623_163953_final,3005,327611,2026-06-23T16:45:21.090396,Okulary BME280,"31.59,68.25,31.87,79.78,32.38,85.23,30.89,41.52",31.59,68.25,31.87,79.78,32.38,85.23,30.89,41.52,true,0
session_20260623_163953_final,3006,327715,2026-06-23T16:45:21.194187,Okulary BME280,"31.59,68.32,31.89,80.10,32.44,85.35,30.89,41.53",31.59,68.32,31.89,80.10,32.44,85.35,30.89,41.53,true,0
session_20260623_163953_final,3007,327838,2026-06-23T16:45:21.317339,Okulary BME280,"31.59,68.34,31.92,80.34,32.48,85.47,30.89,41.56",31.59,68.34,31.92,80.34,32.48,85.47,30.89,41.56,true,0
session_20260623_163953_final,3008,327927,2026-06-23T16:45:21.406128,Okulary BME280,"31.60,68.43,31.97,80.89,32.53,85.58,30.89,41.50",31.60,68.43,31.97,80.89,32.53,85.58,30.89,41.50,true,0
session_20260623_163953_final,3009,328017,2026-06-23T16:45:21.496424,Okulary BME280,"31.60,68.48,31.98,81.13,32.57,85.64,30.90,41.49",31.60,68.48,31.98,81.13,32.57,85.64,30.90,41.49,true,0
session_20260623_163953_final,3010,328153,2026-06-23T16:45:21.632300,Okulary BME280,"31.61,68.54,32.00,81.34,32.60,85.70,30.89,41.46",31.61,68.54,32.00,81.34,32.60,85.70,30.89,41.46,true,0
session_20260623_163953_final,3011,328242,2026-06-23T16:45:21.720822,Okulary BME280,"31.60,68.59,32.00,81.55,32.62,85.74,30.89,41.44",31.60,68.59,32.00,81.55,32.62,85.74,30.89,41.44,true,0
session_20260623_163953_final,3012,328375,2026-06-23T16:45:21.854378,Okulary BME280,"31.61,68.63,32.00,81.73,32.63,85.75,30.89,41.43",31.61,68.63,32.00,81.73,32.63,85.75,30.89,41.43,true,0
session_20260623_163953_final,3013,328465,2026-06-23T16:45:21.944354,Okulary BME280,"31.60,68.67,32.00,81.88,32.63,85.71,30.89,41.44",31.60,68.67,32.00,81.88,32.63,85.71,30.89,41.44,true,0
session_20260623_163953_final,3014,328604,2026-06-23T16:45:22.083053,Okulary BME280,"31.60,68.69,32.00,82.04,32.59,85.68,30.89,41.45",31.60,68.69,32.00,82.04,32.59,85.68,30.89,41.45,true,0
session_20260623_163953_final,3015,328692,2026-06-23T16:45:22.170979,Okulary BME280,"31.61,68.68,31.98,82.07,32.56,85.61,30.88,41.46",31.61,68.68,31.98,82.07,32.56,85.61,30.88,41.46,true,0
session_20260623_163953_final,3016,328779,2026-06-23T16:45:22.258632,Okulary BME280,"31.60,68.73,31.96,81.98,32.52,85.51,30.89,41.46",31.60,68.73,31.96,81.98,32.52,85.51,30.89,41.46,true,0
session_20260623_163953_final,3017,328918,2026-06-23T16:45:22.397007,Okulary BME280,"31.60,68.69,31.86,81.54,32.46,85.38,30.88,41.46",31.60,68.69,31.86,81.54,32.46,85.38,30.88,41.46,true,0
session_20260623_163953_final,3018,329019,2026-06-23T16:45:22.498524,Okulary BME280,"31.60,68.67,31.81,81.29,32.38,85.24,30.88,41.48",31.60,68.67,31.81,81.29,32.38,85.24,30.88,41.48,true,0
session_20260623_163953_final,3019,329142,2026-06-23T16:45:22.621149,Okulary BME280,"31.60,68.64,31.76,81.01,32.31,85.11,30.88,41.49",31.60,68.64,31.76,81.01,32.31,85.11,30.88,41.49,true,0
session_20260623_163953_final,3020,329232,2026-06-23T16:45:22.711330,Okulary BME280,"31.60,68.60,31.73,80.72,32.24,84.98,30.88,41.51",31.60,68.60,31.73,80.72,32.24,84.98,30.88,41.51,true,0
session_20260623_163953_final,3021,329365,2026-06-23T16:45:22.844787,Okulary BME280,"31.59,68.56,31.70,80.41,32.18,84.87,30.88,41.52",31.59,68.56,31.70,80.41,32.18,84.87,30.88,41.52,true,0
session_20260623_163953_final,3022,329468,2026-06-23T16:45:22.946886,Okulary BME280,"31.60,68.51,31.68,80.10,32.13,84.73,30.89,41.55",31.60,68.51,31.68,80.10,32.13,84.73,30.89,41.55,true,0
session_20260623_163953_final,3023,329547,2026-06-23T16:45:23.026180,Okulary BME280,"31.59,68.46,31.67,79.77,32.07,84.56,30.89,41.57",31.59,68.46,31.67,79.77,32.07,84.56,30.89,41.57,true,0
session_20260623_163953_final,3024,329680,2026-06-23T16:45:23.159054,Okulary BME280,"31.59,68.44,31.66,79.47,32.06,84.47,30.89,41.60",31.59,68.44,31.66,79.47,32.06,84.47,30.89,41.60,true,0
session_20260623_163953_final,3025,329771,2026-06-23T16:45:23.249968,Okulary BME280,"31.59,68.34,31.66,79.14,32.05,84.40,30.89,41.62",31.59,68.34,31.66,79.14,32.05,84.40,30.89,41.62,true,0
session_20260623_163953_final,3026,329922,2026-06-23T16:45:23.401817,Okulary BME280,"31.59,68.31,31.66,78.72,32.05,84.29,30.89,41.68",31.59,68.31,31.66,78.72,32.05,84.29,30.89,41.68,true,0
session_20260623_163953_final,3027,329995,2026-06-23T16:45:23.474190,Okulary BME280,"31.59,68.28,31.67,78.79,32.06,84.41,30.90,41.71",31.59,68.28,31.67,78.79,32.06,84.41,30.90,41.71,true,0
session_20260623_163953_final,3028,330084,2026-06-23T16:45:23.563658,Okulary BME280,"31.59,68.27,31.69,78.95,32.07,84.63,30.90,41.73",31.59,68.27,31.69,78.95,32.07,84.63,30.90,41.73,true,0
session_20260623_163953_final,3029,330221,2026-06-23T16:45:23.700471,Okulary BME280,"31.59,68.26,31.73,79.19,32.10,84.89,30.90,41.76",31.59,68.26,31.73,79.19,32.10,84.89,30.90,41.76,true,0
session_20260623_163953_final,3030,330324,2026-06-23T16:45:23.803027,Okulary BME280,"31.59,68.27,31.77,79.45,32.17,85.12,30.90,41.78",31.59,68.27,31.77,79.45,32.17,85.12,30.90,41.78,true,0
session_20260623_163953_final,3031,330447,2026-06-23T16:45:23.926616,Okulary BME280,"31.59,68.28,31.82,79.75,32.23,85.31,30.90,41.79",31.59,68.28,31.82,79.75,32.23,85.31,30.90,41.79,true,0
session_20260623_163953_final,3032,330536,2026-06-23T16:45:24.015445,Okulary BME280,"31.60,68.32,31.86,80.02,32.36,85.58,30.90,41.79",31.60,68.32,31.86,80.02,32.36,85.58,30.90,41.79,true,0
session_20260623_163953_final,3033,330670,2026-06-23T16:45:24.149547,Okulary BME280,"31.60,68.35,31.89,80.33,32.43,85.69,30.90,41.80",31.60,68.35,31.89,80.33,32.43,85.69,30.90,41.80,true,0
session_20260623_163953_final,3034,330776,2026-06-23T16:45:24.255245,Okulary BME280,"31.60,68.46,31.92,80.57,32.49,85.80,30.90,41.78",31.60,68.46,31.92,80.57,32.49,85.80,30.90,41.78,true,0
session_20260623_163953_final,3035,330852,2026-06-23T16:45:24.330890,Okulary BME280,"31.60,68.52,31.97,81.07,32.54,85.87,30.90,41.82",31.60,68.52,31.97,81.07,32.54,85.87,30.90,41.82,true,0
session_20260623_163953_final,3036,330985,2026-06-23T16:45:24.464412,Okulary BME280,"31.60,68.57,31.98,81.30,32.57,85.94,30.90,41.76",31.60,68.57,31.98,81.30,32.57,85.94,30.90,41.76,true,0
session_20260623_163953_final,3037,331090,2026-06-23T16:45:24.569720,Okulary BME280,"31.60,68.61,32.00,81.50,32.60,85.97,30.90,41.73",31.60,68.61,32.00,81.50,32.60,85.97,30.90,41.73,true,0
session_20260623_163953_final,3038,331210,2026-06-23T16:45:24.689603,Okulary BME280,"31.61,68.66,32.00,81.71,32.62,86.01,30.90,41.70",31.61,68.66,32.00,81.71,32.62,86.01,30.90,41.70,true,0
session_20260623_163953_final,3039,331301,2026-06-23T16:45:24.780292,Okulary BME280,"31.61,68.68,32.01,81.87,32.63,86.02,30.90,41.65",31.61,68.68,32.01,81.87,32.63,86.02,30.90,41.65,true,0
session_20260623_163953_final,3040,331438,2026-06-23T16:45:24.917269,Okulary BME280,"31.60,68.70,32.01,82.04,32.63,86.01,30.90,41.62",31.60,68.70,32.01,82.04,32.63,86.01,30.90,41.62,true,0
session_20260623_163953_final,3041,331548,2026-06-23T16:45:25.027717,Okulary BME280,"31.60,68.75,32.00,82.16,32.59,85.91,30.90,41.57",31.60,68.75,32.00,82.16,32.59,85.91,30.90,41.57,true,0
session_20260623_163953_final,3042,331616,2026-06-23T16:45:25.095563,Okulary BME280,"31.61,68.73,31.99,82.11,32.56,85.81,30.89,41.53",31.61,68.73,31.99,82.11,32.56,85.81,30.89,41.53,true,0
session_20260623_163953_final,3043,331751,2026-06-23T16:45:25.229878,Okulary BME280,"31.60,68.70,31.95,82.04,32.51,85.71,30.89,41.46",31.60,68.70,31.95,82.04,32.51,85.71,30.89,41.46,true,0
session_20260623_163953_final,3044,331849,2026-06-23T16:45:25.328524,Okulary BME280,"31.60,68.67,31.85,81.55,32.45,85.57,30.89,41.48",31.60,68.67,31.85,81.55,32.45,85.57,30.89,41.48,true,0
session_20260623_163953_final,3045,331976,2026-06-23T16:45:25.454866,Okulary BME280,"31.59,68.59,31.80,81.23,32.38,85.40,30.88,41.37",31.59,68.59,31.80,81.23,32.38,85.40,30.88,41.37,true,0
session_20260623_163953_final,3046,332067,2026-06-23T16:45:25.546063,Okulary BME280,"31.59,68.52,31.75,80.90,32.30,85.26,30.88,41.34",31.59,68.52,31.75,80.90,32.30,85.26,30.88,41.34,true,0
session_20260623_163953_final,3047,332201,2026-06-23T16:45:25.680488,Okulary BME280,"31.59,68.43,31.71,80.57,32.23,85.12,30.88,41.30",31.59,68.43,31.71,80.57,32.23,85.12,30.88,41.30,true,0
session_20260623_163953_final,3048,332290,2026-06-23T16:45:25.769499,Okulary BME280,"31.59,68.34,31.68,80.24,32.16,84.98,30.88,41.27",31.59,68.34,31.68,80.24,32.16,84.98,30.88,41.27,true,0
session_20260623_163953_final,3049,332397,2026-06-23T16:45:25.876056,Okulary BME280,"31.59,68.23,31.66,79.91,32.12,84.84,30.88,41.24",31.59,68.23,31.66,79.91,32.12,84.84,30.88,41.24,true,0
session_20260623_163953_final,3050,332518,2026-06-23T16:45:25.996884,Okulary BME280,"31.58,68.11,31.66,79.60,32.06,84.63,30.88,41.21",31.58,68.11,31.66,79.60,32.06,84.63,30.88,41.21,true,0
session_20260623_163953_final,3051,332608,2026-06-23T16:45:26.087751,Okulary BME280,"31.58,67.86,31.64,79.31,32.04,84.52,30.87,41.18",31.58,67.86,31.64,79.31,32.04,84.52,30.87,41.18,true,0
session_20260623_163953_final,3052,332749,2026-06-23T16:45:26.227857,Okulary BME280,"31.57,67.75,31.64,79.04,32.04,84.40,30.88,41.18",31.57,67.75,31.64,79.04,32.04,84.40,30.88,41.18,true,0
session_20260623_163953_final,3053,332834,2026-06-23T16:45:26.313635,Okulary BME280,"31.58,67.62,31.64,78.46,32.03,84.27,30.87,41.11",31.58,67.62,31.64,78.46,32.03,84.27,30.87,41.11,true,0
session_20260623_163953_final,3054,332921,2026-06-23T16:45:26.400338,Okulary BME280,"31.58,67.48,31.64,78.17,32.03,84.19,30.88,41.09",31.58,67.48,31.64,78.17,32.03,84.19,30.88,41.09,true,0
session_20260623_163953_final,3055,333070,2026-06-23T16:45:26.548837,Okulary BME280,"31.58,67.36,31.64,77.98,32.03,84.09,30.88,41.06",31.58,67.36,31.64,77.98,32.03,84.09,30.88,41.06,true,0
session_20260623_163953_final,3056,333153,2026-06-23T16:45:26.632284,Okulary BME280,"31.58,67.26,31.65,78.03,32.04,84.23,30.87,41.04",31.58,67.26,31.65,78.03,32.04,84.23,30.87,41.04,true,0
session_20260623_163953_final,3057,333283,2026-06-23T16:45:26.762369,Okulary BME280,"31.57,67.20,31.67,78.25,32.06,84.51,30.88,41.02",31.57,67.20,31.67,78.25,32.06,84.51,30.88,41.02,true,0
session_20260623_163953_final,3058,333370,2026-06-23T16:45:26.849316,Okulary BME280,"31.58,67.08,31.72,78.53,32.11,84.84,30.87,41.01",31.58,67.08,31.72,78.53,32.11,84.84,30.87,41.01,true,0
session_20260623_163953_final,3059,333506,2026-06-23T16:45:26.984841,Okulary BME280,"31.58,67.10,31.76,78.87,32.25,85.25,30.87,40.99",31.58,67.10,31.76,78.87,32.25,85.25,30.87,40.99,true,0
session_20260623_163953_final,3060,333595,2026-06-23T16:45:27.074781,Okulary BME280,"31.59,67.21,31.81,79.20,32.32,85.41,30.87,40.97",31.59,67.21,31.81,79.20,32.32,85.41,30.87,40.97,true,0
session_20260623_163953_final,3061,333685,2026-06-23T16:45:27.164591,Okulary BME280,"31.59,67.26,31.85,79.80,32.39,85.55,30.87,41.00",31.59,67.26,31.85,79.80,32.39,85.55,30.87,41.00,true,0
session_20260623_163953_final,3062,333828,2026-06-23T16:45:27.307282,Okulary BME280,"31.59,67.32,31.91,80.09,32.44,85.67,30.87,40.93",31.59,67.32,31.91,80.09,32.44,85.67,30.87,40.93,true,0
session_20260623_163953_final,3063,333912,2026-06-23T16:45:27.391255,Okulary BME280,"31.60,67.38,31.93,80.38,32.49,85.76,30.88,40.93",31.60,67.38,31.93,80.38,32.49,85.76,30.88,40.93,true,0
session_20260623_163953_final,3064,334047,2026-06-23T16:45:27.526447,Okulary BME280,"31.60,67.43,31.94,80.64,32.53,85.86,30.87,40.94",31.60,67.43,31.94,80.64,32.53,85.86,30.87,40.94,true,0
session_20260623_163953_final,3065,334138,2026-06-23T16:45:27.617774,Okulary BME280,"31.60,67.50,31.96,80.87,32.56,85.91,30.88,40.93",31.60,67.50,31.96,80.87,32.56,85.91,30.88,40.93,true,0
session_20260623_163953_final,3066,334272,2026-06-23T16:45:27.751253,Okulary BME280,"31.61,67.56,31.97,81.08,32.59,85.98,30.87,40.93",31.61,67.56,31.97,81.08,32.59,85.98,30.87,40.93,true,0
session_20260623_163953_final,3067,334364,2026-06-23T16:45:27.843012,Okulary BME280,"31.61,67.63,31.98,81.30,32.61,85.98,30.87,40.93",31.61,67.63,31.98,81.30,32.61,85.98,30.87,40.93,true,0
session_20260623_163953_final,3068,334455,2026-06-23T16:45:27.934061,Okulary BME280,"31.61,67.67,31.98,81.50,32.62,85.98,30.88,40.92",31.61,67.67,31.98,81.50,32.62,85.98,30.88,40.92,true,0
session_20260623_163953_final,3069,334589,2026-06-23T16:45:28.068121,Okulary BME280,"31.61,67.72,31.98,81.67,32.60,85.92,30.87,40.92",31.61,67.72,31.98,81.67,32.60,85.92,30.87,40.92,true,0
session_20260623_163953_final,3070,334676,2026-06-23T16:45:28.155197,Okulary BME280,"31.61,67.72,31.97,81.46,32.57,85.78,30.87,40.94",31.61,67.72,31.97,81.46,32.57,85.78,30.87,40.94,true,0
session_20260623_163953_final,3071,334821,2026-06-23T16:45:28.300634,Okulary BME280,"31.61,67.71,31.87,81.20,32.50,85.61,30.87,40.92",31.61,67.71,31.87,81.20,32.50,85.61,30.87,40.92,true,0
session_20260623_163953_final,3072,334910,2026-06-23T16:45:28.388816,Okulary BME280,"31.60,67.67,31.81,80.94,32.41,85.42,30.87,40.96",31.60,67.67,31.81,80.94,32.41,85.42,30.87,40.96,true,0
session_20260623_163953_final,3073,334990,2026-06-23T16:45:28.469178,Okulary BME280,"31.59,67.62,31.75,80.64,32.31,85.24,30.88,40.94",31.59,67.62,31.75,80.64,32.31,85.24,30.88,40.94,true,0
session_20260623_163953_final,3074,335125,2026-06-23T16:45:28.604392,Okulary BME280,"31.59,67.56,31.70,80.32,32.23,85.13,30.88,40.95",31.59,67.56,31.70,80.32,32.23,85.13,30.88,40.95,true,0
session_20260623_163953_final,3075,335217,2026-06-23T16:45:28.696055,Okulary BME280,"31.59,67.48,31.67,79.99,32.16,85.01,30.88,40.96",31.59,67.48,31.67,79.99,32.16,85.01,30.88,40.96,true,0
session_20260623_163953_final,3076,335354,2026-06-23T16:45:28.833360,Okulary BME280,"31.58,67.43,31.64,79.67,32.07,84.78,30.87,40.97",31.58,67.43,31.64,79.67,32.07,84.78,30.87,40.97,true,0
session_20260623_163953_final,3077,335450,2026-06-23T16:45:28.929795,Okulary BME280,"31.59,67.31,31.63,79.35,32.05,84.69,30.87,40.99",31.59,67.31,31.63,79.35,32.05,84.69,30.87,40.99,true,0
session_20260623_163953_final,3078,335583,2026-06-23T16:45:29.062232,Okulary BME280,"31.58,67.25,31.62,79.06,32.02,84.59,30.87,41.01",31.58,67.25,31.62,79.06,32.02,84.59,30.87,41.01,true,0
session_20260623_163953_final,3079,335669,2026-06-23T16:45:29.147825,Okulary BME280,"31.58,67.17,31.61,78.49,32.01,84.49,30.88,41.02",31.58,67.17,31.61,78.49,32.01,84.49,30.88,41.02,true,0
session_20260623_163953_final,3080,335756,2026-06-23T16:45:29.235796,Okulary BME280,"31.58,67.12,31.61,78.43,32.01,84.45,30.88,41.01",31.58,67.12,31.61,78.43,32.01,84.45,30.88,41.01,true,0
session_20260623_163953_final,3081,335907,2026-06-23T16:45:29.386365,Okulary BME280,"31.58,67.08,31.63,78.60,32.02,84.74,30.88,41.04",31.58,67.08,31.63,78.60,32.02,84.74,30.88,41.04,true,0
session_20260623_163953_final,3082,335980,2026-06-23T16:45:29.459596,Okulary BME280,"31.58,67.06,31.67,78.84,32.07,85.02,30.88,41.09",31.58,67.06,31.67,78.84,32.07,85.02,30.88,41.09,true,0
session_20260623_163953_final,3083,336117,2026-06-23T16:45:29.596012,Okulary BME280,"31.58,67.07,31.72,79.14,32.13,85.28,30.87,41.10",31.58,67.07,31.72,79.14,32.13,85.28,30.87,41.10,true,0
session_20260623_163953_final,3084,336206,2026-06-23T16:45:29.685597,Okulary BME280,"31.58,67.12,31.77,79.45,32.21,85.47,30.88,41.13",31.58,67.12,31.77,79.45,32.21,85.47,30.88,41.13,true,0
session_20260623_163953_final,3085,336363,2026-06-23T16:45:29.841952,Okulary BME280,"31.59,67.16,31.82,79.75,32.36,85.75,30.88,41.15",31.59,67.16,31.82,79.75,32.36,85.75,30.88,41.15,true,0
session_20260623_163953_final,3086,336432,2026-06-23T16:45:29.910909,Okulary BME280,"31.60,67.29,31.86,80.05,32.43,85.88,30.88,41.17",31.60,67.29,31.86,80.05,32.43,85.88,30.88,41.17,true,0
session_20260623_163953_final,3087,336521,2026-06-23T16:45:30.000595,Okulary BME280,"31.60,67.35,31.89,80.34,32.48,85.97,30.88,41.20",31.60,67.35,31.89,80.34,32.48,85.97,30.88,41.20,true,0
session_20260623_163953_final,3088,336657,2026-06-23T16:45:30.136682,Okulary BME280,"31.60,67.42,31.93,80.84,32.53,86.05,30.88,41.22",31.60,67.42,31.93,80.84,32.53,86.05,30.88,41.22,true,0
session_20260623_163953_final,3089,336760,2026-06-23T16:45:30.239638,Okulary BME280,"31.60,67.47,31.95,81.07,32.57,86.11,30.88,41.22",31.60,67.47,31.95,81.07,32.57,86.11,30.88,41.22,true,0
session_20260623_163953_final,3090,336882,2026-06-23T16:45:30.361780,Okulary BME280,"31.60,67.52,31.96,81.27,32.59,86.15,30.88,41.27",31.60,67.52,31.96,81.27,32.59,86.15,30.88,41.27,true,0
session_20260623_163953_final,3091,336970,2026-06-23T16:45:30.449798,Okulary BME280,"31.60,67.57,31.97,81.47,32.61,86.19,30.89,41.33",31.60,67.57,31.97,81.47,32.61,86.19,30.89,41.33,true,0
session_20260623_163953_final,3092,337105,2026-06-23T16:45:30.584367,Okulary BME280,"31.60,67.63,31.97,81.65,32.62,86.20,30.88,41.34",31.60,67.63,31.97,81.65,32.62,86.20,30.88,41.34,true,0
session_20260623_163953_final,3093,337204,2026-06-23T16:45:30.683379,Okulary BME280,"31.60,67.66,31.97,81.83,32.62,86.19,30.88,41.35",31.60,67.66,31.97,81.83,32.62,86.19,30.88,41.35,true,0
session_20260623_163953_final,3094,337286,2026-06-23T16:45:30.765080,Okulary BME280,"31.60,67.69,31.97,81.92,32.59,86.07,30.89,41.38",31.60,67.69,31.97,81.92,32.59,86.07,30.89,41.38,true,0
session_20260623_163953_final,3095,337424,2026-06-23T16:45:30.902912,Okulary BME280,"31.60,67.74,31.95,81.92,32.55,85.95,30.89,41.41",31.60,67.74,31.95,81.92,32.55,85.95,30.89,41.41,true,0
session_20260623_163953_final,3096,337510,2026-06-23T16:45:30.989644,Okulary BME280,"31.60,67.73,31.92,81.74,32.50,85.74,30.89,41.45",31.60,67.73,31.92,81.74,32.50,85.74,30.89,41.45,true,0
session_20260623_163953_final,3097,337646,2026-06-23T16:45:31.125632,Okulary BME280,"31.60,67.71,31.80,81.23,32.40,85.52,30.89,41.53",31.60,67.71,31.80,81.23,32.40,85.52,30.89,41.53,true,0
session_20260623_163953_final,3098,337736,2026-06-23T16:45:31.215685,Okulary BME280,"31.60,67.67,31.74,80.95,32.29,85.32,30.89,41.60",31.60,67.67,31.74,80.95,32.29,85.32,30.89,41.60,true,0
session_20260623_163953_final,3099,337826,2026-06-23T16:45:31.305161,Okulary BME280,"31.59,67.64,31.70,80.63,32.21,85.17,30.89,41.78",31.59,67.64,31.70,80.63,32.21,85.17,30.89,41.78,true,0
session_20260623_163953_final,3100,337970,2026-06-23T16:45:31.448992,Okulary BME280,"31.59,67.59,31.67,80.29,32.13,85.01,30.89,41.85",31.59,67.59,31.67,80.29,32.13,85.01,30.89,41.85,true,0
session_20260623_163953_final,3101,338062,2026-06-23T16:45:31.541244,Okulary BME280,"31.59,67.54,31.65,79.94,32.07,84.83,30.89,41.88",31.59,67.54,31.65,79.94,32.07,84.83,30.89,41.88,true,0
session_20260623_163953_final,3102,338186,2026-06-23T16:45:31.665785,Okulary BME280,"31.59,67.55,31.63,79.61,32.03,84.74,30.89,41.92",31.59,67.55,31.63,79.61,32.03,84.74,30.89,41.92,true,0
session_20260623_163953_final,3103,338275,2026-06-23T16:45:31.754274,Okulary BME280,"31.58,67.42,31.62,79.25,31.99,84.54,30.89,41.94",31.58,67.42,31.62,79.25,31.99,84.54,30.89,41.94,true,0
session_20260623_163953_final,3104,338411,2026-06-23T16:45:31.890116,Okulary BME280,"31.59,67.37,31.61,78.93,31.98,84.44,30.89,41.94",31.59,67.37,31.61,78.93,31.98,84.44,30.89,41.94,true,0
session_20260623_163953_final,3105,338515,2026-06-23T16:45:31.994082,Okulary BME280,"31.59,67.35,31.60,78.57,31.98,84.34,30.89,41.96",31.59,67.35,31.60,78.57,31.98,84.34,30.89,41.96,true,0
session_20260623_163953_final,3106,338590,2026-06-23T16:45:32.069432,Okulary BME280,"31.58,67.29,31.60,78.13,31.99,84.25,30.89,41.95",31.58,67.29,31.60,78.13,31.99,84.25,30.89,41.95,true,0
session_20260623_163953_final,3107,338728,2026-06-23T16:45:32.206936,Okulary BME280,"31.59,67.27,31.61,78.24,32.00,84.46,30.89,41.90",31.59,67.27,31.61,78.24,32.00,84.46,30.89,41.90,true,0
session_20260623_163953_final,3108,338823,2026-06-23T16:45:32.302014,Okulary BME280,"31.59,67.25,31.64,78.47,32.03,84.79,30.89,41.90",31.59,67.25,31.64,78.47,32.03,84.79,30.89,41.90,true,0
session_20260623_163953_final,3109,338959,2026-06-23T16:45:32.438334,Okulary BME280,"31.59,67.26,31.69,78.76,32.08,85.07,30.89,41.88",31.59,67.26,31.69,78.76,32.08,85.07,30.89,41.88,true,0
session_20260623_163953_final,3110,339045,2026-06-23T16:45:32.523995,Okulary BME280,"31.59,67.26,31.74,79.08,32.16,85.26,30.89,41.85",31.59,67.26,31.74,79.08,32.16,85.26,30.89,41.85,true,0
session_20260623_163953_final,3111,339177,2026-06-23T16:45:32.655896,Okulary BME280,"31.59,67.37,31.79,79.40,32.24,85.42,30.89,41.82",31.59,67.37,31.79,79.40,32.24,85.42,30.89,41.82,true,0
session_20260623_163953_final,3112,339286,2026-06-23T16:45:32.765319,Okulary BME280,"31.60,67.41,31.83,79.72,32.39,85.77,30.89,41.77",31.60,67.41,31.83,79.72,32.39,85.77,30.89,41.77,true,0
session_20260623_163953_final,3113,339358,2026-06-23T16:45:32.837742,Okulary BME280,"31.60,67.45,31.87,79.99,32.45,85.89,30.88,41.70",31.60,67.45,31.87,79.99,32.45,85.89,30.88,41.70,true,0
session_20260623_163953_final,3114,339491,2026-06-23T16:45:32.970597,Okulary BME280,"31.60,67.51,31.89,80.29,32.50,86.00,30.88,41.64",31.60,67.51,31.89,80.29,32.50,86.00,30.88,41.64,true,0
session_20260623_163953_final,3115,339582,2026-06-23T16:45:33.061607,Okulary BME280,"31.60,67.57,31.94,80.83,32.55,86.07,30.88,41.57",31.60,67.57,31.94,80.83,32.55,86.07,30.88,41.57,true,0
session_20260623_163953_final,3116,339721,2026-06-23T16:45:33.199900,Okulary BME280,"31.60,67.62,31.96,81.07,32.58,86.15,30.87,41.47",31.60,67.62,31.96,81.07,32.58,86.15,30.87,41.47,true,0
session_20260623_163953_final,3117,339805,2026-06-23T16:45:33.284024,Okulary BME280,"31.61,67.68,31.97,81.29,32.62,86.19,30.86,41.49",31.61,67.68,31.97,81.29,32.62,86.19,30.86,41.49,true,0
session_20260623_163953_final,3118,339894,2026-06-23T16:45:33.373776,Okulary BME280,"31.60,67.72,31.98,81.46,32.64,86.21,30.86,41.36",31.60,67.72,31.98,81.46,32.64,86.21,30.86,41.36,true,0
session_20260623_163953_final,3119,340032,2026-06-23T16:45:33.511589,Okulary BME280,"31.61,67.78,31.98,81.65,32.64,86.27,30.85,41.33",31.61,67.78,31.98,81.65,32.64,86.27,30.85,41.33,true,0
session_20260623_163953_final,3120,340122,2026-06-23T16:45:33.601086,Okulary BME280,"31.60,67.79,31.98,81.82,32.64,86.17,30.86,41.31",31.60,67.79,31.98,81.82,32.64,86.17,30.86,41.31,true,0
session_20260623_163953_final,3121,340265,2026-06-23T16:45:33.743880,Okulary BME280,"31.61,67.85,31.97,81.92,32.60,86.08,30.85,41.30",31.61,67.85,31.97,81.92,32.60,86.08,30.85,41.30,true,0
session_20260623_163953_final,3122,340348,2026-06-23T16:45:33.827070,Okulary BME280,"31.61,67.84,31.95,81.80,32.55,85.90,30.85,41.29",31.61,67.84,31.95,81.80,32.55,85.90,30.85,41.29,true,0
session_20260623_163953_final,3123,340480,2026-06-23T16:45:33.959645,Okulary BME280,"31.61,67.80,31.90,81.60,32.46,85.69,30.85,41.27",31.61,67.80,31.90,81.60,32.46,85.69,30.85,41.27,true,0
session_20260623_163953_final,3124,340574,2026-06-23T16:45:34.053033,Okulary BME280,"31.60,67.74,31.77,81.11,32.35,85.50,30.86,41.26",31.60,67.74,31.77,81.11,32.35,85.50,30.86,41.26,true,0
session_20260623_163953_final,3125,340663,2026-06-23T16:45:34.141929,Okulary BME280,"31.60,67.64,31.72,80.81,32.26,85.35,30.86,41.24",31.60,67.64,31.72,80.81,32.26,85.35,30.86,41.24,true,0
session_20260623_163953_final,3126,340796,2026-06-23T16:45:34.275074,Okulary BME280,"31.60,67.56,31.67,80.54,32.18,85.24,30.86,41.26",31.60,67.56,31.67,80.54,32.18,85.24,30.86,41.26,true,0
session_20260623_163953_final,3127,340887,2026-06-23T16:45:34.366283,Okulary BME280,"31.59,67.45,31.65,80.26,32.11,85.12,30.86,41.22",31.59,67.45,31.65,80.26,32.11,85.12,30.86,41.22,true,0
session_20260623_163953_final,3128,341023,2026-06-23T16:45:34.501903,Okulary BME280,"31.59,67.38,31.64,80.00,32.07,85.03,30.86,41.21",31.59,67.38,31.64,80.00,32.07,85.03,30.86,41.21,true,0
session_20260623_163953_final,3129,341111,2026-06-23T16:45:34.590021,Okulary BME280,"31.59,67.10,31.63,79.71,32.03,84.86,30.86,41.19",31.59,67.10,31.63,79.71,32.03,84.86,30.86,41.19,true,0
session_20260623_163953_final,3130,341257,2026-06-23T16:45:34.736782,Okulary BME280,"31.58,66.99,31.62,79.43,31.99,84.67,30.87,41.19",31.58,66.99,31.62,79.43,31.99,84.67,30.87,41.19,true,0
session_20260623_163953_final,3131,341337,2026-06-23T16:45:34.816264,Okulary BME280,"31.58,66.86,31.62,79.18,31.99,84.60,30.87,41.18",31.58,66.86,31.62,79.18,31.99,84.60,30.87,41.18,true,0
session_20260623_163953_final,3132,341425,2026-06-23T16:45:34.904077,Okulary BME280,"31.58,66.75,31.61,78.88,31.99,84.50,30.87,41.18",31.58,66.75,31.61,78.88,31.99,84.50,30.87,41.18,true,0
session_20260623_163953_final,3133,341567,2026-06-23T16:45:35.046599,Okulary BME280,"31.58,66.65,31.62,78.78,31.99,84.57,30.88,41.18",31.58,66.65,31.62,78.78,31.99,84.57,30.88,41.18,true,0
session_20260623_163953_final,3134,341651,2026-06-23T16:45:35.130521,Okulary BME280,"31.58,66.58,31.65,78.91,32.01,84.78,30.87,41.16",31.58,66.58,31.65,78.91,32.01,84.78,30.87,41.16,true,0
session_20260623_163953_final,3135,341785,2026-06-23T16:45:35.264457,Okulary BME280,"31.58,66.52,31.68,79.13,32.05,85.05,30.87,41.20",31.58,66.52,31.68,79.13,32.05,85.05,30.87,41.20,true,0
session_20260623_163953_final,3136,341878,2026-06-23T16:45:35.357488,Okulary BME280,"31.58,66.42,31.72,79.40,32.10,85.29,30.88,41.20",31.58,66.42,31.72,79.40,32.10,85.29,30.88,41.20,true,0
session_20260623_163953_final,3137,342027,2026-06-23T16:45:35.506492,Okulary BME280,"31.58,66.54,31.76,79.68,32.17,85.45,30.87,41.23",31.58,66.54,31.76,79.68,32.17,85.45,30.87,41.23,true,0
session_20260623_163953_final,3138,342103,2026-06-23T16:45:35.582344,Okulary BME280,"31.59,66.54,31.81,79.94,32.24,85.67,30.87,41.23",31.59,66.54,31.81,79.94,32.24,85.67,30.87,41.23,true,0
session_20260623_163953_final,3139,342191,2026-06-23T16:45:35.670669,Okulary BME280,"31.59,66.59,31.84,80.22,32.37,85.91,30.88,41.24",31.59,66.59,31.84,80.22,32.37,85.91,30.88,41.24,true,0
session_20260623_163953_final,3140,342328,2026-06-23T16:45:35.807764,Okulary BME280,"31.59,66.64,31.87,80.48,32.43,86.00,30.88,41.25",31.59,66.64,31.87,80.48,32.43,86.00,30.88,41.25,true,0
session_20260623_163953_final,3141,342415,2026-06-23T16:45:35.894591,Okulary BME280,"31.59,66.71,31.89,80.75,32.48,86.08,30.88,41.25",31.59,66.71,31.89,80.75,32.48,86.08,30.88,41.25,true,0
session_20260623_163953_final,3142,342551,2026-06-23T16:45:36.030593,Okulary BME280,"31.60,66.77,31.93,81.18,32.52,86.14,30.88,41.27",31.60,66.77,31.93,81.18,32.52,86.14,30.88,41.27,true,0
session_20260623_163953_final,3143,342642,2026-06-23T16:45:36.121141,Okulary BME280,"31.60,66.83,31.94,81.39,32.54,86.19,30.88,41.27",31.60,66.83,31.94,81.39,32.54,86.19,30.88,41.27,true,0
session_20260623_163953_final,3144,342738,2026-06-23T16:45:36.216985,Okulary BME280,"31.60,66.87,31.95,81.58,32.56,86.23,30.88,41.30",31.60,66.87,31.95,81.58,32.56,86.23,30.88,41.30,true,0
session_20260623_163953_final,3145,342867,2026-06-23T16:45:36.345818,Okulary BME280,"31.59,66.96,31.95,81.74,32.57,86.23,30.87,41.24",31.59,66.96,31.95,81.74,32.57,86.23,30.87,41.24,true,0
session_20260623_163953_final,3146,342956,2026-06-23T16:45:36.435333,Okulary BME280,"31.60,66.98,31.94,81.90,32.57,86.23,30.88,41.24",31.60,66.98,31.94,81.90,32.57,86.23,30.88,41.24,true,0
session_20260623_163953_final,3147,343091,2026-06-23T16:45:36.569841,Okulary BME280,"31.60,67.00,31.93,82.02,32.56,86.18,30.87,41.24",31.60,67.00,31.93,82.02,32.56,86.18,30.87,41.24,true,0
session_20260623_163953_final,3148,343181,2026-06-23T16:45:36.659892,Okulary BME280,"31.60,67.00,31.93,82.15,32.53,86.09,30.88,41.23",31.60,67.00,31.93,82.15,32.53,86.09,30.88,41.23,true,0
session_20260623_163953_final,3149,343323,2026-06-23T16:45:36.802254,Okulary BME280,"31.60,67.00,31.92,82.22,32.49,86.02,30.87,41.23",31.60,67.00,31.92,82.22,32.49,86.02,30.87,41.23,true,0
session_20260623_163953_final,3150,343406,2026-06-23T16:45:36.884858,Okulary BME280,"31.60,66.99,31.90,82.24,32.45,85.94,30.87,41.24",31.60,66.99,31.90,82.24,32.45,85.94,30.87,41.24,true,0
session_20260623_163953_final,3151,343507,2026-06-23T16:45:36.986208,Okulary BME280,"31.60,66.98,31.84,82.00,32.40,85.85,30.87,41.22",31.60,66.98,31.84,82.00,32.40,85.85,30.87,41.22,true,0
session_20260623_163953_final,3152,343635,2026-06-23T16:45:37.114752,Okulary BME280,"31.60,66.94,31.80,81.79,32.34,85.70,30.87,41.22",31.60,66.94,31.80,81.79,32.34,85.70,30.87,41.22,true,0
session_20260623_163953_final,3153,343720,2026-06-23T16:45:37.199632,Okulary BME280,"31.59,66.85,31.75,81.55,32.28,85.57,30.88,41.17",31.59,66.85,31.75,81.55,32.28,85.57,30.88,41.17,true,0
session_20260623_163953_final,3154,343857,2026-06-23T16:45:37.336384,Okulary BME280,"31.59,66.82,31.71,81.30,32.21,85.44,30.87,41.18",31.59,66.82,31.71,81.30,32.21,85.44,30.87,41.18,true,0
session_20260623_163953_final,3155,343951,2026-06-23T16:45:37.429877,Okulary BME280,"31.59,66.70,31.68,81.04,32.16,85.33,30.86,41.14",31.59,66.70,31.68,81.04,32.16,85.33,30.86,41.14,true,0
session_20260623_163953_final,3156,344080,2026-06-23T16:45:37.559776,Okulary BME280,"31.59,66.62,31.66,80.81,32.08,85.11,30.87,41.12",31.59,66.62,31.66,80.81,32.08,85.11,30.87,41.12,true,0
session_20260623_163953_final,3157,344170,2026-06-23T16:45:37.649728,Okulary BME280,"31.59,66.52,31.64,80.52,32.06,85.01,30.87,41.10",31.59,66.52,31.64,80.52,32.06,85.01,30.87,41.10,true,0
session_20260623_163953_final,3158,344262,2026-06-23T16:45:37.741075,Okulary BME280,"31.58,66.39,31.64,80.21,32.04,84.93,30.86,41.09",31.58,66.39,31.64,80.21,32.04,84.93,30.86,41.09,true,0
session_20260623_163953_final,3159,344397,2026-06-23T16:45:37.876624,Okulary BME280,"31.59,66.27,31.63,80.03,32.02,84.86,30.87,41.09",31.59,66.27,31.63,80.03,32.02,84.86,30.87,41.09,true,0
session_20260623_163953_final,3160,344486,2026-06-23T16:45:37.965193,Okulary BME280,"31.59,66.15,31.63,79.53,32.02,84.77,30.86,41.07",31.59,66.15,31.63,79.53,32.02,84.77,30.86,41.07,true,0
session_20260623_163953_final,3161,344627,2026-06-23T16:45:38.106480,Okulary BME280,"31.58,66.00,31.64,79.31,32.02,84.71,30.86,41.08",31.58,66.00,31.64,79.31,32.02,84.71,30.86,41.08,true,0
session_20260623_163953_final,3162,344711,2026-06-23T16:45:38.190740,Okulary BME280,"31.58,65.86,31.64,79.17,32.02,84.63,30.86,41.05",31.58,65.86,31.64,79.17,32.02,84.63,30.86,41.05,true,0
session_20260623_163953_final,3163,344801,2026-06-23T16:45:38.280237,Okulary BME280,"31.58,65.83,31.65,79.22,32.03,84.70,30.86,41.05",31.58,65.83,31.65,79.22,32.03,84.70,30.86,41.05,true,0
session_20260623_163953_final,3164,344937,2026-06-23T16:45:38.416717,Okulary BME280,"31.57,65.63,31.67,79.38,32.05,84.98,30.86,41.11",31.57,65.63,31.67,79.38,32.05,84.98,30.86,41.11,true,0
session_20260623_163953_final,3165,345027,2026-06-23T16:45:38.506072,Okulary BME280,"31.58,65.61,31.71,79.61,32.14,85.45,30.86,41.12",31.58,65.61,31.71,79.61,32.14,85.45,30.86,41.12,true,0
session_20260623_163953_final,3166,345161,2026-06-23T16:45:38.640697,Okulary BME280,"31.58,65.62,31.75,79.86,32.21,85.63,30.88,41.15",31.58,65.62,31.75,79.86,32.21,85.63,30.88,41.15,true,0
session_20260623_163953_final,3167,345257,2026-06-23T16:45:38.736465,Okulary BME280,"31.58,65.65,31.79,80.16,32.28,85.77,30.87,41.16",31.58,65.65,31.79,80.16,32.28,85.77,30.87,41.16,true,0
session_20260623_163953_final,3168,345388,2026-06-23T16:45:38.867261,Okulary BME280,"31.59,65.70,31.83,80.39,32.34,85.91,30.87,41.18",31.59,65.70,31.83,80.39,32.34,85.91,30.87,41.18,true,0
session_20260623_163953_final,3169,345477,2026-06-23T16:45:38.956012,Okulary BME280,"31.59,65.77,31.88,80.89,32.40,86.02,30.88,41.20",31.59,65.77,31.88,80.89,32.40,86.02,30.88,41.20,true,0
session_20260623_163953_final,3170,345567,2026-06-23T16:45:39.046551,Okulary BME280,"31.60,65.84,31.91,81.12,32.45,86.11,30.88,41.20",31.60,65.84,31.91,81.12,32.45,86.11,30.88,41.20,true,0
session_20260623_163953_final,3171,345703,2026-06-23T16:45:39.182306,Okulary BME280,"31.60,65.95,31.92,81.34,32.49,86.19,30.88,41.18",31.60,65.95,31.92,81.34,32.49,86.19,30.88,41.18,true,0
session_20260623_163953_final,3172,345791,2026-06-23T16:45:39.270711,Okulary BME280,"31.60,66.07,31.93,81.54,32.53,86.28,30.88,41.21",31.60,66.07,31.93,81.54,32.53,86.28,30.88,41.21,true,0
session_20260623_163953_final,3173,345925,2026-06-23T16:45:39.404061,Okulary BME280,"31.60,66.14,31.95,81.73,32.55,86.29,30.87,41.21",31.60,66.14,31.95,81.73,32.55,86.29,30.87,41.21,true,0
session_20260623_163953_final,3174,346015,2026-06-23T16:45:39.494574,Okulary BME280,"31.60,66.20,31.95,81.91,32.57,86.33,30.87,41.22",31.60,66.20,31.95,81.91,32.57,86.33,30.87,41.22,true,0
session_20260623_163953_final,3175,346152,2026-06-23T16:45:39.631425,Okulary BME280,"31.60,66.25,31.95,82.05,32.57,86.31,30.88,41.22",31.60,66.25,31.95,82.05,32.57,86.31,30.88,41.22,true,0
session_20260623_163953_final,3176,346240,2026-06-23T16:45:39.719359,Okulary BME280,"31.61,66.28,31.95,82.19,32.56,86.27,30.88,41.23",31.61,66.28,31.95,82.19,32.56,86.27,30.88,41.23,true,0
session_20260623_163953_final,3177,346330,2026-06-23T16:45:39.808867,Okulary BME280,"31.61,66.29,31.94,82.31,32.54,86.20,30.88,41.27",31.61,66.29,31.94,82.31,32.54,86.20,30.88,41.27,true,0
session_20260623_163953_final,3178,346466,2026-06-23T16:45:39.945392,Okulary BME280,"31.60,66.30,31.90,82.30,32.51,86.14,30.88,41.28",31.60,66.30,31.90,82.30,32.51,86.14,30.88,41.28,true,0
session_20260623_163953_final,3179,346558,2026-06-23T16:45:40.037391,Okulary BME280,"31.60,66.29,31.87,82.17,32.48,86.05,30.88,41.29",31.60,66.29,31.87,82.17,32.48,86.05,30.88,41.29,true,0
session_20260623_163953_final,3180,346693,2026-06-23T16:45:40.172526,Okulary BME280,"31.60,66.29,31.83,81.95,32.43,85.91,30.88,41.30",31.60,66.29,31.83,81.95,32.43,85.91,30.88,41.30,true,0
session_20260623_163953_final,3181,346781,2026-06-23T16:45:40.260103,Okulary BME280,"31.59,66.08,31.77,81.70,32.35,85.73,30.88,41.37",31.59,66.08,31.77,81.70,32.35,85.73,30.88,41.37,true,0
session_20260623_163953_final,3182,346915,2026-06-23T16:45:40.394019,Okulary BME280,"31.58,65.98,31.73,81.40,32.27,85.54,30.88,41.35",31.58,65.98,31.73,81.40,32.27,85.54,30.88,41.35,true,0
session_20260623_163953_final,3183,347005,2026-06-23T16:45:40.484468,Okulary BME280,"31.58,65.86,31.69,81.11,32.13,85.27,30.88,41.37",31.58,65.86,31.69,81.11,32.13,85.27,30.88,41.37,true,0
session_20260623_163953_final,3184,347096,2026-06-23T16:45:40.575305,Okulary BME280,"31.58,65.75,31.66,80.82,32.07,85.16,30.88,41.39",31.58,65.75,31.66,80.82,32.07,85.16,30.88,41.39,true,0
session_20260623_163953_final,3185,347231,2026-06-23T16:45:40.709864,Okulary BME280,"31.58,65.63,31.64,80.50,32.04,85.07,30.88,41.42",31.58,65.63,31.64,80.50,32.04,85.07,30.88,41.42,true,0
session_20260623_163953_final,3186,347320,2026-06-23T16:45:40.799461,Okulary BME280,"31.58,65.52,31.63,80.17,32.01,84.97,30.88,41.46",31.58,65.52,31.63,80.17,32.01,84.97,30.88,41.46,true,0
session_20260623_163953_final,3187,347458,2026-06-23T16:45:40.937726,Okulary BME280,"31.58,65.41,31.60,79.50,31.99,84.84,30.89,41.51",31.58,65.41,31.60,79.50,31.99,84.84,30.89,41.51,true,0
session_20260623_163953_final,3188,347548,2026-06-23T16:45:41.026847,Okulary BME280,"31.58,65.30,31.60,79.20,31.98,84.74,30.88,41.57",31.58,65.30,31.60,79.20,31.98,84.74,30.88,41.57,true,0
session_20260623_163953_final,3189,347636,2026-06-23T16:45:41.114836,Okulary BME280,"31.58,65.20,31.59,78.92,31.98,84.67,30.89,41.62",31.58,65.20,31.59,78.92,31.98,84.67,30.89,41.62,true,0
session_20260623_163953_final,3190,347775,2026-06-23T16:45:41.254641,Okulary BME280,"31.57,64.97,31.59,78.76,31.99,84.58,30.89,41.69",31.57,64.97,31.59,78.76,31.99,84.58,30.89,41.69,true,0
session_20260623_163953_final,3191,347872,2026-06-23T16:45:41.351643,Okulary BME280,"31.57,64.91,31.61,78.81,31.99,84.74,30.89,41.80",31.57,64.91,31.61,78.81,31.99,84.74,30.89,41.80,true,0
session_20260623_163953_final,3192,347998,2026-06-23T16:45:41.477171,Okulary BME280,"31.58,64.87,31.63,79.03,32.06,85.28,30.89,41.84",31.58,64.87,31.63,79.03,32.06,85.28,30.89,41.84,true,0
session_20260623_163953_final,3193,348086,2026-06-23T16:45:41.565748,Okulary BME280,"31.58,64.88,31.67,79.32,32.13,85.53,30.89,41.87",31.58,64.88,31.67,79.32,32.13,85.53,30.89,41.87,true,0
session_20260623_163953_final,3194,348222,2026-06-23T16:45:41.701390,Okulary BME280,"31.58,64.93,31.73,79.58,32.22,85.71,30.89,41.90",31.58,64.93,31.73,79.58,32.22,85.71,30.89,41.90,true,0
session_20260623_163953_final,3195,348319,2026-06-23T16:45:41.798713,Okulary BME280,"31.58,65.00,31.76,80.22,32.29,85.87,30.89,41.92",31.58,65.00,31.76,80.22,32.29,85.87,30.89,41.92,true,0
session_20260623_163953_final,3196,348401,2026-06-23T16:45:41.879936,Okulary BME280,"31.59,65.08,31.85,80.48,32.36,86.02,30.89,41.93",31.59,65.08,31.85,80.48,32.36,86.02,30.89,41.93,true,0
session_20260623_163953_final,3197,348542,2026-06-23T16:45:42.021162,Okulary BME280,"31.59,65.12,31.88,80.76,32.43,86.13,30.89,41.93",31.59,65.12,31.88,80.76,32.43,86.13,30.89,41.93,true,0
session_20260623_163953_final,3198,348625,2026-06-23T16:45:42.104606,Okulary BME280,"31.60,65.40,31.90,81.00,32.49,86.23,30.89,41.96",31.60,65.40,31.90,81.00,32.49,86.23,30.89,41.96,true,0
session_20260623_163953_final,3199,348780,2026-06-23T16:45:42.259163,Okulary BME280,"31.60,65.50,31.92,81.23,32.53,86.32,30.89,41.94",31.60,65.50,31.92,81.23,32.53,86.32,30.89,41.94,true,0
session_20260623_163953_final,3200,348850,2026-06-23T16:45:42.329751,Okulary BME280,"31.60,65.58,31.93,81.44,32.57,86.39,30.89,41.92",31.60,65.58,31.93,81.44,32.57,86.39,30.89,41.92,true,0
session_20260623_163953_final,3201,349000,2026-06-23T16:45:42.479555,Okulary BME280,"31.61,65.66,31.94,81.64,32.61,86.40,30.89,41.91",31.61,65.66,31.94,81.64,32.61,86.40,30.89,41.91,true,0
session_20260623_163953_final,3202,349076,2026-06-23T16:45:42.555349,Okulary BME280,"31.61,65.72,31.95,81.82,32.61,86.35,30.89,41.90",31.61,65.72,31.95,81.82,32.61,86.35,30.89,41.90,true,0
session_20260623_163953_final,3203,349182,2026-06-23T16:45:42.661466,Okulary BME280,"31.61,65.77,31.94,81.99,32.60,86.29,30.89,41.88",31.61,65.77,31.94,81.99,32.60,86.29,30.89,41.88,true,0
session_20260623_163953_final,3204,349301,2026-06-23T16:45:42.780018,Okulary BME280,"31.60,65.79,31.92,82.19,32.57,86.23,30.89,41.86",31.60,65.79,31.92,82.19,32.57,86.23,30.89,41.86,true,0
session_20260623_163953_final,3205,349392,2026-06-23T16:45:42.870938,Okulary BME280,"31.60,65.82,31.90,82.08,32.54,86.14,30.89,41.85",31.60,65.82,31.90,82.08,32.54,86.14,30.89,41.85,true,0
session_20260623_163953_final,3206,349525,2026-06-23T16:45:43.004407,Okulary BME280,"31.60,65.77,31.85,81.86,32.49,86.01,30.89,41.83",31.60,65.77,31.85,81.86,32.49,86.01,30.89,41.83,true,0
session_20260623_163953_final,3207,349622,2026-06-23T16:45:43.101069,Okulary BME280,"31.59,65.69,31.79,81.55,32.42,85.81,30.88,41.81",31.59,65.69,31.79,81.55,32.42,85.81,30.88,41.81,true,0
session_20260623_163953_final,3208,349706,2026-06-23T16:45:43.184980,Okulary BME280,"31.59,65.62,31.72,81.24,32.31,85.63,30.88,41.77",31.59,65.62,31.72,81.24,32.31,85.63,30.88,41.77,true,0
session_20260623_163953_final,3209,349841,2026-06-23T16:45:43.319868,Okulary BME280,"31.58,65.53,31.67,80.92,32.22,85.44,30.88,41.74",31.58,65.53,31.67,80.92,32.22,85.44,30.88,41.74,true,0
session_20260623_163953_final,3210,349942,2026-06-23T16:45:43.420961,Okulary BME280,"31.58,65.45,31.63,80.60,32.07,85.17,30.89,41.73",31.58,65.45,31.63,80.60,32.07,85.17,30.89,41.73,true,0
session_20260623_163953_final,3211,350071,2026-06-23T16:45:43.550005,Okulary BME280,"31.58,65.35,31.60,80.24,32.02,85.04,30.88,41.73",31.58,65.35,31.60,80.24,32.02,85.04,30.88,41.73,true,0
session_20260623_163953_final,3212,350158,2026-06-23T16:45:43.637526,Okulary BME280,"31.58,65.25,31.58,79.93,31.99,84.90,30.88,41.72",31.58,65.25,31.58,79.93,31.99,84.90,30.88,41.72,true,0
session_20260623_163953_final,3213,350299,2026-06-23T16:45:43.778571,Okulary BME280,"31.58,65.16,31.56,79.29,31.97,84.77,30.89,41.71",31.58,65.16,31.56,79.29,31.97,84.77,30.89,41.71,true,0
session_20260623_163953_final,3214,350388,2026-06-23T16:45:43.867643,Okulary BME280,"31.57,65.12,31.56,78.97,31.96,84.65,30.89,41.71",31.57,65.12,31.56,78.97,31.96,84.65,30.89,41.71,true,0
session_20260623_163953_final,3215,350472,2026-06-23T16:45:43.951064,Okulary BME280,"31.58,65.00,31.55,78.67,31.95,84.55,30.89,41.72",31.58,65.00,31.55,78.67,31.95,84.55,30.89,41.72,true,0
session_20260623_163953_final,3216,350605,2026-06-23T16:45:44.084597,Okulary BME280,"31.58,64.87,31.55,78.61,31.96,84.53,30.89,41.72",31.58,64.87,31.55,78.61,31.96,84.53,30.89,41.72,true,0
session_20260623_163953_final,3217,350697,2026-06-23T16:45:44.176165,Okulary BME280,"31.58,64.83,31.57,78.73,31.96,84.75,30.89,41.77",31.58,64.83,31.57,78.73,31.96,84.75,30.89,41.77,true,0
session_20260623_163953_final,3218,350830,2026-06-23T16:45:44.309279,Okulary BME280,"31.58,64.82,31.60,78.98,31.99,85.05,30.89,41.78",31.58,64.82,31.60,78.98,31.99,85.05,30.89,41.78,true,0
session_20260623_163953_final,3219,350921,2026-06-23T16:45:44.400305,Okulary BME280,"31.58,64.84,31.65,79.24,32.13,85.55,30.89,41.76",31.58,64.84,31.65,79.24,32.13,85.55,30.89,41.76,true,0
session_20260623_163953_final,3220,351057,2026-06-23T16:45:44.535946,Okulary BME280,"31.59,64.90,31.70,79.54,32.21,85.74,30.90,41.76",31.59,64.90,31.70,79.54,32.21,85.74,30.90,41.76,true,0
session_20260623_163953_final,3221,351147,2026-06-23T16:45:44.626344,Okulary BME280,"31.59,64.98,31.74,79.86,32.29,85.90,30.90,41.75",31.59,64.98,31.74,79.86,32.29,85.90,30.90,41.75,true,0
session_20260623_163953_final,3222,351237,2026-06-23T16:45:44.716527,Okulary BME280,"31.59,65.09,31.82,80.42,32.36,86.03,30.89,41.76",31.59,65.09,31.82,80.42,32.36,86.03,30.89,41.76,true,0
session_20260623_163953_final,3223,351372,2026-06-23T16:45:44.851202,Okulary BME280,"31.60,65.18,31.85,80.68,32.43,86.13,30.90,41.76",31.60,65.18,31.85,80.68,32.43,86.13,30.90,41.76,true,0
session_20260623_163953_final,3224,351461,2026-06-23T16:45:44.939876,Okulary BME280,"31.60,65.32,31.87,80.94,32.48,86.23,30.90,41.75",31.60,65.32,31.87,80.94,32.48,86.23,30.90,41.75,true,0
session_20260623_163953_final,3225,351598,2026-06-23T16:45:45.077416,Okulary BME280,"31.60,65.42,31.89,81.18,32.52,86.32,30.89,41.73",31.60,65.42,31.89,81.18,32.52,86.32,30.89,41.73,true,0
session_20260623_163953_final,3226,351686,2026-06-23T16:45:45.165457,Okulary BME280,"31.60,65.51,31.91,81.39,32.56,86.35,30.90,41.76",31.60,65.51,31.91,81.39,32.56,86.35,30.90,41.76,true,0
session_20260623_163953_final,3227,351783,2026-06-23T16:45:45.262496,Okulary BME280,"31.60,65.57,31.92,81.60,32.58,86.40,30.90,41.72",31.60,65.57,31.92,81.60,32.58,86.40,30.90,41.72,true,0
session_20260623_163953_final,3228,351916,2026-06-23T16:45:45.395110,Okulary BME280,"31.60,65.62,31.92,81.77,32.60,86.38,30.90,41.71",31.60,65.62,31.92,81.77,32.60,86.38,30.90,41.71,true,0
session_20260623_163953_final,3229,352002,2026-06-23T16:45:45.481075,Okulary BME280,"31.61,65.67,31.92,81.94,32.59,86.34,30.90,41.72",31.61,65.67,31.92,81.94,32.59,86.34,30.90,41.72,true,0
session_20260623_163953_final,3230,352135,2026-06-23T16:45:45.614241,Okulary BME280,"31.61,65.71,31.91,82.09,32.57,86.29,30.89,41.73",31.61,65.71,31.91,82.09,32.57,86.29,30.89,41.73,true,0
session_20260623_163953_final,3231,352226,2026-06-23T16:45:45.705761,Okulary BME280,"31.61,65.71,31.88,82.06,32.54,86.21,30.89,41.76",31.61,65.71,31.88,82.06,32.54,86.21,30.89,41.76,true,0
session_20260623_163953_final,3232,352374,2026-06-23T16:45:45.853308,Okulary BME280,"31.60,65.64,31.84,81.88,32.49,86.11,30.89,41.77",31.60,65.64,31.84,81.88,32.49,86.11,30.89,41.77,true,0
session_20260623_163953_final,3233,352450,2026-06-23T16:45:45.928940,Okulary BME280,"31.59,65.61,31.78,81.64,32.43,85.96,30.89,41.79",31.59,65.61,31.78,81.64,32.43,85.96,30.89,41.79,true,0
session_20260623_163953_final,3234,352541,2026-06-23T16:45:46.020510,Okulary BME280,"31.59,65.52,31.73,81.36,32.34,85.80,30.89,41.81",31.59,65.52,31.73,81.36,32.34,85.80,30.89,41.81,true,0
session_20260623_163953_final,3235,352677,2026-06-23T16:45:46.156121,Okulary BME280,"31.58,65.42,31.67,81.06,32.26,85.67,30.89,41.84",31.58,65.42,31.67,81.06,32.26,85.67,30.89,41.84,true,0
session_20260623_163953_final,3236,352776,2026-06-23T16:45:46.255381,Okulary BME280,"31.58,65.31,31.63,80.74,32.11,85.40,30.89,41.88",31.58,65.31,31.63,80.74,32.11,85.40,30.89,41.88,true,0
session_20260623_163953_final,3237,352902,2026-06-23T16:45:46.380926,Okulary BME280,"31.58,65.21,31.60,80.42,32.05,85.29,30.88,41.93",31.58,65.21,31.60,80.42,32.05,85.29,30.88,41.93,true,0
session_20260623_163953_final,3238,352992,2026-06-23T16:45:46.470931,Okulary BME280,"31.58,65.11,31.58,80.10,32.01,85.21,30.89,41.93",31.58,65.11,31.58,80.10,32.01,85.21,30.89,41.93,true,0
session_20260623_163953_final,3239,353143,2026-06-23T16:45:46.622143,Okulary BME280,"31.58,65.03,31.57,79.79,31.99,85.12,30.88,41.93",31.58,65.03,31.57,79.79,31.99,85.12,30.88,41.93,true,0
session_20260623_163953_final,3240,353215,2026-06-23T16:45:46.694098,Okulary BME280,"31.58,64.90,31.55,79.15,31.97,85.03,30.88,41.92",31.58,64.90,31.55,79.15,31.97,85.03,30.88,41.92,true,0
session_20260623_163953_final,3241,353313,2026-06-23T16:45:46.792598,Okulary BME280,"31.57,64.88,31.55,78.87,31.96,84.95,30.88,41.91",31.57,64.88,31.55,78.87,31.96,84.95,30.88,41.91,true,0
session_20260623_163953_final,3242,353440,2026-06-23T16:45:46.919612,Okulary BME280,"31.57,64.68,31.55,78.61,31.96,84.87,30.89,41.88",31.57,64.68,31.55,78.61,31.96,84.87,30.89,41.88,true,0
session_20260623_163953_final,3243,353544,2026-06-23T16:45:47.023274,Okulary BME280,"31.57,64.61,31.56,78.38,31.97,84.82,30.89,41.85",31.57,64.61,31.56,78.38,31.97,84.82,30.89,41.85,true,0
session_20260623_163953_final,3244,353677,2026-06-23T16:45:47.156609,Okulary BME280,"31.57,64.53,31.56,78.21,31.97,84.68,30.89,41.84",31.57,64.53,31.56,78.21,31.97,84.68,30.89,41.84,true,0
session_20260623_163953_final,3245,353755,2026-06-23T16:45:47.234128,Okulary BME280,"31.58,64.47,31.57,78.10,31.98,84.69,30.88,41.84",31.58,64.47,31.57,78.10,31.98,84.69,30.88,41.84,true,0
session_20260623_163953_final,3246,353894,2026-06-23T16:45:47.373815,Okulary BME280,"31.57,64.43,31.58,78.17,31.99,84.94,30.88,41.78",31.57,64.43,31.58,78.17,31.99,84.94,30.88,41.78,true,0
session_20260623_163953_final,3247,354000,2026-06-23T16:45:47.479422,Okulary BME280,"31.57,64.41,31.60,78.38,32.04,85.23,30.88,41.78",31.57,64.41,31.60,78.38,32.04,85.23,30.88,41.78,true,0
session_20260623_163953_final,3248,354071,2026-06-23T16:45:47.550571,Okulary BME280,"31.57,64.40,31.65,78.66,32.10,85.47,30.89,41.78",31.57,64.40,31.65,78.66,32.10,85.47,30.89,41.78,true,0
session_20260623_163953_final,3249,354207,2026-06-23T16:45:47.686037,Okulary BME280,"31.58,64.45,31.74,79.29,32.18,85.67,30.89,41.78",31.58,64.45,31.74,79.29,32.18,85.67,30.89,41.78,true,0
session_20260623_163953_final,3250,354312,2026-06-23T16:45:47.791633,Okulary BME280,"31.59,64.62,31.77,79.59,32.25,85.84,30.89,41.77",31.59,64.62,31.77,79.59,32.25,85.84,30.89,41.77,true,0
session_20260623_163953_final,3251,354433,2026-06-23T16:45:47.911985,Okulary BME280,"31.59,64.71,31.82,79.91,32.32,85.99,30.89,41.74",31.59,64.71,31.82,79.91,32.32,85.99,30.89,41.74,true,0
session_20260623_163953_final,3252,354521,2026-06-23T16:45:47.999986,Okulary BME280,"31.59,64.80,31.85,80.20,32.39,86.09,30.89,41.72",31.59,64.80,31.85,80.20,32.39,86.09,30.89,41.72,true,0
session_20260623_163953_final,3253,354616,2026-06-23T16:45:48.095674,Okulary BME280,"31.60,64.90,31.87,80.48,32.45,86.23,30.89,41.71",31.60,64.90,31.87,80.48,32.45,86.23,30.89,41.71,true,0
session_20260623_163953_final,3254,354762,2026-06-23T16:45:48.241331,Okulary BME280,"31.60,64.98,31.88,80.73,32.52,86.33,30.89,41.66",31.60,64.98,31.88,80.73,32.52,86.33,30.89,41.66,true,0
session_20260623_163953_final,3255,354835,2026-06-23T16:45:48.313934,Okulary BME280,"31.60,65.06,31.90,80.95,32.54,86.36,30.88,41.63",31.60,65.06,31.90,80.95,32.54,86.36,30.88,41.63,true,0
session_20260623_163953_final,3256,354973,2026-06-23T16:45:48.452547,Okulary BME280,"31.60,65.14,31.91,81.18,32.55,86.39,30.89,41.63",31.60,65.14,31.91,81.18,32.55,86.39,30.89,41.63,true,0
session_20260623_163953_final,3257,355062,2026-06-23T16:45:48.540892,Okulary BME280,"31.60,65.23,31.91,81.36,32.55,86.39,30.89,41.60",31.60,65.23,31.91,81.36,32.55,86.39,30.89,41.60,true,0
session_20260623_163953_final,3258,355200,2026-06-23T16:45:48.679689,Okulary BME280,"31.60,65.23,31.91,81.71,32.55,86.36,30.89,41.60",31.60,65.23,31.91,81.71,32.55,86.36,30.89,41.60,true,0
session_20260623_163953_final,3259,355288,2026-06-23T16:45:48.767351,Okulary BME280,"31.60,65.29,31.90,81.75,32.53,86.31,30.89,41.60",31.60,65.29,31.90,81.75,32.53,86.31,30.89,41.60,true,0
session_20260623_163953_final,3260,355378,2026-06-23T16:45:48.857649,Okulary BME280,"31.60,65.27,31.87,81.63,32.51,86.23,30.89,41.59",31.60,65.27,31.87,81.63,32.51,86.23,30.89,41.59,true,0
session_20260623_163953_final,3261,355511,2026-06-23T16:45:48.990562,Okulary BME280,"31.60,65.25,31.82,81.44,32.46,86.10,30.89,41.59",31.60,65.25,31.82,81.44,32.46,86.10,30.89,41.59,true,0
session_20260623_163953_final,3262,355619,2026-06-23T16:45:49.098198,Okulary BME280,"31.59,65.18,31.76,81.20,32.39,85.89,30.89,41.57",31.59,65.18,31.76,81.20,32.39,85.89,30.89,41.57,true,0
session_20260623_163953_final,3263,355744,2026-06-23T16:45:49.223064,Okulary BME280,"31.59,65.11,31.70,80.93,32.20,85.42,30.89,41.59",31.59,65.11,31.70,80.93,32.20,85.42,30.89,41.59,true,0
session_20260623_163953_final,3264,355825,2026-06-23T16:45:49.304286,Okulary BME280,"31.58,65.01,31.65,80.63,32.11,85.25,30.89,41.58",31.58,65.01,31.65,80.63,32.11,85.25,30.89,41.58,true,0
session_20260623_163953_final,3265,355961,2026-06-23T16:45:49.440738,Okulary BME280,"31.58,64.93,31.60,80.37,32.04,85.12,30.89,41.58",31.58,64.93,31.60,80.37,32.04,85.12,30.89,41.58,true,0
session_20260623_163953_final,3266,356054,2026-06-23T16:45:49.533171,Okulary BME280,"31.58,64.83,31.58,80.05,31.99,85.01,30.89,41.56",31.58,64.83,31.58,80.05,31.99,85.01,30.89,41.56,true,0
session_20260623_163953_final,3267,356142,2026-06-23T16:45:49.621298,Okulary BME280,"31.57,64.63,31.55,79.44,31.97,84.92,30.89,41.55",31.57,64.63,31.55,79.44,31.97,84.92,30.89,41.55,true,0
session_20260623_163953_final,3268,356276,2026-06-23T16:45:49.755485,Okulary BME280,"31.57,64.58,31.55,79.18,31.95,84.83,30.89,41.52",31.57,64.58,31.55,79.18,31.95,84.83,30.89,41.52,true,0
session_20260623_163953_final,3269,356366,2026-06-23T16:45:49.845616,Okulary BME280,"31.57,64.50,31.55,78.92,31.94,84.75,30.88,41.49",31.57,64.50,31.55,78.92,31.94,84.75,30.88,41.49,true,0
session_20260623_163953_final,3270,356506,2026-06-23T16:45:49.985378,Okulary BME280,"31.57,64.42,31.54,78.67,31.94,84.67,30.88,41.45",31.57,64.42,31.54,78.67,31.94,84.67,30.88,41.45,true,0
session_20260623_163953_final,3271,356593,2026-06-23T16:45:50.071842,Okulary BME280,"31.58,64.36,31.54,78.44,31.94,84.56,30.88,41.43",31.58,64.36,31.54,78.44,31.94,84.56,30.88,41.43,true,0
session_20260623_163953_final,3272,356682,2026-06-23T16:45:50.161009,Okulary BME280,"31.58,64.30,31.55,78.22,31.96,84.43,30.88,41.37",31.58,64.30,31.55,78.22,31.96,84.43,30.88,41.37,true,0
session_20260623_163953_final,3273,356820,2026-06-23T16:45:50.298965,Okulary BME280,"31.58,64.25,31.55,78.03,31.96,84.38,30.87,41.30",31.58,64.25,31.55,78.03,31.96,84.38,30.87,41.30,true,0
session_20260623_163953_final,3274,356907,2026-06-23T16:45:50.386542,Okulary BME280,"31.58,64.21,31.56,78.02,31.97,84.57,30.87,41.26",31.58,64.21,31.56,78.02,31.97,84.57,30.87,41.26,true,0
session_20260623_163953_final,3275,357045,2026-06-23T16:45:50.524051,Okulary BME280,"31.58,64.11,31.57,78.10,31.99,84.88,30.86,41.22",31.58,64.11,31.57,78.10,31.99,84.88,30.86,41.22,true,0
session_20260623_163953_final,3276,357130,2026-06-23T16:45:50.609007,Okulary BME280,"31.58,64.21,31.65,78.68,32.05,85.19,30.87,41.18",31.58,64.21,31.65,78.68,32.05,85.19,30.87,41.18,true,0
session_20260623_163953_final,3277,357265,2026-06-23T16:45:50.744461,Okulary BME280,"31.58,64.27,31.71,79.00,32.13,85.43,30.86,41.15",31.58,64.27,31.71,79.00,32.13,85.43,30.86,41.15,true,0
session_20260623_163953_final,3278,357360,2026-06-23T16:45:50.838855,Okulary BME280,"31.59,64.37,31.75,79.34,32.21,85.64,30.85,41.10",31.59,64.37,31.75,79.34,32.21,85.64,30.85,41.10,true,0
session_20260623_163953_final,3279,357445,2026-06-23T16:45:50.923965,Okulary BME280,"31.59,64.48,31.79,79.66,32.29,85.80,30.85,41.08",31.59,64.48,31.79,79.66,32.29,85.80,30.85,41.08,true,0
session_20260623_163953_final,3280,357581,2026-06-23T16:45:51.060170,Okulary BME280,"31.59,64.60,31.83,79.96,32.36,85.97,30.85,41.09",31.59,64.60,31.83,79.96,32.36,85.97,30.85,41.09,true,0
session_20260623_163953_final,3281,357675,2026-06-23T16:45:51.154337,Okulary BME280,"31.60,64.72,31.86,80.26,32.49,86.16,30.84,41.03",31.60,64.72,31.86,80.26,32.49,86.16,30.84,41.03,true,0
session_20260623_163953_final,3282,357817,2026-06-23T16:45:51.296525,Okulary BME280,"31.60,64.83,31.88,80.52,32.53,86.25,30.83,41.00",31.60,64.83,31.88,80.52,32.53,86.25,30.83,41.00,true,0
session_20260623_163953_final,3283,357897,2026-06-23T16:45:51.376112,Okulary BME280,"31.60,64.93,31.90,80.78,32.56,86.30,30.84,40.98",31.60,64.93,31.90,80.78,32.56,86.30,30.84,40.98,true,0
session_20260623_163953_final,3284,358042,2026-06-23T16:45:51.521152,Okulary BME280,"31.60,64.99,31.91,81.00,32.59,86.33,30.83,40.95",31.60,64.99,31.91,81.00,32.59,86.33,30.83,40.95,true,0
session_20260623_163953_final,3285,358122,2026-06-23T16:45:51.601645,Okulary BME280,"31.61,65.23,31.93,81.41,32.60,86.34,30.83,40.92",31.61,65.23,31.93,81.41,32.60,86.34,30.83,40.92,true,0
session_20260623_163953_final,3286,358213,2026-06-23T16:45:51.692251,Okulary BME280,"31.60,65.29,31.93,81.59,32.60,86.32,30.83,40.90",31.60,65.29,31.93,81.59,32.60,86.32,30.83,40.90,true,0
session_20260623_163953_final,3287,358359,2026-06-23T16:45:51.838715,Okulary BME280,"31.60,65.34,31.92,81.70,32.58,86.28,30.83,40.89",31.60,65.34,31.92,81.70,32.58,86.28,30.83,40.89,true,0
session_20260623_163953_final,3288,358435,2026-06-23T16:45:51.914484,Okulary BME280,"31.60,65.36,31.90,81.60,32.56,86.18,30.82,40.86",31.60,65.36,31.90,81.60,32.56,86.18,30.82,40.86,true,0
session_20260623_163953_final,3289,358571,2026-06-23T16:45:52.050616,Okulary BME280,"31.60,65.36,31.86,81.40,32.51,86.04,30.82,40.83",31.60,65.36,31.86,81.40,32.51,86.04,30.82,40.83,true,0
session_20260623_163953_final,3290,358662,2026-06-23T16:45:52.141569,Okulary BME280,"31.60,65.34,31.78,81.13,32.33,85.70,30.82,40.86",31.60,65.34,31.78,81.13,32.33,85.70,30.82,40.86,true,0
session_20260623_163953_final,3291,358797,2026-06-23T16:45:52.276013,Okulary BME280,"31.60,65.29,31.71,80.84,32.24,85.52,30.82,40.83",31.60,65.29,31.71,80.84,32.24,85.52,30.82,40.83,true,0
session_20260623_163953_final,3292,358886,2026-06-23T16:45:52.365410,Okulary BME280,"31.60,65.19,31.65,80.49,32.15,85.33,30.82,40.84",31.60,65.19,31.65,80.49,32.15,85.33,30.82,40.84,true,0
session_20260623_163953_final,3293,358992,2026-06-23T16:45:52.471265,Okulary BME280,"31.59,65.06,31.61,79.76,32.08,85.17,30.82,40.84",31.59,65.06,31.61,79.76,32.08,85.17,30.82,40.84,true,0
session_20260623_163953_final,3294,359125,2026-06-23T16:45:52.604527,Okulary BME280,"31.58,64.99,31.54,79.39,32.02,85.05,30.81,40.85",31.58,64.99,31.54,79.39,32.02,85.05,30.81,40.85,true,0
session_20260623_163953_final,3295,359200,2026-06-23T16:45:52.679617,Okulary BME280,"31.58,64.90,31.52,79.05,31.98,84.95,30.82,40.85",31.58,64.90,31.52,79.05,31.98,84.95,30.82,40.85,true,0
session_20260623_163953_final,3296,359339,2026-06-23T16:45:52.818585,Okulary BME280,"31.58,64.83,31.50,78.73,31.95,84.86,30.82,40.85",31.58,64.83,31.50,78.73,31.95,84.86,30.82,40.85,true,0
session_20260623_163953_final,3297,359435,2026-06-23T16:45:52.914071,Okulary BME280,"31.58,64.75,31.49,78.42,31.94,84.72,30.82,40.86",31.58,64.75,31.49,78.42,31.94,84.72,30.82,40.86,true,0
session_20260623_163953_final,3298,359522,2026-06-23T16:45:53.001184,Okulary BME280,"31.58,64.68,31.48,78.14,31.93,84.60,30.82,40.89",31.58,64.68,31.48,78.14,31.93,84.60,30.82,40.89,true,0
session_20260623_163953_final,3299,359651,2026-06-23T16:45:53.129983,Okulary BME280,"31.58,64.61,31.49,77.90,31.94,84.60,30.82,40.86",31.58,64.61,31.49,77.90,31.94,84.60,30.82,40.86,true,0
session_20260623_163953_final,3300,359740,2026-06-23T16:45:53.219433,Okulary BME280,"31.58,64.63,31.50,77.90,31.95,84.87,30.82,40.90",31.58,64.63,31.50,77.90,31.95,84.87,30.82,40.90,true,0
session_20260623_163953_final,3301,359881,2026-06-23T16:45:53.360620,Okulary BME280,"31.58,64.50,31.53,78.09,31.99,85.18,30.83,40.90",31.58,64.50,31.53,78.09,31.99,85.18,30.83,40.90,true,0
session_20260623_163953_final,3302,359968,2026-06-23T16:45:53.447383,Okulary BME280,"31.59,64.55,31.63,78.72,32.06,85.45,30.83,40.91",31.59,64.55,31.63,78.72,32.06,85.45,30.83,40.91,true,0
session_20260623_163953_final,3303,360103,2026-06-23T16:45:53.581865,Okulary BME280,"31.59,64.62,31.68,79.07,32.15,85.66,30.82,40.91",31.59,64.62,31.68,79.07,32.15,85.66,30.82,40.91,true,0
session_20260623_163953_final,3304,360196,2026-06-23T16:45:53.675674,Okulary BME280,"31.59,64.69,31.73,79.40,32.24,85.84,30.82,40.91",31.59,64.69,31.73,79.40,32.24,85.84,30.82,40.91,true,0
session_20260623_163953_final,3305,360301,2026-06-23T16:45:53.780667,Okulary BME280,"31.60,64.79,31.78,79.71,32.32,86.00,30.83,40.91",31.60,64.79,31.78,79.71,32.32,86.00,30.83,40.91,true,0
session_20260623_163953_final,3306,360416,2026-06-23T16:45:53.895003,Okulary BME280,"31.60,64.89,31.82,80.02,32.39,86.11,30.82,40.91",31.60,64.89,31.82,80.02,32.39,86.11,30.82,40.91,true,0
session_20260623_163953_final,3307,360506,2026-06-23T16:45:53.985210,Okulary BME280,"31.60,64.98,31.84,80.31,32.45,86.27,30.82,40.93",31.60,64.98,31.84,80.31,32.45,86.27,30.82,40.93,true,0
session_20260623_163953_final,3308,360640,2026-06-23T16:45:54.119344,Okulary BME280,"31.61,65.08,31.87,80.57,32.53,86.32,30.82,40.93",31.61,65.08,31.87,80.57,32.53,86.32,30.82,40.93,true,0
session_20260623_163953_final,3309,360740,2026-06-23T16:45:54.218838,Okulary BME280,"31.60,65.17,31.88,80.83,32.55,86.34,30.83,40.91",31.60,65.17,31.88,80.83,32.55,86.34,30.83,40.91,true,0
session_20260623_163953_final,3310,360882,2026-06-23T16:45:54.361224,Okulary BME280,"31.60,65.24,31.90,81.03,32.56,86.35,30.83,40.91",31.60,65.24,31.90,81.03,32.56,86.35,30.83,40.91,true,0
session_20260623_163953_final,3311,360955,2026-06-23T16:45:54.434548,Okulary BME280,"31.60,65.39,31.90,81.42,32.56,86.34,30.82,40.92",31.60,65.39,31.90,81.42,32.56,86.34,30.82,40.92,true,0
session_20260623_163953_final,3312,361047,2026-06-23T16:45:54.526040,Okulary BME280,"31.60,65.42,31.90,81.58,32.55,86.29,30.82,40.95",31.60,65.42,31.90,81.58,32.55,86.29,30.82,40.95,true,0
session_20260623_163953_final,3313,361195,2026-06-23T16:45:54.674014,Okulary BME280,"31.60,65.45,31.89,81.67,32.52,86.25,30.83,40.98",31.60,65.45,31.89,81.67,32.52,86.25,30.83,40.98,true,0
session_20260623_163953_final,3314,361271,2026-06-23T16:45:54.750006,Okulary BME280,"31.60,65.45,31.87,81.61,32.49,86.18,30.83,41.02",31.60,65.45,31.87,81.61,32.49,86.18,30.83,41.02,true,0
session_20260623_163953_final,3315,361406,2026-06-23T16:45:54.885271,Okulary BME280,"31.60,65.44,31.83,81.45,32.46,86.08,30.83,41.06",31.60,65.44,31.83,81.45,32.46,86.08,30.83,41.06,true,0
session_20260623_163953_final,3316,361497,2026-06-23T16:45:54.976697,Okulary BME280,"31.60,65.37,31.78,81.27,32.30,85.74,30.83,41.12",31.60,65.37,31.78,81.27,32.30,85.74,30.83,41.12,true,0
session_20260623_163953_final,3317,361586,2026-06-23T16:45:55.065386,Okulary BME280,"31.59,65.29,31.72,81.04,32.22,85.58,30.83,41.14",31.59,65.29,31.72,81.04,32.22,85.58,30.83,41.14,true,0
session_20260623_163953_final,3318,361736,2026-06-23T16:45:55.215683,Okulary BME280,"31.59,65.17,31.66,80.78,32.14,85.43,30.83,41.24",31.59,65.17,31.66,80.78,32.14,85.43,30.83,41.24,true,0
session_20260623_163953_final,3319,361811,2026-06-23T16:45:55.290518,Okulary BME280,"31.58,64.96,31.63,80.54,32.08,85.33,30.84,41.30",31.58,64.96,31.63,80.54,32.08,85.33,30.84,41.30,true,0
session_20260623_163953_final,3320,361944,2026-06-23T16:45:55.423742,Okulary BME280,"31.58,64.84,31.57,79.92,32.02,85.26,30.84,41.34",31.58,64.84,31.57,79.92,32.02,85.26,30.84,41.34,true,0
session_20260623_163953_final,3321,362036,2026-06-23T16:45:55.514858,Okulary BME280,"31.57,64.71,31.56,79.63,31.99,85.18,30.84,41.41",31.57,64.71,31.56,79.63,31.99,85.18,30.84,41.41,true,0
session_20260623_163953_final,3322,362184,2026-06-23T16:45:55.663447,Okulary BME280,"31.57,64.58,31.55,79.36,31.97,85.12,30.84,41.47",31.57,64.58,31.55,79.36,31.97,85.12,30.84,41.47,true,0
session_20260623_163953_final,3323,362263,2026-06-23T16:45:55.742491,Okulary BME280,"31.57,64.46,31.55,79.05,31.96,85.07,30.84,41.52",31.57,64.46,31.55,79.05,31.96,85.07,30.84,41.52,true,0
session_20260623_163953_final,3324,362355,2026-06-23T16:45:55.834076,Okulary BME280,"31.57,64.32,31.55,78.78,31.96,84.99,30.84,41.57",31.57,64.32,31.55,78.78,31.96,84.99,30.84,41.57,true,0
session_20260623_163953_final,3325,362490,2026-06-23T16:45:55.969139,Okulary BME280,"31.57,64.21,31.55,78.52,31.96,84.85,30.84,41.64",31.57,64.21,31.55,78.52,31.96,84.85,30.84,41.64,true,0
session_20260623_163953_final,3326,362576,2026-06-23T16:45:56.055472,Okulary BME280,"31.57,64.07,31.55,78.34,31.96,84.80,30.84,41.62",31.57,64.07,31.55,78.34,31.96,84.80,30.84,41.62,true,0
session_20260623_163953_final,3327,362712,2026-06-23T16:45:56.191373,Okulary BME280,"31.57,63.95,31.56,78.28,31.97,84.80,30.85,41.76",31.57,63.95,31.56,78.28,31.97,84.80,30.85,41.76,true,0
session_20260623_163953_final,3328,362808,2026-06-23T16:45:56.287690,Okulary BME280,"31.57,63.81,31.57,78.32,31.97,84.74,30.85,41.78",31.57,63.81,31.57,78.32,31.97,84.74,30.85,41.78,true,0
session_20260623_163953_final,3329,362940,2026-06-23T16:45:56.418872,Okulary BME280,"31.56,63.75,31.60,78.48,31.98,84.88,30.85,41.80",31.56,63.75,31.60,78.48,31.98,84.88,30.85,41.80,true,0
session_20260623_163953_final,3330,363038,2026-06-23T16:45:56.517200,Okulary BME280,"31.58,63.72,31.63,78.74,32.01,85.17,30.85,41.82",31.58,63.72,31.63,78.74,32.01,85.17,30.85,41.82,true,0
session_20260623_163953_final,3331,363117,2026-06-23T16:45:56.596423,Okulary BME280,"31.57,63.74,31.67,79.04,32.07,85.45,30.85,41.83",31.57,63.74,31.67,79.04,32.07,85.45,30.85,41.83,true,0
session_20260623_163953_final,3332,363250,2026-06-23T16:45:56.729368,Okulary BME280,"31.58,63.80,31.72,79.36,32.15,85.72,30.85,41.85",31.58,63.80,31.72,79.36,32.15,85.72,30.85,41.85,true,0
session_20260623_163953_final,3333,363341,2026-06-23T16:45:56.820127,Okulary BME280,"31.58,63.89,31.77,79.67,32.23,85.92,30.86,41.87",31.58,63.89,31.77,79.67,32.23,85.92,30.86,41.87,true,0
session_20260623_163953_final,3334,363476,2026-06-23T16:45:56.955032,Okulary BME280,"31.59,63.99,31.81,79.96,32.38,86.12,30.85,41.89",31.59,63.99,31.81,79.96,32.38,86.12,30.85,41.89,true,0
session_20260623_163953_final,3335,363566,2026-06-23T16:45:57.044985,Okulary BME280,"31.59,64.13,31.84,80.25,32.44,86.22,30.86,41.93",31.59,64.13,31.84,80.25,32.44,86.22,30.86,41.93,true,0
session_20260623_163953_final,3336,363701,2026-06-23T16:45:57.180541,Okulary BME280,"31.59,64.24,31.87,80.52,32.48,86.30,30.86,41.95",31.59,64.24,31.87,80.52,32.48,86.30,30.86,41.95,true,0
session_20260623_163953_final,3337,363798,2026-06-23T16:45:57.277677,Okulary BME280,"31.59,64.44,31.89,80.75,32.52,86.36,30.86,41.97",31.59,64.44,31.89,80.75,32.52,86.36,30.86,41.97,true,0
session_20260623_163953_final,3338,363880,2026-06-23T16:45:57.359222,Okulary BME280,"31.60,64.53,31.91,81.19,32.55,86.40,30.87,41.97",31.60,64.53,31.91,81.19,32.55,86.40,30.87,41.97,true,0
session_20260623_163953_final,3339,364073,2026-06-23T16:45:57.551955,Okulary BME280,"31.60,64.62,31.92,81.38,32.56,86.43,30.86,41.99",31.60,64.62,31.92,81.38,32.56,86.43,30.86,41.99,true,0
session_20260623_163953_final,3340,364112,2026-06-23T16:45:57.591288,Okulary BME280,"31.60,64.68,31.92,81.56,32.57,86.42,30.86,41.99",31.60,64.68,31.92,81.56,32.57,86.42,30.86,41.99,true,0
session_20260623_163953_final,3341,364256,2026-06-23T16:45:57.734819,Okulary BME280,"31.60,64.73,31.91,81.70,32.56,86.33,30.86,42.00",31.60,64.73,31.91,81.70,32.56,86.33,30.86,42.00,true,0
session_20260623_163953_final,3342,364332,2026-06-23T16:45:57.810835,Okulary BME280,"31.60,64.76,31.90,81.82,32.54,86.35,30.86,42.00",31.60,64.76,31.90,81.82,32.54,86.35,30.86,42.00,true,0
session_20260623_163953_final,3343,364423,2026-06-23T16:45:57.902007,Okulary BME280,"31.59,64.78,31.88,81.78,32.47,86.14,30.86,42.01",31.59,64.78,31.88,81.78,32.47,86.14,30.86,42.01,true,0
session_20260623_163953_final,3344,364556,2026-06-23T16:45:58.035304,Okulary BME280,"31.59,64.74,31.85,81.57,32.40,85.99,30.86,42.00",31.59,64.74,31.85,81.57,32.40,85.99,30.86,42.00,true,0
session_20260623_163953_final,3345,364657,2026-06-23T16:45:58.136152,Okulary BME280,"31.59,64.67,31.78,81.29,32.32,85.82,30.86,42.03",31.59,64.67,31.78,81.29,32.32,85.82,30.86,42.03,true,0
session_20260623_163953_final,3346,364780,2026-06-23T16:45:58.258892,Okulary BME280,"31.59,64.56,31.71,80.97,32.24,85.64,30.87,42.07",31.59,64.56,31.71,80.97,32.24,85.64,30.87,42.07,true,0
session_20260623_163953_final,3347,364871,2026-06-23T16:45:58.350494,Okulary BME280,"31.58,64.43,31.61,80.31,32.15,85.44,30.87,42.10",31.58,64.43,31.61,80.31,32.15,85.44,30.87,42.10,true,0
session_20260623_163953_final,3348,365012,2026-06-23T16:45:58.491451,Okulary BME280,"31.58,64.32,31.57,79.96,32.08,85.31,30.87,42.13",31.58,64.32,31.57,79.96,32.08,85.31,30.87,42.13,true,0
session_20260623_163953_final,3349,365096,2026-06-23T16:45:58.575148,Okulary BME280,"31.57,64.21,31.54,79.65,32.02,85.16,30.87,42.17",31.57,64.21,31.54,79.65,32.02,85.16,30.87,42.17,true,0
session_20260623_163953_final,3350,365187,2026-06-23T16:45:58.666677,Okulary BME280,"31.57,64.09,31.53,79.35,31.97,85.03,30.87,42.21",31.57,64.09,31.53,79.35,31.97,85.03,30.87,42.21,true,0
session_20260623_163953_final,3351,365321,2026-06-23T16:45:58.800726,Okulary BME280,"31.56,63.97,31.52,79.05,31.95,84.98,30.87,42.26",31.56,63.97,31.52,79.05,31.95,84.98,30.87,42.26,true,0
session_20260623_163953_final,3352,365429,2026-06-23T16:45:58.908088,Okulary BME280,"31.57,63.83,31.51,78.75,31.92,84.75,30.87,42.30",31.57,63.83,31.51,78.75,31.92,84.75,30.87,42.30,true,0
session_20260623_163953_final,3353,365550,2026-06-23T16:45:59.028942,Okulary BME280,"31.56,63.68,31.51,78.42,31.92,84.66,30.88,42.35",31.56,63.68,31.51,78.42,31.92,84.66,30.88,42.35,true,0
session_20260623_163953_final,3354,365636,2026-06-23T16:45:59.114958,Okulary BME280,"31.56,63.58,31.50,78.12,31.92,84.63,30.87,42.36",31.56,63.58,31.50,78.12,31.92,84.63,30.87,42.36,true,0
session_20260623_163953_final,3355,365770,2026-06-23T16:45:59.249274,Okulary BME280,"31.56,63.52,31.50,78.06,31.93,84.90,30.88,42.41",31.56,63.52,31.50,78.06,31.93,84.90,30.88,42.41,true,0
session_20260623_163953_final,3356,365861,2026-06-23T16:45:59.340718,Okulary BME280,"31.56,63.50,31.56,78.54,31.97,85.24,30.88,42.42",31.56,63.50,31.56,78.54,31.97,85.24,30.88,42.42,true,0
session_20260623_163953_final,3357,365952,2026-06-23T16:45:59.431134,Okulary BME280,"31.56,63.54,31.61,78.86,32.04,85.51,30.88,42.43",31.56,63.54,31.61,78.86,32.04,85.51,30.88,42.43,true,0
session_20260623_163953_final,3358,366088,2026-06-23T16:45:59.567469,Okulary BME280,"31.56,63.63,31.67,79.19,32.13,85.75,30.88,42.44",31.56,63.63,31.67,79.19,32.13,85.75,30.88,42.44,true,0
session_20260623_163953_final,3359,366177,2026-06-23T16:45:59.656125,Okulary BME280,"31.57,63.73,31.72,79.52,32.22,85.91,30.87,42.45",31.57,63.73,31.72,79.52,32.22,85.91,30.87,42.45,true,0
session_20260623_163953_final,3360,366312,2026-06-23T16:45:59.791138,Okulary BME280,"31.57,63.86,31.77,79.83,32.31,86.12,30.88,42.47",31.57,63.86,31.77,79.83,32.31,86.12,30.88,42.47,true,0
session_20260623_163953_final,3361,366404,2026-06-23T16:45:59.882847,Okulary BME280,"31.57,64.00,31.80,80.13,32.46,86.28,30.88,42.47",31.57,64.00,31.80,80.13,32.46,86.28,30.88,42.47,true,0
session_20260623_163953_final,3362,366491,2026-06-23T16:45:59.970765,Okulary BME280,"31.58,64.16,31.84,80.41,32.50,86.31,30.88,42.45",31.58,64.16,31.84,80.41,32.50,86.31,30.88,42.45,true,0
session_20260623_163953_final,3363,366633,2026-06-23T16:46:00.112142,Okulary BME280,"31.58,64.32,31.86,80.65,32.51,86.32,30.88,42.43",31.58,64.32,31.86,80.65,32.51,86.32,30.88,42.43,true,0
session_20260623_163953_final,3364,366721,2026-06-23T16:46:00.200205,Okulary BME280,"31.58,64.41,31.87,80.90,32.51,86.31,30.87,42.41",31.58,64.41,31.87,80.90,32.51,86.31,30.87,42.41,true,0
session_20260623_163953_final,3365,366854,2026-06-23T16:46:00.332906,Okulary BME280,"31.58,64.47,31.87,81.27,32.50,86.25,30.88,42.41",31.58,64.47,31.87,81.27,32.50,86.25,30.88,42.41,true,0
session_20260623_163953_final,3366,366942,2026-06-23T16:46:00.421427,Okulary BME280,"31.58,64.52,31.86,81.41,32.47,86.19,30.87,42.40",31.58,64.52,31.86,81.41,32.47,86.19,30.87,42.40,true,0
session_20260623_163953_final,3367,367075,2026-06-23T16:46:00.554288,Okulary BME280,"31.58,64.54,31.85,81.55,32.44,86.12,30.87,42.41",31.58,64.54,31.85,81.55,32.44,86.12,30.87,42.41,true,0
session_20260623_163953_final,3368,367165,2026-06-23T16:46:00.644133,Okulary BME280,"31.58,64.57,31.83,81.65,32.40,86.08,30.87,42.44",31.58,64.57,31.83,81.65,32.40,86.08,30.87,42.44,true,0
session_20260623_163953_final,3369,367255,2026-06-23T16:46:00.734791,Okulary BME280,"31.58,64.57,31.82,81.74,32.37,86.02,30.87,42.48",31.58,64.57,31.82,81.74,32.37,86.02,30.87,42.48,true,0
session_20260623_163953_final,3370,367391,2026-06-23T16:46:00.870254,Okulary BME280,"31.57,64.53,31.80,81.82,32.32,85.98,30.88,42.49",31.57,64.53,31.80,81.82,32.32,85.98,30.88,42.49,true,0
session_20260623_163953_final,3371,367480,2026-06-23T16:46:00.959112,Okulary BME280,"31.57,64.51,31.79,81.87,32.29,85.93,30.87,42.52",31.57,64.51,31.79,81.87,32.29,85.93,30.87,42.52,true,0
session_20260623_163953_final,3372,367616,2026-06-23T16:46:01.095242,Okulary BME280,"31.57,64.47,31.76,81.85,32.25,85.83,30.87,42.51",31.57,64.47,31.76,81.85,32.25,85.83,30.87,42.51,true,0
session_20260623_163953_final,3373,367708,2026-06-23T16:46:01.187395,Okulary BME280,"31.57,64.39,31.74,81.62,32.20,85.64,30.88,42.47",31.57,64.39,31.74,81.62,32.20,85.64,30.88,42.47,true,0
session_20260623_163953_final,3374,367841,2026-06-23T16:46:01.320730,Okulary BME280,"31.56,64.29,31.65,80.97,32.13,85.39,30.88,42.43",31.56,64.29,31.65,80.97,32.13,85.39,30.88,42.43,true,0
session_20260623_163953_final,3375,367932,2026-06-23T16:46:01.411758,Okulary BME280,"31.56,64.18,31.60,80.65,32.05,85.17,30.88,42.40",31.56,64.18,31.60,80.65,32.05,85.17,30.88,42.40,true,0
session_20260623_163953_final,3376,368036,2026-06-23T16:46:01.515318,Okulary BME280,"31.56,64.05,31.57,80.33,31.98,84.96,30.88,42.36",31.56,64.05,31.57,80.33,31.98,84.96,30.88,42.36,true,0
session_20260623_163953_final,3377,368155,2026-06-23T16:46:01.634372,Okulary BME280,"31.55,63.92,31.54,79.98,31.94,84.77,30.87,42.31",31.55,63.92,31.54,79.98,31.94,84.77,30.87,42.31,true,0
session_20260623_163953_final,3378,368245,2026-06-23T16:46:01.724642,Okulary BME280,"31.55,63.78,31.52,79.62,31.90,84.64,30.87,42.28",31.55,63.78,31.52,79.62,31.90,84.64,30.87,42.28,true,0
session_20260623_163953_final,3379,368381,2026-06-23T16:46:01.860281,Okulary BME280,"31.55,63.66,31.51,79.27,31.87,84.37,30.87,42.23",31.55,63.66,31.51,79.27,31.87,84.37,30.87,42.23,true,0
session_20260623_163953_final,3380,368470,2026-06-23T16:46:01.949679,Okulary BME280,"31.54,63.42,31.50,78.93,31.87,84.27,30.87,42.22",31.54,63.42,31.50,78.93,31.87,84.27,30.87,42.22,true,0
session_20260623_163953_final,3381,368621,2026-06-23T16:46:02.100772,Okulary BME280,"31.55,63.32,31.49,78.67,31.87,84.33,30.87,42.16",31.55,63.32,31.49,78.67,31.87,84.33,30.87,42.16,true,0
session_20260623_163953_final,3382,368696,2026-06-23T16:46:02.175770,Okulary BME280,"31.55,63.24,31.49,78.67,31.89,84.66,30.86,42.09",31.55,63.24,31.49,78.67,31.89,84.66,30.86,42.09,true,0
session_20260623_163953_final,3383,368789,2026-06-23T16:46:02.268641,Okulary BME280,"31.54,63.24,31.56,79.11,31.93,85.01,30.86,42.06",31.54,63.24,31.56,79.11,31.93,85.01,30.86,42.06,true,0
session_20260623_163953_final,3384,368925,2026-06-23T16:46:02.404460,Okulary BME280,"31.55,63.28,31.62,79.41,32.01,85.31,30.86,42.02",31.55,63.28,31.62,79.41,32.01,85.31,30.86,42.02,true,0
session_20260623_163953_final,3385,369018,2026-06-23T16:46:02.496911,Okulary BME280,"31.55,63.36,31.67,79.73,32.10,85.57,30.86,42.00",31.55,63.36,31.67,79.73,32.10,85.57,30.86,42.00,true,0
session_20260623_163953_final,3386,369147,2026-06-23T16:46:02.626360,Okulary BME280,"31.56,63.45,31.73,80.04,32.20,85.83,30.86,41.97",31.56,63.45,31.73,80.04,32.20,85.83,30.86,41.97,true,0
session_20260623_163953_final,3387,369238,2026-06-23T16:46:02.717640,Okulary BME280,"31.56,63.52,31.78,80.35,32.29,86.10,30.86,41.95",31.56,63.52,31.78,80.35,32.29,86.10,30.86,41.95,true,0
session_20260623_163953_final,3388,369334,2026-06-23T16:46:02.813236,Okulary BME280,"31.56,63.73,31.82,80.66,32.44,86.21,30.86,41.93",31.56,63.73,31.82,80.66,32.44,86.21,30.86,41.93,true,0
session_20260623_163953_final,3389,369460,2026-06-23T16:46:02.939346,Okulary BME280,"31.57,64.00,31.86,80.93,32.50,86.29,30.86,41.94",31.57,64.00,31.86,80.93,32.50,86.29,30.86,41.94,true,0
session_20260623_163953_final,3390,369553,2026-06-23T16:46:03.032645,Okulary BME280,"31.57,64.14,31.88,81.19,32.55,86.38,30.86,41.89",31.57,64.14,31.88,81.19,32.55,86.38,30.86,41.89,true,0
session_20260623_163953_final,3391,369684,2026-06-23T16:46:03.163753,Okulary BME280,"31.57,64.27,31.90,81.40,32.58,86.42,30.86,41.89",31.57,64.27,31.90,81.40,32.58,86.42,30.86,41.89,true,0
session_20260623_163953_final,3392,369775,2026-06-23T16:46:03.254482,Okulary BME280,"31.58,64.38,31.93,81.83,32.61,86.45,30.86,41.89",31.58,64.38,31.93,81.83,32.61,86.45,30.86,41.89,true,0
session_20260623_163953_final,3393,369911,2026-06-23T16:46:03.390787,Okulary BME280,"31.58,64.47,31.93,82.01,32.61,86.45,30.86,41.88",31.58,64.47,31.93,82.01,32.61,86.45,30.86,41.88,true,0
session_20260623_163953_final,3394,370015,2026-06-23T16:46:03.494348,Okulary BME280,"31.57,64.57,31.93,82.17,32.61,86.43,30.87,41.88",31.57,64.57,31.93,82.17,32.61,86.43,30.87,41.88,true,0
session_20260623_163953_final,3395,370094,2026-06-23T16:46:03.573028,Okulary BME280,"31.57,64.63,31.92,82.30,32.59,86.36,30.86,41.88",31.57,64.63,31.92,82.30,32.59,86.36,30.86,41.88,true,0
session_20260623_163953_final,3396,370230,2026-06-23T16:46:03.709722,Okulary BME280,"31.58,64.62,31.91,82.42,32.53,86.27,30.86,41.89",31.58,64.62,31.91,82.42,32.53,86.27,30.86,41.89,true,0
session_20260623_163953_final,3397,370317,2026-06-23T16:46:03.796642,Okulary BME280,"31.57,64.68,31.88,82.39,32.49,86.19,30.86,41.89",31.57,64.68,31.88,82.39,32.49,86.19,30.86,41.89,true,0
session_20260623_163953_final,3398,370452,2026-06-23T16:46:03.931133,Okulary BME280,"31.56,64.64,31.85,82.20,32.44,86.06,30.86,41.87",31.56,64.64,31.85,82.20,32.44,86.06,30.86,41.87,true,0
session_20260623_163953_final,3399,370542,2026-06-23T16:46:04.021275,Okulary BME280,"31.56,64.59,31.79,81.94,32.35,85.89,30.87,41.93",31.56,64.59,31.79,81.94,32.35,85.89,30.87,41.93,true,0
session_20260623_163953_final,3400,370675,2026-06-23T16:46:04.154440,Okulary BME280,"31.55,64.49,31.72,81.62,32.26,85.72,30.87,41.97",31.55,64.49,31.72,81.62,32.26,85.72,30.87,41.97,true,0
session_20260623_163953_final,3401,370767,2026-06-23T16:46:04.246182,Okulary BME280,"31.55,64.41,31.59,80.97,32.17,85.58,30.87,42.01",31.55,64.41,31.59,80.97,32.17,85.58,30.87,42.01,true,0
session_20260623_163953_final,3402,370855,2026-06-23T16:46:04.334565,Okulary BME280,"31.55,64.29,31.55,80.63,32.08,85.46,30.86,42.04",31.55,64.29,31.55,80.63,32.08,85.46,30.86,42.04,true,0
session_20260623_163953_final,3403,370990,2026-06-23T16:46:04.469472,Okulary BME280,"31.55,64.18,31.52,80.28,32.01,85.34,30.87,42.06",31.55,64.18,31.52,80.28,32.01,85.34,30.87,42.06,true,0
session_20260623_163953_final,3404,371084,2026-06-23T16:46:04.562822,Okulary BME280,"31.55,64.08,31.49,79.95,31.95,85.24,30.87,42.08",31.55,64.08,31.49,79.95,31.95,85.24,30.87,42.08,true,0
session_20260623_163953_final,3405,371229,2026-06-23T16:46:04.707903,Okulary BME280,"31.54,63.95,31.48,79.60,31.88,85.08,30.87,42.09",31.54,63.95,31.48,79.60,31.88,85.08,30.87,42.09,true,0
session_20260623_163953_final,3406,371308,2026-06-23T16:46:04.787004,Okulary BME280,"31.54,63.70,31.47,79.28,31.87,85.01,30.88,42.12",31.54,63.70,31.47,79.28,31.87,85.01,30.88,42.12,true,0
session_20260623_163953_final,3407,371397,2026-06-23T16:46:04.876267,Okulary BME280,"31.53,63.60,31.46,78.97,31.87,84.94,30.87,42.17",31.53,63.60,31.46,78.97,31.87,84.94,30.87,42.17,true,0
session_20260623_163953_final,3408,371548,2026-06-23T16:46:05.027001,Okulary BME280,"31.54,63.50,31.46,78.70,31.87,84.87,30.87,42.22",31.54,63.50,31.46,78.70,31.87,84.87,30.87,42.22,true,0
session_20260623_163953_final,3409,371621,2026-06-23T16:46:05.100457,Okulary BME280,"31.54,63.42,31.46,78.49,31.88,84.83,30.88,42.30",31.54,63.42,31.46,78.49,31.88,84.83,30.88,42.30,true,0
session_20260623_163953_final,3410,371759,2026-06-23T16:46:05.237828,Okulary BME280,"31.54,63.35,31.50,78.62,31.89,85.04,30.88,42.36",31.54,63.35,31.50,78.62,31.89,85.04,30.88,42.36,true,0
session_20260623_163953_final,3411,371861,2026-06-23T16:46:05.340331,Okulary BME280,"31.54,63.32,31.54,78.87,31.92,85.32,30.88,42.41",31.54,63.32,31.54,78.87,31.92,85.32,30.88,42.41,true,0
session_20260623_163953_final,3412,371998,2026-06-23T16:46:05.476865,Okulary BME280,"31.54,63.33,31.60,79.15,31.98,85.62,30.88,42.47",31.54,63.33,31.60,79.15,31.98,85.62,30.88,42.47,true,0
session_20260623_163953_final,3413,372071,2026-06-23T16:46:05.550484,Okulary BME280,"31.54,63.35,31.65,79.47,32.07,85.80,30.88,42.49",31.54,63.35,31.65,79.47,32.07,85.80,30.88,42.49,true,0
session_20260623_163953_final,3414,372160,2026-06-23T16:46:05.639197,Okulary BME280,"31.54,63.38,31.71,79.79,32.25,86.17,30.89,42.51",31.54,63.38,31.71,79.79,32.25,86.17,30.89,42.51,true,0
session_20260623_163953_final,3415,372295,2026-06-23T16:46:05.774429,Okulary BME280,"31.55,63.65,31.75,80.10,32.32,86.31,30.89,42.54",31.55,63.65,31.75,80.10,32.32,86.31,30.89,42.54,true,0
session_20260623_163953_final,3416,372393,2026-06-23T16:46:05.872014,Okulary BME280,"31.56,63.76,31.79,80.40,32.40,86.42,30.89,42.51",31.56,63.76,31.79,80.40,32.40,86.42,30.89,42.51,true,0
session_20260623_163953_final,3417,372533,2026-06-23T16:46:06.011989,Okulary BME280,"31.56,63.90,31.82,80.68,32.46,86.50,30.88,42.54",31.56,63.90,31.82,80.68,32.46,86.50,30.88,42.54,true,0
session_20260623_163953_final,3418,372612,2026-06-23T16:46:06.090830,Okulary BME280,"31.57,64.00,31.85,80.94,32.51,86.56,30.89,42.58",31.57,64.00,31.85,80.94,32.51,86.56,30.89,42.58,true,0
session_20260623_163953_final,3419,372748,2026-06-23T16:46:06.227778,Okulary BME280,"31.56,64.10,31.88,81.41,32.55,86.61,30.88,42.58",31.56,64.10,31.88,81.41,32.55,86.61,30.88,42.58,true,0
session_20260623_163953_final,3420,372838,2026-06-23T16:46:06.317505,Okulary BME280,"31.56,64.18,31.90,81.60,32.58,86.62,30.88,42.58",31.56,64.18,31.90,81.60,32.58,86.62,30.88,42.58,true,0
session_20260623_163953_final,3421,372926,2026-06-23T16:46:06.405442,Okulary BME280,"31.56,64.26,31.90,81.79,32.59,86.61,30.89,42.58",31.56,64.26,31.90,81.79,32.59,86.61,30.89,42.58,true,0
session_20260623_163953_final,3422,373068,2026-06-23T16:46:06.547579,Okulary BME280,"31.56,64.32,31.90,81.97,32.59,86.59,30.89,42.57",31.56,64.32,31.90,81.97,32.59,86.59,30.89,42.57,true,0
session_20260623_163953_final,3423,373153,2026-06-23T16:46:06.632666,Okulary BME280,"31.55,64.34,31.89,82.11,32.55,86.47,30.89,42.56",31.55,64.34,31.89,82.11,32.55,86.47,30.89,42.56,true,0
session_20260623_163953_final,3424,373296,2026-06-23T16:46:06.775708,Okulary BME280,"31.55,64.34,31.89,82.22,32.52,86.41,30.89,42.53",31.55,64.34,31.89,82.22,32.52,86.41,30.89,42.53,true,0
session_20260623_163953_final,3425,373376,2026-06-23T16:46:06.854888,Okulary BME280,"31.55,64.33,31.87,82.26,32.48,86.34,30.89,42.48",31.55,64.33,31.87,82.26,32.48,86.34,30.89,42.48,true,0
session_20260623_163953_final,3426,373512,2026-06-23T16:46:06.990866,Okulary BME280,"31.55,64.29,31.84,82.12,32.44,86.27,30.89,42.44",31.55,64.29,31.84,82.12,32.44,86.27,30.89,42.44,true,0
session_20260623_163953_final,3427,373600,2026-06-23T16:46:07.079253,Okulary BME280,"31.55,64.22,31.79,81.88,32.38,86.15,30.88,42.43",31.55,64.22,31.79,81.88,32.38,86.15,30.88,42.43,true,0
session_20260623_163953_final,3428,373691,2026-06-23T16:46:07.170456,Okulary BME280,"31.54,64.12,31.67,81.36,32.30,85.98,30.88,42.41",31.54,64.12,31.67,81.36,32.30,85.98,30.88,42.41,true,0
session_20260623_163953_final,3429,373826,2026-06-23T16:46:07.305280,Okulary BME280,"31.54,63.98,31.62,81.07,32.22,85.85,30.88,42.41",31.54,63.98,31.62,81.07,32.22,85.85,30.88,42.41,true,0
session_20260623_163953_final,3430,373917,2026-06-23T16:46:07.395839,Okulary BME280,"31.54,63.86,31.58,80.77,32.13,85.67,30.88,42.41",31.54,63.86,31.58,80.77,32.13,85.67,30.88,42.41,true,0
session_20260623_163953_final,3431,374065,2026-06-23T16:46:07.544594,Okulary BME280,"31.54,63.75,31.56,80.46,32.06,85.63,30.89,42.43",31.54,63.75,31.56,80.46,32.06,85.63,30.89,42.43,true,0
session_20260623_163953_final,3432,374148,2026-06-23T16:46:07.626897,Okulary BME280,"31.53,63.40,31.54,80.13,31.96,85.47,30.88,42.47",31.53,63.40,31.54,80.13,31.96,85.47,30.88,42.47,true,0
session_20260623_163953_final,3433,374232,2026-06-23T16:46:07.711596,Okulary BME280,"31.53,63.24,31.53,79.81,31.94,85.39,30.88,42.49",31.53,63.24,31.53,79.81,31.94,85.39,30.88,42.49,true,0
session_20260623_163953_final,3434,374365,2026-06-23T16:46:07.844049,Okulary BME280,"31.52,63.09,31.51,79.49,31.92,85.33,30.89,42.55",31.52,63.09,31.51,79.49,31.92,85.33,30.89,42.55,true,0
session_20260623_163953_final,3435,374456,2026-06-23T16:46:07.935171,Okulary BME280,"31.52,62.93,31.51,79.20,31.91,85.28,30.89,42.54",31.52,62.93,31.51,79.20,31.91,85.28,30.89,42.54,true,0
session_20260623_163953_final,3436,374597,2026-06-23T16:46:08.075841,Okulary BME280,"31.52,62.80,31.50,78.75,31.92,85.22,30.89,42.64",31.52,62.80,31.50,78.75,31.92,85.22,30.89,42.64,true,0
session_20260623_163953_final,3437,374681,2026-06-23T16:46:08.160205,Okulary BME280,"31.52,62.67,31.51,78.80,31.92,85.27,30.90,42.67",31.52,62.67,31.51,78.80,31.92,85.27,30.90,42.67,true,0
session_20260623_163953_final,3438,374820,2026-06-23T16:46:08.299158,Okulary BME280,"31.52,62.59,31.54,79.01,31.94,85.53,30.90,42.71",31.52,62.59,31.54,79.01,31.94,85.53,30.90,42.71,true,0
session_20260623_163953_final,3439,374920,2026-06-23T16:46:08.399738,Okulary BME280,"31.52,62.55,31.59,79.29,31.98,85.82,30.90,42.74",31.52,62.55,31.59,79.29,31.98,85.82,30.90,42.74,true,0
session_20260623_163953_final,3440,374997,2026-06-23T16:46:08.476527,Okulary BME280,"31.52,62.65,31.65,79.59,32.06,86.01,30.90,42.77",31.52,62.65,31.65,79.59,32.06,86.01,30.90,42.77,true,0
session_20260623_163953_final,3441,375131,2026-06-23T16:46:08.610698,Okulary BME280,"31.53,62.78,31.69,79.89,32.24,86.38,30.90,42.78",31.53,62.78,31.69,79.89,32.24,86.38,30.90,42.78,true,0
session_20260623_163953_final,3442,375222,2026-06-23T16:46:08.701185,Okulary BME280,"31.54,62.90,31.74,80.19,32.32,86.50,30.90,42.79",31.54,62.90,31.74,80.19,32.32,86.50,30.90,42.79,true,0
session_20260623_163953_final,3443,375361,2026-06-23T16:46:08.840559,Okulary BME280,"31.54,63.03,31.78,80.45,32.40,86.60,30.90,42.84",31.54,63.03,31.78,80.45,32.40,86.60,30.90,42.84,true,0
session_20260623_163953_final,3444,375447,2026-06-23T16:46:08.926275,Okulary BME280,"31.54,63.14,31.82,80.74,32.46,86.67,30.90,42.84",31.54,63.14,31.82,80.74,32.46,86.67,30.90,42.84,true,0
session_20260623_163953_final,3445,375580,2026-06-23T16:46:09.059804,Okulary BME280,"31.54,63.26,31.84,81.19,32.50,86.72,30.90,42.81",31.54,63.26,31.84,81.19,32.50,86.72,30.90,42.81,true,0
session_20260623_163953_final,3446,375671,2026-06-23T16:46:09.150639,Okulary BME280,"31.54,63.35,31.87,81.41,32.53,86.74,30.90,42.78",31.54,63.35,31.87,81.41,32.53,86.74,30.90,42.78,true,0
session_20260623_163953_final,3447,375764,2026-06-23T16:46:09.242901,Okulary BME280,"31.54,63.40,31.87,81.60,32.55,86.73,30.90,42.76",31.54,63.40,31.87,81.60,32.55,86.73,30.90,42.76,true,0
session_20260623_163953_final,3448,375896,2026-06-23T16:46:09.374956,Okulary BME280,"31.54,63.49,31.87,81.78,32.55,86.72,30.90,42.72",31.54,63.49,31.87,81.78,32.55,86.72,30.90,42.72,true,0
session_20260623_163953_final,3449,375989,2026-06-23T16:46:09.468001,Okulary BME280,"31.54,63.53,31.86,81.93,32.53,86.58,30.90,42.69",31.54,63.53,31.86,81.93,32.53,86.58,30.90,42.69,true,0
session_20260623_163953_final,3450,376125,2026-06-23T16:46:09.604059,Okulary BME280,"31.54,63.53,31.85,82.06,32.47,86.52,30.90,42.67",31.54,63.53,31.85,82.06,32.47,86.52,30.90,42.67,true,0
session_20260623_163953_final,3451,376211,2026-06-23T16:46:09.690761,Okulary BME280,"31.54,63.53,31.84,82.16,32.45,86.49,30.90,42.64",31.54,63.53,31.84,82.16,32.45,86.49,30.90,42.64,true,0
session_20260623_163953_final,3452,376301,2026-06-23T16:46:09.780611,Okulary BME280,"31.54,63.49,31.83,82.16,32.41,86.42,30.90,42.62",31.54,63.49,31.83,82.16,32.41,86.42,30.90,42.62,true,0
session_20260623_163953_final,3453,376447,2026-06-23T16:46:09.926376,Okulary BME280,"31.54,63.44,31.80,81.96,32.36,86.30,30.90,42.63",31.54,63.44,31.80,81.96,32.36,86.30,30.90,42.63,true,0
session_20260623_163953_final,3454,376533,2026-06-23T16:46:10.012326,Okulary BME280,"31.54,63.38,31.75,81.42,32.30,86.12,30.90,42.61",31.54,63.38,31.75,81.42,32.30,86.12,30.90,42.61,true,0
session_20260623_163953_final,3455,376665,2026-06-23T16:46:10.144730,Okulary BME280,"31.53,63.29,31.64,81.12,32.21,85.96,30.90,42.58",31.53,63.29,31.64,81.12,32.21,85.96,30.90,42.58,true,0
session_20260623_163953_final,3456,376756,2026-06-23T16:46:10.235275,Okulary BME280,"31.53,63.19,31.61,80.81,32.13,85.81,30.91,42.60",31.53,63.19,31.61,80.81,32.13,85.81,30.91,42.60,true,0
session_20260623_163953_final,3457,376891,2026-06-23T16:46:10.370564,Okulary BME280,"31.53,63.13,31.58,80.47,32.06,85.63,30.90,42.61",31.53,63.13,31.58,80.47,32.06,85.63,30.90,42.61,true,0
session_20260623_163953_final,3458,376976,2026-06-23T16:46:10.455663,Okulary BME280,"31.52,62.92,31.55,80.12,32.00,85.40,30.90,42.62",31.52,62.92,31.55,80.12,32.00,85.40,30.90,42.62,true,0
session_20260623_163953_final,3459,377068,2026-06-23T16:46:10.546915,Okulary BME280,"31.52,62.84,31.54,79.80,31.93,85.24,30.90,42.64",31.52,62.84,31.54,79.80,31.93,85.24,30.90,42.64,true,0
session_20260623_163953_final,3460,377205,2026-06-23T16:46:10.684518,Okulary BME280,"31.52,62.77,31.53,79.50,31.91,85.12,30.91,42.67",31.52,62.77,31.53,79.50,31.91,85.12,30.91,42.67,true,0
session_20260623_163953_final,3461,377292,2026-06-23T16:46:10.771143,Okulary BME280,"31.52,62.70,31.52,79.22,31.89,85.03,30.91,42.70",31.52,62.70,31.52,79.22,31.89,85.03,30.91,42.70,true,0
session_20260623_163953_final,3462,377434,2026-06-23T16:46:10.913316,Okulary BME280,"31.52,62.63,31.52,78.92,31.89,84.91,30.91,42.71",31.52,62.63,31.52,78.92,31.89,84.91,30.91,42.71,true,0
session_20260623_163953_final,3463,377517,2026-06-23T16:46:10.996154,Okulary BME280,"31.52,62.57,31.53,78.76,31.89,84.92,30.91,42.76",31.52,62.57,31.53,78.76,31.89,84.92,30.91,42.76,true,0
session_20260623_163953_final,3464,377669,2026-06-23T16:46:11.148033,Okulary BME280,"31.52,62.54,31.55,78.92,31.90,85.14,30.91,42.73",31.52,62.54,31.55,78.92,31.90,85.14,30.91,42.73,true,0
session_20260623_163953_final,3465,377742,2026-06-23T16:46:11.221425,Okulary BME280,"31.52,62.57,31.59,79.15,31.94,85.43,30.92,42.70",31.52,62.57,31.59,79.15,31.94,85.43,30.92,42.70,true,0
session_20260623_163953_final,3466,377853,2026-06-23T16:46:11.331963,Okulary BME280,"31.52,62.51,31.63,79.44,31.99,85.71,30.91,42.69",31.52,62.51,31.63,79.44,31.99,85.71,30.91,42.69,true,0
session_20260623_163953_final,3467,377977,2026-06-23T16:46:11.456560,Okulary BME280,"31.53,62.68,31.68,79.73,32.16,86.13,30.91,42.67",31.53,62.68,31.68,79.73,32.16,86.13,30.91,42.67,true,0
session_20260623_163953_final,3468,378057,2026-06-23T16:46:11.535957,Okulary BME280,"31.53,62.80,31.73,80.03,32.24,86.32,30.91,42.63",31.53,62.80,31.73,80.03,32.24,86.32,30.91,42.63,true,0
session_20260623_163953_final,3469,378195,2026-06-23T16:46:11.674319,Okulary BME280,"31.53,62.91,31.77,80.32,32.32,86.44,30.92,42.59",31.53,62.91,31.77,80.32,32.32,86.44,30.92,42.59,true,0
session_20260623_163953_final,3470,378280,2026-06-23T16:46:11.759419,Okulary BME280,"31.54,63.04,31.81,80.60,32.40,86.54,30.91,42.53",31.54,63.04,31.81,80.60,32.40,86.54,30.91,42.53,true,0
session_20260623_163953_final,3471,378416,2026-06-23T16:46:11.894883,Okulary BME280,"31.54,63.16,31.83,80.87,32.46,86.63,30.91,42.46",31.54,63.16,31.83,80.87,32.46,86.63,30.91,42.46,true,0
session_20260623_163953_final,3472,378512,2026-06-23T16:46:11.990986,Okulary BME280,"31.54,63.28,31.88,81.34,32.50,86.68,30.91,42.43",31.54,63.28,31.88,81.34,32.50,86.68,30.91,42.43,true,0
session_20260623_163953_final,3473,378595,2026-06-23T16:46:12.074256,Okulary BME280,"31.54,63.34,31.89,81.54,32.54,86.73,30.91,42.34",31.54,63.34,31.89,81.54,32.54,86.73,30.91,42.34,true,0
session_20260623_163953_final,3474,378733,2026-06-23T16:46:12.212556,Okulary BME280,"31.54,63.44,31.90,81.73,32.56,86.79,30.91,42.32",31.54,63.44,31.90,81.73,32.56,86.79,30.91,42.32,true,0
session_20260623_163953_final,3475,378823,2026-06-23T16:46:12.302244,Okulary BME280,"31.54,63.60,31.90,81.91,32.57,86.72,30.91,42.31",31.54,63.60,31.90,81.91,32.57,86.72,30.91,42.31,true,0
session_20260623_163953_final,3476,378973,2026-06-23T16:46:12.452075,Okulary BME280,"31.54,63.62,31.89,82.07,32.55,86.61,30.90,42.28",31.54,63.62,31.89,82.07,32.55,86.61,30.90,42.28,true,0
session_20260623_163953_final,3477,379047,2026-06-23T16:46:12.525833,Okulary BME280,"31.53,63.65,31.88,82.16,32.51,86.53,30.90,42.26",31.53,63.65,31.88,82.16,32.51,86.53,30.90,42.26,true,0
session_20260623_163953_final,3478,379141,2026-06-23T16:46:12.620327,Okulary BME280,"31.54,63.64,31.86,82.11,32.47,86.44,30.90,42.22",31.54,63.64,31.86,82.11,32.47,86.44,30.90,42.22,true,0
session_20260623_163953_final,3479,379274,2026-06-23T16:46:12.753397,Okulary BME280,"31.53,63.61,31.83,81.93,32.42,86.30,30.90,42.19",31.53,63.61,31.83,81.93,32.42,86.30,30.90,42.19,true,0
session_20260623_163953_final,3480,379363,2026-06-23T16:46:12.842147,Okulary BME280,"31.53,63.55,31.76,81.65,32.33,86.09,30.90,42.18",31.53,63.55,31.76,81.65,32.33,86.09,30.90,42.18,true,0
session_20260623_163953_final,3481,379495,2026-06-23T16:46:12.974731,Okulary BME280,"31.53,63.47,31.64,81.00,32.24,85.86,30.90,42.12",31.53,63.47,31.64,81.00,32.24,85.86,30.90,42.12,true,0
session_20260623_163953_final,3482,379588,2026-06-23T16:46:13.067752,Okulary BME280,"31.53,63.39,31.59,80.66,32.15,85.65,30.90,42.15",31.53,63.39,31.59,80.66,32.15,85.65,30.90,42.15,true,0
session_20260623_163953_final,3483,379726,2026-06-23T16:46:13.205807,Okulary BME280,"31.52,63.23,31.56,80.32,32.06,85.50,30.90,42.17",31.52,63.23,31.56,80.32,32.06,85.50,30.90,42.17,true,0
session_20260623_163953_final,3484,379811,2026-06-23T16:46:13.290296,Okulary BME280,"31.52,63.07,31.53,79.98,31.98,85.33,30.90,42.18",31.52,63.07,31.53,79.98,31.98,85.33,30.90,42.18,true,0
session_20260623_163953_final,3485,379899,2026-06-23T16:46:13.378769,Okulary BME280,"31.52,62.96,31.51,79.64,31.90,85.03,30.91,42.18",31.52,62.96,31.51,79.64,31.90,85.03,30.91,42.18,true,0
session_20260623_163953_final,3486,380043,2026-06-23T16:46:13.522730,Okulary BME280,"31.51,62.84,31.49,79.33,31.87,84.93,30.90,42.19",31.51,62.84,31.49,79.33,31.87,84.93,30.90,42.19,true,0
session_20260623_163953_final,3487,380126,2026-06-23T16:46:13.605240,Okulary BME280,"31.51,62.73,31.49,79.03,31.86,84.83,30.91,42.20",31.51,62.73,31.49,79.03,31.86,84.83,30.91,42.20,true,0
session_20260623_163953_final,3488,380262,2026-06-23T16:46:13.740956,Okulary BME280,"31.51,62.63,31.49,78.67,31.87,84.73,30.91,42.20",31.51,62.63,31.49,78.67,31.87,84.73,30.91,42.20,true,0
session_20260623_163953_final,3489,380352,2026-06-23T16:46:13.831614,Okulary BME280,"31.51,62.55,31.49,78.46,31.87,84.64,30.91,42.19",31.51,62.55,31.49,78.46,31.87,84.64,30.91,42.19,true,0
session_20260623_163953_final,3490,380485,2026-06-23T16:46:13.964346,Okulary BME280,"31.51,62.45,31.50,78.02,31.88,84.53,30.91,42.19",31.51,62.45,31.50,78.02,31.88,84.53,30.91,42.19,true,0
session_20260623_163953_final,3491,380576,2026-06-23T16:46:14.054950,Okulary BME280,"31.51,62.40,31.51,78.12,31.89,84.65,30.91,42.12",31.51,62.40,31.51,78.12,31.89,84.65,30.91,42.12,true,0
session_20260623_163953_final,3492,380668,2026-06-23T16:46:14.147789,Okulary BME280,"31.51,62.33,31.54,78.36,31.91,84.96,30.91,42.07",31.51,62.33,31.54,78.36,31.91,84.96,30.91,42.07,true,0
session_20260623_163953_final,3493,380800,2026-06-23T16:46:14.278894,Okulary BME280,"31.51,62.34,31.59,78.67,31.96,85.35,30.91,42.04",31.51,62.34,31.59,78.67,31.96,85.35,30.91,42.04,true,0
session_20260623_163953_final,3494,380893,2026-06-23T16:46:14.371915,Okulary BME280,"31.52,62.41,31.64,78.99,32.13,85.82,30.91,41.99",31.52,62.41,31.64,78.99,32.13,85.82,30.91,41.99,true,0
session_20260623_163953_final,3495,381041,2026-06-23T16:46:14.520154,Okulary BME280,"31.53,62.51,31.68,79.32,32.22,86.01,30.90,41.94",31.53,62.51,31.68,79.32,32.22,86.01,30.90,41.94,true,0
session_20260623_163953_final,3496,381116,2026-06-23T16:46:14.594965,Okulary BME280,"31.53,62.62,31.73,79.64,32.29,86.17,30.90,41.90",31.53,62.62,31.73,79.64,32.29,86.17,30.90,41.90,true,0
session_20260623_163953_final,3497,381205,2026-06-23T16:46:14.684266,Okulary BME280,"31.53,62.74,31.76,79.95,32.36,86.30,30.90,41.86",31.53,62.74,31.76,79.95,32.36,86.30,30.90,41.86,true,0
session_20260623_163953_final,3498,381345,2026-06-23T16:46:14.824296,Okulary BME280,"31.53,62.83,31.80,80.25,32.43,86.39,30.90,41.84",31.53,62.83,31.80,80.25,32.43,86.39,30.90,41.84,true,0
session_20260623_163953_final,3499,381445,2026-06-23T16:46:14.924199,Okulary BME280,"31.54,62.96,31.84,80.77,32.47,86.47,30.90,41.78",31.54,62.96,31.84,80.77,32.47,86.47,30.90,41.78,true,0
session_20260623_163953_final,3500,381567,2026-06-23T16:46:15.045979,Okulary BME280,"31.54,63.04,31.85,80.99,32.51,86.53,30.90,41.71",31.54,63.04,31.85,80.99,32.51,86.53,30.90,41.71,true,0
session_20260623_163953_final,3501,381658,2026-06-23T16:46:15.136990,Okulary BME280,"31.54,63.29,31.86,81.22,32.54,86.53,30.89,41.67",31.54,63.29,31.86,81.22,32.54,86.53,30.89,41.67,true,0
session_20260623_163953_final,3502,381791,2026-06-23T16:46:15.269930,Okulary BME280,"31.54,63.38,31.87,81.41,32.55,86.55,30.89,41.64",31.54,63.38,31.87,81.41,32.55,86.55,30.89,41.64,true,0
session_20260623_163953_final,3503,381882,2026-06-23T16:46:15.361488,Okulary BME280,"31.54,63.44,31.87,81.60,32.54,86.51,30.89,41.62",31.54,63.44,31.87,81.60,32.54,86.51,30.89,41.62,true,0
session_20260623_163953_final,3504,381973,2026-06-23T16:46:15.452090,Okulary BME280,"31.54,63.48,31.86,81.75,32.52,86.47,30.89,41.59",31.54,63.48,31.86,81.75,32.52,86.47,30.89,41.59,true,0
session_20260623_163953_final,3505,382105,2026-06-23T16:46:15.584128,Okulary BME280,"31.54,63.50,31.85,81.87,32.49,86.44,30.90,41.58",31.54,63.50,31.85,81.87,32.49,86.44,30.90,41.58,true,0
session_20260623_163953_final,3506,382211,2026-06-23T16:46:15.690768,Okulary BME280,"31.53,63.51,31.84,81.90,32.46,86.38,30.89,41.57",31.53,63.51,31.84,81.90,32.46,86.38,30.89,41.57,true,0
session_20260623_163953_final,3507,382345,2026-06-23T16:46:15.824702,Okulary BME280,"31.53,63.51,31.81,81.75,32.42,86.26,30.89,41.58",31.53,63.51,31.81,81.75,32.42,86.26,30.89,41.58,true,0
session_20260623_163953_final,3508,382421,2026-06-23T16:46:15.900080,Okulary BME280,"31.53,63.49,31.71,81.33,32.36,86.06,30.90,41.55",31.53,63.49,31.71,81.33,32.36,86.06,30.90,41.55,true,0
session_20260623_163953_final,3509,382557,2026-06-23T16:46:16.036483,Okulary BME280,"31.53,63.41,31.66,81.08,32.26,85.84,30.90,41.68",31.53,63.41,31.66,81.08,32.26,85.84,30.90,41.68,true,0
session_20260623_163953_final,3510,382666,2026-06-23T16:46:16.145163,Okulary BME280,"31.53,63.34,31.62,80.87,32.16,85.65,30.90,41.72",31.53,63.34,31.62,80.87,32.16,85.65,30.90,41.72,true,0
session_20260623_163953_final,3511,382735,2026-06-23T16:46:16.214656,Okulary BME280,"31.53,63.27,31.59,80.64,32.07,85.53,30.91,41.76",31.53,63.27,31.59,80.64,32.07,85.53,30.91,41.76,true,0
session_20260623_163953_final,3512,382872,2026-06-23T16:46:16.351181,Okulary BME280,"31.52,63.19,31.57,80.39,31.95,85.26,30.90,41.76",31.52,63.19,31.57,80.39,31.95,85.26,30.90,41.76,true,0
session_20260623_163953_final,3513,382968,2026-06-23T16:46:16.447249,Okulary BME280,"31.52,63.12,31.56,80.10,31.91,85.14,30.90,41.73",31.52,63.12,31.56,80.10,31.91,85.14,30.90,41.73,true,0
session_20260623_163953_final,3514,383095,2026-06-23T16:46:16.574604,Okulary BME280,"31.52,63.03,31.55,79.79,31.89,85.05,30.90,41.71",31.52,63.03,31.55,79.79,31.89,85.05,30.90,41.71,true,0
session_20260623_163953_final,3515,383189,2026-06-23T16:46:16.667871,Okulary BME280,"31.52,62.93,31.54,79.45,31.88,84.97,30.90,41.69",31.52,62.93,31.54,79.45,31.88,84.97,30.90,41.69,true,0
session_20260623_163953_final,3516,383321,2026-06-23T16:46:16.800176,Okulary BME280,"31.51,62.83,31.53,79.16,31.88,84.88,30.90,41.64",31.51,62.83,31.53,79.16,31.88,84.88,30.90,41.64,true,0
session_20260623_163953_final,3517,383410,2026-06-23T16:46:16.889692,Okulary BME280,"31.52,62.77,31.53,78.83,31.89,84.81,30.90,41.65",31.52,62.77,31.53,78.83,31.89,84.81,30.90,41.65,true,0
session_20260623_163953_final,3518,383517,2026-06-23T16:46:16.996272,Okulary BME280,"31.52,62.70,31.54,78.94,31.89,84.97,30.90,41.61",31.52,62.70,31.54,78.94,31.89,84.97,30.90,41.61,true,0
session_20260623_163953_final,3519,383654,2026-06-23T16:46:17.133077,Okulary BME280,"31.52,62.68,31.58,79.14,31.92,85.25,30.90,41.57",31.52,62.68,31.58,79.14,31.92,85.25,30.90,41.57,true,0
session_20260623_163953_final,3520,383726,2026-06-23T16:46:17.205004,Okulary BME280,"31.52,62.72,31.62,79.40,31.97,85.54,30.90,41.55",31.52,62.72,31.62,79.40,31.97,85.54,30.90,41.55,true,0
session_20260623_163953_final,3521,383867,2026-06-23T16:46:17.346558,Okulary BME280,"31.52,62.77,31.67,79.68,32.14,85.98,30.90,41.54",31.52,62.77,31.67,79.68,32.14,85.98,30.90,41.54,true,0
session_20260623_163953_final,3522,383961,2026-06-23T16:46:17.439833,Okulary BME280,"31.53,62.84,31.71,79.95,32.22,86.14,30.90,41.52",31.53,62.84,31.71,79.95,32.22,86.14,30.90,41.52,true,0
session_20260623_163953_final,3523,384041,2026-06-23T16:46:17.520808,Okulary BME280,"31.53,62.93,31.75,80.24,32.29,86.28,30.90,41.50",31.53,62.93,31.75,80.24,32.29,86.28,30.90,41.50,true,0
session_20260623_163953_final,3524,384188,2026-06-23T16:46:17.667053,Okulary BME280,"31.53,63.04,31.78,80.50,32.35,86.38,30.90,41.50",31.53,63.04,31.78,80.50,32.35,86.38,30.90,41.50,true,0
session_20260623_163953_final,3525,384266,2026-06-23T16:46:17.745763,Okulary BME280,"31.54,63.12,31.81,80.75,32.41,86.47,30.90,41.47",31.54,63.12,31.81,80.75,32.41,86.47,30.90,41.47,true,0
session_20260623_163953_final,3526,384400,2026-06-23T16:46:17.879209,Okulary BME280,"31.54,63.24,31.85,81.22,32.45,86.54,30.90,41.45",31.54,63.24,31.85,81.22,32.45,86.54,30.90,41.45,true,0
session_20260623_163953_final,3527,384490,2026-06-23T16:46:17.969787,Okulary BME280,"31.54,63.40,31.87,81.42,32.48,86.58,30.91,41.46",31.54,63.40,31.87,81.42,32.48,86.58,30.91,41.46,true,0
session_20260623_163953_final,3528,384630,2026-06-23T16:46:18.109739,Okulary BME280,"31.54,63.48,31.88,81.61,32.51,86.62,30.90,41.43",31.54,63.48,31.88,81.61,32.51,86.62,30.90,41.43,true,0
session_20260623_163953_final,3529,384715,2026-06-23T16:46:18.194536,Okulary BME280,"31.54,63.53,31.88,81.78,32.53,86.58,30.90,41.42",31.54,63.53,31.88,81.78,32.53,86.58,30.90,41.42,true,0
session_20260623_163953_final,3530,384808,2026-06-23T16:46:18.287261,Okulary BME280,"31.54,63.56,31.87,81.92,32.51,86.54,30.90,41.41",31.54,63.56,31.87,81.92,32.51,86.54,30.90,41.41,true,0
session_20260623_163953_final,3531,384946,2026-06-23T16:46:18.425242,Okulary BME280,"31.54,63.58,31.87,82.03,32.49,86.45,30.90,41.40",31.54,63.58,31.87,82.03,32.49,86.45,30.90,41.40,true,0
session_20260623_163953_final,3532,385037,2026-06-23T16:46:18.515948,Okulary BME280,"31.54,63.58,31.85,82.13,32.46,86.44,30.91,41.37",31.54,63.58,31.85,82.13,32.46,86.44,30.91,41.37,true,0
session_20260623_163953_final,3533,385167,2026-06-23T16:46:18.646196,Okulary BME280,"31.54,63.59,31.83,82.21,32.43,86.46,30.90,41.37",31.54,63.59,31.83,82.21,32.43,86.46,30.90,41.37,true,0
session_20260623_163953_final,3534,385259,2026-06-23T16:46:18.738251,Okulary BME280,"31.54,63.53,31.82,82.36,32.41,86.45,30.91,41.41",31.54,63.53,31.82,82.36,32.41,86.45,30.91,41.41,true,0
session_20260623_163953_final,3535,385392,2026-06-23T16:46:18.871049,Okulary BME280,"31.54,63.64,31.78,82.13,32.39,86.41,30.90,41.42",31.54,63.64,31.78,82.13,32.39,86.41,30.90,41.42,true,0
session_20260623_163953_final,3536,385491,2026-06-23T16:46:18.970143,Okulary BME280,"31.53,63.48,31.74,81.89,32.35,86.30,30.90,41.43",31.53,63.48,31.74,81.89,32.35,86.30,30.90,41.43,true,0
session_20260623_163953_final,3537,385593,2026-06-23T16:46:19.072702,Okulary BME280,"31.53,63.40,31.69,81.64,32.31,86.13,30.90,41.46",31.53,63.40,31.69,81.64,32.31,86.13,30.90,41.46,true,0
session_20260623_163953_final,3538,385708,2026-06-23T16:46:19.187083,Okulary BME280,"31.53,63.30,31.64,81.33,32.24,85.83,30.90,41.48",31.53,63.30,31.64,81.33,32.24,85.83,30.90,41.48,true,0
session_20260623_163953_final,3539,385797,2026-06-23T16:46:19.275897,Okulary BME280,"31.53,63.18,31.60,81.01,32.09,85.69,30.90,41.52",31.53,63.18,31.60,81.01,32.09,85.69,30.90,41.52,true,0
session_20260623_163953_final,3540,385931,2026-06-23T16:46:19.410218,Okulary BME280,"31.52,63.05,31.57,80.68,32.02,85.56,30.90,41.56",31.52,63.05,31.57,80.68,32.02,85.56,30.90,41.56,true,0
session_20260623_163953_final,3541,386029,2026-06-23T16:46:19.508302,Okulary BME280,"31.52,62.92,31.55,80.34,31.97,85.45,30.90,41.61",31.52,62.92,31.55,80.34,31.97,85.45,30.90,41.61,true,0
session_20260623_163953_final,3542,386111,2026-06-23T16:46:19.590125,Okulary BME280,"31.52,62.80,31.53,79.97,31.94,85.36,30.90,41.63",31.52,62.80,31.53,79.97,31.94,85.36,30.90,41.63,true,0
session_20260623_163953_final,3543,386248,2026-06-23T16:46:19.727115,Okulary BME280,"31.52,62.66,31.52,79.68,31.92,85.27,30.90,41.65",31.52,62.66,31.52,79.68,31.92,85.27,30.90,41.65,true,0
session_20260623_163953_final,3544,386335,2026-06-23T16:46:19.814182,Okulary BME280,"31.51,62.44,31.51,79.17,31.91,85.17,30.90,41.63",31.51,62.44,31.51,79.17,31.91,85.17,30.90,41.63,true,0
session_20260623_163953_final,3545,386476,2026-06-23T16:46:19.955616,Okulary BME280,"31.52,62.35,31.52,79.21,31.91,85.28,30.91,41.69",31.52,62.35,31.52,79.21,31.91,85.28,30.91,41.69,true,0
session_20260623_163953_final,3546,386567,2026-06-23T16:46:20.046548,Okulary BME280,"31.52,62.31,31.55,79.37,31.92,85.43,30.91,41.70",31.52,62.31,31.55,79.37,31.92,85.43,30.91,41.70,true,0
session_20260623_163953_final,3547,386695,2026-06-23T16:46:20.174703,Okulary BME280,"31.52,62.29,31.59,79.58,32.02,85.98,30.91,41.71",31.52,62.29,31.59,79.58,32.02,85.98,30.91,41.71,true,0
session_20260623_163953_final,3548,386788,2026-06-23T16:46:20.267209,Okulary BME280,"31.52,62.31,31.64,79.83,32.11,86.19,30.91,41.72",31.52,62.31,31.64,79.83,32.11,86.19,30.91,41.72,true,0
session_20260623_163953_final,3549,386878,2026-06-23T16:46:20.357242,Okulary BME280,"31.52,62.36,31.68,80.11,32.20,86.38,30.92,41.74",31.52,62.36,31.68,80.11,32.20,86.38,30.92,41.74,true,0
session_20260623_163953_final,3550,387011,2026-06-23T16:46:20.490758,Okulary BME280,"31.53,62.44,31.72,80.40,32.29,86.52,30.91,41.74",31.53,62.44,31.72,80.40,32.29,86.52,30.91,41.74,true,0
session_20260623_163953_final,3551,387100,2026-06-23T16:46:20.578894,Okulary BME280,"31.53,62.55,31.76,80.66,32.37,86.65,30.91,41.74",31.53,62.55,31.76,80.66,32.37,86.65,30.91,41.74,true,0
session_20260623_163953_final,3552,387235,2026-06-23T16:46:20.714033,Okulary BME280,"31.53,62.69,31.81,80.94,32.45,86.71,30.92,41.72",31.53,62.69,31.81,80.94,32.45,86.71,30.92,41.72,true,0
session_20260623_163953_final,3553,387330,2026-06-23T16:46:20.808945,Okulary BME280,"31.54,62.91,31.85,81.38,32.49,86.74,30.92,41.71",31.54,62.91,31.85,81.38,32.49,86.74,30.92,41.71,true,0
session_20260623_163953_final,3554,387465,2026-06-23T16:46:20.944098,Okulary BME280,"31.54,63.05,31.87,81.60,32.52,86.76,30.92,41.70",31.54,63.05,31.87,81.60,32.52,86.76,30.92,41.70,true,0
session_20260623_163953_final,3555,387559,2026-06-23T16:46:21.038007,Okulary BME280,"31.54,63.12,31.87,81.78,32.53,86.79,30.92,41.68",31.54,63.12,31.87,81.78,32.53,86.79,30.92,41.68,true,0
session_20260623_163953_final,3556,387639,2026-06-23T16:46:21.118804,Okulary BME280,"31.54,63.18,31.87,81.92,32.50,86.60,30.92,41.67",31.54,63.18,31.87,81.92,32.50,86.60,30.92,41.67,true,0
session_20260623_163953_final,3557,387782,2026-06-23T16:46:21.261489,Okulary BME280,"31.55,63.20,31.87,82.05,32.47,86.53,30.92,41.64",31.55,63.20,31.87,82.05,32.47,86.53,30.92,41.64,true,0
session_20260623_163953_final,3558,387866,2026-06-23T16:46:21.344842,Okulary BME280,"31.54,63.21,31.85,82.18,32.43,86.47,30.92,41.62",31.54,63.21,31.85,82.18,32.43,86.47,30.92,41.62,true,0
session_20260623_163953_final,3559,388007,2026-06-23T16:46:21.485954,Okulary BME280,"31.54,63.21,31.84,82.28,32.40,86.43,30.92,41.60",31.54,63.21,31.84,82.28,32.40,86.43,30.92,41.60,true,0
session_20260623_163953_final,3560,388092,2026-06-23T16:46:21.571235,Okulary BME280,"31.54,63.16,31.83,82.39,32.36,86.40,30.92,41.57",31.54,63.16,31.83,82.39,32.36,86.40,30.92,41.57,true,0
session_20260623_163953_final,3561,388201,2026-06-23T16:46:21.679889,Okulary BME280,"31.54,63.18,31.82,82.46,32.33,86.34,30.92,41.58",31.54,63.18,31.82,82.46,32.33,86.34,30.92,41.58,true,0
session_20260623_163953_final,3562,388329,2026-06-23T16:46:21.807838,Okulary BME280,"31.54,63.12,31.80,82.57,32.31,86.38,30.92,41.56",31.54,63.12,31.80,82.57,32.31,86.38,30.92,41.56,true,0
session_20260623_163953_final,3563,388408,2026-06-23T16:46:21.886915,Okulary BME280,"31.54,63.09,31.78,82.42,32.28,86.39,30.92,41.54",31.54,63.09,31.78,82.42,32.28,86.39,30.92,41.54,true,0
session_20260623_163953_final,3564,388541,2026-06-23T16:46:22.020539,Okulary BME280,"31.53,63.04,31.75,82.14,32.25,86.28,30.92,41.54",31.53,63.04,31.75,82.14,32.25,86.28,30.92,41.54,true,0
session_20260623_163953_final,3565,388634,2026-06-23T16:46:22.113015,Okulary BME280,"31.54,62.96,31.70,81.83,32.14,85.93,30.92,41.51",31.54,62.96,31.70,81.83,32.14,85.93,30.92,41.51,true,0
session_20260623_163953_final,3566,388784,2026-06-23T16:46:22.263275,Okulary BME280,"31.53,62.87,31.65,81.47,32.07,85.76,30.92,41.50",31.53,62.87,31.65,81.47,32.07,85.76,30.92,41.50,true,0
session_20260623_163953_final,3567,388858,2026-06-23T16:46:22.336860,Okulary BME280,"31.53,62.78,31.60,81.10,32.01,85.62,30.92,41.48",31.53,62.78,31.60,81.10,32.01,85.62,30.92,41.48,true,0
session_20260623_163953_final,3568,388952,2026-06-23T16:46:22.431559,Okulary BME280,"31.52,62.72,31.58,80.74,31.97,85.48,30.92,41.47",31.52,62.72,31.58,80.74,31.97,85.48,30.92,41.47,true,0
session_20260623_163953_final,3569,389081,2026-06-23T16:46:22.559825,Okulary BME280,"31.52,62.60,31.55,80.39,31.94,85.37,30.92,41.46",31.52,62.60,31.55,80.39,31.94,85.37,30.92,41.46,true,0
session_20260623_163953_final,3570,389170,2026-06-23T16:46:22.649386,Okulary BME280,"31.52,62.40,31.54,80.00,31.92,85.24,30.92,41.42",31.52,62.40,31.54,80.00,31.92,85.24,30.92,41.42,true,0
session_20260623_163953_final,3571,389307,2026-06-23T16:46:22.786116,Okulary BME280,"31.52,62.31,31.51,79.30,31.91,85.12,30.92,41.43",31.52,62.31,31.51,79.30,31.91,85.12,30.92,41.43,true,0
session_20260623_163953_final,3572,389396,2026-06-23T16:46:22.875804,Okulary BME280,"31.52,62.23,31.50,78.96,31.90,85.01,30.92,41.37",31.52,62.23,31.50,78.96,31.90,85.01,30.92,41.37,true,0
session_20260623_163953_final,3573,389531,2026-06-23T16:46:23.010496,Okulary BME280,"31.52,62.15,31.49,78.65,31.90,84.88,30.91,41.36",31.52,62.15,31.49,78.65,31.90,84.88,30.91,41.36,true,0
session_20260623_163953_final,3574,389623,2026-06-23T16:46:23.101957,Okulary BME280,"31.52,62.08,31.49,78.43,31.90,84.85,30.91,41.34",31.52,62.08,31.49,78.43,31.90,84.85,30.91,41.34,true,0
session_20260623_163953_final,3575,389712,2026-06-23T16:46:23.191187,Okulary BME280,"31.52,62.03,31.49,78.48,31.92,85.13,30.91,41.33",31.52,62.03,31.49,78.48,31.92,85.13,30.91,41.33,true,0
session_20260623_163953_final,3576,389845,2026-06-23T16:46:23.324391,Okulary BME280,"31.53,62.02,31.52,78.69,31.96,85.48,30.92,41.30",31.53,62.02,31.52,78.69,31.96,85.48,30.92,41.30,true,0
session_20260623_163953_final,3577,389948,2026-06-23T16:46:23.427737,Okulary BME280,"31.53,61.97,31.56,79.00,32.04,85.76,30.91,41.29",31.53,61.97,31.56,79.00,32.04,85.76,30.91,41.29,true,0
session_20260623_163953_final,3578,390071,2026-06-23T16:46:23.550734,Okulary BME280,"31.53,62.02,31.62,79.31,32.13,86.01,30.92,41.28",31.53,62.02,31.62,79.31,32.13,86.01,30.92,41.28,true,0
session_20260623_163953_final,3579,390173,2026-06-23T16:46:23.652787,Okulary BME280,"31.54,62.34,31.67,79.96,32.23,86.21,30.92,41.27",31.54,62.34,31.67,79.96,32.23,86.21,30.92,41.27,true,0
session_20260623_163953_final,3580,390298,2026-06-23T16:46:23.777128,Okulary BME280,"31.54,62.49,31.77,80.28,32.32,86.38,30.91,41.29",31.54,62.49,31.77,80.28,32.32,86.38,30.91,41.29,true,0
session_20260623_163953_final,3581,390390,2026-06-23T16:46:23.869739,Okulary BME280,"31.54,62.64,31.81,80.58,32.40,86.50,30.92,41.23",31.54,62.64,31.81,80.58,32.40,86.50,30.92,41.23,true,0
session_20260623_163953_final,3582,390475,2026-06-23T16:46:23.954434,Okulary BME280,"31.55,62.79,31.84,80.86,32.46,86.59,30.92,41.22",31.55,62.79,31.84,80.86,32.46,86.59,30.92,41.22,true,0
session_20260623_163953_final,3583,390610,2026-06-23T16:46:24.088823,Okulary BME280,"31.55,62.92,31.86,81.12,32.56,86.78,30.92,41.21",31.55,62.92,31.86,81.12,32.56,86.78,30.92,41.21,true,0
session_20260623_163953_final,3584,390703,2026-06-23T16:46:24.182006,Okulary BME280,"31.55,63.07,31.88,81.38,32.59,86.83,30.92,41.20",31.55,63.07,31.88,81.38,32.59,86.83,30.92,41.20,true,0
session_20260623_163953_final,3585,390835,2026-06-23T16:46:24.314491,Okulary BME280,"31.55,63.18,31.90,81.59,32.62,86.86,30.91,41.19",31.55,63.18,31.90,81.59,32.62,86.86,30.91,41.19,true,0
session_20260623_163953_final,3586,390926,2026-06-23T16:46:24.405638,Okulary BME280,"31.55,63.27,31.90,81.81,32.63,86.87,30.91,41.17",31.55,63.27,31.90,81.81,32.63,86.87,30.91,41.17,true,0
session_20260623_163953_final,3587,391015,2026-06-23T16:46:24.493992,Okulary BME280,"31.56,63.41,31.91,82.00,32.63,86.87,30.91,41.18",31.56,63.41,31.91,82.00,32.63,86.87,30.91,41.18,true,0
session_20260623_163953_final,3588,391152,2026-06-23T16:46:24.631410,Okulary BME280,"31.55,63.52,31.90,82.29,32.62,86.83,30.91,41.18",31.55,63.52,31.90,82.29,32.62,86.83,30.91,41.18,true,0
session_20260623_163953_final,3589,391257,2026-06-23T16:46:24.736225,Okulary BME280,"31.55,63.54,31.90,82.41,32.60,86.76,30.91,41.19",31.55,63.54,31.90,82.41,32.60,86.76,30.91,41.19,true,0
session_20260623_163953_final,3590,391381,2026-06-23T16:46:24.860783,Okulary BME280,"31.55,63.55,31.88,82.39,32.58,86.75,30.91,41.19",31.55,63.55,31.88,82.39,32.58,86.75,30.91,41.19,true,0
session_20260623_163953_final,3591,391466,2026-06-23T16:46:24.945706,Okulary BME280,"31.55,63.55,31.85,82.20,32.53,86.59,30.91,41.17",31.55,63.55,31.85,82.20,32.53,86.59,30.91,41.17,true,0
session_20260623_163953_final,3592,391602,2026-06-23T16:46:25.080926,Okulary BME280,"31.55,63.51,31.78,81.94,32.38,86.26,30.91,41.17",31.55,63.51,31.78,81.94,32.38,86.26,30.91,41.17,true,0
session_20260623_163953_final,3593,391692,2026-06-23T16:46:25.170919,Okulary BME280,"31.54,63.45,31.71,81.59,32.28,86.10,30.91,41.19",31.54,63.45,31.71,81.59,32.28,86.10,30.91,41.19,true,0
session_20260623_163953_final,3594,391785,2026-06-23T16:46:25.264344,Okulary BME280,"31.54,63.44,31.65,81.25,32.18,85.98,30.91,41.19",31.54,63.44,31.65,81.25,32.18,85.98,30.91,41.19,true,0
session_20260623_163953_final,3595,391915,2026-06-23T16:46:25.394059,Okulary BME280,"31.54,63.25,31.60,80.92,32.10,85.85,30.91,41.19",31.54,63.25,31.60,80.92,32.10,85.85,30.91,41.19,true,0
session_20260623_163953_final,3596,392009,2026-06-23T16:46:25.487994,Okulary BME280,"31.54,63.12,31.55,80.54,32.04,85.76,30.92,41.18",31.54,63.12,31.55,80.54,32.04,85.76,30.92,41.18,true,0
session_20260623_163953_final,3597,392142,2026-06-23T16:46:25.621460,Okulary BME280,"31.53,63.02,31.50,79.88,31.98,85.69,30.92,41.18",31.53,63.02,31.50,79.88,31.98,85.69,30.92,41.18,true,0
session_20260623_163953_final,3598,392231,2026-06-23T16:46:25.710577,Okulary BME280,"31.53,62.91,31.49,79.57,31.95,85.63,30.92,41.14",31.53,62.91,31.49,79.57,31.95,85.63,30.92,41.14,true,0
session_20260623_163953_final,3599,392371,2026-06-23T16:46:25.850111,Okulary BME280,"31.53,62.81,31.48,79.27,31.93,85.51,30.92,41.12",31.53,62.81,31.48,79.27,31.93,85.51,30.92,41.12,true,0
session_20260623_163953_final,3600,392457,2026-06-23T16:46:25.936084,Okulary BME280,"31.53,62.72,31.48,79.00,31.91,85.48,30.92,41.14",31.53,62.72,31.48,79.00,31.91,85.48,30.92,41.14,true,0
session_20260623_163953_final,3601,392550,2026-06-23T16:46:26.028911,Okulary BME280,"31.53,62.65,31.48,78.86,31.90,85.46,30.92,41.14",31.53,62.65,31.48,78.86,31.90,85.46,30.92,41.14,true,0
session_20260623_163953_final,3602,392681,2026-06-23T16:46:26.160460,Okulary BME280,"31.53,62.57,31.49,78.93,31.92,85.72,30.92,41.15",31.53,62.57,31.49,78.93,31.92,85.72,30.92,41.15,true,0
session_20260623_163953_final,3603,392771,2026-06-23T16:46:26.250714,Okulary BME280,"31.54,62.64,31.53,79.13,31.96,86.00,30.92,41.15",31.54,62.64,31.53,79.13,31.96,86.00,30.92,41.15,true,0
session_20260623_163953_final,3604,392907,2026-06-23T16:46:26.386460,Okulary BME280,"31.53,62.56,31.58,79.41,32.04,86.27,30.92,41.14",31.53,62.56,31.58,79.41,32.04,86.27,30.92,41.14,true,0
session_20260623_163953_final,3605,392999,2026-06-23T16:46:26.478462,Okulary BME280,"31.54,62.69,31.63,79.70,32.14,86.47,30.92,41.14",31.54,62.69,31.63,79.70,32.14,86.47,30.92,41.14,true,0
session_20260623_163953_final,3606,393087,2026-06-23T16:46:26.566167,Okulary BME280,"31.54,62.79,31.73,80.31,32.23,86.63,30.92,41.13",31.54,62.79,31.73,80.31,32.23,86.63,30.92,41.13,true,0
session_20260623_163953_final,3607,393219,2026-06-23T16:46:26.698702,Okulary BME280,"31.55,62.91,31.77,80.60,32.32,86.77,30.92,41.12",31.55,62.91,31.77,80.60,32.32,86.77,30.92,41.12,true,0
session_20260623_163953_final,3608,393316,2026-06-23T16:46:26.795376,Okulary BME280,"31.55,63.06,31.82,80.89,32.41,86.90,30.92,41.08",31.55,63.06,31.82,80.89,32.41,86.90,30.92,41.08,true,0
session_20260623_163953_final,3609,393448,2026-06-23T16:46:26.927307,Okulary BME280,"31.56,63.18,31.84,81.15,32.48,86.98,30.92,41.07",31.56,63.18,31.84,81.15,32.48,86.98,30.92,41.07,true,0
session_20260623_163953_final,3610,393536,2026-06-23T16:46:27.015338,Okulary BME280,"31.56,63.31,31.87,81.38,32.56,87.04,30.92,41.07",31.56,63.31,31.87,81.38,32.56,87.04,30.92,41.07,true,0
session_20260623_163953_final,3611,393677,2026-06-23T16:46:27.156628,Okulary BME280,"31.56,63.41,31.88,81.59,32.59,87.05,30.92,41.06",31.56,63.41,31.88,81.59,32.59,87.05,30.92,41.06,true,0
session_20260623_163953_final,3612,393762,2026-06-23T16:46:27.241296,Okulary BME280,"31.56,63.50,31.88,81.79,32.60,87.03,30.92,41.06",31.56,63.50,31.88,81.79,32.60,87.03,30.92,41.06,true,0
session_20260623_163953_final,3613,393851,2026-06-23T16:46:27.330243,Okulary BME280,"31.56,63.59,31.89,81.99,32.60,86.97,30.91,41.06",31.56,63.59,31.89,81.99,32.60,86.97,30.91,41.06,true,0
session_20260623_163953_final,3614,393991,2026-06-23T16:46:27.470672,Okulary BME280,"31.56,63.68,31.88,82.13,32.58,86.89,30.92,41.06",31.56,63.68,31.88,82.13,32.58,86.89,30.92,41.06,true,0
session_20260623_163953_final,3615,394083,2026-06-23T16:46:27.562144,Okulary BME280,"31.56,63.70,31.86,82.38,32.55,86.84,30.92,41.05",31.56,63.70,31.86,82.38,32.55,86.84,30.92,41.05,true,0
session_20260623_163953_final,3616,394213,2026-06-23T16:46:27.692343,Okulary BME280,"31.56,63.71,31.85,82.38,32.51,86.77,30.92,41.04",31.56,63.71,31.85,82.38,32.51,86.77,30.92,41.04,true,0
session_20260623_163953_final,3617,394302,2026-06-23T16:46:27.781654,Okulary BME280,"31.56,63.71,31.82,82.26,32.47,86.71,30.92,41.06",31.56,63.71,31.82,82.26,32.47,86.71,30.92,41.06,true,0
session_20260623_163953_final,3618,394443,2026-06-23T16:46:27.922525,Okulary BME280,"31.55,63.69,31.77,82.07,32.37,86.49,30.92,41.07",31.55,63.69,31.77,82.07,32.37,86.49,30.92,41.07,true,0
session_20260623_163953_final,3619,394525,2026-06-23T16:46:28.004491,Okulary BME280,"31.56,63.65,31.72,81.78,32.29,86.31,30.92,41.08",31.56,63.65,31.72,81.78,32.29,86.31,30.92,41.08,true,0
session_20260623_163953_final,3620,394630,2026-06-23T16:46:28.109606,Okulary BME280,"31.55,63.58,31.67,81.46,32.19,86.14,30.92,41.09",31.55,63.58,31.67,81.46,32.19,86.14,30.92,41.09,true,0
session_20260623_163953_final,3621,394751,2026-06-23T16:46:28.229995,Okulary BME280,"31.55,63.57,31.62,81.14,32.11,86.02,30.92,41.11",31.55,63.57,31.62,81.14,32.11,86.02,30.92,41.11,true,0
session_20260623_163953_final,3622,394841,2026-06-23T16:46:28.320031,Okulary BME280,"31.55,63.37,31.59,80.80,32.04,85.94,30.92,41.12",31.55,63.37,31.59,80.80,32.04,85.94,30.92,41.12,true,0
session_20260623_163953_final,3623,394984,2026-06-23T16:46:28.463324,Okulary BME280,"31.55,63.27,31.56,80.41,31.99,85.84,30.92,41.14",31.55,63.27,31.56,80.41,31.99,85.84,30.92,41.14,true,0
session_20260623_163953_final,3624,395072,2026-06-23T16:46:28.551697,Okulary BME280,"31.54,63.17,31.53,79.74,31.95,85.75,30.92,41.15",31.54,63.17,31.53,79.74,31.95,85.75,30.92,41.15,true,0
session_20260623_163953_final,3625,395202,2026-06-23T16:46:28.681036,Okulary BME280,"31.55,63.08,31.52,79.40,31.93,85.72,30.92,41.18",31.55,63.08,31.52,79.40,31.93,85.72,30.92,41.18,true,0
session_20260623_163953_final,3626,395291,2026-06-23T16:46:28.769883,Okulary BME280,"31.55,63.00,31.51,79.09,31.91,85.59,30.92,41.19",31.55,63.00,31.51,79.09,31.91,85.59,30.92,41.19,true,0
session_20260623_163953_final,3627,395382,2026-06-23T16:46:28.861133,Okulary BME280,"31.55,62.91,31.51,78.80,31.90,85.41,30.93,41.17",31.55,62.91,31.51,78.80,31.90,85.41,30.93,41.17,true,0
session_20260623_163953_final,3628,395517,2026-06-23T16:46:28.995980,Okulary BME280,"31.55,62.83,31.50,78.60,31.91,85.44,30.92,41.18",31.55,62.83,31.50,78.60,31.91,85.44,30.92,41.18,true,0
session_20260623_163953_final,3629,395622,2026-06-23T16:46:29.100965,Okulary BME280,"31.55,62.77,31.51,78.64,31.92,85.71,30.92,41.19",31.55,62.77,31.51,78.64,31.92,85.71,30.92,41.19,true,0
session_20260623_163953_final,3630,395750,2026-06-23T16:46:29.229434,Okulary BME280,"31.55,62.74,31.54,78.86,31.97,86.03,30.92,41.21",31.55,62.74,31.54,78.86,31.97,86.03,30.92,41.21,true,0
session_20260623_163953_final,3631,395830,2026-06-23T16:46:29.309235,Okulary BME280,"31.55,62.81,31.59,79.13,32.05,86.31,30.93,41.21",31.55,62.81,31.59,79.13,32.05,86.31,30.93,41.21,true,0
session_20260623_163953_final,3632,395935,2026-06-23T16:46:29.414268,Okulary BME280,"31.56,62.91,31.65,79.47,32.16,86.50,30.93,41.22",31.56,62.91,31.65,79.47,32.16,86.50,30.93,41.22,true,0
session_20260623_163953_final,3633,396070,2026-06-23T16:46:29.548978,Okulary BME280,"31.56,63.05,31.75,80.14,32.25,86.66,30.93,41.22",31.56,63.05,31.75,80.14,32.25,86.66,30.93,41.22,true,0
session_20260623_163953_final,3634,396146,2026-06-23T16:46:29.625814,Okulary BME280,"31.57,63.17,31.80,80.43,32.34,86.76,30.93,41.26",31.57,63.17,31.80,80.43,32.34,86.76,30.93,41.26,true,0
session_20260623_163953_final,3635,396281,2026-06-23T16:46:29.760655,Okulary BME280,"31.58,63.29,31.83,80.72,32.41,86.86,30.93,41.18",31.58,63.29,31.83,80.72,32.41,86.86,30.93,41.18,true,0
session_20260623_163953_final,3636,396377,2026-06-23T16:46:29.855826,Okulary BME280,"31.58,63.41,31.86,80.97,32.50,86.99,30.92,41.19",31.58,63.41,31.86,80.97,32.50,86.99,30.92,41.19,true,0
session_20260623_163953_final,3637,396523,2026-06-23T16:46:30.001849,Okulary BME280,"31.58,63.53,31.87,81.22,32.53,87.02,30.92,41.16",31.58,63.53,31.87,81.22,32.53,87.02,30.92,41.16,true,0
session_20260623_163953_final,3638,396598,2026-06-23T16:46:30.077094,Okulary BME280,"31.58,63.58,31.89,81.44,32.55,87.02,30.92,41.14",31.58,63.58,31.89,81.44,32.55,87.02,30.92,41.14,true,0
session_20260623_163953_final,3639,396692,2026-06-23T16:46:30.171412,Okulary BME280,"31.58,63.80,31.89,81.64,32.55,87.02,30.91,41.13",31.58,63.80,31.89,81.64,32.55,87.02,30.91,41.13,true,0
session_20260623_163953_final,3640,396825,2026-06-23T16:46:30.304048,Okulary BME280,"31.58,63.87,31.89,81.84,32.55,86.99,30.91,41.12",31.58,63.87,31.89,81.84,32.55,86.99,30.91,41.12,true,0
session_20260623_163953_final,3641,396911,2026-06-23T16:46:30.389857,Okulary BME280,"31.58,63.92,31.89,82.00,32.53,86.92,30.91,41.10",31.58,63.92,31.89,82.00,32.53,86.92,30.91,41.10,true,0
session_20260623_163953_final,3642,397045,2026-06-23T16:46:30.524073,Okulary BME280,"31.58,63.94,31.88,82.26,32.51,86.89,30.91,41.09",31.58,63.94,31.88,82.26,32.51,86.89,30.91,41.09,true,0
session_20260623_163953_final,3643,397135,2026-06-23T16:46:30.614705,Okulary BME280,"31.58,63.96,31.86,82.32,32.48,86.89,30.91,41.11",31.58,63.96,31.86,82.32,32.48,86.89,30.91,41.11,true,0
session_20260623_163953_final,3644,397272,2026-06-23T16:46:30.751669,Okulary BME280,"31.58,63.98,31.84,82.20,32.45,86.81,30.91,41.06",31.58,63.98,31.84,82.20,32.45,86.81,30.91,41.06,true,0
session_20260623_163953_final,3645,397368,2026-06-23T16:46:30.847105,Okulary BME280,"31.58,63.98,31.79,81.97,32.35,86.53,30.91,41.05",31.58,63.98,31.79,81.97,32.35,86.53,30.91,41.05,true,0
session_20260623_163953_final,3646,397450,2026-06-23T16:46:30.929442,Okulary BME280,"31.58,63.88,31.73,81.68,32.27,86.36,30.91,41.02",31.58,63.88,31.73,81.68,32.27,86.36,30.91,41.02,true,0
session_20260623_163953_final,3647,397589,2026-06-23T16:46:31.068674,Okulary BME280,"31.58,63.99,31.68,81.35,32.19,86.18,30.91,41.01",31.58,63.99,31.68,81.35,32.19,86.18,30.91,41.01,true,0
session_20260623_163953_final,3648,397677,2026-06-23T16:46:31.156561,Okulary BME280,"31.58,63.84,31.63,81.01,32.11,86.06,30.91,41.00",31.58,63.84,31.63,81.01,32.11,86.06,30.91,41.00,true,0
session_20260623_163953_final,3649,397828,2026-06-23T16:46:31.307148,Okulary BME280,"31.57,63.79,31.60,80.68,32.05,85.95,30.91,40.99",31.57,63.79,31.60,80.68,32.05,85.95,30.91,40.99,true,0
session_20260623_163953_final,3650,397902,2026-06-23T16:46:31.381618,Okulary BME280,"31.58,63.73,31.57,80.38,31.99,85.87,30.91,40.96",31.58,63.73,31.57,80.38,31.99,85.87,30.91,40.96,true,0
session_20260623_163953_final,3651,397997,2026-06-23T16:46:31.476644,Okulary BME280,"31.57,63.67,31.54,79.72,31.96,85.80,30.91,40.94",31.57,63.67,31.54,79.72,31.96,85.80,30.91,40.94,true,0
session_20260623_163953_final,3652,398129,2026-06-23T16:46:31.607966,Okulary BME280,"31.57,63.61,31.53,79.41,31.94,85.70,30.91,40.94",31.57,63.61,31.53,79.41,31.94,85.70,30.91,40.94,true,0
session_20260623_163953_final,3653,398217,2026-06-23T16:46:31.696711,Okulary BME280,"31.57,63.54,31.53,79.13,31.93,85.63,30.91,40.93",31.57,63.54,31.53,79.13,31.93,85.63,30.91,40.93,true,0
session_20260623_163953_final,3654,398351,2026-06-23T16:46:31.829990,Okulary BME280,"31.57,63.49,31.52,79.02,31.93,85.72,30.91,40.91",31.57,63.49,31.52,79.02,31.93,85.72,30.91,40.91,true,0
session_20260623_163953_final,3655,398446,2026-06-23T16:46:31.924928,Okulary BME280,"31.57,63.43,31.54,79.14,31.95,86.00,30.91,40.92",31.57,63.43,31.54,79.14,31.95,86.00,30.91,40.92,true,0
session_20260623_163953_final,3656,398590,2026-06-23T16:46:32.069153,Okulary BME280,"31.57,63.40,31.58,79.36,32.00,86.28,30.91,40.93",31.57,63.40,31.58,79.36,32.00,86.28,30.91,40.93,true,0
session_20260623_163953_final,3657,398666,2026-06-23T16:46:32.145243,Okulary BME280,"31.58,63.48,31.62,79.63,32.08,86.50,30.92,40.94",31.58,63.48,31.62,79.63,32.08,86.50,30.92,40.94,true,0
session_20260623_163953_final,3658,398756,2026-06-23T16:46:32.235492,Okulary BME280,"31.58,63.54,31.68,79.93,32.17,86.66,30.91,40.96",31.58,63.54,31.68,79.93,32.17,86.66,30.91,40.96,true,0
session_20260623_163953_final,3659,398892,2026-06-23T16:46:32.371327,Okulary BME280,"31.58,63.62,31.73,80.19,32.25,86.79,30.91,40.99",31.58,63.62,31.73,80.19,32.25,86.79,30.91,40.99,true,0
session_20260623_163953_final,3660,398982,2026-06-23T16:46:32.461149,Okulary BME280,"31.59,63.72,31.81,80.76,32.32,86.91,30.91,41.00",31.59,63.72,31.81,80.76,32.32,86.91,30.91,41.00,true,0
session_20260623_163953_final,3661,399123,2026-06-23T16:46:32.602307,Okulary BME280,"31.59,63.82,31.84,81.01,32.39,86.99,30.91,41.02",31.59,63.82,31.84,81.01,32.39,86.99,30.91,41.02,true,0
session_20260623_163953_final,3662,399206,2026-06-23T16:46:32.685089,Okulary BME280,"31.60,63.92,31.86,81.25,32.44,87.05,30.92,41.06",31.60,63.92,31.86,81.25,32.44,87.05,30.92,41.06,true,0
session_20260623_163953_final,3663,399340,2026-06-23T16:46:32.818873,Okulary BME280,"31.60,63.97,31.88,81.46,32.51,87.07,30.92,41.06",31.60,63.97,31.88,81.46,32.51,87.07,30.92,41.06,true,0
session_20260623_163953_final,3664,399448,2026-06-23T16:46:32.926895,Okulary BME280,"31.60,64.04,31.88,81.66,32.51,87.05,30.92,41.07",31.60,64.04,31.88,81.66,32.51,87.05,30.92,41.07,true,0
session_20260623_163953_final,3665,399523,2026-06-23T16:46:33.002804,Okulary BME280,"31.60,64.19,31.89,81.84,32.51,87.01,30.92,41.08",31.60,64.19,31.89,81.84,32.51,87.01,30.92,41.08,true,0
session_20260623_163953_final,3666,399655,2026-06-23T16:46:33.133996,Okulary BME280,"31.60,64.21,31.88,82.01,32.49,86.96,30.92,41.09",31.60,64.21,31.88,82.01,32.49,86.96,30.92,41.09,true,0
session_20260623_163953_final,3667,399752,2026-06-23T16:46:33.230838,Okulary BME280,"31.60,64.25,31.88,82.13,32.47,86.91,30.92,41.11",31.60,64.25,31.88,82.13,32.47,86.91,30.92,41.11,true,0
session_20260623_163953_final,3668,399899,2026-06-23T16:46:33.378442,Okulary BME280,"31.60,64.25,31.87,82.29,32.44,86.85,30.92,41.12",31.60,64.25,31.87,82.29,32.44,86.85,30.92,41.12,true,0
session_20260623_163953_final,3669,399971,2026-06-23T16:46:33.450104,Okulary BME280,"31.60,64.25,31.84,82.39,32.41,86.80,30.92,41.14",31.60,64.25,31.84,82.39,32.41,86.80,30.92,41.14,true,0
session_20260623_163953_final,3670,400107,2026-06-23T16:46:33.586665,Okulary BME280,"31.60,64.24,31.81,82.29,32.38,86.78,30.92,41.13",31.60,64.24,31.81,82.29,32.38,86.78,30.92,41.13,true,0
session_20260623_163953_final,3671,400196,2026-06-23T16:46:33.674860,Okulary BME280,"31.60,64.21,31.77,82.08,32.34,86.66,30.92,41.13",31.60,64.21,31.77,82.08,32.34,86.66,30.92,41.13,true,0
session_20260623_163953_final,3672,400293,2026-06-23T16:46:33.772013,Okulary BME280,"31.59,64.15,31.73,81.82,32.24,86.45,30.92,41.20",31.59,64.15,31.73,81.82,32.24,86.45,30.92,41.20,true,0
session_20260623_163953_final,3673,400422,2026-06-23T16:46:33.900861,Okulary BME280,"31.59,64.14,31.68,81.54,32.17,86.32,30.92,41.20",31.59,64.14,31.68,81.54,32.17,86.32,30.92,41.20,true,0
session_20260623_163953_final,3674,400514,2026-06-23T16:46:33.992897,Okulary BME280,"31.59,63.90,31.64,81.22,32.11,86.17,30.93,41.21",31.59,63.90,31.64,81.22,32.11,86.17,30.93,41.21,true,0
session_20260623_163953_final,3675,400645,2026-06-23T16:46:34.124608,Okulary BME280,"31.58,63.79,31.61,80.89,32.06,86.05,30.93,41.23",31.58,63.79,31.61,80.89,32.06,86.05,30.93,41.23,true,0
session_20260623_163953_final,3676,400747,2026-06-23T16:46:34.226183,Okulary BME280,"31.58,63.67,31.59,80.59,32.01,85.97,30.92,41.25",31.58,63.67,31.59,80.59,32.01,85.97,30.92,41.25,true,0
session_20260623_163953_final,3677,400828,2026-06-23T16:46:34.307697,Okulary BME280,"31.58,63.56,31.57,80.22,31.98,85.89,30.93,41.27",31.58,63.56,31.57,80.22,31.98,85.89,30.93,41.27,true,0
session_20260623_163953_final,3678,400964,2026-06-23T16:46:34.442817,Okulary BME280,"31.58,63.46,31.54,79.79,31.96,85.84,30.93,41.28",31.58,63.46,31.54,79.79,31.96,85.84,30.93,41.28,true,0
session_20260623_163953_final,3679,401052,2026-06-23T16:46:34.531347,Okulary BME280,"31.58,63.38,31.56,79.87,31.95,85.92,30.93,41.29",31.58,63.38,31.56,79.87,31.95,85.92,30.93,41.29,true,0
session_20260623_163953_final,3680,401203,2026-06-23T16:46:34.682762,Okulary BME280,"31.58,63.54,31.58,79.97,31.96,86.04,30.93,41.28",31.58,63.54,31.58,79.97,31.96,86.04,30.93,41.28,true,0
session_20260623_163953_final,3681,401276,2026-06-23T16:46:34.755666,Okulary BME280,"31.60,64.24,31.61,80.10,32.00,86.11,30.93,41.28",31.60,64.24,31.61,80.10,32.00,86.11,30.93,41.28,true,0
session_20260623_163953_final,3682,401411,2026-06-23T16:46:34.890571,Okulary BME280,"31.66,65.14,31.63,80.22,32.01,86.10,30.94,41.29",31.66,65.14,31.63,80.22,32.01,86.10,30.94,41.29,true,0
session_20260623_163953_final,3683,401512,2026-06-23T16:46:34.991649,Okulary BME280,"31.85,66.61,31.65,80.31,32.02,86.09,30.93,41.29",31.85,66.61,31.65,80.31,32.02,86.09,30.93,41.29,true,0
session_20260623_163953_final,3684,401591,2026-06-23T16:46:35.070667,Okulary BME280,"31.91,67.24,31.65,80.40,32.03,86.09,30.93,41.28",31.91,67.24,31.65,80.40,32.03,86.09,30.93,41.28,true,0
session_20260623_163953_final,3685,401728,2026-06-23T16:46:35.207125,Okulary BME280,"31.99,67.85,31.66,80.46,32.04,86.12,30.93,41.27",31.99,67.85,31.66,80.46,32.04,86.12,30.93,41.27,true,0
session_20260623_163953_final,3686,401821,2026-06-23T16:46:35.300287,Okulary BME280,"32.06,68.35,31.67,80.69,32.05,86.12,30.93,41.27",32.06,68.35,31.67,80.69,32.05,86.12,30.93,41.27,true,0
session_20260623_163953_final,3687,401950,2026-06-23T16:46:35.429761,Okulary BME280,"32.09,68.80,31.68,80.79,32.06,86.11,30.93,41.27",32.09,68.80,31.68,80.79,32.06,86.11,30.93,41.27,true,0
session_20260623_163953_final,3688,402056,2026-06-23T16:46:35.535352,Okulary BME280,"32.12,69.24,31.69,80.88,32.07,86.11,30.94,41.25",32.12,69.24,31.69,80.88,32.07,86.11,30.94,41.25,true,0
session_20260623_163953_final,3689,402176,2026-06-23T16:46:35.655627,Okulary BME280,"32.14,69.64,31.70,80.95,32.07,86.08,30.94,41.21",32.14,69.64,31.70,80.95,32.07,86.08,30.94,41.21,true,0
session_20260623_163953_final,3690,402266,2026-06-23T16:46:35.745067,Okulary BME280,"32.16,70.01,31.70,81.06,32.07,86.10,30.94,41.21",32.16,70.01,31.70,81.06,32.07,86.10,30.94,41.21,true,0
session_20260623_163953_final,3691,402370,2026-06-23T16:46:35.849704,Okulary BME280,"32.20,70.62,31.71,81.21,32.08,86.31,30.94,41.19",32.20,70.62,31.71,81.21,32.08,86.31,30.94,41.19,true,0
session_20260623_163953_final,3692,402500,2026-06-23T16:46:35.979329,Okulary BME280,"32.21,70.82,31.73,81.40,32.13,86.50,30.94,41.18",32.21,70.82,31.73,81.40,32.13,86.50,30.94,41.18,true,0
session_20260623_163953_final,3693,402581,2026-06-23T16:46:36.060693,Okulary BME280,"32.19,70.99,31.76,81.62,32.19,86.66,30.94,41.15",32.19,70.99,31.76,81.62,32.19,86.66,30.94,41.15,true,0
session_20260623_163953_final,3694,402723,2026-06-23T16:46:36.202634,Okulary BME280,"32.16,71.13,31.80,81.80,32.24,86.73,30.94,41.15",32.16,71.13,31.80,81.80,32.24,86.73,30.94,41.15,true,0
session_20260623_163953_final,3695,402810,2026-06-23T16:46:36.289299,Okulary BME280,"32.14,71.28,31.85,82.04,32.29,86.71,30.94,41.13",32.14,71.28,31.85,82.04,32.29,86.71,30.94,41.13,true,0
session_20260623_163953_final,3696,402896,2026-06-23T16:46:36.375491,Okulary BME280,"32.11,71.38,31.84,82.13,32.31,86.66,30.94,41.13",32.11,71.38,31.84,82.13,32.31,86.66,30.94,41.13,true,0
session_20260623_163953_final,3697,403032,2026-06-23T16:46:36.510856,Okulary BME280,"32.08,71.49,31.83,82.19,32.30,86.55,30.93,41.13",32.08,71.49,31.83,82.19,32.30,86.55,30.93,41.13,true,0
session_20260623_163953_final,3698,403122,2026-06-23T16:46:36.601208,Okulary BME280,"32.06,71.57,31.82,82.28,32.27,86.53,30.93,41.17",32.06,71.57,31.82,82.28,32.27,86.53,30.93,41.17,true,0
session_20260623_163953_final,3699,403256,2026-06-23T16:46:36.735175,Okulary BME280,"32.04,71.66,31.81,82.32,32.25,86.48,30.94,41.11",32.04,71.66,31.81,82.32,32.25,86.48,30.94,41.11,true,0
session_20260623_163953_final,3700,403347,2026-06-23T16:46:36.825889,Okulary BME280,"32.00,71.98,31.80,82.35,32.22,86.42,30.93,41.15",32.00,71.98,31.80,82.35,32.22,86.42,30.93,41.15,true,0
session_20260623_163953_final,3701,403480,2026-06-23T16:46:36.959793,Okulary BME280,"32.00,72.19,31.79,82.39,32.21,86.41,30.93,41.17",32.00,72.19,31.79,82.39,32.21,86.41,30.93,41.17,true,0
session_20260623_163953_final,3702,403572,2026-06-23T16:46:37.051452,Okulary BME280,"32.03,72.38,31.77,82.29,32.19,86.31,30.93,41.18",32.03,72.38,31.77,82.29,32.19,86.31,30.93,41.18,true,0
session_20260623_163953_final,3703,403663,2026-06-23T16:46:37.142213,Okulary BME280,"32.05,72.56,31.75,82.07,32.15,86.10,30.93,41.17",32.05,72.56,31.75,82.07,32.15,86.10,30.93,41.17,true,0
session_20260623_163953_final,3704,403797,2026-06-23T16:46:37.276723,Okulary BME280,"32.08,72.73,31.68,81.39,32.10,85.92,30.93,41.15",32.08,72.73,31.68,81.39,32.10,85.92,30.93,41.15,true,0
session_20260623_163953_final,3705,403897,2026-06-23T16:46:37.376099,Okulary BME280,"32.10,72.93,31.64,81.05,32.06,85.71,30.94,41.12",32.10,72.93,31.64,81.05,32.06,85.71,30.94,41.12,true,0
session_20260623_163953_final,3706,404021,2026-06-23T16:46:37.499955,Okulary BME280,"32.13,73.16,31.61,80.80,32.02,85.57,30.93,41.11",32.13,73.16,31.61,80.80,32.02,85.57,30.93,41.11,true,0
session_20260623_163953_final,3707,404110,2026-06-23T16:46:37.589619,Okulary BME280,"32.17,73.39,31.60,80.63,31.99,85.56,30.93,41.11",32.17,73.39,31.60,80.63,31.99,85.56,30.93,41.11,true,0
session_20260623_163953_final,3708,404246,2026-06-23T16:46:37.725206,Okulary BME280,"32.21,73.58,31.60,80.59,31.99,85.68,30.93,41.05",32.21,73.58,31.60,80.59,31.99,85.68,30.93,41.05,true,0
session_20260623_163953_final,3709,404336,2026-06-23T16:46:37.815636,Okulary BME280,"32.29,73.97,31.61,80.64,32.01,85.81,30.93,41.04",32.29,73.97,31.61,80.64,32.01,85.81,30.93,41.04,true,0
session_20260623_163953_final,3710,404427,2026-06-23T16:46:37.906355,Okulary BME280,"32.31,74.16,31.63,80.72,32.04,85.88,30.93,41.01",32.31,74.16,31.63,80.72,32.04,85.88,30.93,41.01,true,0
session_20260623_163953_final,3711,404563,2026-06-23T16:46:38.042397,Okulary BME280,"32.34,74.34,31.65,80.79,32.06,85.92,30.93,40.99",32.34,74.34,31.65,80.79,32.06,85.92,30.93,40.99,true,0
session_20260623_163953_final,3712,404651,2026-06-23T16:46:38.130805,Okulary BME280,"32.37,74.51,31.67,80.89,32.07,85.92,30.93,40.99",32.37,74.51,31.67,80.89,32.07,85.92,30.93,40.99,true,0
session_20260623_163953_final,3713,404798,2026-06-23T16:46:38.277160,Okulary BME280,"32.41,74.66,31.69,81.05,32.08,85.91,30.94,40.98",32.41,74.66,31.69,81.05,32.08,85.91,30.94,40.98,true,0
session_20260623_163953_final,3714,404874,2026-06-23T16:46:38.353740,Okulary BME280,"32.42,74.77,31.70,81.11,32.08,85.91,30.94,40.97",32.42,74.77,31.70,81.11,32.08,85.91,30.94,40.97,true,0
session_20260623_163953_final,3715,405016,2026-06-23T16:46:38.495596,Okulary BME280,"32.43,74.91,31.71,81.14,32.08,85.91,30.93,40.98",32.43,74.91,31.71,81.14,32.08,85.91,30.93,40.98,true,0
session_20260623_163953_final,3716,405104,2026-06-23T16:46:38.583267,Okulary BME280,"32.44,74.99,31.70,81.17,32.08,85.88,30.93,40.97",32.44,74.99,31.70,81.17,32.08,85.88,30.93,40.97,true,0
session_20260623_163953_final,3717,405191,2026-06-23T16:46:38.670813,Okulary BME280,"32.44,75.27,31.70,81.19,32.08,85.92,30.93,40.93",32.44,75.27,31.70,81.19,32.08,85.92,30.93,40.93,true,0
session_20260623_163953_final,3718,405330,2026-06-23T16:46:38.808961,Okulary BME280,"32.44,75.40,31.70,81.25,32.08,86.01,30.93,40.97",32.44,75.40,31.70,81.25,32.08,86.01,30.93,40.97,true,0
session_20260623_163953_final,3719,405420,2026-06-23T16:46:38.899632,Okulary BME280,"32.46,75.52,31.71,81.35,32.10,86.08,30.93,40.94",32.46,75.52,31.71,81.35,32.10,86.08,30.93,40.94,true,0
session_20260623_163953_final,3720,405566,2026-06-23T16:46:39.044955,Okulary BME280,"32.47,75.59,31.72,81.43,32.12,86.10,30.93,40.94",32.47,75.59,31.72,81.43,32.12,86.10,30.93,40.94,true,0
session_20260623_163953_final,3721,405643,2026-06-23T16:46:39.122545,Okulary BME280,"32.47,75.68,31.73,81.55,32.14,86.10,30.93,40.92",32.47,75.68,31.73,81.55,32.14,86.10,30.93,40.92,true,0
session_20260623_163953_final,3722,405738,2026-06-23T16:46:39.217033,Okulary BME280,"32.46,75.80,31.75,81.77,32.14,86.13,30.93,40.93",32.46,75.80,31.75,81.77,32.14,86.13,30.93,40.93,true,0
session_20260623_163953_final,3723,405883,2026-06-23T16:46:39.362539,Okulary BME280,"32.47,75.93,31.75,81.86,32.15,86.19,30.93,40.94",32.47,75.93,31.75,81.86,32.15,86.19,30.93,40.94,true,0
session_20260623_163953_final,3724,405955,2026-06-23T16:46:39.434489,Okulary BME280,"32.47,76.03,31.76,81.96,32.15,86.12,30.93,40.94",32.47,76.03,31.76,81.96,32.15,86.12,30.93,40.94,true,0
session_20260623_163953_final,3725,406091,2026-06-23T16:46:39.570691,Okulary BME280,"32.48,76.19,31.77,82.07,32.13,85.99,30.93,40.93",32.48,76.19,31.77,82.07,32.13,85.99,30.93,40.93,true,0
session_20260623_163953_final,3726,406185,2026-06-23T16:46:39.664569,Okulary BME280,"32.52,76.38,31.77,82.14,32.13,86.03,30.93,40.99",32.52,76.38,31.77,82.14,32.13,86.03,30.93,40.99,true,0
session_20260623_163953_final,3727,406331,2026-06-23T16:46:39.810460,Okulary BME280,"32.53,76.47,31.77,82.24,32.13,86.13,30.94,40.98",32.53,76.47,31.77,82.24,32.13,86.13,30.94,40.98,true,0
session_20260623_163953_final,3728,406407,2026-06-23T16:46:39.885945,Okulary BME280,"32.55,76.54,31.78,82.37,32.14,86.22,30.94,40.99",32.55,76.54,31.78,82.37,32.14,86.22,30.94,40.99,true,0
session_20260623_163953_final,3729,406496,2026-06-23T16:46:39.974964,Okulary BME280,"32.55,76.63,31.79,82.48,32.16,86.23,30.94,40.99",32.55,76.63,31.79,82.48,32.16,86.23,30.94,40.99,true,0
session_20260623_163953_final,3730,406632,2026-06-23T16:46:40.111685,Okulary BME280,"32.55,76.72,31.80,82.57,32.18,86.23,30.94,41.01",32.55,76.72,31.80,82.57,32.18,86.23,30.94,41.01,true,0
session_20260623_163953_final,3731,406731,2026-06-23T16:46:40.210001,Okulary BME280,"32.56,76.80,31.80,82.73,32.19,86.25,30.94,41.04",32.56,76.80,31.80,82.73,32.19,86.25,30.94,41.04,true,0
session_20260623_163953_final,3732,406856,2026-06-23T16:46:40.335169,Okulary BME280,"32.56,76.89,31.80,82.78,32.19,86.23,30.94,41.06",32.56,76.89,31.80,82.78,32.19,86.23,30.94,41.06,true,0
session_20260623_163953_final,3733,406948,2026-06-23T16:46:40.427297,Okulary BME280,"32.57,77.00,31.80,82.81,32.19,86.18,30.94,41.11",32.57,77.00,31.80,82.81,32.19,86.18,30.94,41.11,true,0
session_20260623_163953_final,3734,407081,2026-06-23T16:46:40.560190,Okulary BME280,"32.57,77.09,31.78,82.83,32.17,86.14,30.94,41.16",32.57,77.09,31.78,82.83,32.17,86.14,30.94,41.16,true,0
session_20260623_163953_final,3735,407187,2026-06-23T16:46:40.665994,Okulary BME280,"32.59,77.22,31.77,82.87,32.16,86.13,30.94,41.24",32.59,77.22,31.77,82.87,32.16,86.13,30.94,41.24,true,0
session_20260623_163953_final,3736,407261,2026-06-23T16:46:40.740226,Okulary BME280,"32.60,77.28,31.77,82.89,32.16,86.10,30.94,41.35",32.60,77.28,31.77,82.89,32.16,86.10,30.94,41.35,true,0
session_20260623_163953_final,3737,407397,2026-06-23T16:46:40.875845,Okulary BME280,"32.60,77.34,31.77,82.93,32.16,86.13,30.95,41.39",32.60,77.34,31.77,82.93,32.16,86.13,30.95,41.39,true,0
session_20260623_163953_final,3738,407486,2026-06-23T16:46:40.965303,Okulary BME280,"32.59,77.40,31.77,82.97,32.16,86.19,30.95,41.41",32.59,77.40,31.77,82.97,32.16,86.19,30.95,41.41,true,0
session_20260623_163953_final,3739,407637,2026-06-23T16:46:41.115880,Okulary BME280,"32.58,77.47,31.78,83.02,32.17,86.19,30.95,41.42",32.58,77.47,31.78,83.02,32.17,86.19,30.95,41.42,true,0
session_20260623_163953_final,3740,407712,2026-06-23T16:46:41.191012,Okulary BME280,"32.58,77.56,31.78,83.07,32.17,86.16,30.95,41.44",32.58,77.56,31.78,83.07,32.17,86.16,30.95,41.44,true,0
session_20260623_163953_final,3741,407802,2026-06-23T16:46:41.281035,Okulary BME280,"32.59,77.65,31.77,83.03,32.17,86.13,30.95,41.44",32.59,77.65,31.77,83.03,32.17,86.13,30.95,41.44,true,0
session_20260623_163953_final,3742,407937,2026-06-23T16:46:41.416316,Okulary BME280,"32.59,77.70,31.76,82.86,32.17,86.08,30.95,41.45",32.59,77.70,31.76,82.86,32.17,86.08,30.95,41.45,true,0
session_20260623_163953_final,3743,408028,2026-06-23T16:46:41.507799,Okulary BME280,"32.60,77.76,31.73,82.65,32.12,85.77,30.95,41.45",32.60,77.76,31.73,82.65,32.12,85.77,30.95,41.45,true,0
session_20260623_163953_final,3744,408160,2026-06-23T16:46:41.639333,Okulary BME280,"32.59,77.82,31.71,82.42,32.09,85.60,30.95,41.45",32.59,77.82,31.71,82.42,32.09,85.60,30.95,41.45,true,0
session_20260623_163953_final,3745,408250,2026-06-23T16:46:41.729796,Okulary BME280,"32.58,77.83,31.67,82.20,32.06,85.46,30.95,41.46",32.58,77.83,31.67,82.20,32.06,85.46,30.95,41.46,true,0
session_20260623_163953_final,3746,408386,2026-06-23T16:46:41.865287,Okulary BME280,"32.55,77.80,31.65,81.96,32.03,85.34,30.95,41.42",32.55,77.80,31.65,81.96,32.03,85.34,30.95,41.42,true,0
session_20260623_163953_final,3747,408490,2026-06-23T16:46:41.969490,Okulary BME280,"32.52,77.78,31.64,81.75,32.00,85.21,30.95,41.41",32.52,77.78,31.64,81.75,32.00,85.21,30.95,41.41,true,0
session_20260623_163953_final,3748,408566,2026-06-23T16:46:42.045592,Okulary BME280,"32.48,77.80,31.63,81.58,31.99,85.12,30.95,41.40",32.48,77.80,31.63,81.58,31.99,85.12,30.95,41.40,true,0
session_20260623_163953_final,3749,408704,2026-06-23T16:46:42.183200,Okulary BME280,"32.45,77.86,31.62,81.43,31.99,85.15,30.95,41.39",32.45,77.86,31.62,81.43,31.99,85.15,30.95,41.39,true,0
session_20260623_163953_final,3750,408812,2026-06-23T16:46:42.290900,Okulary BME280,"32.44,77.96,31.63,81.34,32.00,85.16,30.95,41.39",32.44,77.96,31.63,81.34,32.00,85.16,30.95,41.39,true,0
session_20260623_163953_final,3751,408931,2026-06-23T16:46:42.410245,Okulary BME280,"32.45,78.05,31.63,81.26,32.00,85.20,30.95,41.38",32.45,78.05,31.63,81.26,32.00,85.20,30.95,41.38,true,0
session_20260623_163953_final,3752,409017,2026-06-23T16:46:42.496452,Okulary BME280,"32.48,78.21,31.64,81.19,32.02,85.05,30.95,41.39",32.48,78.21,31.64,81.19,32.02,85.05,30.95,41.39,true,0
session_20260623_163953_final,3753,409156,2026-06-23T16:46:42.634867,Okulary BME280,"32.50,78.29,31.64,81.12,32.02,85.02,30.95,41.42",32.50,78.29,31.64,81.12,32.02,85.02,30.95,41.42,true,0
session_20260623_163953_final,3754,409241,2026-06-23T16:46:42.719882,Okulary BME280,"32.51,78.34,31.64,81.05,32.02,85.01,30.95,41.40",32.51,78.34,31.64,81.05,32.02,85.01,30.95,41.40,true,0
session_20260623_163953_final,3755,409331,2026-06-23T16:46:42.810598,Okulary BME280,"32.51,78.41,31.65,81.00,32.03,84.99,30.95,41.45",32.51,78.41,31.65,81.00,32.03,84.99,30.95,41.45,true,0
session_20260623_163953_final,3756,409466,2026-06-23T16:46:42.944825,Okulary BME280,"32.53,78.49,31.65,81.00,32.03,84.98,30.96,41.46",32.53,78.49,31.65,81.00,32.03,84.98,30.96,41.46,true,0
session_20260623_163953_final,3757,409555,2026-06-23T16:46:43.034359,Okulary BME280,"32.54,78.55,31.66,81.02,32.04,84.96,30.95,41.47",32.54,78.55,31.66,81.02,32.04,84.96,30.95,41.47,true,0
session_20260623_163953_final,3758,409691,2026-06-23T16:46:43.170516,Okulary BME280,"32.55,78.61,31.68,81.06,32.04,84.91,30.96,41.49",32.55,78.61,31.68,81.06,32.04,84.91,30.96,41.49,true,0
session_20260623_163953_final,3759,409782,2026-06-23T16:46:43.260966,Okulary BME280,"32.55,78.60,31.68,81.09,32.04,84.86,30.96,41.51",32.55,78.60,31.68,81.09,32.04,84.86,30.96,41.51,true,0
session_20260623_163953_final,3760,409917,2026-06-23T16:46:43.396117,Okulary BME280,"32.56,78.74,31.69,81.13,32.05,84.85,30.96,41.53",32.56,78.74,31.69,81.13,32.05,84.85,30.96,41.53,true,0
session_20260623_163953_final,3761,410008,2026-06-23T16:46:43.487622,Okulary BME280,"32.57,78.85,31.70,81.15,32.05,84.79,30.96,41.53",32.57,78.85,31.70,81.15,32.05,84.79,30.96,41.53,true,0
session_20260623_163953_final,3762,410099,2026-06-23T16:46:43.578428,Okulary BME280,"32.57,78.91,31.70,81.19,32.06,84.77,30.96,41.59",32.57,78.91,31.70,81.19,32.06,84.77,30.96,41.59,true,0
session_20260623_163953_final,3763,410238,2026-06-23T16:46:43.717536,Okulary BME280,"32.58,78.96,31.71,81.21,32.06,84.75,30.96,41.52",32.58,78.96,31.71,81.21,32.06,84.75,30.96,41.52,true,0
session_20260623_163953_final,3764,410322,2026-06-23T16:46:43.801101,Okulary BME280,"32.58,79.04,31.71,81.24,32.06,84.75,30.96,41.53",32.58,79.04,31.71,81.24,32.06,84.75,30.96,41.53,true,0
session_20260623_163953_final,3765,410455,2026-06-23T16:46:43.934603,Okulary BME280,"32.59,79.10,31.71,81.26,32.06,84.73,30.96,41.52",32.59,79.10,31.71,81.26,32.06,84.73,30.96,41.52,true,0
session_20260623_163953_final,3766,410549,2026-06-23T16:46:44.028545,Okulary BME280,"32.60,79.15,31.72,81.31,32.06,84.66,30.96,41.51",32.60,79.15,31.72,81.31,32.06,84.66,30.96,41.51,true,0
session_20260623_163953_final,3767,410635,2026-06-23T16:46:44.114549,Okulary BME280,"32.61,79.22,31.73,81.45,32.06,84.76,30.96,41.48",32.61,79.22,31.73,81.45,32.06,84.76,30.96,41.48,true,0
session_20260623_163953_final,3768,410770,2026-06-23T16:46:44.249088,Okulary BME280,"32.60,79.20,31.74,81.54,32.06,84.94,30.96,41.46",32.60,79.20,31.74,81.54,32.06,84.94,30.96,41.46,true,0
session_20260623_163953_final,3769,410861,2026-06-23T16:46:44.339852,Okulary BME280,"32.56,79.08,31.76,81.45,32.10,84.89,30.96,41.44",32.56,79.08,31.76,81.45,32.10,84.89,30.96,41.44,true,0
session_20260623_163953_final,3770,411000,2026-06-23T16:46:44.479628,Okulary BME280,"32.52,79.03,31.74,81.28,32.09,84.70,30.96,41.42",32.52,79.03,31.74,81.28,32.09,84.70,30.96,41.42,true,0
session_20260623_163953_final,3771,411085,2026-06-23T16:46:44.564149,Okulary BME280,"32.48,79.00,31.72,81.06,32.06,84.49,30.96,41.38",32.48,79.00,31.72,81.06,32.06,84.49,30.96,41.38,true,0
session_20260623_163953_final,3772,411222,2026-06-23T16:46:44.700960,Okulary BME280,"32.43,78.96,31.69,80.79,32.04,84.32,30.96,41.38",32.43,78.96,31.69,80.79,32.04,84.32,30.96,41.38,true,0
session_20260623_163953_final,3773,411312,2026-06-23T16:46:44.791109,Okulary BME280,"32.39,78.94,31.66,80.50,32.01,84.17,30.96,41.33",32.39,78.94,31.66,80.50,32.01,84.17,30.96,41.33,true,0
session_20260623_163953_final,3774,411401,2026-06-23T16:46:44.880211,Okulary BME280,"32.35,78.91,31.64,80.25,31.99,83.99,30.95,41.31",32.35,78.91,31.64,80.25,31.99,83.99,30.95,41.31,true,0
session_20260623_163953_final,3775,411543,2026-06-23T16:46:45.022319,Okulary BME280,"32.30,78.89,31.61,79.97,31.97,83.79,30.95,41.28",32.30,78.89,31.61,79.97,31.97,83.79,30.95,41.28,true,0
session_20260623_163953_final,3776,411626,2026-06-23T16:46:45.105472,Okulary BME280,"32.27,78.93,31.58,79.49,31.96,83.62,30.95,41.27",32.27,78.93,31.58,79.49,31.96,83.62,30.95,41.27,true,0
session_20260623_163953_final,3777,411760,2026-06-23T16:46:45.239359,Okulary BME280,"32.25,78.87,31.57,79.24,31.95,83.43,30.96,41.26",32.25,78.87,31.57,79.24,31.95,83.43,30.96,41.26,true,0
session_20260623_163953_final,3778,411851,2026-06-23T16:46:45.330640,Okulary BME280,"32.20,78.85,31.55,78.97,31.92,82.92,30.96,41.25",32.20,78.85,31.55,78.97,31.92,82.92,30.96,41.25,true,0
session_20260623_163953_final,3779,411992,2026-06-23T16:46:45.471456,Okulary BME280,"32.18,78.82,31.55,78.70,31.90,82.74,30.96,41.24",32.18,78.82,31.55,78.70,31.90,82.74,30.96,41.24,true,0
session_20260623_163953_final,3780,412075,2026-06-23T16:46:45.554586,Okulary BME280,"32.16,78.82,31.53,78.46,31.89,82.58,30.96,41.21",32.16,78.82,31.53,78.46,31.89,82.58,30.96,41.21,true,0
session_20260623_163953_final,3781,412166,2026-06-23T16:46:45.645091,Okulary BME280,"32.14,78.82,31.53,78.21,31.89,82.49,30.96,41.19",32.14,78.82,31.53,78.21,31.89,82.49,30.96,41.19,true,0
session_20260623_163953_final,3782,412302,2026-06-23T16:46:45.781686,Okulary BME280,"32.14,78.80,31.52,78.12,31.90,82.83,30.96,41.23",32.14,78.80,31.52,78.12,31.90,82.83,30.96,41.23,true,0
session_20260623_163953_final,3783,412391,2026-06-23T16:46:45.870016,Okulary BME280,"32.12,78.79,31.52,78.25,31.93,83.38,30.96,41.23",32.12,78.79,31.52,78.25,31.93,83.38,30.96,41.23,true,0
session_20260623_163953_final,3784,412536,2026-06-23T16:46:46.015101,Okulary BME280,"32.11,78.79,31.56,78.59,32.00,83.87,30.96,41.23",32.11,78.79,31.56,78.59,32.00,83.87,30.96,41.23,true,0
session_20260623_163953_final,3785,412616,2026-06-23T16:46:46.095586,Okulary BME280,"32.10,78.82,31.67,79.39,32.11,84.25,30.96,41.24",32.10,78.82,31.67,79.39,32.11,84.25,30.96,41.24,true,0
session_20260623_163953_final,3786,412706,2026-06-23T16:46:46.185046,Okulary BME280,"32.10,78.82,31.73,79.77,32.23,84.58,30.96,41.24",32.10,78.82,31.73,79.77,32.23,84.58,30.96,41.24,true,0
session_20260623_163953_final,3787,412856,2026-06-23T16:46:46.335190,Okulary BME280,"32.08,78.78,31.79,80.13,32.46,85.12,30.97,41.25",32.08,78.78,31.79,80.13,32.46,85.12,30.97,41.25,true,0
session_20260623_163953_final,3788,412931,2026-06-23T16:46:46.410509,Okulary BME280,"32.08,78.78,31.84,80.48,32.54,85.32,30.96,41.26",32.08,78.78,31.84,80.48,32.54,85.32,30.96,41.26,true,0
session_20260623_163953_final,3789,413065,2026-06-23T16:46:46.543849,Okulary BME280,"32.07,78.78,31.88,80.82,32.63,85.47,30.96,41.23",32.07,78.78,31.88,80.82,32.63,85.47,30.96,41.23,true,0
session_20260623_163953_final,3790,413158,2026-06-23T16:46:46.637711,Okulary BME280,"32.07,78.77,31.91,81.11,32.70,85.62,30.96,41.31",32.07,78.77,31.91,81.11,32.70,85.62,30.96,41.31,true,0
session_20260623_163953_final,3791,413293,2026-06-23T16:46:46.772316,Okulary BME280,"32.07,78.78,31.93,81.37,32.76,85.70,30.96,41.32",32.07,78.78,31.93,81.37,32.76,85.70,30.96,41.32,true,0
session_20260623_163953_final,3792,413381,2026-06-23T16:46:46.860542,Okulary BME280,"32.07,78.76,31.95,81.65,32.80,85.76,30.96,41.33",32.07,78.76,31.95,81.65,32.80,85.76,30.96,41.33,true,0
session_20260623_163953_final,3793,413480,2026-06-23T16:46:46.959187,Okulary BME280,"32.06,78.69,31.97,82.04,32.82,85.78,30.96,41.34",32.06,78.69,31.97,82.04,32.82,85.78,30.96,41.34,true,0
session_20260623_163953_final,3794,413625,2026-06-23T16:46:47.104743,Okulary BME280,"32.05,78.80,31.97,82.22,32.81,85.80,30.96,41.34",32.05,78.80,31.97,82.22,32.81,85.80,30.96,41.34,true,0
session_20260623_163953_final,3795,413696,2026-06-23T16:46:47.174823,Okulary BME280,"32.04,78.74,31.97,82.41,32.79,85.91,30.96,41.33",32.04,78.74,31.97,82.41,32.79,85.91,30.96,41.33,true,0
session_20260623_163953_final,3796,413840,2026-06-23T16:46:47.319253,Okulary BME280,"32.04,78.74,31.98,82.58,32.78,85.94,30.96,41.32",32.04,78.74,31.98,82.58,32.78,85.94,30.96,41.32,true,0
session_20260623_163953_final,3797,413927,2026-06-23T16:46:47.406109,Okulary BME280,"32.04,78.80,31.98,82.62,32.76,85.85,30.96,41.33",32.04,78.80,31.98,82.62,32.76,85.85,30.96,41.33,true,0
session_20260623_163953_final,3798,414074,2026-06-23T16:46:47.553506,Okulary BME280,"32.05,78.90,31.95,82.50,32.71,85.69,30.96,41.37",32.05,78.90,31.95,82.50,32.71,85.69,30.96,41.37,true,0
session_20260623_163953_final,3799,414145,2026-06-23T16:46:47.624423,Okulary BME280,"32.07,78.99,31.89,82.24,32.62,85.50,30.96,41.34",32.07,78.99,31.89,82.24,32.62,85.50,30.96,41.34,true,0
session_20260623_163953_final,3800,414237,2026-06-23T16:46:47.716479,Okulary BME280,"32.11,79.07,31.81,81.91,32.51,85.29,30.95,41.40",32.11,79.07,31.81,81.91,32.51,85.29,30.95,41.40,true,0
session_20260623_163953_final,3801,414372,2026-06-23T16:46:47.851451,Okulary BME280,"32.15,79.15,31.72,81.61,32.37,85.12,30.95,41.42",32.15,79.15,31.72,81.61,32.37,85.12,30.95,41.42,true,0
session_20260623_163953_final,3802,414473,2026-06-23T16:46:47.952598,Okulary BME280,"32.19,79.25,31.65,81.11,32.25,84.92,30.95,41.42",32.19,79.25,31.65,81.11,32.25,84.92,30.95,41.42,true,0
session_20260623_163953_final,3803,414597,2026-06-23T16:46:48.076475,Okulary BME280,"32.22,79.31,31.56,81.02,32.15,84.87,30.95,41.41",32.22,79.31,31.56,81.02,32.15,84.87,30.95,41.41,true,0
session_20260623_163953_final,3804,414687,2026-06-23T16:46:48.166361,Okulary BME280,"32.28,79.42,31.56,80.96,32.08,84.93,30.95,41.38",32.28,79.42,31.56,80.96,32.08,84.93,30.95,41.38,true,0
session_20260623_163953_final,3805,414822,2026-06-23T16:46:48.301262,Okulary BME280,"32.30,79.48,31.56,80.93,32.03,84.92,30.94,41.33",32.30,79.48,31.56,80.93,32.03,84.92,30.94,41.33,true,0
session_20260623_163953_final,3806,414919,2026-06-23T16:46:48.398279,Okulary BME280,"32.31,79.54,31.57,80.94,32.01,84.93,30.93,41.28",32.31,79.54,31.57,80.94,32.01,84.93,30.93,41.28,true,0
session_20260623_163953_final,3807,415003,2026-06-23T16:46:48.482171,Okulary BME280,"32.33,79.61,31.59,81.01,32.01,84.97,30.93,41.25",32.33,79.61,31.59,81.01,32.01,84.97,30.93,41.25,true,0
session_20260623_163953_final,3808,415137,2026-06-23T16:46:48.616609,Okulary BME280,"32.34,79.67,31.61,81.10,32.01,85.04,30.93,41.17",32.34,79.67,31.61,81.10,32.01,85.04,30.93,41.17,true,0
session_20260623_163953_final,3809,415229,2026-06-23T16:46:48.708419,Okulary BME280,"32.36,79.76,31.63,81.20,32.02,85.09,30.92,41.14",32.36,79.76,31.63,81.20,32.02,85.09,30.92,41.14,true,0
session_20260623_163953_final,3810,415362,2026-06-23T16:46:48.841526,Okulary BME280,"32.39,79.82,31.66,81.29,32.04,85.12,30.91,41.13",32.39,79.82,31.66,81.29,32.04,85.12,30.91,41.13,true,0
session_20260623_163953_final,3811,415452,2026-06-23T16:46:48.931195,Okulary BME280,"32.41,79.88,31.68,81.42,32.05,85.13,30.92,41.12",32.41,79.88,31.68,81.42,32.05,85.13,30.92,41.12,true,0
session_20260623_163953_final,3812,415541,2026-06-23T16:46:49.020369,Okulary BME280,"32.42,79.94,31.69,81.50,32.06,85.17,30.92,41.13",32.42,79.94,31.69,81.50,32.06,85.17,30.92,41.13,true,0
session_20260623_163953_final,3813,415675,2026-06-23T16:46:49.153892,Okulary BME280,"32.44,80.01,31.69,81.55,32.07,85.15,30.92,41.12",32.44,80.01,31.69,81.55,32.07,85.15,30.92,41.12,true,0
session_20260623_163953_final,3814,415766,2026-06-23T16:46:49.245787,Okulary BME280,"32.45,80.05,31.70,81.60,32.08,85.20,30.92,41.13",32.45,80.05,31.70,81.60,32.08,85.20,30.92,41.13,true,0
session_20260623_163953_final,3815,415900,2026-06-23T16:46:49.379438,Okulary BME280,"32.45,80.09,31.70,81.63,32.10,85.20,30.92,41.13",32.45,80.09,31.70,81.63,32.10,85.20,30.92,41.13,true,0
session_20260623_163953_final,3816,415992,2026-06-23T16:46:49.471128,Okulary BME280,"32.45,80.11,31.71,81.68,32.10,85.22,30.92,41.16",32.45,80.11,31.71,81.68,32.10,85.22,30.92,41.16,true,0
session_20260623_163953_final,3817,416127,2026-06-23T16:46:49.606217,Okulary BME280,"32.45,80.15,31.71,81.69,32.11,85.23,30.92,41.18",32.45,80.15,31.71,81.69,32.11,85.23,30.92,41.18,true,0
session_20260623_163953_final,3818,416219,2026-06-23T16:46:49.698687,Okulary BME280,"32.46,80.20,31.71,81.71,32.11,85.24,30.93,41.22",32.46,80.20,31.71,81.71,32.11,85.24,30.93,41.22,true,0
session_20260623_163953_final,3819,416304,2026-06-23T16:46:49.783786,Okulary BME280,"32.46,80.20,31.71,81.70,32.12,85.25,30.93,41.26",32.46,80.20,31.71,81.70,32.12,85.25,30.93,41.26,true,0
session_20260623_163953_final,3820,416446,2026-06-23T16:46:49.925232,Okulary BME280,"32.47,80.25,31.72,81.75,32.13,85.26,30.93,41.30",32.47,80.25,31.72,81.75,32.13,85.26,30.93,41.30,true,0
session_20260623_163953_final,3821,416535,2026-06-23T16:46:50.014219,Okulary BME280,"32.48,80.35,31.71,81.75,32.13,85.26,30.93,41.34",32.48,80.35,31.71,81.75,32.13,85.26,30.93,41.34,true,0
session_20260623_163953_final,3822,416671,2026-06-23T16:46:50.150143,Okulary BME280,"32.48,80.41,31.72,81.76,32.13,85.23,30.93,41.38",32.48,80.41,31.72,81.76,32.13,85.23,30.93,41.38,true,0
session_20260623_163953_final,3823,416762,2026-06-23T16:46:50.241137,Okulary BME280,"32.49,80.46,31.72,81.80,32.13,85.25,30.93,41.41",32.49,80.46,31.72,81.80,32.13,85.25,30.93,41.41,true,0
session_20260623_163953_final,3824,416891,2026-06-23T16:46:50.370247,Okulary BME280,"32.50,80.50,31.73,81.88,32.13,85.26,30.93,41.46",32.50,80.50,31.73,81.88,32.13,85.26,30.93,41.46,true,0
session_20260623_163953_final,3825,417000,2026-06-23T16:46:50.479129,Okulary BME280,"32.50,80.55,31.74,81.97,32.14,85.28,30.93,41.48",32.50,80.55,31.74,81.97,32.14,85.28,30.93,41.48,true,0
session_20260623_163953_final,3826,417074,2026-06-23T16:46:50.552904,Okulary BME280,"32.51,80.59,31.75,82.05,32.14,85.26,30.94,41.55",32.51,80.59,31.75,82.05,32.14,85.26,30.94,41.55,true,0
session_20260623_163953_final,3827,417206,2026-06-23T16:46:50.684878,Okulary BME280,"32.51,80.63,31.76,82.10,32.14,85.22,30.94,41.64",32.51,80.63,31.76,82.10,32.14,85.22,30.94,41.64,true,0
session_20260623_163953_final,3828,417301,2026-06-23T16:46:50.780226,Okulary BME280,"32.52,80.69,31.77,82.14,32.13,85.21,30.94,41.73",32.52,80.69,31.77,82.14,32.13,85.21,30.94,41.73,true,0
session_20260623_163953_final,3829,417433,2026-06-23T16:46:50.911819,Okulary BME280,"32.53,80.75,31.76,82.22,32.13,85.18,30.94,41.78",32.53,80.75,31.76,82.22,32.13,85.18,30.94,41.78,true,0
session_20260623_163953_final,3830,417535,2026-06-23T16:46:51.013861,Okulary BME280,"32.54,80.80,31.77,82.25,32.13,85.15,30.94,41.85",32.54,80.80,31.77,82.25,32.13,85.15,30.94,41.85,true,0
session_20260623_163953_final,3831,417610,2026-06-23T16:46:51.089737,Okulary BME280,"32.56,80.84,31.76,82.28,32.13,85.17,30.95,41.92",32.56,80.84,31.76,82.28,32.13,85.17,30.95,41.92,true,0
session_20260623_163953_final,3832,417748,2026-06-23T16:46:51.227040,Okulary BME280,"32.56,80.88,31.77,82.29,32.13,85.13,30.95,42.00",32.56,80.88,31.77,82.29,32.13,85.13,30.95,42.00,true,0
session_20260623_163953_final,3833,417853,2026-06-23T16:46:51.331898,Okulary BME280,"32.57,80.91,31.76,82.29,32.13,85.07,30.94,42.08",32.57,80.91,31.76,82.29,32.13,85.07,30.94,42.08,true,0
session_20260623_163953_final,3834,417974,2026-06-23T16:46:51.453002,Okulary BME280,"32.57,80.94,31.76,82.20,32.12,84.95,30.95,42.18",32.57,80.94,31.76,82.20,32.12,84.95,30.95,42.18,true,0
session_20260623_163953_final,3835,418079,2026-06-23T16:46:51.557913,Okulary BME280,"32.57,80.98,31.75,81.94,32.10,84.74,30.95,42.25",32.57,80.98,31.75,81.94,32.10,84.74,30.95,42.25,true,0
session_20260623_163953_final,3836,418196,2026-06-23T16:46:51.675448,Okulary BME280,"32.57,81.01,31.73,81.60,32.08,84.50,30.95,42.42",32.57,81.01,31.73,81.60,32.08,84.50,30.95,42.42,true,0
session_20260623_163953_final,3837,418300,2026-06-23T16:46:51.779658,Okulary BME280,"32.57,81.02,31.69,81.20,32.05,84.28,30.96,42.52",32.57,81.02,31.69,81.20,32.05,84.28,30.96,42.52,true,0
session_20260623_163953_final,3838,418376,2026-06-23T16:46:51.855369,Okulary BME280,"32.57,81.05,31.64,80.65,32.03,84.10,30.96,42.59",32.57,81.05,31.64,80.65,32.03,84.10,30.96,42.59,true,0
session_20260623_163953_final,3839,418511,2026-06-23T16:46:51.990477,Okulary BME280,"32.57,81.13,31.63,80.65,32.01,84.16,30.96,42.67",32.57,81.13,31.63,80.65,32.01,84.16,30.96,42.67,true,0
session_20260623_163953_final,3840,418600,2026-06-23T16:46:52.079665,Okulary BME280,"32.57,81.17,31.64,80.70,32.01,84.27,30.96,42.75",32.57,81.17,31.64,80.70,32.01,84.27,30.96,42.75,true,0
session_20260623_163953_final,3841,418738,2026-06-23T16:46:52.217453,Okulary BME280,"32.58,81.19,31.65,80.77,32.02,84.41,30.96,42.83",32.58,81.19,31.65,80.77,32.02,84.41,30.96,42.83,true,0
session_20260623_163953_final,3842,418835,2026-06-23T16:46:52.314611,Okulary BME280,"32.57,81.21,31.66,80.83,32.03,84.45,30.96,42.93",32.57,81.21,31.66,80.83,32.03,84.45,30.96,42.93,true,0
session_20260623_163953_final,3843,418972,2026-06-23T16:46:52.451755,Okulary BME280,"32.57,81.25,31.67,80.91,32.05,84.52,30.97,43.01",32.57,81.25,31.67,80.91,32.05,84.52,30.97,43.01,true,0
session_20260623_163953_final,3844,419050,2026-06-23T16:46:52.529548,Okulary BME280,"32.57,81.28,31.68,81.01,32.06,84.58,30.96,43.06",32.57,81.28,31.68,81.01,32.06,84.58,30.96,43.06,true,0
session_20260623_163953_final,3845,419156,2026-06-23T16:46:52.634925,Okulary BME280,"32.58,81.31,31.69,81.06,32.06,84.60,30.97,43.12",32.58,81.31,31.69,81.06,32.06,84.60,30.97,43.12,true,0
session_20260623_163953_final,3846,419278,2026-06-23T16:46:52.757492,Okulary BME280,"32.58,81.33,31.69,81.11,32.07,84.58,30.97,43.16",32.58,81.33,31.69,81.11,32.07,84.58,30.97,43.16,true,0
session_20260623_163953_final,3847,419366,2026-06-23T16:46:52.845489,Okulary BME280,"32.57,81.38,31.69,81.19,32.07,84.57,30.97,43.21",32.57,81.38,31.69,81.19,32.07,84.57,30.97,43.21,true,0
session_20260623_163953_final,3848,419502,2026-06-23T16:46:52.981713,Okulary BME280,"32.57,81.40,31.69,81.33,32.07,84.65,30.96,43.23",32.57,81.40,31.69,81.33,32.07,84.65,30.96,43.23,true,0
session_20260623_163953_final,3849,419607,2026-06-23T16:46:53.086322,Okulary BME280,"32.57,81.44,31.72,81.50,32.08,85.05,30.97,43.27",32.57,81.44,31.72,81.50,32.08,85.05,30.97,43.27,true,0
session_20260623_163953_final,3850,419733,2026-06-23T16:46:53.211925,Okulary BME280,"32.58,81.47,31.76,81.70,32.15,85.17,30.97,43.30",32.58,81.47,31.76,81.70,32.15,85.17,30.97,43.30,true,0
session_20260623_163953_final,3851,419815,2026-06-23T16:46:53.294757,Okulary BME280,"32.58,81.54,31.80,81.87,32.19,85.21,30.97,43.34",32.58,81.54,31.80,81.87,32.19,85.21,30.97,43.34,true,0
session_20260623_163953_final,3852,419906,2026-06-23T16:46:53.385095,Okulary BME280,"32.60,81.60,31.82,82.03,32.22,85.22,30.96,43.39",32.60,81.60,31.82,82.03,32.22,85.22,30.96,43.39,true,0
session_20260623_163953_final,3853,420052,2026-06-23T16:46:53.531806,Okulary BME280,"32.61,81.64,31.83,82.15,32.23,85.23,30.97,43.50",32.61,81.64,31.83,82.15,32.23,85.23,30.97,43.50,true,0
session_20260623_163953_final,3854,420131,2026-06-23T16:46:53.610375,Okulary BME280,"32.62,81.68,31.83,82.24,32.23,85.19,30.98,43.61",32.62,81.68,31.83,82.24,32.23,85.19,30.98,43.61,true,0
session_20260623_163953_final,3855,420275,2026-06-23T16:46:53.754640,Okulary BME280,"32.63,81.72,31.82,82.32,32.22,85.14,30.98,43.89",32.63,81.72,31.82,82.32,32.22,85.14,30.98,43.89,true,0
session_20260623_163953_final,3856,420357,2026-06-23T16:46:53.835857,Okulary BME280,"32.63,81.75,31.80,82.46,32.20,85.14,30.98,44.03",32.63,81.75,31.80,82.46,32.20,85.14,30.98,44.03,true,0
session_20260623_163953_final,3857,420447,2026-06-23T16:46:53.925989,Okulary BME280,"32.64,81.77,31.79,82.52,32.18,85.07,30.98,44.12",32.64,81.77,31.79,82.52,32.18,85.07,30.98,44.12,true,0
session_20260623_163953_final,3858,420581,2026-06-23T16:46:54.059945,Okulary BME280,"32.64,81.79,31.78,82.59,32.16,85.05,30.98,44.17",32.64,81.79,31.78,82.59,32.16,85.05,30.98,44.17,true,0
session_20260623_163953_final,3859,420672,2026-06-23T16:46:54.151600,Okulary BME280,"32.64,81.82,31.78,82.66,32.15,85.05,30.99,44.17",32.64,81.82,31.78,82.66,32.15,85.05,30.99,44.17,true,0
session_20260623_163953_final,3860,420805,2026-06-23T16:46:54.284410,Okulary BME280,"32.64,81.84,31.78,82.73,32.14,85.05,30.98,44.14",32.64,81.84,31.78,82.73,32.14,85.05,30.98,44.14,true,0
session_20260623_163953_final,3861,420901,2026-06-23T16:46:54.379938,Okulary BME280,"32.64,81.87,31.77,82.79,32.14,85.04,30.99,44.11",32.64,81.87,31.77,82.79,32.14,85.04,30.99,44.11,true,0
session_20260623_163953_final,3862,421036,2026-06-23T16:46:54.515615,Okulary BME280,"32.64,81.89,31.78,82.83,32.13,85.01,30.98,44.07",32.64,81.89,31.78,82.83,32.13,85.01,30.98,44.07,true,0
session_20260623_163953_final,3863,421121,2026-06-23T16:46:54.599854,Okulary BME280,"32.64,81.89,31.77,82.88,32.14,85.05,30.98,44.04",32.64,81.89,31.77,82.88,32.14,85.05,30.98,44.04,true,0
session_20260623_163953_final,3864,421211,2026-06-23T16:46:54.690551,Okulary BME280,"32.64,81.99,31.77,82.90,32.13,85.03,30.98,44.01",32.64,81.99,31.77,82.90,32.13,85.03,30.98,44.01,true,0
session_20260623_163953_final,3865,421355,2026-06-23T16:46:54.834479,Okulary BME280,"32.64,81.99,31.76,82.94,32.14,85.03,30.98,44.01",32.64,81.99,31.76,82.94,32.14,85.03,30.98,44.01,true,0
session_20260623_163953_final,3866,421438,2026-06-23T16:46:54.917486,Okulary BME280,"32.63,82.00,31.75,82.96,32.13,84.98,30.99,44.00",32.63,82.00,31.75,82.96,32.13,84.98,30.99,44.00,true,0
session_20260623_163953_final,3867,421572,2026-06-23T16:46:55.051798,Okulary BME280,"32.63,82.01,31.75,83.00,32.12,85.00,30.99,44.01",32.63,82.01,31.75,83.00,32.12,85.00,30.99,44.01,true,0
session_20260623_163953_final,3868,421662,2026-06-23T16:46:55.141376,Okulary BME280,"32.63,82.01,31.76,83.07,32.13,85.05,30.99,43.99",32.63,82.01,31.76,83.07,32.13,85.05,30.99,43.99,true,0
session_20260623_163953_final,3869,421795,2026-06-23T16:46:55.274597,Okulary BME280,"32.62,82.01,31.76,83.12,32.13,85.07,30.99,43.97",32.62,82.01,31.76,83.12,32.13,85.07,30.99,43.97,true,0
session_20260623_163953_final,3870,421885,2026-06-23T16:46:55.364597,Okulary BME280,"32.62,82.01,31.77,83.10,32.14,85.09,30.99,43.92",32.62,82.01,31.77,83.10,32.14,85.09,30.99,43.92,true,0
session_20260623_163953_final,3871,421977,2026-06-23T16:46:55.456575,Okulary BME280,"32.62,82.04,31.77,83.10,32.14,85.10,30.99,43.88",32.62,82.04,31.77,83.10,32.14,85.10,30.99,43.88,true,0
session_20260623_163953_final,3872,422115,2026-06-23T16:46:55.594305,Okulary BME280,"32.61,82.02,31.76,83.13,32.15,85.09,30.99,43.76",32.61,82.02,31.76,83.13,32.15,85.09,30.99,43.76,true,0
session_20260623_163953_final,3873,422205,2026-06-23T16:46:55.684005,Okulary BME280,"32.61,82.12,31.75,83.10,32.16,85.09,30.99,43.69",32.61,82.12,31.75,83.10,32.16,85.09,30.99,43.69,true,0
session_20260623_163953_final,3874,422339,2026-06-23T16:46:55.817857,Okulary BME280,"32.61,82.16,31.75,83.17,32.16,85.09,30.98,43.66",32.61,82.16,31.75,83.17,32.16,85.09,30.98,43.66,true,0
session_20260623_163953_final,3875,422425,2026-06-23T16:46:55.903958,Okulary BME280,"32.62,82.17,31.76,83.23,32.16,85.08,30.98,43.64",32.62,82.17,31.76,83.23,32.16,85.08,30.98,43.64,true,0
session_20260623_163953_final,3876,422526,2026-06-23T16:46:56.005380,Okulary BME280,"32.62,82.21,31.77,83.28,32.16,85.09,30.99,43.63",32.62,82.21,31.77,83.28,32.16,85.09,30.99,43.63,true,0
session_20260623_163953_final,3877,422659,2026-06-23T16:46:56.138096,Okulary BME280,"32.62,82.23,31.78,83.34,32.17,85.10,30.99,43.61",32.62,82.23,31.78,83.34,32.17,85.10,30.99,43.61,true,0
session_20260623_163953_final,3878,422751,2026-06-23T16:46:56.230303,Okulary BME280,"32.63,82.22,31.79,83.37,32.17,85.08,30.99,43.58",32.63,82.22,31.79,83.37,32.17,85.08,30.99,43.58,true,0
session_20260623_163953_final,3879,422876,2026-06-23T16:46:56.355489,Okulary BME280,"32.61,82.16,31.79,83.28,32.16,84.96,31.00,43.55",32.61,82.16,31.79,83.28,32.16,84.96,31.00,43.55,true,0
session_20260623_163953_final,3880,422970,2026-06-23T16:46:56.448879,Okulary BME280,"32.59,82.10,31.77,83.12,32.13,84.79,30.99,43.50",32.59,82.10,31.77,83.12,32.13,84.79,30.99,43.50,true,0
session_20260623_163953_final,3881,423118,2026-06-23T16:46:56.597139,Okulary BME280,"32.56,82.04,31.74,82.90,32.11,84.64,30.99,43.47",32.56,82.04,31.74,82.90,32.11,84.64,30.99,43.47,true,0
session_20260623_163953_final,3882,423190,2026-06-23T16:46:56.669727,Okulary BME280,"32.50,82.03,31.72,82.79,32.07,84.50,30.99,43.40",32.50,82.03,31.72,82.79,32.07,84.50,30.99,43.40,true,0
session_20260623_163953_final,3883,423283,2026-06-23T16:46:56.762148,Okulary BME280,"32.47,82.10,31.69,82.52,32.05,84.30,31.00,43.38",32.47,82.10,31.69,82.52,32.05,84.30,31.00,43.38,true,0
session_20260623_163953_final,3884,423422,2026-06-23T16:46:56.901373,Okulary BME280,"32.47,82.18,31.69,82.52,32.03,84.31,30.99,43.34",32.47,82.18,31.69,82.52,32.03,84.31,30.99,43.34,true,0
session_20260623_163953_final,3885,423514,2026-06-23T16:46:56.993114,Okulary BME280,"32.50,82.21,31.70,82.59,32.05,84.56,31.00,43.30",32.50,82.21,31.70,82.59,32.05,84.56,31.00,43.30,true,0
session_20260623_163953_final,3886,423644,2026-06-23T16:46:57.123662,Okulary BME280,"32.51,82.23,31.71,82.61,32.06,84.60,30.99,43.28",32.51,82.23,31.71,82.61,32.06,84.60,30.99,43.28,true,0
session_20260623_163953_final,3887,423730,2026-06-23T16:46:57.209229,Okulary BME280,"32.51,82.26,31.72,82.61,32.07,84.61,31.00,43.26",32.51,82.26,31.72,82.61,32.07,84.61,31.00,43.26,true,0
session_20260623_163953_final,3888,423867,2026-06-23T16:46:57.346232,Okulary BME280,"32.53,82.31,31.72,82.66,32.08,84.66,31.00,43.22",32.53,82.31,31.72,82.66,32.08,84.66,31.00,43.22,true,0
session_20260623_163953_final,3889,423970,2026-06-23T16:46:57.449372,Okulary BME280,"32.54,82.37,31.73,82.73,32.09,84.72,30.99,43.22",32.54,82.37,31.73,82.73,32.09,84.72,30.99,43.22,true,0
session_20260623_163953_final,3890,424046,2026-06-23T16:46:57.525139,Okulary BME280,"32.56,82.42,31.73,82.79,32.10,84.71,31.00,43.20",32.56,82.42,31.73,82.79,32.10,84.71,31.00,43.20,true,0
session_20260623_163953_final,3891,424181,2026-06-23T16:46:57.660720,Okulary BME280,"32.58,82.49,31.74,82.76,32.10,84.67,31.00,43.14",32.58,82.49,31.74,82.76,32.10,84.67,31.00,43.14,true,0
session_20260623_163953_final,3892,424288,2026-06-23T16:46:57.767358,Okulary BME280,"32.59,82.52,31.73,82.79,32.10,84.64,30.99,43.13",32.59,82.52,31.73,82.79,32.10,84.64,30.99,43.13,true,0
session_20260623_163953_final,3893,424424,2026-06-23T16:46:57.903448,Okulary BME280,"32.60,82.56,31.73,82.86,32.10,84.71,30.99,43.12",32.60,82.56,31.73,82.86,32.10,84.71,30.99,43.12,true,0
session_20260623_163953_final,3894,424499,2026-06-23T16:46:57.978348,Okulary BME280,"32.62,82.59,31.74,82.92,32.12,84.84,30.99,43.07",32.62,82.59,31.74,82.92,32.12,84.84,30.99,43.07,true,0
session_20260623_163953_final,3895,424587,2026-06-23T16:46:58.066352,Okulary BME280,"32.63,82.61,31.75,83.00,32.13,84.85,30.99,42.99",32.63,82.61,31.75,83.00,32.13,84.85,30.99,42.99,true,0
session_20260623_163953_final,3896,424736,2026-06-23T16:46:58.215470,Okulary BME280,"32.63,82.65,31.76,83.06,32.14,84.84,30.99,42.91",32.63,82.65,31.76,83.06,32.14,84.84,30.99,42.91,true,0
session_20260623_163953_final,3897,424811,2026-06-23T16:46:58.290077,Okulary BME280,"32.64,82.68,31.77,83.10,32.14,84.84,30.99,42.83",32.64,82.68,31.77,83.10,32.14,84.84,30.99,42.83,true,0
session_20260623_163953_final,3898,424958,2026-06-23T16:46:58.436951,Okulary BME280,"32.64,82.69,31.77,83.16,32.14,84.86,30.98,42.73",32.64,82.69,31.77,83.16,32.14,84.86,30.98,42.73,true,0
session_20260623_163953_final,3899,425037,2026-06-23T16:46:58.516127,Okulary BME280,"32.64,82.74,31.77,83.23,32.15,84.87,30.99,42.67",32.64,82.74,31.77,83.23,32.15,84.87,30.99,42.67,true,0
session_20260623_163953_final,3900,425173,2026-06-23T16:46:58.652565,Okulary BME280,"32.64,82.77,31.77,83.27,32.14,84.88,30.97,42.53",32.64,82.77,31.77,83.27,32.14,84.88,30.97,42.53,true,0
session_20260623_163953_final,3901,425260,2026-06-23T16:46:58.739725,Okulary BME280,"32.64,82.80,31.78,83.38,32.15,84.84,30.97,42.46",32.64,82.80,31.78,83.38,32.15,84.84,30.97,42.46,true,0
session_20260623_163953_final,3902,425351,2026-06-23T16:46:58.830621,Okulary BME280,"32.65,82.83,31.78,83.44,32.15,84.92,30.97,42.38",32.65,82.83,31.78,83.44,32.15,84.92,30.97,42.38,true,0
session_20260623_163953_final,3903,425489,2026-06-23T16:46:58.968748,Okulary BME280,"32.65,82.84,31.79,83.50,32.17,84.98,30.97,42.32",32.65,82.84,31.79,83.50,32.17,84.98,30.97,42.32,true,0
session_20260623_163953_final,3904,425595,2026-06-23T16:46:59.074503,Okulary BME280,"32.66,82.87,31.79,83.54,32.17,84.93,30.97,42.26",32.66,82.87,31.79,83.54,32.17,84.93,30.97,42.26,true,0
session_20260623_163953_final,3905,425725,2026-06-23T16:46:59.204653,Okulary BME280,"32.66,82.89,31.79,83.56,32.17,84.91,30.97,42.21",32.66,82.89,31.79,83.56,32.17,84.91,30.97,42.21,true,0
session_20260623_163953_final,3906,425800,2026-06-23T16:46:59.278962,Okulary BME280,"32.66,82.91,31.79,83.61,32.16,84.92,30.97,42.15",32.66,82.91,31.79,83.61,32.16,84.92,30.97,42.15,true,0
session_20260623_163953_final,3907,425936,2026-06-23T16:46:59.415430,Okulary BME280,"32.65,82.93,31.79,83.65,32.16,84.93,30.97,42.09",32.65,82.93,31.79,83.65,32.16,84.93,30.97,42.09,true,0
session_20260623_163953_final,3908,426043,2026-06-23T16:46:59.522354,Okulary BME280,"32.66,82.95,31.79,83.63,32.16,84.93,30.97,42.07",32.66,82.95,31.79,83.63,32.16,84.93,30.97,42.07,true,0
session_20260623_163953_final,3909,426116,2026-06-23T16:46:59.595040,Okulary BME280,"32.66,82.98,31.78,83.59,32.16,84.92,30.97,42.00",32.66,82.98,31.78,83.59,32.16,84.92,30.97,42.00,true,0
session_20260623_163953_final,3910,426253,2026-06-23T16:46:59.732475,Okulary BME280,"32.66,82.99,31.75,83.54,32.16,84.91,30.97,41.92",32.66,82.99,31.75,83.54,32.16,84.91,30.97,41.92,true,0
session_20260623_163953_final,3911,426343,2026-06-23T16:46:59.821837,Okulary BME280,"32.66,83.01,31.75,83.49,32.15,84.86,30.97,41.88",32.66,83.01,31.75,83.49,32.15,84.86,30.97,41.88,true,0
session_20260623_163953_final,3912,426478,2026-06-23T16:46:59.957130,Okulary BME280,"32.66,83.04,31.74,83.43,32.14,84.79,30.98,41.83",32.66,83.04,31.74,83.43,32.14,84.79,30.98,41.83,true,0
session_20260623_163953_final,3913,426567,2026-06-23T16:47:00.046464,Okulary BME280,"32.66,83.07,31.74,83.35,32.14,84.78,30.97,41.80",32.66,83.07,31.74,83.35,32.14,84.78,30.97,41.80,true,0
session_20260623_163953_final,3914,426701,2026-06-23T16:47:00.180345,Okulary BME280,"32.67,83.08,31.73,83.35,32.14,84.79,30.97,41.76",32.67,83.08,31.73,83.35,32.14,84.79,30.97,41.76,true,0
session_20260623_163953_final,3915,426791,2026-06-23T16:47:00.270489,Okulary BME280,"32.67,83.10,31.73,83.37,32.13,84.81,30.97,41.74",32.67,83.10,31.73,83.37,32.13,84.81,30.97,41.74,true,0
session_20260623_163953_final,3916,426890,2026-06-23T16:47:00.369755,Okulary BME280,"32.67,83.13,31.74,83.36,32.14,84.79,30.98,41.73",32.67,83.13,31.74,83.36,32.14,84.79,30.98,41.73,true,0
session_20260623_163953_final,3917,427015,2026-06-23T16:47:00.494519,Okulary BME280,"32.67,83.17,31.75,83.37,32.15,84.78,30.98,41.68",32.67,83.17,31.75,83.37,32.15,84.78,30.98,41.68,true,0
session_20260623_163953_final,3918,427105,2026-06-23T16:47:00.584195,Okulary BME280,"32.68,83.18,31.75,83.35,32.14,84.79,30.98,41.73",32.68,83.18,31.75,83.35,32.14,84.79,30.98,41.73,true,0
session_20260623_163953_final,3919,427242,2026-06-23T16:47:00.720990,Okulary BME280,"32.69,83.20,31.75,83.37,32.15,84.81,30.98,41.71",32.69,83.20,31.75,83.37,32.15,84.81,30.98,41.71,true,0
session_20260623_163953_final,3920,427341,2026-06-23T16:47:00.820340,Okulary BME280,"32.69,83.23,31.75,83.40,32.15,84.78,30.99,41.71",32.69,83.23,31.75,83.40,32.15,84.78,30.99,41.71,true,0
session_20260623_163953_final,3921,427421,2026-06-23T16:47:00.900506,Okulary BME280,"32.70,83.24,31.76,83.43,32.16,84.80,30.99,41.72",32.70,83.24,31.76,83.43,32.16,84.80,30.99,41.72,true,0
session_20260623_163953_final,3922,427557,2026-06-23T16:47:01.035886,Okulary BME280,"32.69,83.27,31.77,83.47,32.16,84.80,31.00,41.73",32.69,83.27,31.77,83.47,32.16,84.80,31.00,41.73,true,0
session_20260623_163953_final,3923,427648,2026-06-23T16:47:01.127381,Okulary BME280,"32.69,83.30,31.77,83.39,32.16,84.71,30.99,41.74",32.69,83.30,31.77,83.39,32.16,84.71,30.99,41.74,true,0
session_20260623_163953_final,3924,427784,2026-06-23T16:47:01.263457,Okulary BME280,"32.69,83.29,31.76,83.16,32.15,84.51,30.99,41.79",32.69,83.29,31.76,83.16,32.15,84.51,30.99,41.79,true,0
session_20260623_163953_final,3925,427871,2026-06-23T16:47:01.350,Okulary BME280,"32.69,83.33,31.74,82.78,32.13,84.23,30.99,41.86",32.69,83.33,31.74,82.78,32.13,84.23,30.99,41.86,true,0
session_20260623_163953_final,3926,428005,2026-06-23T16:47:01.484124,Okulary BME280,"32.69,83.35,31.71,82.48,32.10,83.99,30.99,41.95",32.69,83.35,31.71,82.48,32.10,83.99,30.99,41.95,true,0
session_20260623_163953_final,3927,428098,2026-06-23T16:47:01.577182,Okulary BME280,"32.69,83.35,31.64,81.72,32.07,83.82,30.99,42.14",32.69,83.35,31.64,81.72,32.07,83.82,30.99,42.14,true,0
session_20260623_163953_final,3928,428191,2026-06-23T16:47:01.670424,Okulary BME280,"32.69,83.38,31.62,81.35,32.04,83.67,31.00,42.37",32.69,83.38,31.62,81.35,32.04,83.67,31.00,42.37,true,0
session_20260623_163953_final,3929,428321,2026-06-23T16:47:01.800353,Okulary BME280,"32.69,83.39,31.60,81.01,32.03,83.25,31.00,42.48",32.69,83.39,31.60,81.01,32.03,83.25,31.00,42.48,true,0
session_20260623_163953_final,3930,428411,2026-06-23T16:47:01.890243,Okulary BME280,"32.69,83.40,31.58,80.79,32.01,83.27,31.01,42.54",32.69,83.40,31.58,80.79,32.01,83.27,31.01,42.54,true,0
session_20260623_163953_final,3931,428547,2026-06-23T16:47:02.026170,Okulary BME280,"32.69,83.43,31.58,80.78,32.01,83.43,31.00,42.58",32.69,83.43,31.58,80.78,32.01,83.43,31.00,42.58,true,0
session_20260623_163953_final,3932,428636,2026-06-23T16:47:02.115101,Okulary BME280,"32.69,83.44,31.60,80.85,32.02,83.56,31.00,42.59",32.69,83.44,31.60,80.85,32.02,83.56,31.00,42.59,true,0
session_20260623_163953_final,3933,428773,2026-06-23T16:47:02.251879,Okulary BME280,"32.68,83.46,31.62,80.96,32.03,83.70,31.00,42.62",32.68,83.46,31.62,80.96,32.03,83.70,31.00,42.62,true,0
session_20260623_163953_final,3934,428862,2026-06-23T16:47:02.341673,Okulary BME280,"32.69,83.50,31.63,81.11,32.06,83.83,31.00,42.62",32.69,83.50,31.63,81.11,32.06,83.83,31.00,42.62,true,0
session_20260623_163953_final,3935,428967,2026-06-23T16:47:02.446545,Okulary BME280,"32.69,83.51,31.65,81.15,32.07,83.90,31.01,42.64",32.69,83.51,31.65,81.15,32.07,83.90,31.01,42.64,true,0
session_20260623_163953_final,3936,429089,2026-06-23T16:47:02.568374,Okulary BME280,"32.69,83.54,31.65,81.27,32.08,83.97,31.00,42.58",32.69,83.54,31.65,81.27,32.08,83.97,31.00,42.58,true,0
session_20260623_163953_final,3937,429176,2026-06-23T16:47:02.654906,Okulary BME280,"32.69,83.56,31.65,81.29,32.09,83.99,31.01,42.58",32.69,83.56,31.65,81.29,32.09,83.99,31.01,42.58,true,0
session_20260623_163953_final,3938,429311,2026-06-23T16:47:02.790765,Okulary BME280,"32.70,83.58,31.65,81.38,32.10,84.00,31.01,42.55",32.70,83.58,31.65,81.38,32.10,84.00,31.01,42.55,true,0
session_20260623_163953_final,3939,429406,2026-06-23T16:47:02.885521,Okulary BME280,"32.70,83.58,31.66,81.49,32.10,84.03,31.01,42.51",32.70,83.58,31.66,81.49,32.10,84.03,31.01,42.51,true,0
session_20260623_163953_final,3940,429495,2026-06-23T16:47:02.974739,Okulary BME280,"32.70,83.56,31.67,81.62,32.11,84.06,31.01,42.48",32.70,83.56,31.67,81.62,32.11,84.06,31.01,42.48,true,0
session_20260623_163953_final,3941,429628,2026-06-23T16:47:03.107625,Okulary BME280,"32.69,83.58,31.68,81.74,32.10,84.08,31.01,42.43",32.69,83.58,31.68,81.74,32.10,84.08,31.01,42.43,true,0
session_20260623_163953_final,3942,429737,2026-06-23T16:47:03.216232,Okulary BME280,"32.67,83.61,31.68,81.85,32.10,84.10,31.01,42.40",32.67,83.61,31.68,81.85,32.10,84.10,31.01,42.40,true,0
session_20260623_163953_final,3943,429856,2026-06-23T16:47:03.335648,Okulary BME280,"32.68,83.66,31.69,81.91,32.11,84.12,31.01,42.37",32.68,83.66,31.69,81.91,32.11,84.12,31.01,42.37,true,0
session_20260623_163953_final,3944,429940,2026-06-23T16:47:03.419645,Okulary BME280,"32.69,83.68,31.69,81.97,32.11,84.11,31.01,42.40",32.69,83.68,31.69,81.97,32.11,84.11,31.01,42.40,true,0
session_20260623_163953_final,3945,430080,2026-06-23T16:47:03.559465,Okulary BME280,"32.68,83.70,31.69,82.03,32.11,84.09,31.01,42.35",32.68,83.70,31.69,82.03,32.11,84.09,31.01,42.35,true,0
session_20260623_163953_final,3946,430170,2026-06-23T16:47:03.648985,Okulary BME280,"32.69,83.71,31.68,82.12,32.11,84.08,31.01,42.31",32.69,83.71,31.68,82.12,32.11,84.08,31.01,42.31,true,0
session_20260623_163953_final,3947,430271,2026-06-23T16:47:03.750790,Okulary BME280,"32.70,83.72,31.69,82.20,32.10,84.12,31.01,42.29",32.70,83.72,31.69,82.20,32.10,84.12,31.01,42.29,true,0
session_20260623_163953_final,3948,430405,2026-06-23T16:47:03.884615,Okulary BME280,"32.69,83.74,31.70,82.30,32.11,84.15,31.01,42.28",32.69,83.74,31.70,82.30,32.11,84.15,31.01,42.28,true,0
session_20260623_163953_final,3949,430482,2026-06-23T16:47:03.961287,Okulary BME280,"32.69,83.76,31.71,82.40,32.11,84.19,31.01,42.27",32.69,83.76,31.71,82.40,32.11,84.19,31.01,42.27,true,0
session_20260623_163953_final,3950,430616,2026-06-23T16:47:04.095597,Okulary BME280,"32.70,83.78,31.71,82.48,32.11,84.19,31.01,42.25",32.70,83.78,31.71,82.48,32.11,84.19,31.01,42.25,true,0
session_20260623_163953_final,3951,430705,2026-06-23T16:47:04.184403,Okulary BME280,"32.70,83.81,31.72,82.52,32.12,84.24,31.02,42.23",32.70,83.81,31.72,82.52,32.12,84.24,31.02,42.23,true,0
session_20260623_163953_final,3952,430858,2026-06-23T16:47:04.337255,Okulary BME280,"32.70,83.82,31.71,82.61,32.13,84.30,31.01,42.21",32.70,83.82,31.71,82.61,32.13,84.30,31.01,42.21,true,0
session_20260623_163953_final,3953,430931,2026-06-23T16:47:04.409851,Okulary BME280,"32.70,83.84,31.72,82.63,32.13,84.23,31.01,42.21",32.70,83.84,31.72,82.63,32.13,84.23,31.01,42.21,true,0
session_20260623_163953_final,3954,431020,2026-06-23T16:47:04.499650,Okulary BME280,"32.71,83.85,31.72,82.79,32.13,84.17,31.02,42.15",32.71,83.85,31.72,82.79,32.13,84.17,31.02,42.15,true,0
session_20260623_163953_final,3955,431157,2026-06-23T16:47:04.636420,Okulary BME280,"32.71,83.87,31.73,82.84,32.12,84.06,31.01,42.14",32.71,83.87,31.73,82.84,32.12,84.06,31.01,42.14,true,0
session_20260623_163953_final,3956,431246,2026-06-23T16:47:04.725787,Okulary BME280,"32.72,83.89,31.73,82.87,32.10,84.02,31.01,42.12",32.72,83.89,31.73,82.87,32.10,84.02,31.01,42.12,true,0
session_20260623_163953_final,3957,431391,2026-06-23T16:47:04.870810,Okulary BME280,"32.72,83.91,31.72,82.86,32.09,83.98,31.01,42.11",32.72,83.91,31.72,82.86,32.09,83.98,31.01,42.11,true,0
session_20260623_163953_final,3958,431472,2026-06-23T16:47:04.951259,Okulary BME280,"32.72,83.94,31.71,82.82,32.09,83.98,31.01,42.07",32.72,83.94,31.71,82.82,32.09,83.98,31.01,42.07,true,0
session_20260623_163953_final,3959,431611,2026-06-23T16:47:05.090304,Okulary BME280,"32.72,83.95,31.70,82.82,32.09,84.09,31.01,42.05",32.72,83.95,31.70,82.82,32.09,84.09,31.01,42.05,true,0
session_20260623_163953_final,3960,431698,2026-06-23T16:47:05.177157,Okulary BME280,"32.73,83.98,31.69,82.82,32.10,84.14,31.01,42.02",32.73,83.98,31.69,82.82,32.10,84.14,31.01,42.02,true,0
session_20260623_163953_final,3961,431799,2026-06-23T16:47:05.278360,Okulary BME280,"32.73,83.99,31.69,82.84,32.11,84.19,31.01,41.99",32.73,83.99,31.69,82.84,32.11,84.19,31.01,41.99,true,0
session_20260623_163953_final,3962,431920,2026-06-23T16:47:05.398962,Okulary BME280,"32.72,84.00,31.69,82.86,32.13,84.27,31.02,41.94",32.72,84.00,31.69,82.86,32.13,84.27,31.02,41.94,true,0
session_20260623_163953_final,3963,432013,2026-06-23T16:47:05.491866,Okulary BME280,"32.73,84.02,31.71,82.93,32.14,84.22,31.02,41.94",32.73,84.02,31.71,82.93,32.14,84.22,31.02,41.94,true,0
session_20260623_163953_final,3964,432160,2026-06-23T16:47:05.638871,Okulary BME280,"32.72,84.02,31.71,82.95,32.14,84.18,31.01,41.84",32.72,84.02,31.71,82.95,32.14,84.18,31.01,41.84,true,0
session_20260623_163953_final,3965,432237,2026-06-23T16:47:05.715949,Okulary BME280,"32.72,84.05,31.72,82.94,32.13,84.13,31.01,41.80",32.72,84.05,31.72,82.94,32.13,84.13,31.01,41.80,true,0
session_20260623_163953_final,3966,432325,2026-06-23T16:47:05.804647,Okulary BME280,"32.72,84.06,31.71,82.93,32.13,84.16,31.02,41.78",32.72,84.06,31.71,82.93,32.13,84.16,31.02,41.78,true,0
session_20260623_163953_final,3967,432469,2026-06-23T16:47:05.948616,Okulary BME280,"32.72,84.06,31.71,82.90,32.13,84.24,31.02,41.74",32.72,84.06,31.71,82.90,32.13,84.24,31.02,41.74,true,0
session_20260623_163953_final,3968,432556,2026-06-23T16:47:06.035100,Okulary BME280,"32.73,84.09,31.71,82.92,32.14,84.34,31.01,41.72",32.73,84.09,31.71,82.92,32.14,84.34,31.01,41.72,true,0
session_20260623_163953_final,3969,432686,2026-06-23T16:47:06.164883,Okulary BME280,"32.73,84.14,31.71,82.94,32.16,84.43,31.01,41.69",32.73,84.14,31.71,82.94,32.16,84.43,31.01,41.69,true,0
session_20260623_163953_final,3970,432783,2026-06-23T16:47:06.262565,Okulary BME280,"32.73,84.15,31.72,83.00,32.19,84.49,31.01,41.66",32.73,84.15,31.72,83.00,32.19,84.49,31.01,41.66,true,0
session_20260623_163953_final,3971,432914,2026-06-23T16:47:06.393722,Okulary BME280,"32.72,84.16,31.72,83.07,32.21,84.51,31.01,41.63",32.72,84.16,31.72,83.07,32.21,84.51,31.01,41.63,true,0
session_20260623_163953_final,3972,433003,2026-06-23T16:47:06.482660,Okulary BME280,"32.72,84.17,31.74,83.12,32.21,84.53,31.01,41.60",32.72,84.17,31.74,83.12,32.21,84.53,31.01,41.60,true,0
session_20260623_163953_final,3973,433090,2026-06-23T16:47:06.569364,Okulary BME280,"32.73,84.18,31.74,83.15,32.21,84.49,31.01,41.60",32.73,84.18,31.74,83.15,32.21,84.49,31.01,41.60,true,0
session_20260623_163953_final,3974,433226,2026-06-23T16:47:06.705331,Okulary BME280,"32.73,84.20,31.74,83.17,32.20,84.46,31.01,41.58",32.73,84.20,31.74,83.17,32.20,84.46,31.01,41.58,true,0
session_20260623_163953_final,3975,433316,2026-06-23T16:47:06.794956,Okulary BME280,"32.73,84.20,31.74,83.19,32.19,84.45,31.02,41.57",32.73,84.20,31.74,83.19,32.19,84.45,31.02,41.57,true,0
session_20260623_163953_final,3976,433451,2026-06-23T16:47:06.930458,Okulary BME280,"32.73,84.26,31.74,83.22,32.18,84.44,31.01,41.56",32.73,84.26,31.74,83.22,32.18,84.44,31.01,41.56,true,0
session_20260623_163953_final,3977,433542,2026-06-23T16:47:07.020866,Okulary BME280,"32.73,84.22,31.74,83.23,32.18,84.44,31.02,41.53",32.73,84.22,31.74,83.23,32.18,84.44,31.02,41.53,true,0
session_20260623_163953_final,3978,433676,2026-06-23T16:47:07.155652,Okulary BME280,"32.74,84.26,31.74,83.23,32.18,84.42,31.02,41.51",32.74,84.26,31.74,83.23,32.18,84.42,31.02,41.51,true,0
session_20260623_163953_final,3979,433767,2026-06-23T16:47:07.245930,Okulary BME280,"32.74,84.27,31.74,83.23,32.17,84.40,31.01,41.50",32.74,84.27,31.74,83.23,32.17,84.40,31.01,41.50,true,0
session_20260623_163953_final,3980,433857,2026-06-23T16:47:07.336389,Okulary BME280,"32.74,84.28,31.74,83.22,32.17,84.37,31.01,41.48",32.74,84.28,31.74,83.22,32.17,84.37,31.01,41.48,true,0
session_20260623_163953_final,3981,433993,2026-06-23T16:47:07.472453,Okulary BME280,"32.75,84.30,31.73,83.17,32.16,84.31,31.02,41.48",32.75,84.30,31.73,83.17,32.16,84.31,31.02,41.48,true,0
session_20260623_163953_final,3982,434082,2026-06-23T16:47:07.561151,Okulary BME280,"32.75,84.32,31.73,83.13,32.16,84.32,31.02,41.44",32.75,84.32,31.73,83.13,32.16,84.32,31.02,41.44,true,0
session_20260623_163953_final,3983,434215,2026-06-23T16:47:07.694317,Okulary BME280,"32.75,84.33,31.73,83.11,32.15,84.28,31.02,41.42",32.75,84.33,31.73,83.11,32.15,84.28,31.02,41.42,true,0
session_20260623_163953_final,3984,434307,2026-06-23T16:47:07.785928,Okulary BME280,"32.75,84.37,31.73,83.08,32.15,84.26,31.02,41.41",32.75,84.37,31.73,83.08,32.15,84.26,31.02,41.41,true,0
session_20260623_163953_final,3985,434395,2026-06-23T16:47:07.874,Okulary BME280,"32.75,84.33,31.73,83.07,32.15,84.23,31.02,41.41",32.75,84.33,31.73,83.07,32.15,84.23,31.02,41.41,true,0
session_20260623_163953_final,3986,434654,2026-06-23T16:47:08.133172,Okulary BME280,"32.75,84.40,31.72,83.05,32.15,84.17,31.02,41.41",32.75,84.40,31.72,83.05,32.15,84.17,31.02,41.41,true,0
session_20260623_163953_final,3987,434734,2026-06-23T16:47:08.213307,Okulary BME280,"32.75,84.41,31.73,83.04,32.14,84.15,31.02,41.42",32.75,84.41,31.73,83.04,32.14,84.15,31.02,41.42,true,0
session_20260623_163953_final,3988,434760,2026-06-23T16:47:08.239679,Okulary BME280,"32.75,84.42,31.73,83.02,32.14,84.24,31.02,41.43",32.75,84.42,31.73,83.02,32.14,84.24,31.02,41.43,true,0
session_20260623_163953_final,3989,434848,2026-06-23T16:47:08.327304,Okulary BME280,"32.76,84.44,31.73,83.04,32.15,84.27,31.02,41.44",32.76,84.44,31.73,83.04,32.15,84.27,31.02,41.44,true,0
session_20260623_163953_final,3990,434981,2026-06-23T16:47:08.460602,Okulary BME280,"32.76,84.46,31.75,83.11,32.16,84.16,31.02,41.47",32.76,84.46,31.75,83.11,32.16,84.16,31.02,41.47,true,0
session_20260623_163953_final,3991,435072,2026-06-23T16:47:08.551362,Okulary BME280,"32.76,84.46,31.75,83.12,32.16,84.11,31.02,41.54",32.76,84.46,31.75,83.12,32.16,84.11,31.02,41.54,true,0
session_20260623_163953_final,3992,435163,2026-06-23T16:47:08.642067,Okulary BME280,"32.76,84.48,31.75,83.12,32.14,84.02,31.03,41.62",32.76,84.48,31.75,83.12,32.14,84.02,31.03,41.62,true,0
session_20260623_163953_final,3993,435298,2026-06-23T16:47:08.777407,Okulary BME280,"32.76,84.51,31.75,83.11,32.13,83.99,31.03,41.68",32.76,84.51,31.75,83.11,32.13,83.99,31.03,41.68,true,0
session_20260623_163953_final,3994,435387,2026-06-23T16:47:08.866507,Okulary BME280,"32.77,84.51,31.75,83.10,32.13,83.95,31.02,41.73",32.77,84.51,31.75,83.10,32.13,83.95,31.02,41.73,true,0
session_20260623_163953_final,3995,435523,2026-06-23T16:47:09.001867,Okulary BME280,"32.77,84.55,31.75,83.09,32.13,83.91,31.03,41.78",32.77,84.55,31.75,83.09,32.13,83.91,31.03,41.78,true,0
session_20260623_163953_final,3996,435614,2026-06-23T16:47:09.093107,Okulary BME280,"32.77,84.56,31.74,83.08,32.13,83.86,31.03,41.83",32.77,84.56,31.74,83.08,32.13,83.86,31.03,41.83,true,0
session_20260623_163953_final,3997,435748,2026-06-23T16:47:09.227463,Okulary BME280,"32.77,84.57,31.74,83.05,32.13,83.84,31.03,41.86",32.77,84.57,31.74,83.05,32.13,83.84,31.03,41.86,true,0
session_20260623_163953_final,3998,435838,2026-06-23T16:47:09.317351,Okulary BME280,"32.78,84.59,31.74,83.03,32.13,83.79,31.03,41.90",32.78,84.59,31.74,83.03,32.13,83.79,31.03,41.90,true,0
session_20260623_163953_final,3999,435931,2026-06-23T16:47:09.410647,Okulary BME280,"32.78,84.60,31.74,83.01,32.13,83.75,31.03,41.93",32.78,84.60,31.74,83.01,32.13,83.75,31.03,41.93,true,0
session_20260623_163953_final,4000,436060,2026-06-23T16:47:09.539370,Okulary BME280,"32.78,84.61,31.74,83.03,32.13,84.00,31.03,41.97",32.78,84.61,31.74,83.03,32.13,84.00,31.03,41.97,true,0
session_20260623_163953_final,4001,436156,2026-06-23T16:47:09.634838,Okulary BME280,"32.78,84.61,31.75,83.05,32.16,84.03,31.03,41.97",32.78,84.61,31.75,83.05,32.16,84.03,31.03,41.97,true,0
session_20260623_163953_final,4002,436287,2026-06-23T16:47:09.766223,Okulary BME280,"32.78,84.62,31.76,83.09,32.18,84.06,31.03,42.00",32.78,84.62,31.76,83.09,32.18,84.06,31.03,42.00,true,0
session_20260623_163953_final,4003,436385,2026-06-23T16:47:09.864518,Okulary BME280,"32.78,84.64,31.76,83.12,32.19,84.12,31.04,42.06",32.78,84.64,31.76,83.12,32.19,84.12,31.04,42.06,true,0
session_20260623_163953_final,4004,436522,2026-06-23T16:47:10.001703,Okulary BME280,"32.78,84.65,31.76,83.08,32.19,84.03,31.03,42.14",32.78,84.65,31.76,83.08,32.19,84.03,31.03,42.14,true,0
session_20260623_163953_final,4005,436601,2026-06-23T16:47:10.080167,Okulary BME280,"32.77,84.66,31.76,82.94,32.18,83.92,31.03,42.27",32.77,84.66,31.76,82.94,32.18,83.92,31.03,42.27,true,0
session_20260623_163953_final,4006,436756,2026-06-23T16:47:10.235190,Okulary BME280,"32.77,84.67,31.74,82.75,32.16,83.75,31.04,42.40",32.77,84.67,31.74,82.75,32.16,83.75,31.04,42.40,true,0
session_20260623_163953_final,4007,436826,2026-06-23T16:47:10.304844,Okulary BME280,"32.77,84.67,31.71,82.47,32.13,83.62,31.04,42.55",32.77,84.67,31.71,82.47,32.13,83.62,31.04,42.55,true,0
session_20260623_163953_final,4008,436916,2026-06-23T16:47:10.395036,Okulary BME280,"32.77,84.68,31.67,82.11,32.11,83.47,31.04,42.67",32.77,84.68,31.67,82.11,32.11,83.47,31.04,42.67,true,0
session_20260623_163953_final,4009,437049,2026-06-23T16:47:10.528764,Okulary BME280,"32.77,84.70,31.65,82.08,32.08,83.51,31.04,42.79",32.77,84.70,31.65,82.08,32.08,83.51,31.04,42.79,true,0
session_20260623_163953_final,4010,437140,2026-06-23T16:47:10.619170,Okulary BME280,"32.76,84.74,31.66,82.14,32.09,83.60,31.03,42.90",32.76,84.74,31.66,82.14,32.09,83.60,31.03,42.90,true,0
session_20260623_163953_final,4011,437241,2026-06-23T16:47:10.720458,Okulary BME280,"32.76,84.73,31.68,82.19,32.10,83.65,31.04,42.95",32.76,84.73,31.68,82.19,32.10,83.65,31.04,42.95,true,0
session_20260623_163953_final,4012,437367,2026-06-23T16:47:10.846176,Okulary BME280,"32.76,84.75,31.69,82.22,32.12,83.64,31.04,42.97",32.76,84.75,31.69,82.22,32.12,83.64,31.04,42.97,true,0
session_20260623_163953_final,4013,437455,2026-06-23T16:47:10.934684,Okulary BME280,"32.76,84.77,31.69,82.23,32.12,83.62,31.04,42.96",32.76,84.77,31.69,82.23,32.12,83.62,31.04,42.96,true,0
session_20260623_163953_final,4014,437596,2026-06-23T16:47:11.075550,Okulary BME280,"32.75,84.78,31.70,82.22,32.12,83.58,31.04,42.94",32.75,84.78,31.70,82.22,32.12,83.58,31.04,42.94,true,0
session_20260623_163953_final,4015,437689,2026-06-23T16:47:11.168712,Okulary BME280,"32.75,84.79,31.69,82.22,32.12,83.57,31.04,42.90",32.75,84.79,31.69,82.22,32.12,83.57,31.04,42.90,true,0
session_20260623_163953_final,4016,437816,2026-06-23T16:47:11.295043,Okulary BME280,"32.75,84.80,31.69,82.17,32.12,83.58,31.04,42.87",32.75,84.80,31.69,82.17,32.12,83.58,31.04,42.87,true,0
session_20260623_163953_final,4017,437905,2026-06-23T16:47:11.384765,Okulary BME280,"32.75,84.82,31.68,82.16,32.12,83.52,31.04,42.81",32.75,84.82,31.68,82.16,32.12,83.52,31.04,42.81,true,0
session_20260623_163953_final,4018,437998,2026-06-23T16:47:11.476920,Okulary BME280,"32.75,84.81,31.69,82.24,32.15,83.85,31.04,42.75",32.75,84.81,31.69,82.24,32.15,83.85,31.04,42.75,true,0
session_20260623_163953_final,4019,438130,2026-06-23T16:47:11.609220,Okulary BME280,"32.74,84.85,31.71,82.16,32.17,83.81,31.04,42.64",32.74,84.85,31.71,82.16,32.17,83.81,31.04,42.64,true,0
session_20260623_163953_final,4020,438220,2026-06-23T16:47:11.699283,Okulary BME280,"32.74,84.78,31.71,81.95,32.18,83.70,31.03,42.58",32.74,84.78,31.71,81.95,32.18,83.70,31.03,42.58,true,0
session_20260623_163953_final,4021,438360,2026-06-23T16:47:11.839130,Okulary BME280,"32.71,84.79,31.69,81.76,32.16,83.59,31.04,42.54",32.71,84.79,31.69,81.76,32.16,83.59,31.04,42.54,true,0
session_20260623_163953_final,4022,438445,2026-06-23T16:47:11.924171,Okulary BME280,"32.70,84.79,31.67,81.74,32.14,83.63,31.03,42.49",32.70,84.79,31.67,81.74,32.14,83.63,31.03,42.49,true,0
session_20260623_163953_final,4023,438580,2026-06-23T16:47:12.059761,Okulary BME280,"32.70,84.81,31.66,81.77,32.13,83.64,31.03,42.46",32.70,84.81,31.66,81.77,32.13,83.64,31.03,42.46,true,0
session_20260623_163953_final,4024,438671,2026-06-23T16:47:12.150026,Okulary BME280,"32.70,84.82,31.67,81.82,32.13,83.61,31.04,42.40",32.70,84.82,31.67,81.82,32.13,83.61,31.04,42.40,true,0
session_20260623_163953_final,4025,438762,2026-06-23T16:47:12.241688,Okulary BME280,"32.70,84.83,31.68,81.97,32.12,83.54,31.03,42.38",32.70,84.83,31.68,81.97,32.12,83.54,31.03,42.38,true,0
session_20260623_163953_final,4026,438898,2026-06-23T16:47:12.376916,Okulary BME280,"32.70,84.86,31.69,82.03,32.11,83.42,31.04,42.33",32.70,84.86,31.69,82.03,32.11,83.42,31.04,42.33,true,0
session_20260623_163953_final,4027,438991,2026-06-23T16:47:12.470390,Okulary BME280,"32.71,84.87,31.70,82.08,32.09,83.12,31.04,42.35",32.71,84.87,31.70,82.08,32.09,83.12,31.04,42.35,true,0
session_20260623_163953_final,4028,439121,2026-06-23T16:47:12.600065,Okulary BME280,"32.71,84.88,31.70,82.11,32.08,83.06,31.03,42.27",32.71,84.88,31.70,82.11,32.08,83.06,31.03,42.27,true,0
session_20260623_163953_final,4029,439211,2026-06-23T16:47:12.690412,Okulary BME280,"32.71,84.85,31.71,82.14,32.07,83.02,31.04,42.28",32.71,84.85,31.71,82.14,32.07,83.02,31.04,42.28,true,0
session_20260623_163953_final,4030,439301,2026-06-23T16:47:12.780049,Okulary BME280,"32.72,84.89,31.71,82.22,32.07,83.02,31.04,42.35",32.72,84.89,31.71,82.22,32.07,83.02,31.04,42.35,true,0
session_20260623_163953_final,4031,439434,2026-06-23T16:47:12.913808,Okulary BME280,"32.72,84.91,31.72,82.36,32.08,83.07,31.04,42.47",32.72,84.91,31.72,82.36,32.08,83.07,31.04,42.47,true,0
session_20260623_163953_final,4032,439528,2026-06-23T16:47:13.007315,Okulary BME280,"32.72,84.92,31.74,82.49,32.09,83.11,31.04,42.56",32.72,84.92,31.74,82.49,32.09,83.11,31.04,42.56,true,0
session_20260623_163953_final,4033,439660,2026-06-23T16:47:13.138996,Okulary BME280,"32.72,84.95,31.76,82.58,32.09,83.09,31.04,42.63",32.72,84.95,31.76,82.58,32.09,83.09,31.04,42.63,true,0
session_20260623_163953_final,4034,439750,2026-06-23T16:47:13.229571,Okulary BME280,"32.72,84.95,31.75,82.63,32.09,83.00,31.04,42.68",32.72,84.95,31.75,82.63,32.09,83.00,31.04,42.68,true,0
session_20260623_163953_final,4035,439892,2026-06-23T16:47:13.371185,Okulary BME280,"32.72,84.96,31.74,82.62,32.10,83.03,31.05,42.70",32.72,84.96,31.74,82.62,32.10,83.03,31.05,42.70,true,0
session_20260623_163953_final,4036,439989,2026-06-23T16:47:13.468409,Okulary BME280,"32.73,84.97,31.73,82.65,32.10,83.06,31.04,42.63",32.73,84.97,31.73,82.65,32.10,83.06,31.04,42.63,true,0
session_20260623_163953_final,4037,440066,2026-06-23T16:47:13.545677,Okulary BME280,"32.72,84.98,31.73,82.76,32.11,83.30,31.04,42.66",32.72,84.98,31.73,82.76,32.11,83.30,31.04,42.66,true,0
session_20260623_163953_final,4038,440201,2026-06-23T16:47:13.680432,Okulary BME280,"32.72,85.01,31.75,82.76,32.14,83.28,31.04,42.68",32.72,85.01,31.75,82.76,32.14,83.28,31.04,42.68,true,0
session_20260623_163953_final,4039,440292,2026-06-23T16:47:13.771295,Okulary BME280,"32.72,85.01,31.75,82.52,32.15,83.05,31.04,42.73",32.72,85.01,31.75,82.52,32.15,83.05,31.04,42.73,true,0
session_20260623_163953_final,4040,440428,2026-06-23T16:47:13.906879,Okulary BME280,"32.72,85.01,31.73,82.19,32.12,82.71,31.04,42.79",32.72,85.01,31.73,82.19,32.12,82.71,31.04,42.79,true,0
session_20260623_163953_final,4041,440515,2026-06-23T16:47:13.994656,Okulary BME280,"32.73,85.02,31.68,81.83,32.08,82.40,31.04,42.87",32.73,85.02,31.68,81.83,32.08,82.40,31.04,42.87,true,0
session_20260623_163953_final,4042,440650,2026-06-23T16:47:14.129426,Okulary BME280,"32.72,85.02,31.65,81.43,32.04,82.09,31.05,42.95",32.72,85.02,31.65,81.43,32.04,82.09,31.05,42.95,true,0
session_20260623_163953_final,4043,440758,2026-06-23T16:47:14.236945,Okulary BME280,"32.72,85.03,31.58,80.84,32.01,81.79,31.05,43.02",32.72,85.03,31.58,80.84,32.01,81.79,31.05,43.02,true,0
session_20260623_163953_final,4044,440830,2026-06-23T16:47:14.309300,Okulary BME280,"32.72,85.04,31.57,80.71,31.98,81.70,31.05,43.11",32.72,85.04,31.57,80.71,31.98,81.70,31.05,43.11,true,0
session_20260623_163953_final,4045,440964,2026-06-23T16:47:14.443807,Okulary BME280,"32.73,85.07,31.56,80.65,31.96,81.82,31.05,43.10",32.73,85.07,31.56,80.65,31.96,81.82,31.05,43.10,true,0
session_20260623_163953_final,4046,441056,2026-06-23T16:47:14.534836,Okulary BME280,"32.73,85.02,31.57,80.66,31.98,82.01,31.04,43.18",32.73,85.02,31.57,80.66,31.98,82.01,31.04,43.18,true,0
session_20260623_163953_final,4047,441190,2026-06-23T16:47:14.669465,Okulary BME280,"32.73,85.08,31.58,80.74,31.99,82.25,31.05,43.19",32.73,85.08,31.58,80.74,31.99,82.25,31.05,43.19,true,0
session_20260623_163953_final,4048,441282,2026-06-23T16:47:14.760835,Okulary BME280,"32.73,85.09,31.60,80.85,32.02,82.37,31.04,43.16",32.73,85.09,31.60,80.85,32.02,82.37,31.04,43.16,true,0
session_20260623_163953_final,4049,441415,2026-06-23T16:47:14.894296,Okulary BME280,"32.73,85.11,31.62,80.94,32.05,82.36,31.04,43.12",32.73,85.11,31.62,80.94,32.05,82.36,31.04,43.12,true,0
session_20260623_163953_final,4050,441505,2026-06-23T16:47:14.984228,Okulary BME280,"32.74,85.11,31.64,81.06,32.06,82.22,31.04,43.10",32.74,85.11,31.64,81.06,32.06,82.22,31.04,43.10,true,0
session_20260623_163953_final,4051,441607,2026-06-23T16:47:15.086325,Okulary BME280,"32.74,85.12,31.65,81.09,32.05,82.14,31.04,43.09",32.74,85.12,31.65,81.09,32.05,82.14,31.04,43.09,true,0
session_20260623_163953_final,4052,441730,2026-06-23T16:47:15.208984,Okulary BME280,"32.73,85.13,31.66,81.30,32.03,82.02,31.04,43.08",32.73,85.13,31.66,81.30,32.03,82.02,31.04,43.08,true,0
session_20260623_163953_final,4053,441822,2026-06-23T16:47:15.301737,Okulary BME280,"32.73,85.14,31.67,81.46,32.02,82.08,31.04,43.05",32.73,85.14,31.67,81.46,32.02,82.08,31.04,43.05,true,0
session_20260623_163953_final,4054,441955,2026-06-23T16:47:15.434196,Okulary BME280,"32.73,85.14,31.69,81.66,32.06,82.79,31.05,42.99",32.73,85.14,31.69,81.66,32.06,82.79,31.05,42.99,true,0
session_20260623_163953_final,4055,442057,2026-06-23T16:47:15.536237,Okulary BME280,"32.73,85.13,31.73,81.86,32.13,83.02,31.04,43.04",32.73,85.13,31.73,81.86,32.13,83.02,31.04,43.04,true,0
session_20260623_163953_final,4056,442136,2026-06-23T16:47:15.615309,Okulary BME280,"32.72,85.18,31.76,82.01,32.20,83.06,31.04,43.02",32.72,85.18,31.76,82.01,32.20,83.06,31.04,43.02,true,0
session_20260623_163953_final,4057,442273,2026-06-23T16:47:15.752455,Okulary BME280,"32.73,85.17,31.77,81.96,32.21,82.92,31.04,42.95",32.73,85.17,31.77,81.96,32.21,82.92,31.04,42.95,true,0
session_20260623_163953_final,4058,442365,2026-06-23T16:47:15.844610,Okulary BME280,"32.73,85.18,31.75,81.79,32.17,82.64,31.03,42.84",32.73,85.18,31.75,81.79,32.17,82.64,31.03,42.84,true,0
session_20260623_163953_final,4059,442496,2026-06-23T16:47:15.975110,Okulary BME280,"32.73,85.19,31.70,81.56,32.10,82.34,31.02,42.72",32.73,85.19,31.70,81.56,32.10,82.34,31.02,42.72,true,0
session_20260623_163953_final,4060,442589,2026-06-23T16:47:16.068401,Okulary BME280,"32.73,85.19,31.66,81.35,32.04,82.15,31.01,42.61",32.73,85.19,31.66,81.35,32.04,82.15,31.01,42.61,true,0
session_20260623_163953_final,4061,442720,2026-06-23T16:47:16.199133,Okulary BME280,"32.74,85.21,31.61,81.26,32.00,82.12,30.99,42.50",32.74,85.21,31.61,81.26,32.00,82.12,30.99,42.50,true,0
session_20260623_163953_final,4062,442810,2026-06-23T16:47:16.289714,Okulary BME280,"32.74,85.23,31.61,81.27,31.98,82.10,30.98,42.42",32.74,85.23,31.61,81.27,31.98,82.10,30.98,42.42,true,0
session_20260623_163953_final,4063,442902,2026-06-23T16:47:16.380959,Okulary BME280,"32.74,85.27,31.62,81.28,31.96,81.62,30.97,42.32",32.74,85.27,31.62,81.28,31.96,81.62,30.97,42.32,true,0
session_20260623_163953_final,4064,443035,2026-06-23T16:47:16.514269,Okulary BME280,"32.74,85.24,31.63,81.29,31.95,81.38,30.96,42.19",32.74,85.24,31.63,81.29,31.95,81.38,30.96,42.19,true,0
session_20260623_163953_final,4065,443127,2026-06-23T16:47:16.606005,Okulary BME280,"32.75,85.26,31.63,81.18,31.93,81.35,30.95,42.18",32.75,85.26,31.63,81.18,31.93,81.35,30.95,42.18,true,0
session_20260623_163953_final,4066,443263,2026-06-23T16:47:16.742477,Okulary BME280,"32.75,85.27,31.62,80.96,31.93,81.35,30.96,42.15",32.75,85.27,31.62,80.96,31.93,81.35,30.96,42.15,true,0
session_20260623_163953_final,4067,443350,2026-06-23T16:47:16.829469,Okulary BME280,"32.74,85.27,31.60,80.76,31.94,81.37,30.96,42.09",32.74,85.27,31.60,80.76,31.94,81.37,30.96,42.09,true,0
session_20260623_163953_final,4068,443486,2026-06-23T16:47:16.965803,Okulary BME280,"32.74,85.28,31.58,80.52,31.95,81.46,30.95,42.05",32.74,85.28,31.58,80.52,31.95,81.46,30.95,42.05,true,0
session_20260623_163953_final,4069,443577,2026-06-23T16:47:17.055832,Okulary BME280,"32.74,85.28,31.57,80.42,31.96,81.66,30.96,42.02",32.74,85.28,31.57,80.42,31.96,81.66,30.96,42.02,true,0
session_20260623_163953_final,4070,443676,2026-06-23T16:47:17.155004,Okulary BME280,"32.75,85.29,31.59,80.47,31.99,81.81,30.96,42.00",32.75,85.29,31.59,80.47,31.99,81.81,30.96,42.00,true,0
session_20260623_163953_final,4071,443804,2026-06-23T16:47:17.283233,Okulary BME280,"32.75,85.33,31.60,80.54,32.01,81.69,30.97,42.00",32.75,85.33,31.60,80.54,32.01,81.69,30.97,42.00,true,0
session_20260623_163953_final,4072,443892,2026-06-23T16:47:17.371584,Okulary BME280,"32.75,85.31,31.62,80.57,32.00,81.69,30.97,41.94",32.75,85.31,31.62,80.57,32.00,81.69,30.97,41.94,true,0
session_20260623_163953_final,4073,444028,2026-06-23T16:47:17.506916,Okulary BME280,"32.74,85.33,31.62,80.50,32.00,81.74,30.97,41.85",32.74,85.33,31.62,80.50,32.00,81.74,30.97,41.85,true,0
session_20260623_163953_final,4074,444121,2026-06-23T16:47:17.599931,Okulary BME280,"32.74,85.33,31.62,80.34,32.00,81.86,30.97,41.80",32.74,85.33,31.62,80.34,32.00,81.86,30.97,41.80,true,0
session_20260623_163953_final,4075,444206,2026-06-23T16:47:17.685545,Okulary BME280,"32.73,85.34,31.61,80.32,32.01,82.19,30.97,41.76",32.73,85.34,31.61,80.32,32.01,82.19,30.97,41.76,true,0
session_20260623_163953_final,4076,444342,2026-06-23T16:47:17.821428,Okulary BME280,"32.73,85.34,31.62,80.50,32.06,82.54,30.97,41.73",32.73,85.34,31.62,80.50,32.06,82.54,30.97,41.73,true,0
session_20260623_163953_final,4077,444431,2026-06-23T16:47:17.910764,Okulary BME280,"32.73,85.35,31.66,80.71,32.13,82.84,30.98,41.68",32.73,85.35,31.66,80.71,32.13,82.84,30.98,41.68,true,0
session_20260623_163953_final,4078,444578,2026-06-23T16:47:18.057219,Okulary BME280,"32.73,85.35,31.70,80.93,32.23,82.99,30.98,41.65",32.73,85.35,31.70,80.93,32.23,82.99,30.98,41.65,true,0
session_20260623_163953_final,4079,444656,2026-06-23T16:47:18.135493,Okulary BME280,"32.73,85.35,31.73,80.69,32.28,82.91,30.98,41.60",32.73,85.35,31.73,80.69,32.28,82.91,30.98,41.60,true,0
session_20260623_163953_final,4080,444797,2026-06-23T16:47:18.276560,Okulary BME280,"32.73,85.37,31.68,80.32,32.18,82.39,30.98,41.59",32.73,85.37,31.68,80.32,32.18,82.39,30.98,41.59,true,0
session_20260623_163953_final,4081,444886,2026-06-23T16:47:18.364887,Okulary BME280,"32.72,85.39,31.62,79.93,32.08,82.08,30.98,41.52",32.72,85.39,31.62,79.93,32.08,82.08,30.98,41.52,true,0
session_20260623_163953_final,4082,444973,2026-06-23T16:47:18.452047,Okulary BME280,"32.68,85.17,31.56,79.52,32.00,81.71,30.98,41.42",32.68,85.17,31.56,79.52,32.00,81.71,30.98,41.42,true,0
session_20260623_163953_final,4083,445107,2026-06-23T16:47:18.586349,Okulary BME280,"32.65,85.15,31.50,79.11,31.92,81.33,30.99,41.36",32.65,85.15,31.50,79.11,31.92,81.33,30.99,41.36,true,0
session_20260623_163953_final,4084,445198,2026-06-23T16:47:18.677219,Okulary BME280,"32.62,85.15,31.45,78.70,31.86,80.93,30.98,41.32",32.62,85.15,31.45,78.70,31.86,80.93,30.98,41.32,true,0
session_20260623_163953_final,4085,445335,2026-06-23T16:47:18.814043,Okulary BME280,"32.61,85.17,31.41,78.30,31.81,80.54,30.99,41.28",32.61,85.17,31.41,78.30,31.81,80.54,30.99,41.28,true,0
session_20260623_163953_final,4086,445425,2026-06-23T16:47:18.904127,Okulary BME280,"32.60,85.19,31.37,77.99,31.77,80.29,30.99,41.23",32.60,85.19,31.37,77.99,31.77,80.29,30.99,41.23,true,0
session_20260623_163953_final,4087,445556,2026-06-23T16:47:19.035108,Okulary BME280,"32.62,85.22,31.34,77.89,31.74,80.36,30.99,41.18",32.62,85.22,31.34,77.89,31.74,80.36,30.99,41.18,true,0
session_20260623_163953_final,4088,445646,2026-06-23T16:47:19.125607,Okulary BME280,"32.63,85.26,31.34,77.94,31.74,80.50,30.98,41.13",32.63,85.26,31.34,77.94,31.74,80.50,30.98,41.13,true,0
session_20260623_163953_final,4089,445742,2026-06-23T16:47:19.221087,Okulary BME280,"32.64,85.31,31.36,77.94,31.77,80.63,30.99,41.08",32.64,85.31,31.36,77.94,31.77,80.63,30.99,41.08,true,0
session_20260623_163953_final,4090,445874,2026-06-23T16:47:19.353252,Okulary BME280,"32.65,85.34,31.37,77.82,31.78,80.66,30.98,41.01",32.65,85.34,31.37,77.82,31.78,80.66,30.98,41.01,true,0
session_20260623_163953_final,4091,445961,2026-06-23T16:47:19.440723,Okulary BME280,"32.68,85.36,31.37,77.72,31.80,80.65,30.97,40.97",32.68,85.36,31.37,77.72,31.80,80.65,30.97,40.97,true,0
session_20260623_163953_final,4092,446097,2026-06-23T16:47:19.576319,Okulary BME280,"32.69,85.36,31.37,77.77,31.81,80.64,30.97,40.94",32.69,85.36,31.37,77.77,31.81,80.64,30.97,40.94,true,0
session_20260623_163953_final,4093,446186,2026-06-23T16:47:19.665341,Okulary BME280,"32.70,85.37,31.38,77.92,31.82,80.62,30.97,40.89",32.70,85.37,31.38,77.92,31.82,80.62,30.97,40.89,true,0
session_20260623_163953_final,4094,446321,2026-06-23T16:47:19.800102,Okulary BME280,"32.70,85.38,31.41,78.11,31.83,80.55,30.96,40.84",32.70,85.38,31.41,78.11,31.83,80.55,30.96,40.84,true,0
session_20260623_163953_final,4095,446416,2026-06-23T16:47:19.895157,Okulary BME280,"32.71,85.40,31.43,78.32,31.84,80.51,30.95,40.79",32.71,85.40,31.43,78.32,31.84,80.51,30.95,40.79,true,0
session_20260623_163953_final,4096,446501,2026-06-23T16:47:19.980097,Okulary BME280,"32.71,85.42,31.45,78.45,31.84,80.45,30.94,40.76",32.71,85.42,31.45,78.45,31.84,80.45,30.94,40.76,true,0
session_20260623_163953_final,4097,446635,2026-06-23T16:47:20.114652,Okulary BME280,"32.72,85.41,31.48,78.81,31.85,80.28,30.94,40.76",32.72,85.41,31.48,78.81,31.85,80.28,30.94,40.76,true,0
session_20260623_163953_final,4098,446728,2026-06-23T16:47:20.207379,Okulary BME280,"32.73,85.44,31.50,78.97,31.84,79.74,30.93,40.76",32.73,85.44,31.50,78.97,31.84,79.74,30.93,40.76,true,0
session_20260623_163953_final,4099,446862,2026-06-23T16:47:20.340951,Okulary BME280,"32.73,85.46,31.51,79.08,31.83,79.35,30.93,40.76",32.73,85.46,31.51,79.08,31.83,79.35,30.93,40.76,true,0
session_20260623_163953_final,4100,446952,2026-06-23T16:47:20.431463,Okulary BME280,"32.73,85.48,31.51,79.16,31.82,78.95,30.93,40.70",32.73,85.48,31.51,79.16,31.82,78.95,30.93,40.70,true,0
session_20260623_163953_final,4101,447041,2026-06-23T16:47:20.520074,Okulary BME280,"32.73,85.50,31.51,79.21,31.80,78.58,30.92,40.63",32.73,85.50,31.51,79.21,31.80,78.58,30.92,40.63,true,0
session_20260623_163953_final,4102,447179,2026-06-23T16:47:20.658123,Okulary BME280,"32.74,85.51,31.51,79.24,31.78,78.23,30.91,40.59",32.74,85.51,31.51,79.24,31.78,78.23,30.91,40.59,true,0
session_20260623_163953_final,4103,447266,2026-06-23T16:47:20.745402,Okulary BME280,"32.74,85.53,31.51,79.24,31.76,77.87,30.91,40.57",32.74,85.53,31.51,79.24,31.76,77.87,30.91,40.57,true,0
session_20260623_163953_final,4104,447401,2026-06-23T16:47:20.879922,Okulary BME280,"32.74,85.54,31.51,79.21,31.73,77.52,30.91,40.56",32.74,85.54,31.51,79.21,31.73,77.52,30.91,40.56,true,0
session_20260623_163953_final,4105,447490,2026-06-23T16:47:20.969763,Okulary BME280,"32.75,85.54,31.50,79.22,31.72,77.16,30.91,40.52",32.75,85.54,31.50,79.22,31.72,77.16,30.91,40.52,true,0
session_20260623_163953_final,4106,447626,2026-06-23T16:47:21.104878,Okulary BME280,"32.75,85.56,31.50,79.11,31.70,76.84,30.90,40.50",32.75,85.56,31.50,79.11,31.70,76.84,30.90,40.50,true,0
session_20260623_163953_final,4107,447716,2026-06-23T16:47:21.194828,Okulary BME280,"32.75,85.52,31.50,79.06,31.68,76.25,30.90,40.50",32.75,85.52,31.50,79.06,31.68,76.25,30.90,40.50,true,0
session_20260623_163953_final,4108,447807,2026-06-23T16:47:21.286036,Okulary BME280,"32.75,85.59,31.50,79.03,31.66,76.20,30.90,40.49",32.75,85.59,31.50,79.03,31.66,76.20,30.90,40.49,true,0
session_20260623_163953_final,4109,447941,2026-06-23T16:47:21.420622,Okulary BME280,"32.75,85.60,31.51,79.12,31.65,76.64,30.90,40.52",32.75,85.60,31.51,79.12,31.65,76.64,30.90,40.52,true,0
session_20260623_163953_final,4110,448046,2026-06-23T16:47:21.525132,Okulary BME280,"32.76,85.62,31.53,79.28,31.67,76.90,30.89,40.40",32.76,85.62,31.53,79.28,31.67,76.90,30.89,40.40,true,0
session_20260623_163953_final,4111,448167,2026-06-23T16:47:21.645909,Okulary BME280,"32.76,85.64,31.54,79.33,31.68,76.65,30.89,40.37",32.76,85.64,31.54,79.33,31.68,76.65,30.89,40.37,true,0
session_20260623_163953_final,4112,448256,2026-06-23T16:47:21.734946,Okulary BME280,"32.76,85.64,31.53,79.21,31.66,76.32,30.89,40.36",32.76,85.64,31.53,79.21,31.66,76.32,30.89,40.36,true,0
session_20260623_163953_final,4113,448393,2026-06-23T16:47:21.872496,Okulary BME280,"32.76,85.65,31.51,78.97,31.63,75.96,30.88,40.36",32.76,85.65,31.51,78.97,31.63,75.96,30.88,40.36,true,0
session_20260623_163953_final,4114,448483,2026-06-23T16:47:21.962260,Okulary BME280,"32.76,85.65,31.47,78.31,31.60,75.64,30.88,40.34",32.76,85.65,31.47,78.31,31.60,75.64,30.88,40.34,true,0
session_20260623_163953_final,4115,448706,2026-06-23T16:47:22.185689,Okulary BME280,"32.76,85.64,31.41,78.16,31.56,75.39,30.88,40.31",32.76,85.64,31.41,78.16,31.56,75.39,30.88,40.31,true,0
session_20260623_163953_final,4116,448714,2026-06-23T16:47:22.193500,Okulary BME280,"32.76,85.69,31.40,78.17,31.54,75.79,30.88,40.26",32.76,85.69,31.40,78.17,31.54,75.79,30.88,40.26,true,0
session_20260623_163953_final,4117,448796,2026-06-23T16:47:22.275647,Okulary BME280,"32.76,85.70,31.40,78.24,31.55,75.99,30.88,40.21",32.76,85.70,31.40,78.24,31.55,75.99,30.88,40.21,true,0
session_20260623_163953_final,4118,448932,2026-06-23T16:47:22.410861,Okulary BME280,"32.76,85.71,31.41,78.36,31.57,76.43,30.87,40.16",32.76,85.71,31.41,78.36,31.57,76.43,30.87,40.16,true,0
session_20260623_163953_final,4119,449020,2026-06-23T16:47:22.499710,Okulary BME280,"32.76,85.73,31.42,78.55,31.60,76.81,30.86,40.12",32.76,85.73,31.42,78.55,31.60,76.81,30.86,40.12,true,0
session_20260623_163953_final,4120,449113,2026-06-23T16:47:22.591863,Okulary BME280,"32.75,85.69,31.44,78.73,31.63,76.94,30.86,40.09",32.75,85.69,31.44,78.73,31.63,76.94,30.86,40.09,true,0
session_20260623_163953_final,4121,449246,2026-06-23T16:47:22.725539,Okulary BME280,"32.73,85.65,31.45,78.91,31.64,76.78,30.86,40.05",32.73,85.65,31.45,78.91,31.64,76.78,30.86,40.05,true,0
session_20260623_163953_final,4122,449335,2026-06-23T16:47:22.814527,Okulary BME280,"32.70,85.61,31.46,79.04,31.64,76.48,30.85,40.00",32.70,85.61,31.46,79.04,31.64,76.48,30.85,40.00,true,0
session_20260623_163953_final,4123,449475,2026-06-23T16:47:22.954274,Okulary BME280,"32.67,85.58,31.46,79.22,31.62,76.12,30.85,39.97",32.67,85.58,31.46,79.22,31.62,76.12,30.85,39.97,true,0
session_20260623_163953_final,4124,449561,2026-06-23T16:47:23.040362,Okulary BME280,"32.64,85.57,31.45,79.27,31.61,75.68,30.84,39.95",32.64,85.57,31.45,79.27,31.61,75.68,30.84,39.95,true,0
session_20260623_163953_final,4125,449696,2026-06-23T16:47:23.174981,Okulary BME280,"32.60,85.55,31.45,79.29,31.57,74.98,30.84,39.92",32.60,85.55,31.45,79.29,31.57,74.98,30.84,39.92,true,0
session_20260623_163953_final,4126,449793,2026-06-23T16:47:23.272408,Okulary BME280,"32.58,85.59,31.44,79.35,31.56,75.19,30.83,39.90",32.58,85.59,31.44,79.35,31.56,75.19,30.83,39.90,true,0
session_20260623_163953_final,4127,449876,2026-06-23T16:47:23.355469,Okulary BME280,"32.58,85.66,31.45,79.46,31.56,75.58,30.83,39.85",32.58,85.66,31.45,79.46,31.56,75.58,30.83,39.85,true,0
session_20260623_163953_final,4128,450011,2026-06-23T16:47:23.489898,Okulary BME280,"32.58,85.72,31.46,79.59,31.59,76.02,30.83,39.86",32.58,85.72,31.46,79.59,31.59,76.02,30.83,39.86,true,0
session_20260623_163953_final,4129,450104,2026-06-23T16:47:23.583119,Okulary BME280,"32.59,85.77,31.47,79.74,31.61,76.49,30.82,39.85",32.59,85.77,31.47,79.74,31.61,76.49,30.82,39.85,true,0
session_20260623_163953_final,4130,450238,2026-06-23T16:47:23.717622,Okulary BME280,"32.60,85.81,31.49,79.90,31.65,76.92,30.82,39.85",32.60,85.81,31.49,79.90,31.65,76.92,30.82,39.85,true,0
session_20260623_163953_final,4131,450329,2026-06-23T16:47:23.808055,Okulary BME280,"32.61,85.83,31.50,80.07,31.69,77.11,30.81,39.85",32.61,85.83,31.50,80.07,31.69,77.11,30.81,39.85,true,0
session_20260623_163953_final,4132,450461,2026-06-23T16:47:23.940144,Okulary BME280,"32.62,85.89,31.51,80.28,31.71,77.06,30.81,39.85",32.62,85.89,31.51,80.28,31.71,77.06,30.81,39.85,true,0
session_20260623_163953_final,4133,450557,2026-06-23T16:47:24.036541,Okulary BME280,"32.62,85.89,31.50,80.33,31.69,76.37,30.81,39.84",32.62,85.89,31.50,80.33,31.69,76.37,30.81,39.84,true,0
session_20260623_163953_final,4134,450643,2026-06-23T16:47:24.122336,Okulary BME280,"32.63,85.94,31.50,80.36,31.63,75.97,30.81,39.81",32.63,85.94,31.50,80.36,31.63,75.97,30.81,39.81,true,0
session_20260623_163953_final,4135,450776,2026-06-23T16:47:24.255027,Okulary BME280,"32.64,85.94,31.48,80.35,31.59,75.58,30.80,39.78",32.64,85.94,31.48,80.35,31.59,75.58,30.80,39.78,true,0
session_20260623_163953_final,4136,450868,2026-06-23T16:47:24.346972,Okulary BME280,"32.64,85.96,31.47,80.31,31.56,75.18,30.80,39.82",32.64,85.96,31.47,80.31,31.56,75.18,30.80,39.82,true,0
session_20260623_163953_final,4137,451003,2026-06-23T16:47:24.482138,Okulary BME280,"32.64,85.96,31.46,80.25,31.54,75.14,30.80,39.77",32.64,85.96,31.46,80.25,31.54,75.14,30.80,39.77,true,0
session_20260623_163953_final,4138,451091,2026-06-23T16:47:24.570638,Okulary BME280,"32.64,85.97,31.45,80.25,31.54,75.47,30.80,39.74",32.64,85.97,31.45,80.25,31.54,75.47,30.80,39.74,true,0
session_20260623_163953_final,4139,451226,2026-06-23T16:47:24.705510,Okulary BME280,"32.63,85.97,31.45,80.25,31.55,75.47,30.80,39.71",32.63,85.97,31.45,80.25,31.55,75.47,30.80,39.71,true,0
session_20260623_163953_final,4140,451316,2026-06-23T16:47:24.795180,Okulary BME280,"32.63,85.99,31.45,80.30,31.55,75.46,30.79,39.70",32.63,85.99,31.45,80.30,31.55,75.46,30.79,39.70,true,0
session_20260623_163953_final,4141,451453,2026-06-23T16:47:24.932362,Okulary BME280,"32.63,86.02,31.45,79.71,31.55,75.10,30.79,39.72",32.63,86.02,31.45,79.71,31.55,75.10,30.79,39.72,true,0
session_20260623_163953_final,4142,451543,2026-06-23T16:47:25.022063,Okulary BME280,"32.63,85.97,31.41,79.26,31.48,74.25,30.78,39.72",32.63,85.97,31.41,79.26,31.48,74.25,30.78,39.72,true,0
session_20260623_163953_final,4143,451630,2026-06-23T16:47:25.109315,Okulary BME280,"32.58,85.80,31.37,78.82,31.44,73.84,30.78,39.72",32.58,85.80,31.37,78.82,31.44,73.84,30.78,39.72,true,0
session_20260623_163953_final,4144,451782,2026-06-23T16:47:25.261620,Okulary BME280,"32.54,85.70,31.32,78.37,31.41,73.43,30.78,39.69",32.54,85.70,31.32,78.37,31.41,73.43,30.78,39.69,true,0
session_20260623_163953_final,4145,451860,2026-06-23T16:47:25.339310,Okulary BME280,"32.48,85.61,31.28,78.09,31.39,73.52,30.78,39.68",32.48,85.61,31.28,78.09,31.39,73.52,30.78,39.68,true,0
session_20260623_163953_final,4146,451946,2026-06-23T16:47:25.425075,Okulary BME280,"32.44,85.53,31.26,78.08,31.38,73.97,30.78,39.62",32.44,85.53,31.26,78.08,31.38,73.97,30.78,39.62,true,0
session_20260623_163953_final,4147,452090,2026-06-23T16:47:25.569485,Okulary BME280,"32.40,85.48,31.26,78.16,31.40,74.35,30.77,39.60",32.40,85.48,31.26,78.16,31.40,74.35,30.77,39.60,true,0
session_20260623_163953_final,4148,452173,2026-06-23T16:47:25.652503,Okulary BME280,"32.37,85.42,31.28,78.30,31.43,74.52,30.77,39.58",32.37,85.42,31.28,78.30,31.43,74.52,30.77,39.58,true,0
session_20260623_163953_final,4149,452306,2026-06-23T16:47:25.784911,Okulary BME280,"32.34,85.39,31.29,78.34,31.44,74.49,30.76,39.55",32.34,85.39,31.29,78.34,31.44,74.49,30.76,39.55,true,0
session_20260623_163953_final,4150,452398,2026-06-23T16:47:25.877077,Okulary BME280,"32.32,85.42,31.32,78.70,31.44,74.58,30.76,39.54",32.32,85.42,31.32,78.70,31.44,74.58,30.76,39.54,true,0
session_20260623_163953_final,4151,452531,2026-06-23T16:47:26.010395,Okulary BME280,"32.33,85.49,31.34,78.86,31.45,74.23,30.76,39.53",32.33,85.49,31.34,78.86,31.45,74.23,30.76,39.53,true,0
session_20260623_163953_final,4152,452668,2026-06-23T16:47:26.147230,Okulary BME280,"32.35,85.54,31.35,78.99,31.44,73.91,30.76,39.51",32.35,85.54,31.35,78.99,31.44,73.91,30.76,39.51,true,0
session_20260623_163953_final,4153,452726,2026-06-23T16:47:26.205041,Okulary BME280,"32.37,85.61,31.36,79.13,31.43,74.01,30.75,39.48",32.37,85.61,31.36,79.13,31.43,74.01,30.75,39.48,true,0
session_20260623_163953_final,4154,452846,2026-06-23T16:47:26.325358,Okulary BME280,"32.39,85.66,31.36,79.31,31.43,74.40,30.75,39.48",32.39,85.66,31.36,79.31,31.43,74.40,30.75,39.48,true,0
session_20260623_163953_final,4155,452941,2026-06-23T16:47:26.420255,Okulary BME280,"32.42,85.71,31.38,79.50,31.46,74.75,30.75,39.42",32.42,85.71,31.38,79.50,31.46,74.75,30.75,39.42,true,0
session_20260623_163953_final,4156,453070,2026-06-23T16:47:26.549808,Okulary BME280,"32.43,85.75,31.40,79.64,31.48,75.01,30.74,39.40",32.43,85.75,31.40,79.64,31.48,75.01,30.74,39.40,true,0
session_20260623_163953_final,4157,453163,2026-06-23T16:47:26.642691,Okulary BME280,"32.46,85.81,31.40,79.67,31.51,75.14,30.74,39.39",32.46,85.81,31.40,79.67,31.51,75.14,30.74,39.39,true,0
session_20260623_163953_final,4158,453298,2026-06-23T16:47:26.777611,Okulary BME280,"32.47,85.82,31.39,79.65,31.51,75.05,30.73,39.38",32.47,85.82,31.39,79.65,31.51,75.05,30.73,39.38,true,0
session_20260623_163953_final,4159,453386,2026-06-23T16:47:26.865783,Okulary BME280,"32.48,85.86,31.37,79.80,31.51,74.73,30.73,39.38",32.48,85.86,31.37,79.80,31.51,74.73,30.73,39.38,true,0
session_20260623_163953_final,4160,453520,2026-06-23T16:47:26.999782,Okulary BME280,"32.51,85.92,31.37,79.82,31.48,73.97,30.72,39.36",32.51,85.92,31.37,79.82,31.48,73.97,30.72,39.36,true,0
session_20260623_163953_final,4161,453617,2026-06-23T16:47:27.095959,Okulary BME280,"32.51,85.94,31.37,79.83,31.47,73.74,30.72,39.36",32.51,85.94,31.37,79.83,31.47,73.74,30.72,39.36,true,0
session_20260623_163953_final,4162,453751,2026-06-23T16:47:27.230112,Okulary BME280,"32.51,85.95,31.37,79.94,31.46,74.26,30.71,39.34",32.51,85.95,31.37,79.94,31.46,74.26,30.71,39.34,true,0
session_20260623_163953_final,4163,453838,2026-06-23T16:47:27.317383,Okulary BME280,"32.51,85.88,31.39,80.13,31.49,74.96,30.71,39.36",32.51,85.88,31.39,80.13,31.49,74.96,30.71,39.36,true,0
session_20260623_163953_final,4164,453929,2026-06-23T16:47:27.408037,Okulary BME280,"32.50,85.79,31.43,80.34,31.55,75.55,30.71,39.42",32.50,85.79,31.43,80.34,31.55,75.55,30.71,39.42,true,0
session_20260623_163953_final,4165,454017,2026-06-23T16:47:27.495823,Okulary BME280,"32.46,85.71,31.47,80.51,31.62,75.97,30.70,39.42",32.46,85.71,31.47,80.51,31.62,75.97,30.70,39.42,true,0
session_20260623_163953_final,4166,454154,2026-06-23T16:47:27.632879,Okulary BME280,"32.43,85.63,31.50,80.61,31.67,76.26,30.70,39.43",32.43,85.63,31.50,80.61,31.67,76.26,30.70,39.43,true,0
session_20260623_163953_final,4167,454242,2026-06-23T16:47:27.721711,Okulary BME280,"32.40,85.57,31.51,80.75,31.69,76.52,30.70,39.44",32.40,85.57,31.51,80.75,31.69,76.52,30.70,39.44,true,0
session_20260623_163953_final,4168,454383,2026-06-23T16:47:27.862701,Okulary BME280,"32.36,85.51,31.46,80.65,31.69,76.71,30.70,39.47",32.36,85.51,31.46,80.65,31.69,76.71,30.70,39.47,true,0
session_20260623_163953_final,4169,454468,2026-06-23T16:47:27.947018,Okulary BME280,"32.31,85.40,31.43,80.53,31.66,77.00,30.69,39.48",32.31,85.40,31.43,80.53,31.66,77.00,30.69,39.48,true,0
session_20260623_163953_final,4170,454602,2026-06-23T16:47:28.081245,Okulary BME280,"32.28,85.36,31.40,80.33,31.64,77.08,30.69,39.49",32.28,85.36,31.40,80.33,31.64,77.08,30.69,39.49,true,0
session_20260623_163953_final,4171,454691,2026-06-23T16:47:28.169824,Okulary BME280,"32.27,85.32,31.37,80.14,31.63,77.15,30.69,39.48",32.27,85.32,31.37,80.14,31.63,77.15,30.69,39.48,true,0
session_20260623_163953_final,4172,454827,2026-06-23T16:47:28.306765,Okulary BME280,"32.25,85.28,31.35,79.91,31.61,77.17,30.69,39.46",32.25,85.28,31.35,79.91,31.61,77.17,30.69,39.46,true,0
session_20260623_163953_final,4173,454919,2026-06-23T16:47:28.398793,Okulary BME280,"32.23,85.20,31.34,79.71,31.59,77.10,30.69,39.46",32.23,85.20,31.34,79.71,31.59,77.10,30.69,39.46,true,0
session_20260623_163953_final,4174,455007,2026-06-23T16:47:28.486218,Okulary BME280,"32.21,85.00,31.33,79.42,31.57,76.72,30.68,39.44",32.21,85.00,31.33,79.42,31.57,76.72,30.68,39.44,true,0
session_20260623_163953_final,4175,455152,2026-06-23T16:47:28.631460,Okulary BME280,"32.17,85.02,31.32,79.06,31.53,76.19,30.68,39.43",32.17,85.02,31.32,79.06,31.53,76.19,30.68,39.43,true,0
session_20260623_163953_final,4176,455238,2026-06-23T16:47:28.717027,Okulary BME280,"32.17,85.04,31.30,78.57,31.46,75.68,30.68,39.44",32.17,85.04,31.30,78.57,31.46,75.68,30.68,39.44,true,0
session_20260623_163953_final,4177,455367,2026-06-23T16:47:28.846531,Okulary BME280,"32.23,85.25,31.25,78.05,31.40,75.29,30.68,39.46",32.23,85.25,31.25,78.05,31.40,75.29,30.68,39.46,true,0
session_20260623_163953_final,4178,455515,2026-06-23T16:47:28.994662,Okulary BME280,"32.27,85.32,31.24,77.97,31.34,74.78,30.69,39.48",32.27,85.32,31.24,77.97,31.34,74.78,30.69,39.48,true,0
session_20260623_163953_final,4179,455546,2026-06-23T16:47:29.025457,Okulary BME280,"32.31,85.37,31.24,77.91,31.32,74.39,30.69,39.49",32.31,85.37,31.24,77.91,31.32,74.39,30.69,39.49,true,0
session_20260623_163953_final,4180,455682,2026-06-23T16:47:29.161262,Okulary BME280,"32.35,85.39,31.25,77.87,31.32,74.00,30.69,39.50",32.35,85.39,31.25,77.87,31.32,74.00,30.69,39.50,true,0
session_20260623_163953_final,4181,455772,2026-06-23T16:47:29.251615,Okulary BME280,"32.37,85.41,31.26,77.86,31.32,74.06,30.69,39.49",32.37,85.41,31.26,77.86,31.32,74.06,30.69,39.49,true,0
session_20260623_163953_final,4182,455911,2026-06-23T16:47:29.390152,Okulary BME280,"32.37,85.46,31.27,77.92,31.34,74.55,30.69,39.48",32.37,85.46,31.27,77.92,31.34,74.55,30.69,39.48,true,0
session_20260623_163953_final,4183,456001,2026-06-23T16:47:29.479881,Okulary BME280,"32.38,85.52,31.28,78.08,31.37,75.05,30.69,39.56",32.38,85.52,31.28,78.08,31.37,75.05,30.69,39.56,true,0
session_20260623_163953_final,4184,456140,2026-06-23T16:47:29.618937,Okulary BME280,"32.39,85.61,31.31,78.29,31.43,75.62,30.69,39.56",32.39,85.61,31.31,78.29,31.43,75.62,30.69,39.56,true,0
session_20260623_163953_final,4185,456223,2026-06-23T16:47:29.701946,Okulary BME280,"32.39,85.58,31.33,78.76,31.51,76.06,30.70,39.55",32.39,85.58,31.33,78.76,31.51,76.06,30.70,39.55,true,0
session_20260623_163953_final,4186,456312,2026-06-23T16:47:29.791772,Okulary BME280,"32.38,85.59,31.39,78.95,31.60,76.54,30.69,39.56",32.38,85.59,31.39,78.95,31.60,76.54,30.69,39.56,true,0
session_20260623_163953_final,4187,456446,2026-06-23T16:47:29.925379,Okulary BME280,"32.39,85.66,31.40,79.14,31.61,76.59,30.69,39.57",32.39,85.66,31.40,79.14,31.61,76.59,30.69,39.57,true,0
session_20260623_163953_final,4188,456542,2026-06-23T16:47:30.021082,Okulary BME280,"32.39,85.71,31.40,79.29,31.59,76.65,30.69,39.58",32.39,85.71,31.40,79.29,31.59,76.65,30.69,39.58,true,0
session_20260623_163953_final,4189,456674,2026-06-23T16:47:30.153045,Okulary BME280,"32.41,85.76,31.40,79.27,31.57,76.76,30.69,39.56",32.41,85.76,31.40,79.27,31.57,76.76,30.69,39.56,true,0
session_20260623_163953_final,4190,456764,2026-06-23T16:47:30.243253,Okulary BME280,"32.42,85.77,31.37,79.11,31.55,76.82,30.69,39.55",32.42,85.77,31.37,79.11,31.55,76.82,30.69,39.55,true,0
session_20260623_163953_final,4191,456850,2026-06-23T16:47:30.329494,Okulary BME280,"32.43,85.80,31.34,78.93,31.54,76.85,30.69,39.51",32.43,85.80,31.34,78.93,31.54,76.85,30.69,39.51,true,0
session_20260623_163953_final,4192,456992,2026-06-23T16:47:30.471040,Okulary BME280,"32.43,85.81,31.31,78.74,31.53,76.81,30.68,39.55",32.43,85.81,31.31,78.74,31.53,76.81,30.68,39.55,true,0
session_20260623_163953_final,4193,457080,2026-06-23T16:47:30.559385,Okulary BME280,"32.44,85.84,31.29,78.74,31.52,76.63,30.69,39.54",32.44,85.84,31.29,78.74,31.52,76.63,30.69,39.54,true,0
session_20260623_163953_final,4194,457210,2026-06-23T16:47:30.689358,Okulary BME280,"32.45,85.87,31.29,78.66,31.50,76.27,30.69,39.52",32.45,85.87,31.29,78.66,31.50,76.27,30.69,39.52,true,0
session_20260623_163953_final,4195,457306,2026-06-23T16:47:30.784858,Okulary BME280,"32.45,85.84,31.30,78.66,31.45,75.66,30.68,39.52",32.45,85.84,31.30,78.66,31.45,75.66,30.68,39.52,true,0
session_20260623_163953_final,4196,457449,2026-06-23T16:47:30.928636,Okulary BME280,"32.44,85.86,31.31,78.75,31.43,75.94,30.68,39.51",32.44,85.86,31.31,78.75,31.43,75.94,30.68,39.51,true,0
session_20260623_163953_final,4197,457527,2026-06-23T16:47:31.005870,Okulary BME280,"32.44,85.89,31.32,78.86,31.45,75.93,30.69,39.50",32.44,85.89,31.32,78.86,31.45,75.93,30.69,39.50,true,0
session_20260623_163953_final,4198,457617,2026-06-23T16:47:31.096198,Okulary BME280,"32.44,85.91,31.34,78.94,31.44,75.62,30.68,39.49",32.44,85.91,31.34,78.94,31.44,75.62,30.68,39.49,true,0
session_20260623_163953_final,4199,457757,2026-06-23T16:47:31.236035,Okulary BME280,"32.45,85.94,31.35,78.99,31.43,75.23,30.67,39.49",32.45,85.94,31.35,78.99,31.43,75.23,30.67,39.49,true,0
session_20260623_163953_final,4200,457845,2026-06-23T16:47:31.324751,Okulary BME280,"32.45,85.94,31.35,79.01,31.41,74.82,30.67,39.44",32.45,85.94,31.35,79.01,31.41,74.82,30.67,39.44,true,0
session_20260623_163953_final,4201,457985,2026-06-23T16:47:31.463832,Okulary BME280,"32.46,85.96,31.35,78.99,31.38,74.43,30.66,39.47",32.46,85.96,31.35,78.99,31.38,74.43,30.66,39.47,true,0
session_20260623_163953_final,4202,458067,2026-06-23T16:47:31.546247,Okulary BME280,"32.46,85.98,31.35,79.00,31.37,74.08,30.66,39.47",32.46,85.98,31.35,79.00,31.37,74.08,30.66,39.47,true,0
session_20260623_163953_final,4203,458202,2026-06-23T16:47:31.681273,Okulary BME280,"32.46,85.98,31.35,79.05,31.36,73.81,30.66,39.46",32.46,85.98,31.35,79.05,31.36,73.81,30.66,39.46,true,0
session_20260623_163953_final,4204,458295,2026-06-23T16:47:31.774725,Okulary BME280,"32.45,85.96,31.35,79.06,31.36,73.36,30.66,39.46",32.45,85.96,31.35,79.06,31.36,73.36,30.66,39.46,true,0
session_20260623_163953_final,4205,458384,2026-06-23T16:47:31.863447,Okulary BME280,"32.46,85.98,31.36,79.05,31.36,73.09,30.66,39.46",32.46,85.98,31.36,79.05,31.36,73.09,30.66,39.46,true,0
session_20260623_163953_final,4206,458515,2026-06-23T16:47:31.994619,Okulary BME280,"32.46,85.98,31.36,79.05,31.37,72.82,30.66,39.46",32.46,85.98,31.36,79.05,31.37,72.82,30.66,39.46,true,0
session_20260623_163953_final,4207,458606,2026-06-23T16:47:32.085312,Okulary BME280,"32.45,85.99,31.36,79.04,31.37,72.58,30.66,39.47",32.45,85.99,31.36,79.04,31.37,72.58,30.66,39.47,true,0
session_20260623_163953_final,4208,458743,2026-06-23T16:47:32.222239,Okulary BME280,"32.45,86.00,31.36,79.03,31.37,72.28,30.66,39.47",32.45,86.00,31.36,79.03,31.37,72.28,30.66,39.47,true,0
session_20260623_163953_final,4209,458831,2026-06-23T16:47:32.310590,Okulary BME280,"32.45,86.00,31.36,79.00,31.37,71.99,30.66,39.42",32.45,86.00,31.36,79.00,31.37,71.99,30.66,39.42,true,0
session_20260623_163953_final,4210,458923,2026-06-23T16:47:32.402161,Okulary BME280,"32.45,85.99,31.36,79.03,31.37,72.31,30.66,39.44",32.45,85.99,31.36,79.03,31.37,72.31,30.66,39.44,true,0
session_20260623_163953_final,4211,459061,2026-06-23T16:47:32.540607,Okulary BME280,"32.45,86.00,31.37,79.23,31.39,72.85,30.66,39.43",32.45,86.00,31.37,79.23,31.39,72.85,30.66,39.43,true,0
session_20260623_163953_final,4212,459150,2026-06-23T16:47:32.628849,Okulary BME280,"32.45,86.01,31.41,79.49,31.42,73.17,30.66,39.43",32.45,86.01,31.41,79.49,31.42,73.17,30.66,39.43,true,0
session_20260623_163953_final,4213,459284,2026-06-23T16:47:32.763115,Okulary BME280,"32.45,86.03,31.42,79.59,31.43,73.02,30.66,39.43",32.45,86.03,31.42,79.59,31.43,73.02,30.66,39.43,true,0
session_20260623_163953_final,4214,459372,2026-06-23T16:47:32.851126,Okulary BME280,"32.45,86.03,31.43,79.74,31.42,73.47,30.66,39.42",32.45,86.03,31.43,79.74,31.42,73.47,30.66,39.42,true,0
session_20260623_163953_final,4215,459507,2026-06-23T16:47:32.986166,Okulary BME280,"32.44,86.02,31.43,79.89,31.43,73.96,30.66,39.40",32.44,86.02,31.43,79.89,31.43,73.96,30.66,39.40,true,0
session_20260623_163953_final,4216,459601,2026-06-23T16:47:33.079905,Okulary BME280,"32.44,86.02,31.44,80.06,31.46,74.28,30.66,39.40",32.44,86.02,31.44,80.06,31.46,74.28,30.66,39.40,true,0
session_20260623_163953_final,4217,459693,2026-06-23T16:47:33.172148,Okulary BME280,"32.44,86.02,31.45,80.19,31.49,74.21,30.65,39.42",32.44,86.02,31.45,80.19,31.49,74.21,30.65,39.42,true,0
session_20260623_163953_final,4218,459824,2026-06-23T16:47:33.303103,Okulary BME280,"32.44,86.04,31.46,80.28,31.48,73.93,30.65,39.42",32.44,86.04,31.46,80.28,31.48,73.93,30.65,39.42,true,0
session_20260623_163953_final,4219,459912,2026-06-23T16:47:33.391270,Okulary BME280,"32.44,86.04,31.45,80.34,31.44,73.62,30.65,39.39",32.44,86.04,31.45,80.34,31.44,73.62,30.65,39.39,true,0
session_20260623_163953_final,4220,460049,2026-06-23T16:47:33.528119,Okulary BME280,"32.44,86.07,31.43,80.36,31.41,73.62,30.64,39.37",32.44,86.07,31.43,80.36,31.41,73.62,30.64,39.37,true,0
session_20260623_163953_final,4221,460135,2026-06-23T16:47:33.614546,Okulary BME280,"32.44,86.05,31.41,80.42,31.40,73.94,30.64,39.36",32.44,86.05,31.41,80.42,31.40,73.94,30.64,39.36,true,0
session_20260623_163953_final,4222,460272,2026-06-23T16:47:33.751089,Okulary BME280,"32.44,86.05,31.41,80.29,31.42,74.51,30.63,39.34",32.44,86.05,31.41,80.29,31.42,74.51,30.63,39.34,true,0
session_20260623_163953_final,4223,460362,2026-06-23T16:47:33.840951,Okulary BME280,"32.43,86.05,31.38,80.09,31.43,74.72,30.63,39.34",32.43,86.05,31.38,80.09,31.43,74.72,30.63,39.34,true,0
session_20260623_163953_final,4224,460451,2026-06-23T16:47:33.930182,Okulary BME280,"32.43,86.05,31.36,79.83,31.45,74.77,30.63,39.33",32.43,86.05,31.36,79.83,31.45,74.77,30.63,39.33,true,0
session_20260623_163953_final,4225,460591,2026-06-23T16:47:34.070716,Okulary BME280,"32.43,86.05,31.34,79.65,31.45,74.73,30.63,39.32",32.43,86.05,31.34,79.65,31.45,74.73,30.63,39.32,true,0
session_20260623_163953_final,4226,460677,2026-06-23T16:47:34.156753,Okulary BME280,"32.42,86.04,31.32,79.53,31.44,74.62,30.63,39.31",32.42,86.04,31.32,79.53,31.44,74.62,30.63,39.31,true,0
session_20260623_163953_final,4227,460810,2026-06-23T16:47:34.289788,Okulary BME280,"32.42,86.04,31.32,79.46,31.43,74.30,30.63,39.29",32.42,86.04,31.32,79.46,31.43,74.30,30.63,39.29,true,0
session_20260623_163953_final,4228,460908,2026-06-23T16:47:34.387802,Okulary BME280,"32.41,86.06,31.32,79.35,31.42,73.83,30.63,39.29",32.41,86.06,31.32,79.35,31.42,73.83,30.63,39.29,true,0
session_20260623_163953_final,4229,460991,2026-06-23T16:47:34.469945,Okulary BME280,"32.41,86.04,31.33,79.39,31.39,73.28,30.62,39.28",32.41,86.04,31.33,79.39,31.39,73.28,30.62,39.28,true,0
session_20260623_163953_final,4230,461128,2026-06-23T16:47:34.607286,Okulary BME280,"32.41,86.04,31.34,79.26,31.37,72.34,30.62,39.28",32.41,86.04,31.34,79.26,31.37,72.34,30.62,39.28,true,0
session_20260623_163953_final,4231,461216,2026-06-23T16:47:34.695636,Okulary BME280,"32.41,86.04,31.35,79.16,31.33,72.01,30.62,39.27",32.41,86.04,31.35,79.16,31.33,72.01,30.62,39.27,true,0
session_20260623_163953_final,4232,461357,2026-06-23T16:47:34.835906,Okulary BME280,"32.41,86.05,31.34,79.01,31.32,71.81,30.62,39.26",32.41,86.05,31.34,79.01,31.32,71.81,30.62,39.26,true,0
session_20260623_163953_final,4233,461441,2026-06-23T16:47:34.920523,Okulary BME280,"32.41,86.04,31.33,78.85,31.31,71.69,30.61,39.25",32.41,86.04,31.33,78.85,31.31,71.69,30.61,39.25,true,0
session_20260623_163953_final,4234,461576,2026-06-23T16:47:35.055466,Okulary BME280,"32.39,86.03,31.32,78.69,31.30,71.56,30.60,39.24",32.39,86.03,31.32,78.69,31.30,71.56,30.60,39.24,true,0
session_20260623_163953_final,4235,461665,2026-06-23T16:47:35.144459,Okulary BME280,"32.38,86.02,31.31,78.47,31.30,71.42,30.59,39.22",32.38,86.02,31.31,78.47,31.30,71.42,30.59,39.22,true,0
session_20260623_163953_final,4236,461759,2026-06-23T16:47:35.238668,Okulary BME280,"32.37,86.04,31.30,78.17,31.30,71.05,30.57,39.22",32.37,86.04,31.30,78.17,31.30,71.05,30.57,39.22,true,0
session_20260623_163953_final,4237,461891,2026-06-23T16:47:35.370043,Okulary BME280,"32.35,86.02,31.28,77.86,31.29,70.68,30.57,39.17",32.35,86.02,31.28,77.86,31.29,70.68,30.57,39.17,true,0
session_20260623_163953_final,4238,461980,2026-06-23T16:47:35.459453,Okulary BME280,"32.33,86.03,31.27,77.66,31.28,70.38,30.54,39.20",32.33,86.03,31.27,77.66,31.28,70.38,30.54,39.20,true,0
session_20260623_163953_final,4239,462116,2026-06-23T16:47:35.594963,Okulary BME280,"32.33,86.04,31.27,77.55,31.29,70.96,30.53,39.20",32.33,86.04,31.27,77.55,31.29,70.96,30.53,39.20,true,0
session_20260623_163953_final,4240,462207,2026-06-23T16:47:35.685909,Okulary BME280,"32.33,86.05,31.28,77.58,31.30,70.87,30.52,39.21",32.33,86.05,31.28,77.58,31.30,70.87,30.52,39.21,true,0
session_20260623_163953_final,4241,462347,2026-06-23T16:47:35.826548,Okulary BME280,"32.32,86.04,31.28,77.63,31.30,70.57,30.51,39.22",32.32,86.04,31.28,77.63,31.30,70.57,30.51,39.22,true,0
session_20260623_163953_final,4242,462432,2026-06-23T16:47:35.911298,Okulary BME280,"32.31,86.05,31.29,77.67,31.29,70.21,30.50,39.23",32.31,86.05,31.29,77.67,31.29,70.21,30.50,39.23,true,0
session_20260623_163953_final,4243,462521,2026-06-23T16:47:36.000217,Okulary BME280,"32.31,86.05,31.29,77.67,31.27,69.82,30.50,39.24",32.31,86.05,31.29,77.67,31.27,69.82,30.50,39.24,true,0
session_20260623_163953_final,4244,462664,2026-06-23T16:47:36.142877,Okulary BME280,"32.31,86.05,31.29,77.66,31.26,69.44,30.50,39.24",32.31,86.05,31.29,77.66,31.26,69.44,30.50,39.24,true,0
session_20260623_163953_final,4245,462746,2026-06-23T16:47:36.225175,Okulary BME280,"32.31,86.04,31.29,77.65,31.26,69.07,30.50,39.27",32.31,86.04,31.29,77.65,31.26,69.07,30.50,39.27,true,0
session_20260623_163953_final,4246,462885,2026-06-23T16:47:36.364208,Okulary BME280,"32.31,86.06,31.29,77.61,31.25,68.69,30.50,39.31",32.31,86.06,31.29,77.61,31.25,68.69,30.50,39.31,true,0
session_20260623_163953_final,4247,462971,2026-06-23T16:47:36.450705,Okulary BME280,"32.30,86.05,31.29,77.60,31.24,68.29,30.49,39.30",32.30,86.05,31.29,77.60,31.24,68.29,30.49,39.30,true,0
session_20260623_163953_final,4248,463107,2026-06-23T16:47:36.586185,Okulary BME280,"32.29,86.03,31.29,77.52,31.23,67.72,30.48,39.32",32.29,86.03,31.29,77.52,31.23,67.72,30.48,39.32,true,0
session_20260623_163953_final,4249,463195,2026-06-23T16:47:36.674223,Okulary BME280,"32.29,86.05,31.29,77.46,31.22,67.43,30.48,39.33",32.29,86.05,31.29,77.46,31.22,67.43,30.48,39.33,true,0
session_20260623_163953_final,4250,463286,2026-06-23T16:47:36.765167,Okulary BME280,"32.28,86.04,31.29,77.40,31.22,67.62,30.48,39.34",32.28,86.04,31.29,77.40,31.22,67.62,30.48,39.34,true,0
session_20260623_163953_final,4251,463424,2026-06-23T16:47:36.903813,Okulary BME280,"32.28,86.02,31.29,77.40,31.22,68.07,30.48,39.35",32.28,86.02,31.29,77.40,31.22,68.07,30.48,39.35,true,0
session_20260623_163953_final,4252,463510,2026-06-23T16:47:36.989164,Okulary BME280,"32.27,85.90,31.29,77.31,31.24,68.05,30.47,39.35",32.27,85.90,31.29,77.31,31.24,68.05,30.47,39.35,true,0
session_20260623_163953_final,4253,463651,2026-06-23T16:47:37.129888,Okulary BME280,"32.23,85.55,31.29,77.11,31.23,67.73,30.46,39.36",32.23,85.55,31.29,77.11,31.23,67.73,30.46,39.36,true,0
session_20260623_163953_final,4254,463735,2026-06-23T16:47:37.214777,Okulary BME280,"32.16,85.19,31.27,76.86,31.22,67.36,30.46,39.35",32.16,85.19,31.27,76.86,31.22,67.36,30.46,39.35,true,0
session_20260623_163953_final,4255,463871,2026-06-23T16:47:37.350791,Okulary BME280,"32.08,84.79,31.26,76.68,31.18,66.97,30.46,39.34",32.08,84.79,31.26,76.68,31.18,66.97,30.46,39.34,true,0
session_20260623_163953_final,4256,463963,2026-06-23T16:47:37.442236,Okulary BME280,"31.98,84.81,31.23,76.50,31.15,66.70,30.45,39.42",31.98,84.81,31.23,76.50,31.15,66.70,30.45,39.42,true,0
session_20260623_163953_final,4257,464051,2026-06-23T16:47:37.529948,Okulary BME280,"31.97,84.84,31.21,76.39,31.13,67.41,30.44,39.43",31.97,84.84,31.21,76.39,31.13,67.41,30.44,39.43,true,0
session_20260623_163953_final,4258,464189,2026-06-23T16:47:37.668258,Okulary BME280,"31.97,84.84,31.22,76.63,31.16,68.65,30.44,39.44",31.97,84.84,31.22,76.63,31.16,68.65,30.44,39.44,true,0
session_20260623_163953_final,4259,464276,2026-06-23T16:47:37.755178,Okulary BME280,"31.97,84.90,31.26,76.97,31.26,69.83,30.44,39.48",31.97,84.90,31.26,76.97,31.26,69.83,30.44,39.48,true,0
session_20260623_163953_final,4260,464415,2026-06-23T16:47:37.893907,Okulary BME280,"31.98,84.94,31.31,77.33,31.42,70.91,30.43,39.51",31.98,84.94,31.31,77.33,31.42,70.91,30.43,39.51,true,0
session_20260623_163953_final,4261,464502,2026-06-23T16:47:37.981045,Okulary BME280,"31.99,85.00,31.37,77.72,31.60,71.87,30.43,39.54",31.99,85.00,31.37,77.72,31.60,71.87,30.43,39.54,true,0
session_20260623_163953_final,4262,464592,2026-06-23T16:47:38.070895,Okulary BME280,"32.00,85.05,31.42,78.07,31.77,72.52,30.44,39.56",32.00,85.05,31.42,78.07,31.77,72.52,30.44,39.56,true,0
session_20260623_163953_final,4263,464726,2026-06-23T16:47:38.205628,Okulary BME280,"32.02,85.11,31.46,78.37,31.88,73.00,30.44,39.58",32.02,85.11,31.46,78.37,31.88,73.00,30.44,39.58,true,0
session_20260623_163953_final,4264,464818,2026-06-23T16:47:38.297762,Okulary BME280,"32.04,85.10,31.49,78.68,31.93,73.49,30.44,39.67",32.04,85.10,31.49,78.68,31.93,73.49,30.44,39.67,true,0
session_20260623_163953_final,4265,464952,2026-06-23T16:47:38.431474,Okulary BME280,"32.03,85.10,31.50,78.98,31.92,74.16,30.44,39.74",32.03,85.10,31.50,78.98,31.92,74.16,30.44,39.74,true,0
session_20260623_163953_final,4266,465040,2026-06-23T16:47:38.518970,Okulary BME280,"32.04,85.11,31.52,79.58,32.03,75.17,30.44,39.77",32.04,85.11,31.52,79.58,32.03,75.17,30.44,39.77,true,0
session_20260623_163953_final,4267,465175,2026-06-23T16:47:38.654649,Okulary BME280,"32.04,85.12,31.55,79.79,32.09,75.39,30.44,39.80",32.04,85.12,31.55,79.79,32.09,75.39,30.44,39.80,true,0
session_20260623_163953_final,4268,465266,2026-06-23T16:47:38.745435,Okulary BME280,"32.04,84.83,31.56,79.82,32.08,75.44,30.44,39.83",32.04,84.83,31.56,79.82,32.08,75.44,30.44,39.83,true,0
session_20260623_163953_final,4269,465356,2026-06-23T16:47:38.835808,Okulary BME280,"31.99,84.49,31.51,79.67,31.96,75.39,30.44,39.85",31.99,84.49,31.51,79.67,31.96,75.39,30.44,39.85,true,0
session_20260623_163953_final,4270,465491,2026-06-23T16:47:38.970206,Okulary BME280,"31.92,84.21,31.42,79.41,31.80,75.35,30.44,39.89",31.92,84.21,31.42,79.41,31.80,75.35,30.44,39.89,true,0
session_20260623_163953_final,4271,465581,2026-06-23T16:47:39.060437,Okulary BME280,"31.88,83.94,31.34,79.17,31.63,75.30,30.44,39.92",31.88,83.94,31.34,79.17,31.63,75.30,30.44,39.92,true,0
session_20260623_163953_final,4272,465723,2026-06-23T16:47:39.202156,Okulary BME280,"31.83,83.67,31.27,78.89,31.48,75.25,30.44,39.99",31.83,83.67,31.27,78.89,31.48,75.25,30.44,39.99,true,0
session_20260623_163953_final,4273,465807,2026-06-23T16:47:39.286357,Okulary BME280,"31.75,83.56,31.21,78.73,31.35,75.07,30.44,39.99",31.75,83.56,31.21,78.73,31.35,75.07,30.44,39.99,true,0
session_20260623_163953_final,4274,465896,2026-06-23T16:47:39.375297,Okulary BME280,"31.76,83.66,31.17,78.60,31.25,75.40,30.44,40.03",31.76,83.66,31.17,78.60,31.25,75.40,30.44,40.03,true,0
session_20260623_163953_final,4275,466048,2026-06-23T16:47:39.527806,Okulary BME280,"31.78,83.74,31.17,78.81,31.22,76.05,30.43,40.05",31.78,83.74,31.17,78.81,31.22,76.05,30.43,40.05,true,0
session_20260623_163953_final,4276,466124,2026-06-23T16:47:39.603444,Okulary BME280,"31.80,83.86,31.22,79.08,31.34,76.62,30.43,40.07",31.80,83.86,31.22,79.08,31.34,76.62,30.43,40.07,true,0
session_20260623_163953_final,4277,466256,2026-06-23T16:47:39.735370,Okulary BME280,"31.84,83.95,31.29,79.38,31.53,77.11,30.43,40.10",31.84,83.95,31.29,79.38,31.53,77.11,30.43,40.10,true,0
session_20260623_163953_final,4278,466349,2026-06-23T16:47:39.828323,Okulary BME280,"31.86,84.02,31.37,79.69,31.73,77.40,30.44,40.15",31.86,84.02,31.37,79.69,31.73,77.40,30.44,40.15,true,0
session_20260623_163953_final,4279,466481,2026-06-23T16:47:39.959822,Okulary BME280,"31.88,84.12,31.43,79.94,31.89,77.53,30.43,40.26",31.88,84.12,31.43,79.94,31.89,77.53,30.43,40.26,true,0
session_20260623_163953_final,4280,466571,2026-06-23T16:47:40.050617,Okulary BME280,"31.90,84.13,31.48,80.12,31.97,77.69,30.43,40.34",31.90,84.13,31.48,80.12,31.97,77.69,30.43,40.34,true,0
session_20260623_163953_final,4281,466662,2026-06-23T16:47:40.141361,Okulary BME280,"31.94,84.25,31.48,80.33,32.00,77.93,30.43,40.40",31.94,84.25,31.48,80.33,32.00,77.93,30.43,40.40,true,0
session_20260623_163953_final,4282,466797,2026-06-23T16:47:40.276649,Okulary BME280,"31.96,84.33,31.48,80.55,32.01,78.14,30.43,40.46",31.96,84.33,31.48,80.55,32.01,78.14,30.43,40.46,true,0
session_20260623_163953_final,4283,466889,2026-06-23T16:47:40.368695,Okulary BME280,"31.97,84.35,31.48,80.92,32.04,78.60,30.43,40.49",31.97,84.35,31.48,80.92,32.04,78.60,30.43,40.49,true,0
session_20260623_163953_final,4284,467022,2026-06-23T16:47:40.500956,Okulary BME280,"31.98,84.39,31.48,81.10,32.06,78.81,30.43,40.53",31.98,84.39,31.48,81.10,32.06,78.81,30.43,40.53,true,0
session_20260623_163953_final,4285,467111,2026-06-23T16:47:40.590157,Okulary BME280,"31.97,84.42,31.51,81.30,32.11,78.97,30.43,40.55",31.97,84.42,31.51,81.30,32.11,78.97,30.43,40.55,true,0
session_20260623_163953_final,4286,467246,2026-06-23T16:47:40.725429,Okulary BME280,"31.97,84.35,31.53,81.40,32.14,79.00,30.43,40.56",31.97,84.35,31.53,81.40,32.14,79.00,30.43,40.56,true,0
session_20260623_163953_final,4287,467341,2026-06-23T16:47:40.819967,Okulary BME280,"31.94,83.99,31.53,81.39,32.15,78.91,30.42,40.58",31.94,83.99,31.53,81.39,32.15,78.91,30.42,40.58,true,0
session_20260623_163953_final,4288,467426,2026-06-23T16:47:40.905263,Okulary BME280,"31.86,83.61,31.48,81.21,32.10,78.72,30.42,40.62",31.86,83.61,31.48,81.21,32.10,78.72,30.42,40.62,true,0
session_20260623_163953_final,4289,467563,2026-06-23T16:47:41.042018,Okulary BME280,"31.77,83.27,31.41,80.95,31.98,78.49,30.42,40.64",31.77,83.27,31.41,80.95,31.98,78.49,30.42,40.64,true,0
session_20260623_163953_final,4290,467651,2026-06-23T16:47:41.130130,Okulary BME280,"31.64,82.71,31.33,80.64,31.83,78.10,30.42,40.63",31.64,82.71,31.33,80.64,31.83,78.10,30.42,40.63,true,0
session_20260623_163953_final,4291,467788,2026-06-23T16:47:41.266923,Okulary BME280,"31.61,82.57,31.25,80.43,31.65,77.79,30.41,40.62",31.61,82.57,31.25,80.43,31.65,77.79,30.41,40.62,true,0
session_20260623_163953_final,4292,467877,2026-06-23T16:47:41.356214,Okulary BME280,"31.61,82.58,31.17,80.08,31.38,77.76,30.35,40.51",31.61,82.58,31.17,80.08,31.38,77.76,30.35,40.51,true,0
session_20260623_163953_final,4293,468011,2026-06-23T16:47:41.490139,Okulary BME280,"31.62,82.68,31.17,80.08,31.33,77.86,30.33,40.48",31.62,82.68,31.17,80.08,31.33,77.86,30.33,40.48,true,0
session_20260623_163953_final,4294,468100,2026-06-23T16:47:41.579803,Okulary BME280,"31.65,82.77,31.19,80.19,31.31,78.32,30.32,40.46",31.65,82.77,31.19,80.19,31.31,78.32,30.32,40.46,true,0
session_20260623_163953_final,4295,468192,2026-06-23T16:47:41.671281,Okulary BME280,"31.67,82.86,31.22,80.39,31.36,78.81,30.31,40.45",31.67,82.86,31.22,80.39,31.36,78.81,30.31,40.45,true,0
session_20260623_163953_final,4296,468325,2026-06-23T16:47:41.804430,Okulary BME280,"31.72,82.95,31.28,80.61,31.51,79.21,30.31,40.43",31.72,82.95,31.28,80.61,31.51,79.21,30.31,40.43,true,0
session_20260623_163953_final,4297,468415,2026-06-23T16:47:41.894500,Okulary BME280,"31.75,83.12,31.34,80.83,31.68,79.49,30.31,40.43",31.75,83.12,31.34,80.83,31.68,79.49,30.31,40.43,true,0
session_20260623_163953_final,4298,468551,2026-06-23T16:47:42.030515,Okulary BME280,"31.77,83.15,31.39,81.03,31.85,79.61,30.32,40.46",31.77,83.15,31.39,81.03,31.85,79.61,30.32,40.46,true,0
session_20260623_163953_final,4299,468641,2026-06-23T16:47:42.120306,Okulary BME280,"31.80,83.23,31.43,81.19,31.96,79.66,30.32,40.47",31.80,83.23,31.43,81.19,31.96,79.66,30.32,40.47,true,0
session_20260623_163953_final,4300,468733,2026-06-23T16:47:42.211863,Okulary BME280,"31.80,83.28,31.45,81.42,32.00,79.93,30.33,40.48",31.80,83.28,31.45,81.42,32.00,79.93,30.33,40.48,true,0
session_20260623_163953_final,4301,468867,2026-06-23T16:47:42.346095,Okulary BME280,"31.80,83.33,31.49,81.74,32.12,80.23,30.32,40.49",31.80,83.33,31.49,81.74,32.12,80.23,30.32,40.49,true,0
session_20260623_163953_final,4302,468956,2026-06-23T16:47:42.435625,Okulary BME280,"31.81,83.37,31.51,81.90,32.17,80.28,30.33,40.49",31.81,83.37,31.51,81.90,32.17,80.28,30.33,40.49,true,0
session_20260623_163953_final,4303,469095,2026-06-23T16:47:42.574186,Okulary BME280,"31.81,83.39,31.52,82.03,32.18,80.42,30.33,40.52",31.81,83.39,31.52,82.03,32.18,80.42,30.33,40.52,true,0
session_20260623_163953_final,4304,469181,2026-06-23T16:47:42.660473,Okulary BME280,"31.80,83.44,31.52,82.16,32.19,80.67,30.32,40.57",31.80,83.44,31.52,82.16,32.19,80.67,30.32,40.57,true,0
session_20260623_163953_final,4305,469315,2026-06-23T16:47:42.794354,Okulary BME280,"31.79,83.51,31.53,82.31,32.24,80.81,30.32,40.60",31.79,83.51,31.53,82.31,32.24,80.81,30.32,40.60,true,0
session_20260623_163953_final,4306,469408,2026-06-23T16:47:42.886947,Okulary BME280,"31.80,83.54,31.53,82.41,32.30,80.85,30.32,40.59",31.80,83.54,31.53,82.41,32.30,80.85,30.32,40.59,true,0
session_20260623_163953_final,4307,469496,2026-06-23T16:47:42.975111,Okulary BME280,"31.79,83.56,31.53,82.31,32.32,80.82,30.32,40.56",31.79,83.56,31.53,82.31,32.32,80.82,30.32,40.56,true,0
session_20260623_163953_final,4308,469633,2026-06-23T16:47:43.111842,Okulary BME280,"31.78,83.56,31.50,82.12,32.30,80.73,30.32,40.54",31.78,83.56,31.50,82.12,32.30,80.73,30.32,40.54,true,0
session_20260623_163953_final,4309,469727,2026-06-23T16:47:43.206425,Okulary BME280,"31.77,83.58,31.44,81.82,32.26,80.66,30.31,40.56",31.77,83.58,31.44,81.82,32.26,80.66,30.31,40.56,true,0
session_20260623_163953_final,4310,469855,2026-06-23T16:47:43.334083,Okulary BME280,"31.76,83.64,31.33,81.35,32.10,80.50,30.31,40.62",31.76,83.64,31.33,81.35,32.10,80.50,30.31,40.62,true,0
session_20260623_163953_final,4311,469945,2026-06-23T16:47:43.424329,Okulary BME280,"31.77,83.69,31.29,81.09,32.01,80.43,30.31,40.71",31.77,83.69,31.29,81.09,32.01,80.43,30.31,40.71,true,0
session_20260623_163953_final,4312,470087,2026-06-23T16:47:43.566316,Okulary BME280,"31.78,83.69,31.25,80.75,31.90,80.29,30.32,40.81",31.78,83.69,31.25,80.75,31.90,80.29,30.32,40.81,true,0
session_20260623_163953_final,4313,470171,2026-06-23T16:47:43.650562,Okulary BME280,"31.78,83.61,31.22,80.37,31.79,80.12,30.31,40.90",31.78,83.61,31.22,80.37,31.79,80.12,30.31,40.90,true,0
session_20260623_163953_final,4314,470261,2026-06-23T16:47:43.740661,Okulary BME280,"31.75,83.49,31.20,79.97,31.67,79.98,30.32,41.01",31.75,83.49,31.20,79.97,31.67,79.98,30.32,41.01,true,0
session_20260623_163953_final,4315,470403,2026-06-23T16:47:43.882761,Okulary BME280,"31.72,83.36,31.18,79.61,31.57,79.89,30.33,41.11",31.72,83.36,31.18,79.61,31.57,79.89,30.33,41.11,true,0
session_20260623_163953_final,4316,470535,2026-06-23T16:47:44.014814,Okulary BME280,"31.70,83.44,31.16,79.36,31.49,79.78,30.33,41.20",31.70,83.44,31.16,79.36,31.49,79.78,30.33,41.20,true,0
session_20260623_163953_final,4317,470622,2026-06-23T16:47:44.101514,Okulary BME280,"31.71,83.47,31.16,79.18,31.43,79.67,30.33,41.31",31.71,83.47,31.16,79.18,31.43,79.67,30.33,41.31,true,0
session_20260623_163953_final,4318,470716,2026-06-23T16:47:44.195676,Okulary BME280,"31.71,83.50,31.16,79.10,31.39,79.60,30.34,41.36",31.71,83.50,31.16,79.10,31.39,79.60,30.34,41.36,true,0
session_20260623_163953_final,4319,470804,2026-06-23T16:47:44.283687,Okulary BME280,"31.72,83.47,31.19,79.21,31.37,80.04,30.34,41.37",31.72,83.47,31.19,79.21,31.37,80.04,30.34,41.37,true,0
session_20260623_163953_final,4320,470939,2026-06-23T16:47:44.418316,Okulary BME280,"31.71,83.31,31.22,79.44,31.43,80.50,30.34,41.32",31.71,83.31,31.22,79.44,31.43,80.50,30.34,41.32,true,0
session_20260623_163953_final,4321,471025,2026-06-23T16:47:44.504698,Okulary BME280,"31.68,83.31,31.27,79.72,31.55,80.80,30.32,41.27",31.68,83.31,31.27,79.72,31.55,80.80,30.32,41.27,true,0
session_20260623_163953_final,4322,471161,2026-06-23T16:47:44.640172,Okulary BME280,"31.67,83.34,31.33,79.98,31.68,81.08,30.30,41.21",31.67,83.34,31.33,79.98,31.68,81.08,30.30,41.21,true,0
session_20260623_163953_final,4323,471251,2026-06-23T16:47:44.729897,Okulary BME280,"31.67,83.34,31.37,80.27,31.81,81.34,30.29,41.18",31.67,83.34,31.37,80.27,31.81,81.34,30.29,41.18,true,0
session_20260623_163953_final,4324,471385,2026-06-23T16:47:44.864449,Okulary BME280,"31.67,83.44,31.41,80.56,31.93,81.53,30.28,41.15",31.67,83.44,31.41,80.56,31.93,81.53,30.28,41.15,true,0
session_20260623_163953_final,4325,471475,2026-06-23T16:47:44.954340,Okulary BME280,"31.69,83.49,31.44,80.80,32.04,81.62,30.27,41.14",31.69,83.49,31.44,80.80,32.04,81.62,30.27,41.14,true,0
session_20260623_163953_final,4326,471567,2026-06-23T16:47:45.046101,Okulary BME280,"31.70,83.53,31.46,81.00,32.12,81.68,30.27,41.11",31.70,83.53,31.46,81.00,32.12,81.68,30.27,41.11,true,0
session_20260623_163953_final,4327,471700,2026-06-23T16:47:45.179609,Okulary BME280,"31.71,83.56,31.48,81.23,32.16,81.89,30.27,41.08",31.71,83.56,31.48,81.23,32.16,81.89,30.27,41.08,true,0
session_20260623_163953_final,4328,471790,2026-06-23T16:47:45.269105,Okulary BME280,"31.72,83.59,31.51,81.63,32.25,82.12,30.28,41.15",31.72,83.59,31.51,81.63,32.25,82.12,30.28,41.15,true,0
session_20260623_163953_final,4329,471926,2026-06-23T16:47:45.405386,Okulary BME280,"31.73,83.61,31.52,81.77,32.31,82.11,30.28,41.19",31.73,83.61,31.52,81.77,32.31,82.11,30.28,41.19,true,0
session_20260623_163953_final,4330,472016,2026-06-23T16:47:45.494917,Okulary BME280,"31.73,83.57,31.53,81.76,32.34,82.08,30.28,41.24",31.73,83.57,31.53,81.76,32.34,82.08,30.28,41.24,true,0
session_20260623_163953_final,4331,472153,2026-06-23T16:47:45.632155,Okulary BME280,"31.72,83.54,31.50,81.60,32.33,81.99,30.28,41.28",31.72,83.54,31.50,81.60,32.33,81.99,30.28,41.28,true,0
session_20260623_163953_final,4332,472242,2026-06-23T16:47:45.721806,Okulary BME280,"31.71,83.51,31.44,81.33,32.28,81.84,30.29,41.30",31.71,83.51,31.44,81.33,32.28,81.84,30.29,41.30,true,0
session_20260623_163953_final,4333,472331,2026-06-23T16:47:45.810253,Okulary BME280,"31.64,82.73,31.37,81.03,32.18,81.58,30.30,41.33",31.64,82.73,31.37,81.03,32.18,81.58,30.30,41.33,true,0
session_20260623_163953_final,4334,472472,2026-06-23T16:47:45.950906,Okulary BME280,"31.58,82.24,31.30,80.68,32.03,81.32,30.30,41.36",31.58,82.24,31.30,80.68,32.03,81.32,30.30,41.36,true,0
session_20260623_163953_final,4335,472556,2026-06-23T16:47:46.035610,Okulary BME280,"31.53,81.92,31.24,80.37,31.88,81.14,30.30,41.40",31.53,81.92,31.24,80.37,31.88,81.14,30.30,41.40,true,0
session_20260623_163953_final,4336,472692,2026-06-23T16:47:46.171160,Okulary BME280,"31.50,81.91,31.19,80.03,31.73,80.93,30.31,41.40",31.50,81.91,31.19,80.03,31.73,80.93,30.31,41.40,true,0
session_20260623_163953_final,4337,472783,2026-06-23T16:47:46.261842,Okulary BME280,"31.50,81.97,31.14,79.73,31.54,80.86,30.31,41.35",31.50,81.97,31.14,79.73,31.54,80.86,30.31,41.35,true,0
session_20260623_163953_final,4338,472918,2026-06-23T16:47:46.397261,Okulary BME280,"31.51,82.04,31.15,79.77,31.51,80.93,30.31,41.37",31.51,82.04,31.15,79.77,31.51,80.93,30.31,41.37,true,0
session_20260623_163953_final,4339,473005,2026-06-23T16:47:46.484589,Okulary BME280,"31.53,82.12,31.17,79.84,31.49,80.99,30.31,41.37",31.53,82.12,31.17,79.84,31.49,80.99,30.31,41.37,true,0
session_20260623_163953_final,4340,473096,2026-06-23T16:47:46.574941,Okulary BME280,"31.55,82.16,31.19,80.04,31.50,81.38,30.31,41.39",31.55,82.16,31.19,80.04,31.50,81.38,30.31,41.39,true,0
session_20260623_163953_final,4341,473236,2026-06-23T16:47:46.715781,Okulary BME280,"31.56,82.24,31.25,80.31,31.57,81.72,30.32,41.40",31.56,82.24,31.25,80.31,31.57,81.72,30.32,41.40,true,0
session_20260623_163953_final,4342,473322,2026-06-23T16:47:46.800821,Okulary BME280,"31.60,82.37,31.30,80.57,31.68,81.96,30.32,41.40",31.60,82.37,31.30,80.57,31.68,81.96,30.32,41.40,true,0
session_20260623_163953_final,4343,473456,2026-06-23T16:47:46.935729,Okulary BME280,"31.60,82.42,31.36,80.80,31.80,82.06,30.32,41.41",31.60,82.42,31.36,80.80,31.80,82.06,30.32,41.41,true,0
session_20260623_163953_final,4344,473546,2026-06-23T16:47:47.024836,Okulary BME280,"31.61,82.46,31.39,80.98,31.89,82.13,30.32,41.45",31.61,82.46,31.39,80.98,31.89,82.13,30.32,41.45,true,0
session_20260623_163953_final,4345,473635,2026-06-23T16:47:47.113967,Okulary BME280,"31.61,82.50,31.41,81.23,31.95,82.59,30.32,41.49",31.61,82.50,31.41,81.23,31.95,82.59,30.32,41.49,true,0
session_20260623_163953_final,4346,473771,2026-06-23T16:47:47.250457,Okulary BME280,"31.62,82.53,31.46,81.66,32.12,82.71,30.33,41.52",31.62,82.53,31.46,81.66,32.12,82.71,30.33,41.52,true,0
session_20260623_163953_final,4347,473861,2026-06-23T16:47:47.340396,Okulary BME280,"31.62,82.56,31.49,81.84,32.22,82.79,30.33,41.59",31.62,82.56,31.49,81.84,32.22,82.79,30.33,41.59,true,0
session_20260623_163953_final,4348,473998,2026-06-23T16:47:47.477148,Okulary BME280,"31.63,82.63,31.51,82.01,32.27,82.83,30.33,41.72",31.63,82.63,31.51,82.01,32.27,82.83,30.33,41.72,true,0
session_20260623_163953_final,4349,474086,2026-06-23T16:47:47.565607,Okulary BME280,"31.64,82.75,31.52,82.15,32.30,82.86,30.33,41.82",31.64,82.75,31.52,82.15,32.30,82.86,30.33,41.82,true,0
session_20260623_163953_final,4350,474220,2026-06-23T16:47:47.699786,Okulary BME280,"31.66,82.79,31.53,82.29,32.31,82.82,30.33,41.91",31.66,82.79,31.53,82.29,32.31,82.82,30.33,41.91,true,0
session_20260623_163953_final,4351,474310,2026-06-23T16:47:47.789760,Okulary BME280,"31.71,82.89,31.54,82.43,32.30,82.78,30.33,42.00",31.71,82.89,31.54,82.43,32.30,82.78,30.33,42.00,true,0
session_20260623_163953_final,4352,474401,2026-06-23T16:47:47.880251,Okulary BME280,"31.72,82.91,31.54,82.51,32.27,82.74,30.33,42.07",31.72,82.91,31.54,82.51,32.27,82.74,30.33,42.07,true,0
session_20260623_163953_final,4353,474536,2026-06-23T16:47:48.015129,Okulary BME280,"31.72,82.92,31.52,82.44,32.23,82.65,30.33,42.14",31.72,82.92,31.52,82.44,32.23,82.65,30.33,42.14,true,0
session_20260623_163953_final,4354,474629,2026-06-23T16:47:48.108060,Okulary BME280,"31.72,82.92,31.49,82.30,32.12,82.37,30.33,42.23",31.72,82.92,31.49,82.30,32.12,82.37,30.33,42.23,true,0
session_20260623_163953_final,4355,474764,2026-06-23T16:47:48.243448,Okulary BME280,"31.72,82.92,31.36,81.65,32.01,82.17,30.33,42.26",31.72,82.92,31.36,81.65,32.01,82.17,30.33,42.26,true,0
session_20260623_163953_final,4356,474852,2026-06-23T16:47:48.331373,Okulary BME280,"31.72,82.92,31.30,81.33,31.90,81.92,30.34,42.43",31.72,82.92,31.30,81.33,31.90,81.92,30.34,42.43,true,0
session_20260623_163953_final,4357,474988,2026-06-23T16:47:48.467162,Okulary BME280,"31.71,82.88,31.25,80.99,31.79,81.67,30.34,42.51",31.71,82.88,31.25,80.99,31.79,81.67,30.34,42.51,true,0
session_20260623_163953_final,4358,475081,2026-06-23T16:47:48.560710,Okulary BME280,"31.71,82.91,31.20,80.65,31.68,81.48,30.34,42.58",31.71,82.91,31.20,80.65,31.68,81.48,30.34,42.58,true,0
session_20260623_163953_final,4359,475171,2026-06-23T16:47:48.650275,Okulary BME280,"31.70,82.89,31.17,80.33,31.60,81.37,30.35,42.65",31.70,82.89,31.17,80.33,31.60,81.37,30.35,42.65,true,0
session_20260623_163953_final,4360,475302,2026-06-23T16:47:48.781413,Okulary BME280,"31.69,82.87,31.15,80.05,31.54,81.24,30.35,42.71",31.69,82.87,31.15,80.05,31.54,81.24,30.35,42.71,true,0
session_20260623_163953_final,4361,475402,2026-06-23T16:47:48.881101,Okulary BME280,"31.68,82.85,31.13,79.83,31.50,81.16,30.35,42.77",31.68,82.85,31.13,79.83,31.50,81.16,30.35,42.77,true,0
session_20260623_163953_final,4362,475530,2026-06-23T16:47:49.009652,Okulary BME280,"31.67,82.85,31.12,79.65,31.49,81.07,30.35,42.82",31.67,82.85,31.12,79.65,31.49,81.07,30.35,42.82,true,0
session_20260623_163953_final,4363,475616,2026-06-23T16:47:49.094995,Okulary BME280,"31.67,82.84,31.13,79.69,31.49,81.18,30.35,42.91",31.67,82.84,31.13,79.69,31.49,81.18,30.35,42.91,true,0
session_20260623_163953_final,4364,475706,2026-06-23T16:47:49.185048,Okulary BME280,"31.67,82.85,31.18,79.72,31.51,81.23,30.35,42.94",31.67,82.85,31.18,79.72,31.51,81.23,30.35,42.94,true,0
session_20260623_163953_final,4365,475849,2026-06-23T16:47:49.328733,Okulary BME280,"31.67,82.85,31.20,79.81,31.53,81.46,30.36,43.07",31.67,82.85,31.20,79.81,31.53,81.46,30.36,43.07,true,0
session_20260623_163953_final,4366,475933,2026-06-23T16:47:49.412795,Okulary BME280,"31.67,82.86,31.23,80.04,31.58,81.87,30.36,43.14",31.67,82.86,31.23,80.04,31.58,81.87,30.36,43.14,true,0
session_20260623_163953_final,4367,476077,2026-06-23T16:47:49.555992,Okulary BME280,"31.67,82.86,31.28,80.30,31.68,82.24,30.36,43.20",31.67,82.86,31.28,80.30,31.68,82.24,30.36,43.20,true,0
session_20260623_163953_final,4368,476156,2026-06-23T16:47:49.634861,Okulary BME280,"31.66,82.92,31.33,80.55,31.82,82.45,30.36,43.26",31.66,82.92,31.33,80.55,31.82,82.45,30.36,43.26,true,0
session_20260623_163953_final,4369,476291,2026-06-23T16:47:49.770731,Okulary BME280,"31.67,82.95,31.38,80.78,31.95,82.50,30.36,43.30",31.67,82.95,31.38,80.78,31.95,82.50,30.36,43.30,true,0
session_20260623_163953_final,4370,476384,2026-06-23T16:47:49.863200,Okulary BME280,"31.67,82.97,31.41,80.99,32.02,82.51,30.36,43.34",31.67,82.97,31.41,80.99,32.02,82.51,30.36,43.34,true,0
session_20260623_163953_final,4371,476475,2026-06-23T16:47:49.954576,Okulary BME280,"31.67,82.98,31.42,81.15,32.06,82.44,30.36,43.36",31.67,82.98,31.42,81.15,32.06,82.44,30.36,43.36,true,0
session_20260623_163953_final,4372,476605,2026-06-23T16:47:50.084698,Okulary BME280,"31.69,82.99,31.43,81.50,32.02,82.60,30.36,43.38",31.69,82.99,31.43,81.50,32.02,82.60,30.36,43.38,true,0
session_20260623_163953_final,4373,476695,2026-06-23T16:47:50.174477,Okulary BME280,"31.68,83.00,31.44,81.69,32.02,82.82,30.36,43.43",31.68,83.00,31.44,81.69,32.02,82.82,30.36,43.43,true,0
session_20260623_163953_final,4374,476834,2026-06-23T16:47:50.313083,Okulary BME280,"31.68,83.03,31.45,81.84,32.06,83.01,30.36,43.55",31.68,83.03,31.45,81.84,32.06,83.01,30.36,43.55,true,0
session_20260623_163953_final,4375,476922,2026-06-23T16:47:50.400926,Okulary BME280,"31.68,83.02,31.47,82.01,32.13,83.14,30.36,43.63",31.68,83.02,31.47,82.01,32.13,83.14,30.36,43.63,true,0
session_20260623_163953_final,4376,477069,2026-06-23T16:47:50.548619,Okulary BME280,"31.68,83.06,31.49,82.17,32.18,83.14,30.36,43.72",31.68,83.06,31.49,82.17,32.18,83.14,30.36,43.72,true,0
session_20260623_163953_final,4377,477147,2026-06-23T16:47:50.625864,Okulary BME280,"31.70,83.21,31.51,82.30,32.21,83.11,30.36,43.78",31.70,83.21,31.51,82.30,32.21,83.11,30.36,43.78,true,0
session_20260623_163953_final,4378,477236,2026-06-23T16:47:50.714916,Okulary BME280,"31.72,83.24,31.51,82.33,32.21,83.07,30.37,43.80",31.72,83.24,31.51,82.33,32.21,83.07,30.37,43.80,true,0
session_20260623_163953_final,4379,477373,2026-06-23T16:47:50.852312,Okulary BME280,"31.74,83.23,31.49,82.26,32.19,83.02,30.36,43.85",31.74,83.23,31.49,82.26,32.19,83.02,30.36,43.85,true,0
session_20260623_163953_final,4380,477464,2026-06-23T16:47:50.943172,Okulary BME280,"31.75,83.23,31.45,82.20,32.16,82.99,30.36,43.91",31.75,83.23,31.45,82.20,32.16,82.99,30.36,43.91,true,0
session_20260623_163953_final,4381,477601,2026-06-23T16:47:51.079838,Okulary BME280,"31.76,83.25,31.39,82.15,32.09,82.88,30.37,43.99",31.76,83.25,31.39,82.15,32.09,82.88,30.37,43.99,true,0
session_20260623_163953_final,4382,477688,2026-06-23T16:47:51.167177,Okulary BME280,"31.77,83.25,31.38,82.14,32.06,82.86,30.37,44.06",31.77,83.25,31.38,82.14,32.06,82.86,30.37,44.06,true,0
session_20260623_163953_final,4383,477822,2026-06-23T16:47:51.300902,Okulary BME280,"31.77,83.31,31.37,82.05,32.02,82.76,30.38,44.14",31.77,83.31,31.37,82.05,32.02,82.76,30.38,44.14,true,0
session_20260623_163953_final,4384,477910,2026-06-23T16:47:51.389418,Okulary BME280,"31.79,83.39,31.36,81.83,31.96,82.50,30.38,44.15",31.79,83.39,31.36,81.83,31.96,82.50,30.38,44.15,true,0
session_20260623_163953_final,4385,478001,2026-06-23T16:47:51.480036,Okulary BME280,"31.82,83.53,31.33,81.50,31.85,82.25,30.38,44.13",31.82,83.53,31.33,81.50,31.85,82.25,30.38,44.13,true,0
session_20260623_163953_final,4386,478138,2026-06-23T16:47:51.617345,Okulary BME280,"31.84,83.58,31.30,81.23,31.75,82.11,30.38,44.07",31.84,83.58,31.30,81.23,31.75,82.11,30.38,44.07,true,0
session_20260623_163953_final,4387,478225,2026-06-23T16:47:51.704578,Okulary BME280,"31.86,83.62,31.27,81.01,31.68,82.05,30.37,43.99",31.86,83.62,31.27,81.01,31.68,82.05,30.37,43.99,true,0
session_20260623_163953_final,4388,478361,2026-06-23T16:47:51.839860,Okulary BME280,"31.88,83.66,31.26,80.88,31.64,82.04,30.37,43.90",31.88,83.66,31.26,80.88,31.64,82.04,30.37,43.90,true,0
session_20260623_163953_final,4389,478453,2026-06-23T16:47:51.932489,Okulary BME280,"31.89,83.69,31.26,80.79,31.62,82.02,30.37,43.80",31.89,83.69,31.26,80.79,31.62,82.02,30.37,43.80,true,0
session_20260623_163953_final,4390,478549,2026-06-23T16:47:52.028234,Okulary BME280,"31.90,83.70,31.28,80.69,31.62,81.99,30.36,43.71",31.90,83.70,31.28,80.69,31.62,81.99,30.36,43.71,true,0
session_20260623_163953_final,4391,478677,2026-06-23T16:47:52.156299,Okulary BME280,"31.90,83.71,31.29,80.67,31.63,81.99,30.36,43.62",31.90,83.71,31.29,80.67,31.63,81.99,30.36,43.62,true,0
session_20260623_163953_final,4392,478766,2026-06-23T16:47:52.245707,Okulary BME280,"31.90,83.73,31.30,80.66,31.65,81.97,30.36,43.47",31.90,83.73,31.30,80.66,31.65,81.97,30.36,43.47,true,0
session_20260623_163953_final,4393,478903,2026-06-23T16:47:52.382258,Okulary BME280,"31.91,83.75,31.31,80.63,31.66,81.95,30.36,43.40",31.91,83.75,31.31,80.63,31.66,81.95,30.36,43.40,true,0
session_20260623_163953_final,4394,478993,2026-06-23T16:47:52.471974,Okulary BME280,"31.88,83.65,31.32,80.73,31.68,82.33,30.36,43.31",31.88,83.65,31.32,80.73,31.68,82.33,30.36,43.31,true,0
session_20260623_163953_final,4395,479125,2026-06-23T16:47:52.604690,Okulary BME280,"31.85,83.64,31.35,80.93,31.75,82.76,30.36,43.26",31.85,83.64,31.35,80.93,31.75,82.76,30.36,43.26,true,0
session_20260623_163953_final,4396,479215,2026-06-23T16:47:52.694608,Okulary BME280,"31.84,83.65,31.41,81.16,31.89,83.07,30.36,43.19",31.84,83.65,31.41,81.16,31.89,83.07,30.36,43.19,true,0
session_20260623_163953_final,4397,479305,2026-06-23T16:47:52.784615,Okulary BME280,"31.84,83.67,31.47,81.38,32.04,83.22,30.36,43.11",31.84,83.67,31.47,81.38,32.04,83.22,30.36,43.11,true,0
session_20260623_163953_final,4398,479440,2026-06-23T16:47:52.919793,Okulary BME280,"31.84,83.65,31.53,81.56,32.15,83.23,30.36,43.05",31.84,83.65,31.53,81.56,32.15,83.23,30.36,43.05,true,0
session_20260623_163953_final,4399,479530,2026-06-23T16:47:53.009463,Okulary BME280,"31.84,83.51,31.52,81.28,32.16,82.83,30.36,42.98",31.84,83.51,31.52,81.28,32.16,82.83,30.36,42.98,true,0
session_20260623_163953_final,4400,479666,2026-06-23T16:47:53.144932,Okulary BME280,"31.81,83.20,31.45,80.97,32.05,82.59,30.36,42.93",31.81,83.20,31.45,80.97,32.05,82.59,30.36,42.93,true,0
session_20260623_163953_final,4401,479756,2026-06-23T16:47:53.235185,Okulary BME280,"31.75,82.89,31.39,80.64,31.93,82.39,30.36,42.80",31.75,82.89,31.39,80.64,31.93,82.39,30.36,42.80,true,0
session_20260623_163953_final,4402,479899,2026-06-23T16:47:53.378104,Okulary BME280,"31.69,82.32,31.33,80.30,31.81,82.18,30.36,42.73",31.69,82.32,31.33,80.30,31.81,82.18,30.36,42.73,true,0
session_20260623_163953_final,4403,479982,2026-06-23T16:47:53.461700,Okulary BME280,"31.57,82.11,31.28,79.97,31.72,81.98,30.35,42.67",31.57,82.11,31.28,79.97,31.72,81.98,30.35,42.67,true,0
session_20260623_163953_final,4404,480071,2026-06-23T16:47:53.550152,Okulary BME280,"31.54,82.03,31.25,79.70,31.65,81.77,30.35,42.59",31.54,82.03,31.25,79.70,31.65,81.77,30.35,42.59,true,0
session_20260623_163953_final,4405,480208,2026-06-23T16:47:53.686860,Okulary BME280,"31.53,82.04,31.22,79.61,31.60,81.78,30.35,42.52",31.53,82.04,31.22,79.61,31.60,81.78,30.35,42.52,true,0
session_20260623_163953_final,4406,480297,2026-06-23T16:47:53.775958,Okulary BME280,"31.54,82.09,31.22,79.65,31.58,81.88,30.35,42.45",31.54,82.09,31.22,79.65,31.58,81.88,30.35,42.45,true,0
session_20260623_163953_final,4407,480431,2026-06-23T16:47:53.909855,Okulary BME280,"31.55,82.13,31.23,79.69,31.57,81.99,30.34,42.37",31.55,82.13,31.23,79.69,31.57,81.99,30.34,42.37,true,0
session_20260623_163953_final,4408,480521,2026-06-23T16:47:54.000161,Okulary BME280,"31.56,82.12,31.27,79.99,31.61,82.30,30.34,42.29",31.56,82.12,31.27,79.99,31.61,82.30,30.34,42.29,true,0
session_20260623_163953_final,4409,480611,2026-06-23T16:47:54.090669,Okulary BME280,"31.57,82.12,31.30,80.27,31.66,82.73,30.33,42.24",31.57,82.12,31.30,80.27,31.66,82.73,30.33,42.24,true,0
session_20260623_163953_final,4410,480745,2026-06-23T16:47:54.224269,Okulary BME280,"31.58,82.13,31.35,80.53,31.78,82.91,30.33,42.24",31.58,82.13,31.35,80.53,31.78,82.91,30.33,42.24,true,0
session_20260623_163953_final,4411,480835,2026-06-23T16:47:54.314702,Okulary BME280,"31.61,82.26,31.40,80.75,31.90,82.93,30.33,42.26",31.61,82.26,31.40,80.75,31.90,82.93,30.33,42.26,true,0
session_20260623_163953_final,4412,480971,2026-06-23T16:47:54.450571,Okulary BME280,"31.62,82.22,31.42,80.96,31.96,83.04,30.34,42.33",31.62,82.22,31.42,80.96,31.96,83.04,30.34,42.33,true,0
session_20260623_163953_final,4413,481061,2026-06-23T16:47:54.540589,Okulary BME280,"31.61,82.21,31.44,81.18,32.00,83.28,30.33,42.39",31.61,82.21,31.44,81.18,32.00,83.28,30.33,42.39,true,0
session_20260623_163953_final,4414,481203,2026-06-23T16:47:54.682036,Okulary BME280,"31.60,82.25,31.46,81.40,32.06,83.42,30.34,42.43",31.60,82.25,31.46,81.40,32.06,83.42,30.34,42.43,true,0
session_20260623_163953_final,4415,481286,2026-06-23T16:47:54.765299,Okulary BME280,"31.59,82.27,31.48,81.57,32.12,83.46,30.33,42.53",31.59,82.27,31.48,81.57,32.12,83.46,30.33,42.53,true,0
session_20260623_163953_final,4416,481375,2026-06-23T16:47:54.854730,Okulary BME280,"31.58,82.28,31.49,81.78,32.20,83.74,30.34,42.60",31.58,82.28,31.49,81.78,32.20,83.74,30.34,42.60,true,0
session_20260623_163953_final,4417,481515,2026-06-23T16:47:54.994789,Okulary BME280,"31.57,82.32,31.51,82.10,32.25,83.90,30.34,42.65",31.57,82.32,31.51,82.10,32.25,83.90,30.34,42.65,true,0
session_20260623_163953_final,4418,481603,2026-06-23T16:47:55.082721,Okulary BME280,"31.57,82.39,31.52,82.27,32.31,84.00,30.34,42.66",31.57,82.39,31.52,82.27,32.31,84.00,30.34,42.66,true,0
session_20260623_163953_final,4419,481734,2026-06-23T16:47:55.213792,Okulary BME280,"31.57,82.38,31.53,82.41,32.37,83.99,30.34,42.89",31.57,82.38,31.53,82.41,32.37,83.99,30.34,42.89,true,0
session_20260623_163953_final,4420,481828,2026-06-23T16:47:55.307021,Okulary BME280,"31.59,82.56,31.54,82.53,32.41,84.05,30.34,42.99",31.59,82.56,31.54,82.53,32.41,84.05,30.34,42.99,true,0
session_20260623_163953_final,4421,481962,2026-06-23T16:47:55.440863,Okulary BME280,"31.61,82.65,31.55,82.67,32.42,84.08,30.34,43.04",31.61,82.65,31.55,82.67,32.42,84.08,30.34,43.04,true,0
session_20260623_163953_final,4422,482051,2026-06-23T16:47:55.530521,Okulary BME280,"31.63,82.72,31.55,82.78,32.42,84.05,30.35,43.09",31.63,82.72,31.55,82.78,32.42,84.05,30.35,43.09,true,0
session_20260623_163953_final,4423,482143,2026-06-23T16:47:55.622222,Okulary BME280,"31.65,82.77,31.55,82.88,32.41,84.00,30.35,43.15",31.65,82.77,31.55,82.88,32.41,84.00,30.35,43.15,true,0
session_20260623_163953_final,4424,482276,2026-06-23T16:47:55.755492,Okulary BME280,"31.66,82.81,31.55,82.95,32.38,83.87,30.35,43.18",31.66,82.81,31.55,82.95,32.38,83.87,30.35,43.18,true,0
session_20260623_163953_final,4425,482366,2026-06-23T16:47:55.844867,Okulary BME280,"31.67,82.84,31.54,83.05,32.29,83.80,30.35,43.23",31.67,82.84,31.54,83.05,32.29,83.80,30.35,43.23,true,0
session_20260623_163953_final,4426,482501,2026-06-23T16:47:55.979905,Okulary BME280,"31.68,82.86,31.52,83.14,32.26,83.70,30.35,43.27",31.68,82.86,31.52,83.14,32.26,83.70,30.35,43.27,true,0
session_20260623_163953_final,4427,482590,2026-06-23T16:47:56.069592,Okulary BME280,"31.69,82.90,31.50,83.18,32.21,83.61,30.35,43.27",31.69,82.90,31.50,83.18,32.21,83.61,30.35,43.27,true,0
session_20260623_163953_final,4428,482727,2026-06-23T16:47:56.206277,Okulary BME280,"31.69,82.88,31.49,83.22,32.17,83.56,30.36,43.23",31.69,82.88,31.49,83.22,32.17,83.56,30.36,43.23,true,0
session_20260623_163953_final,4429,482816,2026-06-23T16:47:56.295549,Okulary BME280,"31.69,82.93,31.48,83.27,32.13,83.56,30.35,43.20",31.69,82.93,31.48,83.27,32.13,83.56,30.35,43.20,true,0
session_20260623_163953_final,4430,482905,2026-06-23T16:47:56.384582,Okulary BME280,"31.70,82.94,31.46,83.19,32.09,83.55,30.35,43.16",31.70,82.94,31.46,83.19,32.09,83.55,30.35,43.16,true,0
session_20260623_163953_final,4431,483049,2026-06-23T16:47:56.527822,Okulary BME280,"31.70,82.95,31.44,82.96,32.07,83.52,30.35,43.14",31.70,82.95,31.44,82.96,32.07,83.52,30.35,43.14,true,0
session_20260623_163953_final,4432,483132,2026-06-23T16:47:56.611671,Okulary BME280,"31.70,82.96,31.40,82.66,32.02,83.45,30.35,43.14",31.70,82.96,31.40,82.66,32.02,83.45,30.35,43.14,true,0
session_20260623_163953_final,4433,483267,2026-06-23T16:47:56.746355,Okulary BME280,"31.70,82.98,31.36,82.36,31.97,83.33,30.36,43.13",31.70,82.98,31.36,82.36,31.97,83.33,30.36,43.13,true,0
session_20260623_163953_final,4434,483360,2026-06-23T16:47:56.839688,Okulary BME280,"31.70,82.98,31.31,82.02,31.84,83.12,30.35,43.14",31.70,82.98,31.31,82.02,31.84,83.12,30.35,43.14,true,0
session_20260623_163953_final,4435,483447,2026-06-23T16:47:56.926579,Okulary BME280,"31.70,82.96,31.24,81.30,31.78,83.03,30.35,43.16",31.70,82.96,31.24,81.30,31.78,83.03,30.35,43.16,true,0
session_20260623_163953_final,4436,483583,2026-06-23T16:47:57.062187,Okulary BME280,"31.70,83.03,31.21,80.95,31.72,82.97,30.35,43.15",31.70,83.03,31.21,80.95,31.72,82.97,30.35,43.15,true,0
session_20260623_163953_final,4437,483672,2026-06-23T16:47:57.151650,Okulary BME280,"31.70,83.00,31.19,80.71,31.68,82.91,30.35,43.15",31.70,83.00,31.19,80.71,31.68,82.91,30.35,43.15,true,0
session_20260623_163953_final,4438,483806,2026-06-23T16:47:57.284850,Okulary BME280,"31.69,83.01,31.19,80.71,31.67,83.19,30.36,43.17",31.69,83.01,31.19,80.71,31.67,83.19,30.36,43.17,true,0
session_20260623_163953_final,4439,483895,2026-06-23T16:47:57.374802,Okulary BME280,"31.69,83.01,31.22,80.86,31.69,83.58,30.35,43.21",31.69,83.01,31.22,80.86,31.69,83.58,30.35,43.21,true,0
session_20260623_163953_final,4440,484032,2026-06-23T16:47:57.511219,Okulary BME280,"31.69,83.03,31.28,81.08,31.80,83.90,30.36,43.24",31.69,83.03,31.28,81.08,31.80,83.90,30.36,43.24,true,0
session_20260623_163953_final,4441,484120,2026-06-23T16:47:57.599790,Okulary BME280,"31.70,83.04,31.34,81.33,31.94,84.23,30.36,43.28",31.70,83.04,31.34,81.33,31.94,84.23,30.36,43.28,true,0
session_20260623_163953_final,4442,484211,2026-06-23T16:47:57.690318,Okulary BME280,"31.70,83.04,31.41,81.56,32.08,84.39,30.36,43.29",31.70,83.04,31.41,81.56,32.08,84.39,30.36,43.29,true,0
session_20260623_163953_final,4443,484346,2026-06-23T16:47:57.825295,Okulary BME280,"31.71,83.04,31.46,81.81,32.32,84.57,30.36,43.31",31.71,83.04,31.46,81.81,32.32,84.57,30.36,43.31,true,0
session_20260623_163953_final,4444,484438,2026-06-23T16:47:57.917272,Okulary BME280,"31.71,83.08,31.55,82.23,32.40,84.62,30.36,43.36",31.71,83.08,31.55,82.23,32.40,84.62,30.36,43.36,true,0
session_20260623_163953_final,4445,484581,2026-06-23T16:47:58.060212,Okulary BME280,"31.71,83.03,31.57,82.42,32.44,84.58,30.36,43.36",31.71,83.03,31.57,82.42,32.44,84.58,30.36,43.36,true,0
session_20260623_163953_final,4446,484666,2026-06-23T16:47:58.145007,Okulary BME280,"31.71,83.07,31.58,82.56,32.43,84.51,30.37,43.38",31.71,83.07,31.58,82.56,32.43,84.51,30.37,43.38,true,0
session_20260623_163953_final,4447,484797,2026-06-23T16:47:58.276658,Okulary BME280,"31.71,83.06,31.58,82.72,32.41,84.45,30.37,43.43",31.71,83.06,31.58,82.72,32.41,84.45,30.37,43.43,true,0
session_20260623_163953_final,4448,484889,2026-06-23T16:47:58.368107,Okulary BME280,"31.71,83.07,31.58,82.85,32.37,84.40,30.37,43.51",31.71,83.07,31.58,82.85,32.37,84.40,30.37,43.51,true,0
session_20260623_163953_final,4449,484977,2026-06-23T16:47:58.456454,Okulary BME280,"31.71,83.06,31.58,82.97,32.33,84.37,30.37,43.58",31.71,83.06,31.58,82.97,32.33,84.37,30.37,43.58,true,0
session_20260623_163953_final,4450,485111,2026-06-23T16:47:58.590723,Okulary BME280,"31.71,83.06,31.58,83.09,32.29,84.37,30.37,43.66",31.71,83.06,31.58,83.09,32.29,84.37,30.37,43.66,true,0
session_20260623_163953_final,4451,485202,2026-06-23T16:47:58.681694,Okulary BME280,"31.71,83.06,31.57,83.13,32.25,84.25,30.37,43.72",31.71,83.06,31.57,83.13,32.25,84.25,30.37,43.72,true,0
session_20260623_163953_final,4452,485335,2026-06-23T16:47:58.814763,Okulary BME280,"31.72,83.07,31.55,83.08,32.07,83.82,30.37,43.80",31.72,83.07,31.55,83.08,32.07,83.82,30.37,43.80,true,0
session_20260623_163953_final,4453,485425,2026-06-23T16:47:58.904812,Okulary BME280,"31.72,83.12,31.45,82.88,31.95,83.65,30.37,43.86",31.72,83.12,31.45,82.88,31.95,83.65,30.37,43.86,true,0
session_20260623_163953_final,4454,485516,2026-06-23T16:47:58.995419,Okulary BME280,"31.72,83.08,31.41,82.91,31.86,83.84,30.37,43.92",31.72,83.08,31.41,82.91,31.86,83.84,30.37,43.92,true,0
session_20260623_163953_final,4455,485651,2026-06-23T16:47:59.129831,Okulary BME280,"31.73,83.07,31.40,82.99,31.84,84.12,30.37,44.09",31.73,83.07,31.40,82.99,31.84,84.12,30.37,44.09,true,0
session_20260623_163953_final,4456,485742,2026-06-23T16:47:59.221545,Okulary BME280,"31.73,83.07,31.42,83.11,31.88,84.38,30.38,44.20",31.73,83.07,31.42,83.11,31.88,84.38,30.38,44.20,true,0
session_20260623_163953_final,4457,485876,2026-06-23T16:47:59.354971,Okulary BME280,"31.73,83.07,31.45,83.25,31.97,84.60,30.38,44.33",31.73,83.07,31.45,83.25,31.97,84.60,30.38,44.33,true,0
session_20260623_163953_final,4458,485965,2026-06-23T16:47:59.444489,Okulary BME280,"31.73,83.08,31.50,83.39,32.07,84.77,30.38,44.44",31.73,83.08,31.50,83.39,32.07,84.77,30.38,44.44,true,0
session_20260623_163953_final,4459,486101,2026-06-23T16:47:59.579952,Okulary BME280,"31.73,83.08,31.54,83.50,32.17,84.85,30.39,44.56",31.73,83.08,31.54,83.50,32.17,84.85,30.39,44.56,true,0
session_20260623_163953_final,4460,486196,2026-06-23T16:47:59.675062,Okulary BME280,"31.73,83.07,31.57,83.59,32.24,84.87,30.39,44.65",31.73,83.07,31.57,83.59,32.24,84.87,30.39,44.65,true,0
session_20260623_163953_final,4461,486280,2026-06-23T16:47:59.759203,Okulary BME280,"31.72,83.09,31.58,83.72,32.28,84.80,30.39,44.72",31.72,83.09,31.58,83.72,32.28,84.80,30.39,44.72,true,0
session_20260623_163953_final,4462,486416,2026-06-23T16:47:59.895060,Okulary BME280,"31.73,83.07,31.60,83.90,32.27,84.73,30.39,44.78",31.73,83.07,31.60,83.90,32.27,84.73,30.39,44.78,true,0
session_20260623_163953_final,4463,486507,2026-06-23T16:47:59.986211,Okulary BME280,"31.73,83.09,31.60,83.97,32.25,84.65,30.38,44.82",31.73,83.09,31.60,83.97,32.25,84.65,30.38,44.82,true,0
session_20260623_163953_final,4464,486649,2026-06-23T16:48:00.127970,Okulary BME280,"31.73,83.09,31.60,84.03,32.22,84.61,30.39,44.85",31.73,83.09,31.60,84.03,32.22,84.61,30.39,44.85,true,0
session_20260623_163953_final,4465,486733,2026-06-23T16:48:00.211953,Okulary BME280,"31.74,83.11,31.60,84.09,32.19,84.57,30.39,44.96",31.74,83.11,31.60,84.09,32.19,84.57,30.39,44.96,true,0
session_20260623_163953_final,4466,486867,2026-06-23T16:48:00.345943,Okulary BME280,"31.74,83.11,31.59,84.15,32.16,84.55,30.39,45.03",31.74,83.11,31.59,84.15,32.16,84.55,30.39,45.03,true,0
session_20260623_163953_final,4467,486957,2026-06-23T16:48:00.436208,Okulary BME280,"31.74,83.11,31.58,84.21,32.14,84.53,30.39,45.07",31.74,83.11,31.58,84.21,32.14,84.53,30.39,45.07,true,0
session_20260623_163953_final,4468,487047,2026-06-23T16:48:00.526227,Okulary BME280,"31.74,83.10,31.58,84.25,32.11,84.48,30.39,45.12",31.74,83.10,31.58,84.25,32.11,84.48,30.39,45.12,true,0
session_20260623_163953_final,4469,487180,2026-06-23T16:48:00.659733,Okulary BME280,"31.74,83.10,31.57,84.29,32.09,84.51,30.39,45.15",31.74,83.10,31.57,84.29,32.09,84.51,30.39,45.15,true,0
session_20260623_163953_final,4470,487270,2026-06-23T16:48:00.749722,Okulary BME280,"31.74,83.12,31.57,84.33,32.06,84.40,30.39,45.18",31.74,83.12,31.57,84.33,32.06,84.40,30.39,45.18,true,0
session_20260623_163953_final,4471,487405,2026-06-23T16:48:00.884716,Okulary BME280,"31.74,83.08,31.56,84.40,32.03,84.45,30.39,45.19",31.74,83.08,31.56,84.40,32.03,84.45,30.39,45.19,true,0
session_20260623_163953_final,4472,487495,2026-06-23T16:48:00.974360,Okulary BME280,"31.73,83.09,31.56,84.46,32.02,84.47,30.39,45.19",31.73,83.09,31.56,84.46,32.02,84.47,30.39,45.19,true,0
session_20260623_163953_final,4473,487639,2026-06-23T16:48:01.117853,Okulary BME280,"31.73,83.08,31.56,84.52,32.01,84.49,30.39,45.14",31.73,83.08,31.56,84.52,32.01,84.49,30.39,45.14,true,0
session_20260623_163953_final,4474,487721,2026-06-23T16:48:01.200244,Okulary BME280,"31.72,83.08,31.57,84.54,32.00,84.49,30.39,45.03",31.72,83.08,31.57,84.54,32.00,84.49,30.39,45.03,true,0
session_20260623_163953_final,4475,487813,2026-06-23T16:48:01.292376,Okulary BME280,"31.72,83.08,31.57,84.54,32.00,84.48,30.39,44.96",31.72,83.08,31.57,84.54,32.00,84.48,30.39,44.96,true,0
session_20260623_163953_final,4476,487945,2026-06-23T16:48:01.424803,Okulary BME280,"31.72,83.08,31.56,84.59,31.99,84.47,30.39,44.88",31.72,83.08,31.56,84.59,31.99,84.47,30.39,44.88,true,0
session_20260623_163953_final,4477,488048,2026-06-23T16:48:01.527079,Okulary BME280,"31.72,83.08,31.55,84.63,31.99,84.46,30.39,44.82",31.72,83.08,31.55,84.63,31.99,84.46,30.39,44.82,true,0
session_20260623_163953_final,4478,488173,2026-06-23T16:48:01.652458,Okulary BME280,"31.72,83.09,31.55,84.54,31.99,84.47,30.39,44.75",31.72,83.09,31.55,84.54,31.99,84.47,30.39,44.75,true,0
session_20260623_163953_final,4479,488261,2026-06-23T16:48:01.740267,Okulary BME280,"31.71,83.10,31.53,84.04,31.96,84.39,30.39,44.68",31.71,83.10,31.53,84.04,31.96,84.39,30.39,44.68,true,0
session_20260623_163953_final,4480,488353,2026-06-23T16:48:01.831948,Okulary BME280,"31.71,83.06,31.44,83.77,31.92,84.28,30.39,44.61",31.71,83.06,31.44,83.77,31.92,84.28,30.39,44.61,true,0
session_20260623_163953_final,4481,488485,2026-06-23T16:48:01.964414,Okulary BME280,"31.71,83.06,31.40,83.45,31.88,84.18,30.39,44.57",31.71,83.06,31.40,83.45,31.88,84.18,30.39,44.57,true,0
session_20260623_163953_final,4482,488576,2026-06-23T16:48:02.055182,Okulary BME280,"31.70,83.06,31.37,83.13,31.84,84.09,30.39,44.48",31.70,83.06,31.37,83.13,31.84,84.09,30.39,44.48,true,0
session_20260623_163953_final,4483,488711,2026-06-23T16:48:02.190021,Okulary BME280,"31.70,83.05,31.35,82.82,31.80,84.05,30.40,44.39",31.70,83.05,31.35,82.82,31.80,84.05,30.40,44.39,true,0
session_20260623_163953_final,4484,488801,2026-06-23T16:48:02.280034,Okulary BME280,"31.70,83.05,31.33,82.59,31.77,83.99,30.39,44.34",31.70,83.05,31.33,82.59,31.77,83.99,30.39,44.34,true,0
session_20260623_163953_final,4485,488935,2026-06-23T16:48:02.414812,Okulary BME280,"31.69,83.05,31.32,82.60,31.76,84.25,30.39,44.32",31.69,83.05,31.32,82.60,31.76,84.25,30.39,44.32,true,0
session_20260623_163953_final,4486,489026,2026-06-23T16:48:02.505133,Okulary BME280,"31.69,83.05,31.34,82.72,31.78,84.56,30.39,44.28",31.69,83.05,31.34,82.72,31.78,84.56,30.39,44.28,true,0
session_20260623_163953_final,4487,489119,2026-06-23T16:48:02.598160,Okulary BME280,"31.69,82.99,31.39,82.84,31.91,84.71,30.39,44.25",31.69,82.99,31.39,82.84,31.91,84.71,30.39,44.25,true,0
session_20260623_163953_final,4488,489259,2026-06-23T16:48:02.738769,Okulary BME280,"31.67,82.91,31.46,83.12,31.95,84.75,30.39,44.22",31.67,82.91,31.46,83.12,31.95,84.75,30.39,44.22,true,0
session_20260623_163953_final,4489,489340,2026-06-23T16:48:02.819263,Okulary BME280,"31.65,82.98,31.50,83.26,31.97,84.74,30.40,44.20",31.65,82.98,31.50,83.26,31.97,84.74,30.40,44.20,true,0
session_20260623_163953_final,4490,489478,2026-06-23T16:48:02.957204,Okulary BME280,"31.65,82.99,31.51,83.37,31.98,84.71,30.39,44.19",31.65,82.99,31.51,83.37,31.98,84.71,30.39,44.19,true,0
session_20260623_163953_final,4491,489566,2026-06-23T16:48:03.045313,Okulary BME280,"31.65,83.04,31.52,83.48,31.97,84.70,30.39,44.15",31.65,83.04,31.52,83.48,31.97,84.70,30.39,44.15,true,0
session_20260623_163953_final,4492,489711,2026-06-23T16:48:03.189956,Okulary BME280,"31.66,83.07,31.53,83.59,31.96,84.73,30.40,44.13",31.66,83.07,31.53,83.59,31.96,84.73,30.40,44.13,true,0
session_20260623_163953_final,4493,489793,2026-06-23T16:48:03.272410,Okulary BME280,"31.66,83.09,31.54,83.68,31.96,84.70,30.40,44.12",31.66,83.09,31.54,83.68,31.96,84.70,30.40,44.12,true,0
session_20260623_163953_final,4494,489881,2026-06-23T16:48:03.360093,Okulary BME280,"31.67,83.14,31.54,83.76,31.95,84.62,30.40,44.12",31.67,83.14,31.54,83.76,31.95,84.62,30.40,44.12,true,0
session_20260623_163953_final,4495,490021,2026-06-23T16:48:03.500358,Okulary BME280,"31.69,83.15,31.54,83.85,31.94,84.64,30.40,44.13",31.69,83.15,31.54,83.85,31.94,84.64,30.40,44.13,true,0
session_20260623_163953_final,4496,490108,2026-06-23T16:48:03.587287,Okulary BME280,"31.69,83.09,31.54,83.94,31.95,84.97,30.40,44.14",31.69,83.09,31.54,83.94,31.95,84.97,30.40,44.14,true,0
session_20260623_163953_final,4497,490241,2026-06-23T16:48:03.719822,Okulary BME280,"31.68,83.10,31.57,84.18,31.99,85.06,30.41,44.16",31.68,83.10,31.57,84.18,31.99,85.06,30.41,44.16,true,0
session_20260623_163953_final,4498,490330,2026-06-23T16:48:03.809396,Okulary BME280,"31.63,82.98,31.58,84.26,32.03,85.08,30.41,44.19",31.63,82.98,31.58,84.26,32.03,85.08,30.41,44.19,true,0
session_20260623_163953_final,4499,490426,2026-06-23T16:48:03.905622,Okulary BME280,"31.61,82.94,31.59,84.35,32.06,85.07,30.41,44.23",31.61,82.94,31.59,84.35,32.06,85.07,30.41,44.23,true,0
session_20260623_163953_final,4500,490555,2026-06-23T16:48:04.034597,Okulary BME280,"31.59,82.91,31.60,84.42,32.07,85.04,30.41,44.31",31.59,82.91,31.60,84.42,32.07,85.04,30.41,44.31,true,0
session_20260623_163953_final,4501,490646,2026-06-23T16:48:04.124864,Okulary BME280,"31.57,82.88,31.60,84.49,32.07,84.98,30.41,44.40",31.57,82.88,31.60,84.49,32.07,84.98,30.41,44.40,true,0
session_20260623_163953_final,4502,490782,2026-06-23T16:48:04.261738,Okulary BME280,"31.55,82.84,31.59,84.54,32.06,84.90,30.41,44.42",31.55,82.84,31.59,84.54,32.06,84.90,30.41,44.42,true,0
session_20260623_163953_final,4503,490871,2026-06-23T16:48:04.350569,Okulary BME280,"31.54,82.83,31.59,84.60,32.03,84.85,30.41,44.44",31.54,82.83,31.59,84.60,32.03,84.85,30.41,44.44,true,0
session_20260623_163953_final,4504,491007,2026-06-23T16:48:04.486139,Okulary BME280,"31.53,82.79,31.58,84.69,32.01,84.89,30.41,44.42",31.53,82.79,31.58,84.69,32.01,84.89,30.41,44.42,true,0
session_20260623_163953_final,4505,491096,2026-06-23T16:48:04.575551,Okulary BME280,"31.52,82.75,31.58,84.74,31.99,84.87,30.41,44.40",31.52,82.75,31.58,84.74,31.99,84.87,30.41,44.40,true,0
session_20260623_163953_final,4506,491186,2026-06-23T16:48:04.665100,Okulary BME280,"31.50,82.73,31.58,84.81,31.98,84.86,30.41,44.35",31.50,82.73,31.58,84.81,31.98,84.86,30.41,44.35,true,0
session_20260623_163953_final,4507,491321,2026-06-23T16:48:04.800558,Okulary BME280,"31.48,82.72,31.58,84.86,31.98,84.86,30.41,44.31",31.48,82.72,31.58,84.86,31.98,84.86,30.41,44.31,true,0
session_20260623_163953_final,4508,491412,2026-06-23T16:48:04.891233,Okulary BME280,"31.48,82.69,31.58,84.89,31.98,84.85,30.41,44.25",31.48,82.69,31.58,84.89,31.98,84.85,30.41,44.25,true,0
session_20260623_163953_final,4509,491545,2026-06-23T16:48:05.024647,Okulary BME280,"31.47,82.68,31.58,84.91,31.97,84.82,30.41,44.14",31.47,82.68,31.58,84.91,31.97,84.82,30.41,44.14,true,0
session_20260623_163953_final,4510,491637,2026-06-23T16:48:05.116075,Okulary BME280,"31.47,82.67,31.58,84.95,31.96,84.85,30.41,43.98",31.47,82.67,31.58,84.95,31.96,84.85,30.41,43.98,true,0
session_20260623_163953_final,4511,491771,2026-06-23T16:48:05.250582,Okulary BME280,"31.46,82.64,31.58,85.00,31.95,84.87,30.40,43.88",31.46,82.64,31.58,85.00,31.95,84.87,30.40,43.88,true,0
session_20260623_163953_final,4512,491860,2026-06-23T16:48:05.339796,Okulary BME280,"31.46,82.64,31.58,85.04,31.95,84.92,30.40,43.77",31.46,82.64,31.58,85.04,31.95,84.92,30.40,43.77,true,0
session_20260623_163953_final,4513,491951,2026-06-23T16:48:05.430307,Okulary BME280,"31.45,82.59,31.58,85.08,31.95,84.92,30.40,43.67",31.45,82.59,31.58,85.08,31.95,84.92,30.40,43.67,true,0
session_20260623_163953_final,4514,492087,2026-06-23T16:48:05.566356,Okulary BME280,"31.45,82.61,31.59,85.12,31.96,84.95,30.40,43.56",31.45,82.61,31.59,85.12,31.96,84.95,30.40,43.56,true,0
session_20260623_163953_final,4515,492178,2026-06-23T16:48:05.657345,Okulary BME280,"31.45,82.60,31.59,85.21,31.97,84.95,30.39,43.47",31.45,82.60,31.59,85.21,31.97,84.95,30.39,43.47,true,0
session_20260623_163953_final,4516,492320,2026-06-23T16:48:05.799484,Okulary BME280,"31.45,82.59,31.59,85.23,31.97,84.92,30.39,43.37",31.45,82.59,31.59,85.23,31.97,84.92,30.39,43.37,true,0
session_20260623_163953_final,4517,492400,2026-06-23T16:48:05.879525,Okulary BME280,"31.44,82.57,31.59,85.26,31.97,84.91,30.39,43.30",31.44,82.57,31.59,85.26,31.97,84.91,30.39,43.30,true,0
session_20260623_163953_final,4518,492538,2026-06-23T16:48:06.017474,Okulary BME280,"31.43,82.56,31.60,85.31,31.97,84.92,30.38,43.20",31.43,82.56,31.60,85.31,31.97,84.92,30.38,43.20,true,0
session_20260623_163953_final,4519,492626,2026-06-23T16:48:06.105288,Okulary BME280,"31.43,82.55,31.59,85.33,31.97,84.90,30.38,43.07",31.43,82.55,31.59,85.33,31.97,84.90,30.38,43.07,true,0
session_20260623_163953_final,4520,492717,2026-06-23T16:48:06.196758,Okulary BME280,"31.43,82.54,31.59,85.35,31.96,84.90,30.38,43.01",31.43,82.54,31.59,85.35,31.96,84.90,30.38,43.01,true,0
