session_id,sample_index,timestamp_ms,datetime_iso,device_name,raw_payload,t0,h0,t1,h1,t2,h2,tAmb,hAmb,parse_ok,nan_count
session_20260821_142610_P001,0,1,2026-08-21T14:26:10.942946,Okulary BME280,"32.84,64.36,29.69,81.20,29.55,78.99,29.48,43.39",32.84,64.36,29.69,81.20,29.55,78.99,29.48,43.39,true,0
session_20260821_142610_P001,1,89,2026-08-21T14:26:11.030895,Okulary BME280,"32.84,64.35,29.67,80.68,29.52,78.75,29.49,43.41",32.84,64.35,29.67,80.68,29.52,78.75,29.49,43.41,true,0
session_20260821_142610_P001,2,231,2026-08-21T14:26:11.172547,Okulary BME280,"32.84,64.35,29.66,80.44,29.50,78.68,29.48,43.42",32.84,64.35,29.66,80.44,29.50,78.68,29.48,43.42,true,0
session_20260821_142610_P001,3,317,2026-08-21T14:26:11.258910,Okulary BME280,"32.84,64.34,29.66,80.23,29.52,78.57,29.49,43.43",32.84,64.34,29.66,80.23,29.52,78.57,29.49,43.43,true,0
session_20260821_142610_P001,4,455,2026-08-21T14:26:11.396353,Okulary BME280,"32.84,64.31,29.67,80.04,29.59,78.55,29.49,43.44",32.84,64.31,29.67,80.04,29.59,78.55,29.49,43.44,true,0
session_20260821_142610_P001,5,555,2026-08-21T14:26:11.496445,Okulary BME280,"32.84,64.31,29.68,79.88,29.63,78.55,29.49,43.45",32.84,64.31,29.68,79.88,29.63,78.55,29.49,43.45,true,0
session_20260821_142610_P001,6,635,2026-08-21T14:26:11.576438,Okulary BME280,"32.84,64.29,29.69,79.73,29.67,78.55,29.49,43.49",32.84,64.29,29.69,79.73,29.67,78.55,29.49,43.49,true,0
session_20260821_142610_P001,7,766,2026-08-21T14:26:11.708122,Okulary BME280,"32.84,64.26,29.70,79.61,29.71,78.58,29.49,43.51",32.84,64.26,29.70,79.61,29.71,78.58,29.49,43.51,true,0
session_20260821_142610_P001,8,857,2026-08-21T14:26:11.798259,Okulary BME280,"32.84,64.30,29.71,79.46,29.74,78.60,29.49,43.52",32.84,64.30,29.71,79.46,29.74,78.60,29.49,43.52,true,0
session_20260821_142610_P001,9,993,2026-08-21T14:26:11.934234,Okulary BME280,"32.84,64.29,29.71,79.38,29.77,78.61,29.50,43.54",32.84,64.29,29.71,79.38,29.77,78.61,29.50,43.54,true,0
session_20260821_142610_P001,10,1082,2026-08-21T14:26:12.023728,Okulary BME280,"32.84,64.29,29.73,79.24,29.80,78.63,29.50,43.57",32.84,64.29,29.73,79.24,29.80,78.63,29.50,43.57,true,0
session_20260821_142610_P001,11,1232,2026-08-21T14:26:12.173341,Okulary BME280,"32.83,64.29,29.74,79.17,29.83,78.66,29.50,43.58",32.83,64.29,29.74,79.17,29.83,78.66,29.50,43.58,true,0
session_20260821_142610_P001,12,1310,2026-08-21T14:26:12.252027,Okulary BME280,"32.84,64.29,29.74,79.11,29.85,78.71,29.50,43.60",32.84,64.29,29.74,79.11,29.85,78.71,29.50,43.60,true,0
session_20260821_142610_P001,13,1404,2026-08-21T14:26:12.345686,Okulary BME280,"32.84,64.29,29.76,79.08,29.88,78.71,29.50,43.63",32.84,64.29,29.76,79.08,29.88,78.71,29.50,43.63,true,0
session_20260821_142610_P001,14,1549,2026-08-21T14:26:12.490740,Okulary BME280,"32.84,64.28,29.76,79.17,29.89,78.89,29.50,43.60",32.84,64.28,29.76,79.17,29.89,78.89,29.50,43.60,true,0
session_20260821_142610_P001,15,1643,2026-08-21T14:26:12.585099,Okulary BME280,"32.84,64.28,29.77,79.28,29.92,79.04,29.51,43.64",32.84,64.28,29.77,79.28,29.92,79.04,29.51,43.64,true,0
session_20260821_142610_P001,16,1755,2026-08-21T14:26:12.696486,Okulary BME280,"32.84,64.24,29.78,79.42,29.95,79.40,29.50,43.63",32.84,64.24,29.78,79.42,29.95,79.40,29.50,43.63,true,0
session_20260821_142610_P001,17,1848,2026-08-21T14:26:12.789339,Okulary BME280,"32.84,64.28,29.79,79.64,29.99,79.88,29.51,43.63",32.84,64.28,29.79,79.64,29.99,79.88,29.51,43.63,true,0
session_20260821_142610_P001,18,1982,2026-08-21T14:26:12.923772,Okulary BME280,"32.84,64.29,29.83,80.18,30.11,80.31,29.51,43.60",32.84,64.29,29.83,80.18,30.11,80.31,29.51,43.60,true,0
session_20260821_142610_P001,19,2075,2026-08-21T14:26:13.016277,Okulary BME280,"32.84,64.31,29.87,80.46,30.26,80.67,29.51,43.59",32.84,64.31,29.87,80.46,30.26,80.67,29.51,43.59,true,0
session_20260821_142610_P001,20,2164,2026-08-21T14:26:13.105591,Okulary BME280,"32.84,64.35,29.89,80.72,30.39,80.95,29.51,43.56",32.84,64.35,29.89,80.72,30.39,80.95,29.51,43.56,true,0
session_20260821_142610_P001,21,2296,2026-08-21T14:26:13.238037,Okulary BME280,"32.84,64.38,29.91,80.96,30.61,81.28,29.50,43.52",32.84,64.38,29.91,80.96,30.61,81.28,29.50,43.52,true,0
session_20260821_142610_P001,22,2403,2026-08-21T14:26:13.344559,Okulary BME280,"32.84,64.40,29.91,81.19,30.68,81.39,29.51,43.49",32.84,64.40,29.91,81.19,30.68,81.39,29.51,43.49,true,0
session_20260821_142610_P001,23,2522,2026-08-21T14:26:13.463748,Okulary BME280,"32.84,64.44,29.92,81.43,30.73,81.50,29.50,43.45",32.84,64.44,29.92,81.43,30.73,81.50,29.50,43.45,true,0
session_20260821_142610_P001,24,2628,2026-08-21T14:26:13.569973,Okulary BME280,"32.84,64.44,29.93,81.65,30.78,81.56,29.50,43.40",32.84,64.44,29.93,81.65,30.78,81.56,29.50,43.40,true,0
session_20260821_142610_P001,25,2702,2026-08-21T14:26:13.643839,Okulary BME280,"32.85,64.51,29.93,81.88,30.80,81.60,29.50,43.36",32.85,64.51,29.93,81.88,30.80,81.60,29.50,43.36,true,0
session_20260821_142610_P001,26,2845,2026-08-21T14:26:13.786960,Okulary BME280,"32.84,64.54,29.93,82.06,30.81,81.63,29.50,43.34",32.84,64.54,29.93,82.06,30.81,81.63,29.50,43.34,true,0
session_20260821_142610_P001,27,2946,2026-08-21T14:26:13.887314,Okulary BME280,"32.85,64.56,29.91,82.34,30.79,81.62,29.50,43.30",32.85,64.56,29.91,82.34,30.79,81.62,29.50,43.30,true,0
session_20260821_142610_P001,28,3060,2026-08-21T14:26:14.001909,Okulary BME280,"32.85,64.58,29.91,82.36,30.76,81.40,29.51,43.28",32.85,64.58,29.91,82.36,30.76,81.40,29.51,43.28,true,0
session_20260821_142610_P001,29,3182,2026-08-21T14:26:14.123594,Okulary BME280,"32.85,64.58,29.89,82.29,30.66,80.95,29.51,43.24",32.85,64.58,29.89,82.29,30.66,80.95,29.51,43.24,true,0
session_20260821_142610_P001,30,3286,2026-08-21T14:26:14.227238,Okulary BME280,"32.84,64.60,29.87,82.12,30.24,80.10,29.50,43.22",32.84,64.60,29.87,82.12,30.24,80.10,29.50,43.22,true,0
session_20260821_142610_P001,31,3376,2026-08-21T14:26:14.317798,Okulary BME280,"32.84,64.61,29.82,81.92,30.03,79.75,29.51,43.19",32.84,64.61,29.82,81.92,30.03,79.75,29.51,43.19,true,0
session_20260821_142610_P001,32,3472,2026-08-21T14:26:14.413731,Okulary BME280,"32.84,64.61,29.79,81.69,29.89,79.39,29.50,43.17",32.84,64.61,29.79,81.69,29.89,79.39,29.50,43.17,true,0
session_20260821_142610_P001,33,3602,2026-08-21T14:26:14.543569,Okulary BME280,"32.84,64.64,29.76,81.45,29.77,79.04,29.50,43.10",32.84,64.64,29.76,81.45,29.77,79.04,29.50,43.10,true,0
session_20260821_142610_P001,34,3692,2026-08-21T14:26:14.633431,Okulary BME280,"32.85,64.64,29.73,81.22,29.69,78.70,29.50,43.07",32.85,64.64,29.73,81.22,29.69,78.70,29.50,43.07,true,0
session_20260821_142610_P001,35,3856,2026-08-21T14:26:14.798119,Okulary BME280,"32.84,64.64,29.72,80.95,29.64,78.40,29.50,43.04",32.84,64.64,29.72,80.95,29.64,78.40,29.50,43.04,true,0
session_20260821_142610_P001,36,3926,2026-08-21T14:26:14.867825,Okulary BME280,"32.85,64.65,29.70,80.38,29.60,78.06,29.50,43.00",32.85,64.65,29.70,80.38,29.60,78.06,29.50,43.00,true,0
session_20260821_142610_P001,37,4062,2026-08-21T14:26:15.003558,Okulary BME280,"32.85,64.65,29.69,80.12,29.58,77.80,29.50,42.94",32.85,64.65,29.69,80.12,29.58,77.80,29.50,42.94,true,0
session_20260821_142610_P001,38,4157,2026-08-21T14:26:15.098878,Okulary BME280,"32.85,64.65,29.68,79.86,29.58,77.58,29.49,42.89",32.85,64.65,29.68,79.86,29.58,77.58,29.49,42.89,true,0
session_20260821_142610_P001,39,4247,2026-08-21T14:26:15.188246,Okulary BME280,"32.85,64.65,29.68,79.62,29.60,77.33,29.48,42.86",32.85,64.65,29.68,79.62,29.60,77.33,29.48,42.86,true,0
session_20260821_142610_P001,40,4370,2026-08-21T14:26:15.311821,Okulary BME280,"32.85,64.65,29.68,79.40,29.63,77.24,29.48,42.83",32.85,64.65,29.68,79.40,29.63,77.24,29.48,42.83,true,0
session_20260821_142610_P001,41,4463,2026-08-21T14:26:15.404398,Okulary BME280,"32.85,64.70,29.69,79.20,29.66,77.13,29.47,42.79",32.85,64.70,29.69,79.20,29.66,77.13,29.47,42.79,true,0
session_20260821_142610_P001,42,4590,2026-08-21T14:26:15.531881,Okulary BME280,"32.85,64.64,29.69,79.00,29.69,77.02,29.46,42.69",32.85,64.64,29.69,79.00,29.69,77.02,29.46,42.69,true,0
session_20260821_142610_P001,43,4713,2026-08-21T14:26:15.654440,Okulary BME280,"32.85,64.66,29.70,78.91,29.72,77.52,29.46,42.68",32.85,64.66,29.70,78.91,29.72,77.52,29.46,42.68,true,0
session_20260821_142610_P001,44,4822,2026-08-21T14:26:15.763240,Okulary BME280,"32.85,64.66,29.71,79.30,29.80,78.27,29.45,42.67",32.85,64.66,29.71,79.30,29.80,78.27,29.45,42.67,true,0
session_20260821_142610_P001,45,4940,2026-08-21T14:26:15.881980,Okulary BME280,"32.86,64.67,29.79,79.59,29.96,78.95,29.44,42.67",32.86,64.67,29.79,79.59,29.96,78.95,29.44,42.67,true,0
session_20260821_142610_P001,46,4996,2026-08-21T14:26:15.937289,Okulary BME280,"32.85,64.71,29.82,79.89,30.16,79.47,29.44,42.67",32.85,64.71,29.82,79.89,30.16,79.47,29.44,42.67,true,0
session_20260821_142610_P001,47,5202,2026-08-21T14:26:16.143736,Okulary BME280,"32.86,64.74,29.86,80.17,30.52,80.27,29.44,42.67",32.86,64.74,29.86,80.17,30.52,80.27,29.44,42.67,true,0
session_20260821_142610_P001,48,5251,2026-08-21T14:26:16.192267,Okulary BME280,"32.86,64.79,29.89,80.47,30.65,80.57,29.44,42.67",32.86,64.79,29.89,80.47,30.65,80.57,29.44,42.67,true,0
session_20260821_142610_P001,49,5358,2026-08-21T14:26:16.300163,Okulary BME280,"32.86,64.77,29.92,80.75,30.76,80.71,29.44,42.68",32.86,64.77,29.92,80.75,30.76,80.71,29.44,42.68,true,0
session_20260821_142610_P001,50,5447,2026-08-21T14:26:16.389010,Okulary BME280,"32.86,64.83,29.94,80.98,30.81,80.82,29.44,42.63",32.86,64.83,29.94,80.98,30.81,80.82,29.44,42.63,true,0
session_20260821_142610_P001,51,5540,2026-08-21T14:26:16.481281,Okulary BME280,"32.86,64.93,29.95,81.27,30.83,80.98,29.45,42.65",32.86,64.93,29.95,81.27,30.83,80.98,29.45,42.65,true,0
session_20260821_142610_P001,52,5674,2026-08-21T14:26:16.615401,Okulary BME280,"32.87,64.97,29.95,81.46,30.84,81.19,29.45,42.65",32.87,64.97,29.95,81.46,30.84,81.19,29.45,42.65,true,0
session_20260821_142610_P001,53,5761,2026-08-21T14:26:16.703120,Okulary BME280,"32.87,65.00,29.97,81.94,30.86,81.35,29.45,42.65",32.87,65.00,29.97,81.94,30.86,81.35,29.45,42.65,true,0
session_20260821_142610_P001,54,5903,2026-08-21T14:26:16.844678,Okulary BME280,"32.87,65.02,29.97,82.16,30.89,81.45,29.45,42.65",32.87,65.02,29.97,82.16,30.89,81.45,29.45,42.65,true,0
session_20260821_142610_P001,55,5992,2026-08-21T14:26:16.933356,Okulary BME280,"32.87,65.06,29.98,82.35,30.90,81.58,29.46,42.66",32.87,65.06,29.98,82.35,30.90,81.58,29.46,42.66,true,0
session_20260821_142610_P001,56,6146,2026-08-21T14:26:17.087300,Okulary BME280,"32.87,65.07,29.98,82.52,30.93,81.54,29.47,42.68",32.87,65.07,29.98,82.52,30.93,81.54,29.47,42.68,true,0
session_20260821_142610_P001,57,6212,2026-08-21T14:26:17.153975,Okulary BME280,"32.87,65.11,29.98,82.69,30.90,81.48,29.47,42.70",32.87,65.11,29.98,82.69,30.90,81.48,29.47,42.70,true,0
session_20260821_142610_P001,58,6302,2026-08-21T14:26:17.243455,Okulary BME280,"32.87,65.11,29.97,82.82,30.84,81.36,29.47,42.73",32.87,65.11,29.97,82.82,30.84,81.36,29.47,42.73,true,0
session_20260821_142610_P001,59,6450,2026-08-21T14:26:17.392006,Okulary BME280,"32.87,65.18,29.96,82.85,30.76,81.10,29.48,42.70",32.87,65.18,29.96,82.85,30.76,81.10,29.48,42.70,true,0
session_20260821_142610_P001,60,6536,2026-08-21T14:26:17.477781,Okulary BME280,"32.87,65.16,29.95,82.69,30.62,80.75,29.48,42.71",32.87,65.16,29.95,82.69,30.62,80.75,29.48,42.71,true,0
session_20260821_142610_P001,61,6683,2026-08-21T14:26:17.624720,Okulary BME280,"32.87,65.17,29.90,82.45,30.44,80.39,29.49,42.71",32.87,65.17,29.90,82.45,30.44,80.39,29.49,42.71,true,0
session_20260821_142610_P001,62,6775,2026-08-21T14:26:17.716544,Okulary BME280,"32.86,65.17,29.80,81.95,30.26,80.04,29.48,42.71",32.86,65.17,29.80,81.95,30.26,80.04,29.48,42.71,true,0
session_20260821_142610_P001,63,6890,2026-08-21T14:26:17.831735,Okulary BME280,"32.86,65.17,29.75,81.65,30.09,79.70,29.48,42.72",32.86,65.17,29.75,81.65,30.09,79.70,29.48,42.72,true,0
session_20260821_142610_P001,64,6976,2026-08-21T14:26:17.917545,Okulary BME280,"32.87,65.17,29.73,81.35,29.94,79.36,29.48,42.73",32.87,65.17,29.73,81.35,29.94,79.36,29.48,42.73,true,0
session_20260821_142610_P001,65,7068,2026-08-21T14:26:18.010155,Okulary BME280,"32.87,65.17,29.70,81.05,29.77,78.77,29.48,42.73",32.87,65.17,29.70,81.05,29.77,78.77,29.48,42.73,true,0
session_20260821_142610_P001,66,7203,2026-08-21T14:26:18.144863,Okulary BME280,"32.87,65.16,29.69,80.75,29.73,78.45,29.48,42.73",32.87,65.16,29.69,80.75,29.73,78.45,29.48,42.73,true,0
session_20260821_142610_P001,67,7292,2026-08-21T14:26:18.233784,Okulary BME280,"32.87,65.17,29.68,80.44,29.71,78.12,29.48,42.72",32.87,65.17,29.68,80.44,29.71,78.12,29.48,42.72,true,0
session_20260821_142610_P001,68,7430,2026-08-21T14:26:18.371278,Okulary BME280,"32.86,65.10,29.67,80.16,29.70,77.83,29.48,42.70",32.86,65.10,29.67,80.16,29.70,77.83,29.48,42.70,true,0
session_20260821_142610_P001,69,7522,2026-08-21T14:26:18.463790,Okulary BME280,"32.86,65.13,29.66,79.86,29.70,77.71,29.48,42.74",32.86,65.13,29.66,79.86,29.70,77.71,29.48,42.74,true,0
session_20260821_142610_P001,70,7609,2026-08-21T14:26:18.551165,Okulary BME280,"32.86,65.12,29.66,79.47,29.72,77.68,29.49,42.74",32.86,65.12,29.66,79.47,29.72,77.68,29.49,42.74,true,0
session_20260821_142610_P001,71,7747,2026-08-21T14:26:18.688977,Okulary BME280,"32.86,65.11,29.67,79.32,29.75,77.67,29.48,42.75",32.86,65.11,29.67,79.32,29.75,77.67,29.48,42.75,true,0
session_20260821_142610_P001,72,7832,2026-08-21T14:26:18.773479,Okulary BME280,"32.86,65.11,29.68,79.19,29.78,77.70,29.48,42.74",32.86,65.11,29.68,79.19,29.78,77.70,29.48,42.74,true,0
session_20260821_142610_P001,73,7969,2026-08-21T14:26:18.910935,Okulary BME280,"32.86,65.11,29.69,79.05,29.81,77.58,29.49,42.75",32.86,65.11,29.69,79.05,29.81,77.58,29.49,42.75,true,0
session_20260821_142610_P001,74,8057,2026-08-21T14:26:18.998500,Okulary BME280,"32.86,65.09,29.71,78.92,29.87,77.51,29.49,42.77",32.86,65.09,29.71,78.92,29.87,77.51,29.49,42.77,true,0
session_20260821_142610_P001,75,8193,2026-08-21T14:26:19.134971,Okulary BME280,"32.86,65.09,29.72,78.78,29.89,77.48,29.49,42.75",32.86,65.09,29.72,78.78,29.89,77.48,29.49,42.75,true,0
session_20260821_142610_P001,76,8284,2026-08-21T14:26:19.225527,Okulary BME280,"32.86,65.03,29.72,78.64,29.90,77.77,29.49,42.70",32.86,65.03,29.72,78.64,29.90,77.77,29.49,42.70,true,0
session_20260821_142610_P001,77,8373,2026-08-21T14:26:19.314388,Okulary BME280,"32.87,65.08,29.73,78.68,29.95,78.39,29.50,42.69",32.87,65.08,29.73,78.68,29.95,78.39,29.50,42.69,true,0
session_20260821_142610_P001,78,8512,2026-08-21T14:26:19.453549,Okulary BME280,"32.87,65.07,29.75,78.88,30.07,78.98,29.50,42.70",32.87,65.07,29.75,78.88,30.07,78.98,29.50,42.70,true,0
session_20260821_142610_P001,79,8612,2026-08-21T14:26:19.553271,Okulary BME280,"32.87,65.07,29.82,79.40,30.23,79.47,29.50,42.70",32.87,65.07,29.82,79.40,30.23,79.47,29.50,42.70,true,0
session_20260821_142610_P001,80,8737,2026-08-21T14:26:19.678296,Okulary BME280,"32.86,65.08,29.87,79.67,30.39,79.93,29.51,42.71",32.86,65.08,29.87,79.67,30.39,79.93,29.51,42.71,true,0
session_20260821_142610_P001,81,8821,2026-08-21T14:26:19.763179,Okulary BME280,"32.86,65.10,29.89,79.94,30.54,80.27,29.51,42.70",32.86,65.10,29.89,79.94,30.54,80.27,29.51,42.70,true,0
session_20260821_142610_P001,82,8958,2026-08-21T14:26:19.899617,Okulary BME280,"32.86,65.11,29.91,80.20,30.77,80.70,29.52,42.68",32.86,65.11,29.91,80.20,30.77,80.70,29.52,42.68,true,0
session_20260821_142610_P001,83,9045,2026-08-21T14:26:19.986812,Okulary BME280,"32.86,65.12,29.92,80.46,30.84,80.85,29.53,42.67",32.86,65.12,29.92,80.46,30.84,80.85,29.53,42.67,true,0
session_20260821_142610_P001,84,9139,2026-08-21T14:26:20.080210,Okulary BME280,"32.86,65.11,29.93,80.71,30.88,80.99,29.53,42.65",32.86,65.11,29.93,80.71,30.88,80.99,29.53,42.65,true,0
session_20260821_142610_P001,85,9272,2026-08-21T14:26:20.213497,Okulary BME280,"32.86,65.18,29.94,80.94,30.91,81.13,29.54,42.65",32.86,65.18,29.94,80.94,30.91,81.13,29.54,42.65,true,0
session_20260821_142610_P001,86,9362,2026-08-21T14:26:20.303573,Okulary BME280,"32.87,65.17,29.96,81.19,30.93,81.22,29.53,42.61",32.87,65.17,29.96,81.19,30.93,81.22,29.53,42.61,true,0
session_20260821_142610_P001,87,9498,2026-08-21T14:26:20.439539,Okulary BME280,"32.86,65.20,29.95,81.42,30.94,81.37,29.53,42.63",32.86,65.20,29.95,81.42,30.94,81.37,29.53,42.63,true,0
session_20260821_142610_P001,88,9593,2026-08-21T14:26:20.534540,Okulary BME280,"32.87,65.22,29.96,81.79,30.96,81.44,29.53,42.63",32.87,65.22,29.96,81.79,30.96,81.44,29.53,42.63,true,0
session_20260821_142610_P001,89,9722,2026-08-21T14:26:20.664120,Okulary BME280,"32.87,65.23,29.96,81.99,30.97,81.54,29.53,42.63",32.87,65.23,29.96,81.99,30.97,81.54,29.53,42.63,true,0
session_20260821_142610_P001,90,9811,2026-08-21T14:26:20.752610,Okulary BME280,"32.87,65.26,29.97,82.18,30.98,81.67,29.53,42.62",32.87,65.26,29.97,82.18,30.98,81.67,29.53,42.62,true,0
session_20260821_142610_P001,91,9906,2026-08-21T14:26:20.847359,Okulary BME280,"32.87,65.27,29.97,82.33,30.97,81.62,29.53,42.62",32.87,65.27,29.97,82.33,30.97,81.62,29.53,42.62,true,0
session_20260821_142610_P001,92,10053,2026-08-21T14:26:20.994682,Okulary BME280,"32.86,65.28,29.98,82.49,30.93,81.65,29.53,42.64",32.86,65.28,29.98,82.49,30.93,81.65,29.53,42.64,true,0
session_20260821_142610_P001,93,10127,2026-08-21T14:26:21.068781,Okulary BME280,"32.87,65.26,29.97,82.65,30.90,81.63,29.53,42.67",32.87,65.26,29.97,82.65,30.90,81.63,29.53,42.67,true,0
session_20260821_142610_P001,94,10262,2026-08-21T14:26:21.204122,Okulary BME280,"32.86,65.33,29.97,82.78,30.86,81.51,29.52,42.65",32.86,65.33,29.97,82.78,30.86,81.51,29.52,42.65,true,0
session_20260821_142610_P001,95,10378,2026-08-21T14:26:21.320075,Okulary BME280,"32.86,65.33,29.97,82.77,30.78,81.13,29.51,42.64",32.86,65.33,29.97,82.77,30.78,81.13,29.51,42.64,true,0
session_20260821_142610_P001,96,10466,2026-08-21T14:26:21.408027,Okulary BME280,"32.85,65.35,29.95,82.38,30.61,80.64,29.48,42.59",32.85,65.35,29.95,82.38,30.61,80.64,29.48,42.59,true,0
session_20260821_142610_P001,97,10576,2026-08-21T14:26:21.517382,Okulary BME280,"32.85,65.37,29.87,82.07,30.40,80.18,29.48,42.60",32.85,65.37,29.87,82.07,30.40,80.18,29.48,42.60,true,0
session_20260821_142610_P001,98,10687,2026-08-21T14:26:21.628838,Okulary BME280,"32.85,65.38,29.81,81.78,30.21,79.75,29.48,42.63",32.85,65.38,29.81,81.78,30.21,79.75,29.48,42.63,true,0
session_20260821_142610_P001,99,10801,2026-08-21T14:26:21.742399,Okulary BME280,"32.85,65.37,29.78,81.46,30.04,79.36,29.48,42.64",32.85,65.37,29.78,81.46,30.04,79.36,29.48,42.64,true,0
session_20260821_142610_P001,100,10891,2026-08-21T14:26:21.833169,Okulary BME280,"32.85,65.37,29.75,81.13,29.79,78.70,29.49,42.63",32.85,65.37,29.75,81.13,29.79,78.70,29.49,42.63,true,0
session_20260821_142610_P001,101,11058,2026-08-21T14:26:22.000028,Okulary BME280,"32.85,65.35,29.71,80.82,29.71,78.37,29.50,42.63",32.85,65.35,29.71,80.82,29.71,78.37,29.50,42.63,true,0
session_20260821_142610_P001,102,11119,2026-08-21T14:26:22.060978,Okulary BME280,"32.85,65.37,29.69,80.48,29.66,78.01,29.50,42.63",32.85,65.37,29.69,80.48,29.66,78.01,29.50,42.63,true,0
session_20260821_142610_P001,103,11205,2026-08-21T14:26:22.146826,Okulary BME280,"32.85,65.29,29.67,80.20,29.63,77.65,29.51,42.65",32.85,65.29,29.67,80.20,29.63,77.65,29.51,42.65,true,0
session_20260821_142610_P001,104,11352,2026-08-21T14:26:22.293344,Okulary BME280,"32.85,65.28,29.64,79.83,29.61,77.28,29.51,42.62",32.85,65.28,29.64,79.83,29.61,77.28,29.51,42.62,true,0
session_20260821_142610_P001,105,11432,2026-08-21T14:26:22.373683,Okulary BME280,"32.85,65.26,29.60,79.23,29.60,76.92,29.52,42.58",32.85,65.26,29.60,79.23,29.60,76.92,29.52,42.58,true,0
session_20260821_142610_P001,106,11584,2026-08-21T14:26:22.525575,Okulary BME280,"32.84,65.22,29.58,78.93,29.58,76.60,29.53,42.56",32.84,65.22,29.58,78.93,29.58,76.60,29.53,42.56,true,0
session_20260821_142610_P001,107,11678,2026-08-21T14:26:22.619671,Okulary BME280,"32.85,65.19,29.56,78.66,29.58,76.22,29.53,42.55",32.85,65.19,29.56,78.66,29.58,76.22,29.53,42.55,true,0
session_20260821_142610_P001,108,11794,2026-08-21T14:26:22.735747,Okulary BME280,"32.84,65.17,29.55,78.38,29.57,75.68,29.53,42.53",32.84,65.17,29.55,78.38,29.57,75.68,29.53,42.53,true,0
session_20260821_142610_P001,109,11883,2026-08-21T14:26:22.825179,Okulary BME280,"32.84,65.12,29.54,78.09,29.58,75.51,29.53,42.51",32.84,65.12,29.54,78.09,29.58,75.51,29.53,42.51,true,0
session_20260821_142610_P001,110,11998,2026-08-21T14:26:22.940052,Okulary BME280,"32.84,65.11,29.53,77.83,29.59,75.25,29.53,42.50",32.84,65.11,29.53,77.83,29.59,75.25,29.53,42.50,true,0
session_20260821_142610_P001,111,12112,2026-08-21T14:26:23.053409,Okulary BME280,"32.84,65.11,29.51,77.67,29.60,75.79,29.53,42.48",32.84,65.11,29.51,77.67,29.60,75.79,29.53,42.48,true,0
session_20260821_142610_P001,112,12197,2026-08-21T14:26:23.138482,Okulary BME280,"32.83,64.98,29.51,77.83,29.67,76.64,29.54,42.45",32.83,64.98,29.51,77.83,29.67,76.64,29.54,42.45,true,0
session_20260821_142610_P001,113,12332,2026-08-21T14:26:23.274205,Okulary BME280,"32.83,64.97,29.53,77.97,29.82,77.42,29.54,42.42",32.83,64.97,29.53,77.97,29.82,77.42,29.54,42.42,true,0
session_20260821_142610_P001,114,12423,2026-08-21T14:26:23.364704,Okulary BME280,"32.84,64.98,29.63,78.60,30.01,78.11,29.55,42.39",32.84,64.98,29.63,78.60,30.01,78.11,29.55,42.39,true,0
session_20260821_142610_P001,115,12513,2026-08-21T14:26:23.454884,Okulary BME280,"32.83,64.99,29.68,78.93,30.21,78.72,29.55,42.37",32.83,64.99,29.68,78.93,30.21,78.72,29.55,42.37,true,0
session_20260821_142610_P001,116,12654,2026-08-21T14:26:23.595207,Okulary BME280,"32.83,65.02,29.73,79.25,30.40,79.17,29.55,42.37",32.83,65.02,29.73,79.25,30.40,79.17,29.55,42.37,true,0
session_20260821_142610_P001,117,12737,2026-08-21T14:26:23.678692,Okulary BME280,"32.84,65.06,29.78,79.60,30.70,79.97,29.55,42.35",32.84,65.06,29.78,79.60,30.70,79.97,29.55,42.35,true,0
session_20260821_142610_P001,118,12875,2026-08-21T14:26:23.816351,Okulary BME280,"32.84,65.10,29.81,79.94,30.83,80.33,29.56,42.33",32.84,65.10,29.81,79.94,30.83,80.33,29.56,42.33,true,0
session_20260821_142610_P001,119,12992,2026-08-21T14:26:23.934064,Okulary BME280,"32.84,65.13,29.86,80.26,30.94,80.60,29.56,42.32",32.84,65.13,29.86,80.26,30.94,80.60,29.56,42.32,true,0
session_20260821_142610_P001,120,13097,2026-08-21T14:26:24.038520,Okulary BME280,"32.84,65.25,29.89,80.58,31.04,80.91,29.56,42.30",32.84,65.25,29.89,80.58,31.04,80.91,29.56,42.30,true,0
session_20260821_142610_P001,121,13201,2026-08-21T14:26:24.143083,Okulary BME280,"32.85,65.31,29.93,80.89,31.13,81.17,29.55,42.32",32.85,65.31,29.93,80.89,31.13,81.17,29.55,42.32,true,0
session_20260821_142610_P001,122,13293,2026-08-21T14:26:24.234803,Okulary BME280,"32.84,65.34,29.95,81.53,31.22,81.37,29.56,42.27",32.84,65.34,29.95,81.53,31.22,81.37,29.56,42.27,true,0
session_20260821_142610_P001,123,13415,2026-08-21T14:26:24.356993,Okulary BME280,"32.84,65.38,30.00,81.78,31.29,81.55,29.56,42.25",32.84,65.38,30.00,81.78,31.29,81.55,29.56,42.25,true,0
session_20260821_142610_P001,124,13510,2026-08-21T14:26:24.451978,Okulary BME280,"32.84,65.43,30.01,82.03,31.35,81.72,29.56,42.23",32.84,65.43,30.01,82.03,31.35,81.72,29.56,42.23,true,0
session_20260821_142610_P001,125,13639,2026-08-21T14:26:24.581077,Okulary BME280,"32.84,65.46,30.02,82.28,31.40,81.85,29.56,42.23",32.84,65.46,30.02,82.28,31.40,81.85,29.56,42.23,true,0
session_20260821_142610_P001,126,13726,2026-08-21T14:26:24.667780,Okulary BME280,"32.84,65.50,30.03,82.51,31.49,81.98,29.57,42.24",32.84,65.50,30.03,82.51,31.49,81.98,29.57,42.24,true,0
session_20260821_142610_P001,127,13887,2026-08-21T14:26:24.828423,Okulary BME280,"32.84,65.54,30.03,82.71,31.51,82.10,29.57,42.23",32.84,65.54,30.03,82.71,31.51,82.10,29.57,42.23,true,0
session_20260821_142610_P001,128,13954,2026-08-21T14:26:24.895262,Okulary BME280,"32.84,65.54,30.03,82.92,31.54,82.19,29.58,42.21",32.84,65.54,30.03,82.92,31.54,82.19,29.58,42.21,true,0
session_20260821_142610_P001,129,14045,2026-08-21T14:26:24.986831,Okulary BME280,"32.84,65.58,30.04,83.13,31.56,82.23,29.58,42.18",32.84,65.58,30.04,83.13,31.56,82.23,29.58,42.18,true,0
session_20260821_142610_P001,130,14205,2026-08-21T14:26:25.146954,Okulary BME280,"32.85,65.59,30.04,83.24,31.58,82.04,29.58,42.16",32.85,65.59,30.04,83.24,31.58,82.04,29.58,42.16,true,0
session_20260821_142610_P001,131,14276,2026-08-21T14:26:25.217583,Okulary BME280,"32.84,65.59,30.00,83.09,31.52,81.57,29.58,42.10",32.84,65.59,30.00,83.09,31.52,81.57,29.58,42.10,true,0
session_20260821_142610_P001,132,14403,2026-08-21T14:26:25.344428,Okulary BME280,"32.84,65.59,29.93,82.84,31.32,80.97,29.58,42.10",32.84,65.59,29.93,82.84,31.32,80.97,29.58,42.10,true,0
session_20260821_142610_P001,133,14512,2026-08-21T14:26:25.454167,Okulary BME280,"32.84,65.56,29.85,82.56,30.99,80.48,29.58,42.08",32.84,65.56,29.85,82.56,30.99,80.48,29.58,42.08,true,0
session_20260821_142610_P001,134,14626,2026-08-21T14:26:25.568079,Okulary BME280,"32.84,65.53,29.77,82.26,30.62,79.71,29.58,42.07",32.84,65.53,29.77,82.26,30.62,79.71,29.58,42.07,true,0
session_20260821_142610_P001,135,14717,2026-08-21T14:26:25.658834,Okulary BME280,"32.84,65.50,29.71,81.95,30.01,79.47,29.58,42.04",32.84,65.50,29.71,81.95,30.01,79.47,29.58,42.04,true,0
session_20260821_142610_P001,136,14829,2026-08-21T14:26:25.770773,Okulary BME280,"32.84,65.48,29.67,81.62,29.81,79.22,29.58,42.05",32.84,65.48,29.67,81.62,29.81,79.22,29.58,42.05,true,0
session_20260821_142610_P001,137,14941,2026-08-21T14:26:25.882962,Okulary BME280,"32.84,65.41,29.62,81.31,29.66,78.95,29.58,42.03",32.84,65.41,29.62,81.31,29.66,78.95,29.58,42.03,true,0
session_20260821_142610_P001,138,15030,2026-08-21T14:26:25.971969,Okulary BME280,"32.83,65.34,29.59,80.97,29.55,78.66,29.59,42.02",32.83,65.34,29.59,80.97,29.55,78.66,29.59,42.02,true,0
session_20260821_142610_P001,139,15192,2026-08-21T14:26:26.133470,Okulary BME280,"32.83,65.30,29.57,80.70,29.49,78.37,29.59,42.01",32.83,65.30,29.57,80.70,29.49,78.37,29.59,42.01,true,0
session_20260821_142610_P001,140,15257,2026-08-21T14:26:26.198858,Okulary BME280,"32.83,65.25,29.53,80.08,29.45,78.13,29.59,41.95",32.83,65.25,29.53,80.08,29.45,78.13,29.59,41.95,true,0
session_20260821_142610_P001,141,15373,2026-08-21T14:26:26.315087,Okulary BME280,"32.83,65.21,29.51,79.96,29.44,78.02,29.59,41.94",32.83,65.21,29.51,79.96,29.44,78.02,29.59,41.94,true,0
session_20260821_142610_P001,142,15498,2026-08-21T14:26:26.439303,Okulary BME280,"32.83,65.18,29.52,80.05,29.47,78.59,29.59,41.92",32.83,65.18,29.52,80.05,29.47,78.59,29.59,41.92,true,0
session_20260821_142610_P001,143,15601,2026-08-21T14:26:26.542514,Okulary BME280,"32.82,65.14,29.55,80.23,29.78,79.86,29.59,41.90",32.82,65.14,29.55,80.23,29.78,79.86,29.59,41.90,true,0
session_20260821_142610_P001,144,15708,2026-08-21T14:26:26.649350,Okulary BME280,"32.83,65.12,29.60,80.45,30.01,80.34,29.59,41.88",32.83,65.12,29.60,80.45,30.01,80.34,29.59,41.88,true,0
session_20260821_142610_P001,145,15810,2026-08-21T14:26:26.752182,Okulary BME280,"32.82,65.13,29.66,80.71,30.24,80.73,29.58,41.87",32.82,65.13,29.66,80.71,30.24,80.73,29.58,41.87,true,0
session_20260821_142610_P001,146,15931,2026-08-21T14:26:26.872208,Okulary BME280,"32.83,65.18,29.71,80.97,30.45,81.07,29.59,41.85",32.83,65.18,29.71,80.97,30.45,81.07,29.59,41.85,true,0
session_20260821_142610_P001,147,16026,2026-08-21T14:26:26.967747,Okulary BME280,"32.83,65.20,29.76,81.30,30.62,81.37,29.59,41.83",32.83,65.20,29.76,81.30,30.62,81.37,29.59,41.83,true,0
session_20260821_142610_P001,148,16112,2026-08-21T14:26:27.053260,Okulary BME280,"32.83,65.25,29.81,81.54,30.78,81.63,29.59,41.86",32.83,65.25,29.81,81.54,30.78,81.63,29.59,41.86,true,0
session_20260821_142610_P001,149,16265,2026-08-21T14:26:27.206812,Okulary BME280,"32.83,65.28,29.89,82.07,30.91,81.82,29.59,41.81",32.83,65.28,29.89,82.07,30.91,81.82,29.59,41.81,true,0
session_20260821_142610_P001,150,16351,2026-08-21T14:26:27.292315,Okulary BME280,"32.83,65.33,29.92,82.33,31.02,82.03,29.59,41.83",32.83,65.33,29.92,82.33,31.02,82.03,29.59,41.83,true,0
session_20260821_142610_P001,151,16495,2026-08-21T14:26:27.437079,Okulary BME280,"32.83,65.38,29.96,82.58,31.11,82.18,29.60,41.81",32.83,65.38,29.96,82.58,31.11,82.18,29.60,41.81,true,0
session_20260821_142610_P001,152,16589,2026-08-21T14:26:27.531184,Okulary BME280,"32.83,65.41,29.98,82.78,31.27,82.21,29.60,41.82",32.83,65.41,29.98,82.78,31.27,82.21,29.60,41.82,true,0
session_20260821_142610_P001,153,16697,2026-08-21T14:26:27.638365,Okulary BME280,"32.83,65.45,29.99,82.78,31.27,81.72,29.60,41.83",32.83,65.45,29.99,82.78,31.27,81.72,29.60,41.83,true,0
session_20260821_142610_P001,154,16805,2026-08-21T14:26:27.746792,Okulary BME280,"32.83,65.40,29.96,82.65,31.06,81.13,29.60,41.82",32.83,65.40,29.96,82.65,31.06,81.13,29.60,41.82,true,0
session_20260821_142610_P001,155,16895,2026-08-21T14:26:27.836901,Okulary BME280,"32.83,65.49,29.89,82.44,30.76,80.69,29.61,41.82",32.83,65.49,29.89,82.44,30.76,80.69,29.61,41.82,true,0
session_20260821_142610_P001,156,17010,2026-08-21T14:26:27.952111,Okulary BME280,"32.82,65.46,29.81,82.20,30.45,80.37,29.60,41.81",32.82,65.46,29.81,82.20,30.45,80.37,29.60,41.81,true,0
session_20260821_142610_P001,157,17107,2026-08-21T14:26:28.048658,Okulary BME280,"32.83,65.45,29.67,81.60,30.20,80.06,29.61,41.81",32.83,65.45,29.67,81.60,30.20,80.06,29.61,41.81,true,0
session_20260821_142610_P001,158,17237,2026-08-21T14:26:28.178331,Okulary BME280,"32.83,65.42,29.63,81.31,29.99,79.77,29.61,41.80",32.83,65.42,29.63,81.31,29.99,79.77,29.61,41.80,true,0
session_20260821_142610_P001,159,17333,2026-08-21T14:26:28.274906,Okulary BME280,"32.83,65.39,29.59,81.01,29.85,79.41,29.60,41.81",32.83,65.39,29.59,81.01,29.85,79.41,29.60,41.81,true,0
session_20260821_142610_P001,160,17434,2026-08-21T14:26:28.375717,Okulary BME280,"32.82,65.35,29.56,80.71,29.75,78.87,29.61,41.81",32.82,65.35,29.56,80.71,29.75,78.87,29.61,41.81,true,0
session_20260821_142610_P001,161,17551,2026-08-21T14:26:28.493067,Okulary BME280,"32.82,65.31,29.54,80.41,29.64,78.54,29.61,41.80",32.82,65.31,29.54,80.41,29.64,78.54,29.61,41.80,true,0
session_20260821_142610_P001,162,17653,2026-08-21T14:26:28.594438,Okulary BME280,"32.82,65.34,29.52,80.12,29.61,78.20,29.61,41.79",32.82,65.34,29.52,80.12,29.61,78.20,29.61,41.79,true,0
session_20260821_142610_P001,163,17787,2026-08-21T14:26:28.728685,Okulary BME280,"32.82,65.31,29.51,79.83,29.61,77.83,29.61,41.80",32.82,65.31,29.51,79.83,29.61,77.83,29.61,41.80,true,0
session_20260821_142610_P001,164,17867,2026-08-21T14:26:28.808854,Okulary BME280,"32.82,65.17,29.50,79.58,29.60,77.49,29.61,41.79",32.82,65.17,29.50,79.58,29.60,77.49,29.61,41.79,true,0
session_20260821_142610_P001,165,18003,2026-08-21T14:26:28.944788,Okulary BME280,"32.82,65.13,29.48,79.26,29.60,77.14,29.61,41.79",32.82,65.13,29.48,79.26,29.60,77.14,29.61,41.79,true,0
session_20260821_142610_P001,166,18109,2026-08-21T14:26:29.050746,Okulary BME280,"32.82,65.08,29.46,78.75,29.60,76.82,29.61,41.77",32.82,65.08,29.46,78.75,29.60,76.82,29.61,41.77,true,0
session_20260821_142610_P001,167,18204,2026-08-21T14:26:29.146202,Okulary BME280,"32.81,65.05,29.45,78.69,29.60,76.92,29.61,41.77",32.81,65.05,29.45,78.69,29.60,76.92,29.61,41.77,true,0
session_20260821_142610_P001,168,18316,2026-08-21T14:26:29.258024,Okulary BME280,"32.82,65.03,29.46,78.79,29.64,77.80,29.61,41.77",32.82,65.03,29.46,78.79,29.64,77.80,29.61,41.77,true,0
session_20260821_142610_P001,169,18410,2026-08-21T14:26:29.351895,Okulary BME280,"32.81,65.01,29.49,79.00,29.97,79.20,29.61,41.77",32.81,65.01,29.49,79.00,29.97,79.20,29.61,41.77,true,0
session_20260821_142610_P001,170,18542,2026-08-21T14:26:29.483695,Okulary BME280,"32.81,64.99,29.54,79.24,30.19,79.78,29.61,41.77",32.81,64.99,29.54,79.24,30.19,79.78,29.61,41.77,true,0
session_20260821_142610_P001,171,18642,2026-08-21T14:26:29.583670,Okulary BME280,"32.81,65.00,29.59,79.52,30.40,80.28,29.61,41.75",32.81,65.00,29.59,79.52,30.40,80.28,29.61,41.75,true,0
session_20260821_142610_P001,172,18789,2026-08-21T14:26:29.731086,Okulary BME280,"32.82,65.09,29.63,79.80,30.59,80.71,29.62,41.75",32.82,65.09,29.63,79.80,30.59,80.71,29.62,41.75,true,0
session_20260821_142610_P001,173,18872,2026-08-21T14:26:29.813593,Okulary BME280,"32.82,65.13,29.67,80.09,30.76,81.08,29.62,41.73",32.82,65.13,29.67,80.09,30.76,81.08,29.62,41.73,true,0
session_20260821_142610_P001,174,18960,2026-08-21T14:26:29.901891,Okulary BME280,"32.82,65.16,29.71,80.67,30.90,81.40,29.62,41.72",32.82,65.16,29.71,80.67,30.90,81.40,29.62,41.72,true,0
session_20260821_142610_P001,175,19097,2026-08-21T14:26:30.038389,Okulary BME280,"32.82,65.20,29.78,81.00,31.02,81.66,29.62,41.70",32.82,65.20,29.78,81.00,31.02,81.66,29.62,41.70,true,0
session_20260821_142610_P001,176,19184,2026-08-21T14:26:30.125689,Okulary BME280,"32.82,65.25,29.81,81.28,31.14,81.88,29.62,41.72",32.82,65.25,29.81,81.28,31.14,81.88,29.62,41.72,true,0
session_20260821_142610_P001,177,19306,2026-08-21T14:26:30.247815,Okulary BME280,"32.82,65.29,29.84,81.58,31.23,82.01,29.63,41.67",32.82,65.29,29.84,81.58,31.23,82.01,29.63,41.67,true,0
session_20260821_142610_P001,178,19410,2026-08-21T14:26:30.352160,Okulary BME280,"32.82,65.33,29.87,81.83,31.38,82.33,29.62,41.67",32.82,65.33,29.87,81.83,31.38,82.33,29.62,41.67,true,0
session_20260821_142610_P001,179,19535,2026-08-21T14:26:30.476239,Okulary BME280,"32.82,65.42,29.89,82.07,31.44,82.35,29.62,41.69",32.82,65.42,29.89,82.07,31.44,82.35,29.62,41.69,true,0
session_20260821_142610_P001,180,19629,2026-08-21T14:26:30.570793,Okulary BME280,"32.82,65.40,29.90,82.28,31.47,82.14,29.62,41.67",32.82,65.40,29.90,82.28,31.47,82.14,29.62,41.67,true,0
session_20260821_142610_P001,181,19712,2026-08-21T14:26:30.653741,Okulary BME280,"32.82,65.46,29.89,82.26,31.40,81.61,29.63,41.66",32.82,65.46,29.89,82.26,31.40,81.61,29.63,41.66,true,0
session_20260821_142610_P001,182,19853,2026-08-21T14:26:30.794379,Okulary BME280,"32.82,65.47,29.86,82.14,31.14,81.02,29.63,41.65",32.82,65.47,29.86,82.14,31.14,81.02,29.63,41.65,true,0
session_20260821_142610_P001,183,19946,2026-08-21T14:26:30.887697,Okulary BME280,"32.82,65.47,29.72,81.65,30.80,80.55,29.63,41.64",32.82,65.47,29.72,81.65,30.80,80.55,29.63,41.64,true,0
session_20260821_142610_P001,184,20076,2026-08-21T14:26:31.017677,Okulary BME280,"32.82,65.46,29.65,81.38,30.47,80.10,29.62,41.65",32.82,65.46,29.65,81.38,30.47,80.10,29.62,41.65,true,0
session_20260821_142610_P001,185,20186,2026-08-21T14:26:31.127870,Okulary BME280,"32.82,65.44,29.60,81.10,30.19,79.73,29.63,41.64",32.82,65.44,29.60,81.10,30.19,79.73,29.63,41.64,true,0
session_20260821_142610_P001,186,20264,2026-08-21T14:26:31.205250,Okulary BME280,"32.82,65.40,29.56,80.81,29.96,79.38,29.62,41.63",32.82,65.40,29.56,80.81,29.96,79.38,29.62,41.63,true,0
session_20260821_142610_P001,187,20403,2026-08-21T14:26:31.344787,Okulary BME280,"32.82,65.38,29.53,80.53,29.69,78.86,29.62,41.63",32.82,65.38,29.53,80.53,29.69,78.86,29.62,41.63,true,0
session_20260821_142610_P001,188,20476,2026-08-21T14:26:31.418125,Okulary BME280,"32.81,65.31,29.50,80.24,29.62,78.56,29.63,41.63",32.81,65.31,29.50,80.24,29.62,78.56,29.63,41.63,true,0
session_20260821_142610_P001,189,20624,2026-08-21T14:26:31.566036,Okulary BME280,"32.82,65.33,29.48,79.95,29.58,78.24,29.63,41.62",32.82,65.33,29.48,79.95,29.58,78.24,29.63,41.62,true,0
session_20260821_142610_P001,190,20705,2026-08-21T14:26:31.646620,Okulary BME280,"32.81,65.24,29.47,79.67,29.55,77.91,29.63,41.62",32.81,65.24,29.47,79.67,29.55,77.91,29.63,41.62,true,0
session_20260821_142610_P001,191,20838,2026-08-21T14:26:31.779282,Okulary BME280,"32.81,65.20,29.46,79.41,29.54,77.59,29.63,41.63",32.81,65.20,29.46,79.41,29.54,77.59,29.63,41.63,true,0
session_20260821_142610_P001,192,20931,2026-08-21T14:26:31.872470,Okulary BME280,"32.81,65.18,29.44,79.00,29.55,77.46,29.63,41.62",32.81,65.18,29.44,79.00,29.55,77.46,29.63,41.62,true,0
session_20260821_142610_P001,193,21028,2026-08-21T14:26:31.969489,Okulary BME280,"32.81,65.15,29.45,79.11,29.58,78.11,29.63,41.59",32.81,65.15,29.45,79.11,29.58,78.11,29.63,41.59,true,0
session_20260821_142610_P001,194,21157,2026-08-21T14:26:32.098497,Okulary BME280,"32.80,65.12,29.48,79.32,29.70,78.93,29.63,41.62",32.80,65.12,29.48,79.32,29.70,78.93,29.63,41.62,true,0
session_20260821_142610_P001,195,21245,2026-08-21T14:26:32.186369,Okulary BME280,"32.81,65.14,29.53,79.57,30.13,80.15,29.63,41.61",32.81,65.14,29.53,79.57,30.13,80.15,29.63,41.61,true,0
session_20260821_142610_P001,196,21377,2026-08-21T14:26:32.318357,Okulary BME280,"32.81,65.12,29.58,79.86,30.36,80.62,29.63,41.59",32.81,65.12,29.58,79.86,30.36,80.62,29.63,41.59,true,0
session_20260821_142610_P001,197,21492,2026-08-21T14:26:32.434070,Okulary BME280,"32.81,65.16,29.63,80.17,30.56,81.01,29.63,41.59",32.81,65.16,29.63,80.17,30.56,81.01,29.63,41.59,true,0
session_20260821_142610_P001,198,21630,2026-08-21T14:26:32.571474,Okulary BME280,"32.81,65.28,29.69,80.47,30.73,81.34,29.64,41.59",32.81,65.28,29.69,80.47,30.73,81.34,29.64,41.59,true,0
session_20260821_142610_P001,199,21701,2026-08-21T14:26:32.642831,Okulary BME280,"32.82,65.33,29.73,80.79,30.88,81.64,29.63,41.58",32.82,65.33,29.73,80.79,30.88,81.64,29.63,41.58,true,0
session_20260821_142610_P001,200,21801,2026-08-21T14:26:32.742269,Okulary BME280,"32.81,65.39,29.78,81.34,31.00,81.89,29.64,41.59",32.81,65.39,29.78,81.34,31.00,81.89,29.64,41.59,true,0
session_20260821_142610_P001,201,21920,2026-08-21T14:26:32.861891,Okulary BME280,"32.82,65.44,29.85,81.65,31.12,82.07,29.64,41.61",32.82,65.44,29.85,81.65,31.12,82.07,29.64,41.61,true,0
session_20260821_142610_P001,202,22028,2026-08-21T14:26:32.969252,Okulary BME280,"32.82,65.49,29.88,81.93,31.21,82.19,29.64,41.61",32.82,65.49,29.88,81.93,31.21,82.19,29.64,41.61,true,0
session_20260821_142610_P001,203,22142,2026-08-21T14:26:33.083234,Okulary BME280,"32.82,65.54,29.89,82.18,31.29,82.36,29.64,41.57",32.82,65.54,29.89,82.18,31.29,82.36,29.64,41.57,true,0
session_20260821_142610_P001,204,22237,2026-08-21T14:26:33.178656,Okulary BME280,"32.82,65.56,29.90,82.40,31.43,82.62,29.65,41.58",32.82,65.56,29.90,82.40,31.43,82.62,29.65,41.58,true,0
session_20260821_142610_P001,205,22326,2026-08-21T14:26:33.268195,Okulary BME280,"32.82,65.58,29.91,82.62,31.48,82.59,29.64,41.58",32.82,65.58,29.91,82.62,31.48,82.59,29.64,41.58,true,0
session_20260821_142610_P001,206,22462,2026-08-21T14:26:33.403817,Okulary BME280,"32.82,65.68,29.92,82.77,31.50,82.30,29.64,41.58",32.82,65.68,29.92,82.77,31.50,82.30,29.64,41.58,true,0
session_20260821_142610_P001,207,22549,2026-08-21T14:26:33.490889,Okulary BME280,"32.82,65.65,29.91,82.72,31.38,81.69,29.65,41.58",32.82,65.65,29.91,82.72,31.38,81.69,29.65,41.58,true,0
session_20260821_142610_P001,208,22680,2026-08-21T14:26:33.622146,Okulary BME280,"32.82,65.66,29.86,82.56,31.09,81.12,29.65,41.58",32.82,65.66,29.86,82.56,31.09,81.12,29.65,41.58,true,0
session_20260821_142610_P001,209,22788,2026-08-21T14:26:33.730158,Okulary BME280,"32.82,65.65,29.71,82.06,30.75,80.69,29.65,41.57",32.82,65.65,29.71,82.06,30.75,80.69,29.65,41.57,true,0
session_20260821_142610_P001,210,22929,2026-08-21T14:26:33.871041,Okulary BME280,"32.81,65.63,29.65,81.79,30.44,80.34,29.65,41.56",32.81,65.63,29.65,81.79,30.44,80.34,29.65,41.56,true,0
session_20260821_142610_P001,211,23001,2026-08-21T14:26:33.942455,Okulary BME280,"32.82,65.62,29.59,81.50,30.19,80.00,29.65,41.56",32.82,65.62,29.59,81.50,30.19,80.00,29.65,41.56,true,0
session_20260821_142610_P001,212,23113,2026-08-21T14:26:34.054742,Okulary BME280,"32.81,65.60,29.56,81.21,29.97,79.73,29.65,41.56",32.81,65.60,29.56,81.21,29.97,79.73,29.65,41.56,true,0
session_20260821_142610_P001,213,23230,2026-08-21T14:26:34.171440,Okulary BME280,"32.81,65.57,29.52,80.90,29.73,79.21,29.65,41.56",32.81,65.57,29.52,80.90,29.73,79.21,29.65,41.56,true,0
session_20260821_142610_P001,214,23311,2026-08-21T14:26:34.252480,Okulary BME280,"32.81,65.53,29.50,80.61,29.68,78.94,29.65,41.55",32.81,65.53,29.50,80.61,29.68,78.94,29.65,41.55,true,0
session_20260821_142610_P001,215,23453,2026-08-21T14:26:34.394470,Okulary BME280,"32.81,65.47,29.48,80.32,29.65,78.70,29.65,41.54",32.81,65.47,29.48,80.32,29.65,78.70,29.65,41.54,true,0
session_20260821_142610_P001,216,23539,2026-08-21T14:26:34.480638,Okulary BME280,"32.80,65.43,29.47,80.04,29.63,78.38,29.65,41.53",32.80,65.43,29.47,80.04,29.63,78.38,29.65,41.53,true,0
session_20260821_142610_P001,217,23696,2026-08-21T14:26:34.637552,Okulary BME280,"32.80,65.38,29.46,79.71,29.63,78.03,29.65,41.53",32.80,65.38,29.46,79.71,29.63,78.03,29.65,41.53,true,0
session_20260821_142610_P001,218,23774,2026-08-21T14:26:34.715667,Okulary BME280,"32.80,65.35,29.45,79.21,29.63,77.70,29.65,41.51",32.80,65.35,29.45,79.21,29.63,77.70,29.65,41.51,true,0
session_20260821_142610_P001,219,23854,2026-08-21T14:26:34.795830,Okulary BME280,"32.80,65.31,29.44,79.15,29.63,77.76,29.65,41.51",32.80,65.31,29.44,79.15,29.63,77.76,29.65,41.51,true,0
session_20260821_142610_P001,220,24017,2026-08-21T14:26:34.958681,Okulary BME280,"32.81,65.27,29.45,79.28,29.67,78.52,29.65,41.50",32.81,65.27,29.45,79.28,29.67,78.52,29.65,41.50,true,0
session_20260821_142610_P001,221,24091,2026-08-21T14:26:35.032563,Okulary BME280,"32.80,65.26,29.48,79.48,29.99,79.83,29.65,41.50",32.80,65.26,29.48,79.48,29.99,79.83,29.65,41.50,true,0
session_20260821_142610_P001,222,24213,2026-08-21T14:26:35.154953,Okulary BME280,"32.80,65.31,29.52,79.72,30.22,80.35,29.65,41.48",32.80,65.31,29.52,79.72,30.22,80.35,29.65,41.48,true,0
session_20260821_142610_P001,223,24332,2026-08-21T14:26:35.273994,Okulary BME280,"32.80,65.21,29.58,80.00,30.44,80.79,29.65,41.47",32.80,65.21,29.58,80.00,30.44,80.79,29.65,41.47,true,0
session_20260821_142610_P001,224,24436,2026-08-21T14:26:35.378045,Okulary BME280,"32.80,65.33,29.62,80.29,30.63,81.16,29.65,41.46",32.80,65.33,29.62,80.29,30.63,81.16,29.65,41.46,true,0
session_20260821_142610_P001,225,24529,2026-08-21T14:26:35.470324,Okulary BME280,"32.81,65.36,29.67,80.57,30.79,81.50,29.65,41.45",32.81,65.36,29.67,80.57,30.79,81.50,29.65,41.45,true,0
session_20260821_142610_P001,226,24617,2026-08-21T14:26:35.558631,Okulary BME280,"32.80,65.42,29.74,81.15,30.93,81.78,29.65,41.42",32.80,65.42,29.74,81.15,30.93,81.78,29.65,41.42,true,0
session_20260821_142610_P001,227,24753,2026-08-21T14:26:35.694835,Okulary BME280,"32.80,65.46,29.78,81.44,31.05,82.02,29.65,41.42",32.80,65.46,29.78,81.44,31.05,82.02,29.65,41.42,true,0
session_20260821_142610_P001,228,24840,2026-08-21T14:26:35.782004,Okulary BME280,"32.81,65.50,29.81,81.72,31.16,82.22,29.64,41.41",32.81,65.50,29.81,81.72,31.16,82.22,29.64,41.41,true,0
session_20260821_142610_P001,229,25014,2026-08-21T14:26:35.955790,Okulary BME280,"32.80,65.54,29.83,81.98,31.26,82.45,29.64,41.40",32.80,65.54,29.83,81.98,31.26,82.45,29.64,41.40,true,0
session_20260821_142610_P001,230,25065,2026-08-21T14:26:36.007126,Okulary BME280,"32.80,65.58,29.86,82.24,31.43,82.76,29.64,41.39",32.80,65.58,29.86,82.24,31.43,82.76,29.64,41.39,true,0
session_20260821_142610_P001,231,25159,2026-08-21T14:26:36.101148,Okulary BME280,"32.81,65.63,29.89,82.48,31.51,82.90,29.64,41.38",32.81,65.63,29.89,82.48,31.51,82.90,29.64,41.38,true,0
session_20260821_142610_P001,232,25330,2026-08-21T14:26:36.271649,Okulary BME280,"32.81,65.72,29.90,82.71,31.57,82.89,29.64,41.35",32.81,65.72,29.90,82.71,31.57,82.89,29.64,41.35,true,0
session_20260821_142610_P001,233,25392,2026-08-21T14:26:36.333368,Okulary BME280,"32.81,65.73,29.91,82.85,31.61,82.46,29.64,41.35",32.81,65.73,29.91,82.85,31.61,82.46,29.64,41.35,true,0
session_20260821_142610_P001,234,25529,2026-08-21T14:26:36.470421,Okulary BME280,"32.80,65.76,29.91,82.76,31.48,81.85,29.64,41.35",32.80,65.76,29.91,82.76,31.48,81.85,29.64,41.35,true,0
session_20260821_142610_P001,235,25616,2026-08-21T14:26:36.557656,Okulary BME280,"32.81,65.76,29.78,82.36,31.18,81.29,29.65,41.34",32.81,65.76,29.78,82.36,31.18,81.29,29.65,41.34,true,0
session_20260821_142610_P001,236,25740,2026-08-21T14:26:36.682122,Okulary BME280,"32.81,65.74,29.70,82.09,30.83,80.85,29.65,41.34",32.81,65.74,29.70,82.09,30.83,80.85,29.65,41.34,true,0
session_20260821_142610_P001,237,25836,2026-08-21T14:26:36.777986,Okulary BME280,"32.81,65.73,29.63,81.81,30.50,80.50,29.65,41.33",32.81,65.73,29.63,81.81,30.50,80.50,29.65,41.33,true,0
session_20260821_142610_P001,238,25944,2026-08-21T14:26:36.885442,Okulary BME280,"32.80,65.69,29.58,81.53,30.22,80.15,29.64,41.33",32.80,65.69,29.58,81.53,30.22,80.15,29.64,41.33,true,0
session_20260821_142610_P001,239,26058,2026-08-21T14:26:36.999861,Okulary BME280,"32.80,65.66,29.54,81.21,29.85,79.61,29.64,41.38",32.80,65.66,29.54,81.21,29.85,79.61,29.64,41.38,true,0
session_20260821_142610_P001,240,26146,2026-08-21T14:26:37.087569,Okulary BME280,"32.80,65.63,29.51,80.93,29.74,79.34,29.65,41.35",32.80,65.63,29.51,80.93,29.74,79.34,29.65,41.35,true,0
session_20260821_142610_P001,241,26306,2026-08-21T14:26:37.247576,Okulary BME280,"32.80,65.53,29.49,80.63,29.67,79.05,29.66,41.34",32.80,65.53,29.49,80.63,29.67,79.05,29.66,41.34,true,0
session_20260821_142610_P001,242,26412,2026-08-21T14:26:37.353489,Okulary BME280,"32.80,65.50,29.47,80.36,29.63,78.74,29.65,41.34",32.80,65.50,29.47,80.36,29.63,78.74,29.65,41.34,true,0
session_20260821_142610_P001,243,26523,2026-08-21T14:26:37.464657,Okulary BME280,"32.80,65.45,29.45,80.02,29.60,78.40,29.66,41.33",32.80,65.45,29.45,80.02,29.60,78.40,29.66,41.33,true,0
session_20260821_142610_P001,244,26631,2026-08-21T14:26:37.572630,Okulary BME280,"32.79,65.40,29.43,79.47,29.58,78.07,29.65,41.34",32.79,65.40,29.43,79.47,29.58,78.07,29.65,41.34,true,0
session_20260821_142610_P001,245,26688,2026-08-21T14:26:37.629789,Okulary BME280,"32.79,65.35,29.42,79.20,29.58,77.75,29.65,41.34",32.79,65.35,29.42,79.20,29.58,77.75,29.65,41.34,true,0
session_20260821_142610_P001,246,26821,2026-08-21T14:26:37.762474,Okulary BME280,"32.79,65.31,29.41,79.03,29.58,77.47,29.66,41.33",32.79,65.31,29.41,79.03,29.58,77.47,29.66,41.33,true,0
session_20260821_142610_P001,247,26922,2026-08-21T14:26:37.863556,Okulary BME280,"32.79,65.27,29.41,79.08,29.61,78.08,29.65,41.32",32.79,65.27,29.41,79.08,29.61,78.08,29.65,41.32,true,0
session_20260821_142610_P001,248,27046,2026-08-21T14:26:37.988065,Okulary BME280,"32.79,65.28,29.43,79.25,29.88,79.47,29.66,41.31",32.79,65.28,29.43,79.25,29.88,79.47,29.66,41.31,true,0
session_20260821_142610_P001,249,27140,2026-08-21T14:26:38.081308,Okulary BME280,"32.79,65.17,29.47,79.48,30.11,80.04,29.65,41.32",32.79,65.17,29.47,79.48,30.11,80.04,29.65,41.32,true,0
session_20260821_142610_P001,250,27230,2026-08-21T14:26:38.171882,Okulary BME280,"32.79,65.26,29.52,79.75,30.34,80.53,29.65,41.32",32.79,65.26,29.52,79.75,30.34,80.53,29.65,41.32,true,0
session_20260821_142610_P001,251,27362,2026-08-21T14:26:38.303226,Okulary BME280,"32.79,65.29,29.57,80.00,30.55,80.96,29.65,41.32",32.79,65.29,29.57,80.00,30.55,80.96,29.65,41.32,true,0
session_20260821_142610_P001,252,27455,2026-08-21T14:26:38.396517,Okulary BME280,"32.79,65.33,29.66,80.62,30.73,81.33,29.65,41.32",32.79,65.33,29.66,80.62,30.73,81.33,29.65,41.32,true,0
session_20260821_142610_P001,253,27610,2026-08-21T14:26:38.551734,Okulary BME280,"32.80,65.37,29.70,80.90,30.89,81.65,29.65,41.32",32.80,65.37,29.70,80.90,30.89,81.65,29.65,41.32,true,0
session_20260821_142610_P001,254,27681,2026-08-21T14:26:38.622810,Okulary BME280,"32.80,65.42,29.74,81.20,31.01,81.92,29.66,41.32",32.80,65.42,29.74,81.20,31.01,81.92,29.66,41.32,true,0
session_20260821_142610_P001,255,27827,2026-08-21T14:26:38.768398,Okulary BME280,"32.80,65.47,29.77,81.49,31.13,82.19,29.66,41.32",32.80,65.47,29.77,81.49,31.13,82.19,29.66,41.32,true,0
session_20260821_142610_P001,256,27926,2026-08-21T14:26:38.867747,Okulary BME280,"32.80,65.52,29.80,81.76,31.31,82.53,29.66,41.33",32.80,65.52,29.80,81.76,31.31,82.53,29.66,41.33,true,0
session_20260821_142610_P001,257,27997,2026-08-21T14:26:38.938540,Okulary BME280,"32.80,65.54,29.82,82.01,31.39,82.69,29.66,41.31",32.80,65.54,29.82,82.01,31.39,82.69,29.66,41.31,true,0
session_20260821_142610_P001,258,28141,2026-08-21T14:26:39.082264,Okulary BME280,"32.80,65.58,29.85,82.29,31.48,82.84,29.66,41.29",32.80,65.58,29.85,82.29,31.48,82.84,29.66,41.29,true,0
session_20260821_142610_P001,259,28232,2026-08-21T14:26:39.173513,Okulary BME280,"32.80,65.68,29.88,82.58,31.54,82.98,29.66,41.29",32.80,65.68,29.88,82.58,31.54,82.98,29.66,41.29,true,0
session_20260821_142610_P001,260,28351,2026-08-21T14:26:39.293007,Okulary BME280,"32.80,65.72,29.89,82.75,31.60,83.00,29.66,41.29",32.80,65.72,29.89,82.75,31.60,83.00,29.66,41.29,true,0
session_20260821_142610_P001,261,28444,2026-08-21T14:26:39.385520,Okulary BME280,"32.80,65.74,29.91,83.02,31.64,82.87,29.66,41.29",32.80,65.74,29.91,83.02,31.64,82.87,29.66,41.29,true,0
session_20260821_142610_P001,262,28593,2026-08-21T14:26:39.534831,Okulary BME280,"32.80,65.77,29.88,82.87,31.62,82.39,29.66,41.31",32.80,65.77,29.88,82.87,31.62,82.39,29.66,41.31,true,0
session_20260821_142610_P001,263,28668,2026-08-21T14:26:39.609642,Okulary BME280,"32.80,65.78,29.81,82.66,31.42,81.85,29.66,41.29",32.80,65.78,29.81,82.66,31.42,81.85,29.66,41.29,true,0
session_20260821_142610_P001,264,28765,2026-08-21T14:26:39.706699,Okulary BME280,"32.80,65.78,29.74,82.41,31.09,81.32,29.67,41.29",32.80,65.78,29.74,82.41,31.09,81.32,29.67,41.29,true,0
session_20260821_142610_P001,265,28919,2026-08-21T14:26:39.860760,Okulary BME280,"32.79,65.77,29.67,82.14,30.43,80.59,29.67,41.26",32.79,65.77,29.67,82.14,30.43,80.59,29.67,41.26,true,0
session_20260821_142610_P001,266,28981,2026-08-21T14:26:39.922601,Okulary BME280,"32.79,65.73,29.60,81.84,30.18,80.37,29.67,41.31",32.79,65.73,29.60,81.84,30.18,80.37,29.67,41.31,true,0
session_20260821_142610_P001,267,29117,2026-08-21T14:26:40.058609,Okulary BME280,"32.79,65.69,29.55,81.54,29.97,80.15,29.67,41.31",32.79,65.69,29.55,81.54,29.97,80.15,29.67,41.31,true,0
session_20260821_142610_P001,268,29209,2026-08-21T14:26:40.150273,Okulary BME280,"32.79,65.64,29.51,81.30,29.83,79.87,29.67,41.31",32.79,65.64,29.51,81.30,29.83,79.87,29.67,41.31,true,0
session_20260821_142610_P001,269,29303,2026-08-21T14:26:40.245048,Okulary BME280,"32.79,65.61,29.48,80.90,29.73,79.59,29.67,41.31",32.79,65.61,29.48,80.90,29.73,79.59,29.67,41.31,true,0
session_20260821_142610_P001,270,29431,2026-08-21T14:26:40.373143,Okulary BME280,"32.79,65.56,29.45,80.37,29.66,79.39,29.67,41.30",32.79,65.56,29.45,80.37,29.66,79.39,29.67,41.30,true,0
session_20260821_142610_P001,271,29538,2026-08-21T14:26:40.479654,Okulary BME280,"32.79,65.51,29.43,80.07,29.62,79.10,29.67,41.31",32.79,65.51,29.43,80.07,29.62,79.10,29.67,41.31,true,0
session_20260821_142610_P001,272,29657,2026-08-21T14:26:40.598214,Okulary BME280,"32.79,65.44,29.43,79.78,29.60,78.81,29.67,41.32",32.79,65.44,29.43,79.78,29.60,78.81,29.67,41.32,true,0
session_20260821_142610_P001,273,29749,2026-08-21T14:26:40.691001,Okulary BME280,"32.79,65.37,29.42,79.52,29.59,78.49,29.67,41.32",32.79,65.37,29.42,79.52,29.59,78.49,29.67,41.32,true,0
session_20260821_142610_P001,274,29883,2026-08-21T14:26:40.824308,Okulary BME280,"32.78,65.31,29.41,79.40,29.62,79.14,29.67,41.35",32.78,65.31,29.41,79.40,29.62,79.14,29.67,41.35,true,0
session_20260821_142610_P001,275,29982,2026-08-21T14:26:40.923694,Okulary BME280,"32.78,65.32,29.42,79.51,29.74,79.90,29.67,41.33",32.78,65.32,29.42,79.51,29.74,79.90,29.67,41.33,true,0
session_20260821_142610_P001,276,30073,2026-08-21T14:26:41.014367,Okulary BME280,"32.79,65.23,29.45,79.71,29.96,80.53,29.67,41.30",32.79,65.23,29.45,79.71,29.96,80.53,29.67,41.30,true,0
session_20260821_142610_P001,277,30213,2026-08-21T14:26:41.154548,Okulary BME280,"32.78,65.23,29.49,79.91,30.21,81.08,29.67,41.30",32.78,65.23,29.49,79.91,30.21,81.08,29.67,41.30,true,0
session_20260821_142610_P001,278,30325,2026-08-21T14:26:41.266466,Okulary BME280,"32.78,65.25,29.59,80.43,30.45,81.52,29.67,41.30",32.78,65.25,29.59,80.43,30.45,81.52,29.67,41.30,true,0
session_20260821_142610_P001,279,30450,2026-08-21T14:26:41.391809,Okulary BME280,"32.78,65.27,29.64,80.73,30.67,81.90,29.67,41.31",32.78,65.27,29.64,80.73,30.67,81.90,29.67,41.31,true,0
session_20260821_142610_P001,280,30537,2026-08-21T14:26:41.479172,Okulary BME280,"32.78,65.32,29.68,81.01,30.86,82.22,29.67,41.31",32.78,65.32,29.68,81.01,30.86,82.22,29.67,41.31,true,0
session_20260821_142610_P001,281,30652,2026-08-21T14:26:41.593420,Okulary BME280,"32.78,65.34,29.72,81.29,31.02,82.51,29.67,41.30",32.78,65.34,29.72,81.29,31.02,82.51,29.67,41.30,true,0
session_20260821_142610_P001,282,30775,2026-08-21T14:26:41.716909,Okulary BME280,"32.78,65.41,29.76,81.56,31.16,82.83,29.67,41.30",32.78,65.41,29.76,81.56,31.16,82.83,29.67,41.30,true,0
session_20260821_142610_P001,283,30827,2026-08-21T14:26:41.768618,Okulary BME280,"32.79,65.47,29.78,81.85,31.37,83.03,29.67,41.31",32.79,65.47,29.78,81.85,31.37,83.03,29.67,41.31,true,0
session_20260821_142610_P001,284,30962,2026-08-21T14:26:41.903475,Okulary BME280,"32.79,65.47,29.81,82.10,31.47,83.13,29.67,41.32",32.79,65.47,29.81,82.10,31.47,83.13,29.67,41.32,true,0
session_20260821_142610_P001,285,31051,2026-08-21T14:26:41.993073,Okulary BME280,"32.79,65.54,29.83,82.34,31.54,83.23,29.67,41.30",32.79,65.54,29.83,82.34,31.54,83.23,29.67,41.30,true,0
session_20260821_142610_P001,286,31205,2026-08-21T14:26:42.147202,Okulary BME280,"32.79,65.58,29.85,82.57,31.60,83.24,29.67,41.28",32.79,65.58,29.85,82.57,31.60,83.24,29.67,41.28,true,0
session_20260821_142610_P001,287,31278,2026-08-21T14:26:42.219398,Okulary BME280,"32.79,65.60,29.88,82.85,31.63,83.03,29.67,41.28",32.79,65.60,29.88,82.85,31.63,83.03,29.67,41.28,true,0
session_20260821_142610_P001,288,31430,2026-08-21T14:26:42.371604,Okulary BME280,"32.79,65.62,29.85,82.72,31.57,82.49,29.67,41.27",32.79,65.62,29.85,82.72,31.57,82.49,29.67,41.27,true,0
session_20260821_142610_P001,289,31528,2026-08-21T14:26:42.469823,Okulary BME280,"32.79,65.62,29.79,82.52,31.34,81.88,29.67,41.27",32.79,65.62,29.79,82.52,31.34,81.88,29.67,41.27,true,0
session_20260821_142610_P001,290,31592,2026-08-21T14:26:42.534198,Okulary BME280,"32.79,65.63,29.71,82.29,31.00,81.37,29.67,41.26",32.79,65.63,29.71,82.29,31.00,81.37,29.67,41.26,true,0
session_20260821_142610_P001,291,31757,2026-08-21T14:26:42.699140,Okulary BME280,"32.79,65.59,29.65,82.04,30.36,80.61,29.67,41.26",32.79,65.59,29.65,82.04,30.36,80.61,29.67,41.26,true,0
session_20260821_142610_P001,292,31821,2026-08-21T14:26:42.762342,Okulary BME280,"32.78,65.63,29.60,81.77,30.13,80.30,29.67,41.27",32.78,65.63,29.60,81.77,30.13,80.30,29.67,41.27,true,0
session_20260821_142610_P001,293,31955,2026-08-21T14:26:42.897133,Okulary BME280,"32.78,65.54,29.56,81.48,29.94,80.04,29.67,41.24",32.78,65.54,29.56,81.48,29.94,80.04,29.67,41.24,true,0
session_20260821_142610_P001,294,32048,2026-08-21T14:26:42.990012,Okulary BME280,"32.78,65.51,29.53,81.20,29.81,79.81,29.67,41.26",32.78,65.51,29.53,81.20,29.81,79.81,29.67,41.26,true,0
session_20260821_142610_P001,295,32132,2026-08-21T14:26:43.074180,Okulary BME280,"32.78,65.47,29.50,80.61,29.72,79.58,29.67,41.27",32.78,65.47,29.50,80.61,29.72,79.58,29.67,41.27,true,0
session_20260821_142610_P001,296,32274,2026-08-21T14:26:43.215621,Okulary BME280,"32.78,65.42,29.47,80.33,29.66,79.34,29.67,41.27",32.78,65.42,29.47,80.33,29.66,79.34,29.67,41.27,true,0
session_20260821_142610_P001,297,32355,2026-08-21T14:26:43.297157,Okulary BME280,"32.78,65.37,29.45,80.04,29.62,79.08,29.67,41.26",32.78,65.37,29.45,80.04,29.62,79.08,29.67,41.26,true,0
session_20260821_142610_P001,298,32512,2026-08-21T14:26:43.453769,Okulary BME280,"32.78,65.33,29.44,79.74,29.60,78.74,29.67,41.27",32.78,65.33,29.44,79.74,29.60,78.74,29.67,41.27,true,0
session_20260821_142610_P001,299,32715,2026-08-21T14:26:43.656985,Okulary BME280,"32.78,65.28,29.43,79.64,29.60,78.79,29.67,41.27",32.78,65.28,29.43,79.64,29.60,78.79,29.67,41.27,true,0
session_20260821_142610_P001,300,32717,2026-08-21T14:26:43.658575,Okulary BME280,"32.77,65.23,29.43,79.71,29.75,80.11,29.67,41.26",32.77,65.23,29.43,79.71,29.75,80.11,29.67,41.26,true,0
session_20260821_142610_P001,301,32811,2026-08-21T14:26:43.753135,Okulary BME280,"32.77,65.19,29.45,79.88,29.95,80.69,29.67,41.24",32.77,65.19,29.45,79.88,29.95,80.69,29.67,41.24,true,0
session_20260821_142610_P001,302,32927,2026-08-21T14:26:43.868232,Okulary BME280,"32.77,65.21,29.50,80.11,30.19,81.17,29.67,41.28",32.77,65.21,29.50,80.11,30.19,81.17,29.67,41.28,true,0
session_20260821_142610_P001,303,33058,2026-08-21T14:26:43.999519,Okulary BME280,"32.77,65.21,29.54,80.34,30.42,81.62,29.67,41.21",32.77,65.21,29.54,80.34,30.42,81.62,29.67,41.21,true,0
session_20260821_142610_P001,304,33137,2026-08-21T14:26:44.078552,Okulary BME280,"32.78,65.23,29.63,80.87,30.63,81.98,29.67,41.23",32.78,65.23,29.63,80.87,30.63,81.98,29.67,41.23,true,0
session_20260821_142610_P001,305,33279,2026-08-21T14:26:44.220887,Okulary BME280,"32.77,65.28,29.68,81.16,30.81,82.31,29.67,41.23",32.77,65.28,29.68,81.16,30.81,82.31,29.67,41.23,true,0
session_20260821_142610_P001,306,33347,2026-08-21T14:26:44.288699,Okulary BME280,"32.78,65.31,29.72,81.43,30.97,82.53,29.67,41.23",32.78,65.31,29.72,81.43,30.97,82.53,29.67,41.23,true,0
session_20260821_142610_P001,307,33484,2026-08-21T14:26:44.425501,Okulary BME280,"32.78,65.36,29.76,81.71,31.11,82.75,29.67,41.21",32.78,65.36,29.76,81.71,31.11,82.75,29.67,41.21,true,0
session_20260821_142610_P001,308,33573,2026-08-21T14:26:44.514297,Okulary BME280,"32.78,65.41,29.78,81.97,31.22,82.89,29.67,41.20",32.78,65.41,29.78,81.97,31.22,82.89,29.67,41.20,true,0
session_20260821_142610_P001,309,33665,2026-08-21T14:26:44.606701,Okulary BME280,"32.78,65.43,29.81,82.22,31.40,83.18,29.67,41.20",32.78,65.43,29.81,82.22,31.40,83.18,29.67,41.20,true,0
session_20260821_142610_P001,310,33810,2026-08-21T14:26:44.752165,Okulary BME280,"32.78,65.47,29.83,82.47,31.48,83.29,29.67,41.23",32.78,65.47,29.83,82.47,31.48,83.29,29.67,41.23,true,0
session_20260821_142610_P001,311,33887,2026-08-21T14:26:44.828935,Okulary BME280,"32.78,65.55,29.86,82.70,31.53,83.35,29.68,41.21",32.78,65.55,29.86,82.70,31.53,83.35,29.68,41.21,true,0
session_20260821_142610_P001,312,34041,2026-08-21T14:26:44.982533,Okulary BME280,"32.78,65.57,29.87,82.92,31.58,83.37,29.68,41.18",32.78,65.57,29.87,82.92,31.58,83.37,29.68,41.18,true,0
session_20260821_142610_P001,313,34130,2026-08-21T14:26:45.071348,Okulary BME280,"32.78,65.59,29.89,83.20,31.60,83.22,29.68,41.17",32.78,65.59,29.89,83.20,31.60,83.22,29.68,41.17,true,0
session_20260821_142610_P001,314,34219,2026-08-21T14:26:45.160242,Okulary BME280,"32.78,65.60,29.87,83.08,31.56,82.64,29.67,41.17",32.78,65.60,29.87,83.08,31.56,82.64,29.67,41.17,true,0
session_20260821_142610_P001,315,34365,2026-08-21T14:26:45.306574,Okulary BME280,"32.78,65.58,29.81,82.87,31.34,81.95,29.67,41.16",32.78,65.58,29.81,82.87,31.34,81.95,29.67,41.16,true,0
session_20260821_142610_P001,316,34437,2026-08-21T14:26:45.379101,Okulary BME280,"32.77,65.58,29.74,82.63,31.01,81.32,29.67,41.16",32.77,65.58,29.74,82.63,31.01,81.32,29.67,41.16,true,0
session_20260821_142610_P001,317,34563,2026-08-21T14:26:45.504340,Okulary BME280,"32.78,65.53,29.67,82.35,30.36,80.59,29.67,41.16",32.78,65.53,29.67,82.35,30.36,80.59,29.67,41.16,true,0
session_20260821_142610_P001,318,34654,2026-08-21T14:26:45.595421,Okulary BME280,"32.77,65.55,29.61,82.08,30.12,80.33,29.67,41.16",32.77,65.55,29.61,82.08,30.12,80.33,29.67,41.16,true,0
session_20260821_142610_P001,319,34787,2026-08-21T14:26:45.729076,Okulary BME280,"32.77,65.47,29.56,81.79,29.94,80.08,29.67,41.16",32.77,65.47,29.56,81.79,29.94,80.08,29.67,41.16,true,0
session_20260821_142610_P001,320,34885,2026-08-21T14:26:45.826237,Okulary BME280,"32.77,65.42,29.52,81.45,29.81,79.88,29.67,41.16",32.77,65.42,29.52,81.45,29.81,79.88,29.67,41.16,true,0
session_20260821_142610_P001,321,34968,2026-08-21T14:26:45.909900,Okulary BME280,"32.77,65.37,29.48,80.88,29.72,79.63,29.68,41.16",32.77,65.37,29.48,80.88,29.72,79.63,29.68,41.16,true,0
session_20260821_142610_P001,322,35103,2026-08-21T14:26:46.044641,Okulary BME280,"32.76,65.32,29.46,80.59,29.67,79.37,29.67,41.17",32.76,65.32,29.46,80.59,29.67,79.37,29.67,41.17,true,0
session_20260821_142610_P001,323,35198,2026-08-21T14:26:46.140147,Okulary BME280,"32.76,65.27,29.45,80.31,29.63,79.11,29.68,41.16",32.76,65.27,29.45,80.31,29.63,79.11,29.68,41.16,true,0
session_20260821_142610_P001,324,35357,2026-08-21T14:26:46.298847,Okulary BME280,"32.76,65.21,29.44,80.01,29.61,78.77,29.67,41.16",32.76,65.21,29.44,80.01,29.61,78.77,29.67,41.16,true,0
session_20260821_142610_P001,325,35415,2026-08-21T14:26:46.357184,Okulary BME280,"32.76,65.16,29.43,79.73,29.61,78.51,29.68,41.14",32.76,65.16,29.43,79.73,29.61,78.51,29.68,41.14,true,0
session_20260821_142610_P001,326,35584,2026-08-21T14:26:46.525689,Okulary BME280,"32.76,65.07,29.42,79.45,29.62,77.86,29.67,41.13",32.76,65.07,29.42,79.45,29.62,77.86,29.67,41.13,true,0
session_20260821_142610_P001,327,35642,2026-08-21T14:26:46.583459,Okulary BME280,"32.76,65.05,29.41,79.19,29.63,77.86,29.68,41.13",32.76,65.05,29.41,79.19,29.63,77.86,29.68,41.13,true,0
session_20260821_142610_P001,328,35753,2026-08-21T14:26:46.694507,Okulary BME280,"32.76,64.92,29.40,79.09,29.66,78.55,29.67,41.12",32.76,64.92,29.40,79.09,29.66,78.55,29.67,41.12,true,0
session_20260821_142610_P001,329,35867,2026-08-21T14:26:46.808669,Okulary BME280,"32.76,64.90,29.41,79.21,29.77,79.29,29.67,41.13",32.76,64.90,29.41,79.21,29.77,79.29,29.67,41.13,true,0
session_20260821_142610_P001,330,35957,2026-08-21T14:26:46.898552,Okulary BME280,"32.75,64.86,29.48,79.63,29.97,79.92,29.67,41.11",32.75,64.86,29.48,79.63,29.97,79.92,29.67,41.11,true,0
session_20260821_142610_P001,331,36091,2026-08-21T14:26:47.032274,Okulary BME280,"32.75,64.87,29.52,79.90,30.18,80.43,29.68,41.11",32.75,64.87,29.52,79.90,30.18,80.43,29.68,41.11,true,0
session_20260821_142610_P001,332,36188,2026-08-21T14:26:47.129875,Okulary BME280,"32.75,64.88,29.58,80.19,30.38,80.86,29.67,41.10",32.75,64.88,29.58,80.19,30.38,80.86,29.67,41.10,true,0
session_20260821_142610_P001,333,36334,2026-08-21T14:26:47.276145,Okulary BME280,"32.76,64.91,29.61,80.47,30.57,81.25,29.67,41.10",32.76,64.91,29.61,80.47,30.57,81.25,29.67,41.10,true,0
session_20260821_142610_P001,334,36438,2026-08-21T14:26:47.379431,Okulary BME280,"32.76,64.95,29.65,80.77,30.72,81.56,29.67,41.10",32.76,64.95,29.65,80.77,30.72,81.56,29.67,41.10,true,0
session_20260821_142610_P001,335,36504,2026-08-21T14:26:47.445579,Okulary BME280,"32.76,64.92,29.69,81.06,30.96,82.10,29.67,41.10",32.76,64.92,29.69,81.06,30.96,82.10,29.67,41.10,true,0
session_20260821_142610_P001,336,36656,2026-08-21T14:26:47.597632,Okulary BME280,"32.76,65.06,29.72,81.35,31.06,82.35,29.67,41.09",32.76,65.06,29.72,81.35,31.06,82.35,29.67,41.09,true,0
session_20260821_142610_P001,337,36730,2026-08-21T14:26:47.671899,Okulary BME280,"32.77,65.11,29.76,81.67,31.15,82.59,29.68,41.09",32.77,65.11,29.76,81.67,31.15,82.59,29.68,41.09,true,0
session_20260821_142610_P001,338,36859,2026-08-21T14:26:47.800226,Okulary BME280,"32.76,65.16,29.78,81.95,31.24,82.77,29.68,41.09",32.76,65.16,29.78,81.95,31.24,82.77,29.68,41.09,true,0
session_20260821_142610_P001,339,36947,2026-08-21T14:26:47.888654,Okulary BME280,"32.76,65.19,29.83,82.46,31.32,82.94,29.68,41.06",32.76,65.19,29.83,82.46,31.32,82.94,29.68,41.06,true,0
session_20260821_142610_P001,340,37049,2026-08-21T14:26:47.990850,Okulary BME280,"32.76,65.24,29.87,82.71,31.40,83.10,29.68,41.10",32.76,65.24,29.87,82.71,31.40,83.10,29.68,41.10,true,0
session_20260821_142610_P001,341,37178,2026-08-21T14:26:48.119751,Okulary BME280,"32.76,65.29,29.89,82.95,31.47,83.21,29.68,41.09",32.76,65.29,29.89,82.95,31.47,83.21,29.68,41.09,true,0
session_20260821_142610_P001,342,37269,2026-08-21T14:26:48.210761,Okulary BME280,"32.76,65.33,29.91,83.19,31.52,83.28,29.68,41.09",32.76,65.33,29.91,83.19,31.52,83.28,29.68,41.09,true,0
session_20260821_142610_P001,343,37397,2026-08-21T14:26:48.338429,Okulary BME280,"32.77,65.39,29.92,83.40,31.60,83.19,29.68,41.10",32.77,65.39,29.92,83.40,31.60,83.19,29.68,41.10,true,0
session_20260821_142610_P001,344,37494,2026-08-21T14:26:48.435515,Okulary BME280,"32.76,65.40,29.93,83.48,31.58,82.70,29.68,41.10",32.76,65.40,29.93,83.48,31.58,82.70,29.68,41.10,true,0
session_20260821_142610_P001,345,37629,2026-08-21T14:26:48.571204,Okulary BME280,"32.77,65.42,29.91,83.39,31.37,82.13,29.68,41.11",32.77,65.42,29.91,83.39,31.37,82.13,29.68,41.11,true,0
session_20260821_142610_P001,346,37738,2026-08-21T14:26:48.680039,Okulary BME280,"32.76,65.40,29.85,83.17,31.07,81.62,29.68,41.11",32.76,65.40,29.85,83.17,31.07,81.62,29.68,41.11,true,0
session_20260821_142610_P001,347,37841,2026-08-21T14:26:48.783052,Okulary BME280,"32.76,65.37,29.69,82.67,30.73,81.15,29.68,41.11",32.76,65.37,29.69,82.67,30.73,81.15,29.68,41.11,true,0
session_20260821_142610_P001,348,37954,2026-08-21T14:26:48.896115,Okulary BME280,"32.76,65.33,29.62,82.39,30.41,80.79,29.68,41.12",32.76,65.33,29.62,82.39,30.41,80.79,29.68,41.12,true,0
session_20260821_142610_P001,349,38045,2026-08-21T14:26:48.986396,Okulary BME280,"32.75,65.30,29.57,82.11,30.15,80.48,29.68,41.10",32.75,65.30,29.57,82.11,30.15,80.48,29.68,41.10,true,0
session_20260821_142610_P001,350,38162,2026-08-21T14:26:49.103338,Okulary BME280,"32.76,65.24,29.53,81.81,29.95,80.22,29.68,41.10",32.76,65.24,29.53,81.81,29.95,80.22,29.68,41.10,true,0
session_20260821_142610_P001,351,38253,2026-08-21T14:26:49.194459,Okulary BME280,"32.76,65.19,29.50,81.51,29.80,79.97,29.68,41.09",32.76,65.19,29.50,81.51,29.80,79.97,29.68,41.09,true,0
session_20260821_142610_P001,352,38401,2026-08-21T14:26:49.342722,Okulary BME280,"32.75,65.13,29.47,81.20,29.64,79.54,29.68,41.09",32.75,65.13,29.47,81.20,29.64,79.54,29.68,41.09,true,0
session_20260821_142610_P001,353,38489,2026-08-21T14:26:49.430566,Okulary BME280,"32.75,65.08,29.46,80.90,29.61,79.24,29.68,41.09",32.75,65.08,29.46,80.90,29.61,79.24,29.68,41.09,true,0
session_20260821_142610_P001,354,38596,2026-08-21T14:26:49.537903,Okulary BME280,"32.75,64.98,29.44,80.65,29.59,78.95,29.68,41.09",32.75,64.98,29.44,80.65,29.59,78.95,29.68,41.09,true,0
session_20260821_142610_P001,355,38756,2026-08-21T14:26:49.697943,Okulary BME280,"32.74,64.93,29.44,80.31,29.58,78.67,29.68,41.10",32.74,64.93,29.44,80.31,29.58,78.67,29.68,41.10,true,0
session_20260821_142610_P001,356,38852,2026-08-21T14:26:49.793776,Okulary BME280,"32.74,64.87,29.41,79.83,29.59,78.41,29.68,41.08",32.74,64.87,29.41,79.83,29.59,78.41,29.68,41.08,true,0
session_20260821_142610_P001,357,38944,2026-08-21T14:26:49.885630,Okulary BME280,"32.75,64.83,29.41,79.86,29.61,78.82,29.68,41.10",32.75,64.83,29.41,79.86,29.61,78.82,29.68,41.10,true,0
session_20260821_142610_P001,358,39035,2026-08-21T14:26:49.977133,Okulary BME280,"32.74,64.78,29.43,80.03,29.68,79.52,29.68,41.10",32.74,64.78,29.43,80.03,29.68,79.52,29.68,41.10,true,0
session_20260821_142610_P001,359,39105,2026-08-21T14:26:50.046854,Okulary BME280,"32.74,64.77,29.47,80.25,29.85,80.12,29.68,41.10",32.74,64.77,29.47,80.25,29.85,80.12,29.68,41.10,true,0
session_20260821_142610_P001,360,39254,2026-08-21T14:26:50.195570,Okulary BME280,"32.74,64.77,29.52,80.51,30.06,80.72,29.68,41.09",32.74,64.77,29.52,80.51,30.06,80.72,29.68,41.09,true,0
session_20260821_142610_P001,361,39349,2026-08-21T14:26:50.290404,Okulary BME280,"32.75,64.84,29.58,80.78,30.50,81.57,29.68,41.09",32.75,64.84,29.58,80.78,30.50,81.57,29.68,41.09,true,0
session_20260821_142610_P001,362,39467,2026-08-21T14:26:50.408455,Okulary BME280,"32.75,64.86,29.63,81.06,30.68,81.92,29.68,41.09",32.75,64.86,29.63,81.06,30.68,81.92,29.68,41.09,true,0
session_20260821_142610_P001,363,39571,2026-08-21T14:26:50.512962,Okulary BME280,"32.75,64.88,29.67,81.33,30.84,82.20,29.68,41.08",32.75,64.88,29.67,81.33,30.84,82.20,29.68,41.08,true,0
session_20260821_142610_P001,364,39720,2026-08-21T14:26:50.661370,Okulary BME280,"32.75,64.92,29.71,81.61,30.98,82.47,29.68,41.08",32.75,64.92,29.71,81.61,30.98,82.47,29.68,41.08,true,0
session_20260821_142610_P001,365,39783,2026-08-21T14:26:50.724707,Okulary BME280,"32.75,64.97,29.78,82.18,31.10,82.70,29.68,41.11",32.75,64.97,29.78,82.18,31.10,82.70,29.68,41.11,true,0
session_20260821_142610_P001,366,39879,2026-08-21T14:26:50.820724,Okulary BME280,"32.75,65.03,29.81,82.45,31.21,82.90,29.68,41.10",32.75,65.03,29.81,82.45,31.21,82.90,29.68,41.10,true,0
session_20260821_142610_P001,367,40038,2026-08-21T14:26:50.979377,Okulary BME280,"32.75,65.09,29.84,82.71,31.30,83.13,29.68,41.08",32.75,65.09,29.84,82.71,31.30,83.13,29.68,41.08,true,0
session_20260821_142610_P001,368,40105,2026-08-21T14:26:51.047123,Okulary BME280,"32.75,65.14,29.88,82.95,31.39,83.24,29.68,41.08",32.75,65.14,29.88,82.95,31.39,83.24,29.68,41.08,true,0
session_20260821_142610_P001,369,40232,2026-08-21T14:26:51.173239,Okulary BME280,"32.75,65.19,29.90,83.19,31.47,83.35,29.68,41.08",32.75,65.19,29.90,83.19,31.47,83.35,29.68,41.08,true,0
session_20260821_142610_P001,370,40323,2026-08-21T14:26:51.264998,Okulary BME280,"32.76,65.22,29.92,83.39,31.56,83.19,29.68,41.08",32.76,65.22,29.92,83.39,31.56,83.19,29.68,41.08,true,0
session_20260821_142610_P001,371,40457,2026-08-21T14:26:51.398610,Okulary BME280,"32.75,65.30,29.92,83.42,31.50,82.56,29.68,41.08",32.75,65.30,29.92,83.42,31.50,82.56,29.68,41.08,true,0
session_20260821_142610_P001,372,40556,2026-08-21T14:26:51.497251,Okulary BME280,"32.75,65.32,29.89,83.33,31.26,81.91,29.68,41.08",32.75,65.32,29.89,83.33,31.26,81.91,29.68,41.08,true,0
session_20260821_142610_P001,373,40636,2026-08-21T14:26:51.577809,Okulary BME280,"32.75,65.32,29.82,82.84,30.93,81.39,29.68,41.08",32.75,65.32,29.82,82.84,30.93,81.39,29.68,41.08,true,0
session_20260821_142610_P001,374,40771,2026-08-21T14:26:51.713026,Okulary BME280,"32.75,65.32,29.66,82.57,30.62,81.00,29.68,41.08",32.75,65.32,29.66,82.57,30.62,81.00,29.68,41.08,true,0
session_20260821_142610_P001,375,40882,2026-08-21T14:26:51.823562,Okulary BME280,"32.75,65.29,29.60,82.29,30.34,80.74,29.68,41.06",32.75,65.29,29.60,82.29,30.34,80.74,29.68,41.06,true,0
session_20260821_142610_P001,376,41001,2026-08-21T14:26:51.943130,Okulary BME280,"32.75,65.26,29.55,82.00,30.11,80.49,29.68,41.08",32.75,65.26,29.55,82.00,30.11,80.49,29.68,41.08,true,0
session_20260821_142610_P001,377,41120,2026-08-21T14:26:52.061793,Okulary BME280,"32.75,65.24,29.50,81.72,29.94,80.26,29.68,41.08",32.75,65.24,29.50,81.72,29.94,80.26,29.68,41.08,true,0
session_20260821_142610_P001,378,41239,2026-08-21T14:26:52.180445,Okulary BME280,"32.74,65.21,29.47,81.42,29.72,79.70,29.68,41.08",32.74,65.21,29.47,81.42,29.72,79.70,29.68,41.08,true,0
session_20260821_142610_P001,379,41349,2026-08-21T14:26:52.290939,Okulary BME280,"32.74,65.14,29.45,81.13,29.67,79.41,29.67,41.08",32.74,65.14,29.45,81.13,29.67,79.41,29.67,41.08,true,0
session_20260821_142610_P001,380,41402,2026-08-21T14:26:52.343230,Okulary BME280,"32.74,65.07,29.44,80.79,29.64,79.14,29.68,41.06",32.74,65.07,29.44,80.79,29.64,79.14,29.68,41.06,true,0
session_20260821_142610_P001,381,41540,2026-08-21T14:26:52.481370,Okulary BME280,"32.73,65.00,29.42,80.53,29.63,78.82,29.68,41.05",32.73,65.00,29.42,80.53,29.63,78.82,29.68,41.05,true,0
session_20260821_142610_P001,382,41650,2026-08-21T14:26:52.591228,Okulary BME280,"32.73,64.97,29.40,80.00,29.62,78.50,29.67,41.05",32.73,64.97,29.40,80.00,29.62,78.50,29.67,41.05,true,0
session_20260821_142610_P001,383,41778,2026-08-21T14:26:52.720148,Okulary BME280,"32.73,64.90,29.39,79.71,29.62,78.21,29.68,41.06",32.73,64.90,29.39,79.71,29.62,78.21,29.68,41.06,true,0
session_20260821_142610_P001,384,41859,2026-08-21T14:26:52.801173,Okulary BME280,"32.73,64.87,29.39,79.49,29.63,77.94,29.68,41.06",32.73,64.87,29.39,79.49,29.63,77.94,29.68,41.06,true,0
session_20260821_142610_P001,385,41942,2026-08-21T14:26:52.883638,Okulary BME280,"32.73,64.83,29.38,79.51,29.64,78.45,29.67,41.06",32.73,64.83,29.38,79.51,29.64,78.45,29.67,41.06,true,0
session_20260821_142610_P001,386,42079,2026-08-21T14:26:53.020332,Okulary BME280,"32.73,64.82,29.40,79.66,29.71,79.18,29.68,41.08",32.73,64.82,29.40,79.66,29.71,79.18,29.68,41.08,true,0
session_20260821_142610_P001,387,42182,2026-08-21T14:26:53.124033,Okulary BME280,"32.73,64.79,29.44,79.87,30.09,80.48,29.68,41.08",32.73,64.79,29.44,79.87,30.09,80.48,29.68,41.08,true,0
session_20260821_142610_P001,388,42313,2026-08-21T14:26:53.254249,Okulary BME280,"32.73,64.82,29.49,80.13,30.32,80.99,29.68,41.09",32.73,64.82,29.49,80.13,30.32,80.99,29.68,41.09,true,0
session_20260821_142610_P001,389,42405,2026-08-21T14:26:53.346635,Okulary BME280,"32.73,64.86,29.54,80.41,30.52,81.41,29.68,41.08",32.73,64.86,29.54,80.41,30.52,81.41,29.68,41.08,true,0
session_20260821_142610_P001,390,42547,2026-08-21T14:26:53.488295,Okulary BME280,"32.73,64.90,29.59,80.71,30.70,81.79,29.68,41.08",32.73,64.90,29.59,80.71,30.70,81.79,29.68,41.08,true,0
session_20260821_142610_P001,391,42648,2026-08-21T14:26:53.589458,Okulary BME280,"32.73,64.95,29.67,81.25,30.85,82.13,29.69,41.06",32.73,64.95,29.67,81.25,30.85,82.13,29.69,41.06,true,0
session_20260821_142610_P001,392,42708,2026-08-21T14:26:53.649731,Okulary BME280,"32.73,65.02,29.71,81.57,30.99,82.40,29.69,41.09",32.73,65.02,29.71,81.57,30.99,82.40,29.69,41.09,true,0
session_20260821_142610_P001,393,42863,2026-08-21T14:26:53.804540,Okulary BME280,"32.73,65.08,29.75,81.85,31.10,82.63,29.68,41.06",32.73,65.08,29.75,81.85,31.10,82.63,29.68,41.06,true,0
session_20260821_142610_P001,394,42976,2026-08-21T14:26:53.917841,Okulary BME280,"32.73,65.15,29.79,82.12,31.19,82.79,29.68,41.06",32.73,65.15,29.79,82.12,31.19,82.79,29.68,41.06,true,0
session_20260821_142610_P001,395,43068,2026-08-21T14:26:54.009693,Okulary BME280,"32.73,65.18,29.82,82.40,31.27,82.99,29.68,41.05",32.73,65.18,29.82,82.40,31.27,82.99,29.68,41.05,true,0
session_20260821_142610_P001,396,43166,2026-08-21T14:26:54.107368,Okulary BME280,"32.73,65.25,29.84,82.65,31.41,82.99,29.68,41.05",32.73,65.25,29.84,82.65,31.41,82.99,29.68,41.05,true,0
session_20260821_142610_P001,397,43293,2026-08-21T14:26:54.234991,Okulary BME280,"32.73,65.34,29.86,82.81,31.42,82.59,29.68,41.04",32.73,65.34,29.86,82.81,31.42,82.59,29.68,41.04,true,0
session_20260821_142610_P001,398,43392,2026-08-21T14:26:54.333996,Okulary BME280,"32.73,65.35,29.86,82.72,31.26,82.03,29.68,41.05",32.73,65.35,29.86,82.72,31.26,82.03,29.68,41.05,true,0
session_20260821_142610_P001,399,43472,2026-08-21T14:26:54.413803,Okulary BME280,"32.73,65.38,29.80,82.36,30.97,81.55,29.68,41.05",32.73,65.38,29.80,82.36,30.97,81.55,29.68,41.05,true,0
session_20260821_142610_P001,400,43614,2026-08-21T14:26:54.555470,Okulary BME280,"32.73,65.36,29.64,82.10,30.64,81.17,29.68,41.05",32.73,65.36,29.64,82.10,30.64,81.17,29.68,41.05,true,0
session_20260821_142610_P001,401,43730,2026-08-21T14:26:54.671489,Okulary BME280,"32.73,65.34,29.58,81.83,30.34,80.85,29.68,41.02",32.73,65.34,29.58,81.83,30.34,80.85,29.68,41.02,true,0
session_20260821_142610_P001,402,43854,2026-08-21T14:26:54.796109,Okulary BME280,"32.73,65.31,29.52,81.54,30.09,80.51,29.68,41.03",32.73,65.31,29.52,81.54,30.09,80.51,29.68,41.03,true,0
session_20260821_142610_P001,403,43950,2026-08-21T14:26:54.891207,Okulary BME280,"32.73,65.28,29.48,81.26,29.90,80.20,29.68,41.03",32.73,65.28,29.48,81.26,29.90,80.20,29.68,41.03,true,0
session_20260821_142610_P001,404,44011,2026-08-21T14:26:54.952257,Okulary BME280,"32.73,65.20,29.45,80.99,29.67,79.61,29.68,41.03",32.73,65.20,29.45,80.99,29.67,79.61,29.68,41.03,true,0
session_20260821_142610_P001,405,44182,2026-08-21T14:26:55.123342,Okulary BME280,"32.72,65.16,29.43,80.70,29.61,79.29,29.67,41.03",32.72,65.16,29.43,80.70,29.61,79.29,29.67,41.03,true,0
session_20260821_142610_P001,406,44279,2026-08-21T14:26:55.220951,Okulary BME280,"32.72,65.08,29.42,80.40,29.58,78.97,29.68,41.03",32.72,65.08,29.42,80.40,29.58,78.97,29.68,41.03,true,0
session_20260821_142610_P001,407,44369,2026-08-21T14:26:55.311169,Okulary BME280,"32.72,65.04,29.40,80.15,29.56,78.65,29.67,41.03",32.72,65.04,29.40,80.15,29.56,78.65,29.67,41.03,true,0
session_20260821_142610_P001,408,44470,2026-08-21T14:26:55.411425,Okulary BME280,"32.71,64.99,29.38,79.62,29.56,78.35,29.67,41.04",32.71,64.99,29.38,79.62,29.56,78.35,29.67,41.04,true,0
session_20260821_142610_P001,409,44601,2026-08-21T14:26:55.542324,Okulary BME280,"32.71,64.94,29.37,79.64,29.57,78.74,29.68,41.05",32.71,64.94,29.37,79.64,29.57,78.74,29.68,41.05,true,0
session_20260821_142610_P001,410,44685,2026-08-21T14:26:55.626584,Okulary BME280,"32.72,64.90,29.39,79.78,29.64,79.53,29.68,41.03",32.72,64.90,29.39,79.78,29.64,79.53,29.68,41.03,true,0
session_20260821_142610_P001,411,44786,2026-08-21T14:26:55.727410,Okulary BME280,"32.72,64.89,29.42,80.00,29.81,80.23,29.68,41.03",32.72,64.89,29.42,80.00,29.81,80.23,29.68,41.03,true,0
session_20260821_142610_P001,412,44914,2026-08-21T14:26:55.856184,Okulary BME280,"32.71,64.89,29.47,80.25,30.02,80.80,29.68,41.04",32.71,64.89,29.47,80.25,30.02,80.80,29.68,41.04,true,0
session_20260821_142610_P001,413,45020,2026-08-21T14:26:55.961469,Okulary BME280,"32.71,64.90,29.52,80.51,30.46,81.61,29.67,41.03",32.71,64.90,29.52,80.51,30.46,81.61,29.67,41.03,true,0
session_20260821_142610_P001,414,45156,2026-08-21T14:26:56.098126,Okulary BME280,"32.72,65.00,29.57,80.79,30.64,81.97,29.68,41.04",32.72,65.00,29.57,80.79,30.64,81.97,29.68,41.04,true,0
session_20260821_142610_P001,415,45262,2026-08-21T14:26:56.204042,Okulary BME280,"32.72,65.01,29.62,81.12,30.79,82.28,29.68,41.04",32.72,65.01,29.62,81.12,30.79,82.28,29.68,41.04,true,0
session_20260821_142610_P001,416,45375,2026-08-21T14:26:56.316215,Okulary BME280,"32.72,65.06,29.66,81.39,30.92,82.53,29.68,41.05",32.72,65.06,29.66,81.39,30.92,82.53,29.68,41.05,true,0
session_20260821_142610_P001,417,45466,2026-08-21T14:26:56.407890,Okulary BME280,"32.72,65.10,29.73,81.92,31.04,82.71,29.67,41.04",32.72,65.10,29.73,81.92,31.04,82.71,29.67,41.04,true,0
session_20260821_142610_P001,418,45573,2026-08-21T14:26:56.514296,Okulary BME280,"32.72,65.15,29.76,82.19,31.14,82.83,29.67,41.05",32.72,65.15,29.76,82.19,31.14,82.83,29.67,41.05,true,0
session_20260821_142610_P001,419,45677,2026-08-21T14:26:56.618235,Okulary BME280,"32.72,65.19,29.78,82.26,31.22,82.61,29.68,41.04",32.72,65.19,29.78,82.26,31.22,82.61,29.68,41.04,true,0
session_20260821_142610_P001,420,45776,2026-08-21T14:26:56.718180,Okulary BME280,"32.72,65.21,29.76,82.28,31.18,82.14,29.68,41.05",32.72,65.21,29.76,82.28,31.18,82.14,29.68,41.05,true,0
session_20260821_142610_P001,421,45902,2026-08-21T14:26:56.843934,Okulary BME280,"32.72,65.19,29.72,82.43,31.01,82.06,29.68,41.05",32.72,65.19,29.72,82.43,31.01,82.06,29.68,41.05,true,0
session_20260821_142610_P001,422,46002,2026-08-21T14:26:56.943257,Okulary BME280,"32.72,65.26,29.70,82.62,30.86,82.72,29.68,41.05",32.72,65.26,29.70,82.62,30.86,82.72,29.68,41.05,true,0
session_20260821_142610_P001,423,46148,2026-08-21T14:26:57.089222,Okulary BME280,"32.72,65.25,29.71,82.83,30.90,82.85,29.68,41.05",32.72,65.25,29.71,82.83,30.90,82.85,29.68,41.05,true,0
session_20260821_142610_P001,424,46224,2026-08-21T14:26:57.165278,Okulary BME280,"32.72,65.25,29.72,82.98,30.95,82.47,29.67,41.05",32.72,65.25,29.72,82.98,30.95,82.47,29.67,41.05,true,0
session_20260821_142610_P001,425,46310,2026-08-21T14:26:57.251962,Okulary BME280,"32.72,65.25,29.73,82.65,30.89,81.93,29.68,41.05",32.72,65.25,29.73,82.65,30.89,81.93,29.68,41.05,true,0
session_20260821_142610_P001,426,46442,2026-08-21T14:26:57.383421,Okulary BME280,"32.71,65.24,29.63,82.41,30.69,81.49,29.68,41.05",32.71,65.24,29.63,82.41,30.69,81.49,29.68,41.05,true,0
session_20260821_142610_P001,427,46554,2026-08-21T14:26:57.496009,Okulary BME280,"32.71,65.20,29.59,82.15,30.44,81.17,29.68,41.06",32.71,65.20,29.59,82.15,30.44,81.17,29.68,41.06,true,0
session_20260821_142610_P001,428,46667,2026-08-21T14:26:57.608233,Okulary BME280,"32.71,65.17,29.53,81.85,30.21,80.91,29.68,41.04",32.71,65.17,29.53,81.85,30.21,80.91,29.68,41.04,true,0
session_20260821_142610_P001,429,46786,2026-08-21T14:26:57.728173,Okulary BME280,"32.71,65.12,29.49,81.56,30.00,80.60,29.67,41.05",32.71,65.12,29.49,81.56,30.00,80.60,29.67,41.05,true,0
session_20260821_142610_P001,430,46846,2026-08-21T14:26:57.787613,Okulary BME280,"32.71,65.06,29.45,81.26,29.73,80.02,29.67,41.06",32.71,65.06,29.45,81.26,29.73,80.02,29.67,41.06,true,0
session_20260821_142610_P001,431,46982,2026-08-21T14:26:57.923491,Okulary BME280,"32.71,65.06,29.43,80.96,29.65,79.71,29.68,41.06",32.71,65.06,29.43,80.96,29.65,79.71,29.68,41.06,true,0
session_20260821_142610_P001,432,47070,2026-08-21T14:26:58.011946,Okulary BME280,"32.71,64.94,29.40,80.66,29.60,79.40,29.68,41.05",32.71,64.94,29.40,80.66,29.60,79.40,29.68,41.05,true,0
session_20260821_142610_P001,433,47205,2026-08-21T14:26:58.146811,Okulary BME280,"32.71,64.89,29.38,80.37,29.57,79.08,29.67,41.05",32.71,64.89,29.38,80.37,29.57,79.08,29.67,41.05,true,0
session_20260821_142610_P001,434,47308,2026-08-21T14:26:58.249974,Okulary BME280,"32.70,64.83,29.36,79.82,29.56,78.75,29.67,41.04",32.70,64.83,29.36,79.82,29.56,78.75,29.67,41.04,true,0
session_20260821_142610_P001,435,47456,2026-08-21T14:26:58.397651,Okulary BME280,"32.70,64.78,29.35,79.55,29.55,78.41,29.67,41.04",32.70,64.78,29.35,79.55,29.55,78.41,29.67,41.04,true,0
session_20260821_142610_P001,436,47545,2026-08-21T14:26:58.486710,Okulary BME280,"32.71,64.73,29.33,79.28,29.56,78.08,29.67,41.03",32.71,64.73,29.33,79.28,29.56,78.08,29.67,41.03,true,0
session_20260821_142610_P001,437,47613,2026-08-21T14:26:58.554243,Okulary BME280,"32.70,64.67,29.33,79.03,29.56,77.76,29.67,41.02",32.70,64.67,29.33,79.03,29.56,77.76,29.67,41.02,true,0
session_20260821_142610_P001,438,47752,2026-08-21T14:26:58.693769,Okulary BME280,"32.70,64.58,29.32,78.79,29.57,77.47,29.67,41.03",32.70,64.58,29.32,78.79,29.57,77.47,29.67,41.03,true,0
session_20260821_142610_P001,439,47849,2026-08-21T14:26:58.791127,Okulary BME280,"32.70,64.50,29.32,78.79,29.63,78.47,29.67,41.02",32.70,64.50,29.32,78.79,29.63,78.47,29.67,41.02,true,0
session_20260821_142610_P001,440,47971,2026-08-21T14:26:58.913158,Okulary BME280,"32.70,64.48,29.34,78.94,29.76,79.17,29.67,41.02",32.70,64.48,29.34,78.94,29.76,79.17,29.67,41.02,true,0
session_20260821_142610_P001,441,48090,2026-08-21T14:26:59.031586,Okulary BME280,"32.70,64.47,29.37,79.19,29.95,79.80,29.67,41.02",32.70,64.47,29.37,79.19,29.95,79.80,29.67,41.02,true,0
session_20260821_142610_P001,442,48202,2026-08-21T14:26:59.144066,Okulary BME280,"32.70,64.49,29.42,79.45,30.17,80.33,29.67,41.03",32.70,64.49,29.42,79.45,30.17,80.33,29.67,41.03,true,0
session_20260821_142610_P001,443,48288,2026-08-21T14:26:59.230075,Okulary BME280,"32.70,64.53,29.52,80.06,30.35,80.81,29.67,41.03",32.70,64.53,29.52,80.06,30.35,80.81,29.67,41.03,true,0
session_20260821_142610_P001,444,48376,2026-08-21T14:26:59.318131,Okulary BME280,"32.71,64.57,29.57,80.38,30.53,81.21,29.67,41.02",32.71,64.57,29.57,80.38,30.53,81.21,29.67,41.02,true,0
session_20260821_142610_P001,445,48512,2026-08-21T14:26:59.453313,Okulary BME280,"32.70,64.63,29.61,80.69,30.68,81.56,29.67,41.02",32.70,64.63,29.61,80.69,30.68,81.56,29.67,41.02,true,0
session_20260821_142610_P001,446,48607,2026-08-21T14:26:59.548532,Okulary BME280,"32.71,64.68,29.65,81.00,30.81,81.87,29.68,40.99",32.71,64.68,29.65,81.00,30.81,81.87,29.68,40.99,true,0
session_20260821_142610_P001,447,48753,2026-08-21T14:26:59.694856,Okulary BME280,"32.71,64.79,29.69,81.30,30.92,82.17,29.68,41.02",32.71,64.79,29.69,81.30,30.92,82.17,29.68,41.02,true,0
session_20260821_142610_P001,448,48828,2026-08-21T14:26:59.769683,Okulary BME280,"32.71,64.78,29.72,81.63,31.12,82.54,29.67,40.99",32.71,64.78,29.72,81.63,31.12,82.54,29.67,40.99,true,0
session_20260821_142610_P001,449,48915,2026-08-21T14:26:59.857036,Okulary BME280,"32.71,64.90,29.75,81.90,31.19,82.60,29.67,40.99",32.71,64.90,29.75,81.90,31.19,82.60,29.67,40.99,true,0
session_20260821_142610_P001,450,49070,2026-08-21T14:27:00.011926,Okulary BME280,"32.71,64.95,29.78,82.12,31.25,82.52,29.68,41.00",32.71,64.95,29.78,82.12,31.25,82.52,29.68,41.00,true,0
session_20260821_142610_P001,451,49169,2026-08-21T14:27:00.110478,Okulary BME280,"32.71,64.98,29.79,82.37,31.24,82.21,29.68,41.00",32.71,64.98,29.79,82.37,31.24,82.21,29.68,41.00,true,0
session_20260821_142610_P001,452,49276,2026-08-21T14:27:00.217760,Okulary BME280,"32.71,64.99,29.74,82.21,31.11,81.69,29.68,41.00",32.71,64.99,29.74,82.21,31.11,81.69,29.68,41.00,true,0
session_20260821_142610_P001,453,49389,2026-08-21T14:27:00.330719,Okulary BME280,"32.71,65.00,29.66,82.01,30.85,81.15,29.68,41.00",32.71,65.00,29.66,82.01,30.85,81.15,29.68,41.00,true,0
session_20260821_142610_P001,454,49507,2026-08-21T14:27:00.448659,Okulary BME280,"32.71,64.99,29.58,81.78,30.53,80.70,29.67,40.99",32.71,64.99,29.58,81.78,30.53,80.70,29.67,40.99,true,0
session_20260821_142610_P001,455,49590,2026-08-21T14:27:00.532101,Okulary BME280,"32.70,64.96,29.51,81.52,30.23,80.28,29.67,40.99",32.70,64.96,29.51,81.52,30.23,80.28,29.67,40.99,true,0
session_20260821_142610_P001,456,49682,2026-08-21T14:27:00.623263,Okulary BME280,"32.70,64.96,29.46,81.24,29.80,79.70,29.67,40.98",32.70,64.96,29.46,81.24,29.80,79.70,29.67,40.98,true,0
session_20260821_142610_P001,457,49851,2026-08-21T14:27:00.793188,Okulary BME280,"32.70,64.83,29.42,80.96,29.66,79.42,29.67,40.98",32.70,64.83,29.42,80.96,29.66,79.42,29.67,40.98,true,0
session_20260821_142610_P001,458,49913,2026-08-21T14:27:00.854626,Okulary BME280,"32.69,64.79,29.38,80.70,29.58,79.12,29.67,40.98",32.69,64.79,29.38,80.70,29.58,79.12,29.67,40.98,true,0
session_20260821_142610_P001,459,50059,2026-08-21T14:27:01.000424,Okulary BME280,"32.69,64.75,29.36,80.35,29.53,78.80,29.67,40.97",32.69,64.75,29.36,80.35,29.53,78.80,29.67,40.97,true,0
session_20260821_142610_P001,460,50155,2026-08-21T14:27:01.096871,Okulary BME280,"32.69,64.69,29.31,79.84,29.50,78.46,29.67,40.98",32.69,64.69,29.31,79.84,29.50,78.46,29.67,40.98,true,0
session_20260821_142610_P001,461,50265,2026-08-21T14:27:01.206263,Okulary BME280,"32.69,64.64,29.30,79.57,29.48,78.13,29.67,40.99",32.69,64.64,29.30,79.57,29.48,78.13,29.67,40.99,true,0
session_20260821_142610_P001,462,50380,2026-08-21T14:27:01.321791,Okulary BME280,"32.69,64.58,29.28,79.30,29.48,77.81,29.66,40.99",32.69,64.58,29.28,79.30,29.48,77.81,29.66,40.99,true,0
session_20260821_142610_P001,463,50452,2026-08-21T14:27:01.393491,Okulary BME280,"32.68,64.53,29.28,79.23,29.49,77.87,29.67,41.00",32.68,64.53,29.28,79.23,29.49,77.87,29.67,41.00,true,0
session_20260821_142610_P001,464,50586,2026-08-21T14:27:01.527275,Okulary BME280,"32.69,64.49,29.29,79.34,29.52,78.62,29.67,40.98",32.69,64.49,29.29,79.34,29.52,78.62,29.67,40.98,true,0
session_20260821_142610_P001,465,50686,2026-08-21T14:27:01.627478,Okulary BME280,"32.69,64.45,29.32,79.55,29.85,79.98,29.67,41.03",32.69,64.45,29.32,79.55,29.85,79.98,29.67,41.03,true,0
session_20260821_142610_P001,466,50813,2026-08-21T14:27:01.754447,Okulary BME280,"32.69,64.47,29.36,79.80,30.07,80.54,29.67,40.99",32.69,64.47,29.36,79.80,30.07,80.54,29.67,40.99,true,0
session_20260821_142610_P001,467,50896,2026-08-21T14:27:01.837531,Okulary BME280,"32.69,64.50,29.42,80.08,30.28,81.02,29.67,40.99",32.69,64.50,29.42,80.08,30.28,81.02,29.67,40.99,true,0
session_20260821_142610_P001,468,51039,2026-08-21T14:27:01.981061,Okulary BME280,"32.69,64.55,29.47,80.42,30.48,81.44,29.66,40.99",32.69,64.55,29.47,80.42,30.48,81.44,29.66,40.99,true,0
session_20260821_142610_P001,469,51121,2026-08-21T14:27:02.062565,Okulary BME280,"32.69,64.63,29.58,81.00,30.64,81.81,29.67,40.98",32.69,64.63,29.58,81.00,30.64,81.81,29.67,40.98,true,0
session_20260821_142610_P001,470,51213,2026-08-21T14:27:02.154210,Okulary BME280,"32.69,64.69,29.63,81.31,30.78,82.12,29.67,40.99",32.69,64.69,29.63,81.31,30.78,82.12,29.67,40.99,true,0
session_20260821_142610_P001,471,51345,2026-08-21T14:27:02.286417,Okulary BME280,"32.70,64.75,29.67,81.61,30.90,82.38,29.67,41.00",32.70,64.75,29.67,81.61,30.90,82.38,29.67,41.00,true,0
session_20260821_142610_P001,472,51456,2026-08-21T14:27:02.397285,Okulary BME280,"32.70,64.80,29.70,81.89,31.01,82.61,29.67,41.00",32.70,64.80,29.70,81.89,31.01,82.61,29.67,41.00,true,0
session_20260821_142610_P001,473,51608,2026-08-21T14:27:02.549793,Okulary BME280,"32.70,64.86,29.73,82.17,31.11,82.79,29.67,40.99",32.70,64.86,29.73,82.17,31.11,82.79,29.67,40.99,true,0
session_20260821_142610_P001,474,51668,2026-08-21T14:27:02.610194,Okulary BME280,"32.70,64.92,29.76,82.44,31.27,83.00,29.67,40.97",32.70,64.92,29.76,82.44,31.27,83.00,29.67,40.97,true,0
session_20260821_142610_P001,475,51771,2026-08-21T14:27:02.712866,Okulary BME280,"32.70,65.04,29.79,82.65,31.32,82.67,29.67,40.98",32.70,65.04,29.79,82.65,31.32,82.67,29.67,40.98,true,0
session_20260821_142610_P001,476,51886,2026-08-21T14:27:02.827538,Okulary BME280,"32.70,65.07,29.80,82.61,31.22,82.09,29.67,40.99",32.70,65.07,29.80,82.61,31.22,82.09,29.67,40.99,true,0
session_20260821_142610_P001,477,52002,2026-08-21T14:27:02.943664,Okulary BME280,"32.70,65.10,29.76,82.33,30.96,81.52,29.67,40.99",32.70,65.10,29.76,82.33,30.96,81.52,29.67,40.99,true,0
session_20260821_142610_P001,478,52116,2026-08-21T14:27:03.058064,Okulary BME280,"32.70,65.10,29.59,82.06,30.64,81.03,29.66,40.99",32.70,65.10,29.59,82.06,30.64,81.03,29.66,40.99,true,0
session_20260821_142610_P001,479,52236,2026-08-21T14:27:03.178001,Okulary BME280,"32.70,65.10,29.50,81.81,30.33,80.69,29.66,40.99",32.70,65.10,29.50,81.81,30.33,80.69,29.66,40.99,true,0
session_20260821_142610_P001,480,52374,2026-08-21T14:27:03.315438,Okulary BME280,"32.70,65.08,29.44,81.53,30.07,80.36,29.66,40.99",32.70,65.08,29.44,81.53,30.07,80.36,29.66,40.99,true,0
session_20260821_142610_P001,481,52438,2026-08-21T14:27:03.380110,Okulary BME280,"32.69,65.05,29.39,81.25,29.86,80.10,29.66,40.99",32.69,65.05,29.39,81.25,29.86,80.10,29.66,40.99,true,0
session_20260821_142610_P001,482,52517,2026-08-21T14:27:03.459069,Okulary BME280,"32.69,65.01,29.36,80.96,29.70,79.58,29.66,41.03",32.69,65.01,29.36,80.96,29.70,79.58,29.66,41.03,true,0
session_20260821_142610_P001,483,52657,2026-08-21T14:27:03.598822,Okulary BME280,"32.68,64.97,29.34,80.69,29.53,79.28,29.66,41.00",32.68,64.97,29.34,80.69,29.53,79.28,29.66,41.00,true,0
session_20260821_142610_P001,484,52748,2026-08-21T14:27:03.689558,Okulary BME280,"32.68,64.90,29.32,80.37,29.50,78.98,29.66,41.00",32.68,64.90,29.32,80.37,29.50,78.98,29.66,41.00,true,0
session_20260821_142610_P001,485,52911,2026-08-21T14:27:03.852409,Okulary BME280,"32.68,64.86,29.30,80.13,29.49,78.66,29.66,40.99",32.68,64.86,29.30,80.13,29.49,78.66,29.66,40.99,true,0
session_20260821_142610_P001,486,52970,2026-08-21T14:27:03.911743,Okulary BME280,"32.68,64.80,29.28,79.58,29.48,78.35,29.66,40.99",32.68,64.80,29.28,79.58,29.48,78.35,29.66,40.99,true,0
session_20260821_142610_P001,487,53110,2026-08-21T14:27:04.051502,Okulary BME280,"32.68,64.75,29.28,79.30,29.48,78.02,29.66,40.99",32.68,64.75,29.28,79.30,29.48,78.02,29.66,40.99,true,0
session_20260821_142610_P001,488,53191,2026-08-21T14:27:04.132941,Okulary BME280,"32.67,64.70,29.27,79.06,29.48,77.69,29.66,40.99",32.67,64.70,29.27,79.06,29.48,77.69,29.66,40.99,true,0
session_20260821_142610_P001,489,53313,2026-08-21T14:27:04.254724,Okulary BME280,"32.67,64.64,29.27,78.81,29.49,77.32,29.66,40.99",32.67,64.64,29.27,78.81,29.49,77.32,29.66,40.99,true,0
session_20260821_142610_P001,490,53417,2026-08-21T14:27:04.358837,Okulary BME280,"32.67,64.59,29.26,78.55,29.50,77.11,29.66,41.00",32.67,64.59,29.26,78.55,29.50,77.11,29.66,41.00,true,0
session_20260821_142610_P001,491,53520,2026-08-21T14:27:04.461855,Okulary BME280,"32.67,64.55,29.25,78.31,29.53,76.81,29.65,40.99",32.67,64.55,29.25,78.31,29.53,76.81,29.65,40.99,true,0
session_20260821_142610_P001,492,53661,2026-08-21T14:27:04.602696,Okulary BME280,"32.67,64.44,29.25,78.19,29.56,77.13,29.65,41.01",32.67,64.44,29.25,78.19,29.56,77.13,29.65,41.01,true,0
session_20260821_142610_P001,493,53731,2026-08-21T14:27:04.672563,Okulary BME280,"32.67,64.40,29.26,78.24,29.60,77.69,29.66,41.00",32.67,64.40,29.26,78.24,29.60,77.69,29.66,41.00,true,0
session_20260821_142610_P001,494,53836,2026-08-21T14:27:04.778177,Okulary BME280,"32.67,64.38,29.27,78.36,29.69,78.38,29.66,41.01",32.67,64.38,29.27,78.36,29.69,78.38,29.66,41.01,true,0
session_20260821_142610_P001,495,53975,2026-08-21T14:27:04.916469,Okulary BME280,"32.67,64.36,29.34,78.87,29.83,79.04,29.66,41.00",32.67,64.36,29.34,78.87,29.83,79.04,29.66,41.00,true,0
session_20260821_142610_P001,496,54046,2026-08-21T14:27:04.988083,Okulary BME280,"32.67,64.38,29.39,79.17,30.01,79.62,29.66,41.00",32.67,64.38,29.39,79.17,30.01,79.62,29.66,41.00,true,0
session_20260821_142610_P001,497,54212,2026-08-21T14:27:05.153437,Okulary BME280,"32.67,64.40,29.44,79.50,30.20,80.13,29.66,41.00",32.67,64.40,29.44,79.50,30.20,80.13,29.66,41.00,true,0
session_20260821_142610_P001,498,54272,2026-08-21T14:27:05.213951,Okulary BME280,"32.67,64.45,29.49,79.82,30.37,80.53,29.66,41.00",32.67,64.45,29.49,79.82,30.37,80.53,29.66,41.00,true,0
session_20260821_142610_P001,499,54407,2026-08-21T14:27:05.348510,Okulary BME280,"32.67,64.50,29.54,80.17,30.52,80.95,29.66,40.99",32.67,64.50,29.54,80.17,30.52,80.95,29.66,40.99,true,0
session_20260821_142610_P001,500,54496,2026-08-21T14:27:05.438186,Okulary BME280,"32.67,64.62,29.59,80.51,30.76,81.59,29.66,41.04",32.67,64.62,29.59,80.51,30.76,81.59,29.66,41.04,true,0
session_20260821_142610_P001,501,54589,2026-08-21T14:27:05.530472,Okulary BME280,"32.68,64.71,29.63,80.84,30.86,81.84,29.66,41.02",32.68,64.71,29.63,80.84,30.86,81.84,29.66,41.02,true,0
session_20260821_142610_P001,502,54725,2026-08-21T14:27:05.666350,Okulary BME280,"32.68,64.79,29.67,81.18,30.95,82.05,29.66,41.02",32.68,64.79,29.67,81.18,30.95,82.05,29.66,41.02,true,0
session_20260821_142610_P001,503,54837,2026-08-21T14:27:05.778346,Okulary BME280,"32.68,64.83,29.70,81.75,31.04,82.24,29.66,41.02",32.68,64.83,29.70,81.75,31.04,82.24,29.66,41.02,true,0
session_20260821_142610_P001,504,54978,2026-08-21T14:27:05.920042,Okulary BME280,"32.68,64.88,29.75,82.03,31.12,82.39,29.66,41.03",32.68,64.88,29.75,82.03,31.12,82.39,29.66,41.03,true,0
session_20260821_142610_P001,505,55045,2026-08-21T14:27:05.987082,Okulary BME280,"32.68,64.93,29.76,82.31,31.18,82.50,29.66,41.02",32.68,64.93,29.76,82.31,31.18,82.50,29.66,41.02,true,0
session_20260821_142610_P001,506,55190,2026-08-21T14:27:06.131526,Okulary BME280,"32.68,64.98,29.78,82.56,31.24,82.63,29.66,41.02",32.68,64.98,29.78,82.56,31.24,82.63,29.66,41.02,true,0
session_20260821_142610_P001,507,55289,2026-08-21T14:27:06.230591,Okulary BME280,"32.68,65.03,29.80,82.78,31.28,82.71,29.66,41.02",32.68,65.03,29.80,82.78,31.28,82.71,29.66,41.02,true,0
session_20260821_142610_P001,508,55391,2026-08-21T14:27:06.332792,Okulary BME280,"32.68,65.03,29.81,82.95,31.32,82.69,29.66,41.03",32.68,65.03,29.81,82.95,31.32,82.69,29.66,41.03,true,0
session_20260821_142610_P001,509,55513,2026-08-21T14:27:06.454353,Okulary BME280,"32.68,65.13,29.80,82.90,31.16,81.67,29.66,40.98",32.68,65.13,29.80,82.90,31.16,81.67,29.66,40.98,true,0
session_20260821_142610_P001,510,55578,2026-08-21T14:27:06.520114,Okulary BME280,"32.68,65.13,29.74,82.75,30.88,81.16,29.66,41.00",32.68,65.13,29.74,82.75,30.88,81.16,29.66,41.00,true,0
session_20260821_142610_P001,511,55712,2026-08-21T14:27:06.653376,Okulary BME280,"32.68,65.12,29.66,82.54,30.56,80.80,29.66,41.00",32.68,65.12,29.66,82.54,30.56,80.80,29.66,41.00,true,0
session_20260821_142610_P001,512,55812,2026-08-21T14:27:06.754116,Okulary BME280,"32.67,65.09,29.49,82.04,30.26,80.53,29.66,41.00",32.67,65.09,29.49,82.04,30.26,80.53,29.66,41.00,true,0
session_20260821_142610_P001,513,55945,2026-08-21T14:27:06.886713,Okulary BME280,"32.67,65.07,29.44,81.76,30.00,80.29,29.65,41.00",32.67,65.07,29.44,81.76,30.00,80.29,29.65,41.00,true,0
session_20260821_142610_P001,514,56058,2026-08-21T14:27:07.000096,Okulary BME280,"32.67,65.03,29.39,81.46,29.82,80.03,29.65,41.01",32.67,65.03,29.39,81.46,29.82,80.03,29.65,41.01,true,0
session_20260821_142610_P001,515,56118,2026-08-21T14:27:07.059950,Okulary BME280,"32.66,64.99,29.36,81.18,29.67,79.74,29.66,41.01",32.66,64.99,29.36,81.18,29.67,79.74,29.66,41.01,true,0
session_20260821_142610_P001,516,56253,2026-08-21T14:27:07.195038,Okulary BME280,"32.67,64.99,29.33,80.88,29.57,79.50,29.66,41.03",32.67,64.99,29.33,80.88,29.57,79.50,29.66,41.03,true,0
session_20260821_142610_P001,517,56359,2026-08-21T14:27:07.300838,Okulary BME280,"32.66,64.87,29.31,80.60,29.46,78.91,29.66,41.05",32.66,64.87,29.31,80.60,29.46,78.91,29.66,41.05,true,0
session_20260821_142610_P001,518,56499,2026-08-21T14:27:07.440658,Okulary BME280,"32.66,64.81,29.30,80.31,29.44,78.59,29.65,41.05",32.66,64.81,29.30,80.31,29.44,78.59,29.65,41.05,true,0
session_20260821_142610_P001,519,56606,2026-08-21T14:27:07.548173,Okulary BME280,"32.66,64.76,29.29,80.02,29.43,78.26,29.66,41.05",32.66,64.76,29.29,80.02,29.43,78.26,29.66,41.05,true,0
session_20260821_142610_P001,520,56656,2026-08-21T14:27:07.597960,Okulary BME280,"32.66,64.70,29.28,79.74,29.43,77.95,29.66,41.04",32.66,64.70,29.28,79.74,29.43,77.95,29.66,41.04,true,0
session_20260821_142610_P001,521,56797,2026-08-21T14:27:07.738485,Okulary BME280,"32.67,64.62,29.27,79.20,29.43,77.62,29.65,41.04",32.67,64.62,29.27,79.20,29.43,77.62,29.65,41.04,true,0
session_20260821_142610_P001,522,56889,2026-08-21T14:27:07.831074,Okulary BME280,"32.66,64.56,29.26,78.94,29.43,77.29,29.66,41.03",32.66,64.56,29.26,78.94,29.43,77.29,29.66,41.03,true,0
session_20260821_142610_P001,523,57038,2026-08-21T14:27:07.979721,Okulary BME280,"32.66,64.51,29.25,78.75,29.44,77.05,29.66,41.03",32.66,64.51,29.25,78.75,29.44,77.05,29.66,41.03,true,0
session_20260821_142610_P001,524,57111,2026-08-21T14:27:08.052375,Okulary BME280,"32.65,64.46,29.25,78.80,29.46,77.54,29.66,41.04",32.65,64.46,29.25,78.80,29.46,77.54,29.66,41.04,true,0
session_20260821_142610_P001,525,57245,2026-08-21T14:27:08.186706,Okulary BME280,"32.66,64.39,29.27,78.96,29.54,78.38,29.66,41.03",32.66,64.39,29.27,78.96,29.54,78.38,29.66,41.03,true,0
session_20260821_142610_P001,526,57342,2026-08-21T14:27:08.283767,Okulary BME280,"32.65,64.46,29.31,79.19,29.89,79.60,29.66,41.04",32.65,64.46,29.31,79.19,29.89,79.60,29.66,41.04,true,0
session_20260821_142610_P001,527,57423,2026-08-21T14:27:08.364475,Okulary BME280,"32.66,64.42,29.36,79.46,30.08,80.13,29.66,41.03",32.66,64.42,29.36,79.46,30.08,80.13,29.66,41.03,true,0
session_20260821_142610_P001,528,57587,2026-08-21T14:27:08.528575,Okulary BME280,"32.65,64.45,29.41,79.75,30.27,80.59,29.66,41.02",32.65,64.45,29.41,79.75,30.27,80.59,29.66,41.02,true,0
session_20260821_142610_P001,529,57651,2026-08-21T14:27:08.593170,Okulary BME280,"32.66,64.49,29.45,80.37,30.43,80.95,29.66,41.01",32.66,64.49,29.45,80.37,30.43,80.95,29.66,41.01,true,0
session_20260821_142610_P001,530,57784,2026-08-21T14:27:08.725243,Okulary BME280,"32.66,64.54,29.55,80.67,30.57,81.26,29.66,41.00",32.66,64.54,29.55,80.67,30.57,81.26,29.66,41.00,true,0
session_20260821_142610_P001,531,57890,2026-08-21T14:27:08.831635,Okulary BME280,"32.66,64.60,29.59,80.98,30.69,81.57,29.65,41.00",32.66,64.60,29.59,80.98,30.69,81.57,29.65,41.00,true,0
session_20260821_142610_P001,532,58010,2026-08-21T14:27:08.951210,Okulary BME280,"32.66,64.67,29.62,81.27,30.79,81.83,29.65,41.00",32.66,64.67,29.62,81.27,30.79,81.83,29.65,41.00,true,0
session_20260821_142610_P001,533,58095,2026-08-21T14:27:09.036264,Okulary BME280,"32.66,64.73,29.66,81.56,30.88,82.03,29.65,40.99",32.66,64.73,29.66,81.56,30.88,82.03,29.65,40.99,true,0
session_20260821_142610_P001,534,58188,2026-08-21T14:27:09.130157,Okulary BME280,"32.66,64.73,29.68,81.85,30.96,82.20,29.65,40.99",32.66,64.73,29.68,81.85,30.96,82.20,29.65,40.99,true,0
session_20260821_142610_P001,535,58325,2026-08-21T14:27:09.266282,Okulary BME280,"32.66,64.87,29.71,82.12,31.10,82.49,29.65,41.00",32.66,64.87,29.71,82.12,31.10,82.49,29.65,41.00,true,0
session_20260821_142610_P001,536,58410,2026-08-21T14:27:09.351719,Okulary BME280,"32.66,64.92,29.74,82.37,31.15,82.32,29.65,41.03",32.66,64.92,29.74,82.37,31.15,82.32,29.65,41.03,true,0
session_20260821_142610_P001,537,58554,2026-08-21T14:27:09.495354,Okulary BME280,"32.66,64.94,29.75,82.39,31.11,81.84,29.65,41.00",32.66,64.94,29.75,82.39,31.11,81.84,29.65,41.00,true,0
session_20260821_142610_P001,538,58663,2026-08-21T14:27:09.604632,Okulary BME280,"32.67,64.96,29.65,82.15,30.89,81.30,29.65,41.00",32.67,64.96,29.65,82.15,30.89,81.30,29.65,41.00,true,0
session_20260821_142610_P001,539,58728,2026-08-21T14:27:09.669653,Okulary BME280,"32.66,64.97,29.57,81.91,30.58,80.85,29.65,41.01",32.66,64.97,29.57,81.91,30.58,80.85,29.65,41.01,true,0
session_20260821_142610_P001,540,58882,2026-08-21T14:27:09.824061,Okulary BME280,"32.66,64.96,29.49,81.66,30.28,80.53,29.65,41.00",32.66,64.96,29.49,81.66,30.28,80.53,29.65,41.00,true,0
session_20260821_142610_P001,541,58957,2026-08-21T14:27:09.898480,Okulary BME280,"32.66,64.92,29.43,81.38,30.00,80.27,29.65,41.01",32.66,64.92,29.43,81.38,30.00,80.27,29.65,41.01,true,0
session_20260821_142610_P001,542,59095,2026-08-21T14:27:10.036733,Okulary BME280,"32.65,64.92,29.37,81.11,29.79,80.01,29.65,41.01",32.65,64.92,29.37,81.11,29.79,80.01,29.65,41.01,true,0
session_20260821_142610_P001,543,59188,2026-08-21T14:27:10.129587,Okulary BME280,"32.65,64.83,29.34,80.81,29.53,79.42,29.65,41.01",32.65,64.83,29.34,80.81,29.53,79.42,29.65,41.01,true,0
session_20260821_142610_P001,544,59312,2026-08-21T14:27:10.253550,Okulary BME280,"32.65,64.76,29.30,80.53,29.46,79.10,29.65,41.03",32.65,64.76,29.30,80.53,29.46,79.10,29.65,41.03,true,0
session_20260821_142610_P001,545,59401,2026-08-21T14:27:10.343016,Okulary BME280,"32.65,64.72,29.29,80.25,29.41,78.75,29.65,41.06",32.65,64.72,29.29,80.25,29.41,78.75,29.65,41.06,true,0
session_20260821_142610_P001,546,59501,2026-08-21T14:27:10.442605,Okulary BME280,"32.65,64.67,29.26,80.00,29.38,78.40,29.65,41.03",32.65,64.67,29.26,80.00,29.38,78.40,29.65,41.03,true,0
session_20260821_142610_P001,547,59627,2026-08-21T14:27:10.569080,Okulary BME280,"32.65,64.62,29.23,79.41,29.37,78.06,29.65,41.01",32.65,64.62,29.23,79.41,29.37,78.06,29.65,41.01,true,0
session_20260821_142610_P001,548,59738,2026-08-21T14:27:10.680156,Okulary BME280,"32.65,64.56,29.22,79.14,29.36,77.73,29.65,41.01",32.65,64.56,29.22,79.14,29.36,77.73,29.65,41.01,true,0
session_20260821_142610_P001,549,59858,2026-08-21T14:27:10.799683,Okulary BME280,"32.65,64.51,29.21,78.89,29.37,77.43,29.65,41.01",32.65,64.51,29.21,78.89,29.37,77.43,29.65,41.01,true,0
session_20260821_142610_P001,550,59941,2026-08-21T14:27:10.882963,Okulary BME280,"32.65,64.46,29.20,78.84,29.38,77.45,29.65,41.00",32.65,64.46,29.20,78.84,29.38,77.45,29.65,41.00,true,0
session_20260821_142610_P001,551,60075,2026-08-21T14:27:11.016738,Okulary BME280,"32.65,64.36,29.22,78.99,29.41,78.20,29.64,41.00",32.65,64.36,29.22,78.99,29.41,78.20,29.64,41.00,true,0
session_20260821_142610_P001,552,60195,2026-08-21T14:27:11.136559,Okulary BME280,"32.64,64.41,29.25,79.22,29.73,79.59,29.65,40.99",32.64,64.41,29.25,79.22,29.73,79.59,29.65,40.99,true,0
session_20260821_142610_P001,553,60294,2026-08-21T14:27:11.235588,Okulary BME280,"32.65,64.43,29.31,79.50,29.94,80.14,29.64,40.96",32.65,64.43,29.31,79.50,29.94,80.14,29.64,40.96,true,0
session_20260821_142610_P001,554,60418,2026-08-21T14:27:11.359572,Okulary BME280,"32.65,64.47,29.37,79.78,30.15,80.59,29.64,40.98",32.65,64.47,29.37,79.78,30.15,80.59,29.64,40.98,true,0
session_20260821_142610_P001,555,60481,2026-08-21T14:27:11.422414,Okulary BME280,"32.65,64.51,29.42,80.39,30.33,80.93,29.64,40.99",32.65,64.51,29.42,80.39,30.33,80.93,29.64,40.99,true,0
session_20260821_142610_P001,556,60616,2026-08-21T14:27:11.557729,Okulary BME280,"32.65,64.57,29.51,80.71,30.48,81.22,29.64,40.99",32.65,64.57,29.51,80.71,30.48,81.22,29.64,40.99,true,0
session_20260821_142610_P001,557,60713,2026-08-21T14:27:11.654592,Okulary BME280,"32.65,64.62,29.55,81.01,30.59,81.51,29.64,40.99",32.65,64.62,29.55,81.01,30.59,81.51,29.64,40.99,true,0
session_20260821_142610_P001,558,60843,2026-08-21T14:27:11.784533,Okulary BME280,"32.65,64.67,29.59,81.31,30.68,81.81,29.64,40.98",32.65,64.67,29.59,81.31,30.68,81.81,29.64,40.98,true,0
session_20260821_142610_P001,559,60930,2026-08-21T14:27:11.872085,Okulary BME280,"32.65,64.73,29.62,81.61,30.77,82.01,29.63,40.98",32.65,64.73,29.62,81.61,30.77,82.01,29.63,40.98,true,0
session_20260821_142610_P001,560,61050,2026-08-21T14:27:11.992040,Okulary BME280,"32.65,64.84,29.65,81.90,30.86,82.25,29.63,40.98",32.65,64.84,29.65,81.90,30.86,82.25,29.63,40.98,true,0
session_20260821_142610_P001,561,61160,2026-08-21T14:27:12.101220,Okulary BME280,"32.65,64.89,29.68,82.18,31.03,82.58,29.63,40.98",32.65,64.89,29.68,82.18,31.03,82.58,29.63,40.98,true,0
session_20260821_142610_P001,562,61261,2026-08-21T14:27:12.202667,Okulary BME280,"32.65,64.93,29.70,82.41,31.10,82.65,29.63,41.01",32.65,64.93,29.70,82.41,31.10,82.65,29.63,41.01,true,0
session_20260821_142610_P001,563,61413,2026-08-21T14:27:12.354366,Okulary BME280,"32.65,64.97,29.72,82.73,31.16,82.49,29.63,40.97",32.65,64.97,29.72,82.73,31.16,82.49,29.63,40.97,true,0
session_20260821_142610_P001,564,61475,2026-08-21T14:27:12.416615,Okulary BME280,"32.66,65.00,29.71,82.67,31.13,81.94,29.64,40.97",32.66,65.00,29.71,82.67,31.13,81.94,29.64,40.97,true,0
session_20260821_142610_P001,565,61567,2026-08-21T14:27:12.508715,Okulary BME280,"32.65,65.00,29.64,82.50,30.93,81.32,29.63,40.98",32.65,65.00,29.64,82.50,30.93,81.32,29.63,40.98,true,0
session_20260821_142610_P001,566,61715,2026-08-21T14:27:12.656219,Okulary BME280,"32.65,65.00,29.55,82.27,30.60,80.84,29.63,40.98",32.65,65.00,29.55,82.27,30.60,80.84,29.63,40.98,true,0
session_20260821_142610_P001,567,61800,2026-08-21T14:27:12.741897,Okulary BME280,"32.65,64.98,29.47,82.01,30.28,80.53,29.63,40.98",32.65,64.98,29.47,82.01,30.28,80.53,29.63,40.98,true,0
session_20260821_142610_P001,568,61921,2026-08-21T14:27:12.862595,Okulary BME280,"32.65,64.97,29.40,81.74,30.00,80.24,29.63,40.98",32.65,64.97,29.40,81.74,30.00,80.24,29.63,40.98,true,0
session_20260821_142610_P001,569,62034,2026-08-21T14:27:12.975650,Okulary BME280,"32.65,64.92,29.34,81.44,29.64,79.70,29.63,40.98",32.65,64.92,29.34,81.44,29.64,79.70,29.63,40.98,true,0
session_20260821_142610_P001,570,62148,2026-08-21T14:27:13.089587,Okulary BME280,"32.64,64.84,29.30,81.15,29.52,79.37,29.63,40.97",32.64,64.84,29.30,81.15,29.52,79.37,29.63,40.97,true,0
session_20260821_142610_P001,571,62249,2026-08-21T14:27:13.190572,Okulary BME280,"32.64,64.78,29.27,80.83,29.44,79.07,29.63,40.98",32.64,64.78,29.27,80.83,29.44,79.07,29.63,40.98,true,0
session_20260821_142610_P001,572,62339,2026-08-21T14:27:13.280747,Okulary BME280,"32.64,64.73,29.25,80.59,29.39,78.76,29.63,40.98",32.64,64.73,29.25,80.59,29.39,78.76,29.63,40.98,true,0
session_20260821_142610_P001,573,62481,2026-08-21T14:27:13.422596,Okulary BME280,"32.64,64.67,29.22,80.04,29.36,78.42,29.63,40.98",32.64,64.67,29.22,80.04,29.36,78.42,29.63,40.98,true,0
session_20260821_142610_P001,574,62574,2026-08-21T14:27:13.515748,Okulary BME280,"32.64,64.59,29.21,79.76,29.35,78.13,29.63,40.97",32.64,64.59,29.21,79.76,29.35,78.13,29.63,40.97,true,0
session_20260821_142610_P001,575,62717,2026-08-21T14:27:13.658270,Okulary BME280,"32.63,64.53,29.20,79.49,29.35,77.82,29.63,40.97",32.63,64.53,29.20,79.49,29.35,77.82,29.63,40.97,true,0
session_20260821_142610_P001,576,62787,2026-08-21T14:27:13.728710,Okulary BME280,"32.63,64.47,29.18,79.24,29.36,77.52,29.63,40.97",32.63,64.47,29.18,79.24,29.36,77.52,29.63,40.97,true,0
session_20260821_142610_P001,577,62915,2026-08-21T14:27:13.856589,Okulary BME280,"32.63,64.39,29.18,79.19,29.37,77.61,29.63,40.95",32.63,64.39,29.18,79.19,29.37,77.61,29.63,40.95,true,0
session_20260821_142610_P001,578,63005,2026-08-21T14:27:13.946798,Okulary BME280,"32.63,64.40,29.20,79.33,29.56,79.10,29.63,40.95",32.63,64.40,29.20,79.33,29.56,79.10,29.63,40.95,true,0
session_20260821_142610_P001,579,63093,2026-08-21T14:27:14.034346,Okulary BME280,"32.63,64.34,29.25,79.53,29.75,79.71,29.63,40.94",32.63,64.34,29.25,79.53,29.75,79.71,29.63,40.94,true,0
session_20260821_142610_P001,580,63229,2026-08-21T14:27:14.170320,Okulary BME280,"32.63,64.36,29.29,79.76,29.96,80.23,29.63,40.94",32.63,64.36,29.29,79.76,29.96,80.23,29.63,40.94,true,0
session_20260821_142610_P001,581,63338,2026-08-21T14:27:14.279730,Okulary BME280,"32.62,64.37,29.39,80.35,30.17,80.63,29.63,40.90",32.62,64.37,29.39,80.35,30.17,80.63,29.63,40.90,true,0
session_20260821_142610_P001,582,63452,2026-08-21T14:27:14.393360,Okulary BME280,"32.63,64.41,29.44,80.66,30.34,81.04,29.62,40.92",32.63,64.41,29.44,80.66,30.34,81.04,29.62,40.92,true,0
session_20260821_142610_P001,583,63546,2026-08-21T14:27:14.487654,Okulary BME280,"32.63,64.44,29.48,80.95,30.49,81.37,29.62,40.93",32.63,64.44,29.48,80.95,30.49,81.37,29.62,40.93,true,0
session_20260821_142610_P001,584,63633,2026-08-21T14:27:14.574676,Okulary BME280,"32.63,64.49,29.52,81.24,30.62,81.65,29.62,40.93",32.63,64.49,29.52,81.24,30.62,81.65,29.62,40.93,true,0
session_20260821_142610_P001,585,63773,2026-08-21T14:27:14.714715,Okulary BME280,"32.63,64.57,29.57,81.55,30.74,81.92,29.62,40.93",32.63,64.57,29.57,81.55,30.74,81.92,29.62,40.93,true,0
session_20260821_142610_P001,586,63858,2026-08-21T14:27:14.800090,Okulary BME280,"32.63,64.66,29.61,81.84,30.83,82.13,29.62,40.94",32.63,64.66,29.61,81.84,30.83,82.13,29.62,40.94,true,0
session_20260821_142610_P001,587,64008,2026-08-21T14:27:14.950089,Okulary BME280,"32.64,64.74,29.64,82.12,30.99,82.53,29.62,40.95",32.64,64.74,29.64,82.12,30.99,82.53,29.62,40.95,true,0
session_20260821_142610_P001,588,64109,2026-08-21T14:27:15.050734,Okulary BME280,"32.63,64.80,29.67,82.37,31.05,82.68,29.62,40.97",32.63,64.80,29.67,82.37,31.05,82.68,29.62,40.97,true,0
session_20260821_142610_P001,589,64226,2026-08-21T14:27:15.167821,Okulary BME280,"32.64,64.85,29.70,82.64,31.11,82.73,29.62,40.96",32.64,64.85,29.70,82.64,31.11,82.73,29.62,40.96,true,0
session_20260821_142610_P001,590,64332,2026-08-21T14:27:15.273628,Okulary BME280,"32.63,64.90,29.73,82.89,31.14,82.40,29.62,40.94",32.63,64.90,29.73,82.89,31.14,82.40,29.62,40.94,true,0
session_20260821_142610_P001,591,64425,2026-08-21T14:27:15.366486,Okulary BME280,"32.64,64.92,29.69,82.75,31.05,81.79,29.62,40.98",32.64,64.92,29.69,82.75,31.05,81.79,29.62,40.98,true,0
session_20260821_142610_P001,592,64537,2026-08-21T14:27:15.478489,Okulary BME280,"32.63,64.93,29.61,82.57,30.79,81.22,29.61,40.96",32.63,64.93,29.61,82.57,30.79,81.22,29.61,40.96,true,0
session_20260821_142610_P001,593,64624,2026-08-21T14:27:15.566058,Okulary BME280,"32.63,64.93,29.53,82.33,30.45,80.78,29.61,40.96",32.63,64.93,29.53,82.33,30.45,80.78,29.61,40.96,true,0
session_20260821_142610_P001,594,64758,2026-08-21T14:27:15.699935,Okulary BME280,"32.63,64.90,29.45,82.09,30.15,80.48,29.61,40.95",32.63,64.90,29.45,82.09,30.15,80.48,29.61,40.95,true,0
session_20260821_142610_P001,595,64846,2026-08-21T14:27:15.787388,Okulary BME280,"32.63,64.96,29.38,81.80,29.70,79.96,29.61,40.94",32.63,64.96,29.38,81.80,29.70,79.96,29.61,40.94,true,0
session_20260821_142610_P001,596,65009,2026-08-21T14:27:15.950911,Okulary BME280,"32.63,64.84,29.33,81.53,29.56,79.64,29.61,40.95",32.63,64.84,29.33,81.53,29.56,79.64,29.61,40.95,true,0
session_20260821_142610_P001,597,65080,2026-08-21T14:27:16.022092,Okulary BME280,"32.63,64.80,29.29,81.16,29.46,79.34,29.61,40.96",32.63,64.80,29.29,81.16,29.46,79.34,29.61,40.96,true,0
session_20260821_142610_P001,598,65162,2026-08-21T14:27:16.103360,Okulary BME280,"32.63,64.76,29.26,80.97,29.39,79.04,29.61,40.96",32.63,64.76,29.26,80.97,29.39,79.04,29.61,40.96,true,0
session_20260821_142610_P001,599,65323,2026-08-21T14:27:16.264451,Okulary BME280,"32.62,64.73,29.22,80.40,29.36,78.74,29.61,40.98",32.62,64.73,29.22,80.40,29.36,78.74,29.61,40.98,true,0
session_20260821_142610_P001,600,65424,2026-08-21T14:27:16.365870,Okulary BME280,"32.62,64.69,29.21,80.13,29.34,78.43,29.61,40.94",32.62,64.69,29.21,80.13,29.34,78.43,29.61,40.94,true,0
session_20260821_142610_P001,601,65541,2026-08-21T14:27:16.482361,Okulary BME280,"32.62,64.64,29.19,79.85,29.33,78.13,29.61,40.95",32.62,64.64,29.19,79.85,29.33,78.13,29.61,40.95,true,0
session_20260821_142610_P001,602,65611,2026-08-21T14:27:16.552815,Okulary BME280,"32.62,64.59,29.18,79.58,29.35,77.74,29.61,40.93",32.62,64.59,29.18,79.58,29.35,77.74,29.61,40.93,true,0
session_20260821_142610_P001,603,65717,2026-08-21T14:27:16.659086,Okulary BME280,"32.62,64.57,29.19,79.34,29.36,77.46,29.61,40.94",32.62,64.57,29.19,79.34,29.36,77.46,29.61,40.94,true,0
session_20260821_142610_P001,604,65836,2026-08-21T14:27:16.777684,Okulary BME280,"32.62,64.44,29.18,79.30,29.42,78.41,29.61,40.94",32.62,64.44,29.18,79.30,29.42,78.41,29.61,40.94,true,0
session_20260821_142610_P001,605,65929,2026-08-21T14:27:16.870412,Okulary BME280,"32.61,64.42,29.19,79.40,29.53,79.12,29.61,40.94",32.61,64.42,29.19,79.40,29.53,79.12,29.61,40.94,true,0
session_20260821_142610_P001,606,66091,2026-08-21T14:27:17.032718,Okulary BME280,"32.61,64.42,29.23,79.66,29.71,79.73,29.61,40.94",32.61,64.42,29.23,79.66,29.71,79.73,29.61,40.94,true,0
session_20260821_142610_P001,607,66153,2026-08-21T14:27:17.094811,Okulary BME280,"32.62,64.43,29.34,80.17,29.91,80.24,29.61,40.93",32.62,64.43,29.34,80.17,29.91,80.24,29.61,40.93,true,0
session_20260821_142610_P001,608,66306,2026-08-21T14:27:17.247907,Okulary BME280,"32.62,64.47,29.39,80.47,30.09,80.67,29.61,40.92",32.62,64.47,29.39,80.47,30.09,80.67,29.61,40.92,true,0
session_20260821_142610_P001,609,66376,2026-08-21T14:27:17.317574,Okulary BME280,"32.62,64.50,29.45,80.76,30.27,81.07,29.60,40.95",32.62,64.50,29.45,80.76,30.27,81.07,29.60,40.95,true,0
session_20260821_142610_P001,610,66476,2026-08-21T14:27:17.417493,Okulary BME280,"32.61,64.57,29.50,81.07,30.41,81.42,29.60,40.95",32.61,64.57,29.50,81.07,30.41,81.42,29.60,40.95,true,0
session_20260821_142610_P001,611,66629,2026-08-21T14:27:17.570674,Okulary BME280,"32.62,64.64,29.55,81.37,30.53,81.75,29.60,40.95",32.62,64.64,29.55,81.37,30.53,81.75,29.60,40.95,true,0
session_20260821_142610_P001,612,66693,2026-08-21T14:27:17.635116,Okulary BME280,"32.62,64.74,29.59,81.70,30.64,82.00,29.60,40.95",32.62,64.74,29.59,81.70,30.64,82.00,29.60,40.95,true,0
session_20260821_142610_P001,613,66874,2026-08-21T14:27:17.815461,Okulary BME280,"32.62,64.85,29.63,81.99,30.82,82.45,29.60,40.96",32.62,64.85,29.63,81.99,30.82,82.45,29.60,40.96,true,0
session_20260821_142610_P001,614,66930,2026-08-21T14:27:17.871472,Okulary BME280,"32.62,64.91,29.67,82.28,30.90,82.65,29.60,40.96",32.62,64.91,29.67,82.28,30.90,82.65,29.60,40.96,true,0
session_20260821_142610_P001,615,67100,2026-08-21T14:27:18.041625,Okulary BME280,"32.62,64.99,29.70,82.52,30.97,82.77,29.60,40.96",32.62,64.99,29.70,82.52,30.97,82.77,29.60,40.96,true,0
session_20260821_142610_P001,616,67140,2026-08-21T14:27:18.081698,Okulary BME280,"32.63,65.05,29.76,82.97,31.03,82.74,29.60,40.98",32.63,65.05,29.76,82.97,31.03,82.74,29.60,40.98,true,0
session_20260821_142610_P001,617,67240,2026-08-21T14:27:18.182015,Okulary BME280,"32.62,65.09,29.75,82.89,31.05,82.30,29.60,40.95",32.62,65.09,29.75,82.89,31.05,82.30,29.60,40.95,true,0
session_20260821_142610_P001,618,67368,2026-08-21T14:27:18.309625,Okulary BME280,"32.62,65.12,29.68,82.73,30.91,81.75,29.60,40.98",32.62,65.12,29.68,82.73,30.91,81.75,29.60,40.98,true,0
session_20260821_142610_P001,619,67460,2026-08-21T14:27:18.401853,Okulary BME280,"32.62,65.14,29.58,82.51,30.64,81.20,29.60,40.99",32.62,65.14,29.58,82.51,30.64,81.20,29.60,40.99,true,0
session_20260821_142610_P001,620,67622,2026-08-21T14:27:18.563780,Okulary BME280,"32.62,65.14,29.49,82.26,30.33,80.73,29.60,40.98",32.62,65.14,29.49,82.26,30.33,80.73,29.60,40.98,true,0
session_20260821_142610_P001,621,67680,2026-08-21T14:27:18.621408,Okulary BME280,"32.61,65.15,29.41,82.00,30.04,80.05,29.60,40.96",32.61,65.15,29.41,82.00,30.04,80.05,29.60,40.96,true,0
session_20260821_142610_P001,622,67837,2026-08-21T14:27:18.778336,Okulary BME280,"32.61,65.11,29.35,81.73,29.64,79.77,29.60,40.96",32.61,65.11,29.35,81.73,29.64,79.77,29.60,40.96,true,0
session_20260821_142610_P001,623,67918,2026-08-21T14:27:18.859970,Okulary BME280,"32.61,65.07,29.31,81.51,29.51,79.47,29.60,40.98",32.61,65.07,29.31,81.51,29.51,79.47,29.60,40.98,true,0
session_20260821_142610_P001,624,68015,2026-08-21T14:27:18.956554,Okulary BME280,"32.61,65.05,29.28,80.88,29.44,79.18,29.60,40.99",32.61,65.05,29.28,80.88,29.44,79.18,29.60,40.99,true,0
session_20260821_142610_P001,625,68133,2026-08-21T14:27:19.074690,Okulary BME280,"32.61,65.01,29.24,80.60,29.39,78.87,29.60,40.99",32.61,65.01,29.24,80.60,29.39,78.87,29.60,40.99,true,0
session_20260821_142610_P001,626,68221,2026-08-21T14:27:19.162678,Okulary BME280,"32.60,64.96,29.22,80.32,29.36,78.53,29.60,40.96",32.60,64.96,29.22,80.32,29.36,78.53,29.60,40.96,true,0
session_20260821_142610_P001,627,68357,2026-08-21T14:27:19.298378,Okulary BME280,"32.61,64.92,29.21,80.04,29.35,78.19,29.59,40.99",32.61,64.92,29.21,80.04,29.35,78.19,29.59,40.99,true,0
session_20260821_142610_P001,628,68451,2026-08-21T14:27:19.392761,Okulary BME280,"32.60,64.90,29.20,79.79,29.35,77.81,29.60,41.01",32.60,64.90,29.20,79.79,29.35,77.81,29.60,41.01,true,0
session_20260821_142610_P001,629,68554,2026-08-21T14:27:19.495827,Okulary BME280,"32.60,64.84,29.20,79.51,29.36,77.53,29.60,41.00",32.60,64.84,29.20,79.51,29.36,77.53,29.60,41.00,true,0
session_20260821_142610_P001,630,68682,2026-08-21T14:27:19.623674,Okulary BME280,"32.60,64.71,29.18,79.25,29.37,76.95,29.60,41.01",32.60,64.71,29.18,79.25,29.37,76.95,29.60,41.01,true,0
session_20260821_142610_P001,631,68773,2026-08-21T14:27:19.714485,Okulary BME280,"32.60,64.66,29.18,78.98,29.38,76.98,29.60,41.01",32.60,64.66,29.18,78.98,29.38,76.98,29.60,41.01,true,0
session_20260821_142610_P001,632,68899,2026-08-21T14:27:19.841164,Okulary BME280,"32.60,64.60,29.18,78.90,29.42,77.74,29.60,41.01",32.60,64.60,29.18,78.90,29.42,77.74,29.60,41.01,true,0
session_20260821_142610_P001,633,69009,2026-08-21T14:27:19.950974,Okulary BME280,"32.60,64.58,29.24,79.29,29.54,78.55,29.59,41.00",32.60,64.58,29.24,79.29,29.54,78.55,29.59,41.00,true,0
session_20260821_142610_P001,634,69143,2026-08-21T14:27:20.084495,Okulary BME280,"32.60,64.58,29.30,79.57,29.71,79.24,29.59,41.01",32.60,64.58,29.30,79.57,29.71,79.24,29.59,41.01,true,0
session_20260821_142610_P001,635,69239,2026-08-21T14:27:20.180290,Okulary BME280,"32.60,64.60,29.35,79.87,29.92,79.83,29.59,41.02",32.60,64.60,29.35,79.87,29.92,79.83,29.59,41.02,true,0
session_20260821_142610_P001,636,69335,2026-08-21T14:27:20.276254,Okulary BME280,"32.60,64.65,29.41,80.20,30.11,80.33,29.59,41.01",32.60,64.65,29.41,80.20,30.11,80.33,29.59,41.01,true,0
session_20260821_142610_P001,637,69452,2026-08-21T14:27:20.393697,Okulary BME280,"32.60,64.66,29.46,80.51,30.28,80.77,29.59,41.02",32.60,64.66,29.46,80.51,30.28,80.77,29.59,41.02,true,0
session_20260821_142610_P001,638,69534,2026-08-21T14:27:20.475235,Okulary BME280,"32.60,64.71,29.51,80.84,30.44,81.11,29.59,41.03",32.60,64.71,29.51,80.84,30.44,81.11,29.59,41.03,true,0
session_20260821_142610_P001,639,69664,2026-08-21T14:27:20.605794,Okulary BME280,"32.60,64.87,29.56,81.15,30.68,81.71,29.59,41.04",32.60,64.87,29.56,81.15,30.68,81.71,29.59,41.04,true,0
session_20260821_142610_P001,640,69751,2026-08-21T14:27:20.692432,Okulary BME280,"32.61,64.92,29.60,81.49,30.78,81.96,29.59,41.03",32.61,64.92,29.60,81.49,30.78,81.96,29.59,41.03,true,0
session_20260821_142610_P001,641,69910,2026-08-21T14:27:20.851858,Okulary BME280,"32.61,65.00,29.63,81.77,30.86,82.17,29.59,41.04",32.61,65.00,29.63,81.77,30.86,82.17,29.59,41.04,true,0
session_20260821_142610_P001,642,69984,2026-08-21T14:27:20.925699,Okulary BME280,"32.60,65.06,29.69,82.34,30.93,82.35,29.59,41.02",32.60,65.06,29.69,82.34,30.93,82.35,29.59,41.02,true,0
session_20260821_142610_P001,643,70083,2026-08-21T14:27:21.024478,Okulary BME280,"32.61,65.10,29.72,82.61,30.99,82.46,29.58,41.03",32.61,65.10,29.72,82.61,30.99,82.46,29.58,41.03,true,0
session_20260821_142610_P001,644,70223,2026-08-21T14:27:21.164558,Okulary BME280,"32.60,65.15,29.73,82.83,31.05,82.41,29.59,41.00",32.60,65.15,29.73,82.83,31.05,82.41,29.59,41.00,true,0
session_20260821_142610_P001,645,70316,2026-08-21T14:27:21.257995,Okulary BME280,"32.61,65.17,29.74,83.01,31.06,82.34,29.59,41.02",32.61,65.17,29.74,83.01,31.06,82.34,29.59,41.02,true,0
session_20260821_142610_P001,646,70427,2026-08-21T14:27:21.368395,Okulary BME280,"32.60,65.21,29.73,83.02,31.02,81.99,29.59,41.04",32.60,65.21,29.73,83.02,31.02,81.99,29.59,41.04,true,0
session_20260821_142610_P001,647,70527,2026-08-21T14:27:21.468554,Okulary BME280,"32.60,65.23,29.68,82.89,30.87,80.90,29.59,41.06",32.60,65.23,29.68,82.89,30.87,80.90,29.59,41.06,true,0
session_20260821_142610_P001,648,70613,2026-08-21T14:27:21.554301,Okulary BME280,"32.60,65.20,29.60,82.70,30.32,80.39,29.59,41.04",32.60,65.20,29.60,82.70,30.32,80.39,29.59,41.04,true,0
session_20260821_142610_P001,649,70747,2026-08-21T14:27:21.688301,Okulary BME280,"32.60,65.18,29.52,82.45,30.04,80.00,29.59,41.06",32.60,65.18,29.52,82.45,30.04,80.00,29.59,41.06,true,0
session_20260821_142610_P001,650,70834,2026-08-21T14:27:21.776041,Okulary BME280,"32.60,65.16,29.38,81.94,29.82,79.68,29.59,41.06",32.60,65.16,29.38,81.94,29.82,79.68,29.59,41.06,true,0
session_20260821_142610_P001,651,70972,2026-08-21T14:27:21.913622,Okulary BME280,"32.60,65.12,29.33,81.68,29.64,79.38,29.58,41.05",32.60,65.12,29.33,81.68,29.64,79.38,29.58,41.05,true,0
session_20260821_142610_P001,652,71065,2026-08-21T14:27:22.006685,Okulary BME280,"32.60,65.08,29.29,81.38,29.51,79.11,29.59,41.04",32.60,65.08,29.29,81.38,29.51,79.11,29.59,41.04,true,0
session_20260821_142610_P001,653,71212,2026-08-21T14:27:22.153281,Okulary BME280,"32.59,65.05,29.27,81.10,29.43,78.82,29.58,41.04",32.59,65.05,29.27,81.10,29.43,78.82,29.58,41.04,true,0
session_20260821_142610_P001,654,71290,2026-08-21T14:27:22.231234,Okulary BME280,"32.60,64.97,29.25,80.82,29.38,78.58,29.58,41.07",32.60,64.97,29.25,80.82,29.38,78.58,29.58,41.07,true,0
session_20260821_142610_P001,655,71370,2026-08-21T14:27:22.312069,Okulary BME280,"32.60,64.92,29.24,80.54,29.35,78.20,29.59,41.03",32.60,64.92,29.24,80.54,29.35,78.20,29.59,41.03,true,0
session_20260821_142610_P001,656,71507,2026-08-21T14:27:22.448234,Okulary BME280,"32.59,64.81,29.22,80.26,29.34,77.54,29.58,41.02",32.59,64.81,29.22,80.26,29.34,77.54,29.58,41.02,true,0
session_20260821_142610_P001,657,71599,2026-08-21T14:27:22.540485,Okulary BME280,"32.59,64.76,29.21,79.93,29.34,77.23,29.58,41.02",32.59,64.76,29.21,79.93,29.34,77.23,29.58,41.02,true,0
session_20260821_142610_P001,658,71731,2026-08-21T14:27:22.673183,Okulary BME280,"32.59,64.70,29.20,79.69,29.35,76.94,29.58,41.02",32.59,64.70,29.20,79.69,29.35,76.94,29.58,41.02,true,0
session_20260821_142610_P001,659,71844,2026-08-21T14:27:22.785385,Okulary BME280,"32.59,64.66,29.18,79.46,29.35,77.29,29.58,41.02",32.59,64.66,29.18,79.46,29.35,77.29,29.58,41.02,true,0
session_20260821_142610_P001,660,71956,2026-08-21T14:27:22.898150,Okulary BME280,"32.59,64.61,29.20,79.62,29.41,78.13,29.58,41.02",32.59,64.61,29.20,79.62,29.41,78.13,29.58,41.02,true,0
session_20260821_142610_P001,661,72048,2026-08-21T14:27:22.989462,Okulary BME280,"32.59,64.61,29.24,79.88,29.56,78.89,29.58,41.01",32.59,64.61,29.24,79.88,29.56,78.89,29.58,41.01,true,0
session_20260821_142610_P001,662,72141,2026-08-21T14:27:23.082438,Okulary BME280,"32.58,64.65,29.30,80.17,29.76,79.50,29.58,41.04",32.58,64.65,29.30,80.17,29.76,79.50,29.58,41.04,true,0
session_20260821_142610_P001,663,72276,2026-08-21T14:27:23.217571,Okulary BME280,"32.58,64.65,29.37,80.47,29.97,79.99,29.58,41.00",32.58,64.65,29.37,80.47,29.97,79.99,29.58,41.00,true,0
session_20260821_142610_P001,664,72396,2026-08-21T14:27:23.337754,Okulary BME280,"32.58,64.77,29.44,80.79,30.15,80.45,29.58,41.00",32.58,64.77,29.44,80.79,30.15,80.45,29.58,41.00,true,0
session_20260821_142610_P001,665,72512,2026-08-21T14:27:23.453873,Okulary BME280,"32.59,64.91,29.49,81.13,30.45,81.24,29.58,41.00",32.59,64.91,29.49,81.13,30.45,81.24,29.58,41.00,true,0
session_20260821_142610_P001,666,72602,2026-08-21T14:27:23.543570,Okulary BME280,"32.59,64.98,29.56,81.44,30.58,81.51,29.57,41.00",32.59,64.98,29.56,81.44,30.58,81.51,29.57,41.00,true,0
session_20260821_142610_P001,667,72736,2026-08-21T14:27:23.677682,Okulary BME280,"32.59,65.06,29.61,81.75,30.68,81.75,29.56,40.98",32.59,65.06,29.61,81.75,30.68,81.75,29.56,40.98,true,0
session_20260821_142610_P001,668,72821,2026-08-21T14:27:23.763087,Okulary BME280,"32.60,65.13,29.70,82.38,30.77,81.98,29.56,40.98",32.60,65.13,29.70,82.38,30.77,81.98,29.56,40.98,true,0
session_20260821_142610_P001,669,72919,2026-08-21T14:27:23.860480,Okulary BME280,"32.59,65.22,29.74,82.66,30.85,82.17,29.56,40.99",32.59,65.22,29.74,82.66,30.85,82.17,29.56,40.99,true,0
session_20260821_142610_P001,670,73037,2026-08-21T14:27:23.978322,Okulary BME280,"32.60,65.28,29.77,82.91,30.92,82.28,29.56,40.99",32.60,65.28,29.77,82.91,30.92,82.28,29.56,40.99,true,0
session_20260821_142610_P001,671,73148,2026-08-21T14:27:24.089986,Okulary BME280,"32.59,65.33,29.79,82.98,30.98,82.07,29.56,40.97",32.59,65.33,29.79,82.98,30.98,82.07,29.56,40.97,true,0
session_20260821_142610_P001,672,73265,2026-08-21T14:27:24.207207,Okulary BME280,"32.60,65.37,29.75,82.88,30.93,81.44,29.56,40.99",32.60,65.37,29.75,82.88,30.93,81.44,29.56,40.99,true,0
session_20260821_142610_P001,673,73353,2026-08-21T14:27:24.294867,Okulary BME280,"32.59,65.39,29.66,82.71,30.68,80.32,29.55,41.01",32.59,65.39,29.66,82.71,30.68,80.32,29.55,41.01,true,0
session_20260821_142610_P001,674,73445,2026-08-21T14:27:24.386862,Okulary BME280,"32.59,65.38,29.55,82.53,30.07,79.93,29.55,41.01",32.59,65.38,29.55,82.53,30.07,79.93,29.55,41.01,true,0
session_20260821_142610_P001,675,73578,2026-08-21T14:27:24.519780,Okulary BME280,"32.58,65.37,29.45,82.20,29.84,79.61,29.55,41.01",32.58,65.37,29.45,82.20,29.84,79.61,29.55,41.01,true,0
session_20260821_142610_P001,676,73668,2026-08-21T14:27:24.609648,Okulary BME280,"32.59,65.34,29.32,81.71,29.67,79.29,29.54,41.02",32.59,65.34,29.32,81.71,29.67,79.29,29.54,41.02,true,0
session_20260821_142610_P001,677,73820,2026-08-21T14:27:24.762075,Okulary BME280,"32.58,65.30,29.27,81.43,29.54,78.98,29.55,41.02",32.58,65.30,29.27,81.43,29.54,78.98,29.55,41.02,true,0
session_20260821_142610_P001,678,73897,2026-08-21T14:27:24.838922,Okulary BME280,"32.58,65.28,29.23,81.13,29.45,78.68,29.54,41.02",32.58,65.28,29.23,81.13,29.45,78.68,29.54,41.02,true,0
session_20260821_142610_P001,679,74057,2026-08-21T14:27:24.998312,Okulary BME280,"32.58,65.24,29.20,80.84,29.39,78.33,29.54,41.02",32.58,65.24,29.20,80.84,29.39,78.33,29.54,41.02,true,0
session_20260821_142610_P001,680,74116,2026-08-21T14:27:25.057844,Okulary BME280,"32.58,65.19,29.18,80.57,29.35,77.97,29.54,41.03",32.58,65.19,29.18,80.57,29.35,77.97,29.54,41.03,true,0
session_20260821_142610_P001,681,74249,2026-08-21T14:27:25.190529,Okulary BME280,"32.57,65.12,29.16,80.30,29.32,77.61,29.53,41.00",32.57,65.12,29.16,80.30,29.32,77.61,29.53,41.00,true,0
session_20260821_142610_P001,682,74342,2026-08-21T14:27:25.283492,Okulary BME280,"32.57,65.07,29.15,80.01,29.30,76.98,29.53,41.00",32.57,65.07,29.15,80.01,29.30,76.98,29.53,41.00,true,0
session_20260821_142610_P001,683,74433,2026-08-21T14:27:25.374302,Okulary BME280,"32.57,65.02,29.14,79.71,29.31,76.67,29.52,41.03",32.57,65.02,29.14,79.71,29.31,76.67,29.52,41.03,true,0
session_20260821_142610_P001,684,74595,2026-08-21T14:27:25.537100,Okulary BME280,"32.57,64.97,29.13,79.44,29.32,76.32,29.52,41.03",32.57,64.97,29.13,79.44,29.32,76.32,29.52,41.03,true,0
session_20260821_142610_P001,685,74656,2026-08-21T14:27:25.597831,Okulary BME280,"32.57,64.91,29.11,78.97,29.32,76.02,29.52,41.03",32.57,64.91,29.11,78.97,29.32,76.02,29.52,41.03,true,0
session_20260821_142610_P001,686,74811,2026-08-21T14:27:25.752998,Okulary BME280,"32.57,64.84,29.11,78.72,29.32,75.68,29.52,41.03",32.57,64.84,29.11,78.72,29.32,75.68,29.52,41.03,true,0
session_20260821_142610_P001,687,74892,2026-08-21T14:27:25.833532,Okulary BME280,"32.57,64.77,29.11,78.51,29.32,75.36,29.52,41.03",32.57,64.77,29.11,78.51,29.32,75.36,29.52,41.03,true,0
session_20260821_142610_P001,688,74973,2026-08-21T14:27:25.914730,Okulary BME280,"32.57,64.70,29.11,78.57,29.32,75.89,29.52,41.03",32.57,64.70,29.11,78.57,29.32,75.89,29.52,41.03,true,0
session_20260821_142610_P001,689,75113,2026-08-21T14:27:26.054353,Okulary BME280,"32.57,64.72,29.14,78.80,29.37,76.88,29.52,40.98",32.57,64.72,29.14,78.80,29.37,76.88,29.52,40.98,true,0
session_20260821_142610_P001,690,75202,2026-08-21T14:27:26.143886,Okulary BME280,"32.57,64.66,29.20,79.09,29.52,77.60,29.52,41.04",32.57,64.66,29.20,79.09,29.52,77.60,29.52,41.04,true,0
session_20260821_142610_P001,691,75361,2026-08-21T14:27:26.302365,Okulary BME280,"32.57,64.73,29.26,79.42,29.89,78.89,29.52,41.00",32.57,64.73,29.26,79.42,29.89,78.89,29.52,41.00,true,0
session_20260821_142610_P001,692,75421,2026-08-21T14:27:26.363175,Okulary BME280,"32.57,64.81,29.33,79.72,30.06,79.39,29.52,41.00",32.57,64.81,29.33,79.72,30.06,79.39,29.52,41.00,true,0
session_20260821_142610_P001,693,75540,2026-08-21T14:27:26.481255,Okulary BME280,"32.57,64.88,29.46,80.45,30.23,79.83,29.51,41.01",32.57,64.88,29.46,80.45,30.23,79.83,29.51,41.01,true,0
session_20260821_142610_P001,694,75654,2026-08-21T14:27:26.596112,Okulary BME280,"32.58,64.97,29.51,80.79,30.36,80.23,29.52,41.01",32.58,64.97,29.51,80.79,30.36,80.23,29.52,41.01,true,0
session_20260821_142610_P001,695,75766,2026-08-21T14:27:26.708077,Okulary BME280,"32.58,65.06,29.56,81.12,30.48,80.60,29.52,41.01",32.58,65.06,29.56,81.12,30.48,80.60,29.52,41.01,true,0
session_20260821_142610_P001,696,75872,2026-08-21T14:27:26.814171,Okulary BME280,"32.58,65.13,29.61,81.46,30.59,80.91,29.52,41.01",32.58,65.13,29.61,81.46,30.59,80.91,29.52,41.01,true,0
session_20260821_142610_P001,697,75984,2026-08-21T14:27:26.925416,Okulary BME280,"32.58,65.22,29.65,81.78,30.69,81.15,29.52,41.03",32.58,65.22,29.65,81.78,30.69,81.15,29.52,41.03,true,0
session_20260821_142610_P001,698,76127,2026-08-21T14:27:27.068891,Okulary BME280,"32.59,65.24,29.68,82.03,30.79,81.26,29.51,41.03",32.59,65.24,29.68,82.03,30.79,81.26,29.51,41.03,true,0
session_20260821_142610_P001,699,76185,2026-08-21T14:27:27.126797,Okulary BME280,"32.58,65.38,29.69,82.26,30.83,80.85,29.51,41.04",32.58,65.38,29.69,82.26,30.83,80.85,29.51,41.04,true,0
session_20260821_142610_P001,700,76281,2026-08-21T14:27:27.222255,Okulary BME280,"32.59,65.42,29.69,82.29,30.66,80.26,29.51,41.04",32.59,65.42,29.69,82.29,30.66,80.26,29.51,41.04,true,0
session_20260821_142610_P001,701,76444,2026-08-21T14:27:27.386020,Okulary BME280,"32.58,65.43,29.64,82.20,30.40,79.73,29.51,41.05",32.58,65.43,29.64,82.20,30.40,79.73,29.51,41.05,true,0
session_20260821_142610_P001,702,76532,2026-08-21T14:27:27.473309,Okulary BME280,"32.58,65.43,29.46,81.79,30.11,79.29,29.52,41.06",32.58,65.43,29.46,81.79,30.11,79.29,29.52,41.06,true,0
session_20260821_142610_P001,703,76646,2026-08-21T14:27:27.587556,Okulary BME280,"32.58,65.44,29.38,81.56,29.85,78.91,29.52,41.07",32.58,65.44,29.38,81.56,29.85,78.91,29.52,41.07,true,0
session_20260821_142610_P001,704,76745,2026-08-21T14:27:27.686211,Okulary BME280,"32.58,65.40,29.32,81.30,29.65,78.57,29.51,41.08",32.58,65.40,29.32,81.30,29.65,78.57,29.51,41.08,true,0
session_20260821_142610_P001,705,76862,2026-08-21T14:27:27.803303,Okulary BME280,"32.58,65.37,29.27,81.03,29.50,78.19,29.52,41.08",32.58,65.37,29.27,81.03,29.50,78.19,29.52,41.08,true,0
session_20260821_142610_P001,706,76950,2026-08-21T14:27:27.892088,Okulary BME280,"32.58,65.30,29.24,80.77,29.40,77.86,29.52,41.10",32.58,65.30,29.24,80.77,29.40,77.86,29.52,41.10,true,0
session_20260821_142610_P001,707,77048,2026-08-21T14:27:27.990200,Okulary BME280,"32.57,65.24,29.20,80.50,29.33,77.44,29.51,41.08",32.57,65.24,29.20,80.50,29.33,77.44,29.51,41.08,true,0
session_20260821_142610_P001,708,77177,2026-08-21T14:27:28.118489,Okulary BME280,"32.57,65.19,29.18,80.24,29.26,76.67,29.52,41.08",32.57,65.19,29.18,80.24,29.26,76.67,29.52,41.08,true,0
session_20260821_142610_P001,709,77268,2026-08-21T14:27:28.209251,Okulary BME280,"32.57,65.13,29.16,80.00,29.25,76.32,29.52,41.10",32.57,65.13,29.16,80.00,29.25,76.32,29.52,41.10,true,0
session_20260821_142610_P001,710,77420,2026-08-21T14:27:28.362138,Okulary BME280,"32.57,65.08,29.15,79.69,29.25,75.97,29.51,41.10",32.57,65.08,29.15,79.69,29.25,75.97,29.51,41.10,true,0
session_20260821_142610_P001,711,77492,2026-08-21T14:27:28.433227,Okulary BME280,"32.57,65.02,29.14,79.19,29.25,75.62,29.51,41.11",32.57,65.02,29.14,79.19,29.25,75.62,29.51,41.11,true,0
session_20260821_142610_P001,712,77643,2026-08-21T14:27:28.584573,Okulary BME280,"32.57,64.95,29.13,78.94,29.25,75.29,29.52,41.11",32.57,64.95,29.13,78.94,29.25,75.29,29.52,41.11,true,0
session_20260821_142610_P001,713,77733,2026-08-21T14:27:28.674907,Okulary BME280,"32.56,64.87,29.12,78.68,29.25,74.95,29.51,41.11",32.56,64.87,29.12,78.68,29.25,74.95,29.51,41.11,true,0
session_20260821_142610_P001,714,77832,2026-08-21T14:27:28.773343,Okulary BME280,"32.56,64.81,29.12,78.43,29.25,74.63,29.51,41.10",32.56,64.81,29.12,78.43,29.25,74.63,29.51,41.10,true,0
session_20260821_142610_P001,715,77963,2026-08-21T14:27:28.905200,Okulary BME280,"32.57,64.69,29.11,78.18,29.24,74.29,29.51,41.11",32.57,64.69,29.11,78.18,29.24,74.29,29.51,41.11,true,0
session_20260821_142610_P001,716,78033,2026-08-21T14:27:28.974885,Okulary BME280,"32.56,64.67,29.11,77.96,29.24,74.02,29.51,41.12",32.56,64.67,29.11,77.96,29.24,74.02,29.51,41.12,true,0
session_20260821_142610_P001,717,78167,2026-08-21T14:27:29.108335,Okulary BME280,"32.57,64.57,29.10,77.98,29.28,75.34,29.51,41.07",32.57,64.57,29.10,77.98,29.28,75.34,29.51,41.07,true,0
session_20260821_142610_P001,718,78266,2026-08-21T14:27:29.207692,Okulary BME280,"32.56,64.56,29.12,78.10,29.41,76.21,29.51,41.09",32.56,64.56,29.12,78.10,29.41,76.21,29.51,41.09,true,0
session_20260821_142610_P001,719,78346,2026-08-21T14:27:29.288194,Okulary BME280,"32.56,64.58,29.23,78.78,29.59,76.96,29.50,41.09",32.56,64.58,29.23,78.78,29.59,76.96,29.50,41.09,true,0
session_20260821_142610_P001,720,78482,2026-08-21T14:27:29.423442,Okulary BME280,"32.57,64.65,29.29,79.12,29.77,77.60,29.50,41.09",32.57,64.65,29.29,79.12,29.77,77.60,29.50,41.09,true,0
session_20260821_142610_P001,721,78577,2026-08-21T14:27:29.518914,Okulary BME280,"32.57,64.71,29.35,79.47,29.93,78.20,29.50,41.09",32.57,64.71,29.35,79.47,29.93,78.20,29.50,41.09,true,0
session_20260821_142610_P001,722,78707,2026-08-21T14:27:29.648666,Okulary BME280,"32.57,64.78,29.40,79.86,30.09,78.73,29.50,41.08",32.57,64.78,29.40,79.86,30.09,78.73,29.50,41.08,true,0
session_20260821_142610_P001,723,78798,2026-08-21T14:27:29.739281,Okulary BME280,"32.57,64.87,29.45,80.22,30.24,79.16,29.50,41.08",32.57,64.87,29.45,80.22,30.24,79.16,29.50,41.08,true,0
session_20260821_142610_P001,724,78936,2026-08-21T14:27:29.878160,Okulary BME280,"32.57,64.92,29.51,80.56,30.36,79.53,29.50,41.08",32.57,64.92,29.51,80.56,30.36,79.53,29.50,41.08,true,0
session_20260821_142610_P001,725,79038,2026-08-21T14:27:29.979479,Okulary BME280,"32.58,65.12,29.55,80.88,30.54,80.23,29.50,41.07",32.58,65.12,29.55,80.88,30.54,80.23,29.50,41.07,true,0
session_20260821_142610_P001,726,79136,2026-08-21T14:27:30.077345,Okulary BME280,"32.58,65.19,29.58,81.26,30.62,80.49,29.50,41.09",32.58,65.19,29.58,81.26,30.62,80.49,29.50,41.09,true,0
session_20260821_142610_P001,727,79265,2026-08-21T14:27:30.206926,Okulary BME280,"32.58,65.27,29.62,81.51,30.70,80.68,29.50,41.08",32.58,65.27,29.62,81.51,30.70,80.68,29.50,41.08,true,0
session_20260821_142610_P001,728,79353,2026-08-21T14:27:30.294338,Okulary BME280,"32.57,65.33,29.67,82.08,30.76,80.76,29.50,41.08",32.57,65.33,29.67,82.08,30.76,80.76,29.50,41.08,true,0
session_20260821_142610_P001,729,79472,2026-08-21T14:27:30.413959,Okulary BME280,"32.58,65.38,29.67,82.14,30.79,80.49,29.50,41.08",32.58,65.38,29.67,82.14,30.79,80.49,29.50,41.08,true,0
session_20260821_142610_P001,730,79565,2026-08-21T14:27:30.506869,Okulary BME280,"32.58,65.43,29.62,82.05,30.68,79.83,29.50,41.08",32.58,65.43,29.62,82.05,30.68,79.83,29.50,41.08,true,0
session_20260821_142610_P001,731,79698,2026-08-21T14:27:30.639966,Okulary BME280,"32.57,65.45,29.54,81.88,30.39,79.23,29.50,41.08",32.57,65.45,29.54,81.88,30.39,79.23,29.50,41.08,true,0
session_20260821_142610_P001,732,79810,2026-08-21T14:27:30.751876,Okulary BME280,"32.57,65.45,29.44,81.66,30.06,78.77,29.50,41.08",32.57,65.45,29.44,81.66,30.06,78.77,29.50,41.08,true,0
session_20260821_142610_P001,733,79881,2026-08-21T14:27:30.822482,Okulary BME280,"32.57,65.44,29.35,81.42,29.75,78.42,29.49,41.08",32.57,65.44,29.35,81.42,29.75,78.42,29.49,41.08,true,0
session_20260821_142610_P001,734,80033,2026-08-21T14:27:30.974519,Okulary BME280,"32.57,65.41,29.28,81.16,29.36,77.67,29.48,41.07",32.57,65.41,29.28,81.16,29.36,77.67,29.48,41.07,true,0
session_20260821_142610_P001,735,80101,2026-08-21T14:27:31.043132,Okulary BME280,"32.57,65.38,29.23,80.89,29.26,77.30,29.49,41.07",32.57,65.38,29.23,80.89,29.26,77.30,29.49,41.07,true,0
session_20260821_142610_P001,736,80240,2026-08-21T14:27:31.181516,Okulary BME280,"32.56,65.34,29.18,80.62,29.20,76.92,29.48,41.07",32.56,65.34,29.18,80.62,29.20,76.92,29.48,41.07,true,0
session_20260821_142610_P001,737,80334,2026-08-21T14:27:31.275519,Okulary BME280,"32.56,65.29,29.13,80.11,29.17,76.54,29.48,41.07",32.56,65.29,29.13,80.11,29.17,76.54,29.48,41.07,true,0
session_20260821_142610_P001,738,80422,2026-08-21T14:27:31.363763,Okulary BME280,"32.57,65.25,29.12,79.84,29.16,76.18,29.48,41.06",32.57,65.25,29.12,79.84,29.16,76.18,29.48,41.06,true,0
session_20260821_142610_P001,739,80551,2026-08-21T14:27:31.492834,Okulary BME280,"32.56,65.21,29.11,79.59,29.17,75.87,29.48,41.06",32.56,65.21,29.11,79.59,29.17,75.87,29.48,41.06,true,0
session_20260821_142610_P001,740,80671,2026-08-21T14:27:31.612607,Okulary BME280,"32.56,65.18,29.10,79.36,29.19,75.58,29.47,41.06",32.56,65.18,29.10,79.36,29.19,75.58,29.47,41.06,true,0
session_20260821_142610_P001,741,80778,2026-08-21T14:27:31.719869,Okulary BME280,"32.55,65.20,29.10,79.11,29.22,75.28,29.47,41.06",32.55,65.20,29.10,79.11,29.22,75.28,29.47,41.06,true,0
session_20260821_142610_P001,742,80871,2026-08-21T14:27:31.812428,Okulary BME280,"32.56,65.18,29.09,78.93,29.24,75.15,29.47,41.06",32.56,65.18,29.09,78.93,29.24,75.15,29.47,41.06,true,0
session_20260821_142610_P001,743,81012,2026-08-21T14:27:31.953221,Okulary BME280,"32.55,65.10,29.09,78.99,29.34,76.50,29.46,41.08",32.55,65.10,29.09,78.99,29.34,76.50,29.46,41.08,true,0
session_20260821_142610_P001,744,81093,2026-08-21T14:27:32.034633,Okulary BME280,"32.56,65.10,29.12,79.11,29.49,77.26,29.46,41.04",32.56,65.10,29.12,79.11,29.49,77.26,29.46,41.04,true,0
session_20260821_142610_P001,745,81183,2026-08-21T14:27:32.124792,Okulary BME280,"32.56,65.13,29.23,79.67,29.68,77.91,29.45,41.07",32.56,65.13,29.23,79.67,29.68,77.91,29.45,41.07,true,0
session_20260821_142610_P001,746,81336,2026-08-21T14:27:32.277471,Okulary BME280,"32.56,65.17,29.28,79.99,29.88,78.46,29.44,41.08",32.56,65.17,29.28,79.99,29.88,78.46,29.44,41.08,true,0
session_20260821_142610_P001,747,81407,2026-08-21T14:27:32.348885,Okulary BME280,"32.56,65.23,29.35,80.34,30.03,78.99,29.44,41.08",32.56,65.23,29.35,80.34,30.03,78.99,29.44,41.08,true,0
session_20260821_142610_P001,748,81567,2026-08-21T14:27:32.508564,Okulary BME280,"32.56,65.28,29.42,80.67,30.19,79.47,29.43,41.08",32.56,65.28,29.42,80.67,30.19,79.47,29.43,41.08,true,0
session_20260821_142610_P001,749,81637,2026-08-21T14:27:32.578535,Okulary BME280,"32.56,65.36,29.48,81.01,30.33,79.84,29.43,41.08",32.56,65.36,29.48,81.01,30.33,79.84,29.43,41.08,true,0
session_20260821_142610_P001,750,81767,2026-08-21T14:27:32.708258,Okulary BME280,"32.56,65.42,29.53,81.34,30.45,80.12,29.43,41.09",32.56,65.42,29.53,81.34,30.45,80.12,29.43,41.09,true,0
session_20260821_142610_P001,751,81865,2026-08-21T14:27:32.806868,Okulary BME280,"32.56,65.58,29.58,81.65,30.56,80.72,29.43,41.08",32.56,65.58,29.58,81.65,30.56,80.72,29.43,41.08,true,0
session_20260821_142610_P001,752,81955,2026-08-21T14:27:32.896557,Okulary BME280,"32.57,65.66,29.62,81.95,30.73,80.98,29.42,41.10",32.57,65.66,29.62,81.95,30.73,80.98,29.42,41.10,true,0
session_20260821_142610_P001,753,82095,2026-08-21T14:27:33.037091,Okulary BME280,"32.57,65.73,29.66,82.28,30.82,81.16,29.43,41.10",32.57,65.73,29.66,82.28,30.82,81.16,29.43,41.10,true,0
session_20260821_142610_P001,754,82172,2026-08-21T14:27:33.113497,Okulary BME280,"32.57,65.80,29.71,82.77,30.88,81.20,29.42,41.09",32.57,65.80,29.71,82.77,30.88,81.20,29.42,41.09,true,0
session_20260821_142610_P001,755,82308,2026-08-21T14:27:33.249689,Okulary BME280,"32.57,65.86,29.73,82.90,30.91,81.11,29.42,41.10",32.57,65.86,29.73,82.90,30.91,81.11,29.42,41.10,true,0
session_20260821_142610_P001,756,82412,2026-08-21T14:27:33.353541,Okulary BME280,"32.57,65.90,29.71,82.86,30.87,80.63,29.42,41.10",32.57,65.90,29.71,82.86,30.87,80.63,29.42,41.10,true,0
session_20260821_142610_P001,757,82560,2026-08-21T14:27:33.501877,Okulary BME280,"32.57,65.93,29.64,82.71,30.66,80.00,29.42,41.11",32.57,65.93,29.64,82.71,30.66,80.00,29.42,41.11,true,0
session_20260821_142610_P001,758,82653,2026-08-21T14:27:33.594642,Okulary BME280,"32.57,65.99,29.54,82.50,30.35,79.42,29.43,41.10",32.57,65.99,29.54,82.50,30.35,79.42,29.43,41.10,true,0
session_20260821_142610_P001,759,82730,2026-08-21T14:27:33.671764,Okulary BME280,"32.57,65.93,29.44,82.26,30.02,78.89,29.43,41.11",32.57,65.93,29.44,82.26,30.02,78.89,29.43,41.11,true,0
session_20260821_142610_P001,760,82847,2026-08-21T14:27:33.788641,Okulary BME280,"32.56,65.96,29.36,82.01,29.52,78.15,29.43,41.12",32.56,65.96,29.36,82.01,29.52,78.15,29.43,41.12,true,0
session_20260821_142610_P001,761,82946,2026-08-21T14:27:33.887241,Okulary BME280,"32.56,65.94,29.29,81.74,29.35,77.82,29.43,41.15",32.56,65.94,29.29,81.74,29.35,77.82,29.43,41.15,true,0
session_20260821_142610_P001,762,83084,2026-08-21T14:27:34.025990,Okulary BME280,"32.56,65.92,29.24,81.45,29.25,77.48,29.43,41.11",32.56,65.92,29.24,81.45,29.25,77.48,29.43,41.11,true,0
session_20260821_142610_P001,763,83164,2026-08-21T14:27:34.105381,Okulary BME280,"32.56,65.89,29.17,80.91,29.19,77.13,29.43,41.13",32.56,65.89,29.17,80.91,29.19,77.13,29.43,41.13,true,0
session_20260821_142610_P001,764,83265,2026-08-21T14:27:34.206257,Okulary BME280,"32.56,65.84,29.15,80.63,29.16,76.73,29.43,41.13",32.56,65.84,29.15,80.63,29.16,76.73,29.43,41.13,true,0
session_20260821_142610_P001,765,83389,2026-08-21T14:27:34.330325,Okulary BME280,"32.56,65.79,29.13,80.36,29.14,76.34,29.43,41.13",32.56,65.79,29.13,80.36,29.14,76.34,29.43,41.13,true,0
session_20260821_142610_P001,766,83477,2026-08-21T14:27:34.418653,Okulary BME280,"32.55,65.74,29.12,80.08,29.13,75.96,29.43,41.12",32.55,65.74,29.12,80.08,29.13,75.96,29.43,41.12,true,0
session_20260821_142610_P001,767,83621,2026-08-21T14:27:34.562698,Okulary BME280,"32.56,65.65,29.11,79.80,29.13,75.55,29.43,41.12",32.56,65.65,29.11,79.80,29.13,75.55,29.43,41.12,true,0
session_20260821_142610_P001,768,83702,2026-08-21T14:27:34.644122,Okulary BME280,"32.55,65.56,29.11,79.53,29.13,75.22,29.42,41.13",32.55,65.56,29.11,79.53,29.13,75.22,29.42,41.13,true,0
session_20260821_142610_P001,769,83861,2026-08-21T14:27:34.802651,Okulary BME280,"32.55,65.55,29.10,79.25,29.13,74.53,29.43,41.13",32.55,65.55,29.10,79.25,29.13,74.53,29.43,41.13,true,0
session_20260821_142610_P001,770,83928,2026-08-21T14:27:34.869737,Okulary BME280,"32.55,65.51,29.10,79.00,29.13,74.26,29.42,41.14",32.55,65.51,29.10,79.00,29.13,74.26,29.42,41.14,true,0
session_20260821_142610_P001,771,84047,2026-08-21T14:27:34.988653,Okulary BME280,"32.54,65.47,29.09,78.52,29.15,73.98,29.42,41.16",32.54,65.47,29.09,78.52,29.15,73.98,29.42,41.16,true,0
session_20260821_142610_P001,772,84177,2026-08-21T14:27:35.119175,Okulary BME280,"32.55,65.42,29.08,78.44,29.15,74.11,29.43,41.15",32.55,65.42,29.08,78.44,29.15,74.11,29.43,41.15,true,0
session_20260821_142610_P001,773,84251,2026-08-21T14:27:35.192561,Okulary BME280,"32.54,65.37,29.09,78.59,29.19,75.02,29.42,41.14",32.54,65.37,29.09,78.59,29.19,75.02,29.42,41.14,true,0
session_20260821_142610_P001,774,84379,2026-08-21T14:27:35.320537,Okulary BME280,"32.54,65.35,29.12,78.83,29.31,75.96,29.42,41.13",32.54,65.35,29.12,78.83,29.31,75.96,29.42,41.13,true,0
session_20260821_142610_P001,775,84471,2026-08-21T14:27:35.412341,Okulary BME280,"32.54,65.32,29.18,79.12,29.50,76.79,29.42,41.13",32.54,65.32,29.18,79.12,29.50,76.79,29.42,41.13,true,0
session_20260821_142610_P001,776,84604,2026-08-21T14:27:35.545585,Okulary BME280,"32.54,65.32,29.25,79.45,29.70,77.48,29.42,41.15",32.54,65.32,29.25,79.45,29.70,77.48,29.42,41.15,true,0
session_20260821_142610_P001,777,84771,2026-08-21T14:27:35.713203,Okulary BME280,"32.55,65.49,29.31,79.79,30.07,78.61,29.42,41.16",32.55,65.49,29.31,79.79,30.07,78.61,29.42,41.16,true,0
session_20260821_142610_P001,778,84781,2026-08-21T14:27:35.722697,Okulary BME280,"32.55,65.55,29.37,80.12,30.22,79.09,29.42,41.16",32.55,65.55,29.37,80.12,30.22,79.09,29.42,41.16,true,0
session_20260821_142610_P001,779,84917,2026-08-21T14:27:35.858635,Okulary BME280,"32.55,65.61,29.43,80.47,30.36,79.52,29.42,41.15",32.55,65.61,29.43,80.47,30.36,79.52,29.42,41.15,true,0
session_20260821_142610_P001,780,85006,2026-08-21T14:27:35.947714,Okulary BME280,"32.55,65.68,29.53,81.18,30.47,79.88,29.41,41.17",32.55,65.68,29.53,81.18,30.47,79.88,29.41,41.17,true,0
session_20260821_142610_P001,781,85148,2026-08-21T14:27:36.090025,Okulary BME280,"32.56,65.76,29.58,81.50,30.58,80.14,29.41,41.19",32.56,65.76,29.58,81.50,30.58,80.14,29.41,41.19,true,0
session_20260821_142610_P001,782,85236,2026-08-21T14:27:36.178109,Okulary BME280,"32.55,65.82,29.61,81.79,30.66,80.37,29.41,41.21",32.55,65.82,29.61,81.79,30.66,80.37,29.41,41.21,true,0
session_20260821_142610_P001,783,85342,2026-08-21T14:27:36.283286,Okulary BME280,"32.56,65.88,29.63,82.05,30.73,80.55,29.41,41.24",32.56,65.88,29.63,82.05,30.73,80.55,29.41,41.24,true,0
session_20260821_142610_P001,784,85481,2026-08-21T14:27:36.422502,Okulary BME280,"32.56,65.89,29.64,82.26,30.79,80.51,29.41,41.26",32.56,65.89,29.64,82.26,30.79,80.51,29.41,41.26,true,0
session_20260821_142610_P001,785,85588,2026-08-21T14:27:36.530129,Okulary BME280,"32.56,65.97,29.63,82.44,30.81,80.56,29.41,41.27",32.56,65.97,29.63,82.44,30.81,80.56,29.41,41.27,true,0
session_20260821_142610_P001,786,85681,2026-08-21T14:27:36.623009,Okulary BME280,"32.56,66.02,29.61,82.37,30.59,79.70,29.41,41.28",32.56,66.02,29.61,82.37,30.59,79.70,29.41,41.28,true,0
session_20260821_142610_P001,787,85773,2026-08-21T14:27:36.715150,Okulary BME280,"32.55,66.03,29.54,82.23,30.29,79.18,29.40,41.28",32.55,66.03,29.54,82.23,30.29,79.18,29.40,41.28,true,0
session_20260821_142610_P001,788,85909,2026-08-21T14:27:36.850374,Okulary BME280,"32.55,66.04,29.45,81.76,29.97,78.69,29.40,41.29",32.55,66.04,29.45,81.76,29.97,78.69,29.40,41.29,true,0
session_20260821_142610_P001,789,85997,2026-08-21T14:27:36.939155,Okulary BME280,"32.55,66.03,29.28,81.52,29.69,78.27,29.41,41.31",32.55,66.03,29.28,81.52,29.69,78.27,29.41,41.31,true,0
session_20260821_142610_P001,790,86091,2026-08-21T14:27:37.032458,Okulary BME280,"32.55,66.02,29.23,81.25,29.48,77.89,29.41,41.28",32.55,66.02,29.23,81.25,29.48,77.89,29.41,41.28,true,0
session_20260821_142610_P001,791,86222,2026-08-21T14:27:37.163764,Okulary BME280,"32.55,66.00,29.17,80.98,29.31,77.53,29.41,41.29",32.55,66.00,29.17,80.98,29.31,77.53,29.41,41.29,true,0
session_20260821_142610_P001,792,86337,2026-08-21T14:27:37.278299,Okulary BME280,"32.55,65.97,29.14,80.70,29.20,77.18,29.41,41.28",32.55,65.97,29.14,80.70,29.20,77.18,29.41,41.28,true,0
session_20260821_142610_P001,793,86469,2026-08-21T14:27:37.410260,Okulary BME280,"32.54,65.98,29.12,80.43,29.13,76.80,29.41,41.27",32.54,65.98,29.12,80.43,29.13,76.80,29.41,41.27,true,0
session_20260821_142610_P001,794,86574,2026-08-21T14:27:37.515316,Okulary BME280,"32.54,65.87,29.09,80.14,29.09,76.50,29.41,41.28",32.54,65.87,29.09,80.14,29.09,76.50,29.41,41.28,true,0
session_20260821_142610_P001,795,86671,2026-08-21T14:27:37.612402,Okulary BME280,"32.54,65.87,29.08,79.89,29.06,75.69,29.41,41.27",32.54,65.87,29.08,79.89,29.06,75.69,29.41,41.27,true,0
session_20260821_142610_P001,796,86768,2026-08-21T14:27:37.709415,Okulary BME280,"32.54,65.82,29.07,79.61,29.06,75.30,29.41,41.27",32.54,65.82,29.07,79.61,29.06,75.30,29.41,41.27,true,0
session_20260821_142610_P001,797,86859,2026-08-21T14:27:37.801060,Okulary BME280,"32.54,65.77,29.05,79.10,29.06,74.93,29.41,41.25",32.54,65.77,29.05,79.10,29.06,74.93,29.41,41.25,true,0
session_20260821_142610_P001,798,86986,2026-08-21T14:27:37.927675,Okulary BME280,"32.54,65.73,29.05,78.83,29.06,74.58,29.41,41.27",32.54,65.73,29.05,78.83,29.06,74.58,29.41,41.27,true,0
session_20260821_142610_P001,799,87112,2026-08-21T14:27:38.053858,Okulary BME280,"32.54,65.68,29.04,78.59,29.06,74.28,29.40,41.26",32.54,65.68,29.04,78.59,29.06,74.28,29.40,41.26,true,0
session_20260821_142610_P001,800,87211,2026-08-21T14:27:38.152819,Okulary BME280,"32.53,65.64,29.04,78.48,29.07,74.31,29.40,41.26",32.53,65.64,29.04,78.48,29.07,74.31,29.40,41.26,true,0
session_20260821_142610_P001,801,87313,2026-08-21T14:27:38.254484,Okulary BME280,"32.53,65.61,29.05,78.63,29.10,75.15,29.40,41.24",32.53,65.61,29.05,78.63,29.10,75.15,29.40,41.24,true,0
session_20260821_142610_P001,802,87464,2026-08-21T14:27:38.405299,Okulary BME280,"32.53,65.54,29.09,78.86,29.24,76.03,29.40,41.24",32.53,65.54,29.09,78.86,29.24,76.03,29.40,41.24,true,0
session_20260821_142610_P001,803,87525,2026-08-21T14:27:38.466402,Okulary BME280,"32.53,65.63,29.15,79.16,29.63,77.43,29.40,41.24",32.53,65.63,29.15,79.16,29.63,77.43,29.40,41.24,true,0
session_20260821_142610_P001,804,87623,2026-08-21T14:27:38.564229,Okulary BME280,"32.54,65.67,29.21,79.49,29.82,78.05,29.39,41.24",32.54,65.67,29.21,79.49,29.82,78.05,29.39,41.24,true,0
session_20260821_142610_P001,805,87779,2026-08-21T14:27:38.720461,Okulary BME280,"32.53,65.71,29.27,79.82,30.00,78.58,29.39,41.22",32.53,65.71,29.27,79.82,30.00,78.58,29.39,41.22,true,0
session_20260821_142610_P001,806,87841,2026-08-21T14:27:38.783046,Okulary BME280,"32.54,65.77,29.39,80.50,30.16,79.02,29.38,41.21",32.54,65.77,29.39,80.50,30.16,79.02,29.38,41.21,true,0
session_20260821_142610_P001,807,88000,2026-08-21T14:27:38.942078,Okulary BME280,"32.54,65.84,29.44,80.84,30.30,79.39,29.38,41.22",32.54,65.84,29.44,80.84,30.30,79.39,29.38,41.22,true,0
session_20260821_142610_P001,808,88102,2026-08-21T14:27:39.044020,Okulary BME280,"32.54,65.89,29.48,81.16,30.40,79.76,29.38,41.22",32.54,65.89,29.48,81.16,30.40,79.76,29.38,41.22,true,0
session_20260821_142610_P001,809,88157,2026-08-21T14:27:39.099173,Okulary BME280,"32.54,65.94,29.52,81.51,30.51,80.16,29.37,41.22",32.54,65.94,29.52,81.51,30.51,80.16,29.37,41.22,true,0
session_20260821_142610_P001,810,88293,2026-08-21T14:27:39.234471,Okulary BME280,"32.54,66.04,29.57,81.83,30.60,80.43,29.37,41.22",32.54,66.04,29.57,81.83,30.60,80.43,29.37,41.22,true,0
session_20260821_142610_P001,811,88381,2026-08-21T14:27:39.323170,Okulary BME280,"32.54,66.03,29.61,82.09,30.69,80.57,29.37,41.23",32.54,66.03,29.61,82.09,30.69,80.57,29.37,41.23,true,0
session_20260821_142610_P001,812,88526,2026-08-21T14:27:39.468006,Okulary BME280,"32.54,66.16,29.63,82.20,30.70,79.90,29.35,41.23",32.54,66.16,29.63,82.20,30.70,79.90,29.35,41.23,true,0
session_20260821_142610_P001,813,88606,2026-08-21T14:27:39.547290,Okulary BME280,"32.54,66.20,29.60,82.18,30.45,79.35,29.35,41.25",32.54,66.20,29.60,82.18,30.45,79.35,29.35,41.25,true,0
session_20260821_142610_P001,814,88759,2026-08-21T14:27:39.701052,Okulary BME280,"32.54,66.21,29.51,81.75,30.13,78.85,29.35,41.28",32.54,66.21,29.51,81.75,30.13,78.85,29.35,41.28,true,0
session_20260821_142610_P001,815,88851,2026-08-21T14:27:39.792864,Okulary BME280,"32.54,66.21,29.32,81.52,29.82,78.46,29.35,41.34",32.54,66.21,29.32,81.52,29.82,78.46,29.35,41.34,true,0
session_20260821_142610_P001,816,88931,2026-08-21T14:27:39.873088,Okulary BME280,"32.54,66.22,29.24,81.26,29.56,78.13,29.35,41.31",32.54,66.22,29.24,81.26,29.56,78.13,29.35,41.31,true,0
session_20260821_142610_P001,817,89069,2026-08-21T14:27:40.011125,Okulary BME280,"32.53,66.20,29.17,81.00,29.37,77.75,29.35,41.36",32.53,66.20,29.17,81.00,29.37,77.75,29.35,41.36,true,0
session_20260821_142610_P001,818,89160,2026-08-21T14:27:40.102136,Okulary BME280,"32.54,66.17,29.13,80.74,29.23,77.38,29.35,41.36",32.54,66.17,29.13,80.74,29.23,77.38,29.35,41.36,true,0
session_20260821_142610_P001,819,89281,2026-08-21T14:27:40.222646,Okulary BME280,"32.53,66.20,29.09,80.45,29.14,77.05,29.36,41.37",32.53,66.20,29.09,80.45,29.14,77.05,29.36,41.37,true,0
session_20260821_142610_P001,820,89378,2026-08-21T14:27:40.319971,Okulary BME280,"32.53,66.09,29.07,80.20,29.09,76.61,29.36,41.37",32.53,66.09,29.07,80.20,29.09,76.61,29.36,41.37,true,0
session_20260821_142610_P001,821,89513,2026-08-21T14:27:40.454482,Okulary BME280,"32.53,66.06,29.05,79.86,29.04,75.78,29.35,41.37",32.53,66.06,29.05,79.86,29.04,75.78,29.35,41.37,true,0
session_20260821_142610_P001,822,89598,2026-08-21T14:27:40.539547,Okulary BME280,"32.52,66.01,29.04,79.65,29.03,75.41,29.36,41.36",32.52,66.01,29.04,79.65,29.03,75.41,29.36,41.36,true,0
session_20260821_142610_P001,823,89685,2026-08-21T14:27:40.627069,Okulary BME280,"32.52,65.98,29.02,79.13,29.04,75.03,29.35,41.36",32.52,65.98,29.02,79.13,29.04,75.03,29.35,41.36,true,0
session_20260821_142610_P001,824,89830,2026-08-21T14:27:40.771920,Okulary BME280,"32.52,65.93,29.02,78.87,29.04,74.66,29.35,41.35",32.52,65.93,29.02,78.87,29.04,74.66,29.35,41.35,true,0
session_20260821_142610_P001,825,89921,2026-08-21T14:27:40.863023,Okulary BME280,"32.52,65.86,29.02,78.63,29.03,74.30,29.35,41.31",32.52,65.86,29.02,78.63,29.03,74.30,29.35,41.31,true,0
session_20260821_142610_P001,826,90074,2026-08-21T14:27:41.016190,Okulary BME280,"32.52,65.81,29.01,78.39,29.03,73.96,29.35,41.35",32.52,65.81,29.01,78.39,29.03,73.96,29.35,41.35,true,0
session_20260821_142610_P001,827,90136,2026-08-21T14:27:41.077498,Okulary BME280,"32.52,65.80,29.01,78.15,29.03,73.60,29.34,41.34",32.52,65.80,29.01,78.15,29.03,73.60,29.34,41.34,true,0
session_20260821_142610_P001,828,90229,2026-08-21T14:27:41.170282,Okulary BME280,"32.52,65.75,29.01,78.20,29.04,74.18,29.34,41.34",32.52,65.75,29.01,78.20,29.04,74.18,29.34,41.34,true,0
session_20260821_142610_P001,829,90382,2026-08-21T14:27:41.323713,Okulary BME280,"32.51,65.66,29.03,78.40,29.25,75.84,29.34,41.35",32.51,65.66,29.03,78.40,29.25,75.84,29.34,41.35,true,0
session_20260821_142610_P001,830,90452,2026-08-21T14:27:41.393568,Okulary BME280,"32.52,65.68,29.07,78.69,29.43,76.56,29.34,41.35",32.52,65.68,29.07,78.69,29.43,76.56,29.34,41.35,true,0
session_20260821_142610_P001,831,90588,2026-08-21T14:27:41.529861,Okulary BME280,"32.52,65.71,29.13,79.02,29.62,77.25,29.34,41.33",32.52,65.71,29.13,79.02,29.62,77.25,29.34,41.33,true,0
session_20260821_142610_P001,832,90705,2026-08-21T14:27:41.646878,Okulary BME280,"32.52,65.77,29.27,79.71,29.81,77.80,29.34,41.34",32.52,65.77,29.27,79.71,29.81,77.80,29.34,41.34,true,0
session_20260821_142610_P001,833,90810,2026-08-21T14:27:41.751642,Okulary BME280,"32.52,65.83,29.33,80.10,29.99,78.30,29.34,41.35",32.52,65.83,29.33,80.10,29.99,78.30,29.34,41.35,true,0
session_20260821_142610_P001,834,90903,2026-08-21T14:27:41.845084,Okulary BME280,"32.52,65.91,29.40,80.47,30.16,78.73,29.34,41.35",32.52,65.91,29.40,80.47,30.16,78.73,29.34,41.35,true,0
session_20260821_142610_P001,835,90994,2026-08-21T14:27:41.935663,Okulary BME280,"32.52,66.00,29.46,80.85,30.30,79.18,29.33,41.33",32.52,66.00,29.46,80.85,30.30,79.18,29.33,41.33,true,0
session_20260821_142610_P001,836,91130,2026-08-21T14:27:42.072139,Okulary BME280,"32.53,66.07,29.52,81.22,30.44,79.53,29.33,41.33",32.53,66.07,29.52,81.22,30.44,79.53,29.33,41.33,true,0
session_20260821_142610_P001,837,91218,2026-08-21T14:27:42.159835,Okulary BME280,"32.53,66.12,29.59,81.58,30.57,79.90,29.33,41.33",32.53,66.12,29.59,81.58,30.57,79.90,29.33,41.33,true,0
session_20260821_142610_P001,838,91359,2026-08-21T14:27:42.300748,Okulary BME280,"32.53,66.31,29.63,81.88,30.74,80.12,29.33,41.33",32.53,66.31,29.63,81.88,30.74,80.12,29.33,41.33,true,0
session_20260821_142610_P001,839,91459,2026-08-21T14:27:42.400378,Okulary BME280,"32.53,66.36,29.66,82.18,30.76,79.78,29.33,41.33",32.53,66.36,29.66,82.18,30.76,79.78,29.33,41.33,true,0
session_20260821_142610_P001,840,91600,2026-08-21T14:27:42.541764,Okulary BME280,"32.53,66.38,29.66,82.15,30.61,79.26,29.32,41.33",32.53,66.38,29.66,82.15,30.61,79.26,29.32,41.33,true,0
session_20260821_142610_P001,841,91702,2026-08-21T14:27:42.643337,Okulary BME280,"32.53,66.41,29.51,82.04,30.31,78.73,29.32,41.33",32.53,66.41,29.51,82.04,30.31,78.73,29.32,41.33,true,0
session_20260821_142610_P001,842,91768,2026-08-21T14:27:42.709658,Okulary BME280,"32.53,66.40,29.41,81.83,29.97,78.27,29.32,41.36",32.53,66.40,29.41,81.83,29.97,78.27,29.32,41.36,true,0
session_20260821_142610_P001,843,91892,2026-08-21T14:27:42.833457,Okulary BME280,"32.52,66.37,29.31,81.60,29.68,77.82,29.31,41.40",32.52,66.37,29.31,81.60,29.68,77.82,29.31,41.40,true,0
session_20260821_142610_P001,844,91990,2026-08-21T14:27:42.931785,Okulary BME280,"32.52,66.35,29.23,81.35,29.45,77.49,29.30,41.39",32.52,66.35,29.23,81.35,29.45,77.49,29.30,41.39,true,0
session_20260821_142610_P001,845,92116,2026-08-21T14:27:43.057766,Okulary BME280,"32.52,66.33,29.15,81.07,29.28,77.13,29.30,41.41",32.52,66.33,29.15,81.07,29.28,77.13,29.30,41.41,true,0
session_20260821_142610_P001,846,92210,2026-08-21T14:27:43.151315,Okulary BME280,"32.51,66.22,29.11,80.79,29.17,76.79,29.30,41.42",32.51,66.22,29.11,80.79,29.17,76.79,29.30,41.42,true,0
session_20260821_142610_P001,847,92370,2026-08-21T14:27:43.311564,Okulary BME280,"32.51,66.16,29.07,80.54,29.06,76.02,29.30,41.44",32.51,66.16,29.07,80.54,29.06,76.02,29.30,41.44,true,0
session_20260821_142610_P001,848,92434,2026-08-21T14:27:43.375897,Okulary BME280,"32.51,66.11,29.04,80.24,29.03,75.62,29.30,41.44",32.51,66.11,29.04,80.24,29.03,75.62,29.30,41.44,true,0
session_20260821_142610_P001,849,92525,2026-08-21T14:27:43.466319,Okulary BME280,"32.51,66.06,29.01,79.70,29.01,75.22,29.30,41.44",32.51,66.06,29.01,79.70,29.01,75.22,29.30,41.44,true,0
session_20260821_142610_P001,850,92673,2026-08-21T14:27:43.614304,Okulary BME280,"32.51,66.00,29.00,79.44,29.01,74.81,29.30,41.45",32.51,66.00,29.00,79.44,29.01,74.81,29.30,41.45,true,0
session_20260821_142610_P001,851,92760,2026-08-21T14:27:43.701340,Okulary BME280,"32.50,65.96,28.99,79.18,29.01,74.44,29.30,41.44",32.50,65.96,28.99,79.18,29.01,74.44,29.30,41.44,true,0
session_20260821_142610_P001,852,92887,2026-08-21T14:27:43.829023,Okulary BME280,"32.51,65.92,28.98,79.09,29.00,74.47,29.31,41.45",32.51,65.92,28.98,79.09,29.00,74.47,29.31,41.45,true,0
session_20260821_142610_P001,853,92976,2026-08-21T14:27:43.917779,Okulary BME280,"32.50,65.90,28.99,79.22,29.04,75.26,29.31,41.44",32.50,65.90,28.99,79.22,29.04,75.26,29.31,41.44,true,0
session_20260821_142610_P001,854,93088,2026-08-21T14:27:44.029984,Okulary BME280,"32.50,65.90,29.04,79.46,29.18,76.12,29.31,41.44",32.50,65.90,29.04,79.46,29.18,76.12,29.31,41.44,true,0
session_20260821_142610_P001,855,93196,2026-08-21T14:27:44.137364,Okulary BME280,"32.50,65.93,29.10,79.74,29.60,77.41,29.30,41.44",32.50,65.93,29.10,79.74,29.60,77.41,29.30,41.44,true,0
session_20260821_142610_P001,856,93290,2026-08-21T14:27:44.231330,Okulary BME280,"32.51,65.98,29.17,80.04,29.81,78.02,29.30,41.42",32.51,65.98,29.17,80.04,29.81,78.02,29.30,41.42,true,0
session_20260821_142610_P001,857,93440,2026-08-21T14:27:44.382119,Okulary BME280,"32.50,66.05,29.24,80.39,30.00,78.51,29.29,41.42",32.50,66.05,29.24,80.39,30.00,78.51,29.29,41.42,true,0
session_20260821_142610_P001,858,93513,2026-08-21T14:27:44.455096,Okulary BME280,"32.51,66.12,29.38,81.09,30.19,78.95,29.30,41.42",32.51,66.12,29.38,81.09,30.19,78.95,29.30,41.42,true,0
session_20260821_142610_P001,859,93670,2026-08-21T14:27:44.611312,Okulary BME280,"32.51,66.22,29.45,81.44,30.34,79.32,29.30,41.44",32.51,66.22,29.45,81.44,30.34,79.32,29.30,41.44,true,0
session_20260821_142610_P001,860,93737,2026-08-21T14:27:44.678897,Okulary BME280,"32.52,66.31,29.51,81.80,30.48,79.74,29.30,41.44",32.52,66.31,29.51,81.80,30.48,79.74,29.30,41.44,true,0
session_20260821_142610_P001,861,93832,2026-08-21T14:27:44.774023,Okulary BME280,"32.51,66.39,29.58,82.15,30.60,80.05,29.30,41.44",32.51,66.39,29.58,82.15,30.60,80.05,29.30,41.44,true,0
session_20260821_142610_P001,862,93988,2026-08-21T14:27:44.929361,Okulary BME280,"32.52,66.44,29.63,82.44,30.72,80.25,29.30,41.42",32.52,66.44,29.63,82.44,30.72,80.25,29.30,41.42,true,0
session_20260821_142610_P001,863,94059,2026-08-21T14:27:45.000429,Okulary BME280,"32.52,66.52,29.67,82.69,30.81,80.37,29.30,41.41",32.52,66.52,29.67,82.69,30.81,80.37,29.30,41.41,true,0
session_20260821_142610_P001,864,94190,2026-08-21T14:27:45.132125,Okulary BME280,"32.52,66.68,29.68,82.73,30.77,79.58,29.29,41.41",32.52,66.68,29.68,82.73,30.77,79.58,29.29,41.41,true,0
session_20260821_142610_P001,865,94284,2026-08-21T14:27:45.225263,Okulary BME280,"32.52,66.74,29.63,82.62,30.50,79.07,29.30,41.41",32.52,66.74,29.63,82.62,30.50,79.07,29.30,41.41,true,0
session_20260821_142610_P001,866,94411,2026-08-21T14:27:45.353099,Okulary BME280,"32.52,66.78,29.53,82.38,30.18,78.59,29.29,41.41",32.52,66.78,29.53,82.38,30.18,78.59,29.29,41.41,true,0
session_20260821_142610_P001,867,94503,2026-08-21T14:27:45.444806,Okulary BME280,"32.51,66.80,29.35,82.20,29.88,78.13,29.29,41.42",32.51,66.80,29.35,82.20,29.88,78.13,29.29,41.42,true,0
session_20260821_142610_P001,868,94591,2026-08-21T14:27:45.533001,Okulary BME280,"32.52,66.83,29.27,81.98,29.61,77.81,29.29,41.41",32.52,66.83,29.27,81.98,29.61,77.81,29.29,41.41,true,0
session_20260821_142610_P001,869,94734,2026-08-21T14:27:45.675493,Okulary BME280,"32.51,66.83,29.21,81.76,29.42,77.52,29.29,41.42",32.51,66.83,29.21,81.76,29.42,77.52,29.29,41.42,true,0
session_20260821_142610_P001,870,94821,2026-08-21T14:27:45.762355,Okulary BME280,"32.51,66.85,29.16,81.52,29.28,77.16,29.29,41.43",32.51,66.85,29.16,81.52,29.28,77.16,29.29,41.43,true,0
session_20260821_142610_P001,871,94951,2026-08-21T14:27:45.892354,Okulary BME280,"32.51,66.85,29.13,81.24,29.19,76.76,29.28,41.43",32.51,66.85,29.13,81.24,29.19,76.76,29.28,41.43,true,0
session_20260821_142610_P001,872,95041,2026-08-21T14:27:45.982437,Okulary BME280,"32.51,66.80,29.11,80.99,29.12,76.36,29.28,41.45",32.51,66.80,29.11,80.99,29.12,76.36,29.28,41.45,true,0
session_20260821_142610_P001,873,95157,2026-08-21T14:27:46.098223,Okulary BME280,"32.50,66.79,29.09,80.69,29.05,75.63,29.28,41.46",32.50,66.79,29.09,80.69,29.05,75.63,29.28,41.46,true,0
session_20260821_142610_P001,874,95296,2026-08-21T14:27:46.237475,Okulary BME280,"32.50,66.79,29.07,80.46,29.04,75.24,29.28,41.47",32.50,66.79,29.07,80.46,29.04,75.24,29.28,41.47,true,0
session_20260821_142610_P001,875,95368,2026-08-21T14:27:46.310123,Okulary BME280,"32.50,66.78,29.05,79.90,29.04,74.84,29.28,41.48",32.50,66.78,29.05,79.90,29.04,74.84,29.28,41.48,true,0
session_20260821_142610_P001,876,95495,2026-08-21T14:27:46.436896,Okulary BME280,"32.50,66.78,29.04,79.62,29.03,74.47,29.28,41.47",32.50,66.78,29.04,79.62,29.03,74.47,29.28,41.47,true,0
session_20260821_142610_P001,877,95581,2026-08-21T14:27:46.522353,Okulary BME280,"32.50,66.78,29.03,79.47,29.04,74.41,29.28,41.47",32.50,66.78,29.03,79.47,29.04,74.41,29.28,41.47,true,0
session_20260821_142610_P001,878,95720,2026-08-21T14:27:46.661461,Okulary BME280,"32.50,66.78,29.02,79.57,29.06,75.15,29.28,41.49",32.50,66.78,29.02,79.57,29.06,75.15,29.28,41.49,true,0
session_20260821_142610_P001,879,95815,2026-08-21T14:27:46.756789,Okulary BME280,"32.50,66.78,29.05,79.76,29.17,75.94,29.27,41.48",32.50,66.78,29.05,79.76,29.17,75.94,29.27,41.48,true,0
session_20260821_142610_P001,880,95900,2026-08-21T14:27:46.841870,Okulary BME280,"32.50,66.79,29.10,80.01,29.36,76.69,29.27,41.47",32.50,66.79,29.10,80.01,29.36,76.69,29.27,41.47,true,0
session_20260821_142610_P001,881,96037,2026-08-21T14:27:46.978863,Okulary BME280,"32.50,66.87,29.17,80.31,29.77,77.92,29.27,41.47",32.50,66.87,29.17,80.31,29.77,77.92,29.27,41.47,true,0
session_20260821_142610_P001,882,96119,2026-08-21T14:27:47.060724,Okulary BME280,"32.50,66.92,29.24,80.62,29.97,78.47,29.27,41.47",32.50,66.92,29.24,80.62,29.97,78.47,29.27,41.47,true,0
session_20260821_142610_P001,883,96254,2026-08-21T14:27:47.196056,Okulary BME280,"32.50,67.00,29.31,80.95,30.15,78.90,29.27,41.47",32.50,67.00,29.31,80.95,30.15,78.90,29.27,41.47,true,0
session_20260821_142610_P001,884,96357,2026-08-21T14:27:47.298484,Okulary BME280,"32.51,67.05,29.43,81.64,30.31,79.28,29.27,41.47",32.51,67.05,29.43,81.64,30.31,79.28,29.27,41.47,true,0
session_20260821_142610_P001,885,96488,2026-08-21T14:27:47.429746,Okulary BME280,"32.51,67.12,29.49,81.95,30.45,79.63,29.27,41.47",32.51,67.12,29.49,81.95,30.45,79.63,29.27,41.47,true,0
session_20260821_142610_P001,886,96596,2026-08-21T14:27:47.537331,Okulary BME280,"32.51,67.18,29.53,82.25,30.57,80.02,29.28,41.46",32.51,67.18,29.53,82.25,30.57,80.02,29.28,41.46,true,0
session_20260821_142610_P001,887,96667,2026-08-21T14:27:47.608311,Okulary BME280,"32.51,67.26,29.57,82.44,30.68,80.14,29.27,41.43",32.51,67.26,29.57,82.44,30.68,80.14,29.27,41.43,true,0
session_20260821_142610_P001,888,96801,2026-08-21T14:27:47.742426,Okulary BME280,"32.51,67.28,29.57,82.40,30.73,79.74,29.27,41.49",32.51,67.28,29.57,82.40,30.73,79.74,29.27,41.49,true,0
session_20260821_142610_P001,889,96896,2026-08-21T14:27:47.837231,Okulary BME280,"32.51,67.36,29.50,82.27,30.60,79.17,29.27,41.46",32.51,67.36,29.50,82.27,30.60,79.17,29.27,41.46,true,0
session_20260821_142610_P001,890,97022,2026-08-21T14:27:47.964130,Okulary BME280,"32.50,67.41,29.41,82.07,29.98,78.10,29.27,41.47",32.50,67.41,29.41,82.07,29.98,78.10,29.27,41.47,true,0
session_20260821_142610_P001,891,97118,2026-08-21T14:27:48.060189,Okulary BME280,"32.51,67.43,29.31,81.90,29.70,77.71,29.27,41.47",32.51,67.43,29.31,81.90,29.70,77.71,29.27,41.47,true,0
session_20260821_142610_P001,892,97251,2026-08-21T14:27:48.192653,Okulary BME280,"32.51,67.43,29.16,81.34,29.48,77.36,29.27,41.47",32.51,67.43,29.16,81.34,29.48,77.36,29.27,41.47,true,0
session_20260821_142610_P001,893,97339,2026-08-21T14:27:48.280938,Okulary BME280,"32.50,67.42,29.12,81.09,29.32,77.00,29.27,41.47",32.50,67.42,29.12,81.09,29.32,77.00,29.27,41.47,true,0
session_20260821_142610_P001,894,97431,2026-08-21T14:27:48.372378,Okulary BME280,"32.50,67.42,29.09,80.81,29.22,76.60,29.27,41.47",32.50,67.42,29.09,80.81,29.22,76.60,29.27,41.47,true,0
session_20260821_142610_P001,895,97587,2026-08-21T14:27:48.528631,Okulary BME280,"32.50,67.39,29.06,80.56,29.15,76.18,29.27,41.47",32.50,67.39,29.06,80.56,29.15,76.18,29.27,41.47,true,0
session_20260821_142610_P001,896,97657,2026-08-21T14:27:48.599174,Okulary BME280,"32.49,67.37,29.04,80.29,29.10,75.80,29.27,41.47",32.49,67.37,29.04,80.29,29.10,75.80,29.27,41.47,true,0
session_20260821_142610_P001,897,97808,2026-08-21T14:27:48.750030,Okulary BME280,"32.49,67.37,29.03,80.02,29.08,75.45,29.27,41.47",32.49,67.37,29.03,80.02,29.08,75.45,29.27,41.47,true,0
session_20260821_142610_P001,898,97900,2026-08-21T14:27:48.841857,Okulary BME280,"32.48,67.29,29.02,79.74,29.07,74.61,29.27,41.47",32.48,67.29,29.02,79.74,29.07,74.61,29.27,41.47,true,0
session_20260821_142610_P001,899,97989,2026-08-21T14:27:48.930565,Okulary BME280,"32.48,67.25,29.02,79.50,29.07,74.27,29.26,41.47",32.48,67.25,29.02,79.50,29.07,74.27,29.26,41.47,true,0
session_20260821_142610_P001,900,98108,2026-08-21T14:27:49.049810,Okulary BME280,"32.48,67.21,29.01,79.22,29.07,73.94,29.26,41.48",32.48,67.21,29.01,79.22,29.07,73.94,29.26,41.48,true,0
session_20260821_142610_P001,901,98202,2026-08-21T14:27:49.144167,Okulary BME280,"32.48,67.18,29.00,78.74,29.08,73.59,29.26,41.47",32.48,67.18,29.00,78.74,29.08,73.59,29.26,41.47,true,0
session_20260821_142610_P001,902,98328,2026-08-21T14:27:49.269573,Okulary BME280,"32.48,67.14,29.00,78.49,29.09,73.25,29.26,41.47",32.48,67.14,29.00,78.49,29.09,73.25,29.26,41.47,true,0
session_20260821_142610_P001,903,98424,2026-08-21T14:27:49.365324,Okulary BME280,"32.48,67.09,28.99,78.25,29.09,72.95,29.26,41.47",32.48,67.09,28.99,78.25,29.09,72.95,29.26,41.47,true,0
session_20260821_142610_P001,904,98562,2026-08-21T14:27:49.503684,Okulary BME280,"32.48,67.04,28.98,78.02,29.10,72.66,29.26,41.47",32.48,67.04,28.98,78.02,29.10,72.66,29.26,41.47,true,0
session_20260821_142610_P001,905,98641,2026-08-21T14:27:49.582373,Okulary BME280,"32.47,67.01,28.98,77.81,29.10,72.37,29.26,41.47",32.47,67.01,28.98,77.81,29.10,72.37,29.26,41.47,true,0
session_20260821_142610_P001,906,98739,2026-08-21T14:27:49.680667,Okulary BME280,"32.47,66.91,28.98,77.61,29.12,72.15,29.26,41.44",32.47,66.91,28.98,77.61,29.12,72.15,29.26,41.44,true,0
session_20260821_142610_P001,907,98894,2026-08-21T14:27:49.835485,Okulary BME280,"32.47,66.86,28.98,77.41,29.14,72.03,29.26,41.44",32.47,66.86,28.98,77.41,29.14,72.03,29.26,41.44,true,0
session_20260821_142610_P001,908,98985,2026-08-21T14:27:49.926697,Okulary BME280,"32.47,66.82,28.98,77.34,29.17,72.83,29.25,41.44",32.47,66.82,28.98,77.34,29.17,72.83,29.25,41.44,true,0
session_20260821_142610_P001,909,99092,2026-08-21T14:27:50.033408,Okulary BME280,"32.47,66.81,28.99,77.46,29.25,73.80,29.24,41.45",32.47,66.81,28.99,77.46,29.25,73.80,29.24,41.45,true,0
session_20260821_142610_P001,910,99204,2026-08-21T14:27:50.146093,Okulary BME280,"32.46,66.79,29.06,78.04,29.40,74.70,29.24,41.45",32.46,66.79,29.06,78.04,29.40,74.70,29.24,41.45,true,0
session_20260821_142610_P001,911,99323,2026-08-21T14:27:50.264716,Okulary BME280,"32.47,66.81,29.12,78.42,29.57,75.52,29.24,41.46",32.47,66.81,29.12,78.42,29.57,75.52,29.24,41.46,true,0
session_20260821_142610_P001,912,99407,2026-08-21T14:27:50.348391,Okulary BME280,"32.47,66.82,29.18,78.82,29.73,76.23,29.23,41.46",32.47,66.82,29.18,78.82,29.73,76.23,29.23,41.46,true,0
session_20260821_142610_P001,913,99497,2026-08-21T14:27:50.438736,Okulary BME280,"32.47,66.88,29.25,79.21,29.90,76.86,29.23,41.48",32.47,66.88,29.25,79.21,29.90,76.86,29.23,41.48,true,0
session_20260821_142610_P001,914,99633,2026-08-21T14:27:50.574505,Okulary BME280,"32.48,66.98,29.31,79.60,30.04,77.37,29.24,41.48",32.48,66.98,29.31,79.60,30.04,77.37,29.24,41.48,true,0
session_20260821_142610_P001,915,99721,2026-08-21T14:27:50.662443,Okulary BME280,"32.48,66.94,29.36,80.01,30.18,77.86,29.23,41.48",32.48,66.94,29.36,80.01,30.18,77.86,29.23,41.48,true,0
session_20260821_142610_P001,916,99860,2026-08-21T14:27:50.801516,Okulary BME280,"32.48,67.11,29.42,80.40,30.40,78.72,29.22,41.50",32.48,67.11,29.42,80.40,30.40,78.72,29.22,41.50,true,0
session_20260821_142610_P001,917,99948,2026-08-21T14:27:50.890041,Okulary BME280,"32.48,67.16,29.46,80.74,30.51,79.02,29.22,41.50",32.48,67.16,29.46,80.74,30.51,79.02,29.22,41.50,true,0
session_20260821_142610_P001,918,100070,2026-08-21T14:27:51.011874,Okulary BME280,"32.49,67.22,29.55,81.49,30.59,79.33,29.22,41.50",32.49,67.22,29.55,81.49,30.59,79.33,29.22,41.50,true,0
session_20260821_142610_P001,919,100192,2026-08-21T14:27:51.133598,Okulary BME280,"32.48,67.27,29.58,81.82,30.67,79.62,29.23,41.50",32.48,67.27,29.58,81.82,30.67,79.62,29.23,41.50,true,0
session_20260821_142610_P001,920,100298,2026-08-21T14:27:51.240068,Okulary BME280,"32.49,67.33,29.61,82.10,30.75,79.88,29.23,41.50",32.49,67.33,29.61,82.10,30.75,79.88,29.23,41.50,true,0
session_20260821_142610_P001,921,100415,2026-08-21T14:27:51.356847,Okulary BME280,"32.48,67.37,29.62,82.26,30.82,79.87,29.23,41.51",32.48,67.37,29.62,82.26,30.82,79.87,29.23,41.51,true,0
session_20260821_142610_P001,922,100508,2026-08-21T14:27:51.449760,Okulary BME280,"32.48,67.42,29.60,82.23,30.81,79.38,29.22,41.51",32.48,67.42,29.60,82.23,30.81,79.38,29.22,41.51,true,0
session_20260821_142610_P001,923,100641,2026-08-21T14:27:51.583106,Okulary BME280,"32.48,67.46,29.52,82.10,30.59,78.84,29.22,41.53",32.48,67.46,29.52,82.10,30.59,78.84,29.22,41.53,true,0
session_20260821_142610_P001,924,100717,2026-08-21T14:27:51.658423,Okulary BME280,"32.48,67.45,29.41,81.91,30.26,77.93,29.22,41.50",32.48,67.45,29.41,81.91,30.26,77.93,29.22,41.50,true,0
session_20260821_142610_P001,925,100807,2026-08-21T14:27:51.748527,Okulary BME280,"32.48,67.45,29.30,81.70,29.62,77.52,29.22,41.51",32.48,67.45,29.30,81.70,29.62,77.52,29.22,41.51,true,0
session_20260821_142610_P001,926,100937,2026-08-21T14:27:51.878853,Okulary BME280,"32.48,67.43,29.21,81.47,29.39,77.17,29.22,41.51",32.48,67.43,29.21,81.47,29.39,77.17,29.22,41.51,true,0
session_20260821_142610_P001,927,101032,2026-08-21T14:27:51.973709,Okulary BME280,"32.47,67.41,29.09,80.94,29.23,76.81,29.22,41.50",32.47,67.41,29.09,80.94,29.23,76.81,29.22,41.50,true,0
session_20260821_142610_P001,928,101162,2026-08-21T14:27:52.103934,Okulary BME280,"32.47,67.39,29.06,80.69,29.12,76.45,29.22,41.50",32.47,67.39,29.06,80.69,29.12,76.45,29.22,41.50,true,0
session_20260821_142610_P001,929,101263,2026-08-21T14:27:52.204607,Okulary BME280,"32.47,67.36,29.04,80.42,29.06,76.12,29.22,41.51",32.47,67.36,29.04,80.42,29.06,76.12,29.22,41.51,true,0
session_20260821_142610_P001,930,101417,2026-08-21T14:27:52.359077,Okulary BME280,"32.47,67.33,29.01,80.15,29.03,75.73,29.22,41.50",32.47,67.33,29.01,80.15,29.03,75.73,29.22,41.50,true,0
session_20260821_142610_P001,931,101488,2026-08-21T14:27:52.430009,Okulary BME280,"32.47,67.34,29.00,79.88,29.02,75.42,29.22,41.50",32.47,67.34,29.00,79.88,29.02,75.42,29.22,41.50,true,0
session_20260821_142610_P001,932,101592,2026-08-21T14:27:52.533369,Okulary BME280,"32.47,67.27,28.99,79.61,29.02,74.96,29.21,41.51",32.47,67.27,28.99,79.61,29.02,74.96,29.21,41.51,true,0
session_20260821_142610_P001,933,101729,2026-08-21T14:27:52.670930,Okulary BME280,"32.46,67.18,28.98,79.35,29.03,74.19,29.21,41.51",32.46,67.18,28.98,79.35,29.03,74.19,29.21,41.51,true,0
session_20260821_142610_P001,934,101843,2026-08-21T14:27:52.784316,Okulary BME280,"32.46,67.14,28.97,79.16,29.04,73.83,29.21,41.50",32.46,67.14,28.97,79.16,29.04,73.83,29.21,41.50,true,0
session_20260821_142610_P001,935,101930,2026-08-21T14:27:52.871704,Okulary BME280,"32.46,67.10,28.97,78.59,29.04,73.43,29.21,41.50",32.46,67.10,28.97,78.59,29.04,73.43,29.21,41.50,true,0
session_20260821_142610_P001,936,102027,2026-08-21T14:27:52.968518,Okulary BME280,"32.46,67.07,28.95,78.35,29.04,73.05,29.21,41.51",32.46,67.07,28.95,78.35,29.04,73.05,29.21,41.51,true,0
session_20260821_142610_P001,937,102125,2026-08-21T14:27:53.066620,Okulary BME280,"32.46,67.03,28.94,78.41,29.04,73.55,29.21,41.50",32.46,67.03,28.94,78.41,29.04,73.55,29.21,41.50,true,0
session_20260821_142610_P001,938,102248,2026-08-21T14:27:53.189796,Okulary BME280,"32.46,66.99,28.97,78.65,29.10,74.45,29.21,41.50",32.46,66.99,28.97,78.65,29.10,74.45,29.21,41.50,true,0
session_20260821_142610_P001,939,102338,2026-08-21T14:27:53.279383,Okulary BME280,"32.46,66.99,29.03,78.99,29.25,75.29,29.21,41.49",32.46,66.99,29.03,78.99,29.25,75.29,29.21,41.49,true,0
session_20260821_142610_P001,940,102475,2026-08-21T14:27:53.416695,Okulary BME280,"32.46,67.00,29.10,79.36,29.45,76.05,29.21,41.50",32.46,67.00,29.10,79.36,29.45,76.05,29.21,41.50,true,0
session_20260821_142610_P001,941,102557,2026-08-21T14:27:53.498665,Okulary BME280,"32.46,67.04,29.19,79.75,29.65,76.67,29.20,41.52",32.46,67.04,29.19,79.75,29.65,76.67,29.20,41.52,true,0
session_20260821_142610_P001,942,102699,2026-08-21T14:27:53.640524,Okulary BME280,"32.46,67.18,29.27,80.13,30.01,77.79,29.21,41.51",32.46,67.18,29.27,80.13,30.01,77.79,29.21,41.51,true,0
session_20260821_142610_P001,943,102803,2026-08-21T14:27:53.744741,Okulary BME280,"32.47,67.25,29.34,80.53,30.17,78.25,29.20,41.50",32.47,67.25,29.34,80.53,30.17,78.25,29.20,41.50,true,0
session_20260821_142610_P001,944,102873,2026-08-21T14:27:53.814351,Okulary BME280,"32.47,67.32,29.46,81.27,30.31,78.65,29.20,41.51",32.47,67.32,29.46,81.27,30.31,78.65,29.20,41.51,true,0
session_20260821_142610_P001,945,103029,2026-08-21T14:27:53.970593,Okulary BME280,"32.47,67.38,29.51,81.63,30.44,79.01,29.20,41.51",32.47,67.38,29.51,81.63,30.44,79.01,29.20,41.51,true,0
session_20260821_142610_P001,946,103124,2026-08-21T14:27:54.065725,Okulary BME280,"32.47,67.41,29.55,81.94,30.54,79.36,29.20,41.51",32.47,67.41,29.55,81.94,30.54,79.36,29.20,41.51,true,0
session_20260821_142610_P001,947,103235,2026-08-21T14:27:54.177051,Okulary BME280,"32.47,67.48,29.58,82.24,30.63,79.74,29.20,41.53",32.47,67.48,29.58,82.24,30.63,79.74,29.20,41.53,true,0
session_20260821_142610_P001,948,103325,2026-08-21T14:27:54.266490,Okulary BME280,"32.47,67.55,29.59,82.49,30.71,80.03,29.20,41.61",32.47,67.55,29.59,82.49,30.71,80.03,29.20,41.61,true,0
session_20260821_142610_P001,949,103456,2026-08-21T14:27:54.397775,Okulary BME280,"32.47,67.54,29.60,82.58,30.79,79.84,29.19,41.71",32.47,67.54,29.60,82.58,30.79,79.84,29.19,41.71,true,0
session_20260821_142610_P001,950,103556,2026-08-21T14:27:54.497845,Okulary BME280,"32.47,67.61,29.55,82.51,30.71,78.59,29.19,41.76",32.47,67.61,29.55,82.51,30.71,78.59,29.19,41.76,true,0
session_20260821_142610_P001,951,103636,2026-08-21T14:27:54.577915,Okulary BME280,"32.47,67.61,29.45,82.33,30.07,78.04,29.19,41.81",32.47,67.61,29.45,82.33,30.07,78.04,29.19,41.81,true,0
session_20260821_142610_P001,952,103775,2026-08-21T14:27:54.716473,Okulary BME280,"32.46,67.60,29.34,82.12,29.75,77.56,29.18,41.86",32.46,67.60,29.34,82.12,29.75,77.56,29.18,41.86,true,0
session_20260821_142610_P001,953,103861,2026-08-21T14:27:54.802945,Okulary BME280,"32.46,67.59,29.14,81.63,29.49,77.18,29.18,41.87",32.46,67.59,29.14,81.63,29.49,77.18,29.18,41.87,true,0
session_20260821_142610_P001,954,104017,2026-08-21T14:27:54.959158,Okulary BME280,"32.46,67.57,29.08,81.37,29.28,76.88,29.19,41.86",32.46,67.57,29.08,81.37,29.28,76.88,29.19,41.86,true,0
session_20260821_142610_P001,955,104124,2026-08-21T14:27:55.066029,Okulary BME280,"32.46,67.55,29.03,81.11,29.15,76.46,29.19,41.86",32.46,67.55,29.03,81.11,29.15,76.46,29.19,41.86,true,0
session_20260821_142610_P001,956,104220,2026-08-21T14:27:55.162148,Okulary BME280,"32.46,67.52,29.00,80.83,29.06,76.06,29.19,41.84",32.46,67.52,29.00,80.83,29.06,76.06,29.19,41.84,true,0
session_20260821_142610_P001,957,104313,2026-08-21T14:27:55.254459,Okulary BME280,"32.45,67.50,28.98,80.57,29.01,75.66,29.19,41.83",32.45,67.50,28.98,80.57,29.01,75.66,29.19,41.83,true,0
session_20260821_142610_P001,958,104405,2026-08-21T14:27:55.346979,Okulary BME280,"32.45,67.47,28.96,80.29,28.98,75.20,29.19,41.82",32.45,67.47,28.96,80.29,28.98,75.20,29.19,41.82,true,0
session_20260821_142610_P001,959,104575,2026-08-21T14:27:55.517027,Okulary BME280,"32.45,67.39,28.95,80.01,28.96,74.40,29.18,41.81",32.45,67.39,28.95,80.01,28.96,74.40,29.18,41.81,true,0
session_20260821_142610_P001,960,104626,2026-08-21T14:27:55.568077,Okulary BME280,"32.45,67.36,28.94,79.72,28.95,74.01,29.19,41.80",32.45,67.36,28.94,79.72,28.95,74.01,29.19,41.80,true,0
session_20260821_142610_P001,961,104762,2026-08-21T14:27:55.703710,Okulary BME280,"32.45,67.32,28.93,79.24,28.96,73.67,29.18,41.77",32.45,67.32,28.93,79.24,28.96,73.67,29.18,41.77,true,0
session_20260821_142610_P001,962,104860,2026-08-21T14:27:55.801276,Okulary BME280,"32.44,67.27,28.93,79.01,28.96,73.29,29.18,41.77",32.44,67.27,28.93,79.01,28.96,73.29,29.18,41.77,true,0
session_20260821_142610_P001,963,104942,2026-08-21T14:27:55.883373,Okulary BME280,"32.44,67.24,28.92,78.77,28.98,72.94,29.18,41.77",32.44,67.24,28.92,78.77,28.98,72.94,29.18,41.77,true,0
session_20260821_142610_P001,964,105082,2026-08-21T14:27:56.023615,Okulary BME280,"32.45,67.19,28.92,78.78,28.98,73.42,29.18,41.76",32.45,67.19,28.92,78.78,28.98,73.42,29.18,41.76,true,0
session_20260821_142610_P001,965,105167,2026-08-21T14:27:56.108797,Okulary BME280,"32.45,67.18,28.94,78.98,29.04,74.32,29.18,41.75",32.45,67.18,28.94,78.98,29.04,74.32,29.18,41.75,true,0
session_20260821_142610_P001,966,105334,2026-08-21T14:27:56.276094,Okulary BME280,"32.45,67.21,28.99,79.25,29.20,75.21,29.18,41.74",32.45,67.21,28.99,79.25,29.20,75.21,29.18,41.74,true,0
session_20260821_142610_P001,967,105389,2026-08-21T14:27:56.330887,Okulary BME280,"32.44,67.25,29.06,79.58,29.40,75.97,29.18,41.74",32.44,67.25,29.06,79.58,29.40,75.97,29.18,41.74,true,0
session_20260821_142610_P001,968,105533,2026-08-21T14:27:56.474369,Okulary BME280,"32.45,67.30,29.13,80.01,29.83,77.16,29.18,41.74",32.45,67.30,29.13,80.01,29.83,77.16,29.18,41.74,true,0
session_20260821_142610_P001,969,105614,2026-08-21T14:27:56.555679,Okulary BME280,"32.45,67.35,29.21,80.26,30.00,77.69,29.18,41.74",32.45,67.35,29.21,80.26,30.00,77.69,29.18,41.74,true,0
session_20260821_142610_P001,970,105727,2026-08-21T14:27:56.668418,Okulary BME280,"32.45,67.41,29.35,81.07,30.15,78.19,29.17,41.72",32.45,67.41,29.35,81.07,30.15,78.19,29.17,41.72,true,0
session_20260821_142610_P001,971,105870,2026-08-21T14:27:56.811610,Okulary BME280,"32.45,67.47,29.41,81.43,30.30,78.58,29.17,41.72",32.45,67.47,29.41,81.43,30.30,78.58,29.17,41.72,true,0
session_20260821_142610_P001,972,105931,2026-08-21T14:27:56.873158,Okulary BME280,"32.46,67.54,29.46,81.81,30.42,78.96,29.18,41.70",32.46,67.54,29.46,81.81,30.42,78.96,29.18,41.70,true,0
session_20260821_142610_P001,973,106083,2026-08-21T14:27:57.024211,Okulary BME280,"32.46,67.60,29.52,82.16,30.54,79.30,29.17,41.69",32.46,67.60,29.52,82.16,30.54,79.30,29.17,41.69,true,0
session_20260821_142610_P001,974,106157,2026-08-21T14:27:57.098484,Okulary BME280,"32.46,67.67,29.57,82.49,30.63,79.59,29.17,41.69",32.46,67.67,29.57,82.49,30.63,79.59,29.17,41.69,true,0
session_20260821_142610_P001,975,106299,2026-08-21T14:27:57.241149,Okulary BME280,"32.46,67.71,29.61,82.76,30.72,79.85,29.17,41.69",32.46,67.71,29.61,82.76,30.72,79.85,29.17,41.69,true,0
session_20260821_142610_P001,976,106386,2026-08-21T14:27:57.327507,Okulary BME280,"32.46,67.82,29.64,83.03,30.85,79.91,29.17,41.69",32.46,67.82,29.64,83.03,30.85,79.91,29.17,41.69,true,0
session_20260821_142610_P001,977,106487,2026-08-21T14:27:57.428621,Okulary BME280,"32.46,67.86,29.65,83.16,30.79,79.34,29.16,41.69",32.46,67.86,29.65,83.16,30.79,79.34,29.16,41.69,true,0
session_20260821_142610_P001,978,106623,2026-08-21T14:27:57.564639,Okulary BME280,"32.46,67.88,29.61,83.10,30.52,78.72,29.17,41.69",32.46,67.88,29.61,83.10,30.52,78.72,29.17,41.69,true,0
session_20260821_142610_P001,979,106721,2026-08-21T14:27:57.662591,Okulary BME280,"32.45,67.88,29.40,82.83,30.16,78.17,29.15,41.69",32.45,67.88,29.40,82.83,30.16,78.17,29.15,41.69,true,0
session_20260821_142610_P001,980,106833,2026-08-21T14:27:57.774885,Okulary BME280,"32.46,67.88,29.30,82.66,29.83,77.74,29.15,41.70",32.46,67.88,29.30,82.66,29.83,77.74,29.15,41.70,true,0
session_20260821_142610_P001,981,106921,2026-08-21T14:27:57.862529,Okulary BME280,"32.45,67.88,29.22,82.46,29.56,77.42,29.15,41.71",32.45,67.88,29.22,82.46,29.56,77.42,29.15,41.71,true,0
session_20260821_142610_P001,982,107017,2026-08-21T14:27:57.958985,Okulary BME280,"32.45,67.87,29.15,82.21,29.36,77.08,29.15,41.72",32.45,67.87,29.15,82.21,29.36,77.08,29.15,41.72,true,0
session_20260821_142610_P001,983,107175,2026-08-21T14:27:58.116773,Okulary BME280,"32.45,67.78,29.10,81.94,29.22,76.68,29.15,41.75",32.45,67.78,29.10,81.94,29.22,76.68,29.15,41.75,true,0
session_20260821_142610_P001,984,107241,2026-08-21T14:27:58.182320,Okulary BME280,"32.45,67.82,29.07,81.67,29.12,76.25,29.15,41.76",32.45,67.82,29.07,81.67,29.12,76.25,29.15,41.76,true,0
session_20260821_142610_P001,985,107382,2026-08-21T14:27:58.323223,Okulary BME280,"32.44,67.73,29.04,81.46,29.02,75.50,29.15,41.77",32.44,67.73,29.04,81.46,29.02,75.50,29.15,41.77,true,0
session_20260821_142610_P001,986,107463,2026-08-21T14:27:58.404607,Okulary BME280,"32.44,67.69,29.01,81.06,29.00,75.10,29.15,41.79",32.44,67.69,29.01,81.06,29.00,75.10,29.15,41.79,true,0
session_20260821_142610_P001,987,107645,2026-08-21T14:27:58.586260,Okulary BME280,"32.44,67.66,28.98,80.55,28.99,74.70,29.14,41.80",32.44,67.66,28.98,80.55,28.99,74.70,29.14,41.80,true,0
session_20260821_142610_P001,988,107698,2026-08-21T14:27:58.639817,Okulary BME280,"32.44,67.62,28.97,80.27,28.98,74.33,29.15,41.79",32.44,67.62,28.97,80.27,28.98,74.33,29.15,41.79,true,0
session_20260821_142610_P001,989,107805,2026-08-21T14:27:58.746373,Okulary BME280,"32.44,67.57,28.96,80.01,28.99,73.94,29.15,41.78",32.44,67.57,28.96,80.01,28.99,73.94,29.15,41.78,true,0
session_20260821_142610_P001,990,107940,2026-08-21T14:27:58.881758,Okulary BME280,"32.44,67.53,28.96,79.88,29.00,73.98,29.15,41.79",32.44,67.53,28.96,79.88,29.00,73.98,29.15,41.79,true,0
session_20260821_142610_P001,991,108005,2026-08-21T14:27:58.946208,Okulary BME280,"32.44,67.50,28.96,79.98,29.03,74.74,29.15,41.78",32.44,67.50,28.96,79.98,29.03,74.74,29.15,41.78,true,0
session_20260821_142610_P001,992,108143,2026-08-21T14:27:59.084302,Okulary BME280,"32.43,67.53,29.00,80.21,29.15,75.55,29.15,41.78",32.43,67.53,29.00,80.21,29.15,75.55,29.15,41.78,true,0
session_20260821_142610_P001,993,108234,2026-08-21T14:27:59.175249,Okulary BME280,"32.44,67.51,29.06,80.51,29.33,76.34,29.15,41.78",32.44,67.51,29.06,80.51,29.33,76.34,29.15,41.78,true,0
session_20260821_142610_P001,994,108363,2026-08-21T14:27:59.304502,Okulary BME280,"32.44,67.56,29.14,80.91,29.76,77.54,29.15,41.77",32.44,67.56,29.14,80.91,29.76,77.54,29.15,41.77,true,0
session_20260821_142610_P001,995,108458,2026-08-21T14:27:59.399613,Okulary BME280,"32.44,67.61,29.24,81.20,29.96,78.04,29.14,41.75",32.44,67.61,29.24,81.20,29.96,78.04,29.14,41.75,true,0
session_20260821_142610_P001,996,108542,2026-08-21T14:27:59.483569,Okulary BME280,"32.44,67.67,29.39,81.89,30.13,78.51,29.14,41.75",32.44,67.67,29.39,81.89,30.13,78.51,29.14,41.75,true,0
session_20260821_142610_P001,997,108722,2026-08-21T14:27:59.663869,Okulary BME280,"32.45,67.72,29.45,82.21,30.28,78.92,29.14,41.76",32.45,67.72,29.45,82.21,30.28,78.92,29.14,41.76,true,0
session_20260821_142610_P001,998,108767,2026-08-21T14:27:59.708236,Okulary BME280,"32.45,67.79,29.50,82.54,30.43,79.25,29.14,41.76",32.45,67.79,29.50,82.54,30.43,79.25,29.14,41.76,true,0
session_20260821_142610_P001,999,108903,2026-08-21T14:27:59.844815,Okulary BME280,"32.45,67.86,29.55,82.86,30.55,79.54,29.14,41.75",32.45,67.86,29.55,82.86,30.55,79.54,29.14,41.75,true,0
session_20260821_142610_P001,1000,109017,2026-08-21T14:27:59.958530,Okulary BME280,"32.45,67.94,29.60,83.16,30.65,79.80,29.14,41.75",32.45,67.94,29.60,83.16,30.65,79.80,29.14,41.75,true,0
session_20260821_142610_P001,1001,109126,2026-08-21T14:28:00.067374,Okulary BME280,"32.45,67.93,29.64,83.45,30.72,80.11,29.14,41.75",32.45,67.93,29.64,83.45,30.72,80.11,29.14,41.75,true,0
session_20260821_142610_P001,1002,109221,2026-08-21T14:28:00.162645,Okulary BME280,"32.45,68.05,29.67,83.72,30.87,80.39,29.14,41.75",32.45,68.05,29.67,83.72,30.87,80.39,29.14,41.75,true,0
session_20260821_142610_P001,1003,109334,2026-08-21T14:28:00.275698,Okulary BME280,"32.45,68.10,29.70,83.93,30.90,80.12,29.13,41.73",32.45,68.10,29.70,83.93,30.90,80.12,29.13,41.73,true,0
session_20260821_142610_P001,1004,109440,2026-08-21T14:28:00.381835,Okulary BME280,"32.45,68.13,29.66,83.82,30.79,79.49,29.13,41.75",32.45,68.13,29.66,83.82,30.79,79.49,29.13,41.75,true,0
session_20260821_142610_P001,1005,109537,2026-08-21T14:28:00.478245,Okulary BME280,"32.45,68.14,29.55,83.66,30.48,78.87,29.13,41.72",32.45,68.14,29.55,83.66,30.48,78.87,29.13,41.72,true,0
session_20260821_142610_P001,1006,109681,2026-08-21T14:28:00.622276,Okulary BME280,"32.45,68.14,29.44,83.45,30.12,78.41,29.12,41.71",32.45,68.14,29.44,83.45,30.12,78.41,29.12,41.71,true,0
session_20260821_142610_P001,1007,109762,2026-08-21T14:28:00.703439,Okulary BME280,"32.44,68.14,29.33,83.26,29.79,78.07,29.12,41.71",32.44,68.14,29.33,83.26,29.79,78.07,29.12,41.71,true,0
session_20260821_142610_P001,1008,109850,2026-08-21T14:28:00.791845,Okulary BME280,"32.45,68.14,29.25,83.08,29.54,77.79,29.12,41.70",32.45,68.14,29.25,83.08,29.54,77.79,29.12,41.70,true,0
session_20260821_142610_P001,1009,110014,2026-08-21T14:28:00.955600,Okulary BME280,"32.45,68.09,29.18,82.88,29.38,77.46,29.12,41.70",32.45,68.09,29.18,82.88,29.38,77.46,29.12,41.70,true,0
session_20260821_142610_P001,1010,110075,2026-08-21T14:28:01.017014,Okulary BME280,"32.44,68.10,29.14,82.64,29.27,77.12,29.12,41.70",32.44,68.10,29.14,82.64,29.27,77.12,29.12,41.70,true,0
session_20260821_142610_P001,1011,110228,2026-08-21T14:28:01.169240,Okulary BME280,"32.44,68.04,29.11,82.34,29.14,76.37,29.12,41.70",32.44,68.04,29.11,82.34,29.14,76.37,29.12,41.70,true,0
session_20260821_142610_P001,1012,110327,2026-08-21T14:28:01.268667,Okulary BME280,"32.43,68.01,29.08,82.20,29.11,75.95,29.11,41.70",32.43,68.01,29.08,82.20,29.11,75.95,29.11,41.70,true,0
session_20260821_142610_P001,1013,110431,2026-08-21T14:28:01.372952,Okulary BME280,"32.44,67.98,29.06,81.62,29.09,75.54,29.11,41.69",32.44,67.98,29.06,81.62,29.09,75.54,29.11,41.69,true,0
session_20260821_142610_P001,1014,110529,2026-08-21T14:28:01.470664,Okulary BME280,"32.43,67.93,29.05,81.33,29.08,75.15,29.10,41.67",32.43,67.93,29.05,81.33,29.08,75.15,29.10,41.67,true,0
session_20260821_142610_P001,1015,110646,2026-08-21T14:28:01.588192,Okulary BME280,"32.43,67.88,29.05,81.06,29.08,74.75,29.10,41.71",32.43,67.88,29.05,81.06,29.08,74.75,29.10,41.71,true,0
session_20260821_142610_P001,1016,110747,2026-08-21T14:28:01.689033,Okulary BME280,"32.42,67.83,29.04,80.78,29.08,74.33,29.10,41.72",32.42,67.83,29.04,80.78,29.08,74.33,29.10,41.72,true,0
session_20260821_142610_P001,1017,110836,2026-08-21T14:28:01.777826,Okulary BME280,"32.42,67.71,29.03,80.51,29.07,73.98,29.10,41.72",32.42,67.71,29.03,80.51,29.07,73.98,29.10,41.72,true,0
session_20260821_142610_P001,1018,110975,2026-08-21T14:28:01.916883,Okulary BME280,"32.42,67.70,29.02,80.46,29.07,74.31,29.10,41.72",32.42,67.70,29.02,80.46,29.07,74.31,29.10,41.72,true,0
session_20260821_142610_P001,1019,111065,2026-08-21T14:28:02.006754,Okulary BME280,"32.42,67.67,29.03,80.62,29.12,76.06,29.10,41.72",32.42,67.67,29.03,80.62,29.12,76.06,29.10,41.72,true,0
session_20260821_142610_P001,1020,111203,2026-08-21T14:28:02.144581,Okulary BME280,"32.42,67.70,29.07,80.95,29.50,76.83,29.10,41.72",32.42,67.70,29.07,80.95,29.50,76.83,29.10,41.72,true,0
session_20260821_142610_P001,1021,111287,2026-08-21T14:28:02.228358,Okulary BME280,"32.43,67.75,29.14,81.50,29.73,77.46,29.10,41.73",32.43,67.75,29.14,81.50,29.73,77.46,29.10,41.73,true,0
session_20260821_142610_P001,1022,111376,2026-08-21T14:28:02.317738,Okulary BME280,"32.43,67.82,29.31,81.87,29.95,78.04,29.10,41.75",32.43,67.82,29.31,81.87,29.95,78.04,29.10,41.75,true,0
session_20260821_142610_P001,1023,111527,2026-08-21T14:28:02.468905,Okulary BME280,"32.43,67.88,29.39,82.24,30.16,78.58,29.10,41.73",32.43,67.88,29.39,82.24,30.16,78.58,29.10,41.73,true,0
session_20260821_142610_P001,1024,111622,2026-08-21T14:28:02.563458,Okulary BME280,"32.43,67.95,29.47,82.61,30.34,79.04,29.10,41.73",32.43,67.95,29.47,82.61,30.34,79.04,29.10,41.73,true,0
session_20260821_142610_P001,1025,111745,2026-08-21T14:28:02.686478,Okulary BME280,"32.44,68.01,29.56,82.96,30.50,79.42,29.10,41.72",32.44,68.01,29.56,82.96,30.50,79.42,29.10,41.72,true,0
session_20260821_142610_P001,1026,111836,2026-08-21T14:28:02.777277,Okulary BME280,"32.44,68.04,29.64,83.32,30.64,79.78,29.09,41.72",32.44,68.04,29.64,83.32,30.64,79.78,29.09,41.72,true,0
session_20260821_142610_P001,1027,111918,2026-08-21T14:28:02.859219,Okulary BME280,"32.44,68.15,29.70,83.62,30.77,79.99,29.09,41.72",32.44,68.15,29.70,83.62,30.77,79.99,29.09,41.72,true,0
session_20260821_142610_P001,1028,112074,2026-08-21T14:28:03.015774,Okulary BME280,"32.44,68.26,29.76,83.85,30.93,80.29,29.09,41.72",32.44,68.26,29.76,83.85,30.93,80.29,29.09,41.72,true,0
session_20260821_142610_P001,1029,112143,2026-08-21T14:28:03.085200,Okulary BME280,"32.44,68.30,29.78,84.05,30.94,79.79,29.09,41.72",32.44,68.30,29.78,84.05,30.94,79.79,29.09,41.72,true,0
session_20260821_142610_P001,1030,112278,2026-08-21T14:28:03.219595,Okulary BME280,"32.44,68.33,29.68,83.85,30.74,79.18,29.09,41.72",32.44,68.33,29.68,83.85,30.74,79.18,29.09,41.72,true,0
session_20260821_142610_P001,1031,112370,2026-08-21T14:28:03.311513,Okulary BME280,"32.44,68.33,29.54,83.65,30.41,78.70,29.08,41.74",32.44,68.33,29.54,83.65,30.41,78.70,29.08,41.74,true,0
session_20260821_142610_P001,1032,112532,2026-08-21T14:28:03.474190,Okulary BME280,"32.44,68.35,29.41,83.42,30.06,78.24,29.08,41.72",32.44,68.35,29.41,83.42,30.06,78.24,29.08,41.72,true,0
session_20260821_142610_P001,1033,112641,2026-08-21T14:28:03.582246,Okulary BME280,"32.43,68.36,29.30,83.18,29.76,77.86,29.08,41.72",32.43,68.36,29.30,83.18,29.76,77.86,29.08,41.72,true,0
session_20260821_142610_P001,1034,112686,2026-08-21T14:28:03.627692,Okulary BME280,"32.43,68.36,29.21,82.91,29.52,77.55,29.08,41.73",32.43,68.36,29.21,82.91,29.52,77.55,29.08,41.73,true,0
session_20260821_142610_P001,1035,112851,2026-08-21T14:28:03.792240,Okulary BME280,"32.43,68.27,29.14,82.64,29.34,77.25,29.08,41.73",32.43,68.27,29.14,82.64,29.34,77.25,29.08,41.73,true,0
session_20260821_142610_P001,1036,112906,2026-08-21T14:28:03.847729,Okulary BME280,"32.43,68.27,29.10,82.39,29.22,76.88,29.08,41.72",32.43,68.27,29.10,82.39,29.22,76.88,29.08,41.72,true,0
session_20260821_142610_P001,1037,113087,2026-08-21T14:28:04.028942,Okulary BME280,"32.42,68.25,29.07,82.11,29.10,76.08,29.08,41.72",32.42,68.25,29.07,82.11,29.10,76.08,29.08,41.72,true,0
session_20260821_142610_P001,1038,113149,2026-08-21T14:28:04.090726,Okulary BME280,"32.42,68.21,29.05,81.87,29.08,75.73,29.08,41.72",32.42,68.21,29.05,81.87,29.08,75.73,29.08,41.72,true,0
session_20260821_142610_P001,1039,113268,2026-08-21T14:28:04.209396,Okulary BME280,"32.42,68.16,29.03,81.37,29.08,75.36,29.08,41.71",32.42,68.16,29.03,81.37,29.08,75.36,29.08,41.71,true,0
session_20260821_142610_P001,1040,113376,2026-08-21T14:28:04.317454,Okulary BME280,"32.42,68.12,29.03,81.11,29.09,74.96,29.08,41.73",32.42,68.12,29.03,81.11,29.09,74.96,29.08,41.73,true,0
session_20260821_142610_P001,1041,113448,2026-08-21T14:28:04.389852,Okulary BME280,"32.42,68.08,29.03,80.85,29.10,74.56,29.08,41.72",32.42,68.08,29.03,80.85,29.10,74.56,29.08,41.72,true,0
session_20260821_142610_P001,1042,113596,2026-08-21T14:28:04.537416,Okulary BME280,"32.41,68.05,29.02,80.61,29.11,74.19,29.07,41.72",32.41,68.05,29.02,80.61,29.11,74.19,29.07,41.72,true,0
session_20260821_142610_P001,1043,113672,2026-08-21T14:28:04.613372,Okulary BME280,"32.41,68.06,29.02,80.38,29.12,73.83,29.06,41.73",32.41,68.06,29.02,80.38,29.12,73.83,29.06,41.73,true,0
session_20260821_142610_P001,1044,113824,2026-08-21T14:28:04.765443,Okulary BME280,"32.41,67.97,29.03,80.15,29.12,73.41,29.06,41.74",32.41,67.97,29.03,80.15,29.12,73.41,29.06,41.74,true,0
session_20260821_142610_P001,1045,113924,2026-08-21T14:28:04.866031,Okulary BME280,"32.40,67.91,29.03,79.93,29.11,73.82,29.05,41.75",32.40,67.91,29.03,79.93,29.11,73.82,29.05,41.75,true,0
session_20260821_142610_P001,1046,114042,2026-08-21T14:28:04.983538,Okulary BME280,"32.40,67.89,29.03,79.90,29.19,74.68,29.05,41.75",32.40,67.89,29.03,79.90,29.19,74.68,29.05,41.75,true,0
session_20260821_142610_P001,1047,114120,2026-08-21T14:28:05.061239,Okulary BME280,"32.41,67.88,29.11,80.49,29.33,75.50,29.05,41.75",32.41,67.88,29.11,80.49,29.33,75.50,29.05,41.75,true,0
session_20260821_142610_P001,1048,114231,2026-08-21T14:28:05.172205,Okulary BME280,"32.41,67.89,29.18,80.77,29.52,76.17,29.05,41.76",32.41,67.89,29.18,80.77,29.52,76.17,29.05,41.76,true,0
session_20260821_142610_P001,1049,114355,2026-08-21T14:28:05.296670,Okulary BME280,"32.41,67.91,29.25,81.09,29.72,76.78,29.05,41.79",32.41,67.91,29.25,81.09,29.72,76.78,29.05,41.79,true,0
session_20260821_142610_P001,1050,114462,2026-08-21T14:28:05.403597,Okulary BME280,"32.41,67.96,29.31,81.40,29.89,77.34,29.05,41.74",32.41,67.96,29.31,81.40,29.89,77.34,29.05,41.74,true,0
session_20260821_142610_P001,1051,114571,2026-08-21T14:28:05.513003,Okulary BME280,"32.41,68.01,29.36,81.74,30.05,77.89,29.05,41.77",32.41,68.01,29.36,81.74,30.05,77.89,29.05,41.77,true,0
session_20260821_142610_P001,1052,114666,2026-08-21T14:28:05.607470,Okulary BME280,"32.41,68.06,29.41,82.07,30.21,78.31,29.05,41.77",32.41,68.06,29.41,82.07,30.21,78.31,29.05,41.77,true,0
session_20260821_142610_P001,1053,114760,2026-08-21T14:28:05.702023,Okulary BME280,"32.41,68.05,29.46,82.41,30.34,78.75,29.05,41.77",32.41,68.05,29.46,82.41,30.34,78.75,29.05,41.77,true,0
session_20260821_142610_P001,1054,114898,2026-08-21T14:28:05.839853,Okulary BME280,"32.42,68.21,29.51,82.67,30.56,79.40,29.05,41.77",32.42,68.21,29.51,82.67,30.56,79.40,29.05,41.77,true,0
session_20260821_142610_P001,1055,115003,2026-08-21T14:28:05.944218,Okulary BME280,"32.42,68.27,29.57,83.05,30.65,79.69,29.05,41.79",32.42,68.27,29.57,83.05,30.65,79.69,29.05,41.79,true,0
session_20260821_142610_P001,1056,115114,2026-08-21T14:28:06.055912,Okulary BME280,"32.42,68.32,29.66,83.62,30.73,79.89,29.05,41.79",32.42,68.32,29.66,83.62,30.73,79.89,29.05,41.79,true,0
session_20260821_142610_P001,1057,115213,2026-08-21T14:28:06.154320,Okulary BME280,"32.42,68.37,29.69,83.76,30.80,79.82,29.05,41.79",32.42,68.37,29.69,83.76,30.80,79.82,29.05,41.79,true,0
session_20260821_142610_P001,1058,115363,2026-08-21T14:28:06.304598,Okulary BME280,"32.42,68.38,29.68,83.73,30.75,79.25,29.05,41.81",32.42,68.38,29.68,83.73,30.75,79.25,29.05,41.81,true,0
session_20260821_142610_P001,1059,115425,2026-08-21T14:28:06.367040,Okulary BME280,"32.42,68.41,29.59,83.59,30.49,78.65,29.05,41.79",32.42,68.41,29.59,83.59,30.49,78.65,29.05,41.79,true,0
session_20260821_142610_P001,1060,115530,2026-08-21T14:28:06.472139,Okulary BME280,"32.42,68.38,29.48,83.40,30.16,78.10,29.05,41.79",32.42,68.38,29.48,83.40,30.16,78.10,29.05,41.79,true,0
session_20260821_142610_P001,1061,115655,2026-08-21T14:28:06.597046,Okulary BME280,"32.42,68.36,29.38,83.17,29.84,77.81,29.05,41.78",32.42,68.36,29.38,83.17,29.84,77.81,29.05,41.78,true,0
session_20260821_142610_P001,1062,115769,2026-08-21T14:28:06.711009,Okulary BME280,"32.41,68.37,29.28,82.91,29.58,77.38,29.04,41.77",32.41,68.37,29.28,82.91,29.58,77.38,29.04,41.77,true,0
session_20260821_142610_P001,1063,115894,2026-08-21T14:28:06.835701,Okulary BME280,"32.41,68.36,29.20,82.66,29.24,76.62,29.04,41.77",32.41,68.36,29.20,82.66,29.24,76.62,29.04,41.77,true,0
session_20260821_142610_P001,1064,115975,2026-08-21T14:28:06.916352,Okulary BME280,"32.41,68.34,29.13,82.15,29.15,76.22,29.04,41.77",32.41,68.34,29.13,82.15,29.15,76.22,29.04,41.77,true,0
session_20260821_142610_P001,1065,116125,2026-08-21T14:28:07.066263,Okulary BME280,"32.41,68.32,29.06,81.84,29.09,75.81,29.03,41.77",32.41,68.32,29.06,81.84,29.09,75.81,29.03,41.77,true,0
session_20260821_142610_P001,1066,116198,2026-08-21T14:28:07.140109,Okulary BME280,"32.40,68.31,29.04,81.58,29.06,75.38,29.04,41.77",32.40,68.31,29.04,81.58,29.06,75.38,29.04,41.77,true,0
session_20260821_142610_P001,1067,116284,2026-08-21T14:28:07.225651,Okulary BME280,"32.41,68.28,29.02,81.30,29.05,74.95,29.03,41.75",32.41,68.28,29.02,81.30,29.05,74.95,29.03,41.75,true,0
session_20260821_142610_P001,1068,116434,2026-08-21T14:28:07.375701,Okulary BME280,"32.41,68.27,29.02,81.04,29.04,74.54,29.03,41.76",32.41,68.27,29.02,81.04,29.04,74.54,29.03,41.76,true,0
session_20260821_142610_P001,1069,116540,2026-08-21T14:28:07.481678,Okulary BME280,"32.40,68.22,29.01,80.80,29.05,74.16,29.03,41.78",32.40,68.22,29.01,80.80,29.05,74.16,29.03,41.78,true,0
session_20260821_142610_P001,1070,116646,2026-08-21T14:28:07.587526,Okulary BME280,"32.40,68.21,29.01,80.59,29.06,73.82,29.03,41.78",32.40,68.21,29.01,80.59,29.06,73.82,29.03,41.78,true,0
session_20260821_142610_P001,1071,116766,2026-08-21T14:28:07.707784,Okulary BME280,"32.40,68.17,29.01,80.38,29.09,73.12,29.03,41.78",32.40,68.17,29.01,80.38,29.09,73.12,29.03,41.78,true,0
session_20260821_142610_P001,1072,116831,2026-08-21T14:28:07.772349,Okulary BME280,"32.40,68.14,29.01,80.13,29.11,72.77,29.03,41.78",32.40,68.14,29.01,80.13,29.11,72.77,29.03,41.78,true,0
session_20260821_142610_P001,1073,116961,2026-08-21T14:28:07.902498,Okulary BME280,"32.40,68.13,29.02,79.64,29.12,72.43,29.02,41.78",32.40,68.13,29.02,79.64,29.12,72.43,29.02,41.78,true,0
session_20260821_142610_P001,1074,117047,2026-08-21T14:28:07.988850,Okulary BME280,"32.40,68.11,29.02,79.40,29.13,72.11,29.02,41.79",32.40,68.11,29.02,79.40,29.13,72.11,29.02,41.79,true,0
session_20260821_142610_P001,1075,117184,2026-08-21T14:28:08.125738,Okulary BME280,"32.39,68.07,29.02,79.27,29.12,72.18,29.02,41.79",32.39,68.07,29.02,79.27,29.12,72.18,29.02,41.79,true,0
session_20260821_142610_P001,1076,117345,2026-08-21T14:28:08.286233,Okulary BME280,"32.39,68.04,29.03,79.40,29.15,73.09,29.02,41.81",32.39,68.04,29.03,79.40,29.15,73.09,29.02,41.81,true,0
session_20260821_142610_P001,1077,117410,2026-08-21T14:28:08.352,Okulary BME280,"32.39,68.03,29.06,79.68,29.26,74.01,29.02,41.79",32.39,68.03,29.06,79.68,29.26,74.01,29.02,41.79,true,0
session_20260821_142610_P001,1078,117502,2026-08-21T14:28:08.443594,Okulary BME280,"32.39,68.06,29.12,80.02,29.42,74.80,29.02,41.84",32.39,68.06,29.12,80.02,29.42,74.80,29.02,41.84,true,0
session_20260821_142610_P001,1079,117608,2026-08-21T14:28:08.550159,Okulary BME280,"32.40,68.09,29.19,80.37,29.61,75.59,29.02,41.86",32.40,68.09,29.19,80.37,29.61,75.59,29.02,41.86,true,0
session_20260821_142610_P001,1080,117730,2026-08-21T14:28:08.671966,Okulary BME280,"32.40,68.18,29.27,80.77,29.95,76.81,29.03,41.88",32.40,68.18,29.27,80.77,29.95,76.81,29.03,41.88,true,0
session_20260821_142610_P001,1081,117819,2026-08-21T14:28:08.760534,Okulary BME280,"32.40,68.23,29.34,81.09,30.10,77.32,29.03,41.89",32.40,68.23,29.34,81.09,30.10,77.32,29.03,41.89,true,0
session_20260821_142610_P001,1082,117945,2026-08-21T14:28:08.886878,Okulary BME280,"32.40,68.29,29.44,81.81,30.22,77.78,29.03,41.89",32.40,68.29,29.44,81.81,30.22,77.78,29.03,41.89,true,0
session_20260821_142610_P001,1083,118065,2026-08-21T14:28:09.006844,Okulary BME280,"32.40,68.34,29.48,82.15,30.33,78.21,29.03,41.89",32.40,68.34,29.48,82.15,30.33,78.21,29.03,41.89,true,0
session_20260821_142610_P001,1084,118190,2026-08-21T14:28:09.131761,Okulary BME280,"32.40,68.40,29.52,82.47,30.44,78.56,29.03,41.90",32.40,68.40,29.52,82.47,30.44,78.56,29.03,41.90,true,0
session_20260821_142610_P001,1085,118261,2026-08-21T14:28:09.202413,Okulary BME280,"32.41,68.45,29.55,82.76,30.53,78.86,29.03,41.93",32.41,68.45,29.55,82.76,30.53,78.86,29.03,41.93,true,0
session_20260821_142610_P001,1086,118363,2026-08-21T14:28:09.305154,Okulary BME280,"32.41,68.52,29.58,82.97,30.61,78.97,29.03,41.89",32.41,68.52,29.58,82.97,30.61,78.97,29.03,41.89,true,0
session_20260821_142610_P001,1087,118485,2026-08-21T14:28:09.427167,Okulary BME280,"32.40,68.56,29.57,82.95,30.62,78.49,29.03,41.91",32.40,68.56,29.57,82.95,30.62,78.49,29.03,41.91,true,0
session_20260821_142610_P001,1088,118592,2026-08-21T14:28:09.533249,Okulary BME280,"32.41,68.55,29.51,82.84,30.41,77.85,29.04,41.91",32.41,68.55,29.51,82.84,30.41,77.85,29.04,41.91,true,0
session_20260821_142610_P001,1089,118729,2026-08-21T14:28:09.670370,Okulary BME280,"32.40,68.55,29.41,82.70,29.79,76.84,29.03,41.91",32.40,68.55,29.41,82.70,29.79,76.84,29.03,41.91,true,0
session_20260821_142610_P001,1090,118823,2026-08-21T14:28:09.764768,Okulary BME280,"32.40,68.54,29.23,82.25,29.55,76.40,29.04,41.91",32.40,68.54,29.23,82.25,29.55,76.40,29.04,41.91,true,0
session_20260821_142610_P001,1091,118954,2026-08-21T14:28:09.895274,Okulary BME280,"32.40,68.53,29.16,82.00,29.36,76.00,29.03,41.91",32.40,68.53,29.16,82.00,29.36,76.00,29.03,41.91,true,0
session_20260821_142610_P001,1092,119030,2026-08-21T14:28:09.971597,Okulary BME280,"32.39,68.50,29.11,81.75,29.22,75.59,29.03,41.91",32.39,68.50,29.11,81.75,29.22,75.59,29.03,41.91,true,0
session_20260821_142610_P001,1093,119122,2026-08-21T14:28:10.063977,Okulary BME280,"32.39,68.48,29.07,81.49,29.12,75.16,29.04,41.91",32.39,68.48,29.07,81.49,29.12,75.16,29.04,41.91,true,0
session_20260821_142610_P001,1094,119252,2026-08-21T14:28:10.193326,Okulary BME280,"32.39,68.46,29.05,81.23,29.06,74.76,29.03,41.91",32.39,68.46,29.05,81.23,29.06,74.76,29.03,41.91,true,0
session_20260821_142610_P001,1095,119359,2026-08-21T14:28:10.300749,Okulary BME280,"32.38,68.39,29.03,80.97,29.03,74.33,29.03,41.92",32.38,68.39,29.03,80.97,29.03,74.33,29.03,41.92,true,0
session_20260821_142610_P001,1096,119489,2026-08-21T14:28:10.430531,Okulary BME280,"32.39,68.38,29.02,80.72,29.01,73.89,29.03,41.92",32.39,68.38,29.02,80.72,29.01,73.89,29.03,41.92,true,0
session_20260821_142610_P001,1097,119589,2026-08-21T14:28:10.530372,Okulary BME280,"32.38,68.30,29.00,80.50,29.00,73.21,29.02,41.92",32.38,68.30,29.00,80.50,29.00,73.21,29.02,41.92,true,0
session_20260821_142610_P001,1098,119661,2026-08-21T14:28:10.602852,Okulary BME280,"32.38,68.26,28.99,80.23,29.01,73.24,29.03,41.92",32.38,68.26,28.99,80.23,29.01,73.24,29.03,41.92,true,0
session_20260821_142610_P001,1099,119806,2026-08-21T14:28:10.748032,Okulary BME280,"32.38,68.23,29.00,79.89,29.04,73.33,29.03,41.91",32.38,68.23,29.00,79.89,29.04,73.33,29.03,41.91,true,0
session_20260821_142610_P001,1100,119886,2026-08-21T14:28:10.827723,Okulary BME280,"32.38,68.19,29.00,79.71,29.08,73.38,29.03,41.91",32.38,68.19,29.00,79.71,29.08,73.38,29.03,41.91,true,0
session_20260821_142610_P001,1101,120043,2026-08-21T14:28:10.984689,Okulary BME280,"32.38,68.15,29.01,79.58,29.13,73.42,29.02,41.91",32.38,68.15,29.01,79.58,29.13,73.42,29.02,41.91,true,0
session_20260821_142610_P001,1102,120107,2026-08-21T14:28:11.048792,Okulary BME280,"32.38,68.12,29.02,79.42,29.17,73.41,29.02,41.91",32.38,68.12,29.02,79.42,29.17,73.41,29.02,41.91,true,0
session_20260821_142610_P001,1103,120274,2026-08-21T14:28:11.216061,Okulary BME280,"32.38,68.09,29.04,79.31,29.21,73.42,29.02,41.89",32.38,68.09,29.04,79.31,29.21,73.42,29.02,41.89,true,0
session_20260821_142610_P001,1104,120373,2026-08-21T14:28:11.314749,Okulary BME280,"32.38,68.00,29.05,79.46,29.24,74.23,29.02,41.91",32.38,68.00,29.05,79.46,29.24,74.23,29.02,41.91,true,0
session_20260821_142610_P001,1105,120438,2026-08-21T14:28:11.379395,Okulary BME280,"32.38,68.08,29.10,79.73,29.36,75.00,29.02,41.91",32.38,68.08,29.10,79.73,29.36,75.00,29.02,41.91,true,0
session_20260821_142610_P001,1106,120580,2026-08-21T14:28:11.521221,Okulary BME280,"32.38,68.12,29.17,80.03,29.72,76.39,29.01,41.92",32.38,68.12,29.17,80.03,29.72,76.39,29.01,41.92,true,0
session_20260821_142610_P001,1107,120646,2026-08-21T14:28:11.587235,Okulary BME280,"32.38,68.15,29.32,80.78,29.92,77.01,29.01,41.92",32.38,68.15,29.32,80.78,29.92,77.01,29.01,41.92,true,0
session_20260821_142610_P001,1108,120789,2026-08-21T14:28:11.730958,Okulary BME280,"32.39,68.19,29.39,81.15,30.11,77.56,29.01,41.93",32.39,68.19,29.39,81.15,30.11,77.56,29.01,41.93,true,0
session_20260821_142610_P001,1109,120908,2026-08-21T14:28:11.849384,Okulary BME280,"32.39,68.27,29.45,81.52,30.29,78.06,29.01,41.96",32.39,68.27,29.45,81.52,30.29,78.06,29.01,41.96,true,0
session_20260821_142610_P001,1110,121015,2026-08-21T14:28:11.956844,Okulary BME280,"32.39,68.33,29.51,81.89,30.45,78.40,29.01,41.97",32.39,68.33,29.51,81.89,30.45,78.40,29.01,41.97,true,0
session_20260821_142610_P001,1111,121107,2026-08-21T14:28:12.048879,Okulary BME280,"32.39,68.38,29.57,82.20,30.58,78.67,29.01,41.98",32.39,68.38,29.57,82.20,30.58,78.67,29.01,41.98,true,0
session_20260821_142610_P001,1112,121189,2026-08-21T14:28:12.130778,Okulary BME280,"32.39,68.35,29.61,82.34,30.66,78.57,29.01,42.01",32.39,68.35,29.61,82.34,30.66,78.57,29.01,42.01,true,0
session_20260821_142610_P001,1113,121323,2026-08-21T14:28:12.265197,Okulary BME280,"32.39,68.46,29.59,82.30,30.61,78.15,29.01,42.00",32.39,68.46,29.59,82.30,30.61,78.15,29.01,42.00,true,0
session_20260821_142610_P001,1114,121439,2026-08-21T14:28:12.380805,Okulary BME280,"32.39,68.50,29.50,82.16,30.37,77.52,29.01,42.00",32.39,68.50,29.50,82.16,30.37,77.52,29.01,42.00,true,0
session_20260821_142610_P001,1115,121574,2026-08-21T14:28:12.515364,Okulary BME280,"32.39,68.49,29.40,82.02,29.74,76.54,29.01,42.00",32.39,68.49,29.40,82.02,29.74,76.54,29.01,42.00,true,0
session_20260821_142610_P001,1116,121638,2026-08-21T14:28:12.579638,Okulary BME280,"32.38,68.49,29.20,81.52,29.50,76.10,29.00,42.00",32.38,68.49,29.20,81.52,29.50,76.10,29.00,42.00,true,0
session_20260821_142610_P001,1117,121752,2026-08-21T14:28:12.694200,Okulary BME280,"32.38,68.49,29.14,81.27,29.31,75.66,29.00,42.00",32.38,68.49,29.14,81.27,29.31,75.66,29.00,42.00,true,0
session_20260821_142610_P001,1118,121861,2026-08-21T14:28:12.802261,Okulary BME280,"32.38,68.46,29.10,81.01,29.19,75.23,29.00,41.99",32.38,68.46,29.10,81.01,29.19,75.23,29.00,41.99,true,0
session_20260821_142610_P001,1119,121982,2026-08-21T14:28:12.923635,Okulary BME280,"32.38,68.44,29.06,80.75,29.11,74.78,29.01,41.99",32.38,68.44,29.06,80.75,29.11,74.78,29.01,41.99,true,0
session_20260821_142610_P001,1120,122088,2026-08-21T14:28:13.029648,Okulary BME280,"32.38,68.41,29.04,80.50,29.06,74.32,29.00,41.99",32.38,68.41,29.04,80.50,29.06,74.32,29.00,41.99,true,0
session_20260821_142610_P001,1121,122181,2026-08-21T14:28:13.123113,Okulary BME280,"32.38,68.40,29.02,80.24,29.03,73.91,29.00,42.01",32.38,68.40,29.02,80.24,29.03,73.91,29.00,42.01,true,0
session_20260821_142610_P001,1122,122315,2026-08-21T14:28:13.256390,Okulary BME280,"32.38,68.35,29.01,79.98,29.01,73.34,28.99,42.00",32.38,68.35,29.01,79.98,29.01,73.34,28.99,42.00,true,0
session_20260821_142610_P001,1123,122411,2026-08-21T14:28:13.352983,Okulary BME280,"32.38,68.28,29.00,79.74,29.00,72.58,29.00,41.97",32.38,68.28,29.00,79.74,29.00,72.58,29.00,41.97,true,0
session_20260821_142610_P001,1124,122491,2026-08-21T14:28:13.433166,Okulary BME280,"32.37,68.23,28.99,79.49,28.99,72.19,28.99,41.98",32.37,68.23,28.99,79.49,28.99,72.19,28.99,41.98,true,0
session_20260821_142610_P001,1125,122640,2026-08-21T14:28:13.582124,Okulary BME280,"32.36,68.20,28.98,78.97,28.98,71.80,28.99,41.98",32.36,68.20,28.98,78.97,28.98,71.80,28.99,41.98,true,0
session_20260821_142610_P001,1126,122745,2026-08-21T14:28:13.686373,Okulary BME280,"32.37,68.15,28.97,78.73,28.99,71.44,28.99,41.98",32.37,68.15,28.97,78.73,28.99,71.44,28.99,41.98,true,0
session_20260821_142610_P001,1127,122881,2026-08-21T14:28:13.822862,Okulary BME280,"32.36,68.11,28.96,78.73,28.99,71.95,28.99,41.96",32.36,68.11,28.96,78.73,28.99,71.95,28.99,41.96,true,0
session_20260821_142610_P001,1128,122981,2026-08-21T14:28:13.923046,Okulary BME280,"32.36,68.09,28.98,78.95,29.05,72.93,28.99,41.96",32.36,68.09,28.98,78.95,29.05,72.93,28.99,41.96,true,0
session_20260821_142610_P001,1129,123079,2026-08-21T14:28:14.021195,Okulary BME280,"32.36,68.08,29.03,79.26,29.20,73.81,28.99,41.96",32.36,68.08,29.03,79.26,29.20,73.81,28.99,41.96,true,0
session_20260821_142610_P001,1130,123166,2026-08-21T14:28:14.108050,Okulary BME280,"32.37,68.07,29.10,79.60,29.39,74.54,28.99,41.95",32.37,68.07,29.10,79.60,29.39,74.54,28.99,41.95,true,0
session_20260821_142610_P001,1131,123269,2026-08-21T14:28:14.210703,Okulary BME280,"32.37,68.20,29.18,79.97,29.58,75.33,28.99,41.98",32.37,68.20,29.18,79.97,29.58,75.33,28.99,41.98,true,0
session_20260821_142610_P001,1132,123406,2026-08-21T14:28:14.347458,Okulary BME280,"32.37,68.24,29.26,80.36,29.94,76.61,28.99,41.96",32.37,68.24,29.26,80.36,29.94,76.61,28.99,41.96,true,0
session_20260821_142610_P001,1133,123487,2026-08-21T14:28:14.428308,Okulary BME280,"32.37,68.30,29.39,81.16,30.11,77.16,28.98,41.96",32.37,68.30,29.39,81.16,30.11,77.16,28.98,41.96,true,0
session_20260821_142610_P001,1134,123634,2026-08-21T14:28:14.575708,Okulary BME280,"32.37,68.36,29.46,81.54,30.27,77.63,28.98,41.96",32.37,68.36,29.46,81.54,30.27,77.63,28.98,41.96,true,0
session_20260821_142610_P001,1135,123721,2026-08-21T14:28:14.662575,Okulary BME280,"32.38,68.44,29.52,81.92,30.40,78.09,28.98,41.96",32.38,68.44,29.52,81.92,30.40,78.09,28.98,41.96,true,0
session_20260821_142610_P001,1136,123870,2026-08-21T14:28:14.811953,Okulary BME280,"32.38,68.49,29.58,82.27,30.53,78.48,28.97,41.97",32.38,68.49,29.58,82.27,30.53,78.48,28.97,41.97,true,0
session_20260821_142610_P001,1137,123933,2026-08-21T14:28:14.874746,Okulary BME280,"32.38,68.55,29.64,82.63,30.64,78.79,28.97,41.97",32.38,68.55,29.64,82.63,30.64,78.79,28.97,41.97,true,0
session_20260821_142610_P001,1138,124041,2026-08-21T14:28:14.982594,Okulary BME280,"32.38,68.67,29.68,82.93,30.74,79.05,28.97,41.97",32.38,68.67,29.68,82.93,30.74,79.05,28.97,41.97,true,0
session_20260821_142610_P001,1139,124188,2026-08-21T14:28:15.129631,Okulary BME280,"32.38,68.62,29.72,83.21,30.82,79.28,28.97,41.99",32.38,68.62,29.72,83.21,30.82,79.28,28.97,41.99,true,0
session_20260821_142610_P001,1140,124249,2026-08-21T14:28:15.190610,Okulary BME280,"32.38,68.75,29.74,83.43,30.87,79.11,28.97,41.99",32.38,68.75,29.74,83.43,30.87,79.11,28.97,41.99,true,0
session_20260821_142610_P001,1141,124383,2026-08-21T14:28:15.324250,Okulary BME280,"32.38,68.77,29.72,83.41,30.54,77.91,28.96,42.07",32.38,68.77,29.72,83.41,30.54,77.91,28.96,42.07,true,0
session_20260821_142610_P001,1142,124471,2026-08-21T14:28:15.412787,Okulary BME280,"32.38,68.78,29.49,83.03,30.19,77.34,28.96,42.08",32.38,68.78,29.49,83.03,30.19,77.34,28.96,42.08,true,0
session_20260821_142610_P001,1143,124565,2026-08-21T14:28:15.506276,Okulary BME280,"32.37,68.79,29.36,82.81,29.84,76.85,28.97,42.09",32.37,68.79,29.36,82.81,29.84,76.85,28.97,42.09,true,0
session_20260821_142610_P001,1144,124700,2026-08-21T14:28:15.641504,Okulary BME280,"32.36,68.79,29.25,82.57,29.56,76.41,28.97,42.10",32.36,68.79,29.25,82.57,29.56,76.41,28.97,42.10,true,0
session_20260821_142610_P001,1145,124805,2026-08-21T14:28:15.746321,Okulary BME280,"32.37,68.81,29.16,82.32,29.33,76.02,28.97,42.10",32.37,68.81,29.16,82.32,29.33,76.02,28.97,42.10,true,0
session_20260821_142610_P001,1146,124957,2026-08-21T14:28:15.898232,Okulary BME280,"32.37,68.81,29.10,82.06,29.17,75.64,28.96,42.10",32.37,68.81,29.10,82.06,29.17,75.64,28.96,42.10,true,0
session_20260821_142610_P001,1147,125012,2026-08-21T14:28:15.953654,Okulary BME280,"32.37,68.83,29.05,81.79,29.06,75.23,28.97,42.10",32.37,68.83,29.05,81.79,29.06,75.23,28.97,42.10,true,0
session_20260821_142610_P001,1148,125173,2026-08-21T14:28:16.114563,Okulary BME280,"32.37,68.78,29.02,81.51,28.99,74.81,28.97,42.11",32.37,68.78,29.02,81.51,28.99,74.81,28.97,42.11,true,0
session_20260821_142610_P001,1149,125235,2026-08-21T14:28:16.177011,Okulary BME280,"32.36,68.75,29.00,81.28,28.92,74.00,28.97,42.08",32.36,68.75,29.00,81.28,28.92,74.00,28.97,42.08,true,0
session_20260821_142610_P001,1150,125325,2026-08-21T14:28:16.266749,Okulary BME280,"32.36,68.74,28.98,80.97,28.91,73.60,28.96,42.09",32.36,68.74,28.98,80.97,28.91,73.60,28.96,42.09,true,0
session_20260821_142610_P001,1151,125487,2026-08-21T14:28:16.428264,Okulary BME280,"32.35,68.73,28.96,80.44,28.91,73.19,28.95,42.09",32.35,68.73,28.96,80.44,28.91,73.19,28.95,42.09,true,0
session_20260821_142610_P001,1152,125558,2026-08-21T14:28:16.499799,Okulary BME280,"32.36,68.74,28.96,80.17,28.91,72.78,28.96,42.09",32.36,68.74,28.96,80.17,28.91,72.78,28.96,42.09,true,0
session_20260821_142610_P001,1153,125688,2026-08-21T14:28:16.629773,Okulary BME280,"32.36,68.72,28.95,79.92,28.92,72.41,28.96,42.08",32.36,68.72,28.95,79.92,28.92,72.41,28.96,42.08,true,0
session_20260821_142610_P001,1154,125784,2026-08-21T14:28:16.725502,Okulary BME280,"32.35,68.71,28.95,79.67,28.92,72.03,28.96,42.08",32.35,68.71,28.95,79.67,28.92,72.03,28.96,42.08,true,0
session_20260821_142610_P001,1155,125954,2026-08-21T14:28:16.895846,Okulary BME280,"32.35,68.72,28.95,79.54,28.93,72.15,28.96,42.08",32.35,68.72,28.95,79.54,28.93,72.15,28.96,42.08,true,0
session_20260821_142610_P001,1156,126001,2026-08-21T14:28:16.942230,Okulary BME280,"32.35,68.72,28.96,79.64,28.96,73.05,28.96,42.08",32.35,68.72,28.96,79.64,28.96,73.05,28.96,42.08,true,0
session_20260821_142610_P001,1157,126098,2026-08-21T14:28:17.040174,Okulary BME280,"32.35,68.71,28.99,79.88,29.08,73.88,28.96,42.09",32.35,68.71,28.99,79.88,29.08,73.88,28.96,42.09,true,0
session_20260821_142610_P001,1158,126250,2026-08-21T14:28:17.191593,Okulary BME280,"32.36,68.72,29.05,80.15,29.48,75.46,28.96,42.06",32.36,68.72,29.05,80.15,29.48,75.46,28.96,42.06,true,0
session_20260821_142610_P001,1159,126323,2026-08-21T14:28:17.264475,Okulary BME280,"32.35,68.75,29.20,80.82,29.69,76.08,28.96,42.05",32.35,68.75,29.20,80.82,29.69,76.08,28.96,42.05,true,0
session_20260821_142610_P001,1160,126473,2026-08-21T14:28:17.414328,Okulary BME280,"32.35,68.79,29.27,81.17,29.87,76.63,28.96,42.07",32.35,68.79,29.27,81.17,29.87,76.63,28.96,42.07,true,0
session_20260821_142610_P001,1161,126547,2026-08-21T14:28:17.488551,Okulary BME280,"32.36,68.84,29.34,81.53,30.03,77.16,28.96,42.05",32.36,68.84,29.34,81.53,30.03,77.16,28.96,42.05,true,0
session_20260821_142610_P001,1162,126639,2026-08-21T14:28:17.580611,Okulary BME280,"32.36,68.89,29.40,81.88,30.18,77.61,28.96,42.05",32.36,68.89,29.40,81.88,30.18,77.61,28.96,42.05,true,0
session_20260821_142610_P001,1163,126769,2026-08-21T14:28:17.710298,Okulary BME280,"32.36,68.92,29.46,82.22,30.31,78.02,28.95,42.05",32.36,68.92,29.46,82.22,30.31,78.02,28.95,42.05,true,0
session_20260821_142610_P001,1164,126863,2026-08-21T14:28:17.804337,Okulary BME280,"32.36,68.89,29.51,82.54,30.42,78.40,28.95,42.07",32.36,68.89,29.51,82.54,30.42,78.40,28.95,42.07,true,0
session_20260821_142610_P001,1165,126991,2026-08-21T14:28:17.932382,Okulary BME280,"32.36,69.03,29.56,82.85,30.53,78.73,28.95,42.05",32.36,69.03,29.56,82.85,30.53,78.73,28.95,42.05,true,0
session_20260821_142610_P001,1166,127083,2026-08-21T14:28:18.024240,Okulary BME280,"32.36,69.08,29.61,83.15,30.61,79.15,28.95,42.02",32.36,69.08,29.61,83.15,30.61,79.15,28.95,42.02,true,0
session_20260821_142610_P001,1167,127224,2026-08-21T14:28:18.165883,Okulary BME280,"32.36,69.11,29.63,83.37,30.74,78.99,28.95,42.04",32.36,69.11,29.63,83.37,30.74,78.99,28.95,42.04,true,0
session_20260821_142610_P001,1168,127307,2026-08-21T14:28:18.248583,Okulary BME280,"32.37,69.14,29.63,83.58,30.68,78.49,28.95,42.05",32.37,69.14,29.63,83.58,30.68,78.49,28.95,42.05,true,0
session_20260821_142610_P001,1169,127402,2026-08-21T14:28:18.343884,Okulary BME280,"32.36,69.15,29.57,83.52,30.43,77.90,28.95,42.07",32.36,69.15,29.57,83.52,30.43,77.90,28.95,42.07,true,0
session_20260821_142610_P001,1170,127557,2026-08-21T14:28:18.498796,Okulary BME280,"32.36,69.16,29.47,83.36,30.10,77.39,28.94,42.06",32.36,69.16,29.47,83.36,30.10,77.39,28.94,42.06,true,0
session_20260821_142610_P001,1171,127621,2026-08-21T14:28:18.562387,Okulary BME280,"32.36,69.15,29.37,83.14,29.79,76.96,28.93,42.08",32.36,69.15,29.37,83.14,29.79,76.96,28.93,42.08,true,0
session_20260821_142610_P001,1172,127782,2026-08-21T14:28:18.723366,Okulary BME280,"32.36,69.15,29.27,82.90,29.54,76.54,28.93,42.09",32.36,69.15,29.27,82.90,29.54,76.54,28.93,42.09,true,0
session_20260821_142610_P001,1173,127846,2026-08-21T14:28:18.788027,Okulary BME280,"32.35,69.19,29.18,82.61,29.35,76.14,28.93,42.10",32.35,69.19,29.18,82.61,29.35,76.14,28.93,42.10,true,0
session_20260821_142610_P001,1174,127982,2026-08-21T14:28:18.923407,Okulary BME280,"32.36,69.05,29.12,82.35,29.21,75.84,28.93,42.12",32.36,69.05,29.12,82.35,29.21,75.84,28.93,42.12,true,0
session_20260821_142610_P001,1175,128070,2026-08-21T14:28:19.011649,Okulary BME280,"32.35,69.01,29.07,82.11,29.04,74.97,28.93,42.11",32.35,69.01,29.07,82.11,29.04,74.97,28.93,42.11,true,0
session_20260821_142610_P001,1176,128165,2026-08-21T14:28:19.106232,Okulary BME280,"32.35,68.98,29.01,81.53,29.00,74.54,28.94,42.15",32.35,68.98,29.01,81.53,29.00,74.54,28.94,42.15,true,0
session_20260821_142610_P001,1177,128295,2026-08-21T14:28:19.237070,Okulary BME280,"32.34,68.94,28.99,81.24,28.98,74.13,28.94,42.16",32.34,68.94,28.99,81.24,28.98,74.13,28.94,42.16,true,0
session_20260821_142610_P001,1178,128393,2026-08-21T14:28:19.335179,Okulary BME280,"32.34,68.91,28.98,80.98,28.96,73.71,28.94,42.16",32.34,68.91,28.98,80.98,28.96,73.71,28.94,42.16,true,0
session_20260821_142610_P001,1179,128528,2026-08-21T14:28:19.469258,Okulary BME280,"32.34,68.86,28.97,80.72,28.95,73.28,28.95,42.16",32.34,68.86,28.97,80.72,28.95,73.28,28.95,42.16,true,0
session_20260821_142610_P001,1180,128643,2026-08-21T14:28:19.584986,Okulary BME280,"32.34,68.83,28.97,80.45,28.94,72.88,28.95,42.16",32.34,68.83,28.97,80.45,28.94,72.88,28.95,42.16,true,0
session_20260821_142610_P001,1181,128773,2026-08-21T14:28:19.715046,Okulary BME280,"32.34,68.80,28.96,80.20,28.94,72.47,28.94,42.16",32.34,68.80,28.96,80.20,28.94,72.47,28.94,42.16,true,0
session_20260821_142610_P001,1182,128835,2026-08-21T14:28:19.777198,Okulary BME280,"32.34,68.75,28.96,79.93,28.94,72.04,28.95,42.16",32.34,68.75,28.96,79.93,28.94,72.04,28.95,42.16,true,0
session_20260821_142610_P001,1183,128924,2026-08-21T14:28:19.866163,Okulary BME280,"32.33,68.66,28.95,79.60,28.94,71.73,28.95,42.17",32.33,68.66,28.95,79.60,28.94,71.73,28.95,42.17,true,0
session_20260821_142610_P001,1184,129081,2026-08-21T14:28:20.022395,Okulary BME280,"32.33,68.62,28.95,79.47,28.94,71.18,28.94,42.17",32.33,68.62,28.95,79.47,28.94,71.18,28.94,42.17,true,0
session_20260821_142610_P001,1185,129175,2026-08-21T14:28:20.116591,Okulary BME280,"32.33,68.56,28.95,79.26,28.96,71.93,28.94,42.12",32.33,68.56,28.95,79.26,28.96,71.93,28.94,42.12,true,0
session_20260821_142610_P001,1186,129287,2026-08-21T14:28:20.228529,Okulary BME280,"32.33,68.52,28.97,79.45,29.04,72.88,28.94,42.15",32.33,68.52,28.97,79.45,29.04,72.88,28.94,42.15,true,0
session_20260821_142610_P001,1187,129377,2026-08-21T14:28:20.318833,Okulary BME280,"32.33,68.50,29.02,79.72,29.21,73.70,28.93,42.15",32.33,68.50,29.02,79.72,29.21,73.70,28.93,42.15,true,0
session_20260821_142610_P001,1188,129505,2026-08-21T14:28:20.446820,Okulary BME280,"32.33,68.52,29.09,80.05,29.38,74.43,28.94,42.15",32.33,68.52,29.09,80.05,29.38,74.43,28.94,42.15,true,0
session_20260821_142610_P001,1189,129604,2026-08-21T14:28:20.545445,Okulary BME280,"32.33,68.54,29.16,80.40,29.55,75.17,28.94,42.15",32.33,68.54,29.16,80.40,29.55,75.17,28.94,42.15,true,0
session_20260821_142610_P001,1190,129698,2026-08-21T14:28:20.639805,Okulary BME280,"32.34,68.60,29.24,80.77,29.70,75.81,28.94,42.15",32.34,68.60,29.24,80.77,29.70,75.81,28.94,42.15,true,0
session_20260821_142610_P001,1191,129830,2026-08-21T14:28:20.772168,Okulary BME280,"32.34,68.62,29.31,81.14,29.87,76.39,28.94,42.15",32.34,68.62,29.31,81.14,29.87,76.39,28.94,42.15,true,0
session_20260821_142610_P001,1192,129953,2026-08-21T14:28:20.894743,Okulary BME280,"32.35,68.72,29.37,81.48,30.15,77.35,28.94,42.15",32.35,68.72,29.37,81.48,30.15,77.35,28.94,42.15,true,0
