session_id,sample_index,timestamp_ms,datetime_iso,device_name,raw_payload,raw_hx711,parse_ok
session_20260821_142610_P001,0,46,2026-08-21T14:26:10.987822,Pas tensometryczny,-5169121,-5169121,true
session_20260821_142610_P001,1,138,2026-08-21T14:26:11.079883,Pas tensometryczny,-5169052,-5169052,true
session_20260821_142610_P001,2,195,2026-08-21T14:26:11.136833,Pas tensometryczny,-5169176,-5169176,true
session_20260821_142610_P001,3,353,2026-08-21T14:26:11.294415,Pas tensometryczny,-5169209,-5169209,true
session_20260821_142610_P001,4,403,2026-08-21T14:26:11.345103,Pas tensometryczny,-5169075,-5169075,true
session_20260821_142610_P001,5,511,2026-08-21T14:26:11.452751,Pas tensometryczny,-5168945,-5168945,true
session_20260821_142610_P001,6,685,2026-08-21T14:26:11.626930,Pas tensometryczny,-5168867,-5168867,true
session_20260821_142610_P001,7,716,2026-08-21T14:26:11.657251,Pas tensometryczny,-5168800,-5168800,true
session_20260821_142610_P001,8,813,2026-08-21T14:26:11.754229,Pas tensometryczny,-5168774,-5168774,true
session_20260821_142610_P001,9,916,2026-08-21T14:26:11.857808,Pas tensometryczny,-5168788,-5168788,true
session_20260821_142610_P001,10,1052,2026-08-21T14:26:11.993911,Pas tensometryczny,-5168770,-5168770,true
session_20260821_142610_P001,11,1118,2026-08-21T14:26:12.059437,Pas tensometryczny,-5168482,-5168482,true
session_20260821_142610_P001,12,1187,2026-08-21T14:26:12.128857,Pas tensometryczny,-5168448,-5168448,true
session_20260821_142610_P001,13,1363,2026-08-21T14:26:12.304488,Pas tensometryczny,-5169038,-5169038,true
session_20260821_142610_P001,14,1437,2026-08-21T14:26:12.378694,Pas tensometryczny,-5169701,-5169701,true
session_20260821_142610_P001,15,1501,2026-08-21T14:26:12.442517,Pas tensometryczny,-5170062,-5170062,true
session_20260821_142610_P001,16,1592,2026-08-21T14:26:12.533645,Pas tensometryczny,-5170231,-5170231,true
session_20260821_142610_P001,17,1696,2026-08-21T14:26:12.637568,Pas tensometryczny,-5170399,-5170399,true
session_20260821_142610_P001,18,1894,2026-08-21T14:26:12.835833,Pas tensometryczny,-5170466,-5170466,true
session_20260821_142610_P001,19,1907,2026-08-21T14:26:12.848525,Pas tensometryczny,-5170619,-5170619,true
session_20260821_142610_P001,20,2032,2026-08-21T14:26:12.973549,Pas tensometryczny,-5170966,-5170966,true
session_20260821_142610_P001,21,2086,2026-08-21T14:26:13.027546,Pas tensometryczny,-5171338,-5171338,true
session_20260821_142610_P001,22,2223,2026-08-21T14:26:13.164593,Pas tensometryczny,-5171674,-5171674,true
session_20260821_142610_P001,23,2344,2026-08-21T14:26:13.285529,Pas tensometryczny,-5172029,-5172029,true
session_20260821_142610_P001,24,2450,2026-08-21T14:26:13.392084,Pas tensometryczny,-5172436,-5172436,true
session_20260821_142610_P001,25,2490,2026-08-21T14:26:13.432099,Pas tensometryczny,-5172898,-5172898,true
session_20260821_142610_P001,26,2583,2026-08-21T14:26:13.524589,Pas tensometryczny,-5173214,-5173214,true
session_20260821_142610_P001,27,2745,2026-08-21T14:26:13.686482,Pas tensometryczny,-5173109,-5173109,true
session_20260821_142610_P001,28,2806,2026-08-21T14:26:13.747618,Pas tensometryczny,-5173126,-5173126,true
session_20260821_142610_P001,29,2897,2026-08-21T14:26:13.838454,Pas tensometryczny,-5173274,-5173274,true
session_20260821_142610_P001,30,2994,2026-08-21T14:26:13.935581,Pas tensometryczny,-5173569,-5173569,true
session_20260821_142610_P001,31,3122,2026-08-21T14:26:14.063856,Pas tensometryczny,-5173640,-5173640,true
session_20260821_142610_P001,32,3234,2026-08-21T14:26:14.176045,Pas tensometryczny,-5173248,-5173248,true
session_20260821_142610_P001,33,3325,2026-08-21T14:26:14.267200,Pas tensometryczny,-5172756,-5172756,true
session_20260821_142610_P001,34,3411,2026-08-21T14:26:14.352450,Pas tensometryczny,-5172432,-5172432,true
session_20260821_142610_P001,35,3528,2026-08-21T14:26:14.469551,Pas tensometryczny,-5172635,-5172635,true
session_20260821_142610_P001,36,3660,2026-08-21T14:26:14.601906,Pas tensometryczny,-5173164,-5173164,true
session_20260821_142610_P001,37,3725,2026-08-21T14:26:14.666391,Pas tensometryczny,-5173338,-5173338,true
session_20260821_142610_P001,38,3800,2026-08-21T14:26:14.741350,Pas tensometryczny,-5173373,-5173373,true
session_20260821_142610_P001,39,3895,2026-08-21T14:26:14.836611,Pas tensometryczny,-5173216,-5173216,true
session_20260821_142610_P001,40,4061,2026-08-21T14:26:15.002902,Pas tensometryczny,-5173149,-5173149,true
session_20260821_142610_P001,41,4114,2026-08-21T14:26:15.055456,Pas tensometryczny,-5173158,-5173158,true
session_20260821_142610_P001,42,4208,2026-08-21T14:26:15.149590,Pas tensometryczny,-5173132,-5173132,true
session_20260821_142610_P001,43,4519,2026-08-21T14:26:15.460371,Pas tensometryczny,-5173113,-5173113,true
session_20260821_142610_P001,44,4583,2026-08-21T14:26:15.524323,Pas tensometryczny,-5172739,-5172739,true
session_20260821_142610_P001,45,4583,2026-08-21T14:26:15.525117,Pas tensometryczny,-5171798,-5171798,true
session_20260821_142610_P001,46,4648,2026-08-21T14:26:15.589280,Pas tensometryczny,-5170495,-5170495,true
session_20260821_142610_P001,47,4713,2026-08-21T14:26:15.655173,Pas tensometryczny,-5169258,-5169258,true
session_20260821_142610_P001,48,4884,2026-08-21T14:26:15.826176,Pas tensometryczny,-5168816,-5168816,true
session_20260821_142610_P001,49,5149,2026-08-21T14:26:16.090961,Pas tensometryczny,-5169463,-5169463,true
session_20260821_142610_P001,50,5151,2026-08-21T14:26:16.092583,Pas tensometryczny,-5169861,-5169861,true
session_20260821_142610_P001,51,5814,2026-08-21T14:26:16.755390,Pas tensometryczny,-5172568,-5172568,true
session_20260821_142610_P001,52,5814,2026-08-21T14:26:16.755988,Pas tensometryczny,-5173236,-5173236,true
session_20260821_142610_P001,53,5868,2026-08-21T14:26:16.809900,Pas tensometryczny,-5173144,-5173144,true
session_20260821_142610_P001,54,5871,2026-08-21T14:26:16.812384,Pas tensometryczny,-5173875,-5173875,true
session_20260821_142610_P001,55,5871,2026-08-21T14:26:16.813016,Pas tensometryczny,-5174529,-5174529,true
session_20260821_142610_P001,56,5901,2026-08-21T14:26:16.842854,Pas tensometryczny,-5174424,-5174424,true
session_20260821_142610_P001,57,5902,2026-08-21T14:26:16.843548,Pas tensometryczny,-5173559,-5173559,true
session_20260821_142610_P001,58,5902,2026-08-21T14:26:16.844141,Pas tensometryczny,-5173608,-5173608,true
session_20260821_142610_P001,59,6002,2026-08-21T14:26:16.943719,Pas tensometryczny,-5173789,-5173789,true
session_20260821_142610_P001,60,6003,2026-08-21T14:26:16.944986,Pas tensometryczny,-5173318,-5173318,true
session_20260821_142610_P001,61,6092,2026-08-21T14:26:17.033291,Pas tensometryczny,-5173502,-5173502,true
session_20260821_142610_P001,62,6362,2026-08-21T14:26:17.304122,Pas tensometryczny,-5173810,-5173810,true
session_20260821_142610_P001,63,6363,2026-08-21T14:26:17.305139,Pas tensometryczny,-5173826,-5173826,true
session_20260821_142610_P001,64,6414,2026-08-21T14:26:17.356079,Pas tensometryczny,-5173858,-5173858,true
session_20260821_142610_P001,65,6497,2026-08-21T14:26:17.439126,Pas tensometryczny,-5173885,-5173885,true
session_20260821_142610_P001,66,6637,2026-08-21T14:26:17.578910,Pas tensometryczny,-5173240,-5173240,true
session_20260821_142610_P001,67,6722,2026-08-21T14:26:17.663858,Pas tensometryczny,-5172499,-5172499,true
session_20260821_142610_P001,68,6930,2026-08-21T14:26:17.871293,Pas tensometryczny,-5172476,-5172476,true
session_20260821_142610_P001,69,7248,2026-08-21T14:26:18.189308,Pas tensometryczny,-5171876,-5171876,true
session_20260821_142610_P001,70,7289,2026-08-21T14:26:18.230949,Pas tensometryczny,-5170698,-5170698,true
session_20260821_142610_P001,71,7291,2026-08-21T14:26:18.233116,Pas tensometryczny,-5170584,-5170584,true
session_20260821_142610_P001,72,7486,2026-08-21T14:26:18.427229,Pas tensometryczny,-5171615,-5171615,true
session_20260821_142610_P001,73,7486,2026-08-21T14:26:18.427849,Pas tensometryczny,-5172804,-5172804,true
session_20260821_142610_P001,74,8562,2026-08-21T14:26:19.504060,Pas tensometryczny,-5172679,-5172679,true
session_20260821_142610_P001,75,8566,2026-08-21T14:26:19.507847,Pas tensometryczny,-5171913,-5171913,true
session_20260821_142610_P001,76,8613,2026-08-21T14:26:19.554298,Pas tensometryczny,-5172065,-5172065,true
session_20260821_142610_P001,77,8613,2026-08-21T14:26:19.554931,Pas tensometryczny,-5172029,-5172029,true
session_20260821_142610_P001,78,8614,2026-08-21T14:26:19.555462,Pas tensometryczny,-5171353,-5171353,true
session_20260821_142610_P001,79,8614,2026-08-21T14:26:19.556101,Pas tensometryczny,-5170261,-5170261,true
session_20260821_142610_P001,80,8615,2026-08-21T14:26:19.556649,Pas tensometryczny,-5169945,-5169945,true
session_20260821_142610_P001,81,8615,2026-08-21T14:26:19.557131,Pas tensometryczny,-5170412,-5170412,true
session_20260821_142610_P001,82,8616,2026-08-21T14:26:19.557638,Pas tensometryczny,-5171130,-5171130,true
session_20260821_142610_P001,83,8617,2026-08-21T14:26:19.558230,Pas tensometryczny,-5171532,-5171532,true
session_20260821_142610_P001,84,8617,2026-08-21T14:26:19.558751,Pas tensometryczny,-5172027,-5172027,true
session_20260821_142610_P001,85,8618,2026-08-21T14:26:19.559245,Pas tensometryczny,-5172836,-5172836,true
session_20260821_142610_P001,86,8618,2026-08-21T14:26:19.559734,Pas tensometryczny,-5173635,-5173635,true
session_20260821_142610_P001,87,9406,2026-08-21T14:26:20.347604,Pas tensometryczny,-5174215,-5174215,true
session_20260821_142610_P001,88,9407,2026-08-21T14:26:20.348270,Pas tensometryczny,-5174551,-5174551,true
session_20260821_142610_P001,89,9409,2026-08-21T14:26:20.350527,Pas tensometryczny,-5174861,-5174861,true
session_20260821_142610_P001,90,9409,2026-08-21T14:26:20.351120,Pas tensometryczny,-5175227,-5175227,true
session_20260821_142610_P001,91,9410,2026-08-21T14:26:20.351693,Pas tensometryczny,-5175731,-5175731,true
session_20260821_142610_P001,92,9410,2026-08-21T14:26:20.352195,Pas tensometryczny,-5176253,-5176253,true
session_20260821_142610_P001,93,9411,2026-08-21T14:26:20.352695,Pas tensometryczny,-5176744,-5176744,true
session_20260821_142610_P001,94,9558,2026-08-21T14:26:20.499947,Pas tensometryczny,-5176719,-5176719,true
session_20260821_142610_P001,95,9628,2026-08-21T14:26:20.569228,Pas tensometryczny,-5176740,-5176740,true
session_20260821_142610_P001,96,9628,2026-08-21T14:26:20.569809,Pas tensometryczny,-5177063,-5177063,true
session_20260821_142610_P001,97,9775,2026-08-21T14:26:20.716642,Pas tensometryczny,-5177230,-5177230,true
session_20260821_142610_P001,98,9844,2026-08-21T14:26:20.785212,Pas tensometryczny,-5177603,-5177603,true
session_20260821_142610_P001,99,9960,2026-08-21T14:26:20.901769,Pas tensometryczny,-5176845,-5176845,true
session_20260821_142610_P001,100,10006,2026-08-21T14:26:20.948153,Pas tensometryczny,-5175227,-5175227,true
session_20260821_142610_P001,101,10176,2026-08-21T14:26:21.117243,Pas tensometryczny,-5174178,-5174178,true
session_20260821_142610_P001,102,10232,2026-08-21T14:26:21.173227,Pas tensometryczny,-5173637,-5173637,true
session_20260821_142610_P001,103,10323,2026-08-21T14:26:21.264521,Pas tensometryczny,-5173185,-5173185,true
session_20260821_142610_P001,104,10416,2026-08-21T14:26:21.358091,Pas tensometryczny,-5172588,-5172588,true
session_20260821_142610_P001,105,10520,2026-08-21T14:26:21.461627,Pas tensometryczny,-5171843,-5171843,true
session_20260821_142610_P001,106,10639,2026-08-21T14:26:21.580254,Pas tensometryczny,-5171183,-5171183,true
session_20260821_142610_P001,107,10737,2026-08-21T14:26:21.678358,Pas tensometryczny,-5171086,-5171086,true
session_20260821_142610_P001,108,10833,2026-08-21T14:26:21.774358,Pas tensometryczny,-5171950,-5171950,true
session_20260821_142610_P001,109,10936,2026-08-21T14:26:21.877270,Pas tensometryczny,-5172356,-5172356,true
session_20260821_142610_P001,110,11059,2026-08-21T14:26:22.000633,Pas tensometryczny,-5171699,-5171699,true
session_20260821_142610_P001,111,11163,2026-08-21T14:26:22.105178,Pas tensometryczny,-5171124,-5171124,true
session_20260821_142610_P001,112,11267,2026-08-21T14:26:22.209111,Pas tensometryczny,-5170647,-5170647,true
session_20260821_142610_P001,113,11311,2026-08-21T14:26:22.252766,Pas tensometryczny,-5170140,-5170140,true
session_20260821_142610_P001,114,11481,2026-08-21T14:26:22.422973,Pas tensometryczny,-5170163,-5170163,true
session_20260821_142610_P001,115,11550,2026-08-21T14:26:22.491442,Pas tensometryczny,-5170603,-5170603,true
session_20260821_142610_P001,116,11627,2026-08-21T14:26:22.569093,Pas tensometryczny,-5169997,-5169997,true
session_20260821_142610_P001,117,11722,2026-08-21T14:26:22.663997,Pas tensometryczny,-5169213,-5169213,true
session_20260821_142610_P001,118,11851,2026-08-21T14:26:22.792292,Pas tensometryczny,-5168435,-5168435,true
session_20260821_142610_P001,119,11944,2026-08-21T14:26:22.886159,Pas tensometryczny,-5167759,-5167759,true
session_20260821_142610_P001,120,12036,2026-08-21T14:26:22.977569,Pas tensometryczny,-5168059,-5168059,true
session_20260821_142610_P001,121,12122,2026-08-21T14:26:23.063968,Pas tensometryczny,-5168840,-5168840,true
session_20260821_142610_P001,122,12258,2026-08-21T14:26:23.199489,Pas tensometryczny,-5169256,-5169256,true
session_20260821_142610_P001,123,12380,2026-08-21T14:26:23.321800,Pas tensometryczny,-5169414,-5169414,true
session_20260821_142610_P001,124,12438,2026-08-21T14:26:23.379343,Pas tensometryczny,-5169701,-5169701,true
session_20260821_142610_P001,125,12562,2026-08-21T14:26:23.503577,Pas tensometryczny,-5169780,-5169780,true
session_20260821_142610_P001,126,12618,2026-08-21T14:26:23.559533,Pas tensometryczny,-5170130,-5170130,true
session_20260821_142610_P001,127,12915,2026-08-21T14:26:23.856828,Pas tensometryczny,-5169971,-5169971,true
session_20260821_142610_P001,128,12916,2026-08-21T14:26:23.857546,Pas tensometryczny,-5169762,-5169762,true
session_20260821_142610_P001,129,12954,2026-08-21T14:26:23.895849,Pas tensometryczny,-5169959,-5169959,true
session_20260821_142610_P001,130,13044,2026-08-21T14:26:23.985689,Pas tensometryczny,-5170777,-5170777,true
session_20260821_142610_P001,131,13159,2026-08-21T14:26:24.100268,Pas tensometryczny,-5172120,-5172120,true
session_20260821_142610_P001,132,13248,2026-08-21T14:26:24.189689,Pas tensometryczny,-5173388,-5173388,true
session_20260821_142610_P001,133,13355,2026-08-21T14:26:24.296927,Pas tensometryczny,-5173582,-5173582,true
session_20260821_142610_P001,134,13470,2026-08-21T14:26:24.412070,Pas tensometryczny,-5173296,-5173296,true
session_20260821_142610_P001,135,13517,2026-08-21T14:26:24.458258,Pas tensometryczny,-5172823,-5172823,true
session_20260821_142610_P001,136,13684,2026-08-21T14:26:24.626196,Pas tensometryczny,-5172301,-5172301,true
session_20260821_142610_P001,137,13743,2026-08-21T14:26:24.684539,Pas tensometryczny,-5173460,-5173460,true
session_20260821_142610_P001,138,13835,2026-08-21T14:26:24.776701,Pas tensometryczny,-5174972,-5174972,true
session_20260821_142610_P001,139,14000,2026-08-21T14:26:24.941839,Pas tensometryczny,-5174803,-5174803,true
session_20260821_142610_P001,140,14045,2026-08-21T14:26:24.986208,Pas tensometryczny,-5174250,-5174250,true
session_20260821_142610_P001,141,14153,2026-08-21T14:26:25.094388,Pas tensometryczny,-5173643,-5173643,true
session_20260821_142610_P001,142,14241,2026-08-21T14:26:25.182882,Pas tensometryczny,-5173089,-5173089,true
session_20260821_142610_P001,143,14332,2026-08-21T14:26:25.274142,Pas tensometryczny,-5172468,-5172468,true
session_20260821_142610_P001,144,14463,2026-08-21T14:26:25.404410,Pas tensometryczny,-5173125,-5173125,true
session_20260821_142610_P001,145,14562,2026-08-21T14:26:25.503987,Pas tensometryczny,-5173681,-5173681,true
session_20260821_142610_P001,146,14671,2026-08-21T14:26:25.612383,Pas tensometryczny,-5173162,-5173162,true
session_20260821_142610_P001,147,14762,2026-08-21T14:26:25.703553,Pas tensometryczny,-5172478,-5172478,true
session_20260821_142610_P001,148,14830,2026-08-21T14:26:25.771311,Pas tensometryczny,-5171735,-5171735,true
session_20260821_142610_P001,149,14991,2026-08-21T14:26:25.932224,Pas tensometryczny,-5171795,-5171795,true
session_20260821_142610_P001,150,15048,2026-08-21T14:26:25.989346,Pas tensometryczny,-5172741,-5172741,true
session_20260821_142610_P001,151,15139,2026-08-21T14:26:26.080883,Pas tensometryczny,-5172159,-5172159,true
session_20260821_142610_P001,152,15226,2026-08-21T14:26:26.167540,Pas tensometryczny,-5170442,-5170442,true
session_20260821_142610_P001,153,15318,2026-08-21T14:26:26.259537,Pas tensometryczny,-5170048,-5170048,true
session_20260821_142610_P001,154,15465,2026-08-21T14:26:26.406649,Pas tensometryczny,-5171046,-5171046,true
session_20260821_142610_P001,155,15562,2026-08-21T14:26:26.503742,Pas tensometryczny,-5172273,-5172273,true
session_20260821_142610_P001,156,15654,2026-08-21T14:26:26.595398,Pas tensometryczny,-5171741,-5171741,true
session_20260821_142610_P001,157,15749,2026-08-21T14:26:26.690969,Pas tensometryczny,-5170910,-5170910,true
session_20260821_142610_P001,158,15856,2026-08-21T14:26:26.798007,Pas tensometryczny,-5170671,-5170671,true
session_20260821_142610_P001,159,15966,2026-08-21T14:26:26.907373,Pas tensometryczny,-5170973,-5170973,true
session_20260821_142610_P001,160,16064,2026-08-21T14:26:27.006033,Pas tensometryczny,-5172216,-5172216,true
session_20260821_142610_P001,161,16154,2026-08-21T14:26:27.096083,Pas tensometryczny,-5173639,-5173639,true
session_20260821_142610_P001,162,16230,2026-08-21T14:26:27.171374,Pas tensometryczny,-5174125,-5174125,true
session_20260821_142610_P001,163,16352,2026-08-21T14:26:27.293905,Pas tensometryczny,-5174369,-5174369,true
session_20260821_142610_P001,164,16446,2026-08-21T14:26:27.387427,Pas tensometryczny,-5174426,-5174426,true
session_20260821_142610_P001,165,16534,2026-08-21T14:26:27.475386,Pas tensometryczny,-5174591,-5174591,true
session_20260821_142610_P001,166,16629,2026-08-21T14:26:27.570206,Pas tensometryczny,-5175331,-5175331,true
session_20260821_142610_P001,167,16758,2026-08-21T14:26:27.699678,Pas tensometryczny,-5175492,-5175492,true
session_20260821_142610_P001,168,16862,2026-08-21T14:26:27.803520,Pas tensometryczny,-5174697,-5174697,true
session_20260821_142610_P001,169,16941,2026-08-21T14:26:27.882259,Pas tensometryczny,-5174224,-5174224,true
session_20260821_142610_P001,170,17056,2026-08-21T14:26:27.997900,Pas tensometryczny,-5174086,-5174086,true
session_20260821_142610_P001,171,17163,2026-08-21T14:26:28.104331,Pas tensometryczny,-5173823,-5173823,true
session_20260821_142610_P001,172,17282,2026-08-21T14:26:28.223596,Pas tensometryczny,-5174192,-5174192,true
session_20260821_142610_P001,173,17369,2026-08-21T14:26:28.311058,Pas tensometryczny,-5174284,-5174284,true
session_20260821_142610_P001,174,17435,2026-08-21T14:26:28.376375,Pas tensometryczny,-5173325,-5173325,true
session_20260821_142610_P001,175,17539,2026-08-21T14:26:28.480708,Pas tensometryczny,-5172693,-5172693,true
session_20260821_142610_P001,176,17688,2026-08-21T14:26:28.630008,Pas tensometryczny,-5172012,-5172012,true
session_20260821_142610_P001,177,17749,2026-08-21T14:26:28.690706,Pas tensometryczny,-5171574,-5171574,true
session_20260821_142610_P001,178,17856,2026-08-21T14:26:28.797350,Pas tensometryczny,-5171861,-5171861,true
session_20260821_142610_P001,179,17929,2026-08-21T14:26:28.871161,Pas tensometryczny,-5171104,-5171104,true
session_20260821_142610_P001,180,18066,2026-08-21T14:26:29.008118,Pas tensometryczny,-5170436,-5170436,true
session_20260821_142610_P001,181,18169,2026-08-21T14:26:29.110381,Pas tensometryczny,-5170133,-5170133,true
session_20260821_142610_P001,182,18244,2026-08-21T14:26:29.185467,Pas tensometryczny,-5169986,-5169986,true
session_20260821_142610_P001,183,18366,2026-08-21T14:26:29.307861,Pas tensometryczny,-5170848,-5170848,true
session_20260821_142610_P001,184,18421,2026-08-21T14:26:29.362336,Pas tensometryczny,-5171066,-5171066,true
session_20260821_142610_P001,185,18595,2026-08-21T14:26:29.536821,Pas tensometryczny,-5171241,-5171241,true
session_20260821_142610_P001,186,18646,2026-08-21T14:26:29.587510,Pas tensometryczny,-5171587,-5171587,true
session_20260821_142610_P001,187,18738,2026-08-21T14:26:29.679861,Pas tensometryczny,-5172018,-5172018,true
session_20260821_142610_P001,188,18835,2026-08-21T14:26:29.776450,Pas tensometryczny,-5172052,-5172052,true
session_20260821_142610_P001,189,18998,2026-08-21T14:26:29.939466,Pas tensometryczny,-5171874,-5171874,true
session_20260821_142610_P001,190,19052,2026-08-21T14:26:29.993997,Pas tensometryczny,-5172852,-5172852,true
session_20260821_142610_P001,191,19154,2026-08-21T14:26:30.095302,Pas tensometryczny,-5174041,-5174041,true
session_20260821_142610_P001,192,19233,2026-08-21T14:26:30.175111,Pas tensometryczny,-5174261,-5174261,true
session_20260821_142610_P001,193,19367,2026-08-21T14:26:30.308756,Pas tensometryczny,-5174301,-5174301,true
session_20260821_142610_P001,194,19468,2026-08-21T14:26:30.409656,Pas tensometryczny,-5174332,-5174332,true
session_20260821_142610_P001,195,19593,2026-08-21T14:26:30.535137,Pas tensometryczny,-5174604,-5174604,true
session_20260821_142610_P001,196,19636,2026-08-21T14:26:30.577392,Pas tensometryczny,-5175381,-5175381,true
session_20260821_142610_P001,197,19759,2026-08-21T14:26:30.700861,Pas tensometryczny,-5175423,-5175423,true
session_20260821_142610_P001,198,19862,2026-08-21T14:26:30.803745,Pas tensometryczny,-5174722,-5174722,true
session_20260821_142610_P001,199,19979,2026-08-21T14:26:30.920378,Pas tensometryczny,-5173652,-5173652,true
session_20260821_142610_P001,200,20042,2026-08-21T14:26:30.983970,Pas tensometryczny,-5172853,-5172853,true
session_20260821_142610_P001,201,20136,2026-08-21T14:26:31.078089,Pas tensometryczny,-5172693,-5172693,true
session_20260821_142610_P001,202,20297,2026-08-21T14:26:31.239050,Pas tensometryczny,-5172968,-5172968,true
session_20260821_142610_P001,203,20358,2026-08-21T14:26:31.299258,Pas tensometryczny,-5172990,-5172990,true
session_20260821_142610_P001,204,20518,2026-08-21T14:26:31.459848,Pas tensometryczny,-5172119,-5172119,true
session_20260821_142610_P001,205,20567,2026-08-21T14:26:31.508890,Pas tensometryczny,-5171859,-5171859,true
session_20260821_142610_P001,206,20625,2026-08-21T14:26:31.566998,Pas tensometryczny,-5171898,-5171898,true
session_20260821_142610_P001,207,20762,2026-08-21T14:26:31.703487,Pas tensometryczny,-5171934,-5171934,true
session_20260821_142610_P001,208,20893,2026-08-21T14:26:31.835153,Pas tensometryczny,-5171264,-5171264,true
session_20260821_142610_P001,209,20992,2026-08-21T14:26:31.934123,Pas tensometryczny,-5170997,-5170997,true
session_20260821_142610_P001,210,21031,2026-08-21T14:26:31.972623,Pas tensometryczny,-5170846,-5170846,true
session_20260821_142610_P001,211,21211,2026-08-21T14:26:32.153203,Pas tensometryczny,-5170856,-5170856,true
session_20260821_142610_P001,212,21281,2026-08-21T14:26:32.223160,Pas tensometryczny,-5171323,-5171323,true
session_20260821_142610_P001,213,21430,2026-08-21T14:26:32.372099,Pas tensometryczny,-5172501,-5172501,true
session_20260821_142610_P001,214,21459,2026-08-21T14:26:32.401019,Pas tensometryczny,-5173796,-5173796,true
session_20260821_142610_P001,215,21574,2026-08-21T14:26:32.516041,Pas tensometryczny,-5173779,-5173779,true
session_20260821_142610_P001,216,21663,2026-08-21T14:26:32.604698,Pas tensometryczny,-5173910,-5173910,true
session_20260821_142610_P001,217,21755,2026-08-21T14:26:32.696665,Pas tensometryczny,-5173571,-5173571,true
session_20260821_142610_P001,218,21845,2026-08-21T14:26:32.786665,Pas tensometryczny,-5173668,-5173668,true
session_20260821_142610_P001,219,21967,2026-08-21T14:26:32.908295,Pas tensometryczny,-5174867,-5174867,true
session_20260821_142610_P001,220,22070,2026-08-21T14:26:33.011563,Pas tensometryczny,-5175125,-5175125,true
session_20260821_142610_P001,221,22193,2026-08-21T14:26:33.134500,Pas tensometryczny,-5175375,-5175375,true
session_20260821_142610_P001,222,22247,2026-08-21T14:26:33.188293,Pas tensometryczny,-5175784,-5175784,true
session_20260821_142610_P001,223,22385,2026-08-21T14:26:33.327049,Pas tensometryczny,-5175885,-5175885,true
session_20260821_142610_P001,224,22512,2026-08-21T14:26:33.453986,Pas tensometryczny,-5175909,-5175909,true
session_20260821_142610_P001,225,22587,2026-08-21T14:26:33.528362,Pas tensometryczny,-5176398,-5176398,true
session_20260821_142610_P001,226,22653,2026-08-21T14:26:33.594671,Pas tensometryczny,-5176327,-5176327,true
session_20260821_142610_P001,227,22743,2026-08-21T14:26:33.684638,Pas tensometryczny,-5175587,-5175587,true
session_20260821_142610_P001,228,22879,2026-08-21T14:26:33.820745,Pas tensometryczny,-5174295,-5174295,true
session_20260821_142610_P001,229,22968,2026-08-21T14:26:33.909454,Pas tensometryczny,-5173723,-5173723,true
session_20260821_142610_P001,230,23061,2026-08-21T14:26:34.002616,Pas tensometryczny,-5173795,-5173795,true
session_20260821_142610_P001,231,23151,2026-08-21T14:26:34.092910,Pas tensometryczny,-5173079,-5173079,true
session_20260821_142610_P001,232,23236,2026-08-21T14:26:34.177719,Pas tensometryczny,-5172380,-5172380,true
session_20260821_142610_P001,233,23380,2026-08-21T14:26:34.322081,Pas tensometryczny,-5171847,-5171847,true
session_20260821_142610_P001,234,23486,2026-08-21T14:26:34.428077,Pas tensometryczny,-5171242,-5171242,true
session_20260821_142610_P001,235,23580,2026-08-21T14:26:34.522041,Pas tensometryczny,-5170750,-5170750,true
session_20260821_142610_P001,236,23648,2026-08-21T14:26:34.589462,Pas tensometryczny,-5171015,-5171015,true
session_20260821_142610_P001,237,23812,2026-08-21T14:26:34.753782,Pas tensometryczny,-5171269,-5171269,true
session_20260821_142610_P001,238,23887,2026-08-21T14:26:34.828888,Pas tensometryczny,-5170933,-5170933,true
session_20260821_142610_P001,239,23964,2026-08-21T14:26:34.905984,Pas tensometryczny,-5171083,-5171083,true
session_20260821_142610_P001,240,24055,2026-08-21T14:26:34.996664,Pas tensometryczny,-5171498,-5171498,true
session_20260821_142610_P001,241,24150,2026-08-21T14:26:35.092130,Pas tensometryczny,-5172137,-5172137,true
session_20260821_142610_P001,242,24274,2026-08-21T14:26:35.216047,Pas tensometryczny,-5173277,-5173277,true
session_20260821_142610_P001,243,24373,2026-08-21T14:26:35.314977,Pas tensometryczny,-5173895,-5173895,true
session_20260821_142610_P001,244,24467,2026-08-21T14:26:35.408926,Pas tensometryczny,-5173901,-5173901,true
session_20260821_142610_P001,245,24543,2026-08-21T14:26:35.484462,Pas tensometryczny,-5173621,-5173621,true
session_20260821_142610_P001,246,24684,2026-08-21T14:26:35.625525,Pas tensometryczny,-5173695,-5173695,true
session_20260821_142610_P001,247,24807,2026-08-21T14:26:35.748271,Pas tensometryczny,-5173857,-5173857,true
session_20260821_142610_P001,248,24874,2026-08-21T14:26:35.815547,Pas tensometryczny,-5174943,-5174943,true
session_20260821_142610_P001,249,24954,2026-08-21T14:26:35.895517,Pas tensometryczny,-5175907,-5175907,true
session_20260821_142610_P001,250,25117,2026-08-21T14:26:36.058972,Pas tensometryczny,-5176148,-5176148,true
session_20260821_142610_P001,251,25171,2026-08-21T14:26:36.113086,Pas tensometryczny,-5176414,-5176414,true
session_20260821_142610_P001,252,25271,2026-08-21T14:26:36.212241,Pas tensometryczny,-5176411,-5176411,true
session_20260821_142610_P001,253,25391,2026-08-21T14:26:36.332318,Pas tensometryczny,-5176415,-5176415,true
session_20260821_142610_P001,254,25442,2026-08-21T14:26:36.383600,Pas tensometryczny,-5176422,-5176422,true
session_20260821_142610_P001,255,25577,2026-08-21T14:26:36.518489,Pas tensometryczny,-5175596,-5175596,true
session_20260821_142610_P001,256,25668,2026-08-21T14:26:36.609596,Pas tensometryczny,-5175087,-5175087,true
session_20260821_142610_P001,257,25793,2026-08-21T14:26:36.735003,Pas tensometryczny,-5174570,-5174570,true
session_20260821_142610_P001,258,25881,2026-08-21T14:26:36.822752,Pas tensometryczny,-5173912,-5173912,true
session_20260821_142610_P001,259,25981,2026-08-21T14:26:36.922407,Pas tensometryczny,-5174043,-5174043,true
session_20260821_142610_P001,260,26090,2026-08-21T14:26:37.031397,Pas tensometryczny,-5174652,-5174652,true
session_20260821_142610_P001,261,26184,2026-08-21T14:26:37.125379,Pas tensometryczny,-5174021,-5174021,true
session_20260821_142610_P001,262,26255,2026-08-21T14:26:37.196548,Pas tensometryczny,-5173294,-5173294,true
session_20260821_142610_P001,263,26346,2026-08-21T14:26:37.288085,Pas tensometryczny,-5172568,-5172568,true
session_20260821_142610_P001,264,26478,2026-08-21T14:26:37.419350,Pas tensometryczny,-5172438,-5172438,true
session_20260821_142610_P001,265,26567,2026-08-21T14:26:37.508934,Pas tensometryczny,-5173100,-5173100,true
session_20260821_142610_P001,266,26686,2026-08-21T14:26:37.627781,Pas tensometryczny,-5173364,-5173364,true
session_20260821_142610_P001,267,26749,2026-08-21T14:26:37.690260,Pas tensometryczny,-5172558,-5172558,true
session_20260821_142610_P001,268,26883,2026-08-21T14:26:37.824314,Pas tensometryczny,-5171972,-5171972,true
session_20260821_142610_P001,269,26976,2026-08-21T14:26:37.918048,Pas tensometryczny,-5171700,-5171700,true
session_20260821_142610_P001,270,27076,2026-08-21T14:26:38.017752,Pas tensometryczny,-5172079,-5172079,true
session_20260821_142610_P001,271,27195,2026-08-21T14:26:38.136945,Pas tensometryczny,-5172648,-5172648,true
session_20260821_142610_P001,272,27289,2026-08-21T14:26:38.230515,Pas tensometryczny,-5174030,-5174030,true
session_20260821_142610_P001,273,27412,2026-08-21T14:26:38.353817,Pas tensometryczny,-5174728,-5174728,true
session_20260821_142610_P001,274,27467,2026-08-21T14:26:38.408579,Pas tensometryczny,-5174684,-5174684,true
session_20260821_142610_P001,275,27558,2026-08-21T14:26:38.499970,Pas tensometryczny,-5174648,-5174648,true
session_20260821_142610_P001,276,27648,2026-08-21T14:26:38.589326,Pas tensometryczny,-5174567,-5174567,true
session_20260821_142610_P001,277,27783,2026-08-21T14:26:38.724499,Pas tensometryczny,-5174199,-5174199,true
session_20260821_142610_P001,278,27872,2026-08-21T14:26:38.813389,Pas tensometryczny,-5175110,-5175110,true
session_20260821_142610_P001,279,27961,2026-08-21T14:26:38.902528,Pas tensometryczny,-5176484,-5176484,true
session_20260821_142610_P001,280,28089,2026-08-21T14:26:39.030366,Pas tensometryczny,-5176551,-5176551,true
session_20260821_142610_P001,281,28194,2026-08-21T14:26:39.135789,Pas tensometryczny,-5176506,-5176506,true
session_20260821_142610_P001,282,28278,2026-08-21T14:26:39.219947,Pas tensometryczny,-5176661,-5176661,true
session_20260821_142610_P001,283,28396,2026-08-21T14:26:39.338168,Pas tensometryczny,-5177220,-5177220,true
session_20260821_142610_P001,284,28502,2026-08-21T14:26:39.443808,Pas tensometryczny,-5178302,-5178302,true
session_20260821_142610_P001,285,28547,2026-08-21T14:26:39.488245,Pas tensometryczny,-5177676,-5177676,true
session_20260821_142610_P001,286,28717,2026-08-21T14:26:39.658354,Pas tensometryczny,-5177014,-5177014,true
session_20260821_142610_P001,287,28802,2026-08-21T14:26:39.743242,Pas tensometryczny,-5176518,-5176518,true
session_20260821_142610_P001,288,28864,2026-08-21T14:26:39.805360,Pas tensometryczny,-5175858,-5175858,true
session_20260821_142610_P001,289,28953,2026-08-21T14:26:39.894845,Pas tensometryczny,-5175237,-5175237,true
session_20260821_142610_P001,290,29168,2026-08-21T14:26:40.109564,Pas tensometryczny,-5175225,-5175225,true
session_20260821_142610_P001,291,29208,2026-08-21T14:26:40.149604,Pas tensometryczny,-5174900,-5174900,true
session_20260821_142610_P001,292,29267,2026-08-21T14:26:40.208775,Pas tensometryczny,-5174197,-5174197,true
session_20260821_142610_P001,293,29357,2026-08-21T14:26:40.298265,Pas tensometryczny,-5173614,-5173614,true
session_20260821_142610_P001,294,29504,2026-08-21T14:26:40.445640,Pas tensometryczny,-5173072,-5173072,true
session_20260821_142610_P001,295,29583,2026-08-21T14:26:40.524418,Pas tensometryczny,-5172731,-5172731,true
session_20260821_142610_P001,296,29688,2026-08-21T14:26:40.629462,Pas tensometryczny,-5173134,-5173134,true
session_20260821_142610_P001,297,29812,2026-08-21T14:26:40.753266,Pas tensometryczny,-5173311,-5173311,true
session_20260821_142610_P001,298,30167,2026-08-21T14:26:41.108966,Pas tensometryczny,-5172748,-5172748,true
session_20260821_142610_P001,299,30169,2026-08-21T14:26:41.110339,Pas tensometryczny,-5172575,-5172575,true
session_20260821_142610_P001,300,30170,2026-08-21T14:26:41.111696,Pas tensometryczny,-5173052,-5173052,true
session_20260821_142610_P001,301,30171,2026-08-21T14:26:41.112898,Pas tensometryczny,-5173977,-5173977,true
session_20260821_142610_P001,302,30262,2026-08-21T14:26:41.204203,Pas tensometryczny,-5174516,-5174516,true
session_20260821_142610_P001,303,30402,2026-08-21T14:26:41.343730,Pas tensometryczny,-5174393,-5174393,true
session_20260821_142610_P001,304,30499,2026-08-21T14:26:41.440234,Pas tensometryczny,-5175002,-5175002,true
session_20260821_142610_P001,305,30571,2026-08-21T14:26:41.512390,Pas tensometryczny,-5175716,-5175716,true
session_20260821_142610_P001,306,30710,2026-08-21T14:26:41.651248,Pas tensometryczny,-5177007,-5177007,true
session_20260821_142610_P001,307,30812,2026-08-21T14:26:41.753499,Pas tensometryczny,-5177854,-5177854,true
session_20260821_142610_P001,308,30886,2026-08-21T14:26:41.827777,Pas tensometryczny,-5177761,-5177761,true
session_20260821_142610_P001,309,31003,2026-08-21T14:26:41.944323,Pas tensometryczny,-5177611,-5177611,true
session_20260821_142610_P001,310,31105,2026-08-21T14:26:42.046766,Pas tensometryczny,-5177581,-5177581,true
session_20260821_142610_P001,311,31158,2026-08-21T14:26:42.099376,Pas tensometryczny,-5177275,-5177275,true
session_20260821_142610_P001,312,31323,2026-08-21T14:26:42.264828,Pas tensometryczny,-5177370,-5177370,true
session_20260821_142610_P001,313,31394,2026-08-21T14:26:42.335215,Pas tensometryczny,-5177942,-5177942,true
session_20260821_142610_P001,314,31489,2026-08-21T14:26:42.430415,Pas tensometryczny,-5177856,-5177856,true
session_20260821_142610_P001,315,31592,2026-08-21T14:26:42.533540,Pas tensometryczny,-5176902,-5176902,true
session_20260821_142610_P001,316,31713,2026-08-21T14:26:42.654729,Pas tensometryczny,-5176458,-5176458,true
session_20260821_142610_P001,317,31875,2026-08-21T14:26:42.816746,Pas tensometryczny,-5175879,-5175879,true
session_20260821_142610_P001,318,31876,2026-08-21T14:26:42.818161,Pas tensometryczny,-5175206,-5175206,true
session_20260821_142610_P001,319,32012,2026-08-21T14:26:42.953488,Pas tensometryczny,-5174709,-5174709,true
session_20260821_142610_P001,320,32056,2026-08-21T14:26:42.997973,Pas tensometryczny,-5174949,-5174949,true
session_20260821_142610_P001,321,32193,2026-08-21T14:26:43.134235,Pas tensometryczny,-5174576,-5174576,true
session_20260821_142610_P001,322,32281,2026-08-21T14:26:43.222982,Pas tensometryczny,-5173886,-5173886,true
session_20260821_142610_P001,323,32410,2026-08-21T14:26:43.351430,Pas tensometryczny,-5173392,-5173392,true
session_20260821_142610_P001,324,32464,2026-08-21T14:26:43.405752,Pas tensometryczny,-5173085,-5173085,true
session_20260821_142610_P001,325,32716,2026-08-21T14:26:43.657564,Pas tensometryczny,-5173914,-5173914,true
session_20260821_142610_P001,326,32716,2026-08-21T14:26:43.658040,Pas tensometryczny,-5174708,-5174708,true
session_20260821_142610_P001,327,32777,2026-08-21T14:26:43.718493,Pas tensometryczny,-5174858,-5174858,true
session_20260821_142610_P001,328,32875,2026-08-21T14:26:43.816726,Pas tensometryczny,-5174963,-5174963,true
session_20260821_142610_P001,329,33009,2026-08-21T14:26:43.950606,Pas tensometryczny,-5175141,-5175141,true
session_20260821_142610_P001,330,33098,2026-08-21T14:26:44.039421,Pas tensometryczny,-5175885,-5175885,true
session_20260821_142610_P001,331,33229,2026-08-21T14:26:44.170265,Pas tensometryczny,-5177192,-5177192,true
session_20260821_142610_P001,332,33280,2026-08-21T14:26:44.221517,Pas tensometryczny,-5177547,-5177547,true
session_20260821_142610_P001,333,33392,2026-08-21T14:26:44.333629,Pas tensometryczny,-5177433,-5177433,true
session_20260821_142610_P001,334,33528,2026-08-21T14:26:44.469892,Pas tensometryczny,-5177385,-5177385,true
session_20260821_142610_P001,335,33633,2026-08-21T14:26:44.574474,Pas tensometryczny,-5177380,-5177380,true
session_20260821_142610_P001,336,33695,2026-08-21T14:26:44.636452,Pas tensometryczny,-5178002,-5178002,true
session_20260821_142610_P001,337,33769,2026-08-21T14:26:44.711155,Pas tensometryczny,-5178423,-5178423,true
session_20260821_142610_P001,338,33945,2026-08-21T14:26:44.887072,Pas tensometryczny,-5177994,-5177994,true
session_20260821_142610_P001,339,33991,2026-08-21T14:26:44.932833,Pas tensometryczny,-5178047,-5178047,true
session_20260821_142610_P001,340,34099,2026-08-21T14:26:45.040589,Pas tensometryczny,-5177972,-5177972,true
session_20260821_142610_P001,341,34183,2026-08-21T14:26:45.124910,Pas tensometryczny,-5177799,-5177799,true
session_20260821_142610_P001,342,34313,2026-08-21T14:26:45.255083,Pas tensometryczny,-5177803,-5177803,true
session_20260821_142610_P001,343,34402,2026-08-21T14:26:45.343618,Pas tensometryczny,-5178537,-5178537,true
session_20260821_142610_P001,344,34500,2026-08-21T14:26:45.441855,Pas tensometryczny,-5178260,-5178260,true
session_20260821_142610_P001,345,34618,2026-08-21T14:26:45.560007,Pas tensometryczny,-5177228,-5177228,true
session_20260821_142610_P001,346,34680,2026-08-21T14:26:45.621620,Pas tensometryczny,-5176236,-5176236,true
session_20260821_142610_P001,347,34835,2026-08-21T14:26:45.776458,Pas tensometryczny,-5175628,-5175628,true
session_20260821_142610_P001,348,34920,2026-08-21T14:26:45.861751,Pas tensometryczny,-5174981,-5174981,true
session_20260821_142610_P001,349,35012,2026-08-21T14:26:45.953916,Pas tensometryczny,-5174751,-5174751,true
session_20260821_142610_P001,350,35072,2026-08-21T14:26:46.014203,Pas tensometryczny,-5175601,-5175601,true
session_20260821_142610_P001,351,35206,2026-08-21T14:26:46.148189,Pas tensometryczny,-5175687,-5175687,true
session_20260821_142610_P001,352,35299,2026-08-21T14:26:46.241183,Pas tensometryczny,-5174982,-5174982,true
session_20260821_142610_P001,353,35413,2026-08-21T14:26:46.354791,Pas tensometryczny,-5174769,-5174769,true
session_20260821_142610_P001,354,35489,2026-08-21T14:26:46.430330,Pas tensometryczny,-5174636,-5174636,true
session_20260821_142610_P001,355,35585,2026-08-21T14:26:46.526337,Pas tensometryczny,-5174705,-5174705,true
session_20260821_142610_P001,356,35703,2026-08-21T14:26:46.644930,Pas tensometryczny,-5175257,-5175257,true
session_20260821_142610_P001,357,35793,2026-08-21T14:26:46.734883,Pas tensometryczny,-5174913,-5174913,true
session_20260821_142610_P001,358,35919,2026-08-21T14:26:46.861089,Pas tensometryczny,-5174616,-5174616,true
session_20260821_142610_P001,359,36041,2026-08-21T14:26:46.982845,Pas tensometryczny,-5174377,-5174377,true
session_20260821_142610_P001,360,36125,2026-08-21T14:26:47.066929,Pas tensometryczny,-5174263,-5174263,true
session_20260821_142610_P001,361,36242,2026-08-21T14:26:47.183444,Pas tensometryczny,-5175123,-5175123,true
session_20260821_142610_P001,362,36287,2026-08-21T14:26:47.228646,Pas tensometryczny,-5176282,-5176282,true
session_20260821_142610_P001,363,36378,2026-08-21T14:26:47.320070,Pas tensometryczny,-5176411,-5176411,true
session_20260821_142610_P001,364,36469,2026-08-21T14:26:47.410493,Pas tensometryczny,-5176471,-5176471,true
session_20260821_142610_P001,365,36603,2026-08-21T14:26:47.544679,Pas tensometryczny,-5176731,-5176731,true
session_20260821_142610_P001,366,36693,2026-08-21T14:26:47.634561,Pas tensometryczny,-5176616,-5176616,true
session_20260821_142610_P001,367,36783,2026-08-21T14:26:47.724430,Pas tensometryczny,-5176686,-5176686,true
session_20260821_142610_P001,368,36901,2026-08-21T14:26:47.842223,Pas tensometryczny,-5177899,-5177899,true
session_20260821_142610_P001,369,37007,2026-08-21T14:26:47.948279,Pas tensometryczny,-5178596,-5178596,true
session_20260821_142610_P001,370,37099,2026-08-21T14:26:48.041140,Pas tensometryczny,-5178664,-5178664,true
session_20260821_142610_P001,371,37214,2026-08-21T14:26:48.156008,Pas tensometryczny,-5178755,-5178755,true
session_20260821_142610_P001,372,37276,2026-08-21T14:26:48.217396,Pas tensometryczny,-5178668,-5178668,true
session_20260821_142610_P001,373,37441,2026-08-21T14:26:48.382649,Pas tensometryczny,-5179177,-5179177,true
session_20260821_142610_P001,374,37529,2026-08-21T14:26:48.470942,Pas tensometryczny,-5179990,-5179990,true
session_20260821_142610_P001,375,37594,2026-08-21T14:26:48.535485,Pas tensometryczny,-5179722,-5179722,true
session_20260821_142610_P001,376,37688,2026-08-21T14:26:48.629858,Pas tensometryczny,-5179459,-5179459,true
session_20260821_142610_P001,377,37783,2026-08-21T14:26:48.725076,Pas tensometryczny,-5179073,-5179073,true
session_20260821_142610_P001,378,37908,2026-08-21T14:26:48.849363,Pas tensometryczny,-5178698,-5178698,true
session_20260821_142610_P001,379,38001,2026-08-21T14:26:48.942773,Pas tensometryczny,-5178267,-5178267,true
session_20260821_142610_P001,380,38092,2026-08-21T14:26:49.033744,Pas tensometryczny,-5178810,-5178810,true
session_20260821_142610_P001,381,38209,2026-08-21T14:26:49.150553,Pas tensometryczny,-5178917,-5178917,true
session_20260821_142610_P001,382,38312,2026-08-21T14:26:49.253485,Pas tensometryczny,-5177781,-5177781,true
session_20260821_142610_P001,383,38438,2026-08-21T14:26:49.379893,Pas tensometryczny,-5177294,-5177294,true
session_20260821_142610_P001,384,38491,2026-08-21T14:26:49.432954,Pas tensometryczny,-5177306,-5177306,true
session_20260821_142610_P001,385,38597,2026-08-21T14:26:49.538522,Pas tensometryczny,-5177442,-5177442,true
session_20260821_142610_P001,386,38718,2026-08-21T14:26:49.659979,Pas tensometryczny,-5176645,-5176645,true
session_20260821_142610_P001,387,38807,2026-08-21T14:26:49.748280,Pas tensometryczny,-5176005,-5176005,true
session_20260821_142610_P001,388,38914,2026-08-21T14:26:49.855445,Pas tensometryczny,-5175867,-5175867,true
session_20260821_142610_P001,389,38993,2026-08-21T14:26:49.935159,Pas tensometryczny,-5175989,-5175989,true
session_20260821_142610_P001,390,39159,2026-08-21T14:26:50.100360,Pas tensometryczny,-5176276,-5176276,true
session_20260821_142610_P001,391,39213,2026-08-21T14:26:50.154895,Pas tensometryczny,-5177284,-5177284,true
session_20260821_142610_P001,392,39312,2026-08-21T14:26:50.254161,Pas tensometryczny,-5178234,-5178234,true
session_20260821_142610_P001,393,39393,2026-08-21T14:26:50.334950,Pas tensometryczny,-5178173,-5178173,true
session_20260821_142610_P001,394,39525,2026-08-21T14:26:50.466725,Pas tensometryczny,-5178365,-5178365,true
session_20260821_142610_P001,395,39664,2026-08-21T14:26:50.605701,Pas tensometryczny,-5178261,-5178261,true
session_20260821_142610_P001,396,39823,2026-08-21T14:26:50.764971,Pas tensometryczny,-5178230,-5178230,true
session_20260821_142610_P001,397,39824,2026-08-21T14:26:50.765665,Pas tensometryczny,-5178408,-5178408,true
session_20260821_142610_P001,398,39885,2026-08-21T14:26:50.827196,Pas tensometryczny,-5177830,-5177830,true
session_20260821_142610_P001,399,39981,2026-08-21T14:26:50.922518,Pas tensometryczny,-5177437,-5177437,true
session_20260821_142610_P001,400,40163,2026-08-21T14:26:51.105085,Pas tensometryczny,-5177827,-5177827,true
session_20260821_142610_P001,401,40204,2026-08-21T14:26:51.145225,Pas tensometryczny,-5178825,-5178825,true
session_20260821_142610_P001,402,40377,2026-08-21T14:26:51.319071,Pas tensometryczny,-5179237,-5179237,true
session_20260821_142610_P001,403,40381,2026-08-21T14:26:51.322701,Pas tensometryczny,-5179167,-5179167,true
session_20260821_142610_P001,404,40517,2026-08-21T14:26:51.458554,Pas tensometryczny,-5179755,-5179755,true
session_20260821_142610_P001,405,40626,2026-08-21T14:26:51.568057,Pas tensometryczny,-5179656,-5179656,true
session_20260821_142610_P001,406,40699,2026-08-21T14:26:51.641168,Pas tensometryczny,-5179470,-5179470,true
session_20260821_142610_P001,407,40824,2026-08-21T14:26:51.765383,Pas tensometryczny,-5178121,-5178121,true
session_20260821_142610_P001,408,40921,2026-08-21T14:26:51.862348,Pas tensometryczny,-5178014,-5178014,true
session_20260821_142610_P001,409,41059,2026-08-21T14:26:52.000846,Pas tensometryczny,-5178582,-5178582,true
session_20260821_142610_P001,410,41121,2026-08-21T14:26:52.062523,Pas tensometryczny,-5178362,-5178362,true
session_20260821_142610_P001,411,41193,2026-08-21T14:26:52.134266,Pas tensometryczny,-5177597,-5177597,true
session_20260821_142610_P001,412,41282,2026-08-21T14:26:52.223215,Pas tensometryczny,-5176975,-5176975,true
session_20260821_142610_P001,413,41443,2026-08-21T14:26:52.384853,Pas tensometryczny,-5176341,-5176341,true
session_20260821_142610_P001,414,41508,2026-08-21T14:26:52.449204,Pas tensometryczny,-5175980,-5175980,true
session_20260821_142610_P001,415,41604,2026-08-21T14:26:52.545296,Pas tensometryczny,-5176463,-5176463,true
session_20260821_142610_P001,416,41689,2026-08-21T14:26:52.630984,Pas tensometryczny,-5176379,-5176379,true
session_20260821_142610_P001,417,41821,2026-08-21T14:26:52.762297,Pas tensometryczny,-5175410,-5175410,true
session_20260821_142610_P001,418,41926,2026-08-21T14:26:52.867253,Pas tensometryczny,-5174684,-5174684,true
session_20260821_142610_P001,419,42001,2026-08-21T14:26:52.942977,Pas tensometryczny,-5174567,-5174567,true
session_20260821_142610_P001,420,42129,2026-08-21T14:26:53.070297,Pas tensometryczny,-5175404,-5175404,true
session_20260821_142610_P001,421,42183,2026-08-21T14:26:53.124614,Pas tensometryczny,-5176794,-5176794,true
session_20260821_142610_P001,422,42348,2026-08-21T14:26:53.289378,Pas tensometryczny,-5177485,-5177485,true
session_20260821_142610_P001,423,42406,2026-08-21T14:26:53.347249,Pas tensometryczny,-5177600,-5177600,true
session_20260821_142610_P001,424,42497,2026-08-21T14:26:53.438233,Pas tensometryczny,-5178033,-5178033,true
session_20260821_142610_P001,425,42604,2026-08-21T14:26:53.546008,Pas tensometryczny,-5178189,-5178189,true
session_20260821_142610_P001,426,42739,2026-08-21T14:26:53.680612,Pas tensometryczny,-5178211,-5178211,true
session_20260821_142610_P001,427,42811,2026-08-21T14:26:53.753196,Pas tensometryczny,-5179076,-5179076,true
session_20260821_142610_P001,428,42922,2026-08-21T14:26:53.863308,Pas tensometryczny,-5179964,-5179964,true
session_20260821_142610_P001,429,43018,2026-08-21T14:26:53.959322,Pas tensometryczny,-5179899,-5179899,true
session_20260821_142610_P001,430,43129,2026-08-21T14:26:54.070898,Pas tensometryczny,-5179498,-5179498,true
session_20260821_142610_P001,431,43217,2026-08-21T14:26:54.158438,Pas tensometryczny,-5179241,-5179241,true
session_20260821_142610_P001,432,43336,2026-08-21T14:26:54.277314,Pas tensometryczny,-5179546,-5179546,true
session_20260821_142610_P001,433,43396,2026-08-21T14:26:54.337485,Pas tensometryczny,-5179142,-5179142,true
session_20260821_142610_P001,434,43520,2026-08-21T14:26:54.461419,Pas tensometryczny,-5178866,-5178866,true
session_20260821_142610_P001,435,43670,2026-08-21T14:26:54.611897,Pas tensometryczny,-5178320,-5178320,true
session_20260821_142610_P001,436,43730,2026-08-21T14:26:54.672077,Pas tensometryczny,-5177321,-5177321,true
session_20260821_142610_P001,437,43804,2026-08-21T14:26:54.745914,Pas tensometryczny,-5176620,-5176620,true
session_20260821_142610_P001,438,43907,2026-08-21T14:26:54.848656,Pas tensometryczny,-5177300,-5177300,true
session_20260821_142610_P001,439,44044,2026-08-21T14:26:54.985310,Pas tensometryczny,-5177445,-5177445,true
session_20260821_142610_P001,440,44123,2026-08-21T14:26:55.064854,Pas tensometryczny,-5176885,-5176885,true
session_20260821_142610_P001,441,44221,2026-08-21T14:26:55.162647,Pas tensometryczny,-5176333,-5176333,true
session_20260821_142610_P001,442,44315,2026-08-21T14:26:55.256574,Pas tensometryczny,-5175892,-5175892,true
session_20260821_142610_P001,443,44420,2026-08-21T14:26:55.361596,Pas tensometryczny,-5175345,-5175345,true
session_20260821_142610_P001,444,44527,2026-08-21T14:26:55.468951,Pas tensometryczny,-5175404,-5175404,true
session_20260821_142610_P001,445,44611,2026-08-21T14:26:55.552456,Pas tensometryczny,-5175932,-5175932,true
session_20260821_142610_P001,446,44724,2026-08-21T14:26:55.666120,Pas tensometryczny,-5176235,-5176235,true
session_20260821_142610_P001,447,44791,2026-08-21T14:26:55.732465,Pas tensometryczny,-5176725,-5176725,true
session_20260821_142610_P001,448,44979,2026-08-21T14:26:55.920922,Pas tensometryczny,-5177034,-5177034,true
session_20260821_142610_P001,449,45021,2026-08-21T14:26:55.962369,Pas tensometryczny,-5177430,-5177430,true
session_20260821_142610_P001,450,45108,2026-08-21T14:26:56.049755,Pas tensometryczny,-5177808,-5177808,true
session_20260821_142610_P001,451,45207,2026-08-21T14:26:56.148369,Pas tensometryczny,-5179110,-5179110,true
session_20260821_142610_P001,452,45331,2026-08-21T14:26:56.272789,Pas tensometryczny,-5179694,-5179694,true
session_20260821_142610_P001,453,45426,2026-08-21T14:26:56.367854,Pas tensometryczny,-5179855,-5179855,true
session_20260821_142610_P001,454,45511,2026-08-21T14:26:56.452801,Pas tensometryczny,-5179433,-5179433,true
session_20260821_142610_P001,455,45629,2026-08-21T14:26:56.570380,Pas tensometryczny,-5179033,-5179033,true
session_20260821_142610_P001,456,45728,2026-08-21T14:26:56.669800,Pas tensometryczny,-5179173,-5179173,true
session_20260821_142610_P001,457,45826,2026-08-21T14:26:56.767520,Pas tensometryczny,-5179941,-5179941,true
session_20260821_142610_P001,458,45943,2026-08-21T14:26:56.884636,Pas tensometryczny,-5179295,-5179295,true
session_20260821_142610_P001,459,46036,2026-08-21T14:26:56.977789,Pas tensometryczny,-5179042,-5179042,true
session_20260821_142610_P001,460,46098,2026-08-21T14:26:57.040100,Pas tensometryczny,-5178958,-5178958,true
session_20260821_142610_P001,461,46264,2026-08-21T14:26:57.205875,Pas tensometryczny,-5178871,-5178871,true
session_20260821_142610_P001,462,46368,2026-08-21T14:26:57.309519,Pas tensometryczny,-5179461,-5179461,true
session_20260821_142610_P001,463,46484,2026-08-21T14:26:57.426088,Pas tensometryczny,-5179385,-5179385,true
session_20260821_142610_P001,464,46520,2026-08-21T14:26:57.461877,Pas tensometryczny,-5178805,-5178805,true
session_20260821_142610_P001,465,46594,2026-08-21T14:26:57.535924,Pas tensometryczny,-5178526,-5178526,true
session_20260821_142610_P001,466,46731,2026-08-21T14:26:57.672337,Pas tensometryczny,-5178180,-5178180,true
session_20260821_142610_P001,467,46908,2026-08-21T14:26:57.850073,Pas tensometryczny,-5178678,-5178678,true
session_20260821_142610_P001,468,46909,2026-08-21T14:26:57.850637,Pas tensometryczny,-5179553,-5179553,true
session_20260821_142610_P001,469,47106,2026-08-21T14:26:58.047684,Pas tensometryczny,-5178814,-5178814,true
session_20260821_142610_P001,470,47134,2026-08-21T14:26:58.075514,Pas tensometryczny,-5177825,-5177825,true
session_20260821_142610_P001,471,47243,2026-08-21T14:26:58.185012,Pas tensometryczny,-5176944,-5176944,true
session_20260821_142610_P001,472,47311,2026-08-21T14:26:58.252503,Pas tensometryczny,-5176318,-5176318,true
session_20260821_142610_P001,473,47402,2026-08-21T14:26:58.343996,Pas tensometryczny,-5176375,-5176375,true
session_20260821_142610_P001,474,47594,2026-08-21T14:26:58.535648,Pas tensometryczny,-5177217,-5177217,true
session_20260821_142610_P001,475,47660,2026-08-21T14:26:58.601459,Pas tensometryczny,-5176994,-5176994,true
session_20260821_142610_P001,476,47726,2026-08-21T14:26:58.667671,Pas tensometryczny,-5176312,-5176312,true
session_20260821_142610_P001,477,47807,2026-08-21T14:26:58.748610,Pas tensometryczny,-5176313,-5176313,true
session_20260821_142610_P001,478,47897,2026-08-21T14:26:58.839023,Pas tensometryczny,-5176388,-5176388,true
session_20260821_142610_P001,479,48055,2026-08-21T14:26:58.996247,Pas tensometryczny,-5176847,-5176847,true
session_20260821_142610_P001,480,48121,2026-08-21T14:26:59.062518,Pas tensometryczny,-5177346,-5177346,true
session_20260821_142610_P001,481,48213,2026-08-21T14:26:59.154375,Pas tensometryczny,-5177149,-5177149,true
session_20260821_142610_P001,482,48339,2026-08-21T14:26:59.280381,Pas tensometryczny,-5177256,-5177256,true
session_20260821_142610_P001,483,48446,2026-08-21T14:26:59.387669,Pas tensometryczny,-5177222,-5177222,true
session_20260821_142610_P001,484,48558,2026-08-21T14:26:59.499882,Pas tensometryczny,-5177105,-5177105,true
session_20260821_142610_P001,485,48644,2026-08-21T14:26:59.585614,Pas tensometryczny,-5178533,-5178533,true
session_20260821_142610_P001,486,48709,2026-08-21T14:26:59.650950,Pas tensometryczny,-5179331,-5179331,true
session_20260821_142610_P001,487,48877,2026-08-21T14:26:59.818285,Pas tensometryczny,-5179775,-5179775,true
session_20260821_142610_P001,488,48977,2026-08-21T14:26:59.918284,Pas tensometryczny,-5180182,-5180182,true
session_20260821_142610_P001,489,49022,2026-08-21T14:26:59.963354,Pas tensometryczny,-5180266,-5180266,true
session_20260821_142610_P001,490,49117,2026-08-21T14:27:00.058907,Pas tensometryczny,-5180815,-5180815,true
session_20260821_142610_P001,491,49213,2026-08-21T14:27:00.154404,Pas tensometryczny,-5180690,-5180690,true
session_20260821_142610_P001,492,49337,2026-08-21T14:27:00.278463,Pas tensometryczny,-5180458,-5180458,true
session_20260821_142610_P001,493,49437,2026-08-21T14:27:00.379086,Pas tensometryczny,-5180437,-5180437,true
session_20260821_142610_P001,494,49518,2026-08-21T14:27:00.459230,Pas tensometryczny,-5179809,-5179809,true
session_20260821_142610_P001,495,49645,2026-08-21T14:27:00.586994,Pas tensometryczny,-5179233,-5179233,true
session_20260821_142610_P001,496,49740,2026-08-21T14:27:00.682082,Pas tensometryczny,-5179436,-5179436,true
session_20260821_142610_P001,497,49852,2026-08-21T14:27:00.793770,Pas tensometryczny,-5178819,-5178819,true
session_20260821_142610_P001,498,49950,2026-08-21T14:27:00.891532,Pas tensometryczny,-5178199,-5178199,true
session_20260821_142610_P001,499,50014,2026-08-21T14:27:00.955735,Pas tensometryczny,-5177616,-5177616,true
session_20260821_142610_P001,500,50102,2026-08-21T14:27:01.043608,Pas tensometryczny,-5176719,-5176719,true
session_20260821_142610_P001,501,50251,2026-08-21T14:27:01.192893,Pas tensometryczny,-5176699,-5176699,true
session_20260821_142610_P001,502,50326,2026-08-21T14:27:01.268164,Pas tensometryczny,-5176451,-5176451,true
session_20260821_142610_P001,503,50485,2026-08-21T14:27:01.426698,Pas tensometryczny,-5175907,-5175907,true
session_20260821_142610_P001,504,50547,2026-08-21T14:27:01.489070,Pas tensometryczny,-5175697,-5175697,true
session_20260821_142610_P001,505,50640,2026-08-21T14:27:01.581509,Pas tensometryczny,-5176151,-5176151,true
session_20260821_142610_P001,506,50734,2026-08-21T14:27:01.675457,Pas tensometryczny,-5176675,-5176675,true
session_20260821_142610_P001,507,50821,2026-08-21T14:27:01.762278,Pas tensometryczny,-5177708,-5177708,true
session_20260821_142610_P001,508,50942,2026-08-21T14:27:01.883273,Pas tensometryczny,-5178864,-5178864,true
session_20260821_142610_P001,509,51103,2026-08-21T14:27:02.044916,Pas tensometryczny,-5179190,-5179190,true
session_20260821_142610_P001,510,51167,2026-08-21T14:27:02.108607,Pas tensometryczny,-5179444,-5179444,true
session_20260821_142610_P001,511,51279,2026-08-21T14:27:02.220969,Pas tensometryczny,-5179585,-5179585,true
session_20260821_142610_P001,512,51338,2026-08-21T14:27:02.279290,Pas tensometryczny,-5180366,-5180366,true
session_20260821_142610_P001,513,51413,2026-08-21T14:27:02.354569,Pas tensometryczny,-5180702,-5180702,true
session_20260821_142610_P001,514,51546,2026-08-21T14:27:02.487964,Pas tensometryczny,-5180572,-5180572,true
session_20260821_142610_P001,515,51722,2026-08-21T14:27:02.663886,Pas tensometryczny,-5180578,-5180578,true
session_20260821_142610_P001,516,51724,2026-08-21T14:27:02.665257,Pas tensometryczny,-5180758,-5180758,true
session_20260821_142610_P001,517,51813,2026-08-21T14:27:02.754965,Pas tensometryczny,-5180785,-5180785,true
session_20260821_142610_P001,518,51946,2026-08-21T14:27:02.887847,Pas tensometryczny,-5181174,-5181174,true
session_20260821_142610_P001,519,52036,2026-08-21T14:27:02.977611,Pas tensometryczny,-5181386,-5181386,true
session_20260821_142610_P001,520,52178,2026-08-21T14:27:03.119413,Pas tensometryczny,-5180877,-5180877,true
session_20260821_142610_P001,521,52237,2026-08-21T14:27:03.178800,Pas tensometryczny,-5179980,-5179980,true
session_20260821_142610_P001,522,52316,2026-08-21T14:27:03.257441,Pas tensometryczny,-5179277,-5179277,true
session_20260821_142610_P001,523,52441,2026-08-21T14:27:03.382432,Pas tensometryczny,-5179324,-5179324,true
session_20260821_142610_P001,524,52580,2026-08-21T14:27:03.521419,Pas tensometryczny,-5179593,-5179593,true
session_20260821_142610_P001,525,52698,2026-08-21T14:27:03.639624,Pas tensometryczny,-5178843,-5178843,true
session_20260821_142610_P001,526,52756,2026-08-21T14:27:03.697691,Pas tensometryczny,-5178377,-5178377,true
session_20260821_142610_P001,527,52852,2026-08-21T14:27:03.794198,Pas tensometryczny,-5177798,-5177798,true
session_20260821_142610_P001,528,52969,2026-08-21T14:27:03.911025,Pas tensometryczny,-5176946,-5176946,true
session_20260821_142610_P001,529,53066,2026-08-21T14:27:04.008009,Pas tensometryczny,-5176524,-5176524,true
session_20260821_142610_P001,530,53115,2026-08-21T14:27:04.057020,Pas tensometryczny,-5176542,-5176542,true
session_20260821_142610_P001,531,53254,2026-08-21T14:27:04.196039,Pas tensometryczny,-5175836,-5175836,true
session_20260821_142610_P001,532,53368,2026-08-21T14:27:04.309638,Pas tensometryczny,-5175262,-5175262,true
session_20260821_142610_P001,533,53462,2026-08-21T14:27:04.403827,Pas tensometryczny,-5174682,-5174682,true
session_20260821_142610_P001,534,53568,2026-08-21T14:27:04.509423,Pas tensometryczny,-5175030,-5175030,true
session_20260821_142610_P001,535,53620,2026-08-21T14:27:04.561711,Pas tensometryczny,-5175874,-5175874,true
session_20260821_142610_P001,536,53781,2026-08-21T14:27:04.723081,Pas tensometryczny,-5176153,-5176153,true
session_20260821_142610_P001,537,53837,2026-08-21T14:27:04.778733,Pas tensometryczny,-5176293,-5176293,true
session_20260821_142610_P001,538,53929,2026-08-21T14:27:04.870608,Pas tensometryczny,-5176621,-5176621,true
session_20260821_142610_P001,539,54046,2026-08-21T14:27:04.987413,Pas tensometryczny,-5177126,-5177126,true
session_20260821_142610_P001,540,54156,2026-08-21T14:27:05.097454,Pas tensometryczny,-5177186,-5177186,true
session_20260821_142610_P001,541,54245,2026-08-21T14:27:05.186534,Pas tensometryczny,-5177278,-5177278,true
session_20260821_142610_P001,542,54347,2026-08-21T14:27:05.289143,Pas tensometryczny,-5178789,-5178789,true
session_20260821_142610_P001,543,54461,2026-08-21T14:27:05.403201,Pas tensometryczny,-5179508,-5179508,true
session_20260821_142610_P001,544,54528,2026-08-21T14:27:05.470137,Pas tensometryczny,-5179884,-5179884,true
session_20260821_142610_P001,545,54783,2026-08-21T14:27:05.724776,Pas tensometryczny,-5180143,-5180143,true
session_20260821_142610_P001,546,54784,2026-08-21T14:27:05.725485,Pas tensometryczny,-5180166,-5180166,true
session_20260821_142610_P001,547,54837,2026-08-21T14:27:05.778944,Pas tensometryczny,-5180141,-5180141,true
session_20260821_142610_P001,548,54922,2026-08-21T14:27:05.863810,Pas tensometryczny,-5180843,-5180843,true
session_20260821_142610_P001,549,55075,2026-08-21T14:27:06.017027,Pas tensometryczny,-5181070,-5181070,true
session_20260821_142610_P001,550,55143,2026-08-21T14:27:06.084689,Pas tensometryczny,-5181044,-5181044,true
session_20260821_142610_P001,551,55232,2026-08-21T14:27:06.173953,Pas tensometryczny,-5180784,-5180784,true
session_20260821_142610_P001,552,55334,2026-08-21T14:27:06.275306,Pas tensometryczny,-5180667,-5180667,true
session_20260821_142610_P001,553,55458,2026-08-21T14:27:06.400014,Pas tensometryczny,-5180751,-5180751,true
session_20260821_142610_P001,554,55633,2026-08-21T14:27:06.574242,Pas tensometryczny,-5181555,-5181555,true
session_20260821_142610_P001,555,55666,2026-08-21T14:27:06.607477,Pas tensometryczny,-5181594,-5181594,true
session_20260821_142610_P001,556,55750,2026-08-21T14:27:06.691852,Pas tensometryczny,-5181166,-5181166,true
session_20260821_142610_P001,557,55864,2026-08-21T14:27:06.805453,Pas tensometryczny,-5180572,-5180572,true
session_20260821_142610_P001,558,55952,2026-08-21T14:27:06.893561,Pas tensometryczny,-5179804,-5179804,true
session_20260821_142610_P001,559,56059,2026-08-21T14:27:07.000615,Pas tensometryczny,-5179446,-5179446,true
session_20260821_142610_P001,560,56163,2026-08-21T14:27:07.104508,Pas tensometryczny,-5178886,-5178886,true
session_20260821_142610_P001,561,56312,2026-08-21T14:27:07.253494,Pas tensometryczny,-5178264,-5178264,true
session_20260821_142610_P001,562,56360,2026-08-21T14:27:07.302040,Pas tensometryczny,-5177860,-5177860,true
session_20260821_142610_P001,563,56448,2026-08-21T14:27:07.389419,Pas tensometryczny,-5177541,-5177541,true
session_20260821_142610_P001,564,56538,2026-08-21T14:27:07.479681,Pas tensometryczny,-5177709,-5177709,true
session_20260821_142610_P001,565,56656,2026-08-21T14:27:07.597336,Pas tensometryczny,-5178129,-5178129,true
session_20260821_142610_P001,566,56716,2026-08-21T14:27:07.657233,Pas tensometryczny,-5177715,-5177715,true
session_20260821_142610_P001,567,56853,2026-08-21T14:27:07.794287,Pas tensometryczny,-5176997,-5176997,true
session_20260821_142610_P001,568,56942,2026-08-21T14:27:07.884067,Pas tensometryczny,-5176371,-5176371,true
session_20260821_142610_P001,569,57039,2026-08-21T14:27:07.980331,Pas tensometryczny,-5176336,-5176336,true
session_20260821_142610_P001,570,57166,2026-08-21T14:27:08.108179,Pas tensometryczny,-5177468,-5177468,true
session_20260821_142610_P001,571,57296,2026-08-21T14:27:08.237718,Pas tensometryczny,-5178344,-5178344,true
session_20260821_142610_P001,572,57346,2026-08-21T14:27:08.288199,Pas tensometryczny,-5178650,-5178650,true
session_20260821_142610_P001,573,57459,2026-08-21T14:27:08.400233,Pas tensometryczny,-5179078,-5179078,true
session_20260821_142610_P001,574,57528,2026-08-21T14:27:08.469852,Pas tensometryczny,-5179309,-5179309,true
session_20260821_142610_P001,575,57692,2026-08-21T14:27:08.634111,Pas tensometryczny,-5179288,-5179288,true
session_20260821_142610_P001,576,57755,2026-08-21T14:27:08.696450,Pas tensometryczny,-5179902,-5179902,true
session_20260821_142610_P001,577,57842,2026-08-21T14:27:08.783839,Pas tensometryczny,-5180780,-5180780,true
session_20260821_142610_P001,578,58054,2026-08-21T14:27:08.996037,Pas tensometryczny,-5180790,-5180790,true
session_20260821_142610_P001,579,58055,2026-08-21T14:27:08.996856,Pas tensometryczny,-5180872,-5180872,true
session_20260821_142610_P001,580,58160,2026-08-21T14:27:09.101480,Pas tensometryczny,-5181120,-5181120,true
session_20260821_142610_P001,581,58247,2026-08-21T14:27:09.188840,Pas tensometryczny,-5180944,-5180944,true
session_20260821_142610_P001,582,58368,2026-08-21T14:27:09.309478,Pas tensometryczny,-5181541,-5181541,true
session_20260821_142610_P001,583,58427,2026-08-21T14:27:09.369170,Pas tensometryczny,-5182002,-5182002,true
session_20260821_142610_P001,584,58611,2026-08-21T14:27:09.552813,Pas tensometryczny,-5181591,-5181591,true
session_20260821_142610_P001,585,58664,2026-08-21T14:27:09.605352,Pas tensometryczny,-5181516,-5181516,true
session_20260821_142610_P001,586,58761,2026-08-21T14:27:09.702650,Pas tensometryczny,-5179290,-5179290,true
session_20260821_142610_P001,587,58836,2026-08-21T14:27:09.777476,Pas tensometryczny,-5179207,-5179207,true
session_20260821_142610_P001,588,58996,2026-08-21T14:27:09.937705,Pas tensometryczny,-5179893,-5179893,true
session_20260821_142610_P001,589,59059,2026-08-21T14:27:10.000349,Pas tensometryczny,-5179472,-5179472,true
session_20260821_142610_P001,590,59159,2026-08-21T14:27:10.100629,Pas tensometryczny,-5178846,-5178846,true
session_20260821_142610_P001,591,59238,2026-08-21T14:27:10.180051,Pas tensometryczny,-5178192,-5178192,true
session_20260821_142610_P001,592,59360,2026-08-21T14:27:10.301554,Pas tensometryczny,-5178039,-5178039,true
session_20260821_142610_P001,593,59463,2026-08-21T14:27:10.404662,Pas tensometryczny,-5178764,-5178764,true
session_20260821_142610_P001,594,59558,2026-08-21T14:27:10.499400,Pas tensometryczny,-5178509,-5178509,true
session_20260821_142610_P001,595,59681,2026-08-21T14:27:10.622306,Pas tensometryczny,-5177865,-5177865,true
session_20260821_142610_P001,596,59739,2026-08-21T14:27:10.680834,Pas tensometryczny,-5177234,-5177234,true
session_20260821_142610_P001,597,59910,2026-08-21T14:27:10.851299,Pas tensometryczny,-5176924,-5176924,true
session_20260821_142610_P001,598,59975,2026-08-21T14:27:10.916957,Pas tensometryczny,-5177562,-5177562,true
session_20260821_142610_P001,599,60045,2026-08-21T14:27:10.987098,Pas tensometryczny,-5179124,-5179124,true
session_20260821_142610_P001,600,60137,2026-08-21T14:27:11.079014,Pas tensometryczny,-5179505,-5179505,true
session_20260821_142610_P001,601,60232,2026-08-21T14:27:11.173225,Pas tensometryczny,-5179382,-5179382,true
session_20260821_142610_P001,602,60364,2026-08-21T14:27:11.305826,Pas tensometryczny,-5179314,-5179314,true
session_20260821_142610_P001,603,60516,2026-08-21T14:27:11.458127,Pas tensometryczny,-5179527,-5179527,true
session_20260821_142610_P001,604,60573,2026-08-21T14:27:11.515042,Pas tensometryczny,-5180507,-5180507,true
session_20260821_142610_P001,605,60649,2026-08-21T14:27:11.590459,Pas tensometryczny,-5181016,-5181016,true
session_20260821_142610_P001,606,60769,2026-08-21T14:27:11.711062,Pas tensometryczny,-5181362,-5181362,true
session_20260821_142610_P001,607,60897,2026-08-21T14:27:11.838311,Pas tensometryczny,-5181548,-5181548,true
session_20260821_142610_P001,608,60964,2026-08-21T14:27:11.905208,Pas tensometryczny,-5181439,-5181439,true
session_20260821_142610_P001,609,61052,2026-08-21T14:27:11.994188,Pas tensometryczny,-5181712,-5181712,true
session_20260821_142610_P001,610,61206,2026-08-21T14:27:12.147869,Pas tensometryczny,-5182526,-5182526,true
session_20260821_142610_P001,611,61262,2026-08-21T14:27:12.203337,Pas tensometryczny,-5182213,-5182213,true
session_20260821_142610_P001,612,61359,2026-08-21T14:27:12.300770,Pas tensometryczny,-5181603,-5181603,true
session_20260821_142610_P001,613,61533,2026-08-21T14:27:12.475072,Pas tensometryczny,-5180983,-5180983,true
session_20260821_142610_P001,614,61534,2026-08-21T14:27:12.475734,Pas tensometryczny,-5181257,-5181257,true
session_20260821_142610_P001,615,61667,2026-08-21T14:27:12.609063,Pas tensometryczny,-5182575,-5182575,true
session_20260821_142610_P001,616,61764,2026-08-21T14:27:12.706143,Pas tensometryczny,-5181981,-5181981,true
session_20260821_142610_P001,617,61847,2026-08-21T14:27:12.788431,Pas tensometryczny,-5181148,-5181148,true
session_20260821_142610_P001,618,61968,2026-08-21T14:27:12.909565,Pas tensometryczny,-5180456,-5180456,true
session_20260821_142610_P001,619,62075,2026-08-21T14:27:13.016277,Pas tensometryczny,-5180345,-5180345,true
session_20260821_142610_P001,620,62190,2026-08-21T14:27:13.131386,Pas tensometryczny,-5180259,-5180259,true
session_20260821_142610_P001,621,62252,2026-08-21T14:27:13.193372,Pas tensometryczny,-5180946,-5180946,true
session_20260821_142610_P001,622,62383,2026-08-21T14:27:13.325007,Pas tensometryczny,-5181198,-5181198,true
session_20260821_142610_P001,623,62432,2026-08-21T14:27:13.373674,Pas tensometryczny,-5180742,-5180742,true
session_20260821_142610_P001,624,62575,2026-08-21T14:27:13.516263,Pas tensometryczny,-5179909,-5179909,true
session_20260821_142610_P001,625,62661,2026-08-21T14:27:13.602762,Pas tensometryczny,-5178637,-5178637,true
session_20260821_142610_P001,626,62753,2026-08-21T14:27:13.694299,Pas tensometryczny,-5177513,-5177513,true
session_20260821_142610_P001,627,62840,2026-08-21T14:27:13.781588,Pas tensometryczny,-5177988,-5177988,true
session_20260821_142610_P001,628,62971,2026-08-21T14:27:13.912835,Pas tensometryczny,-5178527,-5178527,true
session_20260821_142610_P001,629,63137,2026-08-21T14:27:14.078858,Pas tensometryczny,-5178939,-5178939,true
session_20260821_142610_P001,630,63173,2026-08-21T14:27:14.114711,Pas tensometryczny,-5179602,-5179602,true
session_20260821_142610_P001,631,63273,2026-08-21T14:27:14.214464,Pas tensometryczny,-5179470,-5179470,true
session_20260821_142610_P001,632,63381,2026-08-21T14:27:14.322439,Pas tensometryczny,-5178915,-5178915,true
session_20260821_142610_P001,633,63502,2026-08-21T14:27:14.443820,Pas tensometryczny,-5179635,-5179635,true
session_20260821_142610_P001,634,63607,2026-08-21T14:27:14.548427,Pas tensometryczny,-5180460,-5180460,true
session_20260821_142610_P001,635,63669,2026-08-21T14:27:14.610751,Pas tensometryczny,-5180619,-5180619,true
session_20260821_142610_P001,636,63737,2026-08-21T14:27:14.678841,Pas tensometryczny,-5180830,-5180830,true
session_20260821_142610_P001,637,63903,2026-08-21T14:27:14.845016,Pas tensometryczny,-5181351,-5181351,true
session_20260821_142610_P001,638,63975,2026-08-21T14:27:14.917052,Pas tensometryczny,-5181981,-5181981,true
session_20260821_142610_P001,639,64074,2026-08-21T14:27:15.016188,Pas tensometryczny,-5181950,-5181950,true
session_20260821_142610_P001,640,64178,2026-08-21T14:27:15.119822,Pas tensometryczny,-5182353,-5182353,true
session_20260821_142610_P001,641,64280,2026-08-21T14:27:15.222076,Pas tensometryczny,-5182555,-5182555,true
session_20260821_142610_P001,642,64383,2026-08-21T14:27:15.324918,Pas tensometryczny,-5182110,-5182110,true
session_20260821_142610_P001,643,64456,2026-08-21T14:27:15.397584,Pas tensometryczny,-5181813,-5181813,true
session_20260821_142610_P001,644,64589,2026-08-21T14:27:15.531124,Pas tensometryczny,-5182192,-5182192,true
session_20260821_142610_P001,645,64662,2026-08-21T14:27:15.603724,Pas tensometryczny,-5181768,-5181768,true
session_20260821_142610_P001,646,64806,2026-08-21T14:27:15.747592,Pas tensometryczny,-5181302,-5181302,true
session_20260821_142610_P001,647,64873,2026-08-21T14:27:15.814606,Pas tensometryczny,-5180825,-5180825,true
session_20260821_142610_P001,648,64953,2026-08-21T14:27:15.894573,Pas tensometryczny,-5180731,-5180731,true
session_20260821_142610_P001,649,65044,2026-08-21T14:27:15.985870,Pas tensometryczny,-5180873,-5180873,true
session_20260821_142610_P001,650,65202,2026-08-21T14:27:16.143606,Pas tensometryczny,-5180897,-5180897,true
session_20260821_142610_P001,651,65267,2026-08-21T14:27:16.208642,Pas tensometryczny,-5180270,-5180270,true
session_20260821_142610_P001,652,65363,2026-08-21T14:27:16.304579,Pas tensometryczny,-5179851,-5179851,true
session_20260821_142610_P001,653,65464,2026-08-21T14:27:16.405659,Pas tensometryczny,-5179314,-5179314,true
session_20260821_142610_P001,654,65581,2026-08-21T14:27:16.522829,Pas tensometryczny,-5178592,-5178592,true
session_20260821_142610_P001,655,65681,2026-08-21T14:27:16.622811,Pas tensometryczny,-5178623,-5178623,true
session_20260821_142610_P001,656,65775,2026-08-21T14:27:16.716550,Pas tensometryczny,-5178654,-5178654,true
session_20260821_142610_P001,657,65890,2026-08-21T14:27:16.832027,Pas tensometryczny,-5178160,-5178160,true
session_20260821_142610_P001,658,65987,2026-08-21T14:27:16.929186,Pas tensometryczny,-5178113,-5178113,true
session_20260821_142610_P001,659,66092,2026-08-21T14:27:17.033364,Pas tensometryczny,-5178282,-5178282,true
session_20260821_142610_P001,660,66167,2026-08-21T14:27:17.108329,Pas tensometryczny,-5178201,-5178201,true
session_20260821_142610_P001,661,66257,2026-08-21T14:27:17.198716,Pas tensometryczny,-5178738,-5178738,true
session_20260821_142610_P001,662,66347,2026-08-21T14:27:17.288459,Pas tensometryczny,-5179638,-5179638,true
session_20260821_142610_P001,663,66574,2026-08-21T14:27:17.516115,Pas tensometryczny,-5179913,-5179913,true
session_20260821_142610_P001,664,66576,2026-08-21T14:27:17.517465,Pas tensometryczny,-5179976,-5179976,true
session_20260821_142610_P001,665,66662,2026-08-21T14:27:17.604201,Pas tensometryczny,-5179723,-5179723,true
session_20260821_142610_P001,666,66751,2026-08-21T14:27:17.692780,Pas tensometryczny,-5180674,-5180674,true
session_20260821_142610_P001,667,66929,2026-08-21T14:27:17.870772,Pas tensometryczny,-5181630,-5181630,true
session_20260821_142610_P001,668,66976,2026-08-21T14:27:17.917859,Pas tensometryczny,-5181701,-5181701,true
session_20260821_142610_P001,669,67068,2026-08-21T14:27:18.009654,Pas tensometryczny,-5181943,-5181943,true
session_20260821_142610_P001,670,67190,2026-08-21T14:27:18.131330,Pas tensometryczny,-5181956,-5181956,true
session_20260821_142610_P001,671,67291,2026-08-21T14:27:18.232834,Pas tensometryczny,-5181985,-5181985,true
session_20260821_142610_P001,672,67399,2026-08-21T14:27:18.341044,Pas tensometryczny,-5181338,-5181338,true
session_20260821_142610_P001,673,67520,2026-08-21T14:27:18.461874,Pas tensometryczny,-5180903,-5180903,true
session_20260821_142610_P001,674,67574,2026-08-21T14:27:18.515654,Pas tensometryczny,-5181616,-5181616,true
session_20260821_142610_P001,675,67675,2026-08-21T14:27:18.616614,Pas tensometryczny,-5181694,-5181694,true
session_20260821_142610_P001,676,67789,2026-08-21T14:27:18.730471,Pas tensometryczny,-5181338,-5181338,true
session_20260821_142610_P001,677,67883,2026-08-21T14:27:18.824513,Pas tensometryczny,-5181298,-5181298,true
session_20260821_142610_P001,678,67967,2026-08-21T14:27:18.908572,Pas tensometryczny,-5181621,-5181621,true
session_20260821_142610_P001,679,68059,2026-08-21T14:27:19.000691,Pas tensometryczny,-5181348,-5181348,true
session_20260821_142610_P001,680,68181,2026-08-21T14:27:19.122668,Pas tensometryczny,-5180653,-5180653,true
session_20260821_142610_P001,681,68282,2026-08-21T14:27:19.224043,Pas tensometryczny,-5180052,-5180052,true
session_20260821_142610_P001,682,68399,2026-08-21T14:27:19.340437,Pas tensometryczny,-5179884,-5179884,true
session_20260821_142610_P001,683,68553,2026-08-21T14:27:19.494731,Pas tensometryczny,-5180341,-5180341,true
session_20260821_142610_P001,684,68554,2026-08-21T14:27:19.496019,Pas tensometryczny,-5180265,-5180265,true
session_20260821_142610_P001,685,68687,2026-08-21T14:27:19.628846,Pas tensometryczny,-5179652,-5179652,true
session_20260821_142610_P001,686,68808,2026-08-21T14:27:19.749413,Pas tensometryczny,-5179097,-5179097,true
session_20260821_142610_P001,687,68960,2026-08-21T14:27:19.901575,Pas tensometryczny,-5178576,-5178576,true
session_20260821_142610_P001,688,68962,2026-08-21T14:27:19.903669,Pas tensometryczny,-5179938,-5179938,true
session_20260821_142610_P001,689,69108,2026-08-21T14:27:20.049615,Pas tensometryczny,-5180564,-5180564,true
session_20260821_142610_P001,690,69203,2026-08-21T14:27:20.144468,Pas tensometryczny,-5181067,-5181067,true
session_20260821_142610_P001,691,69275,2026-08-21T14:27:20.216243,Pas tensometryczny,-5181223,-5181223,true
session_20260821_142610_P001,692,69407,2026-08-21T14:27:20.349020,Pas tensometryczny,-5180985,-5180985,true
session_20260821_142610_P001,693,69456,2026-08-21T14:27:20.397384,Pas tensometryczny,-5181827,-5181827,true
session_20260821_142610_P001,694,69595,2026-08-21T14:27:20.536726,Pas tensometryczny,-5182800,-5182800,true
session_20260821_142610_P001,695,69677,2026-08-21T14:27:20.619076,Pas tensometryczny,-5182373,-5182373,true
session_20260821_142610_P001,696,69794,2026-08-21T14:27:20.735882,Pas tensometryczny,-5182611,-5182611,true
session_20260821_142610_P001,697,69857,2026-08-21T14:27:20.798727,Pas tensometryczny,-5182766,-5182766,true
session_20260821_142610_P001,698,70039,2026-08-21T14:27:20.980631,Pas tensometryczny,-5183031,-5183031,true
session_20260821_142610_P001,699,70084,2026-08-21T14:27:21.025294,Pas tensometryczny,-5183475,-5183475,true
session_20260821_142610_P001,700,70173,2026-08-21T14:27:21.114831,Pas tensometryczny,-5183514,-5183514,true
session_20260821_142610_P001,701,70262,2026-08-21T14:27:21.203462,Pas tensometryczny,-5184380,-5184380,true
session_20260821_142610_P001,702,70357,2026-08-21T14:27:21.298379,Pas tensometryczny,-5184405,-5184405,true
session_20260821_142610_P001,703,70487,2026-08-21T14:27:21.428904,Pas tensometryczny,-5183962,-5183962,true
session_20260821_142610_P001,704,70579,2026-08-21T14:27:21.521085,Pas tensometryczny,-5183219,-5183219,true
session_20260821_142610_P001,705,70668,2026-08-21T14:27:21.609590,Pas tensometryczny,-5182281,-5182281,true
session_20260821_142610_P001,706,70786,2026-08-21T14:27:21.727606,Pas tensometryczny,-5181689,-5181689,true
session_20260821_142610_P001,707,70891,2026-08-21T14:27:21.833034,Pas tensometryczny,-5182155,-5182155,true
session_20260821_142610_P001,708,71026,2026-08-21T14:27:21.967299,Pas tensometryczny,-5182191,-5182191,true
session_20260821_142610_P001,709,71072,2026-08-21T14:27:22.013454,Pas tensometryczny,-5181489,-5181489,true
session_20260821_142610_P001,710,71163,2026-08-21T14:27:22.105001,Pas tensometryczny,-5180887,-5180887,true
session_20260821_142610_P001,711,71297,2026-08-21T14:27:22.238677,Pas tensometryczny,-5180232,-5180232,true
session_20260821_142610_P001,712,71424,2026-08-21T14:27:22.366009,Pas tensometryczny,-5179853,-5179853,true
session_20260821_142610_P001,713,71555,2026-08-21T14:27:22.496870,Pas tensometryczny,-5180682,-5180682,true
session_20260821_142610_P001,714,71597,2026-08-21T14:27:22.538338,Pas tensometryczny,-5180606,-5180606,true
session_20260821_142610_P001,715,71664,2026-08-21T14:27:22.605901,Pas tensometryczny,-5180208,-5180208,true
session_20260821_142610_P001,716,71792,2026-08-21T14:27:22.733436,Pas tensometryczny,-5179856,-5179856,true
session_20260821_142610_P001,717,71881,2026-08-21T14:27:22.822240,Pas tensometryczny,-5180125,-5180125,true
session_20260821_142610_P001,718,72010,2026-08-21T14:27:22.951227,Pas tensometryczny,-5181389,-5181389,true
session_20260821_142610_P001,719,72081,2026-08-21T14:27:23.022722,Pas tensometryczny,-5180569,-5180569,true
session_20260821_142610_P001,720,72196,2026-08-21T14:27:23.137687,Pas tensometryczny,-5179807,-5179807,true
session_20260821_142610_P001,721,72333,2026-08-21T14:27:23.274700,Pas tensometryczny,-5180007,-5180007,true
session_20260821_142610_P001,722,72398,2026-08-21T14:27:23.339895,Pas tensometryczny,-5181538,-5181538,true
session_20260821_142610_P001,723,72469,2026-08-21T14:27:23.410605,Pas tensometryczny,-5182070,-5182070,true
session_20260821_142610_P001,724,72564,2026-08-21T14:27:23.505865,Pas tensometryczny,-5182150,-5182150,true
session_20260821_142610_P001,725,72738,2026-08-21T14:27:23.679544,Pas tensometryczny,-5182740,-5182740,true
session_20260821_142610_P001,726,72782,2026-08-21T14:27:23.723323,Pas tensometryczny,-5183756,-5183756,true
session_20260821_142610_P001,727,72879,2026-08-21T14:27:23.820508,Pas tensometryczny,-5183991,-5183991,true
session_20260821_142610_P001,728,72974,2026-08-21T14:27:23.915652,Pas tensometryczny,-5184149,-5184149,true
session_20260821_142610_P001,729,73098,2026-08-21T14:27:24.039396,Pas tensometryczny,-5184643,-5184643,true
session_20260821_142610_P001,730,73186,2026-08-21T14:27:24.127724,Pas tensometryczny,-5184891,-5184891,true
session_20260821_142610_P001,731,73314,2026-08-21T14:27:24.255891,Pas tensometryczny,-5184986,-5184986,true
session_20260821_142610_P001,732,73367,2026-08-21T14:27:24.309167,Pas tensometryczny,-5184138,-5184138,true
session_20260821_142610_P001,733,73502,2026-08-21T14:27:24.443834,Pas tensometryczny,-5183640,-5183640,true
session_20260821_142610_P001,734,73632,2026-08-21T14:27:24.574144,Pas tensometryczny,-5183385,-5183385,true
session_20260821_142610_P001,735,73733,2026-08-21T14:27:24.674294,Pas tensometryczny,-5183386,-5183386,true
session_20260821_142610_P001,736,73777,2026-08-21T14:27:24.718398,Pas tensometryczny,-5182513,-5182513,true
session_20260821_142610_P001,737,73908,2026-08-21T14:27:24.849414,Pas tensometryczny,-5181468,-5181468,true
session_20260821_142610_P001,738,73999,2026-08-21T14:27:24.940742,Pas tensometryczny,-5181816,-5181816,true
session_20260821_142610_P001,739,74107,2026-08-21T14:27:25.048516,Pas tensometryczny,-5181854,-5181854,true
session_20260821_142610_P001,740,74183,2026-08-21T14:27:25.125198,Pas tensometryczny,-5181600,-5181600,true
session_20260821_142610_P001,741,74287,2026-08-21T14:27:25.228276,Pas tensometryczny,-5181071,-5181071,true
session_20260821_142610_P001,742,74483,2026-08-21T14:27:25.424720,Pas tensometryczny,-5180295,-5180295,true
session_20260821_142610_P001,743,74523,2026-08-21T14:27:25.464882,Pas tensometryczny,-5180403,-5180403,true
session_20260821_142610_P001,744,74596,2026-08-21T14:27:25.537698,Pas tensometryczny,-5179143,-5179143,true
session_20260821_142610_P001,745,74698,2026-08-21T14:27:25.639388,Pas tensometryczny,-5178654,-5178654,true
session_20260821_142610_P001,746,74774,2026-08-21T14:27:25.715701,Pas tensometryczny,-5178711,-5178711,true
session_20260821_142610_P001,747,74896,2026-08-21T14:27:25.837901,Pas tensometryczny,-5178479,-5178479,true
session_20260821_142610_P001,748,75009,2026-08-21T14:27:25.951008,Pas tensometryczny,-5179599,-5179599,true
session_20260821_142610_P001,749,75077,2026-08-21T14:27:26.018426,Pas tensometryczny,-5180701,-5180701,true
session_20260821_142610_P001,750,75172,2026-08-21T14:27:26.114034,Pas tensometryczny,-5180485,-5180485,true
session_20260821_142610_P001,751,75304,2026-08-21T14:27:26.246036,Pas tensometryczny,-5181019,-5181019,true
session_20260821_142610_P001,752,75418,2026-08-21T14:27:26.359639,Pas tensometryczny,-5182296,-5182296,true
session_20260821_142610_P001,753,75486,2026-08-21T14:27:26.427703,Pas tensometryczny,-5182451,-5182451,true
session_20260821_142610_P001,754,75575,2026-08-21T14:27:26.517197,Pas tensometryczny,-5182374,-5182374,true
session_20260821_142610_P001,755,75715,2026-08-21T14:27:26.657002,Pas tensometryczny,-5183147,-5183147,true
session_20260821_142610_P001,756,75825,2026-08-21T14:27:26.766908,Pas tensometryczny,-5184244,-5184244,true
session_20260821_142610_P001,757,75928,2026-08-21T14:27:26.869977,Pas tensometryczny,-5183913,-5183913,true
session_20260821_142610_P001,758,75984,2026-08-21T14:27:26.926165,Pas tensometryczny,-5184110,-5184110,true
session_20260821_142610_P001,759,76094,2026-08-21T14:27:27.035566,Pas tensometryczny,-5184702,-5184702,true
session_20260821_142610_P001,760,76246,2026-08-21T14:27:27.188198,Pas tensometryczny,-5185025,-5185025,true
session_20260821_142610_P001,761,76291,2026-08-21T14:27:27.232556,Pas tensometryczny,-5184582,-5184582,true
session_20260821_142610_P001,762,76389,2026-08-21T14:27:27.330285,Pas tensometryczny,-5183937,-5183937,true
session_20260821_142610_P001,763,76479,2026-08-21T14:27:27.421152,Pas tensometryczny,-5183754,-5183754,true
session_20260821_142610_P001,764,76611,2026-08-21T14:27:27.552920,Pas tensometryczny,-5183450,-5183450,true
session_20260821_142610_P001,765,76707,2026-08-21T14:27:27.648221,Pas tensometryczny,-5181827,-5181827,true
session_20260821_142610_P001,766,76786,2026-08-21T14:27:27.727463,Pas tensometryczny,-5182049,-5182049,true
session_20260821_142610_P001,767,76909,2026-08-21T14:27:27.850713,Pas tensometryczny,-5182558,-5182558,true
session_20260821_142610_P001,768,77012,2026-08-21T14:27:27.953540,Pas tensometryczny,-5182171,-5182171,true
session_20260821_142610_P001,769,77109,2026-08-21T14:27:28.050440,Pas tensometryczny,-5181444,-5181444,true
session_20260821_142610_P001,770,77229,2026-08-21T14:27:28.171173,Pas tensometryczny,-5181262,-5181262,true
session_20260821_142610_P001,771,77316,2026-08-21T14:27:28.258101,Pas tensometryczny,-5181751,-5181751,true
session_20260821_142610_P001,772,77373,2026-08-21T14:27:28.314538,Pas tensometryczny,-5181251,-5181251,true
session_20260821_142610_P001,773,77580,2026-08-21T14:27:28.521591,Pas tensometryczny,-5180187,-5180187,true
session_20260821_142610_P001,774,77615,2026-08-21T14:27:28.556333,Pas tensometryczny,-5179670,-5179670,true
session_20260821_142610_P001,775,77695,2026-08-21T14:27:28.636891,Pas tensometryczny,-5179335,-5179335,true
session_20260821_142610_P001,776,77793,2026-08-21T14:27:28.734990,Pas tensometryczny,-5179906,-5179906,true
session_20260821_142610_P001,777,77913,2026-08-21T14:27:28.854585,Pas tensometryczny,-5179155,-5179155,true
session_20260821_142610_P001,778,78078,2026-08-21T14:27:29.019940,Pas tensometryczny,-5178078,-5178078,true
session_20260821_142610_P001,779,78115,2026-08-21T14:27:29.056730,Pas tensometryczny,-5177594,-5177594,true
session_20260821_142610_P001,780,78201,2026-08-21T14:27:29.142351,Pas tensometryczny,-5178429,-5178429,true
session_20260821_142610_P001,781,78299,2026-08-21T14:27:29.240879,Pas tensometryczny,-5179586,-5179586,true
session_20260821_142610_P001,782,78409,2026-08-21T14:27:29.350623,Pas tensometryczny,-5179985,-5179985,true
session_20260821_142610_P001,783,78587,2026-08-21T14:27:29.529074,Pas tensometryczny,-5180346,-5180346,true
session_20260821_142610_P001,784,78635,2026-08-21T14:27:29.576893,Pas tensometryczny,-5181087,-5181087,true
session_20260821_142610_P001,785,78751,2026-08-21T14:27:29.692669,Pas tensometryczny,-5181597,-5181597,true
session_20260821_142610_P001,786,78851,2026-08-21T14:27:29.792564,Pas tensometryczny,-5181832,-5181832,true
session_20260821_142610_P001,787,78902,2026-08-21T14:27:29.843954,Pas tensometryczny,-5182394,-5182394,true
session_20260821_142610_P001,788,79002,2026-08-21T14:27:29.943525,Pas tensometryczny,-5182782,-5182782,true
session_20260821_142610_P001,789,79093,2026-08-21T14:27:30.034579,Pas tensometryczny,-5182678,-5182678,true
session_20260821_142610_P001,790,79219,2026-08-21T14:27:30.160557,Pas tensometryczny,-5183319,-5183319,true
session_20260821_142610_P001,791,79316,2026-08-21T14:27:30.258189,Pas tensometryczny,-5183974,-5183974,true
session_20260821_142610_P001,792,79398,2026-08-21T14:27:30.339970,Pas tensometryczny,-5184390,-5184390,true
session_20260821_142610_P001,793,79515,2026-08-21T14:27:30.456961,Pas tensometryczny,-5183847,-5183847,true
session_20260821_142610_P001,794,79607,2026-08-21T14:27:30.548272,Pas tensometryczny,-5183533,-5183533,true
session_20260821_142610_P001,795,79761,2026-08-21T14:27:30.702902,Pas tensometryczny,-5183274,-5183274,true
session_20260821_142610_P001,796,79811,2026-08-21T14:27:30.752518,Pas tensometryczny,-5183434,-5183434,true
session_20260821_142610_P001,797,79891,2026-08-21T14:27:30.832981,Pas tensometryczny,-5183025,-5183025,true
session_20260821_142610_P001,798,79985,2026-08-21T14:27:30.926289,Pas tensometryczny,-5182084,-5182084,true
session_20260821_142610_P001,799,80140,2026-08-21T14:27:31.081791,Pas tensometryczny,-5181339,-5181339,true
session_20260821_142610_P001,800,80206,2026-08-21T14:27:31.148121,Pas tensometryczny,-5180690,-5180690,true
session_20260821_142610_P001,801,80300,2026-08-21T14:27:31.241825,Pas tensometryczny,-5180824,-5180824,true
session_20260821_142610_P001,802,80386,2026-08-21T14:27:31.328195,Pas tensometryczny,-5180127,-5180127,true
session_20260821_142610_P001,803,80484,2026-08-21T14:27:31.425483,Pas tensometryczny,-5179705,-5179705,true
session_20260821_142610_P001,804,80615,2026-08-21T14:27:31.556570,Pas tensometryczny,-5179168,-5179168,true
session_20260821_142610_P001,805,80714,2026-08-21T14:27:31.655851,Pas tensometryczny,-5179368,-5179368,true
session_20260821_142610_P001,806,80814,2026-08-21T14:27:31.756089,Pas tensometryczny,-5179370,-5179370,true
session_20260821_142610_P001,807,80907,2026-08-21T14:27:31.848854,Pas tensometryczny,-5178611,-5178611,true
session_20260821_142610_P001,808,81061,2026-08-21T14:27:32.002777,Pas tensometryczny,-5179622,-5179622,true
session_20260821_142610_P001,809,81107,2026-08-21T14:27:32.048355,Pas tensometryczny,-5181439,-5181439,true
session_20260821_142610_P001,810,81233,2026-08-21T14:27:32.174255,Pas tensometryczny,-5181950,-5181950,true
session_20260821_142610_P001,811,81289,2026-08-21T14:27:32.230714,Pas tensometryczny,-5181738,-5181738,true
session_20260821_142610_P001,812,81456,2026-08-21T14:27:32.397668,Pas tensometryczny,-5182044,-5182044,true
session_20260821_142610_P001,813,81523,2026-08-21T14:27:32.464920,Pas tensometryczny,-5182658,-5182658,true
session_20260821_142610_P001,814,81647,2026-08-21T14:27:32.588258,Pas tensometryczny,-5182858,-5182858,true
session_20260821_142610_P001,815,81696,2026-08-21T14:27:32.637701,Pas tensometryczny,-5183338,-5183338,true
session_20260821_142610_P001,816,81826,2026-08-21T14:27:32.767257,Pas tensometryczny,-5183282,-5183282,true
session_20260821_142610_P001,817,81961,2026-08-21T14:27:32.902829,Pas tensometryczny,-5183834,-5183834,true
session_20260821_142610_P001,818,82006,2026-08-21T14:27:32.947705,Pas tensometryczny,-5183847,-5183847,true
session_20260821_142610_P001,819,82096,2026-08-21T14:27:33.037628,Pas tensometryczny,-5184762,-5184762,true
session_20260821_142610_P001,820,82231,2026-08-21T14:27:33.172680,Pas tensometryczny,-5185204,-5185204,true
session_20260821_142610_P001,821,82350,2026-08-21T14:27:33.291925,Pas tensometryczny,-5185496,-5185496,true
session_20260821_142610_P001,822,82413,2026-08-21T14:27:33.354234,Pas tensometryczny,-5184930,-5184930,true
session_20260821_142610_P001,823,82507,2026-08-21T14:27:33.448244,Pas tensometryczny,-5184793,-5184793,true
session_20260821_142610_P001,824,82598,2026-08-21T14:27:33.539278,Pas tensometryczny,-5184505,-5184505,true
session_20260821_142610_P001,825,82693,2026-08-21T14:27:33.634655,Pas tensometryczny,-5184339,-5184339,true
session_20260821_142610_P001,826,82907,2026-08-21T14:27:33.848462,Pas tensometryczny,-5184718,-5184718,true
session_20260821_142610_P001,827,82907,2026-08-21T14:27:33.848941,Pas tensometryczny,-5183629,-5183629,true
session_20260821_142610_P001,828,82997,2026-08-21T14:27:33.938773,Pas tensometryczny,-5182847,-5182847,true
session_20260821_142610_P001,829,83087,2026-08-21T14:27:34.028529,Pas tensometryczny,-5182156,-5182156,true
session_20260821_142610_P001,830,83230,2026-08-21T14:27:34.171786,Pas tensometryczny,-5182447,-5182447,true
session_20260821_142610_P001,831,83313,2026-08-21T14:27:34.254413,Pas tensometryczny,-5182316,-5182316,true
session_20260821_142610_P001,832,83585,2026-08-21T14:27:34.527113,Pas tensometryczny,-5181223,-5181223,true
session_20260821_142610_P001,833,83620,2026-08-21T14:27:34.561965,Pas tensometryczny,-5180926,-5180926,true
session_20260821_142610_P001,834,83628,2026-08-21T14:27:34.569204,Pas tensometryczny,-5181184,-5181184,true
session_20260821_142610_P001,835,83738,2026-08-21T14:27:34.679977,Pas tensometryczny,-5181516,-5181516,true
session_20260821_142610_P001,836,83808,2026-08-21T14:27:34.749949,Pas tensometryczny,-5180835,-5180835,true
session_20260821_142610_P001,837,83900,2026-08-21T14:27:34.841944,Pas tensometryczny,-5180177,-5180177,true
session_20260821_142610_P001,838,83992,2026-08-21T14:27:34.933387,Pas tensometryczny,-5180073,-5180073,true
session_20260821_142610_P001,839,84124,2026-08-21T14:27:35.066067,Pas tensometryczny,-5180222,-5180222,true
session_20260821_142610_P001,840,84218,2026-08-21T14:27:35.159761,Pas tensometryczny,-5179457,-5179457,true
session_20260821_142610_P001,841,84302,2026-08-21T14:27:35.243853,Pas tensometryczny,-5181133,-5181133,true
session_20260821_142610_P001,842,84436,2026-08-21T14:27:35.377304,Pas tensometryczny,-5182389,-5182389,true
session_20260821_142610_P001,843,84526,2026-08-21T14:27:35.468031,Pas tensometryczny,-5182788,-5182788,true
session_20260821_142610_P001,844,84643,2026-08-21T14:27:35.584216,Pas tensometryczny,-5183052,-5183052,true
session_20260821_142610_P001,845,84709,2026-08-21T14:27:35.651066,Pas tensometryczny,-5183120,-5183120,true
session_20260821_142610_P001,846,84823,2026-08-21T14:27:35.764566,Pas tensometryczny,-5183984,-5183984,true
session_20260821_142610_P001,847,84970,2026-08-21T14:27:35.911549,Pas tensometryczny,-5184762,-5184762,true
session_20260821_142610_P001,848,85033,2026-08-21T14:27:35.974842,Pas tensometryczny,-5184925,-5184925,true
session_20260821_142610_P001,849,85157,2026-08-21T14:27:36.098701,Pas tensometryczny,-5185111,-5185111,true
session_20260821_142610_P001,850,85201,2026-08-21T14:27:36.142444,Pas tensometryczny,-5185805,-5185805,true
session_20260821_142610_P001,851,85302,2026-08-21T14:27:36.243927,Pas tensometryczny,-5186453,-5186453,true
session_20260821_142610_P001,852,85440,2026-08-21T14:27:36.381280,Pas tensometryczny,-5186007,-5186007,true
session_20260821_142610_P001,853,85527,2026-08-21T14:27:36.468460,Pas tensometryczny,-5185656,-5185656,true
session_20260821_142610_P001,854,85624,2026-08-21T14:27:36.565904,Pas tensometryczny,-5185711,-5185711,true
session_20260821_142610_P001,855,85733,2026-08-21T14:27:36.675057,Pas tensometryczny,-5186005,-5186005,true
session_20260821_142610_P001,856,85836,2026-08-21T14:27:36.777564,Pas tensometryczny,-5185199,-5185199,true
session_20260821_142610_P001,857,85948,2026-08-21T14:27:36.890035,Pas tensometryczny,-5184478,-5184478,true
session_20260821_142610_P001,858,86053,2026-08-21T14:27:36.994583,Pas tensometryczny,-5184486,-5184486,true
session_20260821_142610_P001,859,86101,2026-08-21T14:27:37.043038,Pas tensometryczny,-5185133,-5185133,true
session_20260821_142610_P001,860,86279,2026-08-21T14:27:37.220807,Pas tensometryczny,-5184263,-5184263,true
session_20260821_142610_P001,861,86337,2026-08-21T14:27:37.278976,Pas tensometryczny,-5182984,-5182984,true
session_20260821_142610_P001,862,86419,2026-08-21T14:27:37.360548,Pas tensometryczny,-5182676,-5182676,true
session_20260821_142610_P001,863,86510,2026-08-21T14:27:37.451560,Pas tensometryczny,-5183264,-5183264,true
session_20260821_142610_P001,864,86610,2026-08-21T14:27:37.551421,Pas tensometryczny,-5182664,-5182664,true
session_20260821_142610_P001,865,86821,2026-08-21T14:27:37.762731,Pas tensometryczny,-5181223,-5181223,true
session_20260821_142610_P001,866,86822,2026-08-21T14:27:37.763283,Pas tensometryczny,-5180338,-5180338,true
session_20260821_142610_P001,867,86913,2026-08-21T14:27:37.854338,Pas tensometryczny,-5180417,-5180417,true
session_20260821_142610_P001,868,87047,2026-08-21T14:27:37.988946,Pas tensometryczny,-5179205,-5179205,true
session_20260821_142610_P001,869,87158,2026-08-21T14:27:38.099623,Pas tensometryczny,-5178600,-5178600,true
session_20260821_142610_P001,870,87266,2026-08-21T14:27:38.207931,Pas tensometryczny,-5179553,-5179553,true
session_20260821_142610_P001,871,87316,2026-08-21T14:27:38.257283,Pas tensometryczny,-5181164,-5181164,true
session_20260821_142610_P001,872,87410,2026-08-21T14:27:38.351699,Pas tensometryczny,-5181350,-5181350,true
session_20260821_142610_P001,873,87521,2026-08-21T14:27:38.462636,Pas tensometryczny,-5181535,-5181535,true
session_20260821_142610_P001,874,87631,2026-08-21T14:27:38.572493,Pas tensometryczny,-5182498,-5182498,true
session_20260821_142610_P001,875,87724,2026-08-21T14:27:38.665746,Pas tensometryczny,-5183293,-5183293,true
session_20260821_142610_P001,876,87948,2026-08-21T14:27:38.890109,Pas tensometryczny,-5183281,-5183281,true
session_20260821_142610_P001,877,87999,2026-08-21T14:27:38.941201,Pas tensometryczny,-5183377,-5183377,true
session_20260821_142610_P001,878,88054,2026-08-21T14:27:38.995660,Pas tensometryczny,-5183713,-5183713,true
session_20260821_142610_P001,879,88156,2026-08-21T14:27:39.098133,Pas tensometryczny,-5184496,-5184496,true
session_20260821_142610_P001,880,88225,2026-08-21T14:27:39.166639,Pas tensometryczny,-5185256,-5185256,true
session_20260821_142610_P001,881,88330,2026-08-21T14:27:39.272142,Pas tensometryczny,-5185140,-5185140,true
session_20260821_142610_P001,882,88424,2026-08-21T14:27:39.365319,Pas tensometryczny,-5185388,-5185388,true
session_20260821_142610_P001,883,88531,2026-08-21T14:27:39.472994,Pas tensometryczny,-5185769,-5185769,true
session_20260821_142610_P001,884,88715,2026-08-21T14:27:39.656277,Pas tensometryczny,-5184726,-5184726,true
session_20260821_142610_P001,885,88760,2026-08-21T14:27:39.701688,Pas tensometryczny,-5182907,-5182907,true
session_20260821_142610_P001,886,88801,2026-08-21T14:27:39.742551,Pas tensometryczny,-5181869,-5181869,true
session_20260821_142610_P001,887,88969,2026-08-21T14:27:39.910401,Pas tensometryczny,-5182978,-5182978,true
session_20260821_142610_P001,888,89030,2026-08-21T14:27:39.971527,Pas tensometryczny,-5183459,-5183459,true
session_20260821_142610_P001,889,89130,2026-08-21T14:27:40.071345,Pas tensometryczny,-5183051,-5183051,true
session_20260821_142610_P001,890,89208,2026-08-21T14:27:40.149235,Pas tensometryczny,-5182728,-5182728,true
session_20260821_142610_P001,891,89428,2026-08-21T14:27:40.369444,Pas tensometryczny,-5182275,-5182275,true
session_20260821_142610_P001,892,89476,2026-08-21T14:27:40.418092,Pas tensometryczny,-5181869,-5181869,true
session_20260821_142610_P001,893,89648,2026-08-21T14:27:40.589816,Pas tensometryczny,-5181313,-5181313,true
session_20260821_142610_P001,894,89649,2026-08-21T14:27:40.590522,Pas tensometryczny,-5181257,-5181257,true
session_20260821_142610_P001,895,89721,2026-08-21T14:27:40.662219,Pas tensometryczny,-5182364,-5182364,true
session_20260821_142610_P001,896,89836,2026-08-21T14:27:40.777766,Pas tensometryczny,-5183216,-5183216,true
session_20260821_142610_P001,897,89975,2026-08-21T14:27:40.916577,Pas tensometryczny,-5182832,-5182832,true
session_20260821_142610_P001,898,90027,2026-08-21T14:27:40.968722,Pas tensometryczny,-5181040,-5181040,true
session_20260821_142610_P001,899,90130,2026-08-21T14:27:41.071335,Pas tensometryczny,-5181172,-5181172,true
session_20260821_142610_P001,900,90281,2026-08-21T14:27:41.222575,Pas tensometryczny,-5182396,-5182396,true
session_20260821_142610_P001,901,90334,2026-08-21T14:27:41.275813,Pas tensometryczny,-5181965,-5181965,true
session_20260821_142610_P001,902,90422,2026-08-21T14:27:41.363891,Pas tensometryczny,-5181050,-5181050,true
session_20260821_142610_P001,903,90512,2026-08-21T14:27:41.453311,Pas tensometryczny,-5181131,-5181131,true
session_20260821_142610_P001,904,90638,2026-08-21T14:27:41.579652,Pas tensometryczny,-5183029,-5183029,true
session_20260821_142610_P001,905,90761,2026-08-21T14:27:41.703008,Pas tensometryczny,-5183712,-5183712,true
session_20260821_142610_P001,906,90864,2026-08-21T14:27:41.806169,Pas tensometryczny,-5183910,-5183910,true
session_20260821_142610_P001,907,90932,2026-08-21T14:27:41.873868,Pas tensometryczny,-5183705,-5183705,true
session_20260821_142610_P001,908,91007,2026-08-21T14:27:41.949178,Pas tensometryczny,-5184018,-5184018,true
session_20260821_142610_P001,909,91141,2026-08-21T14:27:42.083048,Pas tensometryczny,-5184220,-5184220,true
session_20260821_142610_P001,910,91265,2026-08-21T14:27:42.206578,Pas tensometryczny,-5183221,-5183221,true
session_20260821_142610_P001,911,91324,2026-08-21T14:27:42.266164,Pas tensometryczny,-5182635,-5182635,true
session_20260821_142610_P001,912,91411,2026-08-21T14:27:42.352768,Pas tensometryczny,-5183627,-5183627,true
session_20260821_142610_P001,913,91551,2026-08-21T14:27:42.492387,Pas tensometryczny,-5185083,-5185083,true
session_20260821_142610_P001,914,91643,2026-08-21T14:27:42.585189,Pas tensometryczny,-5184196,-5184196,true
session_20260821_142610_P001,915,91735,2026-08-21T14:27:42.676530,Pas tensometryczny,-5183451,-5183451,true
session_20260821_142610_P001,916,91818,2026-08-21T14:27:42.759270,Pas tensometryczny,-5183622,-5183622,true
session_20260821_142610_P001,917,91954,2026-08-21T14:27:42.896053,Pas tensometryczny,-5183294,-5183294,true
session_20260821_142610_P001,918,92043,2026-08-21T14:27:42.984770,Pas tensometryczny,-5181768,-5181768,true
session_20260821_142610_P001,919,92168,2026-08-21T14:27:43.109380,Pas tensometryczny,-5183045,-5183045,true
session_20260821_142610_P001,920,92222,2026-08-21T14:27:43.163247,Pas tensometryczny,-5184146,-5184146,true
session_20260821_142610_P001,921,92318,2026-08-21T14:27:43.260089,Pas tensometryczny,-5183170,-5183170,true
session_20260821_142610_P001,922,92493,2026-08-21T14:27:43.434446,Pas tensometryczny,-5182679,-5182679,true
session_20260821_142610_P001,923,92558,2026-08-21T14:27:43.500187,Pas tensometryczny,-5183524,-5183524,true
session_20260821_142610_P001,924,92628,2026-08-21T14:27:43.569261,Pas tensometryczny,-5183263,-5183263,true
session_20260821_142610_P001,925,92723,2026-08-21T14:27:43.665083,Pas tensometryczny,-5181490,-5181490,true
session_20260821_142610_P001,926,92807,2026-08-21T14:27:43.748853,Pas tensometryczny,-5181152,-5181152,true
session_20260821_142610_P001,927,92943,2026-08-21T14:27:43.884678,Pas tensometryczny,-5182424,-5182424,true
session_20260821_142610_P001,928,93039,2026-08-21T14:27:43.980539,Pas tensometryczny,-5182682,-5182682,true
session_20260821_142610_P001,929,93130,2026-08-21T14:27:44.071496,Pas tensometryczny,-5182402,-5182402,true
session_20260821_142610_P001,930,93228,2026-08-21T14:27:44.170145,Pas tensometryczny,-5182793,-5182793,true
session_20260821_142610_P001,931,93392,2026-08-21T14:27:44.333502,Pas tensometryczny,-5184190,-5184190,true
session_20260821_142610_P001,932,93441,2026-08-21T14:27:44.382687,Pas tensometryczny,-5184845,-5184845,true
session_20260821_142610_P001,933,93555,2026-08-21T14:27:44.497197,Pas tensometryczny,-5184790,-5184790,true
session_20260821_142610_P001,934,93629,2026-08-21T14:27:44.570778,Pas tensometryczny,-5184968,-5184968,true
session_20260821_142610_P001,935,93793,2026-08-21T14:27:44.734417,Pas tensometryczny,-5185821,-5185821,true
session_20260821_142610_P001,936,93840,2026-08-21T14:27:44.781883,Pas tensometryczny,-5186025,-5186025,true
session_20260821_142610_P001,937,93946,2026-08-21T14:27:44.887497,Pas tensometryczny,-5185896,-5185896,true
session_20260821_142610_P001,938,94092,2026-08-21T14:27:45.033489,Pas tensometryczny,-5186415,-5186415,true
session_20260821_142610_P001,939,94130,2026-08-21T14:27:45.071620,Pas tensometryczny,-5186916,-5186916,true
session_20260821_142610_P001,940,94248,2026-08-21T14:27:45.189711,Pas tensometryczny,-5186814,-5186814,true
session_20260821_142610_P001,941,94343,2026-08-21T14:27:45.284550,Pas tensometryczny,-5185714,-5185714,true
session_20260821_142610_P001,942,94460,2026-08-21T14:27:45.401971,Pas tensometryczny,-5185199,-5185199,true
session_20260821_142610_P001,943,94517,2026-08-21T14:27:45.459034,Pas tensometryczny,-5184936,-5184936,true
session_20260821_142610_P001,944,94656,2026-08-21T14:27:45.597954,Pas tensometryczny,-5185325,-5185325,true
session_20260821_142610_P001,945,94769,2026-08-21T14:27:45.711003,Pas tensometryczny,-5185752,-5185752,true
session_20260821_142610_P001,946,94877,2026-08-21T14:27:45.818623,Pas tensometryczny,-5186575,-5186575,true
session_20260821_142610_P001,947,94993,2026-08-21T14:27:45.934388,Pas tensometryczny,-5186216,-5186216,true
session_20260821_142610_P001,948,95102,2026-08-21T14:27:46.043342,Pas tensometryczny,-5185124,-5185124,true
session_20260821_142610_P001,949,95157,2026-08-21T14:27:46.098793,Pas tensometryczny,-5184579,-5184579,true
session_20260821_142610_P001,950,95242,2026-08-21T14:27:46.183963,Pas tensometryczny,-5186141,-5186141,true
session_20260821_142610_P001,951,95333,2026-08-21T14:27:46.274767,Pas tensometryczny,-5185847,-5185847,true
session_20260821_142610_P001,952,95416,2026-08-21T14:27:46.358183,Pas tensometryczny,-5185150,-5185150,true
session_20260821_142610_P001,953,95551,2026-08-21T14:27:46.492888,Pas tensometryczny,-5184374,-5184374,true
session_20260821_142610_P001,954,95652,2026-08-21T14:27:46.593749,Pas tensometryczny,-5184476,-5184476,true
session_20260821_142610_P001,955,95731,2026-08-21T14:27:46.672279,Pas tensometryczny,-5185604,-5185604,true
session_20260821_142610_P001,956,95820,2026-08-21T14:27:46.761467,Pas tensometryczny,-5185270,-5185270,true
session_20260821_142610_P001,957,95967,2026-08-21T14:27:46.908809,Pas tensometryczny,-5185520,-5185520,true
session_20260821_142610_P001,958,96082,2026-08-21T14:27:47.024201,Pas tensometryczny,-5186100,-5186100,true
session_20260821_142610_P001,959,96152,2026-08-21T14:27:47.093536,Pas tensometryczny,-5186923,-5186923,true
session_20260821_142610_P001,960,96247,2026-08-21T14:27:47.188526,Pas tensometryczny,-5187082,-5187082,true
session_20260821_142610_P001,961,96318,2026-08-21T14:27:47.259900,Pas tensometryczny,-5187438,-5187438,true
session_20260821_142610_P001,962,96455,2026-08-21T14:27:47.397146,Pas tensometryczny,-5187609,-5187609,true
session_20260821_142610_P001,963,96549,2026-08-21T14:27:47.490569,Pas tensometryczny,-5189017,-5189017,true
session_20260821_142610_P001,964,96635,2026-08-21T14:27:47.576402,Pas tensometryczny,-5189619,-5189619,true
session_20260821_142610_P001,965,96723,2026-08-21T14:27:47.664223,Pas tensometryczny,-5189219,-5189219,true
session_20260821_142610_P001,966,96857,2026-08-21T14:27:47.798486,Pas tensometryczny,-5189022,-5189022,true
session_20260821_142610_P001,967,96947,2026-08-21T14:27:47.888975,Pas tensometryczny,-5188349,-5188349,true
session_20260821_142610_P001,968,97057,2026-08-21T14:27:47.998573,Pas tensometryczny,-5188520,-5188520,true
session_20260821_142610_P001,969,97157,2026-08-21T14:27:48.098803,Pas tensometryczny,-5186412,-5186412,true
session_20260821_142610_P001,970,97308,2026-08-21T14:27:48.249344,Pas tensometryczny,-5185828,-5185828,true
session_20260821_142610_P001,971,97377,2026-08-21T14:27:48.318886,Pas tensometryczny,-5185883,-5185883,true
session_20260821_142610_P001,972,97442,2026-08-21T14:27:48.383506,Pas tensometryczny,-5185668,-5185668,true
session_20260821_142610_P001,973,97534,2026-08-21T14:27:48.475294,Pas tensometryczny,-5185143,-5185143,true
session_20260821_142610_P001,974,97624,2026-08-21T14:27:48.566023,Pas tensometryczny,-5184445,-5184445,true
session_20260821_142610_P001,975,97760,2026-08-21T14:27:48.701833,Pas tensometryczny,-5183659,-5183659,true
session_20260821_142610_P001,976,97847,2026-08-21T14:27:48.789052,Pas tensometryczny,-5184234,-5184234,true
session_20260821_142610_P001,977,97947,2026-08-21T14:27:48.888879,Pas tensometryczny,-5183684,-5183684,true
session_20260821_142610_P001,978,98026,2026-08-21T14:27:48.968037,Pas tensometryczny,-5183112,-5183112,true
session_20260821_142610_P001,979,98162,2026-08-21T14:27:49.103534,Pas tensometryczny,-5182169,-5182169,true
session_20260821_142610_P001,980,98253,2026-08-21T14:27:49.194248,Pas tensometryczny,-5181875,-5181875,true
session_20260821_142610_P001,981,98369,2026-08-21T14:27:49.311028,Pas tensometryczny,-5181885,-5181885,true
session_20260821_142610_P001,982,98463,2026-08-21T14:27:49.404956,Pas tensometryczny,-5181251,-5181251,true
session_20260821_142610_P001,983,98528,2026-08-21T14:27:49.469582,Pas tensometryczny,-5180536,-5180536,true
session_20260821_142610_P001,984,98692,2026-08-21T14:27:49.633959,Pas tensometryczny,-5180128,-5180128,true
session_20260821_142610_P001,985,98747,2026-08-21T14:27:49.688243,Pas tensometryczny,-5179992,-5179992,true
session_20260821_142610_P001,986,98838,2026-08-21T14:27:49.779661,Pas tensometryczny,-5180906,-5180906,true
session_20260821_142610_P001,987,98931,2026-08-21T14:27:49.873121,Pas tensometryczny,-5180790,-5180790,true
session_20260821_142610_P001,988,99085,2026-08-21T14:27:50.026789,Pas tensometryczny,-5181174,-5181174,true
session_20260821_142610_P001,989,99155,2026-08-21T14:27:50.097051,Pas tensometryczny,-5182086,-5182086,true
session_20260821_142610_P001,990,99248,2026-08-21T14:27:50.189808,Pas tensometryczny,-5183359,-5183359,true
session_20260821_142610_P001,991,99332,2026-08-21T14:27:50.273556,Pas tensometryczny,-5184932,-5184932,true
session_20260821_142610_P001,992,99556,2026-08-21T14:27:50.497681,Pas tensometryczny,-5185681,-5185681,true
session_20260821_142610_P001,993,99675,2026-08-21T14:27:50.616595,Pas tensometryczny,-5185976,-5185976,true
session_20260821_142610_P001,994,99715,2026-08-21T14:27:50.656846,Pas tensometryczny,-5186616,-5186616,true
session_20260821_142610_P001,995,99775,2026-08-21T14:27:50.716296,Pas tensometryczny,-5187323,-5187323,true
session_20260821_142610_P001,996,99828,2026-08-21T14:27:50.769908,Pas tensometryczny,-5187213,-5187213,true
session_20260821_142610_P001,997,99997,2026-08-21T14:27:50.939002,Pas tensometryczny,-5187235,-5187235,true
session_20260821_142610_P001,998,100071,2026-08-21T14:27:51.012461,Pas tensometryczny,-5187292,-5187292,true
session_20260821_142610_P001,999,100145,2026-08-21T14:27:51.086921,Pas tensometryczny,-5187685,-5187685,true
session_20260821_142610_P001,1000,100234,2026-08-21T14:27:51.175463,Pas tensometryczny,-5187635,-5187635,true
session_20260821_142610_P001,1001,100369,2026-08-21T14:27:51.310533,Pas tensometryczny,-5187613,-5187613,true
session_20260821_142610_P001,1002,100457,2026-08-21T14:27:51.398596,Pas tensometryczny,-5187918,-5187918,true
session_20260821_142610_P001,1003,100594,2026-08-21T14:27:51.535312,Pas tensometryczny,-5187522,-5187522,true
session_20260821_142610_P001,1004,100643,2026-08-21T14:27:51.585184,Pas tensometryczny,-5187420,-5187420,true
session_20260821_142610_P001,1005,100754,2026-08-21T14:27:51.695650,Pas tensometryczny,-5186704,-5186704,true
session_20260821_142610_P001,1006,100861,2026-08-21T14:27:51.803091,Pas tensometryczny,-5185906,-5185906,true
session_20260821_142610_P001,1007,100978,2026-08-21T14:27:51.919468,Pas tensometryczny,-5185395,-5185395,true
session_20260821_142610_P001,1008,101068,2026-08-21T14:27:52.009558,Pas tensometryczny,-5185996,-5185996,true
session_20260821_142610_P001,1009,101206,2026-08-21T14:27:52.148122,Pas tensometryczny,-5185811,-5185811,true
session_20260821_142610_P001,1010,101268,2026-08-21T14:27:52.209273,Pas tensometryczny,-5185363,-5185363,true
session_20260821_142610_P001,1011,101364,2026-08-21T14:27:52.305442,Pas tensometryczny,-5184737,-5184737,true
session_20260821_142610_P001,1012,101452,2026-08-21T14:27:52.393883,Pas tensometryczny,-5184668,-5184668,true
session_20260821_142610_P001,1013,101539,2026-08-21T14:27:52.480718,Pas tensometryczny,-5184192,-5184192,true
session_20260821_142610_P001,1014,101679,2026-08-21T14:27:52.620686,Pas tensometryczny,-5183138,-5183138,true
session_20260821_142610_P001,1015,101772,2026-08-21T14:27:52.713594,Pas tensometryczny,-5182771,-5182771,true
session_20260821_142610_P001,1016,101853,2026-08-21T14:27:52.794761,Pas tensometryczny,-5181977,-5181977,true
session_20260821_142610_P001,1017,101987,2026-08-21T14:27:52.929007,Pas tensometryczny,-5181855,-5181855,true
session_20260821_142610_P001,1018,102078,2026-08-21T14:27:53.019666,Pas tensometryczny,-5180881,-5180881,true
session_20260821_142610_P001,1019,102178,2026-08-21T14:27:53.119644,Pas tensometryczny,-5179820,-5179820,true
session_20260821_142610_P001,1020,102303,2026-08-21T14:27:53.245085,Pas tensometryczny,-5180112,-5180112,true
session_20260821_142610_P001,1021,102375,2026-08-21T14:27:53.316411,Pas tensometryczny,-5183253,-5183253,true
session_20260821_142610_P001,1022,102438,2026-08-21T14:27:53.379328,Pas tensometryczny,-5183528,-5183528,true
session_20260821_142610_P001,1023,102595,2026-08-21T14:27:53.536229,Pas tensometryczny,-5183843,-5183843,true
session_20260821_142610_P001,1024,102707,2026-08-21T14:27:53.648327,Pas tensometryczny,-5184639,-5184639,true
session_20260821_142610_P001,1025,102751,2026-08-21T14:27:53.693167,Pas tensometryczny,-5185633,-5185633,true
session_20260821_142610_P001,1026,102842,2026-08-21T14:27:53.783472,Pas tensometryczny,-5185561,-5185561,true
session_20260821_142610_P001,1027,102985,2026-08-21T14:27:53.926255,Pas tensometryczny,-5186022,-5186022,true
session_20260821_142610_P001,1028,103085,2026-08-21T14:27:54.026541,Pas tensometryczny,-5186620,-5186620,true
session_20260821_142610_P001,1029,103161,2026-08-21T14:27:54.102509,Pas tensometryczny,-5187440,-5187440,true
session_20260821_142610_P001,1030,103288,2026-08-21T14:27:54.229787,Pas tensometryczny,-5188238,-5188238,true
session_20260821_142610_P001,1031,103353,2026-08-21T14:27:54.295001,Pas tensometryczny,-5188336,-5188336,true
session_20260821_142610_P001,1032,103504,2026-08-21T14:27:54.445768,Pas tensometryczny,-5188379,-5188379,true
session_20260821_142610_P001,1033,103561,2026-08-21T14:27:54.502960,Pas tensometryczny,-5188391,-5188391,true
session_20260821_142610_P001,1034,103691,2026-08-21T14:27:54.633183,Pas tensometryczny,-5188439,-5188439,true
session_20260821_142610_P001,1035,103743,2026-08-21T14:27:54.685165,Pas tensometryczny,-5187440,-5187440,true
session_20260821_142610_P001,1036,103905,2026-08-21T14:27:54.846363,Pas tensometryczny,-5186667,-5186667,true
session_20260821_142610_P001,1037,103979,2026-08-21T14:27:54.920659,Pas tensometryczny,-5186531,-5186531,true
session_20260821_142610_P001,1038,104061,2026-08-21T14:27:55.002851,Pas tensometryczny,-5186707,-5186707,true
session_20260821_142610_P001,1039,104166,2026-08-21T14:27:55.107902,Pas tensometryczny,-5185714,-5185714,true
session_20260821_142610_P001,1040,104269,2026-08-21T14:27:55.210499,Pas tensometryczny,-5184991,-5184991,true
session_20260821_142610_P001,1041,104376,2026-08-21T14:27:55.318184,Pas tensometryczny,-5184754,-5184754,true
session_20260821_142610_P001,1042,104461,2026-08-21T14:27:55.402784,Pas tensometryczny,-5184852,-5184852,true
session_20260821_142610_P001,1043,104576,2026-08-21T14:27:55.517696,Pas tensometryczny,-5184701,-5184701,true
session_20260821_142610_P001,1044,104664,2026-08-21T14:27:55.605591,Pas tensometryczny,-5183726,-5183726,true
session_20260821_142610_P001,1045,104821,2026-08-21T14:27:55.762801,Pas tensometryczny,-5183123,-5183123,true
session_20260821_142610_P001,1046,104891,2026-08-21T14:27:55.832299,Pas tensometryczny,-5183256,-5183256,true
session_20260821_142610_P001,1047,104987,2026-08-21T14:27:55.928303,Pas tensometryczny,-5182318,-5182318,true
session_20260821_142610_P001,1048,105048,2026-08-21T14:27:55.989377,Pas tensometryczny,-5181517,-5181517,true
session_20260821_142610_P001,1049,105206,2026-08-21T14:27:56.147335,Pas tensometryczny,-5182171,-5182171,true
session_20260821_142610_P001,1050,105291,2026-08-21T14:27:56.232361,Pas tensometryczny,-5184291,-5184291,true
session_20260821_142610_P001,1051,105388,2026-08-21T14:27:56.329479,Pas tensometryczny,-5184993,-5184993,true
session_20260821_142610_P001,1052,105462,2026-08-21T14:27:56.403455,Pas tensometryczny,-5185283,-5185283,true
session_20260821_142610_P001,1053,105540,2026-08-21T14:27:56.481750,Pas tensometryczny,-5185438,-5185438,true
session_20260821_142610_P001,1054,105683,2026-08-21T14:27:56.624225,Pas tensometryczny,-5186590,-5186590,true
session_20260821_142610_P001,1055,105813,2026-08-21T14:27:56.754967,Pas tensometryczny,-5187552,-5187552,true
session_20260821_142610_P001,1056,105871,2026-08-21T14:27:56.812212,Pas tensometryczny,-5188038,-5188038,true
session_20260821_142610_P001,1057,105965,2026-08-21T14:27:56.907078,Pas tensometryczny,-5188415,-5188415,true
session_20260821_142610_P001,1058,106084,2026-08-21T14:27:57.025236,Pas tensometryczny,-5188604,-5188604,true
session_20260821_142610_P001,1059,106214,2026-08-21T14:27:57.155434,Pas tensometryczny,-5189295,-5189295,true
session_20260821_142610_P001,1060,106263,2026-08-21T14:27:57.204775,Pas tensometryczny,-5189658,-5189658,true
session_20260821_142610_P001,1061,106441,2026-08-21T14:27:57.382925,Pas tensometryczny,-5189986,-5189986,true
session_20260821_142610_P001,1062,106442,2026-08-21T14:27:57.383687,Pas tensometryczny,-5189605,-5189605,true
session_20260821_142610_P001,1063,106576,2026-08-21T14:27:57.517299,Pas tensometryczny,-5189664,-5189664,true
session_20260821_142610_P001,1064,106673,2026-08-21T14:27:57.614809,Pas tensometryczny,-5189370,-5189370,true
session_20260821_142610_P001,1065,106780,2026-08-21T14:27:57.721417,Pas tensometryczny,-5188659,-5188659,true
session_20260821_142610_P001,1066,106883,2026-08-21T14:27:57.824344,Pas tensometryczny,-5188327,-5188327,true
session_20260821_142610_P001,1067,106983,2026-08-21T14:27:57.924863,Pas tensometryczny,-5188070,-5188070,true
session_20260821_142610_P001,1068,107118,2026-08-21T14:27:58.059270,Pas tensometryczny,-5188155,-5188155,true
session_20260821_142610_P001,1069,107240,2026-08-21T14:27:58.181585,Pas tensometryczny,-5187439,-5187439,true
session_20260821_142610_P001,1070,107252,2026-08-21T14:27:58.193293,Pas tensometryczny,-5186960,-5186960,true
session_20260821_142610_P001,1071,107387,2026-08-21T14:27:58.328837,Pas tensometryczny,-5186477,-5186477,true
session_20260821_142610_P001,1072,107525,2026-08-21T14:27:58.466871,Pas tensometryczny,-5186179,-5186179,true
session_20260821_142610_P001,1073,107588,2026-08-21T14:27:58.529441,Pas tensometryczny,-5185401,-5185401,true
session_20260821_142610_P001,1074,107697,2026-08-21T14:27:58.639040,Pas tensometryczny,-5185211,-5185211,true
session_20260821_142610_P001,1075,107748,2026-08-21T14:27:58.689331,Pas tensometryczny,-5185831,-5185831,true
session_20260821_142610_P001,1076,107885,2026-08-21T14:27:58.826492,Pas tensometryczny,-5185822,-5185822,true
session_20260821_142610_P001,1077,108033,2026-08-21T14:27:58.975198,Pas tensometryczny,-5185204,-5185204,true
session_20260821_142610_P001,1078,108070,2026-08-21T14:27:59.011449,Pas tensometryczny,-5185389,-5185389,true
session_20260821_142610_P001,1079,108161,2026-08-21T14:27:59.102682,Pas tensometryczny,-5186380,-5186380,true
session_20260821_142610_P001,1080,108293,2026-08-21T14:27:59.235134,Pas tensometryczny,-5186913,-5186913,true
session_20260821_142610_P001,1081,108419,2026-08-21T14:27:59.361072,Pas tensometryczny,-5187291,-5187291,true
session_20260821_142610_P001,1082,108466,2026-08-21T14:27:59.407709,Pas tensometryczny,-5187508,-5187508,true
session_20260821_142610_P001,1083,108602,2026-08-21T14:27:59.544104,Pas tensometryczny,-5187712,-5187712,true
session_20260821_142610_P001,1084,108659,2026-08-21T14:27:59.600752,Pas tensometryczny,-5188314,-5188314,true
session_20260821_142610_P001,1085,108821,2026-08-21T14:27:59.762677,Pas tensometryczny,-5188231,-5188231,true
session_20260821_142610_P001,1086,108964,2026-08-21T14:27:59.905604,Pas tensometryczny,-5188372,-5188372,true
session_20260821_142610_P001,1087,108965,2026-08-21T14:27:59.906354,Pas tensometryczny,-5188138,-5188138,true
session_20260821_142610_P001,1088,109066,2026-08-21T14:28:00.007818,Pas tensometryczny,-5188826,-5188826,true
session_20260821_142610_P001,1089,109280,2026-08-21T14:28:00.221786,Pas tensometryczny,-5189075,-5189075,true
session_20260821_142610_P001,1090,109281,2026-08-21T14:28:00.222459,Pas tensometryczny,-5189764,-5189764,true
session_20260821_142610_P001,1091,109386,2026-08-21T14:28:00.328086,Pas tensometryczny,-5189932,-5189932,true
session_20260821_142610_P001,1092,109489,2026-08-21T14:28:00.430928,Pas tensometryczny,-5190457,-5190457,true
session_20260821_142610_P001,1093,109591,2026-08-21T14:28:00.532661,Pas tensometryczny,-5190083,-5190083,true
session_20260821_142610_P001,1094,109723,2026-08-21T14:28:00.664446,Pas tensometryczny,-5188892,-5188892,true
session_20260821_142610_P001,1095,109771,2026-08-21T14:28:00.712783,Pas tensometryczny,-5188444,-5188444,true
session_20260821_142610_P001,1096,109861,2026-08-21T14:28:00.802586,Pas tensometryczny,-5188269,-5188269,true
session_20260821_142610_P001,1097,109956,2026-08-21T14:28:00.897781,Pas tensometryczny,-5188666,-5188666,true
session_20260821_142610_P001,1098,110108,2026-08-21T14:28:01.050105,Pas tensometryczny,-5187869,-5187869,true
session_20260821_142610_P001,1099,110178,2026-08-21T14:28:01.119417,Pas tensometryczny,-5187966,-5187966,true
session_20260821_142610_P001,1100,110269,2026-08-21T14:28:01.210758,Pas tensometryczny,-5188352,-5188352,true
session_20260821_142610_P001,1101,110357,2026-08-21T14:28:01.298466,Pas tensometryczny,-5187913,-5187913,true
session_20260821_142610_P001,1102,110491,2026-08-21T14:28:01.432697,Pas tensometryczny,-5187346,-5187346,true
session_20260821_142610_P001,1103,110589,2026-08-21T14:28:01.530888,Pas tensometryczny,-5186887,-5186887,true
session_20260821_142610_P001,1104,110674,2026-08-21T14:28:01.615760,Pas tensometryczny,-5186764,-5186764,true
session_20260821_142610_P001,1105,110789,2026-08-21T14:28:01.731041,Pas tensometryczny,-5186727,-5186727,true
session_20260821_142610_P001,1106,110891,2026-08-21T14:28:01.832566,Pas tensometryczny,-5186270,-5186270,true
session_20260821_142610_P001,1107,111030,2026-08-21T14:28:01.971492,Pas tensometryczny,-5186604,-5186604,true
session_20260821_142610_P001,1108,111098,2026-08-21T14:28:02.039733,Pas tensometryczny,-5187892,-5187892,true
session_20260821_142610_P001,1109,111242,2026-08-21T14:28:02.183385,Pas tensometryczny,-5189078,-5189078,true
session_20260821_142610_P001,1110,111286,2026-08-21T14:28:02.227536,Pas tensometryczny,-5188727,-5188727,true
session_20260821_142610_P001,1111,111427,2026-08-21T14:28:02.368990,Pas tensometryczny,-5188738,-5188738,true
session_20260821_142610_P001,1112,111483,2026-08-21T14:28:02.424534,Pas tensometryczny,-5188978,-5188978,true
session_20260821_142610_P001,1113,111572,2026-08-21T14:28:02.513639,Pas tensometryczny,-5189230,-5189230,true
session_20260821_142610_P001,1114,111752,2026-08-21T14:28:02.693222,Pas tensometryczny,-5189468,-5189468,true
session_20260821_142610_P001,1115,111797,2026-08-21T14:28:02.739055,Pas tensometryczny,-5189904,-5189904,true
session_20260821_142610_P001,1116,111903,2026-08-21T14:28:02.844989,Pas tensometryczny,-5190603,-5190603,true
session_20260821_142610_P001,1117,111980,2026-08-21T14:28:02.921543,Pas tensometryczny,-5191547,-5191547,true
session_20260821_142610_P001,1118,112075,2026-08-21T14:28:03.016303,Pas tensometryczny,-5192488,-5192488,true
session_20260821_142610_P001,1119,112190,2026-08-21T14:28:03.131516,Pas tensometryczny,-5192246,-5192246,true
session_20260821_142610_P001,1120,112337,2026-08-21T14:28:03.278372,Pas tensometryczny,-5192032,-5192032,true
session_20260821_142610_P001,1121,112383,2026-08-21T14:28:03.324209,Pas tensometryczny,-5191334,-5191334,true
session_20260821_142610_P001,1122,112480,2026-08-21T14:28:03.421472,Pas tensometryczny,-5191398,-5191398,true
session_20260821_142610_P001,1123,112570,2026-08-21T14:28:03.511707,Pas tensometryczny,-5190737,-5190737,true
session_20260821_142610_P001,1124,112716,2026-08-21T14:28:03.658171,Pas tensometryczny,-5189310,-5189310,true
session_20260821_142610_P001,1125,112797,2026-08-21T14:28:03.738801,Pas tensometryczny,-5189008,-5189008,true
session_20260821_142610_P001,1126,112888,2026-08-21T14:28:03.830079,Pas tensometryczny,-5189173,-5189173,true
session_20260821_142610_P001,1127,112967,2026-08-21T14:28:03.908741,Pas tensometryczny,-5188171,-5188171,true
session_20260821_142610_P001,1128,113121,2026-08-21T14:28:04.063091,Pas tensometryczny,-5187677,-5187677,true
session_20260821_142610_P001,1129,113194,2026-08-21T14:28:04.135285,Pas tensometryczny,-5187291,-5187291,true
session_20260821_142610_P001,1130,113306,2026-08-21T14:28:04.247783,Pas tensometryczny,-5187755,-5187755,true
session_20260821_142610_P001,1131,113376,2026-08-21T14:28:04.318159,Pas tensometryczny,-5187433,-5187433,true
session_20260821_142610_P001,1132,113508,2026-08-21T14:28:04.449873,Pas tensometryczny,-5186436,-5186436,true
session_20260821_142610_P001,1133,113596,2026-08-21T14:28:04.538098,Pas tensometryczny,-5186062,-5186062,true
session_20260821_142610_P001,1134,113710,2026-08-21T14:28:04.651639,Pas tensometryczny,-5186557,-5186557,true
session_20260821_142610_P001,1135,113786,2026-08-21T14:28:04.727467,Pas tensometryczny,-5186624,-5186624,true
session_20260821_142610_P001,1136,113887,2026-08-21T14:28:04.828888,Pas tensometryczny,-5186635,-5186635,true
session_20260821_142610_P001,1137,114001,2026-08-21T14:28:04.943194,Pas tensometryczny,-5186812,-5186812,true
session_20260821_142610_P001,1138,114112,2026-08-21T14:28:05.053719,Pas tensometryczny,-5187730,-5187730,true
session_20260821_142610_P001,1139,114185,2026-08-21T14:28:05.126838,Pas tensometryczny,-5188603,-5188603,true
session_20260821_142610_P001,1140,114287,2026-08-21T14:28:05.229158,Pas tensometryczny,-5188823,-5188823,true
session_20260821_142610_P001,1141,114395,2026-08-21T14:28:05.336668,Pas tensometryczny,-5189083,-5189083,true
session_20260821_142610_P001,1142,114519,2026-08-21T14:28:05.460815,Pas tensometryczny,-5189471,-5189471,true
session_20260821_142610_P001,1143,114607,2026-08-21T14:28:05.549189,Pas tensometryczny,-5190294,-5190294,true
session_20260821_142610_P001,1144,114723,2026-08-21T14:28:05.664621,Pas tensometryczny,-5190100,-5190100,true
session_20260821_142610_P001,1145,114859,2026-08-21T14:28:05.801041,Pas tensometryczny,-5190195,-5190195,true
session_20260821_142610_P001,1146,114947,2026-08-21T14:28:05.889202,Pas tensometryczny,-5190444,-5190444,true
session_20260821_142610_P001,1147,115172,2026-08-21T14:28:06.113610,Pas tensometryczny,-5191385,-5191385,true
session_20260821_142610_P001,1148,115172,2026-08-21T14:28:06.114149,Pas tensometryczny,-5191726,-5191726,true
session_20260821_142610_P001,1149,115173,2026-08-21T14:28:06.114735,Pas tensometryczny,-5191989,-5191989,true
session_20260821_142610_P001,1150,115308,2026-08-21T14:28:06.250081,Pas tensometryczny,-5192146,-5192146,true
session_20260821_142610_P001,1151,115416,2026-08-21T14:28:06.357239,Pas tensometryczny,-5191850,-5191850,true
session_20260821_142610_P001,1152,115578,2026-08-21T14:28:06.519364,Pas tensometryczny,-5190523,-5190523,true
session_20260821_142610_P001,1153,115579,2026-08-21T14:28:06.520416,Pas tensometryczny,-5190035,-5190035,true
session_20260821_142610_P001,1154,115716,2026-08-21T14:28:06.657463,Pas tensometryczny,-5189334,-5189334,true
session_20260821_142610_P001,1155,115849,2026-08-21T14:28:06.790972,Pas tensometryczny,-5189534,-5189534,true
session_20260821_142610_P001,1156,115895,2026-08-21T14:28:06.836510,Pas tensometryczny,-5188705,-5188705,true
session_20260821_142610_P001,1157,115982,2026-08-21T14:28:06.923855,Pas tensometryczny,-5188165,-5188165,true
session_20260821_142610_P001,1158,116092,2026-08-21T14:28:07.033511,Pas tensometryczny,-5187764,-5187764,true
session_20260821_142610_P001,1159,116235,2026-08-21T14:28:07.176781,Pas tensometryczny,-5187676,-5187676,true
session_20260821_142610_P001,1160,116348,2026-08-21T14:28:07.289336,Pas tensometryczny,-5187767,-5187767,true
session_20260821_142610_P001,1161,116389,2026-08-21T14:28:07.330572,Pas tensometryczny,-5187192,-5187192,true
session_20260821_142610_P001,1162,116489,2026-08-21T14:28:07.430745,Pas tensometryczny,-5187268,-5187268,true
session_20260821_142610_P001,1163,116581,2026-08-21T14:28:07.523033,Pas tensometryczny,-5187684,-5187684,true
session_20260821_142610_P001,1164,116711,2026-08-21T14:28:07.652382,Pas tensometryczny,-5188621,-5188621,true
session_20260821_142610_P001,1165,116829,2026-08-21T14:28:07.771109,Pas tensometryczny,-5189457,-5189457,true
session_20260821_142610_P001,1166,116884,2026-08-21T14:28:07.825651,Pas tensometryczny,-5189253,-5189253,true
session_20260821_142610_P001,1167,117013,2026-08-21T14:28:07.954487,Pas tensometryczny,-5189177,-5189177,true
session_20260821_142610_P001,1168,117242,2026-08-21T14:28:08.183213,Pas tensometryczny,-5189862,-5189862,true
session_20260821_142610_P001,1169,117244,2026-08-21T14:28:08.185979,Pas tensometryczny,-5190720,-5190720,true
session_20260821_142610_P001,1170,117291,2026-08-21T14:28:08.232393,Pas tensometryczny,-5190657,-5190657,true
session_20260821_142610_P001,1171,117467,2026-08-21T14:28:08.408747,Pas tensometryczny,-5190091,-5190091,true
session_20260821_142610_P001,1172,117557,2026-08-21T14:28:08.499100,Pas tensometryczny,-5189522,-5189522,true
session_20260821_142610_P001,1173,117609,2026-08-21T14:28:08.550822,Pas tensometryczny,-5189422,-5189422,true
session_20260821_142610_P001,1174,117781,2026-08-21T14:28:08.722209,Pas tensometryczny,-5189854,-5189854,true
session_20260821_142610_P001,1175,117781,2026-08-21T14:28:08.722848,Pas tensometryczny,-5189971,-5189971,true
session_20260821_142610_P001,1176,117886,2026-08-21T14:28:08.827810,Pas tensometryczny,-5190750,-5190750,true
session_20260821_142610_P001,1177,118010,2026-08-21T14:28:08.951494,Pas tensometryczny,-5191813,-5191813,true
session_20260821_142610_P001,1178,118151,2026-08-21T14:28:09.092635,Pas tensometryczny,-5191967,-5191967,true
session_20260821_142610_P001,1179,118191,2026-08-21T14:28:09.132419,Pas tensometryczny,-5191082,-5191082,true
session_20260821_142610_P001,1180,118305,2026-08-21T14:28:09.246981,Pas tensometryczny,-5191048,-5191048,true
session_20260821_142610_P001,1181,118412,2026-08-21T14:28:09.354201,Pas tensometryczny,-5190986,-5190986,true
session_20260821_142610_P001,1182,118521,2026-08-21T14:28:09.462927,Pas tensometryczny,-5191171,-5191171,true
session_20260821_142610_P001,1183,118592,2026-08-21T14:28:09.533906,Pas tensometryczny,-5190346,-5190346,true
session_20260821_142610_P001,1184,118684,2026-08-21T14:28:09.625560,Pas tensometryczny,-5189636,-5189636,true
session_20260821_142610_P001,1185,118781,2026-08-21T14:28:09.723033,Pas tensometryczny,-5189102,-5189102,true
session_20260821_142610_P001,1186,118908,2026-08-21T14:28:09.849727,Pas tensometryczny,-5189130,-5189130,true
session_20260821_142610_P001,1187,119086,2026-08-21T14:28:10.027238,Pas tensometryczny,-5189248,-5189248,true
session_20260821_142610_P001,1188,119086,2026-08-21T14:28:10.027788,Pas tensometryczny,-5188222,-5188222,true
session_20260821_142610_P001,1189,119179,2026-08-21T14:28:10.120991,Pas tensometryczny,-5187694,-5187694,true
session_20260821_142610_P001,1190,119321,2026-08-21T14:28:10.262886,Pas tensometryczny,-5187498,-5187498,true
session_20260821_142610_P001,1191,119416,2026-08-21T14:28:10.358034,Pas tensometryczny,-5188067,-5188067,true
session_20260821_142610_P001,1192,119492,2026-08-21T14:28:10.433363,Pas tensometryczny,-5187409,-5187409,true
session_20260821_142610_P001,1193,119589,2026-08-21T14:28:10.531084,Pas tensometryczny,-5186875,-5186875,true
session_20260821_142610_P001,1194,119720,2026-08-21T14:28:10.662159,Pas tensometryczny,-5186791,-5186791,true
session_20260821_142610_P001,1195,119808,2026-08-21T14:28:10.749285,Pas tensometryczny,-5187325,-5187325,true
session_20260821_142610_P001,1196,119941,2026-08-21T14:28:10.882254,Pas tensometryczny,-5187334,-5187334,true
session_20260821_142610_P001,1197,119988,2026-08-21T14:28:10.930067,Pas tensometryczny,-5186572,-5186572,true
session_20260821_142610_P001,1198,120106,2026-08-21T14:28:11.047666,Pas tensometryczny,-5185973,-5185973,true
session_20260821_142610_P001,1199,120221,2026-08-21T14:28:11.162794,Pas tensometryczny,-5186027,-5186027,true
session_20260821_142610_P001,1200,120310,2026-08-21T14:28:11.251890,Pas tensometryczny,-5187255,-5187255,true
session_20260821_142610_P001,1201,120405,2026-08-21T14:28:11.346259,Pas tensometryczny,-5187986,-5187986,true
session_20260821_142610_P001,1202,120530,2026-08-21T14:28:11.471661,Pas tensometryczny,-5188406,-5188406,true
session_20260821_142610_P001,1203,120640,2026-08-21T14:28:11.581253,Pas tensometryczny,-5189132,-5189132,true
session_20260821_142610_P001,1204,120709,2026-08-21T14:28:11.650220,Pas tensometryczny,-5189356,-5189356,true
session_20260821_142610_P001,1205,120846,2026-08-21T14:28:11.787379,Pas tensometryczny,-5189412,-5189412,true
session_20260821_142610_P001,1206,120908,2026-08-21T14:28:11.850034,Pas tensometryczny,-5190255,-5190255,true
session_20260821_142610_P001,1207,121051,2026-08-21T14:28:11.992646,Pas tensometryczny,-5191324,-5191324,true
session_20260821_142610_P001,1208,121111,2026-08-21T14:28:12.052556,Pas tensometryczny,-5192874,-5192874,true
session_20260821_142610_P001,1209,121382,2026-08-21T14:28:12.323485,Pas tensometryczny,-5192384,-5192384,true
session_20260821_142610_P001,1210,121383,2026-08-21T14:28:12.324425,Pas tensometryczny,-5191943,-5191943,true
session_20260821_142610_P001,1211,121383,2026-08-21T14:28:12.325004,Pas tensometryczny,-5191522,-5191522,true
session_20260821_142610_P001,1212,121533,2026-08-21T14:28:12.474822,Pas tensometryczny,-5190831,-5190831,true
session_20260821_142610_P001,1213,121699,2026-08-21T14:28:12.641184,Pas tensometryczny,-5190964,-5190964,true
session_20260821_142610_P001,1214,121700,2026-08-21T14:28:12.641798,Pas tensometryczny,-5190117,-5190117,true
session_20260821_142610_P001,1215,121806,2026-08-21T14:28:12.747821,Pas tensometryczny,-5189316,-5189316,true
session_20260821_142610_P001,1216,121926,2026-08-21T14:28:12.867592,Pas tensometryczny,-5188925,-5188925,true
session_20260821_142610_P001,1217,122046,2026-08-21T14:28:12.987852,Pas tensometryczny,-5188925,-5188925,true
session_20260821_142610_P001,1218,122142,2026-08-21T14:28:13.084068,Pas tensometryczny,-5188184,-5188184,true
session_20260821_142610_P001,1219,122215,2026-08-21T14:28:13.156656,Pas tensometryczny,-5187549,-5187549,true
session_20260821_142610_P001,1220,122280,2026-08-21T14:28:13.221845,Pas tensometryczny,-5187004,-5187004,true
session_20260821_142610_P001,1221,122417,2026-08-21T14:28:13.359091,Pas tensometryczny,-5186909,-5186909,true
session_20260821_142610_P001,1222,122544,2026-08-21T14:28:13.485445,Pas tensometryczny,-5187348,-5187348,true
session_20260821_142610_P001,1223,122597,2026-08-21T14:28:13.538871,Pas tensometryczny,-5186412,-5186412,true
session_20260821_142610_P001,1224,122689,2026-08-21T14:28:13.630390,Pas tensometryczny,-5185899,-5185899,true
session_20260821_142610_P001,1225,122824,2026-08-21T14:28:13.765648,Pas tensometryczny,-5185652,-5185652,true
session_20260821_142610_P001,1226,122918,2026-08-21T14:28:13.859809,Pas tensometryczny,-5186356,-5186356,true
session_20260821_142610_P001,1227,123017,2026-08-21T14:28:13.959128,Pas tensometryczny,-5186757,-5186757,true
session_20260821_142610_P001,1228,123115,2026-08-21T14:28:14.056816,Pas tensometryczny,-5187480,-5187480,true
session_20260821_142610_P001,1229,123228,2026-08-21T14:28:14.169951,Pas tensometryczny,-5188576,-5188576,true
session_20260821_142610_P001,1230,123334,2026-08-21T14:28:14.275789,Pas tensometryczny,-5189079,-5189079,true
session_20260821_142610_P001,1231,123447,2026-08-21T14:28:14.388279,Pas tensometryczny,-5189011,-5189011,true
session_20260821_142610_P001,1232,123496,2026-08-21T14:28:14.437548,Pas tensometryczny,-5189036,-5189036,true
session_20260821_142610_P001,1233,123587,2026-08-21T14:28:14.528712,Pas tensometryczny,-5188940,-5188940,true
session_20260821_142610_P001,1234,123722,2026-08-21T14:28:14.663458,Pas tensometryczny,-5189820,-5189820,true
session_20260821_142610_P001,1235,123814,2026-08-21T14:28:14.756080,Pas tensometryczny,-5190536,-5190536,true
session_20260821_142610_P001,1236,123903,2026-08-21T14:28:14.844711,Pas tensometryczny,-5191148,-5191148,true
session_20260821_142610_P001,1237,124003,2026-08-21T14:28:14.944804,Pas tensometryczny,-5191681,-5191681,true
session_20260821_142610_P001,1238,124132,2026-08-21T14:28:15.073699,Pas tensometryczny,-5192032,-5192032,true
session_20260821_142610_P001,1239,124248,2026-08-21T14:28:15.189857,Pas tensometryczny,-5192205,-5192205,true
session_20260821_142610_P001,1240,124311,2026-08-21T14:28:15.252620,Pas tensometryczny,-5192987,-5192987,true
session_20260821_142610_P001,1241,124432,2026-08-21T14:28:15.373701,Pas tensometryczny,-5192984,-5192984,true
session_20260821_142610_P001,1242,124502,2026-08-21T14:28:15.443791,Pas tensometryczny,-5192737,-5192737,true
session_20260821_142610_P001,1243,124623,2026-08-21T14:28:15.564303,Pas tensometryczny,-5192234,-5192234,true
session_20260821_142610_P001,1244,124741,2026-08-21T14:28:15.682284,Pas tensometryczny,-5191279,-5191279,true
session_20260821_142610_P001,1245,124805,2026-08-21T14:28:15.747021,Pas tensometryczny,-5190751,-5190751,true
session_20260821_142610_P001,1246,124897,2026-08-21T14:28:15.839158,Pas tensometryczny,-5191047,-5191047,true
session_20260821_142610_P001,1247,125074,2026-08-21T14:28:16.016061,Pas tensometryczny,-5190826,-5190826,true
session_20260821_142610_P001,1248,125139,2026-08-21T14:28:16.081001,Pas tensometryczny,-5189637,-5189637,true
session_20260821_142610_P001,1249,125207,2026-08-21T14:28:16.148783,Pas tensometryczny,-5189726,-5189726,true
session_20260821_142610_P001,1250,125316,2026-08-21T14:28:16.257549,Pas tensometryczny,-5189481,-5189481,true
session_20260821_142610_P001,1251,125432,2026-08-21T14:28:16.373225,Pas tensometryczny,-5189317,-5189317,true
session_20260821_142610_P001,1252,125524,2026-08-21T14:28:16.465767,Pas tensometryczny,-5188014,-5188014,true
session_20260821_142610_P001,1253,125625,2026-08-21T14:28:16.566522,Pas tensometryczny,-5187740,-5187740,true
session_20260821_142610_P001,1254,125731,2026-08-21T14:28:16.672429,Pas tensometryczny,-5188206,-5188206,true
session_20260821_142610_P001,1255,125838,2026-08-21T14:28:16.779866,Pas tensometryczny,-5188062,-5188062,true
session_20260821_142610_P001,1256,125997,2026-08-21T14:28:16.939034,Pas tensometryczny,-5187976,-5187976,true
session_20260821_142610_P001,1257,126049,2026-08-21T14:28:16.990838,Pas tensometryczny,-5188873,-5188873,true
session_20260821_142610_P001,1258,126106,2026-08-21T14:28:17.047404,Pas tensometryczny,-5189517,-5189517,true
session_20260821_142610_P001,1259,126204,2026-08-21T14:28:17.145812,Pas tensometryczny,-5190321,-5190321,true
session_20260821_142610_P001,1260,126366,2026-08-21T14:28:17.307804,Pas tensometryczny,-5190310,-5190310,true
session_20260821_142610_P001,1261,126420,2026-08-21T14:28:17.361887,Pas tensometryczny,-5190514,-5190514,true
session_20260821_142610_P001,1262,126514,2026-08-21T14:28:17.455386,Pas tensometryczny,-5190809,-5190809,true
session_20260821_142610_P001,1263,126608,2026-08-21T14:28:17.549377,Pas tensometryczny,-5191386,-5191386,true
session_20260821_142610_P001,1264,126691,2026-08-21T14:28:17.632739,Pas tensometryczny,-5191517,-5191517,true
session_20260821_142610_P001,1265,126826,2026-08-21T14:28:17.767476,Pas tensometryczny,-5190753,-5190753,true
session_20260821_142610_P001,1266,126926,2026-08-21T14:28:17.867455,Pas tensometryczny,-5190801,-5190801,true
session_20260821_142610_P001,1267,127041,2026-08-21T14:28:17.982837,Pas tensometryczny,-5190986,-5190986,true
session_20260821_142610_P001,1268,127096,2026-08-21T14:28:18.037630,Pas tensometryczny,-5191588,-5191588,true
session_20260821_142610_P001,1269,127232,2026-08-21T14:28:18.173288,Pas tensometryczny,-5192419,-5192419,true
session_20260821_142610_P001,1270,127355,2026-08-21T14:28:18.296952,Pas tensometryczny,-5192752,-5192752,true
session_20260821_142610_P001,1271,127462,2026-08-21T14:28:18.403929,Pas tensometryczny,-5192638,-5192638,true
session_20260821_142610_P001,1272,127504,2026-08-21T14:28:18.445297,Pas tensometryczny,-5192589,-5192589,true
session_20260821_142610_P001,1273,127682,2026-08-21T14:28:18.623407,Pas tensometryczny,-5192383,-5192383,true
session_20260821_142610_P001,1274,127744,2026-08-21T14:28:18.686064,Pas tensometryczny,-5192271,-5192271,true
session_20260821_142610_P001,1275,127816,2026-08-21T14:28:18.757313,Pas tensometryczny,-5192518,-5192518,true
session_20260821_142610_P001,1276,127906,2026-08-21T14:28:18.847970,Pas tensometryczny,-5192317,-5192317,true
session_20260821_142610_P001,1277,128026,2026-08-21T14:28:18.967474,Pas tensometryczny,-5192532,-5192532,true
session_20260821_142610_P001,1278,128215,2026-08-21T14:28:19.156768,Pas tensometryczny,-5191069,-5191069,true
session_20260821_142610_P001,1279,128249,2026-08-21T14:28:19.191116,Pas tensometryczny,-5190600,-5190600,true
session_20260821_142610_P001,1280,128350,2026-08-21T14:28:19.291478,Pas tensometryczny,-5190589,-5190589,true
session_20260821_142610_P001,1281,128400,2026-08-21T14:28:19.341707,Pas tensometryczny,-5189884,-5189884,true
session_20260821_142610_P001,1282,128586,2026-08-21T14:28:19.527740,Pas tensometryczny,-5189316,-5189316,true
session_20260821_142610_P001,1283,128644,2026-08-21T14:28:19.585533,Pas tensometryczny,-5188962,-5188962,true
session_20260821_142610_P001,1284,128717,2026-08-21T14:28:19.658922,Pas tensometryczny,-5188313,-5188313,true
session_20260821_142610_P001,1285,128876,2026-08-21T14:28:19.817608,Pas tensometryczny,-5187843,-5187843,true
session_20260821_142610_P001,1286,128919,2026-08-21T14:28:19.861076,Pas tensometryczny,-5186782,-5186782,true
session_20260821_142610_P001,1287,129034,2026-08-21T14:28:19.976184,Pas tensometryczny,-5185995,-5185995,true
session_20260821_142610_P001,1288,129122,2026-08-21T14:28:20.063798,Pas tensometryczny,-5186264,-5186264,true
session_20260821_142610_P001,1289,129227,2026-08-21T14:28:20.169041,Pas tensometryczny,-5187590,-5187590,true
session_20260821_142610_P001,1290,129332,2026-08-21T14:28:20.273532,Pas tensometryczny,-5186778,-5186778,true
session_20260821_142610_P001,1291,129437,2026-08-21T14:28:20.378777,Pas tensometryczny,-5185915,-5185915,true
session_20260821_142610_P001,1292,129562,2026-08-21T14:28:20.504076,Pas tensometryczny,-5185636,-5185636,true
session_20260821_142610_P001,1293,129631,2026-08-21T14:28:20.572843,Pas tensometryczny,-5187263,-5187263,true
session_20260821_142610_P001,1294,129750,2026-08-21T14:28:20.691765,Pas tensometryczny,-5187831,-5187831,true
session_20260821_142610_P001,1295,129889,2026-08-21T14:28:20.831027,Pas tensometryczny,-5187484,-5187484,true
session_20260821_142610_P001,1296,129954,2026-08-21T14:28:20.895402,Pas tensometryczny,-5188273,-5188273,true
session_20260821_142610_P001,1297,130027,2026-08-21T14:28:20.968221,Pas tensometryczny,-5189837,-5189837,true
