session_id,sample_index,timestamp_ms,datetime_iso,device_name,raw_payload,raw_hx711,parse_ok
session_20260625_195259_P001,0,88,2026-06-25T19:52:59.533307,Pas tensometryczny,-5198869,-5198869,true
session_20260625_195259_P001,1,164,2026-06-25T19:52:59.609426,Pas tensometryczny,-5198422,-5198422,true
session_20260625_195259_P001,2,273,2026-06-25T19:52:59.718134,Pas tensometryczny,-5198059,-5198059,true
session_20260625_195259_P001,3,337,2026-06-25T19:52:59.782252,Pas tensometryczny,-5197721,-5197721,true
session_20260625_195259_P001,4,480,2026-06-25T19:52:59.924847,Pas tensometryczny,-5197159,-5197159,true
session_20260625_195259_P001,5,603,2026-06-25T19:53:00.048693,Pas tensometryczny,-5196574,-5196574,true
session_20260625_195259_P001,6,670,2026-06-25T19:53:00.115288,Pas tensometryczny,-5196355,-5196355,true
session_20260625_195259_P001,7,740,2026-06-25T19:53:00.185237,Pas tensometryczny,-5196402,-5196402,true
session_20260625_195259_P001,8,827,2026-06-25T19:53:00.271888,Pas tensometryczny,-5196535,-5196535,true
session_20260625_195259_P001,9,964,2026-06-25T19:53:00.408812,Pas tensometryczny,-5196407,-5196407,true
session_20260625_195259_P001,10,1056,2026-06-25T19:53:00.501364,Pas tensometryczny,-5195732,-5195732,true
session_20260625_195259_P001,11,1146,2026-06-25T19:53:00.590868,Pas tensometryczny,-5194995,-5194995,true
session_20260625_195259_P001,12,1273,2026-06-25T19:53:00.718208,Pas tensometryczny,-5194320,-5194320,true
session_20260625_195259_P001,13,1371,2026-06-25T19:53:00.815802,Pas tensometryczny,-5193649,-5193649,true
session_20260625_195259_P001,14,1459,2026-06-25T19:53:00.903879,Pas tensometryczny,-5192967,-5192967,true
session_20260625_195259_P001,15,1571,2026-06-25T19:53:01.016396,Pas tensometryczny,-5192332,-5192332,true
session_20260625_195259_P001,16,1637,2026-06-25T19:53:01.082467,Pas tensometryczny,-5191949,-5191949,true
session_20260625_195259_P001,17,1773,2026-06-25T19:53:01.217986,Pas tensometryczny,-5191466,-5191466,true
session_20260625_195259_P001,18,1861,2026-06-25T19:53:01.306494,Pas tensometryczny,-5190974,-5190974,true
session_20260625_195259_P001,19,1953,2026-06-25T19:53:01.398108,Pas tensometryczny,-5190626,-5190626,true
session_20260625_195259_P001,20,2055,2026-06-25T19:53:01.500114,Pas tensometryczny,-5190317,-5190317,true
session_20260625_195259_P001,21,2132,2026-06-25T19:53:01.577035,Pas tensometryczny,-5190051,-5190051,true
session_20260625_195259_P001,22,2268,2026-06-25T19:53:01.713402,Pas tensometryczny,-5189950,-5189950,true
session_20260625_195259_P001,23,2358,2026-06-25T19:53:01.802932,Pas tensometryczny,-5190128,-5190128,true
session_20260625_195259_P001,24,2449,2026-06-25T19:53:01.894009,Pas tensometryczny,-5190846,-5190846,true
session_20260625_195259_P001,25,2543,2026-06-25T19:53:01.987785,Pas tensometryczny,-5192940,-5192940,true
session_20260625_195259_P001,26,2696,2026-06-25T19:53:02.141106,Pas tensometryczny,-5193769,-5193769,true
session_20260625_195259_P001,27,2763,2026-06-25T19:53:02.208657,Pas tensometryczny,-5194441,-5194441,true
session_20260625_195259_P001,28,2854,2026-06-25T19:53:02.299283,Pas tensometryczny,-5195284,-5195284,true
session_20260625_195259_P001,29,2960,2026-06-25T19:53:02.404918,Pas tensometryczny,-5195889,-5195889,true
session_20260625_195259_P001,30,3055,2026-06-25T19:53:02.500692,Pas tensometryczny,-5196310,-5196310,true
session_20260625_195259_P001,31,3199,2026-06-25T19:53:02.644122,Pas tensometryczny,-5196689,-5196689,true
session_20260625_195259_P001,32,3258,2026-06-25T19:53:02.702754,Pas tensometryczny,-5197187,-5197187,true
session_20260625_195259_P001,33,3393,2026-06-25T19:53:02.838097,Pas tensometryczny,-5197607,-5197607,true
session_20260625_195259_P001,34,3439,2026-06-25T19:53:02.884302,Pas tensometryczny,-5198077,-5198077,true
session_20260625_195259_P001,35,3589,2026-06-25T19:53:03.034136,Pas tensometryczny,-5198611,-5198611,true
session_20260625_195259_P001,36,3684,2026-06-25T19:53:03.129135,Pas tensometryczny,-5198988,-5198988,true
session_20260625_195259_P001,37,3785,2026-06-25T19:53:03.230422,Pas tensometryczny,-5199439,-5199439,true
session_20260625_195259_P001,38,3841,2026-06-25T19:53:03.286676,Pas tensometryczny,-5199910,-5199910,true
session_20260625_195259_P001,39,4005,2026-06-25T19:53:03.450460,Pas tensometryczny,-5200427,-5200427,true
session_20260625_195259_P001,40,4075,2026-06-25T19:53:03.519949,Pas tensometryczny,-5200902,-5200902,true
session_20260625_195259_P001,41,4164,2026-06-25T19:53:03.609434,Pas tensometryczny,-5201420,-5201420,true
session_20260625_195259_P001,42,4268,2026-06-25T19:53:03.713142,Pas tensometryczny,-5201967,-5201967,true
session_20260625_195259_P001,43,4356,2026-06-25T19:53:03.800997,Pas tensometryczny,-5202329,-5202329,true
session_20260625_195259_P001,44,4502,2026-06-25T19:53:03.947257,Pas tensometryczny,-5202662,-5202662,true
session_20260625_195259_P001,45,4562,2026-06-25T19:53:04.007153,Pas tensometryczny,-5203206,-5203206,true
session_20260625_195259_P001,46,4673,2026-06-25T19:53:04.117943,Pas tensometryczny,-5203691,-5203691,true
session_20260625_195259_P001,47,4766,2026-06-25T19:53:04.211127,Pas tensometryczny,-5204164,-5204164,true
session_20260625_195259_P001,48,4888,2026-06-25T19:53:04.332790,Pas tensometryczny,-5204652,-5204652,true
session_20260625_195259_P001,49,4987,2026-06-25T19:53:04.432384,Pas tensometryczny,-5205200,-5205200,true
session_20260625_195259_P001,50,5082,2026-06-25T19:53:04.527629,Pas tensometryczny,-5205529,-5205529,true
session_20260625_195259_P001,51,5147,2026-06-25T19:53:04.592283,Pas tensometryczny,-5206011,-5206011,true
session_20260625_195259_P001,52,5244,2026-06-25T19:53:04.688730,Pas tensometryczny,-5206058,-5206058,true
session_20260625_195259_P001,53,5387,2026-06-25T19:53:04.832300,Pas tensometryczny,-5205516,-5205516,true
session_20260625_195259_P001,54,5500,2026-06-25T19:53:04.945339,Pas tensometryczny,-5204533,-5204533,true
session_20260625_195259_P001,55,5552,2026-06-25T19:53:04.996736,Pas tensometryczny,-5203443,-5203443,true
session_20260625_195259_P001,56,5668,2026-06-25T19:53:05.113177,Pas tensometryczny,-5202220,-5202220,true
session_20260625_195259_P001,57,5792,2026-06-25T19:53:05.237454,Pas tensometryczny,-5201101,-5201101,true
session_20260625_195259_P001,58,5895,2026-06-25T19:53:05.340222,Pas tensometryczny,-5200182,-5200182,true
session_20260625_195259_P001,59,5968,2026-06-25T19:53:05.413305,Pas tensometryczny,-5199276,-5199276,true
session_20260625_195259_P001,60,6064,2026-06-25T19:53:05.509159,Pas tensometryczny,-5198401,-5198401,true
session_20260625_195259_P001,61,6185,2026-06-25T19:53:05.630400,Pas tensometryczny,-5197715,-5197715,true
session_20260625_195259_P001,62,6272,2026-06-25T19:53:05.717275,Pas tensometryczny,-5197117,-5197117,true
session_20260625_195259_P001,63,6367,2026-06-25T19:53:05.812706,Pas tensometryczny,-5196439,-5196439,true
session_20260625_195259_P001,64,6452,2026-06-25T19:53:05.896778,Pas tensometryczny,-5195674,-5195674,true
session_20260625_195259_P001,65,6544,2026-06-25T19:53:05.989226,Pas tensometryczny,-5195030,-5195030,true
session_20260625_195259_P001,66,6712,2026-06-25T19:53:06.156900,Pas tensometryczny,-5194416,-5194416,true
session_20260625_195259_P001,67,6767,2026-06-25T19:53:06.211880,Pas tensometryczny,-5193894,-5193894,true
session_20260625_195259_P001,68,6863,2026-06-25T19:53:06.307795,Pas tensometryczny,-5193600,-5193600,true
session_20260625_195259_P001,69,6952,2026-06-25T19:53:06.397127,Pas tensometryczny,-5193169,-5193169,true
session_20260625_195259_P001,70,7121,2026-06-25T19:53:06.566094,Pas tensometryczny,-5192611,-5192611,true
session_20260625_195259_P001,71,7176,2026-06-25T19:53:06.620927,Pas tensometryczny,-5192029,-5192029,true
session_20260625_195259_P001,72,7263,2026-06-25T19:53:06.708647,Pas tensometryczny,-5191420,-5191420,true
session_20260625_195259_P001,73,7359,2026-06-25T19:53:06.804134,Pas tensometryczny,-5190998,-5190998,true
session_20260625_195259_P001,74,7444,2026-06-25T19:53:06.888952,Pas tensometryczny,-5190671,-5190671,true
session_20260625_195259_P001,75,7604,2026-06-25T19:53:07.049313,Pas tensometryczny,-5190288,-5190288,true
session_20260625_195259_P001,76,7698,2026-06-25T19:53:07.143530,Pas tensometryczny,-5189824,-5189824,true
session_20260625_195259_P001,77,7758,2026-06-25T19:53:07.202740,Pas tensometryczny,-5188675,-5188675,true
session_20260625_195259_P001,78,7858,2026-06-25T19:53:07.302884,Pas tensometryczny,-5188278,-5188278,true
session_20260625_195259_P001,79,8025,2026-06-25T19:53:07.470607,Pas tensometryczny,-5188033,-5188033,true
session_20260625_195259_P001,80,8074,2026-06-25T19:53:07.518809,Pas tensometryczny,-5187920,-5187920,true
session_20260625_195259_P001,81,8170,2026-06-25T19:53:07.614736,Pas tensometryczny,-5187906,-5187906,true
session_20260625_195259_P001,82,8262,2026-06-25T19:53:07.707156,Pas tensometryczny,-5187824,-5187824,true
session_20260625_195259_P001,83,8414,2026-06-25T19:53:07.858975,Pas tensometryczny,-5187762,-5187762,true
session_20260625_195259_P001,84,8477,2026-06-25T19:53:07.922666,Pas tensometryczny,-5187805,-5187805,true
session_20260625_195259_P001,85,8568,2026-06-25T19:53:08.013155,Pas tensometryczny,-5187964,-5187964,true
session_20260625_195259_P001,86,8659,2026-06-25T19:53:08.103851,Pas tensometryczny,-5188300,-5188300,true
session_20260625_195259_P001,87,8774,2026-06-25T19:53:08.218877,Pas tensometryczny,-5188485,-5188485,true
session_20260625_195259_P001,88,8895,2026-06-25T19:53:08.340321,Pas tensometryczny,-5188540,-5188540,true
session_20260625_195259_P001,89,8973,2026-06-25T19:53:08.418119,Pas tensometryczny,-5188730,-5188730,true
session_20260625_195259_P001,90,9072,2026-06-25T19:53:08.517382,Pas tensometryczny,-5188902,-5188902,true
session_20260625_195259_P001,91,9219,2026-06-25T19:53:08.664429,Pas tensometryczny,-5189058,-5189058,true
session_20260625_195259_P001,92,9311,2026-06-25T19:53:08.756672,Pas tensometryczny,-5189295,-5189295,true
session_20260625_195259_P001,93,9377,2026-06-25T19:53:08.822152,Pas tensometryczny,-5189766,-5189766,true
session_20260625_195259_P001,94,9494,2026-06-25T19:53:08.938990,Pas tensometryczny,-5190057,-5190057,true
session_20260625_195259_P001,95,9564,2026-06-25T19:53:09.008766,Pas tensometryczny,-5190168,-5190168,true
session_20260625_195259_P001,96,9649,2026-06-25T19:53:09.094423,Pas tensometryczny,-5190450,-5190450,true
session_20260625_195259_P001,97,9803,2026-06-25T19:53:09.247948,Pas tensometryczny,-5191044,-5191044,true
session_20260625_195259_P001,98,9898,2026-06-25T19:53:09.342974,Pas tensometryczny,-5191687,-5191687,true
session_20260625_195259_P001,99,9970,2026-06-25T19:53:09.415244,Pas tensometryczny,-5192498,-5192498,true
session_20260625_195259_P001,100,10051,2026-06-25T19:53:09.496403,Pas tensometryczny,-5193436,-5193436,true
session_20260625_195259_P001,101,10230,2026-06-25T19:53:09.674854,Pas tensometryczny,-5194114,-5194114,true
session_20260625_195259_P001,102,10298,2026-06-25T19:53:09.743337,Pas tensometryczny,-5194535,-5194535,true
session_20260625_195259_P001,103,10388,2026-06-25T19:53:09.833476,Pas tensometryczny,-5195427,-5195427,true
session_20260625_195259_P001,104,10482,2026-06-25T19:53:09.927659,Pas tensometryczny,-5195788,-5195788,true
session_20260625_195259_P001,105,10607,2026-06-25T19:53:10.052149,Pas tensometryczny,-5196093,-5196093,true
session_20260625_195259_P001,106,10700,2026-06-25T19:53:10.145066,Pas tensometryczny,-5196381,-5196381,true
session_20260625_195259_P001,107,10778,2026-06-25T19:53:10.222894,Pas tensometryczny,-5196865,-5196865,true
session_20260625_195259_P001,108,10887,2026-06-25T19:53:10.331774,Pas tensometryczny,-5197273,-5197273,true
session_20260625_195259_P001,109,10953,2026-06-25T19:53:10.397955,Pas tensometryczny,-5197593,-5197593,true
session_20260625_195259_P001,110,11092,2026-06-25T19:53:10.537086,Pas tensometryczny,-5197750,-5197750,true
session_20260625_195259_P001,111,11191,2026-06-25T19:53:10.636207,Pas tensometryczny,-5197909,-5197909,true
session_20260625_195259_P001,112,11291,2026-06-25T19:53:10.735744,Pas tensometryczny,-5198235,-5198235,true
session_20260625_195259_P001,113,11393,2026-06-25T19:53:10.838688,Pas tensometryczny,-5198602,-5198602,true
session_20260625_195259_P001,114,11522,2026-06-25T19:53:10.966804,Pas tensometryczny,-5198981,-5198981,true
session_20260625_195259_P001,115,11584,2026-06-25T19:53:11.029208,Pas tensometryczny,-5199385,-5199385,true
session_20260625_195259_P001,116,11672,2026-06-25T19:53:11.117106,Pas tensometryczny,-5199572,-5199572,true
session_20260625_195259_P001,117,11789,2026-06-25T19:53:11.234115,Pas tensometryczny,-5199768,-5199768,true
session_20260625_195259_P001,118,11918,2026-06-25T19:53:11.362832,Pas tensometryczny,-5199763,-5199763,true
session_20260625_195259_P001,119,12006,2026-06-25T19:53:11.450712,Pas tensometryczny,-5199111,-5199111,true
session_20260625_195259_P001,120,12105,2026-06-25T19:53:11.550562,Pas tensometryczny,-5198071,-5198071,true
session_20260625_195259_P001,121,12197,2026-06-25T19:53:11.641999,Pas tensometryczny,-5196999,-5196999,true
session_20260625_195259_P001,122,12260,2026-06-25T19:53:11.704799,Pas tensometryczny,-5196223,-5196223,true
session_20260625_195259_P001,123,12414,2026-06-25T19:53:11.859697,Pas tensometryczny,-5195509,-5195509,true
session_20260625_195259_P001,124,12510,2026-06-25T19:53:11.955481,Pas tensometryczny,-5194743,-5194743,true
session_20260625_195259_P001,125,12573,2026-06-25T19:53:12.018174,Pas tensometryczny,-5193976,-5193976,true
session_20260625_195259_P001,126,12662,2026-06-25T19:53:12.107011,Pas tensometryczny,-5193361,-5193361,true
session_20260625_195259_P001,127,12798,2026-06-25T19:53:12.243026,Pas tensometryczny,-5193101,-5193101,true
session_20260625_195259_P001,128,12901,2026-06-25T19:53:12.346593,Pas tensometryczny,-5193673,-5193673,true
session_20260625_195259_P001,129,12978,2026-06-25T19:53:12.423149,Pas tensometryczny,-1,-1,true
session_20260625_195259_P001,130,13068,2026-06-25T19:53:12.512753,Pas tensometryczny,-5195935,-5195935,true
session_20260625_195259_P001,131,13205,2026-06-25T19:53:12.650580,Pas tensometryczny,-5197418,-5197418,true
session_20260625_195259_P001,132,13315,2026-06-25T19:53:12.760303,Pas tensometryczny,-5198181,-5198181,true
session_20260625_195259_P001,133,13387,2026-06-25T19:53:12.832274,Pas tensometryczny,-5198803,-5198803,true
session_20260625_195259_P001,134,13522,2026-06-25T19:53:12.967535,Pas tensometryczny,-5199290,-5199290,true
session_20260625_195259_P001,135,13569,2026-06-25T19:53:13.014291,Pas tensometryczny,-5200020,-5200020,true
session_20260625_195259_P001,136,13716,2026-06-25T19:53:13.160767,Pas tensometryczny,-5200615,-5200615,true
session_20260625_195259_P001,137,13822,2026-06-25T19:53:13.266781,Pas tensometryczny,-5201045,-5201045,true
session_20260625_195259_P001,138,13880,2026-06-25T19:53:13.325547,Pas tensometryczny,-5201547,-5201547,true
session_20260625_195259_P001,139,13994,2026-06-25T19:53:13.439605,Pas tensometryczny,-5201974,-5201974,true
session_20260625_195259_P001,140,14103,2026-06-25T19:53:13.548075,Pas tensometryczny,-5202349,-5202349,true
session_20260625_195259_P001,141,14198,2026-06-25T19:53:13.643432,Pas tensometryczny,-5202609,-5202609,true
session_20260625_195259_P001,142,14331,2026-06-25T19:53:13.776258,Pas tensometryczny,-5202693,-5202693,true
session_20260625_195259_P001,143,14373,2026-06-25T19:53:13.818215,Pas tensometryczny,-5202259,-5202259,true
session_20260625_195259_P001,144,14488,2026-06-25T19:53:13.932764,Pas tensometryczny,-5201605,-5201605,true
session_20260625_195259_P001,145,14598,2026-06-25T19:53:14.043619,Pas tensometryczny,-5200772,-5200772,true
session_20260625_195259_P001,146,14688,2026-06-25T19:53:14.133421,Pas tensometryczny,-5199583,-5199583,true
session_20260625_195259_P001,147,14783,2026-06-25T19:53:14.228692,Pas tensometryczny,-5198419,-5198419,true
session_20260625_195259_P001,148,14882,2026-06-25T19:53:14.327233,Pas tensometryczny,-5197460,-5197460,true
session_20260625_195259_P001,149,15014,2026-06-25T19:53:14.459464,Pas tensometryczny,-5196768,-5196768,true
session_20260625_195259_P001,150,15093,2026-06-25T19:53:14.538503,Pas tensometryczny,-5195980,-5195980,true
session_20260625_195259_P001,151,15192,2026-06-25T19:53:14.636853,Pas tensometryczny,-5195037,-5195037,true
session_20260625_195259_P001,152,15291,2026-06-25T19:53:14.736596,Pas tensometryczny,-5194241,-5194241,true
session_20260625_195259_P001,153,15390,2026-06-25T19:53:14.835204,Pas tensometryczny,-5193590,-5193590,true
session_20260625_195259_P001,154,15498,2026-06-25T19:53:14.943498,Pas tensometryczny,-5193180,-5193180,true
session_20260625_195259_P001,155,15601,2026-06-25T19:53:15.046392,Pas tensometryczny,-5192783,-5192783,true
session_20260625_195259_P001,156,15691,2026-06-25T19:53:15.136281,Pas tensometryczny,-5191499,-5191499,true
session_20260625_195259_P001,157,15783,2026-06-25T19:53:15.228314,Pas tensometryczny,-5190954,-5190954,true
session_20260625_195259_P001,158,15930,2026-06-25T19:53:15.375684,Pas tensometryczny,-5190563,-5190563,true
session_20260625_195259_P001,159,16021,2026-06-25T19:53:15.466156,Pas tensometryczny,-5190213,-5190213,true
session_20260625_195259_P001,160,16082,2026-06-25T19:53:15.526878,Pas tensometryczny,-5190272,-5190272,true
session_20260625_195259_P001,161,16185,2026-06-25T19:53:15.629736,Pas tensometryczny,-5190689,-5190689,true
session_20260625_195259_P001,162,16315,2026-06-25T19:53:15.760406,Pas tensometryczny,-5191066,-5191066,true
session_20260625_195259_P001,163,16398,2026-06-25T19:53:15.842954,Pas tensometryczny,-5191560,-5191560,true
session_20260625_195259_P001,164,16512,2026-06-25T19:53:15.957606,Pas tensometryczny,-5192269,-5192269,true
session_20260625_195259_P001,165,16601,2026-06-25T19:53:16.046621,Pas tensometryczny,-5193114,-5193114,true
session_20260625_195259_P001,166,16668,2026-06-25T19:53:16.112932,Pas tensometryczny,-5194002,-5194002,true
session_20260625_195259_P001,167,16825,2026-06-25T19:53:16.269752,Pas tensometryczny,-5194879,-5194879,true
session_20260625_195259_P001,168,16920,2026-06-25T19:53:16.365313,Pas tensometryczny,-5195455,-5195455,true
session_20260625_195259_P001,169,17008,2026-06-25T19:53:16.453656,Pas tensometryczny,-5195880,-5195880,true
session_20260625_195259_P001,170,17074,2026-06-25T19:53:16.519240,Pas tensometryczny,-5196254,-5196254,true
session_20260625_195259_P001,171,17243,2026-06-25T19:53:16.688601,Pas tensometryczny,-5196449,-5196449,true
session_20260625_195259_P001,172,17298,2026-06-25T19:53:16.743006,Pas tensometryczny,-5196816,-5196816,true
session_20260625_195259_P001,173,17388,2026-06-25T19:53:16.833323,Pas tensometryczny,-5197505,-5197505,true
session_20260625_195259_P001,174,17492,2026-06-25T19:53:16.937469,Pas tensometryczny,-5197990,-5197990,true
session_20260625_195259_P001,175,17570,2026-06-25T19:53:17.015398,Pas tensometryczny,-5198410,-5198410,true
session_20260625_195259_P001,176,17707,2026-06-25T19:53:17.152329,Pas tensometryczny,-5198846,-5198846,true
session_20260625_195259_P001,177,17792,2026-06-25T19:53:17.236980,Pas tensometryczny,-5199232,-5199232,true
session_20260625_195259_P001,178,17882,2026-06-25T19:53:17.327032,Pas tensometryczny,-5199693,-5199693,true
session_20260625_195259_P001,179,17972,2026-06-25T19:53:17.417254,Pas tensometryczny,-5200065,-5200065,true
session_20260625_195259_P001,180,18184,2026-06-25T19:53:17.629056,Pas tensometryczny,-5200447,-5200447,true
session_20260625_195259_P001,181,18225,2026-06-25T19:53:17.670328,Pas tensometryczny,-5200773,-5200773,true
session_20260625_195259_P001,182,18288,2026-06-25T19:53:17.733157,Pas tensometryczny,-5200409,-5200409,true
session_20260625_195259_P001,183,18389,2026-06-25T19:53:17.834253,Pas tensometryczny,-5199786,-5199786,true
session_20260625_195259_P001,184,18528,2026-06-25T19:53:17.973276,Pas tensometryczny,-5198933,-5198933,true
session_20260625_195259_P001,185,18636,2026-06-25T19:53:18.081174,Pas tensometryczny,-5198062,-5198062,true
session_20260625_195259_P001,186,18695,2026-06-25T19:53:18.140520,Pas tensometryczny,-5197314,-5197314,true
session_20260625_195259_P001,187,18842,2026-06-25T19:53:18.286995,Pas tensometryczny,-5196457,-5196457,true
session_20260625_195259_P001,188,18872,2026-06-25T19:53:18.317590,Pas tensometryczny,-5195494,-5195494,true
session_20260625_195259_P001,189,19039,2026-06-25T19:53:18.484584,Pas tensometryczny,-5194657,-5194657,true
session_20260625_195259_P001,190,19135,2026-06-25T19:53:18.580090,Pas tensometryczny,-5193995,-5193995,true
session_20260625_195259_P001,191,19189,2026-06-25T19:53:18.633849,Pas tensometryczny,-5193314,-5193314,true
session_20260625_195259_P001,192,19277,2026-06-25T19:53:18.722581,Pas tensometryczny,-5192736,-5192736,true
session_20260625_195259_P001,193,19412,2026-06-25T19:53:18.857042,Pas tensometryczny,-5192281,-5192281,true
session_20260625_195259_P001,194,19501,2026-06-25T19:53:18.946667,Pas tensometryczny,-5191747,-5191747,true
session_20260625_195259_P001,195,19595,2026-06-25T19:53:19.040296,Pas tensometryczny,-5191083,-5191083,true
session_20260625_195259_P001,196,19690,2026-06-25T19:53:19.135537,Pas tensometryczny,-5190553,-5190553,true
session_20260625_195259_P001,197,19817,2026-06-25T19:53:19.262303,Pas tensometryczny,-5190122,-5190122,true
session_20260625_195259_P001,198,19922,2026-06-25T19:53:19.367442,Pas tensometryczny,-5189832,-5189832,true
session_20260625_195259_P001,199,19997,2026-06-25T19:53:19.442149,Pas tensometryczny,-5189792,-5189792,true
session_20260625_195259_P001,200,20089,2026-06-25T19:53:19.534297,Pas tensometryczny,-5189598,-5189598,true
session_20260625_195259_P001,201,20204,2026-06-25T19:53:19.649334,Pas tensometryczny,-5189333,-5189333,true
session_20260625_195259_P001,202,20315,2026-06-25T19:53:19.759763,Pas tensometryczny,-5189522,-5189522,true
session_20260625_195259_P001,203,20425,2026-06-25T19:53:19.870457,Pas tensometryczny,-5190329,-5190329,true
session_20260625_195259_P001,204,20518,2026-06-25T19:53:19.963586,Pas tensometryczny,-5191423,-5191423,true
session_20260625_195259_P001,205,20583,2026-06-25T19:53:20.028150,Pas tensometryczny,-5192507,-5192507,true
session_20260625_195259_P001,206,20724,2026-06-25T19:53:20.169409,Pas tensometryczny,-5193522,-5193522,true
session_20260625_195259_P001,207,20841,2026-06-25T19:53:20.286296,Pas tensometryczny,-5194260,-5194260,true
session_20260625_195259_P001,208,20920,2026-06-25T19:53:20.364883,Pas tensometryczny,-5195358,-5195358,true
session_20260625_195259_P001,209,21014,2026-06-25T19:53:20.459646,Pas tensometryczny,-5196015,-5196015,true
session_20260625_195259_P001,210,21079,2026-06-25T19:53:20.523771,Pas tensometryczny,-5196697,-5196697,true
session_20260625_195259_P001,211,21234,2026-06-25T19:53:20.679672,Pas tensometryczny,-5197355,-5197355,true
session_20260625_195259_P001,212,21303,2026-06-25T19:53:20.747982,Pas tensometryczny,-5197884,-5197884,true
session_20260625_195259_P001,213,21415,2026-06-25T19:53:20.859889,Pas tensometryczny,-5198307,-5198307,true
session_20260625_195259_P001,214,21506,2026-06-25T19:53:20.950894,Pas tensometryczny,-5198749,-5198749,true
session_20260625_195259_P001,215,21619,2026-06-25T19:53:21.064471,Pas tensometryczny,-5199131,-5199131,true
session_20260625_195259_P001,216,21732,2026-06-25T19:53:21.177047,Pas tensometryczny,-5199582,-5199582,true
session_20260625_195259_P001,217,21822,2026-06-25T19:53:21.267685,Pas tensometryczny,-5200048,-5200048,true
session_20260625_195259_P001,218,21889,2026-06-25T19:53:21.333858,Pas tensometryczny,-5200529,-5200529,true
session_20260625_195259_P001,219,22051,2026-06-25T19:53:21.496586,Pas tensometryczny,-5200715,-5200715,true
session_20260625_195259_P001,220,22117,2026-06-25T19:53:21.561726,Pas tensometryczny,-5200653,-5200653,true
session_20260625_195259_P001,221,22229,2026-06-25T19:53:21.674127,Pas tensometryczny,-5200394,-5200394,true
session_20260625_195259_P001,222,22332,2026-06-25T19:53:21.777559,Pas tensometryczny,-5199765,-5199765,true
session_20260625_195259_P001,223,22384,2026-06-25T19:53:21.829272,Pas tensometryczny,-5198805,-5198805,true
session_20260625_195259_P001,224,22520,2026-06-25T19:53:21.964857,Pas tensometryczny,-5198169,-5198169,true
session_20260625_195259_P001,225,22616,2026-06-25T19:53:22.061646,Pas tensometryczny,-5197863,-5197863,true
session_20260625_195259_P001,226,22727,2026-06-25T19:53:22.171980,Pas tensometryczny,-5197750,-5197750,true
session_20260625_195259_P001,227,22786,2026-06-25T19:53:22.231482,Pas tensometryczny,-5198470,-5198470,true
session_20260625_195259_P001,228,22923,2026-06-25T19:53:22.368339,Pas tensometryczny,-5199377,-5199377,true
session_20260625_195259_P001,229,23033,2026-06-25T19:53:22.478258,Pas tensometryczny,-5200108,-5200108,true
session_20260625_195259_P001,230,23109,2026-06-25T19:53:22.553866,Pas tensometryczny,-5200715,-5200715,true
session_20260625_195259_P001,231,23275,2026-06-25T19:53:22.719959,Pas tensometryczny,-5201278,-5201278,true
session_20260625_195259_P001,232,23283,2026-06-25T19:53:22.728660,Pas tensometryczny,-5201831,-5201831,true
session_20260625_195259_P001,233,23432,2026-06-25T19:53:22.877007,Pas tensometryczny,-5201992,-5201992,true
session_20260625_195259_P001,234,23535,2026-06-25T19:53:22.980637,Pas tensometryczny,-5201874,-5201874,true
session_20260625_195259_P001,235,23660,2026-06-25T19:53:23.105542,Pas tensometryczny,-5200073,-5200073,true
session_20260625_195259_P001,236,23720,2026-06-25T19:53:23.165218,Pas tensometryczny,-5198724,-5198724,true
session_20260625_195259_P001,237,23825,2026-06-25T19:53:23.270158,Pas tensometryczny,-5197775,-5197775,true
session_20260625_195259_P001,238,23918,2026-06-25T19:53:23.363471,Pas tensometryczny,-5197011,-5197011,true
session_20260625_195259_P001,239,24011,2026-06-25T19:53:23.455953,Pas tensometryczny,-5196111,-5196111,true
session_20260625_195259_P001,240,24115,2026-06-25T19:53:23.560485,Pas tensometryczny,-5195181,-5195181,true
session_20260625_195259_P001,241,24261,2026-06-25T19:53:23.706556,Pas tensometryczny,-5194278,-5194278,true
session_20260625_195259_P001,242,24319,2026-06-25T19:53:23.764401,Pas tensometryczny,-5193521,-5193521,true
session_20260625_195259_P001,243,24412,2026-06-25T19:53:23.857692,Pas tensometryczny,-5192777,-5192777,true
session_20260625_195259_P001,244,24500,2026-06-25T19:53:23.945532,Pas tensometryczny,-5192168,-5192168,true
session_20260625_195259_P001,245,24596,2026-06-25T19:53:24.040832,Pas tensometryczny,-5191623,-5191623,true
session_20260625_195259_P001,246,24725,2026-06-25T19:53:24.170667,Pas tensometryczny,-5191014,-5191014,true
session_20260625_195259_P001,247,24819,2026-06-25T19:53:24.264685,Pas tensometryczny,-5190402,-5190402,true
session_20260625_195259_P001,248,24904,2026-06-25T19:53:24.348892,Pas tensometryczny,-5189925,-5189925,true
session_20260625_195259_P001,249,24992,2026-06-25T19:53:24.437288,Pas tensometryczny,-5189628,-5189628,true
session_20260625_195259_P001,250,25130,2026-06-25T19:53:24.575130,Pas tensometryczny,-5190241,-5190241,true
session_20260625_195259_P001,251,25217,2026-06-25T19:53:24.662160,Pas tensometryczny,-5191646,-5191646,true
session_20260625_195259_P001,252,25321,2026-06-25T19:53:24.766263,Pas tensometryczny,-5192659,-5192659,true
session_20260625_195259_P001,253,25398,2026-06-25T19:53:24.843339,Pas tensometryczny,-5193404,-5193404,true
session_20260625_195259_P001,254,25501,2026-06-25T19:53:24.946661,Pas tensometryczny,-5194066,-5194066,true
session_20260625_195259_P001,255,25632,2026-06-25T19:53:25.077249,Pas tensometryczny,-5194639,-5194639,true
session_20260625_195259_P001,256,25717,2026-06-25T19:53:25.162685,Pas tensometryczny,-5195287,-5195287,true
session_20260625_195259_P001,257,25808,2026-06-25T19:53:25.253304,Pas tensometryczny,-5196103,-5196103,true
session_20260625_195259_P001,258,25900,2026-06-25T19:53:25.345610,Pas tensometryczny,-5196694,-5196694,true
session_20260625_195259_P001,259,26030,2026-06-25T19:53:25.475275,Pas tensometryczny,-5197138,-5197138,true
session_20260625_195259_P001,260,26118,2026-06-25T19:53:25.562839,Pas tensometryczny,-5198098,-5198098,true
session_20260625_195259_P001,261,26217,2026-06-25T19:53:25.661785,Pas tensometryczny,-5198556,-5198556,true
session_20260625_195259_P001,262,26311,2026-06-25T19:53:25.756495,Pas tensometryczny,-5198978,-5198978,true
session_20260625_195259_P001,263,26466,2026-06-25T19:53:25.911537,Pas tensometryczny,-5199102,-5199102,true
session_20260625_195259_P001,264,26576,2026-06-25T19:53:26.021480,Pas tensometryczny,-5198304,-5198304,true
session_20260625_195259_P001,265,26619,2026-06-25T19:53:26.063729,Pas tensometryczny,-5196888,-5196888,true
session_20260625_195259_P001,266,26719,2026-06-25T19:53:26.163746,Pas tensometryczny,-5195574,-5195574,true
session_20260625_195259_P001,267,26817,2026-06-25T19:53:26.261830,Pas tensometryczny,-5194477,-5194477,true
session_20260625_195259_P001,268,26955,2026-06-25T19:53:26.400352,Pas tensometryczny,-5193548,-5193548,true
session_20260625_195259_P001,269,27016,2026-06-25T19:53:26.461693,Pas tensometryczny,-5192913,-5192913,true
session_20260625_195259_P001,270,27115,2026-06-25T19:53:26.560504,Pas tensometryczny,-5192252,-5192252,true
session_20260625_195259_P001,271,27219,2026-06-25T19:53:26.664554,Pas tensometryczny,-5191504,-5191504,true
session_20260625_195259_P001,272,27336,2026-06-25T19:53:26.781704,Pas tensometryczny,-5190791,-5190791,true
session_20260625_195259_P001,273,27423,2026-06-25T19:53:26.868326,Pas tensometryczny,-5190211,-5190211,true
session_20260625_195259_P001,274,27541,2026-06-25T19:53:26.986032,Pas tensometryczny,-5189765,-5189765,true
session_20260625_195259_P001,275,27603,2026-06-25T19:53:27.047756,Pas tensometryczny,-5189354,-5189354,true
session_20260625_195259_P001,276,27729,2026-06-25T19:53:27.174223,Pas tensometryczny,-5189070,-5189070,true
session_20260625_195259_P001,277,27834,2026-06-25T19:53:27.279234,Pas tensometryczny,-5189448,-5189448,true
session_20260625_195259_P001,278,27955,2026-06-25T19:53:27.400514,Pas tensometryczny,-5190475,-5190475,true
session_20260625_195259_P001,279,28029,2026-06-25T19:53:27.473933,Pas tensometryczny,-5191468,-5191468,true
session_20260625_195259_P001,280,28099,2026-06-25T19:53:27.544565,Pas tensometryczny,-5192323,-5192323,true
session_20260625_195259_P001,281,28256,2026-06-25T19:53:27.700746,Pas tensometryczny,-5193248,-5193248,true
session_20260625_195259_P001,282,28343,2026-06-25T19:53:27.788238,Pas tensometryczny,-5194283,-5194283,true
session_20260625_195259_P001,283,28434,2026-06-25T19:53:27.878824,Pas tensometryczny,-5194969,-5194969,true
session_20260625_195259_P001,284,28505,2026-06-25T19:53:27.950630,Pas tensometryczny,-5195557,-5195557,true
session_20260625_195259_P001,285,28664,2026-06-25T19:53:28.109216,Pas tensometryczny,-5196119,-5196119,true
session_20260625_195259_P001,286,28769,2026-06-25T19:53:28.214498,Pas tensometryczny,-5196590,-5196590,true
session_20260625_195259_P001,287,28834,2026-06-25T19:53:28.278844,Pas tensometryczny,-5197500,-5197500,true
session_20260625_195259_P001,288,28907,2026-06-25T19:53:28.352492,Pas tensometryczny,-5197845,-5197845,true
session_20260625_195259_P001,289,29026,2026-06-25T19:53:28.471025,Pas tensometryczny,-5198091,-5198091,true
session_20260625_195259_P001,290,29132,2026-06-25T19:53:28.577519,Pas tensometryczny,-5198329,-5198329,true
session_20260625_195259_P001,291,29244,2026-06-25T19:53:28.689017,Pas tensometryczny,-5198154,-5198154,true
session_20260625_195259_P001,292,29350,2026-06-25T19:53:28.795651,Pas tensometryczny,-5197488,-5197488,true
session_20260625_195259_P001,293,29405,2026-06-25T19:53:28.850450,Pas tensometryczny,-5196381,-5196381,true
session_20260625_195259_P001,294,29547,2026-06-25T19:53:28.991746,Pas tensometryczny,-5195233,-5195233,true
session_20260625_195259_P001,295,29636,2026-06-25T19:53:29.081661,Pas tensometryczny,-5194284,-5194284,true
session_20260625_195259_P001,296,29726,2026-06-25T19:53:29.171268,Pas tensometryczny,-5193345,-5193345,true
session_20260625_195259_P001,297,29808,2026-06-25T19:53:29.253621,Pas tensometryczny,-5192416,-5192416,true
session_20260625_195259_P001,298,29968,2026-06-25T19:53:29.413093,Pas tensometryczny,-5191642,-5191642,true
session_20260625_195259_P001,299,30073,2026-06-25T19:53:29.518384,Pas tensometryczny,-5190944,-5190944,true
session_20260625_195259_P001,300,30124,2026-06-25T19:53:29.568747,Pas tensometryczny,-5190377,-5190377,true
session_20260625_195259_P001,301,30216,2026-06-25T19:53:29.660853,Pas tensometryczny,-5189829,-5189829,true
session_20260625_195259_P001,302,30319,2026-06-25T19:53:29.764110,Pas tensometryczny,-5189420,-5189420,true
session_20260625_195259_P001,303,30480,2026-06-25T19:53:29.924892,Pas tensometryczny,-5188966,-5188966,true
session_20260625_195259_P001,304,30550,2026-06-25T19:53:29.994773,Pas tensometryczny,-5188416,-5188416,true
session_20260625_195259_P001,305,30642,2026-06-25T19:53:30.086988,Pas tensometryczny,-5188053,-5188053,true
session_20260625_195259_P001,306,30709,2026-06-25T19:53:30.154661,Pas tensometryczny,-5187928,-5187928,true
session_20260625_195259_P001,307,30841,2026-06-25T19:53:30.286398,Pas tensometryczny,-5188106,-5188106,true
session_20260625_195259_P001,308,30940,2026-06-25T19:53:30.385623,Pas tensometryczny,-5188939,-5188939,true
session_20260625_195259_P001,309,31036,2026-06-25T19:53:30.481095,Pas tensometryczny,-5190048,-5190048,true
session_20260625_195259_P001,310,31113,2026-06-25T19:53:30.558232,Pas tensometryczny,-5190969,-5190969,true
session_20260625_195259_P001,311,31233,2026-06-25T19:53:30.677711,Pas tensometryczny,-5191833,-5191833,true
session_20260625_195259_P001,312,31363,2026-06-25T19:53:30.808674,Pas tensometryczny,-5192618,-5192618,true
session_20260625_195259_P001,313,31429,2026-06-25T19:53:30.874330,Pas tensometryczny,-5193851,-5193851,true
session_20260625_195259_P001,314,31518,2026-06-25T19:53:30.962839,Pas tensometryczny,-5194554,-5194554,true
session_20260625_195259_P001,315,31623,2026-06-25T19:53:31.068377,Pas tensometryczny,-5195193,-5195193,true
session_20260625_195259_P001,316,31750,2026-06-25T19:53:31.195567,Pas tensometryczny,-5195747,-5195747,true
session_20260625_195259_P001,317,31838,2026-06-25T19:53:31.283118,Pas tensometryczny,-5196265,-5196265,true
session_20260625_195259_P001,318,31948,2026-06-25T19:53:31.393601,Pas tensometryczny,-5196644,-5196644,true
session_20260625_195259_P001,319,32034,2026-06-25T19:53:31.478865,Pas tensometryczny,-5197055,-5197055,true
session_20260625_195259_P001,320,32150,2026-06-25T19:53:31.594727,Pas tensometryczny,-5197430,-5197430,true
session_20260625_195259_P001,321,32245,2026-06-25T19:53:31.690003,Pas tensometryczny,-5197946,-5197946,true
session_20260625_195259_P001,322,32330,2026-06-25T19:53:31.774819,Pas tensometryczny,-5198402,-5198402,true
session_20260625_195259_P001,323,32422,2026-06-25T19:53:31.867571,Pas tensometryczny,-5198639,-5198639,true
session_20260625_195259_P001,324,32515,2026-06-25T19:53:31.960383,Pas tensometryczny,-5198995,-5198995,true
session_20260625_195259_P001,325,32643,2026-06-25T19:53:32.087733,Pas tensometryczny,-5199233,-5199233,true
session_20260625_195259_P001,326,32736,2026-06-25T19:53:32.180746,Pas tensometryczny,-5199128,-5199128,true
session_20260625_195259_P001,327,32834,2026-06-25T19:53:32.279374,Pas tensometryczny,-5198751,-5198751,true
session_20260625_195259_P001,328,32934,2026-06-25T19:53:32.378916,Pas tensometryczny,-5198274,-5198274,true
session_20260625_195259_P001,329,33048,2026-06-25T19:53:32.492927,Pas tensometryczny,-5197551,-5197551,true
session_20260625_195259_P001,330,33137,2026-06-25T19:53:32.582393,Pas tensometryczny,-5196338,-5196338,true
session_20260625_195259_P001,331,33244,2026-06-25T19:53:32.689193,Pas tensometryczny,-5195051,-5195051,true
session_20260625_195259_P001,332,33348,2026-06-25T19:53:32.793621,Pas tensometryczny,-5193860,-5193860,true
session_20260625_195259_P001,333,33441,2026-06-25T19:53:32.885989,Pas tensometryczny,-5192928,-5192928,true
session_20260625_195259_P001,334,33556,2026-06-25T19:53:33.001072,Pas tensometryczny,-5192135,-5192135,true
session_20260625_195259_P001,335,33656,2026-06-25T19:53:33.100902,Pas tensometryczny,-5191449,-5191449,true
session_20260625_195259_P001,336,33759,2026-06-25T19:53:33.203756,Pas tensometryczny,-5190995,-5190995,true
session_20260625_195259_P001,337,33813,2026-06-25T19:53:33.258067,Pas tensometryczny,-5190384,-5190384,true
session_20260625_195259_P001,338,33947,2026-06-25T19:53:33.392568,Pas tensometryczny,-5189608,-5189608,true
session_20260625_195259_P001,339,34041,2026-06-25T19:53:33.486414,Pas tensometryczny,-5188501,-5188501,true
session_20260625_195259_P001,340,34139,2026-06-25T19:53:33.584599,Pas tensometryczny,-5188128,-5188128,true
session_20260625_195259_P001,341,34218,2026-06-25T19:53:33.663506,Pas tensometryczny,-5188673,-5188673,true
session_20260625_195259_P001,342,34401,2026-06-25T19:53:33.846201,Pas tensometryczny,-5189968,-5189968,true
session_20260625_195259_P001,343,34441,2026-06-25T19:53:33.886355,Pas tensometryczny,-5190974,-5190974,true
session_20260625_195259_P001,344,34552,2026-06-25T19:53:33.997677,Pas tensometryczny,-5191720,-5191720,true
session_20260625_195259_P001,345,34647,2026-06-25T19:53:34.092142,Pas tensometryczny,-5192452,-5192452,true
session_20260625_195259_P001,346,34714,2026-06-25T19:53:34.159230,Pas tensometryczny,-5193095,-5193095,true
session_20260625_195259_P001,347,34871,2026-06-25T19:53:34.315902,Pas tensometryczny,-5193675,-5193675,true
session_20260625_195259_P001,348,34939,2026-06-25T19:53:34.384289,Pas tensometryczny,-5194389,-5194389,true
session_20260625_195259_P001,349,35034,2026-06-25T19:53:34.479284,Pas tensometryczny,-5195079,-5195079,true
session_20260625_195259_P001,350,35148,2026-06-25T19:53:34.592741,Pas tensometryczny,-5195748,-5195748,true
session_20260625_195259_P001,351,35269,2026-06-25T19:53:34.713996,Pas tensometryczny,-5196251,-5196251,true
session_20260625_195259_P001,352,35369,2026-06-25T19:53:34.814481,Pas tensometryczny,-5196525,-5196525,true
session_20260625_195259_P001,353,35455,2026-06-25T19:53:34.900461,Pas tensometryczny,-5196812,-5196812,true
session_20260625_195259_P001,354,35566,2026-06-25T19:53:35.011691,Pas tensometryczny,-5196451,-5196451,true
session_20260625_195259_P001,355,35615,2026-06-25T19:53:35.060438,Pas tensometryczny,-5195292,-5195292,true
session_20260625_195259_P001,356,35785,2026-06-25T19:53:35.230325,Pas tensometryczny,-5193999,-5193999,true
session_20260625_195259_P001,357,35838,2026-06-25T19:53:35.283005,Pas tensometryczny,-5192787,-5192787,true
session_20260625_195259_P001,358,35928,2026-06-25T19:53:35.372756,Pas tensometryczny,-5191717,-5191717,true
session_20260625_195259_P001,359,36021,2026-06-25T19:53:35.466323,Pas tensometryczny,-5190899,-5190899,true
session_20260625_195259_P001,360,36156,2026-06-25T19:53:35.601662,Pas tensometryczny,-5190239,-5190239,true
session_20260625_195259_P001,361,36244,2026-06-25T19:53:35.689020,Pas tensometryczny,-5189648,-5189648,true
session_20260625_195259_P001,362,36334,2026-06-25T19:53:35.778836,Pas tensometryczny,-5189140,-5189140,true
session_20260625_195259_P001,363,36439,2026-06-25T19:53:35.884229,Pas tensometryczny,-5188640,-5188640,true
session_20260625_195259_P001,364,36559,2026-06-25T19:53:36.004534,Pas tensometryczny,-5188707,-5188707,true
session_20260625_195259_P001,365,36670,2026-06-25T19:53:36.114988,Pas tensometryczny,-5190908,-5190908,true
session_20260625_195259_P001,366,36775,2026-06-25T19:53:36.220335,Pas tensometryczny,-5191902,-5191902,true
session_20260625_195259_P001,367,36826,2026-06-25T19:53:36.271474,Pas tensometryczny,-5192916,-5192916,true
session_20260625_195259_P001,368,36917,2026-06-25T19:53:36.362553,Pas tensometryczny,-5193664,-5193664,true
session_20260625_195259_P001,369,37097,2026-06-25T19:53:36.542093,Pas tensometryczny,-5194331,-5194331,true
session_20260625_195259_P001,370,37143,2026-06-25T19:53:36.587927,Pas tensometryczny,-5194965,-5194965,true
session_20260625_195259_P001,371,37278,2026-06-25T19:53:36.723132,Pas tensometryczny,-5195488,-5195488,true
session_20260625_195259_P001,372,37375,2026-06-25T19:53:36.820658,Pas tensometryczny,-5195943,-5195943,true
session_20260625_195259_P001,373,37481,2026-06-25T19:53:36.926285,Pas tensometryczny,-5196587,-5196587,true
session_20260625_195259_P001,374,37553,2026-06-25T19:53:36.998398,Pas tensometryczny,-5197104,-5197104,true
session_20260625_195259_P001,375,37656,2026-06-25T19:53:37.101182,Pas tensometryczny,-5197157,-5197157,true
session_20260625_195259_P001,376,37752,2026-06-25T19:53:37.197053,Pas tensometryczny,-5196522,-5196522,true
session_20260625_195259_P001,377,37863,2026-06-25T19:53:37.308538,Pas tensometryczny,-5195334,-5195334,true
session_20260625_195259_P001,378,37952,2026-06-25T19:53:37.397308,Pas tensometryczny,-5194140,-5194140,true
session_20260625_195259_P001,379,38046,2026-06-25T19:53:37.490758,Pas tensometryczny,-5193151,-5193151,true
session_20260625_195259_P001,380,38144,2026-06-25T19:53:37.589227,Pas tensometryczny,-5192321,-5192321,true
session_20260625_195259_P001,381,38244,2026-06-25T19:53:37.689196,Pas tensometryczny,-5191488,-5191488,true
session_20260625_195259_P001,382,38390,2026-06-25T19:53:37.834966,Pas tensometryczny,-5190659,-5190659,true
session_20260625_195259_P001,383,38450,2026-06-25T19:53:37.895547,Pas tensometryczny,-5189984,-5189984,true
session_20260625_195259_P001,384,38564,2026-06-25T19:53:38.009077,Pas tensometryczny,-5189297,-5189297,true
session_20260625_195259_P001,385,38632,2026-06-25T19:53:38.077276,Pas tensometryczny,-5188723,-5188723,true
session_20260625_195259_P001,386,38786,2026-06-25T19:53:38.231393,Pas tensometryczny,-5188279,-5188279,true
session_20260625_195259_P001,387,38880,2026-06-25T19:53:38.324728,Pas tensometryczny,-5188176,-5188176,true
session_20260625_195259_P001,388,38949,2026-06-25T19:53:38.393713,Pas tensometryczny,-5188439,-5188439,true
session_20260625_195259_P001,389,39045,2026-06-25T19:53:38.490589,Pas tensometryczny,-5189456,-5189456,true
session_20260625_195259_P001,390,39148,2026-06-25T19:53:38.593144,Pas tensometryczny,-5190666,-5190666,true
session_20260625_195259_P001,391,39281,2026-06-25T19:53:38.726014,Pas tensometryczny,-5191527,-5191527,true
session_20260625_195259_P001,392,39378,2026-06-25T19:53:38.822817,Pas tensometryczny,-5193114,-5193114,true
session_20260625_195259_P001,393,39437,2026-06-25T19:53:38.881959,Pas tensometryczny,-5193891,-5193891,true
session_20260625_195259_P001,394,39537,2026-06-25T19:53:38.982297,Pas tensometryczny,-5194460,-5194460,true
session_20260625_195259_P001,395,39678,2026-06-25T19:53:39.123354,Pas tensometryczny,-5194969,-5194969,true
session_20260625_195259_P001,396,39780,2026-06-25T19:53:39.225040,Pas tensometryczny,-5195373,-5195373,true
session_20260625_195259_P001,397,39876,2026-06-25T19:53:39.321005,Pas tensometryczny,-5195714,-5195714,true
session_20260625_195259_P001,398,39934,2026-06-25T19:53:39.379393,Pas tensometryczny,-5196053,-5196053,true
session_20260625_195259_P001,399,40071,2026-06-25T19:53:39.515825,Pas tensometryczny,-5196303,-5196303,true
session_20260625_195259_P001,400,40161,2026-06-25T19:53:39.606194,Pas tensometryczny,-5195753,-5195753,true
session_20260625_195259_P001,401,40269,2026-06-25T19:53:39.714645,Pas tensometryczny,-5194457,-5194457,true
session_20260625_195259_P001,402,40338,2026-06-25T19:53:39.782955,Pas tensometryczny,-5193084,-5193084,true
session_20260625_195259_P001,403,40428,2026-06-25T19:53:39.873182,Pas tensometryczny,-5191975,-5191975,true
session_20260625_195259_P001,404,40587,2026-06-25T19:53:40.031808,Pas tensometryczny,-5191126,-5191126,true
session_20260625_195259_P001,405,40654,2026-06-25T19:53:40.098798,Pas tensometryczny,-5190433,-5190433,true
session_20260625_195259_P001,406,40745,2026-06-25T19:53:40.190141,Pas tensometryczny,-5189872,-5189872,true
session_20260625_195259_P001,407,40850,2026-06-25T19:53:40.295421,Pas tensometryczny,-5189144,-5189144,true
session_20260625_195259_P001,408,40994,2026-06-25T19:53:40.439280,Pas tensometryczny,-5188380,-5188380,true
session_20260625_195259_P001,409,41057,2026-06-25T19:53:40.502031,Pas tensometryczny,-5187763,-5187763,true
session_20260625_195259_P001,410,41152,2026-06-25T19:53:40.596774,Pas tensometryczny,-5187297,-5187297,true
session_20260625_195259_P001,411,41254,2026-06-25T19:53:40.698900,Pas tensometryczny,-5187083,-5187083,true
session_20260625_195259_P001,412,41327,2026-06-25T19:53:40.772700,Pas tensometryczny,-5187539,-5187539,true
session_20260625_195259_P001,413,41484,2026-06-25T19:53:40.929134,Pas tensometryczny,-5188247,-5188247,true
session_20260625_195259_P001,414,41591,2026-06-25T19:53:41.035942,Pas tensometryczny,-5188709,-5188709,true
session_20260625_195259_P001,415,41641,2026-06-25T19:53:41.086590,Pas tensometryczny,-5189154,-5189154,true
session_20260625_195259_P001,416,41757,2026-06-25T19:53:41.202007,Pas tensometryczny,-5189219,-5189219,true
session_20260625_195259_P001,417,41917,2026-06-25T19:53:41.362061,Pas tensometryczny,-5187755,-5187755,true
session_20260625_195259_P001,418,41973,2026-06-25T19:53:41.418020,Pas tensometryczny,-5187235,-5187235,true
session_20260625_195259_P001,419,42049,2026-06-25T19:53:41.493807,Pas tensometryczny,-5186707,-5186707,true
session_20260625_195259_P001,420,42142,2026-06-25T19:53:41.586715,Pas tensometryczny,-5186282,-5186282,true
session_20260625_195259_P001,421,42276,2026-06-25T19:53:41.720752,Pas tensometryczny,-5185980,-5185980,true
session_20260625_195259_P001,422,42364,2026-06-25T19:53:41.809203,Pas tensometryczny,-5185800,-5185800,true
session_20260625_195259_P001,423,42458,2026-06-25T19:53:41.903191,Pas tensometryczny,-5185758,-5185758,true
session_20260625_195259_P001,424,42544,2026-06-25T19:53:41.989324,Pas tensometryczny,-5185944,-5185944,true
session_20260625_195259_P001,425,42647,2026-06-25T19:53:42.092342,Pas tensometryczny,-5186402,-5186402,true
session_20260625_195259_P001,426,42791,2026-06-25T19:53:42.236535,Pas tensometryczny,-5186539,-5186539,true
session_20260625_195259_P001,427,42890,2026-06-25T19:53:42.335511,Pas tensometryczny,-5186504,-5186504,true
session_20260625_195259_P001,428,42948,2026-06-25T19:53:42.393332,Pas tensometryczny,-5186522,-5186522,true
session_20260625_195259_P001,429,43039,2026-06-25T19:53:42.484680,Pas tensometryczny,-5186602,-5186602,true
session_20260625_195259_P001,430,43173,2026-06-25T19:53:42.618369,Pas tensometryczny,-5186711,-5186711,true
session_20260625_195259_P001,431,43268,2026-06-25T19:53:42.713571,Pas tensometryczny,-5186995,-5186995,true
session_20260625_195259_P001,432,43361,2026-06-25T19:53:42.806007,Pas tensometryczny,-5187313,-5187313,true
session_20260625_195259_P001,433,43469,2026-06-25T19:53:42.914437,Pas tensometryczny,-5187247,-5187247,true
session_20260625_195259_P001,434,43535,2026-06-25T19:53:42.980462,Pas tensometryczny,-5187106,-5187106,true
session_20260625_195259_P001,435,43687,2026-06-25T19:53:43.132525,Pas tensometryczny,-5187213,-5187213,true
session_20260625_195259_P001,436,43778,2026-06-25T19:53:43.222980,Pas tensometryczny,-5187734,-5187734,true
session_20260625_195259_P001,437,43850,2026-06-25T19:53:43.295106,Pas tensometryczny,-5188698,-5188698,true
session_20260625_195259_P001,438,43962,2026-06-25T19:53:43.406959,Pas tensometryczny,-5189807,-5189807,true
session_20260625_195259_P001,439,44081,2026-06-25T19:53:43.525861,Pas tensometryczny,-5190770,-5190770,true
session_20260625_195259_P001,440,44177,2026-06-25T19:53:43.621907,Pas tensometryczny,-5191405,-5191405,true
session_20260625_195259_P001,441,44280,2026-06-25T19:53:43.725101,Pas tensometryczny,-5191955,-5191955,true
session_20260625_195259_P001,442,44368,2026-06-25T19:53:43.813032,Pas tensometryczny,-5192511,-5192511,true
session_20260625_195259_P001,443,44498,2026-06-25T19:53:43.943688,Pas tensometryczny,-5192971,-5192971,true
session_20260625_195259_P001,444,44568,2026-06-25T19:53:44.013382,Pas tensometryczny,-5194279,-5194279,true
session_20260625_195259_P001,445,44679,2026-06-25T19:53:44.124344,Pas tensometryczny,-5195100,-5195100,true
session_20260625_195259_P001,446,44766,2026-06-25T19:53:44.210947,Pas tensometryczny,-5195586,-5195586,true
session_20260625_195259_P001,447,44841,2026-06-25T19:53:44.286239,Pas tensometryczny,-5196021,-5196021,true
session_20260625_195259_P001,448,45017,2026-06-25T19:53:44.462465,Pas tensometryczny,-5196441,-5196441,true
session_20260625_195259_P001,449,45082,2026-06-25T19:53:44.527284,Pas tensometryczny,-5196880,-5196880,true
session_20260625_195259_P001,450,45181,2026-06-25T19:53:44.626513,Pas tensometryczny,-5197523,-5197523,true
session_20260625_195259_P001,451,45254,2026-06-25T19:53:44.699476,Pas tensometryczny,-5198260,-5198260,true
session_20260625_195259_P001,452,45387,2026-06-25T19:53:44.832310,Pas tensometryczny,-5198979,-5198979,true
session_20260625_195259_P001,453,45480,2026-06-25T19:53:44.925211,Pas tensometryczny,-5199529,-5199529,true
session_20260625_195259_P001,454,45589,2026-06-25T19:53:45.033778,Pas tensometryczny,-5199955,-5199955,true
session_20260625_195259_P001,455,45651,2026-06-25T19:53:45.096293,Pas tensometryczny,-5200283,-5200283,true
session_20260625_195259_P001,456,45744,2026-06-25T19:53:45.189143,Pas tensometryczny,-5200585,-5200585,true
session_20260625_195259_P001,457,45893,2026-06-25T19:53:45.338372,Pas tensometryczny,-5200791,-5200791,true
session_20260625_195259_P001,458,45965,2026-06-25T19:53:45.410020,Pas tensometryczny,-5200863,-5200863,true
session_20260625_195259_P001,459,46056,2026-06-25T19:53:45.501325,Pas tensometryczny,-5200585,-5200585,true
session_20260625_195259_P001,460,46145,2026-06-25T19:53:45.589865,Pas tensometryczny,-5200072,-5200072,true
session_20260625_195259_P001,461,46286,2026-06-25T19:53:45.731152,Pas tensometryczny,-5199455,-5199455,true
session_20260625_195259_P001,462,46398,2026-06-25T19:53:45.843053,Pas tensometryczny,-5198724,-5198724,true
session_20260625_195259_P001,463,46456,2026-06-25T19:53:45.901660,Pas tensometryczny,-5197939,-5197939,true
session_20260625_195259_P001,464,46552,2026-06-25T19:53:45.996725,Pas tensometryczny,-5197171,-5197171,true
session_20260625_195259_P001,465,46693,2026-06-25T19:53:46.138529,Pas tensometryczny,-5196594,-5196594,true
session_20260625_195259_P001,466,46789,2026-06-25T19:53:46.233768,Pas tensometryczny,-5195786,-5195786,true
session_20260625_195259_P001,467,46861,2026-06-25T19:53:46.306685,Pas tensometryczny,-5194736,-5194736,true
session_20260625_195259_P001,468,46953,2026-06-25T19:53:46.398696,Pas tensometryczny,-5193816,-5193816,true
session_20260625_195259_P001,469,47062,2026-06-25T19:53:46.507330,Pas tensometryczny,-5192991,-5192991,true
session_20260625_195259_P001,470,47210,2026-06-25T19:53:46.654823,Pas tensometryczny,-5191692,-5191692,true
session_20260625_195259_P001,471,47310,2026-06-25T19:53:46.755457,Pas tensometryczny,-5191087,-5191087,true
session_20260625_195259_P001,472,47358,2026-06-25T19:53:46.803264,Pas tensometryczny,-5190379,-5190379,true
session_20260625_195259_P001,473,47469,2026-06-25T19:53:46.914510,Pas tensometryczny,-5189710,-5189710,true
session_20260625_195259_P001,474,47624,2026-06-25T19:53:47.069230,Pas tensometryczny,-5189096,-5189096,true
session_20260625_195259_P001,475,47674,2026-06-25T19:53:47.118888,Pas tensometryczny,-5188559,-5188559,true
session_20260625_195259_P001,476,47769,2026-06-25T19:53:47.214177,Pas tensometryczny,-5188152,-5188152,true
session_20260625_195259_P001,477,47901,2026-06-25T19:53:47.345761,Pas tensometryczny,-5187753,-5187753,true
session_20260625_195259_P001,478,48027,2026-06-25T19:53:47.471793,Pas tensometryczny,-5187266,-5187266,true
session_20260625_195259_P001,479,48076,2026-06-25T19:53:47.521504,Pas tensometryczny,-5186632,-5186632,true
session_20260625_195259_P001,480,48169,2026-06-25T19:53:47.614487,Pas tensometryczny,-5186048,-5186048,true
session_20260625_195259_P001,481,48261,2026-06-25T19:53:47.706146,Pas tensometryczny,-5185598,-5185598,true
session_20260625_195259_P001,482,48348,2026-06-25T19:53:47.792786,Pas tensometryczny,-5185291,-5185291,true
session_20260625_195259_P001,483,48484,2026-06-25T19:53:47.929630,Pas tensometryczny,-5185035,-5185035,true
session_20260625_195259_P001,484,48575,2026-06-25T19:53:48.020339,Pas tensometryczny,-5184662,-5184662,true
session_20260625_195259_P001,485,48663,2026-06-25T19:53:48.108018,Pas tensometryczny,-5184300,-5184300,true
session_20260625_195259_P001,486,48752,2026-06-25T19:53:48.197225,Pas tensometryczny,-5184040,-5184040,true
session_20260625_195259_P001,487,48902,2026-06-25T19:53:48.347650,Pas tensometryczny,-5183862,-5183862,true
session_20260625_195259_P001,488,48998,2026-06-25T19:53:48.442920,Pas tensometryczny,-5183986,-5183986,true
session_20260625_195259_P001,489,49066,2026-06-25T19:53:48.511628,Pas tensometryczny,-5184329,-5184329,true
session_20260625_195259_P001,490,49186,2026-06-25T19:53:48.630766,Pas tensometryczny,-5184603,-5184603,true
session_20260625_195259_P001,491,49248,2026-06-25T19:53:48.693035,Pas tensometryczny,-5184855,-5184855,true
session_20260625_195259_P001,492,49383,2026-06-25T19:53:48.828560,Pas tensometryczny,-5185233,-5185233,true
session_20260625_195259_P001,493,49474,2026-06-25T19:53:48.919016,Pas tensometryczny,-5185731,-5185731,true
session_20260625_195259_P001,494,49575,2026-06-25T19:53:49.020264,Pas tensometryczny,-5186381,-5186381,true
session_20260625_195259_P001,495,49652,2026-06-25T19:53:49.097076,Pas tensometryczny,-5187055,-5187055,true
session_20260625_195259_P001,496,49801,2026-06-25T19:53:49.246700,Pas tensometryczny,-5187637,-5187637,true
session_20260625_195259_P001,497,49964,2026-06-25T19:53:49.409442,Pas tensometryczny,-5188832,-5188832,true
session_20260625_195259_P001,498,50125,2026-06-25T19:53:49.570375,Pas tensometryczny,-5189511,-5189511,true
session_20260625_195259_P001,499,50126,2026-06-25T19:53:49.570889,Pas tensometryczny,-5190141,-5190141,true
session_20260625_195259_P001,500,50196,2026-06-25T19:53:49.641460,Pas tensometryczny,-5190844,-5190844,true
session_20260625_195259_P001,501,50291,2026-06-25T19:53:49.735824,Pas tensometryczny,-5191362,-5191362,true
session_20260625_195259_P001,502,50394,2026-06-25T19:53:49.839096,Pas tensometryczny,-5191682,-5191682,true
session_20260625_195259_P001,503,50484,2026-06-25T19:53:49.929689,Pas tensometryczny,-5192020,-5192020,true
session_20260625_195259_P001,504,50570,2026-06-25T19:53:50.014718,Pas tensometryczny,-5192362,-5192362,true
session_20260625_195259_P001,505,50687,2026-06-25T19:53:50.132236,Pas tensometryczny,-5192787,-5192787,true
session_20260625_195259_P001,506,50804,2026-06-25T19:53:50.249343,Pas tensometryczny,-5193155,-5193155,true
session_20260625_195259_P001,507,50895,2026-06-25T19:53:50.340115,Pas tensometryczny,-5193503,-5193503,true
session_20260625_195259_P001,508,50972,2026-06-25T19:53:50.416823,Pas tensometryczny,-5193781,-5193781,true
session_20260625_195259_P001,509,51114,2026-06-25T19:53:50.558983,Pas tensometryczny,-5193924,-5193924,true
session_20260625_195259_P001,510,51224,2026-06-25T19:53:50.668889,Pas tensometryczny,-5193499,-5193499,true
session_20260625_195259_P001,511,51272,2026-06-25T19:53:50.717353,Pas tensometryczny,-5192431,-5192431,true
session_20260625_195259_P001,512,51385,2026-06-25T19:53:50.830132,Pas tensometryczny,-5191390,-5191390,true
session_20260625_195259_P001,513,51460,2026-06-25T19:53:50.904931,Pas tensometryczny,-5190447,-5190447,true
session_20260625_195259_P001,514,51590,2026-06-25T19:53:51.035403,Pas tensometryczny,-5189681,-5189681,true
session_20260625_195259_P001,515,51703,2026-06-25T19:53:51.148509,Pas tensometryczny,-5189037,-5189037,true
session_20260625_195259_P001,516,51778,2026-06-25T19:53:51.223603,Pas tensometryczny,-5188212,-5188212,true
session_20260625_195259_P001,517,51936,2026-06-25T19:53:51.381164,Pas tensometryczny,-5187466,-5187466,true
session_20260625_195259_P001,518,51993,2026-06-25T19:53:51.438225,Pas tensometryczny,-5186882,-5186882,true
session_20260625_195259_P001,519,52106,2026-06-25T19:53:51.550787,Pas tensometryczny,-5186398,-5186398,true
session_20260625_195259_P001,520,52199,2026-06-25T19:53:51.644568,Pas tensometryczny,-5185939,-5185939,true
session_20260625_195259_P001,521,52266,2026-06-25T19:53:51.711374,Pas tensometryczny,-5185820,-5185820,true
session_20260625_195259_P001,522,52410,2026-06-25T19:53:51.855476,Pas tensometryczny,-5185336,-5185336,true
session_20260625_195259_P001,523,52511,2026-06-25T19:53:51.956138,Pas tensometryczny,-5185471,-5185471,true
session_20260625_195259_P001,524,52589,2026-06-25T19:53:52.034234,Pas tensometryczny,-5186145,-5186145,true
session_20260625_195259_P001,525,52696,2026-06-25T19:53:52.140755,Pas tensometryczny,-5187036,-5187036,true
session_20260625_195259_P001,526,52759,2026-06-25T19:53:52.204296,Pas tensometryczny,-5187948,-5187948,true
session_20260625_195259_P001,527,52922,2026-06-25T19:53:52.367117,Pas tensometryczny,-5188985,-5188985,true
session_20260625_195259_P001,528,53006,2026-06-25T19:53:52.451549,Pas tensometryczny,-5189757,-5189757,true
session_20260625_195259_P001,529,53098,2026-06-25T19:53:52.543246,Pas tensometryczny,-5190195,-5190195,true
session_20260625_195259_P001,530,53165,2026-06-25T19:53:52.609909,Pas tensometryczny,-5190633,-5190633,true
session_20260625_195259_P001,531,53323,2026-06-25T19:53:52.768219,Pas tensometryczny,-5191090,-5191090,true
session_20260625_195259_P001,532,53397,2026-06-25T19:53:52.842529,Pas tensometryczny,-5191535,-5191535,true
session_20260625_195259_P001,533,53491,2026-06-25T19:53:52.936496,Pas tensometryczny,-5192173,-5192173,true
session_20260625_195259_P001,534,53571,2026-06-25T19:53:53.016477,Pas tensometryczny,-5192709,-5192709,true
session_20260625_195259_P001,535,53668,2026-06-25T19:53:53.113076,Pas tensometryczny,-5192961,-5192961,true
session_20260625_195259_P001,536,53793,2026-06-25T19:53:53.237739,Pas tensometryczny,-5193208,-5193208,true
session_20260625_195259_P001,537,53882,2026-06-25T19:53:53.327596,Pas tensometryczny,-5193649,-5193649,true
session_20260625_195259_P001,538,54008,2026-06-25T19:53:53.453490,Pas tensometryczny,-5193976,-5193976,true
session_20260625_195259_P001,539,54062,2026-06-25T19:53:53.507569,Pas tensometryczny,-5194305,-5194305,true
session_20260625_195259_P001,540,54198,2026-06-25T19:53:53.642770,Pas tensometryczny,-5194763,-5194763,true
session_20260625_195259_P001,541,54316,2026-06-25T19:53:53.760748,Pas tensometryczny,-5195041,-5195041,true
session_20260625_195259_P001,542,54378,2026-06-25T19:53:53.823270,Pas tensometryczny,-5195233,-5195233,true
session_20260625_195259_P001,543,54474,2026-06-25T19:53:53.919511,Pas tensometryczny,-5195292,-5195292,true
session_20260625_195259_P001,544,54645,2026-06-25T19:53:54.089742,Pas tensometryczny,-5195414,-5195414,true
session_20260625_195259_P001,545,54694,2026-06-25T19:53:54.138717,Pas tensometryczny,-5194881,-5194881,true
session_20260625_195259_P001,546,54782,2026-06-25T19:53:54.227356,Pas tensometryczny,-5193903,-5193903,true
session_20260625_195259_P001,547,54878,2026-06-25T19:53:54.323471,Pas tensometryczny,-5192963,-5192963,true
session_20260625_195259_P001,548,55000,2026-06-25T19:53:54.445104,Pas tensometryczny,-5191964,-5191964,true
session_20260625_195259_P001,549,55113,2026-06-25T19:53:54.557875,Pas tensometryczny,-5190279,-5190279,true
session_20260625_195259_P001,550,55200,2026-06-25T19:53:54.645209,Pas tensometryczny,-5189527,-5189527,true
session_20260625_195259_P001,551,55296,2026-06-25T19:53:54.741043,Pas tensometryczny,-5188900,-5188900,true
session_20260625_195259_P001,552,55385,2026-06-25T19:53:54.830227,Pas tensometryczny,-5188399,-5188399,true
session_20260625_195259_P001,553,55526,2026-06-25T19:53:54.970745,Pas tensometryczny,-5187947,-5187947,true
session_20260625_195259_P001,554,55617,2026-06-25T19:53:55.062510,Pas tensometryczny,-5187388,-5187388,true
session_20260625_195259_P001,555,55726,2026-06-25T19:53:55.171353,Pas tensometryczny,-5186799,-5186799,true
session_20260625_195259_P001,556,55775,2026-06-25T19:53:55.219865,Pas tensometryczny,-5186293,-5186293,true
session_20260625_195259_P001,557,55944,2026-06-25T19:53:55.389070,Pas tensometryczny,-5185841,-5185841,true
session_20260625_195259_P001,558,56005,2026-06-25T19:53:55.450469,Pas tensometryczny,-5185572,-5185572,true
session_20260625_195259_P001,559,56099,2026-06-25T19:53:55.544572,Pas tensometryczny,-5185242,-5185242,true
session_20260625_195259_P001,560,56193,2026-06-25T19:53:55.638296,Pas tensometryczny,-5184861,-5184861,true
session_20260625_195259_P001,561,56301,2026-06-25T19:53:55.746217,Pas tensometryczny,-5184603,-5184603,true
session_20260625_195259_P001,562,56404,2026-06-25T19:53:55.849679,Pas tensometryczny,-5184897,-5184897,true
session_20260625_195259_P001,563,56506,2026-06-25T19:53:55.950973,Pas tensometryczny,-5185665,-5185665,true
session_20260625_195259_P001,564,56598,2026-06-25T19:53:56.043211,Pas tensometryczny,-5186616,-5186616,true
session_20260625_195259_P001,565,56685,2026-06-25T19:53:56.129976,Pas tensometryczny,-5187767,-5187767,true
session_20260625_195259_P001,566,56807,2026-06-25T19:53:56.252421,Pas tensometryczny,-5188642,-5188642,true
session_20260625_195259_P001,567,56906,2026-06-25T19:53:56.351093,Pas tensometryczny,-5189245,-5189245,true
session_20260625_195259_P001,568,57007,2026-06-25T19:53:56.451899,Pas tensometryczny,-5189879,-5189879,true
session_20260625_195259_P001,569,57101,2026-06-25T19:53:56.546179,Pas tensometryczny,-5190373,-5190373,true
session_20260625_195259_P001,570,57169,2026-06-25T19:53:56.614426,Pas tensometryczny,-5190890,-5190890,true
session_20260625_195259_P001,571,57319,2026-06-25T19:53:56.764388,Pas tensometryczny,-5191561,-5191561,true
session_20260625_195259_P001,572,57414,2026-06-25T19:53:56.858943,Pas tensometryczny,-5192100,-5192100,true
session_20260625_195259_P001,573,57488,2026-06-25T19:53:56.933179,Pas tensometryczny,-5192412,-5192412,true
session_20260625_195259_P001,574,57573,2026-06-25T19:53:57.018553,Pas tensometryczny,-5192729,-5192729,true
session_20260625_195259_P001,575,57717,2026-06-25T19:53:57.162301,Pas tensometryczny,-5193126,-5193126,true
session_20260625_195259_P001,576,57819,2026-06-25T19:53:57.264240,Pas tensometryczny,-5194110,-5194110,true
session_20260625_195259_P001,577,57889,2026-06-25T19:53:57.334622,Pas tensometryczny,-5194553,-5194553,true
session_20260625_195259_P001,578,57978,2026-06-25T19:53:57.423022,Pas tensometryczny,-5194910,-5194910,true
session_20260625_195259_P001,579,58139,2026-06-25T19:53:57.583888,Pas tensometryczny,-5195126,-5195126,true
session_20260625_195259_P001,580,58248,2026-06-25T19:53:57.693437,Pas tensometryczny,-5195284,-5195284,true
session_20260625_195259_P001,581,58298,2026-06-25T19:53:57.742726,Pas tensometryczny,-5195236,-5195236,true
session_20260625_195259_P001,582,58399,2026-06-25T19:53:57.844618,Pas tensometryczny,-5195021,-5195021,true
session_20260625_195259_P001,583,58501,2026-06-25T19:53:57.946589,Pas tensometryczny,-5194598,-5194598,true
session_20260625_195259_P001,584,58621,2026-06-25T19:53:58.066333,Pas tensometryczny,-5193713,-5193713,true
session_20260625_195259_P001,585,58728,2026-06-25T19:53:58.173539,Pas tensometryczny,-5192524,-5192524,true
session_20260625_195259_P001,586,58791,2026-06-25T19:53:58.236515,Pas tensometryczny,-5191500,-5191500,true
session_20260625_195259_P001,587,58877,2026-06-25T19:53:58.321999,Pas tensometryczny,-5190781,-5190781,true
session_20260625_195259_P001,588,59012,2026-06-25T19:53:58.457041,Pas tensometryczny,-5189972,-5189972,true
session_20260625_195259_P001,589,59144,2026-06-25T19:53:58.589428,Pas tensometryczny,-5189326,-5189326,true
session_20260625_195259_P001,590,59192,2026-06-25T19:53:58.637489,Pas tensometryczny,-5188822,-5188822,true
session_20260625_195259_P001,591,59283,2026-06-25T19:53:58.727971,Pas tensometryczny,-5188156,-5188156,true
session_20260625_195259_P001,592,59373,2026-06-25T19:53:58.817950,Pas tensometryczny,-5187433,-5187433,true
session_20260625_195259_P001,593,59540,2026-06-25T19:53:58.984740,Pas tensometryczny,-5186778,-5186778,true
session_20260625_195259_P001,594,59599,2026-06-25T19:53:59.044165,Pas tensometryczny,-5186276,-5186276,true
session_20260625_195259_P001,595,59691,2026-06-25T19:53:59.136086,Pas tensometryczny,-5185898,-5185898,true
session_20260625_195259_P001,596,59787,2026-06-25T19:53:59.231968,Pas tensometryczny,-5185525,-5185525,true
session_20260625_195259_P001,597,59914,2026-06-25T19:53:59.358725,Pas tensometryczny,-5185096,-5185096,true
session_20260625_195259_P001,598,60003,2026-06-25T19:53:59.448701,Pas tensometryczny,-5184628,-5184628,true
session_20260625_195259_P001,599,60111,2026-06-25T19:53:59.555764,Pas tensometryczny,-5184254,-5184254,true
session_20260625_195259_P001,600,60182,2026-06-25T19:53:59.626827,Pas tensometryczny,-5184425,-5184425,true
session_20260625_195259_P001,601,60336,2026-06-25T19:53:59.781121,Pas tensometryczny,-5186407,-5186407,true
session_20260625_195259_P001,602,60409,2026-06-25T19:53:59.854242,Pas tensometryczny,-5187511,-5187511,true
session_20260625_195259_P001,603,60510,2026-06-25T19:53:59.955672,Pas tensometryczny,-5188205,-5188205,true
session_20260625_195259_P001,604,60638,2026-06-25T19:54:00.082865,Pas tensometryczny,-5188887,-5188887,true
session_20260625_195259_P001,605,60686,2026-06-25T19:54:00.131231,Pas tensometryczny,-5189468,-5189468,true
session_20260625_195259_P001,606,60822,2026-06-25T19:54:00.267690,Pas tensometryczny,-5189994,-5189994,true
session_20260625_195259_P001,607,60904,2026-06-25T19:54:00.349218,Pas tensometryczny,-5190641,-5190641,true
session_20260625_195259_P001,608,60996,2026-06-25T19:54:00.441533,Pas tensometryczny,-5191221,-5191221,true
session_20260625_195259_P001,609,61097,2026-06-25T19:54:00.541820,Pas tensometryczny,-5191317,-5191317,true
session_20260625_195259_P001,610,61218,2026-06-25T19:54:00.662803,Pas tensometryczny,-5190381,-5190381,true
session_20260625_195259_P001,611,61314,2026-06-25T19:54:00.759474,Pas tensometryczny,-5189101,-5189101,true
session_20260625_195259_P001,612,61406,2026-06-25T19:54:00.850712,Pas tensometryczny,-5187977,-5187977,true
session_20260625_195259_P001,613,61503,2026-06-25T19:54:00.948533,Pas tensometryczny,-5187070,-5187070,true
session_20260625_195259_P001,614,61586,2026-06-25T19:54:01.031627,Pas tensometryczny,-5186432,-5186432,true
session_20260625_195259_P001,615,61738,2026-06-25T19:54:01.183676,Pas tensometryczny,-5185795,-5185795,true
session_20260625_195259_P001,616,61803,2026-06-25T19:54:01.248688,Pas tensometryczny,-5185123,-5185123,true
session_20260625_195259_P001,617,61912,2026-06-25T19:54:01.357131,Pas tensometryczny,-5184560,-5184560,true
session_20260625_195259_P001,618,62010,2026-06-25T19:54:01.455383,Pas tensometryczny,-5184152,-5184152,true
session_20260625_195259_P001,619,62126,2026-06-25T19:54:01.570846,Pas tensometryczny,-5183968,-5183968,true
session_20260625_195259_P001,620,62228,2026-06-25T19:54:01.673158,Pas tensometryczny,-5184281,-5184281,true
session_20260625_195259_P001,621,62319,2026-06-25T19:54:01.763745,Pas tensometryczny,-5185118,-5185118,true
session_20260625_195259_P001,622,62387,2026-06-25T19:54:01.832144,Pas tensometryczny,-5186088,-5186088,true
session_20260625_195259_P001,623,62546,2026-06-25T19:54:01.991499,Pas tensometryczny,-5186991,-5186991,true
session_20260625_195259_P001,624,62647,2026-06-25T19:54:02.092445,Pas tensometryczny,-5187797,-5187797,true
session_20260625_195259_P001,625,62708,2026-06-25T19:54:02.153,Pas tensometryczny,-5188557,-5188557,true
session_20260625_195259_P001,626,62824,2026-06-25T19:54:02.268961,Pas tensometryczny,-5189256,-5189256,true
session_20260625_195259_P001,627,62910,2026-06-25T19:54:02.355172,Pas tensometryczny,-5189944,-5189944,true
session_20260625_195259_P001,628,63028,2026-06-25T19:54:02.472856,Pas tensometryczny,-5190833,-5190833,true
session_20260625_195259_P001,629,63107,2026-06-25T19:54:02.552667,Pas tensometryczny,-5191093,-5191093,true
session_20260625_195259_P001,630,63214,2026-06-25T19:54:02.658975,Pas tensometryczny,-5191400,-5191400,true
session_20260625_195259_P001,631,63318,2026-06-25T19:54:02.763169,Pas tensometryczny,-5191770,-5191770,true
session_20260625_195259_P001,632,63436,2026-06-25T19:54:02.881185,Pas tensometryczny,-5192248,-5192248,true
session_20260625_195259_P001,633,63525,2026-06-25T19:54:02.970689,Pas tensometryczny,-5192719,-5192719,true
session_20260625_195259_P001,634,63625,2026-06-25T19:54:03.070610,Pas tensometryczny,-5192576,-5192576,true
session_20260625_195259_P001,635,63692,2026-06-25T19:54:03.137316,Pas tensometryczny,-5191580,-5191580,true
session_20260625_195259_P001,636,63783,2026-06-25T19:54:03.228603,Pas tensometryczny,-5190407,-5190407,true
session_20260625_195259_P001,637,63938,2026-06-25T19:54:03.383660,Pas tensometryczny,-5189403,-5189403,true
session_20260625_195259_P001,638,64033,2026-06-25T19:54:03.478234,Pas tensometryczny,-5188482,-5188482,true
session_20260625_195259_P001,639,64136,2026-06-25T19:54:03.581268,Pas tensometryczny,-5187915,-5187915,true
session_20260625_195259_P001,640,64206,2026-06-25T19:54:03.651566,Pas tensometryczny,-5187338,-5187338,true
session_20260625_195259_P001,641,64345,2026-06-25T19:54:03.789951,Pas tensometryczny,-5186557,-5186557,true
session_20260625_195259_P001,642,64442,2026-06-25T19:54:03.887608,Pas tensometryczny,-5185877,-5185877,true
session_20260625_195259_P001,643,64505,2026-06-25T19:54:03.950641,Pas tensometryczny,-5185275,-5185275,true
session_20260625_195259_P001,644,64592,2026-06-25T19:54:04.037173,Pas tensometryczny,-5184770,-5184770,true
session_20260625_195259_P001,645,64759,2026-06-25T19:54:04.204173,Pas tensometryczny,-5184542,-5184542,true
session_20260625_195259_P001,646,64834,2026-06-25T19:54:04.278785,Pas tensometryczny,-5185016,-5185016,true
session_20260625_195259_P001,647,64981,2026-06-25T19:54:04.426009,Pas tensometryczny,-5185992,-5185992,true
session_20260625_195259_P001,648,65017,2026-06-25T19:54:04.461812,Pas tensometryczny,-5186955,-5186955,true
session_20260625_195259_P001,649,65114,2026-06-25T19:54:04.559358,Pas tensometryczny,-5187924,-5187924,true
session_20260625_195259_P001,650,65225,2026-06-25T19:54:04.670060,Pas tensometryczny,-5188804,-5188804,true
session_20260625_195259_P001,651,65327,2026-06-25T19:54:04.771755,Pas tensometryczny,-5189507,-5189507,true
session_20260625_195259_P001,652,65451,2026-06-25T19:54:04.896460,Pas tensometryczny,-5190107,-5190107,true
session_20260625_195259_P001,653,65503,2026-06-25T19:54:04.948496,Pas tensometryczny,-5190726,-5190726,true
session_20260625_195259_P001,654,65718,2026-06-25T19:54:05.162820,Pas tensometryczny,-5192039,-5192039,true
session_20260625_195259_P001,655,65809,2026-06-25T19:54:05.253952,Pas tensometryczny,-5192377,-5192377,true
session_20260625_195259_P001,656,65899,2026-06-25T19:54:05.344535,Pas tensometryczny,-5192894,-5192894,true
session_20260625_195259_P001,657,66036,2026-06-25T19:54:05.480787,Pas tensometryczny,-5193495,-5193495,true
session_20260625_195259_P001,658,66134,2026-06-25T19:54:05.579340,Pas tensometryczny,-5193975,-5193975,true
session_20260625_195259_P001,659,66216,2026-06-25T19:54:05.661559,Pas tensometryczny,-5194241,-5194241,true
session_20260625_195259_P001,660,66349,2026-06-25T19:54:05.793882,Pas tensometryczny,-5194483,-5194483,true
session_20260625_195259_P001,661,66396,2026-06-25T19:54:05.841620,Pas tensometryczny,-5194347,-5194347,true
session_20260625_195259_P001,662,66555,2026-06-25T19:54:05.999828,Pas tensometryczny,-5193391,-5193391,true
session_20260625_195259_P001,663,66618,2026-06-25T19:54:06.063567,Pas tensometryczny,-5192314,-5192314,true
session_20260625_195259_P001,664,66748,2026-06-25T19:54:06.192873,Pas tensometryczny,-5191386,-5191386,true
session_20260625_195259_P001,665,66815,2026-06-25T19:54:06.259800,Pas tensometryczny,-5190374,-5190374,true
session_20260625_195259_P001,666,66932,2026-06-25T19:54:06.377465,Pas tensometryczny,-5189403,-5189403,true
session_20260625_195259_P001,667,67048,2026-06-25T19:54:06.493689,Pas tensometryczny,-5188611,-5188611,true
session_20260625_195259_P001,668,67119,2026-06-25T19:54:06.564381,Pas tensometryczny,-5187981,-5187981,true
session_20260625_195259_P001,669,67216,2026-06-25T19:54:06.660884,Pas tensometryczny,-5187384,-5187384,true
session_20260625_195259_P001,670,67303,2026-06-25T19:54:06.748330,Pas tensometryczny,-5186922,-5186922,true
session_20260625_195259_P001,671,67444,2026-06-25T19:54:06.888835,Pas tensometryczny,-5186320,-5186320,true
session_20260625_195259_P001,672,67538,2026-06-25T19:54:06.982726,Pas tensometryczny,-5185712,-5185712,true
session_20260625_195259_P001,673,67642,2026-06-25T19:54:07.087132,Pas tensometryczny,-5185199,-5185199,true
session_20260625_195259_P001,674,67708,2026-06-25T19:54:07.153587,Pas tensometryczny,-5184720,-5184720,true
session_20260625_195259_P001,675,67837,2026-06-25T19:54:07.281793,Pas tensometryczny,-5184681,-5184681,true
session_20260625_195259_P001,676,67964,2026-06-25T19:54:07.409530,Pas tensometryczny,-5185289,-5185289,true
session_20260625_195259_P001,677,68017,2026-06-25T19:54:07.462066,Pas tensometryczny,-5186505,-5186505,true
session_20260625_195259_P001,678,68122,2026-06-25T19:54:07.566996,Pas tensometryczny,-5187540,-5187540,true
session_20260625_195259_P001,679,68238,2026-06-25T19:54:07.683045,Pas tensometryczny,-5189010,-5189010,true
session_20260625_195259_P001,680,68356,2026-06-25T19:54:07.801127,Pas tensometryczny,-5189708,-5189708,true
session_20260625_195259_P001,681,68445,2026-06-25T19:54:07.890064,Pas tensometryczny,-5190284,-5190284,true
session_20260625_195259_P001,682,68507,2026-06-25T19:54:07.952549,Pas tensometryczny,-5190986,-5190986,true
session_20260625_195259_P001,683,68603,2026-06-25T19:54:08.047776,Pas tensometryczny,-5191597,-5191597,true
session_20260625_195259_P001,684,68746,2026-06-25T19:54:08.191303,Pas tensometryczny,-5192128,-5192128,true
session_20260625_195259_P001,685,68849,2026-06-25T19:54:08.294019,Pas tensometryczny,-5192723,-5192723,true
session_20260625_195259_P001,686,68944,2026-06-25T19:54:08.388933,Pas tensometryczny,-5193255,-5193255,true
session_20260625_195259_P001,687,69006,2026-06-25T19:54:08.450868,Pas tensometryczny,-5193624,-5193624,true
session_20260625_195259_P001,688,69148,2026-06-25T19:54:08.593271,Pas tensometryczny,-5194169,-5194169,true
session_20260625_195259_P001,689,69250,2026-06-25T19:54:08.695245,Pas tensometryczny,-5194606,-5194606,true
session_20260625_195259_P001,690,69347,2026-06-25T19:54:08.791941,Pas tensometryczny,-5194829,-5194829,true
session_20260625_195259_P001,691,69409,2026-06-25T19:54:08.853946,Pas tensometryczny,-5194932,-5194932,true
session_20260625_195259_P001,692,69499,2026-06-25T19:54:08.943975,Pas tensometryczny,-5194315,-5194315,true
session_20260625_195259_P001,693,69655,2026-06-25T19:54:09.100211,Pas tensometryczny,-5193030,-5193030,true
session_20260625_195259_P001,694,69755,2026-06-25T19:54:09.200326,Pas tensometryczny,-5191949,-5191949,true
session_20260625_195259_P001,695,69814,2026-06-25T19:54:09.259702,Pas tensometryczny,-5191179,-5191179,true
session_20260625_195259_P001,696,69902,2026-06-25T19:54:09.347257,Pas tensometryczny,-5190338,-5190338,true
session_20260625_195259_P001,697,70056,2026-06-25T19:54:09.500714,Pas tensometryczny,-5189453,-5189453,true
session_20260625_195259_P001,698,70145,2026-06-25T19:54:09.590563,Pas tensometryczny,-5188781,-5188781,true
session_20260625_195259_P001,699,70267,2026-06-25T19:54:09.711977,Pas tensometryczny,-5188097,-5188097,true
session_20260625_195259_P001,700,70328,2026-06-25T19:54:09.772941,Pas tensometryczny,-5187417,-5187417,true
session_20260625_195259_P001,701,70444,2026-06-25T19:54:09.889541,Pas tensometryczny,-5186935,-5186935,true
session_20260625_195259_P001,702,70552,2026-06-25T19:54:09.997427,Pas tensometryczny,-5186425,-5186425,true
session_20260625_195259_P001,703,70651,2026-06-25T19:54:10.096100,Pas tensometryczny,-5185827,-5185827,true
session_20260625_195259_P001,704,70712,2026-06-25T19:54:10.157220,Pas tensometryczny,-5185269,-5185269,true
session_20260625_195259_P001,705,70804,2026-06-25T19:54:10.248939,Pas tensometryczny,-5184696,-5184696,true
session_20260625_195259_P001,706,70939,2026-06-25T19:54:10.384668,Pas tensometryczny,-5184869,-5184869,true
session_20260625_195259_P001,707,71034,2026-06-25T19:54:10.478851,Pas tensometryczny,-5185103,-5185103,true
session_20260625_195259_P001,708,71127,2026-06-25T19:54:10.572244,Pas tensometryczny,-5185061,-5185061,true
session_20260625_195259_P001,709,71214,2026-06-25T19:54:10.659545,Pas tensometryczny,-5184425,-5184425,true
session_20260625_195259_P001,710,71351,2026-06-25T19:54:10.796308,Pas tensometryczny,-5183796,-5183796,true
session_20260625_195259_P001,711,71449,2026-06-25T19:54:10.894406,Pas tensometryczny,-5183344,-5183344,true
session_20260625_195259_P001,712,71560,2026-06-25T19:54:11.005389,Pas tensometryczny,-5183111,-5183111,true
session_20260625_195259_P001,713,71612,2026-06-25T19:54:11.057508,Pas tensometryczny,-5183116,-5183116,true
session_20260625_195259_P001,714,71703,2026-06-25T19:54:11.147834,Pas tensometryczny,-5183124,-5183124,true
session_20260625_195259_P001,715,71845,2026-06-25T19:54:11.290110,Pas tensometryczny,-5183267,-5183267,true
session_20260625_195259_P001,716,71984,2026-06-25T19:54:11.429592,Pas tensometryczny,-5183730,-5183730,true
session_20260625_195259_P001,717,72020,2026-06-25T19:54:11.465222,Pas tensometryczny,-5184814,-5184814,true
session_20260625_195259_P001,718,72113,2026-06-25T19:54:11.558651,Pas tensometryczny,-5185972,-5185972,true
session_20260625_195259_P001,719,72314,2026-06-25T19:54:11.759204,Pas tensometryczny,-5187029,-5187029,true
session_20260625_195259_P001,720,72357,2026-06-25T19:54:11.802001,Pas tensometryczny,-5188006,-5188006,true
session_20260625_195259_P001,721,72431,2026-06-25T19:54:11.875833,Pas tensometryczny,-5188716,-5188716,true
session_20260625_195259_P001,722,72546,2026-06-25T19:54:11.990949,Pas tensometryczny,-5189268,-5189268,true
session_20260625_195259_P001,723,72648,2026-06-25T19:54:12.093402,Pas tensometryczny,-5189740,-5189740,true
session_20260625_195259_P001,724,72742,2026-06-25T19:54:12.187557,Pas tensometryczny,-5190261,-5190261,true
session_20260625_195259_P001,725,72859,2026-06-25T19:54:12.303937,Pas tensometryczny,-5190846,-5190846,true
session_20260625_195259_P001,726,72919,2026-06-25T19:54:12.364360,Pas tensometryczny,-5191371,-5191371,true
session_20260625_195259_P001,727,73056,2026-06-25T19:54:12.501546,Pas tensometryczny,-5191788,-5191788,true
session_20260625_195259_P001,728,73164,2026-06-25T19:54:12.609050,Pas tensometryczny,-5191559,-5191559,true
session_20260625_195259_P001,729,73234,2026-06-25T19:54:12.679696,Pas tensometryczny,-5190484,-5190484,true
session_20260625_195259_P001,730,73338,2026-06-25T19:54:12.783590,Pas tensometryczny,-5189211,-5189211,true
session_20260625_195259_P001,731,73442,2026-06-25T19:54:12.886938,Pas tensometryczny,-5188151,-5188151,true
session_20260625_195259_P001,732,73551,2026-06-25T19:54:12.995991,Pas tensometryczny,-5186688,-5186688,true
session_20260625_195259_P001,733,73641,2026-06-25T19:54:13.085850,Pas tensometryczny,-5185936,-5185936,true
session_20260625_195259_P001,734,73762,2026-06-25T19:54:13.207633,Pas tensometryczny,-5185115,-5185115,true
session_20260625_195259_P001,735,73820,2026-06-25T19:54:13.265129,Pas tensometryczny,-5184382,-5184382,true
session_20260625_195259_P001,736,74031,2026-06-25T19:54:13.475834,Pas tensometryczny,-5183838,-5183838,true
session_20260625_195259_P001,737,74043,2026-06-25T19:54:13.488688,Pas tensometryczny,-5183888,-5183888,true
session_20260625_195259_P001,738,74155,2026-06-25T19:54:13.600084,Pas tensometryczny,-5184861,-5184861,true
session_20260625_195259_P001,739,74246,2026-06-25T19:54:13.691133,Pas tensometryczny,-5186257,-5186257,true
session_20260625_195259_P001,740,74342,2026-06-25T19:54:13.787414,Pas tensometryczny,-5187365,-5187365,true
session_20260625_195259_P001,741,74460,2026-06-25T19:54:13.905216,Pas tensometryczny,-5188059,-5188059,true
session_20260625_195259_P001,742,74553,2026-06-25T19:54:13.997901,Pas tensometryczny,-5188716,-5188716,true
session_20260625_195259_P001,743,74646,2026-06-25T19:54:14.090915,Pas tensometryczny,-5189343,-5189343,true
session_20260625_195259_P001,744,74745,2026-06-25T19:54:14.190665,Pas tensometryczny,-5190022,-5190022,true
session_20260625_195259_P001,745,74871,2026-06-25T19:54:14.316560,Pas tensometryczny,-5190725,-5190725,true
session_20260625_195259_P001,746,74965,2026-06-25T19:54:14.410256,Pas tensometryczny,-5191269,-5191269,true
session_20260625_195259_P001,747,75064,2026-06-25T19:54:14.508744,Pas tensometryczny,-5191620,-5191620,true
session_20260625_195259_P001,748,75122,2026-06-25T19:54:14.567707,Pas tensometryczny,-5191949,-5191949,true
session_20260625_195259_P001,749,75212,2026-06-25T19:54:14.656995,Pas tensometryczny,-5192343,-5192343,true
session_20260625_195259_P001,750,75348,2026-06-25T19:54:14.793063,Pas tensometryczny,-5192266,-5192266,true
session_20260625_195259_P001,751,75459,2026-06-25T19:54:14.904302,Pas tensometryczny,-5191333,-5191333,true
session_20260625_195259_P001,752,75550,2026-06-25T19:54:14.994799,Pas tensometryczny,-5190264,-5190264,true
session_20260625_195259_P001,753,75621,2026-06-25T19:54:15.065858,Pas tensometryczny,-5189090,-5189090,true
session_20260625_195259_P001,754,75769,2026-06-25T19:54:15.213954,Pas tensometryczny,-5187941,-5187941,true
session_20260625_195259_P001,755,75869,2026-06-25T19:54:15.314492,Pas tensometryczny,-5187010,-5187010,true
session_20260625_195259_P001,756,75941,2026-06-25T19:54:15.386127,Pas tensometryczny,-5186392,-5186392,true
session_20260625_195259_P001,757,76183,2026-06-25T19:54:15.627935,Pas tensometryczny,-5184639,-5184639,true
session_20260625_195259_P001,758,76251,2026-06-25T19:54:15.696031,Pas tensometryczny,-5183980,-5183980,true
session_20260625_195259_P001,759,76337,2026-06-25T19:54:15.782188,Pas tensometryczny,-5183915,-5183915,true
session_20260625_195259_P001,760,76437,2026-06-25T19:54:15.881844,Pas tensometryczny,-5184874,-5184874,true
session_20260625_195259_P001,761,76557,2026-06-25T19:54:16.002183,Pas tensometryczny,-5186131,-5186131,true
session_20260625_195259_P001,762,76671,2026-06-25T19:54:16.116409,Pas tensometryczny,-5187366,-5187366,true
session_20260625_195259_P001,763,76744,2026-06-25T19:54:16.189426,Pas tensometryczny,-5188369,-5188369,true
session_20260625_195259_P001,764,76833,2026-06-25T19:54:16.278340,Pas tensometryczny,-5189065,-5189065,true
session_20260625_195259_P001,765,76922,2026-06-25T19:54:16.367427,Pas tensometryczny,-5189607,-5189607,true
session_20260625_195259_P001,766,77066,2026-06-25T19:54:16.511620,Pas tensometryczny,-5189998,-5189998,true
session_20260625_195259_P001,767,77159,2026-06-25T19:54:16.604517,Pas tensometryczny,-5190526,-5190526,true
session_20260625_195259_P001,768,77252,2026-06-25T19:54:16.697347,Pas tensometryczny,-5191292,-5191292,true
session_20260625_195259_P001,769,77354,2026-06-25T19:54:16.799272,Pas tensometryczny,-5191979,-5191979,true
session_20260625_195259_P001,770,77419,2026-06-25T19:54:16.863968,Pas tensometryczny,-5192540,-5192540,true
session_20260625_195259_P001,771,77579,2026-06-25T19:54:17.024542,Pas tensometryczny,-5193070,-5193070,true
session_20260625_195259_P001,772,77681,2026-06-25T19:54:17.126264,Pas tensometryczny,-5193472,-5193472,true
session_20260625_195259_P001,773,77732,2026-06-25T19:54:17.177422,Pas tensometryczny,-5193274,-5193274,true
session_20260625_195259_P001,774,77850,2026-06-25T19:54:17.295399,Pas tensometryczny,-5192293,-5192293,true
session_20260625_195259_P001,775,77993,2026-06-25T19:54:17.438299,Pas tensometryczny,-5191042,-5191042,true
session_20260625_195259_P001,776,78046,2026-06-25T19:54:17.491639,Pas tensometryczny,-5189767,-5189767,true
session_20260625_195259_P001,777,78152,2026-06-25T19:54:17.597531,Pas tensometryczny,-5188644,-5188644,true
session_20260625_195259_P001,778,78232,2026-06-25T19:54:17.677026,Pas tensometryczny,-5187706,-5187706,true
session_20260625_195259_P001,779,78396,2026-06-25T19:54:17.841147,Pas tensometryczny,-5186962,-5186962,true
session_20260625_195259_P001,780,78455,2026-06-25T19:54:17.900328,Pas tensometryczny,-5186488,-5186488,true
session_20260625_195259_P001,781,78554,2026-06-25T19:54:17.999243,Pas tensometryczny,-5185964,-5185964,true
session_20260625_195259_P001,782,78646,2026-06-25T19:54:18.091220,Pas tensometryczny,-5185239,-5185239,true
session_20260625_195259_P001,783,78755,2026-06-25T19:54:18.199992,Pas tensometryczny,-5184213,-5184213,true
session_20260625_195259_P001,784,78862,2026-06-25T19:54:18.307539,Pas tensometryczny,-5184251,-5184251,true
session_20260625_195259_P001,785,78965,2026-06-25T19:54:18.410045,Pas tensometryczny,-5185368,-5185368,true
session_20260625_195259_P001,786,79059,2026-06-25T19:54:18.504107,Pas tensometryczny,-5186925,-5186925,true
session_20260625_195259_P001,787,79141,2026-06-25T19:54:18.585914,Pas tensometryczny,-5187955,-5187955,true
session_20260625_195259_P001,788,79290,2026-06-25T19:54:18.735172,Pas tensometryczny,-5188575,-5188575,true
session_20260625_195259_P001,789,79353,2026-06-25T19:54:18.798144,Pas tensometryczny,-5189316,-5189316,true
session_20260625_195259_P001,790,79464,2026-06-25T19:54:18.909511,Pas tensometryczny,-5190100,-5190100,true
session_20260625_195259_P001,791,79567,2026-06-25T19:54:19.012632,Pas tensometryczny,-5190721,-5190721,true
session_20260625_195259_P001,792,79637,2026-06-25T19:54:19.081817,Pas tensometryczny,-5191440,-5191440,true
session_20260625_195259_P001,793,79758,2026-06-25T19:54:19.203269,Pas tensometryczny,-5192091,-5192091,true
session_20260625_195259_P001,794,79869,2026-06-25T19:54:19.314224,Pas tensometryczny,-5192574,-5192574,true
session_20260625_195259_P001,795,79938,2026-06-25T19:54:19.382910,Pas tensometryczny,-5193099,-5193099,true
session_20260625_195259_P001,796,80049,2026-06-25T19:54:19.493971,Pas tensometryczny,-5193465,-5193465,true
session_20260625_195259_P001,797,80179,2026-06-25T19:54:19.623765,Pas tensometryczny,-5193291,-5193291,true
session_20260625_195259_P001,798,80263,2026-06-25T19:54:19.708296,Pas tensometryczny,-5192408,-5192408,true
session_20260625_195259_P001,799,80360,2026-06-25T19:54:19.805446,Pas tensometryczny,-5191237,-5191237,true
session_20260625_195259_P001,800,80455,2026-06-25T19:54:19.900276,Pas tensometryczny,-5189989,-5189989,true
session_20260625_195259_P001,801,80588,2026-06-25T19:54:20.033052,Pas tensometryczny,-5188932,-5188932,true
session_20260625_195259_P001,802,80691,2026-06-25T19:54:20.135907,Pas tensometryczny,-5188146,-5188146,true
session_20260625_195259_P001,803,80760,2026-06-25T19:54:20.205603,Pas tensometryczny,-5187440,-5187440,true
session_20260625_195259_P001,804,80861,2026-06-25T19:54:20.306324,Pas tensometryczny,-5186854,-5186854,true
session_20260625_195259_P001,805,80932,2026-06-25T19:54:20.377202,Pas tensometryczny,-5186409,-5186409,true
session_20260625_195259_P001,806,81064,2026-06-25T19:54:20.508718,Pas tensometryczny,-5185755,-5185755,true
session_20260625_195259_P001,807,81153,2026-06-25T19:54:20.597835,Pas tensometryczny,-5185152,-5185152,true
session_20260625_195259_P001,808,81255,2026-06-25T19:54:20.700330,Pas tensometryczny,-5184637,-5184637,true
session_20260625_195259_P001,809,81334,2026-06-25T19:54:20.778868,Pas tensometryczny,-5184443,-5184443,true
session_20260625_195259_P001,810,81510,2026-06-25T19:54:20.955669,Pas tensometryczny,-5184881,-5184881,true
session_20260625_195259_P001,811,81578,2026-06-25T19:54:21.023588,Pas tensometryczny,-5185166,-5185166,true
session_20260625_195259_P001,812,81683,2026-06-25T19:54:21.127941,Pas tensometryczny,-5185106,-5185106,true
session_20260625_195259_P001,813,81747,2026-06-25T19:54:21.191865,Pas tensometryczny,-5185037,-5185037,true
session_20260625_195259_P001,814,81844,2026-06-25T19:54:21.288727,Pas tensometryczny,-5185017,-5185017,true
session_20260625_195259_P001,815,82037,2026-06-25T19:54:21.482558,Pas tensometryczny,-5185041,-5185041,true
session_20260625_195259_P001,816,82081,2026-06-25T19:54:21.526548,Pas tensometryczny,-5185103,-5185103,true
session_20260625_195259_P001,817,82147,2026-06-25T19:54:21.592198,Pas tensometryczny,-5185423,-5185423,true
session_20260625_195259_P001,818,82235,2026-06-25T19:54:21.680499,Pas tensometryczny,-5185599,-5185599,true
session_20260625_195259_P001,819,82389,2026-06-25T19:54:21.834299,Pas tensometryczny,-5185581,-5185581,true
session_20260625_195259_P001,820,82487,2026-06-25T19:54:21.931941,Pas tensometryczny,-5185529,-5185529,true
session_20260625_195259_P001,821,82550,2026-06-25T19:54:21.995058,Pas tensometryczny,-5185741,-5185741,true
session_20260625_195259_P001,822,82642,2026-06-25T19:54:22.087589,Pas tensometryczny,-5186313,-5186313,true
session_20260625_195259_P001,823,82790,2026-06-25T19:54:22.235668,Pas tensometryczny,-5187091,-5187091,true
session_20260625_195259_P001,824,82862,2026-06-25T19:54:22.307692,Pas tensometryczny,-5187907,-5187907,true
session_20260625_195259_P001,825,82981,2026-06-25T19:54:22.425867,Pas tensometryczny,-5188454,-5188454,true
session_20260625_195259_P001,826,83085,2026-06-25T19:54:22.530692,Pas tensometryczny,-5188829,-5188829,true
session_20260625_195259_P001,827,83147,2026-06-25T19:54:22.592633,Pas tensometryczny,-5189235,-5189235,true
session_20260625_195259_P001,828,83269,2026-06-25T19:54:22.714261,Pas tensometryczny,-5189577,-5189577,true
session_20260625_195259_P001,829,83357,2026-06-25T19:54:22.801935,Pas tensometryczny,-5189954,-5189954,true
session_20260625_195259_P001,830,83479,2026-06-25T19:54:22.923987,Pas tensometryczny,-5190372,-5190372,true
session_20260625_195259_P001,831,83546,2026-06-25T19:54:22.991280,Pas tensometryczny,-5190876,-5190876,true
session_20260625_195259_P001,832,83673,2026-06-25T19:54:23.117922,Pas tensometryczny,-5191245,-5191245,true
session_20260625_195259_P001,833,83766,2026-06-25T19:54:23.210760,Pas tensometryczny,-5191547,-5191547,true
session_20260625_195259_P001,834,83853,2026-06-25T19:54:23.298328,Pas tensometryczny,-5191914,-5191914,true
session_20260625_195259_P001,835,83968,2026-06-25T19:54:23.413373,Pas tensometryczny,-5192535,-5192535,true
session_20260625_195259_P001,836,84077,2026-06-25T19:54:23.522117,Pas tensometryczny,-5192824,-5192824,true
session_20260625_195259_P001,837,84170,2026-06-25T19:54:23.615251,Pas tensometryczny,-5193251,-5193251,true
session_20260625_195259_P001,838,84265,2026-06-25T19:54:23.709714,Pas tensometryczny,-5193553,-5193553,true
session_20260625_195259_P001,839,84349,2026-06-25T19:54:23.794491,Pas tensometryczny,-5193915,-5193915,true
session_20260625_195259_P001,840,84470,2026-06-25T19:54:23.914897,Pas tensometryczny,-5194159,-5194159,true
session_20260625_195259_P001,841,84573,2026-06-25T19:54:24.017725,Pas tensometryczny,-5194381,-5194381,true
session_20260625_195259_P001,842,84664,2026-06-25T19:54:24.109616,Pas tensometryczny,-5194721,-5194721,true
session_20260625_195259_P001,843,84752,2026-06-25T19:54:24.197253,Pas tensometryczny,-5195302,-5195302,true
session_20260625_195259_P001,844,84851,2026-06-25T19:54:24.295976,Pas tensometryczny,-5195976,-5195976,true
session_20260625_195259_P001,845,85003,2026-06-25T19:54:24.448021,Pas tensometryczny,-5196510,-5196510,true
session_20260625_195259_P001,846,85102,2026-06-25T19:54:24.547498,Pas tensometryczny,-5196931,-5196931,true
session_20260625_195259_P001,847,85170,2026-06-25T19:54:24.615662,Pas tensometryczny,-5197327,-5197327,true
session_20260625_195259_P001,848,85263,2026-06-25T19:54:24.708413,Pas tensometryczny,-5197676,-5197676,true
session_20260625_195259_P001,849,85361,2026-06-25T19:54:24.806275,Pas tensometryczny,-5197757,-5197757,true
session_20260625_195259_P001,850,85472,2026-06-25T19:54:24.917707,Pas tensometryczny,-5198049,-5198049,true
session_20260625_195259_P001,851,85590,2026-06-25T19:54:25.034824,Pas tensometryczny,-5198223,-5198223,true
session_20260625_195259_P001,852,85688,2026-06-25T19:54:25.133123,Pas tensometryczny,-5198167,-5198167,true
session_20260625_195259_P001,853,85754,2026-06-25T19:54:25.199513,Pas tensometryczny,-5198113,-5198113,true
session_20260625_195259_P001,854,85877,2026-06-25T19:54:25.321838,Pas tensometryczny,-5197948,-5197948,true
session_20260625_195259_P001,855,85979,2026-06-25T19:54:25.424196,Pas tensometryczny,-5197306,-5197306,true
session_20260625_195259_P001,856,86078,2026-06-25T19:54:25.523677,Pas tensometryczny,-5196417,-5196417,true
session_20260625_195259_P001,857,86173,2026-06-25T19:54:25.617854,Pas tensometryczny,-5195611,-5195611,true
session_20260625_195259_P001,858,86285,2026-06-25T19:54:25.730399,Pas tensometryczny,-5194929,-5194929,true
session_20260625_195259_P001,859,86385,2026-06-25T19:54:25.830492,Pas tensometryczny,-5194235,-5194235,true
session_20260625_195259_P001,860,86481,2026-06-25T19:54:25.926100,Pas tensometryczny,-5193469,-5193469,true
session_20260625_195259_P001,861,86575,2026-06-25T19:54:26.020696,Pas tensometryczny,-5192734,-5192734,true
session_20260625_195259_P001,862,86642,2026-06-25T19:54:26.087021,Pas tensometryczny,-5191482,-5191482,true
session_20260625_195259_P001,863,86801,2026-06-25T19:54:26.246705,Pas tensometryczny,-5190850,-5190850,true
session_20260625_195259_P001,864,86899,2026-06-25T19:54:26.344047,Pas tensometryczny,-5190077,-5190077,true
session_20260625_195259_P001,865,86957,2026-06-25T19:54:26.402673,Pas tensometryczny,-5189236,-5189236,true
session_20260625_195259_P001,866,87047,2026-06-25T19:54:26.492434,Pas tensometryczny,-5188630,-5188630,true
session_20260625_195259_P001,867,87201,2026-06-25T19:54:26.646110,Pas tensometryczny,-5188133,-5188133,true
session_20260625_195259_P001,868,87300,2026-06-25T19:54:26.744741,Pas tensometryczny,-5187797,-5187797,true
session_20260625_195259_P001,869,87362,2026-06-25T19:54:26.807612,Pas tensometryczny,-5187267,-5187267,true
session_20260625_195259_P001,870,87455,2026-06-25T19:54:26.900394,Pas tensometryczny,-5186671,-5186671,true
session_20260625_195259_P001,871,87547,2026-06-25T19:54:26.992353,Pas tensometryczny,-5186203,-5186203,true
session_20260625_195259_P001,872,87688,2026-06-25T19:54:27.133150,Pas tensometryczny,-5185690,-5185690,true
session_20260625_195259_P001,873,87793,2026-06-25T19:54:27.238575,Pas tensometryczny,-5185316,-5185316,true
session_20260625_195259_P001,874,87896,2026-06-25T19:54:27.341300,Pas tensometryczny,-5185069,-5185069,true
session_20260625_195259_P001,875,87948,2026-06-25T19:54:27.393607,Pas tensometryczny,-5184746,-5184746,true
session_20260625_195259_P001,876,88111,2026-06-25T19:54:27.556531,Pas tensometryczny,-5184190,-5184190,true
session_20260625_195259_P001,877,88207,2026-06-25T19:54:27.651845,Pas tensometryczny,-5183716,-5183716,true
session_20260625_195259_P001,878,88262,2026-06-25T19:54:27.707054,Pas tensometryczny,-5183400,-5183400,true
session_20260625_195259_P001,879,88361,2026-06-25T19:54:27.806237,Pas tensometryczny,-5183125,-5183125,true
session_20260625_195259_P001,880,88512,2026-06-25T19:54:27.956877,Pas tensometryczny,-5182957,-5182957,true
session_20260625_195259_P001,881,88589,2026-06-25T19:54:28.034513,Pas tensometryczny,-5182635,-5182635,true
session_20260625_195259_P001,882,88668,2026-06-25T19:54:28.113355,Pas tensometryczny,-5182270,-5182270,true
session_20260625_195259_P001,883,88763,2026-06-25T19:54:28.208521,Pas tensometryczny,-5182063,-5182063,true
session_20260625_195259_P001,884,88862,2026-06-25T19:54:28.307104,Pas tensometryczny,-5181898,-5181898,true
session_20260625_195259_P001,885,88982,2026-06-25T19:54:28.427600,Pas tensometryczny,-5181937,-5181937,true
session_20260625_195259_P001,886,89077,2026-06-25T19:54:28.522245,Pas tensometryczny,-5182025,-5182025,true
session_20260625_195259_P001,887,89180,2026-06-25T19:54:28.625451,Pas tensometryczny,-5182023,-5182023,true
session_20260625_195259_P001,888,89256,2026-06-25T19:54:28.701023,Pas tensometryczny,-5182216,-5182216,true
session_20260625_195259_P001,889,89387,2026-06-25T19:54:28.832298,Pas tensometryczny,-5183801,-5183801,true
session_20260625_195259_P001,890,89477,2026-06-25T19:54:28.922661,Pas tensometryczny,-5184618,-5184618,true
session_20260625_195259_P001,891,89577,2026-06-25T19:54:29.021835,Pas tensometryczny,-5185534,-5185534,true
session_20260625_195259_P001,892,89676,2026-06-25T19:54:29.121594,Pas tensometryczny,-5186272,-5186272,true
session_20260625_195259_P001,893,89777,2026-06-25T19:54:29.222322,Pas tensometryczny,-5186773,-5186773,true
session_20260625_195259_P001,894,89884,2026-06-25T19:54:29.328899,Pas tensometryczny,-5187266,-5187266,true
session_20260625_195259_P001,895,89975,2026-06-25T19:54:29.420271,Pas tensometryczny,-5187680,-5187680,true
session_20260625_195259_P001,896,90074,2026-06-25T19:54:29.518931,Pas tensometryczny,-5188147,-5188147,true
session_20260625_195259_P001,897,90167,2026-06-25T19:54:29.612307,Pas tensometryczny,-5188645,-5188645,true
session_20260625_195259_P001,898,90290,2026-06-25T19:54:29.735697,Pas tensometryczny,-5189184,-5189184,true
session_20260625_195259_P001,899,90381,2026-06-25T19:54:29.826547,Pas tensometryczny,-5189559,-5189559,true
session_20260625_195259_P001,900,90492,2026-06-25T19:54:29.937425,Pas tensometryczny,-5189793,-5189793,true
session_20260625_195259_P001,901,90560,2026-06-25T19:54:30.004947,Pas tensometryczny,-5190040,-5190040,true
session_20260625_195259_P001,902,90692,2026-06-25T19:54:30.137521,Pas tensometryczny,-5190259,-5190259,true
session_20260625_195259_P001,903,90817,2026-06-25T19:54:30.261760,Pas tensometryczny,-5190557,-5190557,true
session_20260625_195259_P001,904,90874,2026-06-25T19:54:30.319651,Pas tensometryczny,-5190813,-5190813,true
session_20260625_195259_P001,905,90986,2026-06-25T19:54:30.431612,Pas tensometryczny,-5191125,-5191125,true
session_20260625_195259_P001,906,91081,2026-06-25T19:54:30.526217,Pas tensometryczny,-5191438,-5191438,true
session_20260625_195259_P001,907,91189,2026-06-25T19:54:30.634054,Pas tensometryczny,-5191617,-5191617,true
session_20260625_195259_P001,908,91279,2026-06-25T19:54:30.724367,Pas tensometryczny,-5191735,-5191735,true
session_20260625_195259_P001,909,91401,2026-06-25T19:54:30.846050,Pas tensometryczny,-5191917,-5191917,true
session_20260625_195259_P001,910,91460,2026-06-25T19:54:30.904905,Pas tensometryczny,-5192127,-5192127,true
session_20260625_195259_P001,911,91618,2026-06-25T19:54:31.062834,Pas tensometryczny,-5192412,-5192412,true
session_20260625_195259_P001,912,91716,2026-06-25T19:54:31.161,Pas tensometryczny,-5192685,-5192685,true
session_20260625_195259_P001,913,91776,2026-06-25T19:54:31.221161,Pas tensometryczny,-5192534,-5192534,true
session_20260625_195259_P001,914,91888,2026-06-25T19:54:31.333478,Pas tensometryczny,-5191497,-5191497,true
session_20260625_195259_P001,915,92030,2026-06-25T19:54:31.475672,Pas tensometryczny,-5189550,-5189550,true
session_20260625_195259_P001,916,92088,2026-06-25T19:54:31.533484,Pas tensometryczny,-5188751,-5188751,true
session_20260625_195259_P001,917,92195,2026-06-25T19:54:31.640615,Pas tensometryczny,-5188106,-5188106,true
session_20260625_195259_P001,918,92294,2026-06-25T19:54:31.739346,Pas tensometryczny,-5187382,-5187382,true
session_20260625_195259_P001,919,92360,2026-06-25T19:54:31.805049,Pas tensometryczny,-5186882,-5186882,true
session_20260625_195259_P001,920,92492,2026-06-25T19:54:31.937086,Pas tensometryczny,-5186261,-5186261,true
session_20260625_195259_P001,921,92594,2026-06-25T19:54:32.039382,Pas tensometryczny,-5185557,-5185557,true
session_20260625_195259_P001,922,92693,2026-06-25T19:54:32.137903,Pas tensometryczny,-5184995,-5184995,true
session_20260625_195259_P001,923,92762,2026-06-25T19:54:32.207355,Pas tensometryczny,-5184824,-5184824,true
session_20260625_195259_P001,924,92902,2026-06-25T19:54:32.347066,Pas tensometryczny,-5185570,-5185570,true
session_20260625_195259_P001,925,92993,2026-06-25T19:54:32.438347,Pas tensometryczny,-5186781,-5186781,true
session_20260625_195259_P001,926,93087,2026-06-25T19:54:32.532023,Pas tensometryczny,-5188020,-5188020,true
session_20260625_195259_P001,927,93174,2026-06-25T19:54:32.619629,Pas tensometryczny,-5188992,-5188992,true
session_20260625_195259_P001,928,93266,2026-06-25T19:54:32.711163,Pas tensometryczny,-5189769,-5189769,true
session_20260625_195259_P001,929,93412,2026-06-25T19:54:32.857082,Pas tensometryczny,-5190492,-5190492,true
session_20260625_195259_P001,930,93488,2026-06-25T19:54:32.933629,Pas tensometryczny,-5191126,-5191126,true
session_20260625_195259_P001,931,93575,2026-06-25T19:54:33.019935,Pas tensometryczny,-5191788,-5191788,true
session_20260625_195259_P001,932,93664,2026-06-25T19:54:33.109294,Pas tensometryczny,-5192469,-5192469,true
session_20260625_195259_P001,933,93798,2026-06-25T19:54:33.243598,Pas tensometryczny,-5193042,-5193042,true
session_20260625_195259_P001,934,93899,2026-06-25T19:54:33.343786,Pas tensometryczny,-5193352,-5193352,true
session_20260625_195259_P001,935,93979,2026-06-25T19:54:33.424009,Pas tensometryczny,-5193587,-5193587,true
session_20260625_195259_P001,936,94074,2026-06-25T19:54:33.519353,Pas tensometryczny,-5193913,-5193913,true
session_20260625_195259_P001,937,94228,2026-06-25T19:54:33.673156,Pas tensometryczny,-5194291,-5194291,true
session_20260625_195259_P001,938,94333,2026-06-25T19:54:33.778441,Pas tensometryczny,-5194695,-5194695,true
session_20260625_195259_P001,939,94383,2026-06-25T19:54:33.827896,Pas tensometryczny,-5195107,-5195107,true
session_20260625_195259_P001,940,94484,2026-06-25T19:54:33.928917,Pas tensometryczny,-5195010,-5195010,true
session_20260625_195259_P001,941,94567,2026-06-25T19:54:34.012211,Pas tensometryczny,-5192920,-5192920,true
session_20260625_195259_P001,942,94706,2026-06-25T19:54:34.151105,Pas tensometryczny,-5191851,-5191851,true
session_20260625_195259_P001,943,94797,2026-06-25T19:54:34.242519,Pas tensometryczny,-5190819,-5190819,true
session_20260625_195259_P001,944,94879,2026-06-25T19:54:34.324086,Pas tensometryczny,-5190039,-5190039,true
session_20260625_195259_P001,945,94985,2026-06-25T19:54:34.429843,Pas tensometryczny,-5189373,-5189373,true
session_20260625_195259_P001,946,95107,2026-06-25T19:54:34.552310,Pas tensometryczny,-5188613,-5188613,true
session_20260625_195259_P001,947,95195,2026-06-25T19:54:34.640435,Pas tensometryczny,-5187821,-5187821,true
session_20260625_195259_P001,948,95297,2026-06-25T19:54:34.742196,Pas tensometryczny,-5187092,-5187092,true
session_20260625_195259_P001,949,95373,2026-06-25T19:54:34.818529,Pas tensometryczny,-5186480,-5186480,true
session_20260625_195259_P001,950,95479,2026-06-25T19:54:34.923893,Pas tensometryczny,-5185999,-5185999,true
session_20260625_195259_P001,951,95638,2026-06-25T19:54:35.083153,Pas tensometryczny,-5185662,-5185662,true
session_20260625_195259_P001,952,95688,2026-06-25T19:54:35.133352,Pas tensometryczny,-5185206,-5185206,true
session_20260625_195259_P001,953,95782,2026-06-25T19:54:35.227252,Pas tensometryczny,-5184612,-5184612,true
session_20260625_195259_P001,954,95879,2026-06-25T19:54:35.324496,Pas tensometryczny,-5184069,-5184069,true
session_20260625_195259_P001,955,96008,2026-06-25T19:54:35.452839,Pas tensometryczny,-5183661,-5183661,true
session_20260625_195259_P001,956,96107,2026-06-25T19:54:35.552584,Pas tensometryczny,-5183356,-5183356,true
session_20260625_195259_P001,957,96201,2026-06-25T19:54:35.646117,Pas tensometryczny,-5183265,-5183265,true
session_20260625_195259_P001,958,96303,2026-06-25T19:54:35.748017,Pas tensometryczny,-5183264,-5183264,true
session_20260625_195259_P001,959,96409,2026-06-25T19:54:35.854416,Pas tensometryczny,-5183172,-5183172,true
session_20260625_195259_P001,960,96513,2026-06-25T19:54:35.957869,Pas tensometryczny,-5183256,-5183256,true
session_20260625_195259_P001,961,96588,2026-06-25T19:54:36.033332,Pas tensometryczny,-5183638,-5183638,true
session_20260625_195259_P001,962,96705,2026-06-25T19:54:36.149859,Pas tensometryczny,-5184367,-5184367,true
session_20260625_195259_P001,963,96791,2026-06-25T19:54:36.236418,Pas tensometryczny,-5185430,-5185430,true
session_20260625_195259_P001,964,96916,2026-06-25T19:54:36.361101,Pas tensometryczny,-5186511,-5186511,true
session_20260625_195259_P001,965,96996,2026-06-25T19:54:36.441588,Pas tensometryczny,-5187250,-5187250,true
session_20260625_195259_P001,966,97107,2026-06-25T19:54:36.552087,Pas tensometryczny,-5187775,-5187775,true
session_20260625_195259_P001,967,97195,2026-06-25T19:54:36.640393,Pas tensometryczny,-5188878,-5188878,true
session_20260625_195259_P001,968,97309,2026-06-25T19:54:36.753902,Pas tensometryczny,-5189439,-5189439,true
session_20260625_195259_P001,969,97423,2026-06-25T19:54:36.868333,Pas tensometryczny,-5190058,-5190058,true
session_20260625_195259_P001,970,97490,2026-06-25T19:54:36.935073,Pas tensometryczny,-5190632,-5190632,true
session_20260625_195259_P001,971,97606,2026-06-25T19:54:37.050952,Pas tensometryczny,-5191081,-5191081,true
session_20260625_195259_P001,972,97710,2026-06-25T19:54:37.155082,Pas tensometryczny,-5191471,-5191471,true
session_20260625_195259_P001,973,97804,2026-06-25T19:54:37.249438,Pas tensometryczny,-5191912,-5191912,true
session_20260625_195259_P001,974,97931,2026-06-25T19:54:37.376467,Pas tensometryczny,-5192320,-5192320,true
session_20260625_195259_P001,975,98000,2026-06-25T19:54:37.445637,Pas tensometryczny,-5192676,-5192676,true
session_20260625_195259_P001,976,98074,2026-06-25T19:54:37.518858,Pas tensometryczny,-5193077,-5193077,true
session_20260625_195259_P001,977,98217,2026-06-25T19:54:37.662144,Pas tensometryczny,-5193301,-5193301,true
session_20260625_195259_P001,978,98323,2026-06-25T19:54:37.767778,Pas tensometryczny,-5192934,-5192934,true
session_20260625_195259_P001,979,98412,2026-06-25T19:54:37.857222,Pas tensometryczny,-5191918,-5191918,true
session_20260625_195259_P001,980,98479,2026-06-25T19:54:37.924358,Pas tensometryczny,-5190765,-5190765,true
session_20260625_195259_P001,981,98640,2026-06-25T19:54:38.085065,Pas tensometryczny,-5189805,-5189805,true
session_20260625_195259_P001,982,98709,2026-06-25T19:54:38.154292,Pas tensometryczny,-5189001,-5189001,true
session_20260625_195259_P001,983,98809,2026-06-25T19:54:38.254029,Pas tensometryczny,-5188332,-5188332,true
session_20260625_195259_P001,984,98883,2026-06-25T19:54:38.327913,Pas tensometryczny,-5187538,-5187538,true
session_20260625_195259_P001,985,98973,2026-06-25T19:54:38.417921,Pas tensometryczny,-5186795,-5186795,true
session_20260625_195259_P001,986,99132,2026-06-25T19:54:38.577143,Pas tensometryczny,-5186104,-5186104,true
session_20260625_195259_P001,987,99225,2026-06-25T19:54:38.670355,Pas tensometryczny,-5185510,-5185510,true
session_20260625_195259_P001,988,99317,2026-06-25T19:54:38.762178,Pas tensometryczny,-5185126,-5185126,true
session_20260625_195259_P001,989,99378,2026-06-25T19:54:38.823039,Pas tensometryczny,-5184740,-5184740,true
session_20260625_195259_P001,990,99527,2026-06-25T19:54:38.972474,Pas tensometryczny,-5184285,-5184285,true
session_20260625_195259_P001,991,99622,2026-06-25T19:54:39.067137,Pas tensometryczny,-5183756,-5183756,true
session_20260625_195259_P001,992,99718,2026-06-25T19:54:39.163519,Pas tensometryczny,-5183184,-5183184,true
session_20260625_195259_P001,993,99782,2026-06-25T19:54:39.227603,Pas tensometryczny,-5182800,-5182800,true
session_20260625_195259_P001,994,99878,2026-06-25T19:54:39.323662,Pas tensometryczny,-5182687,-5182687,true
session_20260625_195259_P001,995,100029,2026-06-25T19:54:39.474488,Pas tensometryczny,-5182954,-5182954,true
session_20260625_195259_P001,996,100097,2026-06-25T19:54:39.542119,Pas tensometryczny,-5183218,-5183218,true
session_20260625_195259_P001,997,100187,2026-06-25T19:54:39.632236,Pas tensometryczny,-5183510,-5183510,true
session_20260625_195259_P001,998,100277,2026-06-25T19:54:39.722193,Pas tensometryczny,-5183962,-5183962,true
session_20260625_195259_P001,999,100452,2026-06-25T19:54:39.897299,Pas tensometryczny,-5184688,-5184688,true
session_20260625_195259_P001,1000,100503,2026-06-25T19:54:39.947911,Pas tensometryczny,-5185487,-5185487,true
session_20260625_195259_P001,1001,100618,2026-06-25T19:54:40.062943,Pas tensometryczny,-5186455,-5186455,true
session_20260625_195259_P001,1002,100683,2026-06-25T19:54:40.128602,Pas tensometryczny,-5187157,-5187157,true
session_20260625_195259_P001,1003,100818,2026-06-25T19:54:40.263516,Pas tensometryczny,-5187755,-5187755,true
session_20260625_195259_P001,1004,100971,2026-06-25T19:54:40.416549,Pas tensometryczny,-5188259,-5188259,true
session_20260625_195259_P001,1005,101005,2026-06-25T19:54:40.450059,Pas tensometryczny,-5188761,-5188761,true
session_20260625_195259_P001,1006,101092,2026-06-25T19:54:40.536951,Pas tensometryczny,-5189213,-5189213,true
session_20260625_195259_P001,1007,101190,2026-06-25T19:54:40.635169,Pas tensometryczny,-5189754,-5189754,true
session_20260625_195259_P001,1008,101323,2026-06-25T19:54:40.768700,Pas tensometryczny,-5190369,-5190369,true
session_20260625_195259_P001,1009,101428,2026-06-25T19:54:40.873471,Pas tensometryczny,-5190794,-5190794,true
session_20260625_195259_P001,1010,101517,2026-06-25T19:54:40.962005,Pas tensometryczny,-5191159,-5191159,true
session_20260625_195259_P001,1011,101606,2026-06-25T19:54:41.051440,Pas tensometryczny,-5191636,-5191636,true
session_20260625_195259_P001,1012,101717,2026-06-25T19:54:41.162503,Pas tensometryczny,-5191982,-5191982,true
session_20260625_195259_P001,1013,101813,2026-06-25T19:54:41.257734,Pas tensometryczny,-5192317,-5192317,true
session_20260625_195259_P001,1014,101939,2026-06-25T19:54:41.384118,Pas tensometryczny,-5192852,-5192852,true
session_20260625_195259_P001,1015,102012,2026-06-25T19:54:41.456896,Pas tensometryczny,-5193236,-5193236,true
session_20260625_195259_P001,1016,102122,2026-06-25T19:54:41.567117,Pas tensometryczny,-5193538,-5193538,true
session_20260625_195259_P001,1017,102216,2026-06-25T19:54:41.661011,Pas tensometryczny,-5193964,-5193964,true
session_20260625_195259_P001,1018,102307,2026-06-25T19:54:41.751951,Pas tensometryczny,-5194508,-5194508,true
session_20260625_195259_P001,1019,102409,2026-06-25T19:54:41.853916,Pas tensometryczny,-5195587,-5195587,true
session_20260625_195259_P001,1020,102509,2026-06-25T19:54:41.953988,Pas tensometryczny,-5196018,-5196018,true
session_20260625_195259_P001,1021,102636,2026-06-25T19:54:42.080919,Pas tensometryczny,-5196294,-5196294,true
session_20260625_195259_P001,1022,102710,2026-06-25T19:54:42.154803,Pas tensometryczny,-5196520,-5196520,true
session_20260625_195259_P001,1023,102818,2026-06-25T19:54:42.262800,Pas tensometryczny,-5196691,-5196691,true
session_20260625_195259_P001,1024,102920,2026-06-25T19:54:42.365360,Pas tensometryczny,-5196928,-5196928,true
session_20260625_195259_P001,1025,103023,2026-06-25T19:54:42.468057,Pas tensometryczny,-5197185,-5197185,true
session_20260625_195259_P001,1026,103127,2026-06-25T19:54:42.572232,Pas tensometryczny,-5197466,-5197466,true
session_20260625_195259_P001,1027,103230,2026-06-25T19:54:42.674834,Pas tensometryczny,-5197598,-5197598,true
session_20260625_195259_P001,1028,103292,2026-06-25T19:54:42.737204,Pas tensometryczny,-5197673,-5197673,true
session_20260625_195259_P001,1029,103392,2026-06-25T19:54:42.837284,Pas tensometryczny,-5197823,-5197823,true
session_20260625_195259_P001,1030,103547,2026-06-25T19:54:42.991819,Pas tensometryczny,-5197716,-5197716,true
session_20260625_195259_P001,1031,103617,2026-06-25T19:54:43.061814,Pas tensometryczny,-5197000,-5197000,true
session_20260625_195259_P001,1032,103714,2026-06-25T19:54:43.159235,Pas tensometryczny,-5195889,-5195889,true
session_20260625_195259_P001,1033,103812,2026-06-25T19:54:43.257430,Pas tensometryczny,-5195036,-5195036,true
session_20260625_195259_P001,1034,103931,2026-06-25T19:54:43.375891,Pas tensometryczny,-5194105,-5194105,true
session_20260625_195259_P001,1035,104035,2026-06-25T19:54:43.480318,Pas tensometryczny,-5193134,-5193134,true
session_20260625_195259_P001,1036,104159,2026-06-25T19:54:43.604328,Pas tensometryczny,-5192160,-5192160,true
session_20260625_195259_P001,1037,104239,2026-06-25T19:54:43.684299,Pas tensometryczny,-5191226,-5191226,true
session_20260625_195259_P001,1038,104355,2026-06-25T19:54:43.800386,Pas tensometryczny,-5190585,-5190585,true
session_20260625_195259_P001,1039,104417,2026-06-25T19:54:43.861788,Pas tensometryczny,-5190018,-5190018,true
session_20260625_195259_P001,1040,104517,2026-06-25T19:54:43.962001,Pas tensometryczny,-5189253,-5189253,true
session_20260625_195259_P001,1041,104626,2026-06-25T19:54:44.070796,Pas tensometryczny,-5188527,-5188527,true
session_20260625_195259_P001,1042,104694,2026-06-25T19:54:44.139208,Pas tensometryczny,-5187771,-5187771,true
session_20260625_195259_P001,1043,104841,2026-06-25T19:54:44.285899,Pas tensometryczny,-5186996,-5186996,true
session_20260625_195259_P001,1044,104930,2026-06-25T19:54:44.374983,Pas tensometryczny,-5186477,-5186477,true
session_20260625_195259_P001,1045,105073,2026-06-25T19:54:44.517911,Pas tensometryczny,-5186090,-5186090,true
session_20260625_195259_P001,1046,105131,2026-06-25T19:54:44.575710,Pas tensometryczny,-5185617,-5185617,true
session_20260625_195259_P001,1047,105229,2026-06-25T19:54:44.673851,Pas tensometryczny,-5186350,-5186350,true
session_20260625_195259_P001,1048,105349,2026-06-25T19:54:44.793960,Pas tensometryczny,-5187442,-5187442,true
session_20260625_195259_P001,1049,105435,2026-06-25T19:54:44.880325,Pas tensometryczny,-5188374,-5188374,true
session_20260625_195259_P001,1050,105505,2026-06-25T19:54:44.949861,Pas tensometryczny,-5189360,-5189360,true
session_20260625_195259_P001,1051,105596,2026-06-25T19:54:45.040851,Pas tensometryczny,-5190317,-5190317,true
session_20260625_195259_P001,1052,105750,2026-06-25T19:54:45.195626,Pas tensometryczny,-5191073,-5191073,true
session_20260625_195259_P001,1053,105815,2026-06-25T19:54:45.260401,Pas tensometryczny,-5191635,-5191635,true
session_20260625_195259_P001,1054,105909,2026-06-25T19:54:45.354663,Pas tensometryczny,-5192108,-5192108,true
session_20260625_195259_P001,1055,105999,2026-06-25T19:54:45.443793,Pas tensometryczny,-5192586,-5192586,true
session_20260625_195259_P001,1056,106127,2026-06-25T19:54:45.572471,Pas tensometryczny,-5193050,-5193050,true
session_20260625_195259_P001,1057,106231,2026-06-25T19:54:45.676355,Pas tensometryczny,-5193541,-5193541,true
session_20260625_195259_P001,1058,106318,2026-06-25T19:54:45.763614,Pas tensometryczny,-5193848,-5193848,true
session_20260625_195259_P001,1059,106420,2026-06-25T19:54:45.865662,Pas tensometryczny,-5194036,-5194036,true
session_20260625_195259_P001,1060,106533,2026-06-25T19:54:45.978272,Pas tensometryczny,-5193838,-5193838,true
session_20260625_195259_P001,1061,106627,2026-06-25T19:54:46.071733,Pas tensometryczny,-5192984,-5192984,true
session_20260625_195259_P001,1062,106752,2026-06-25T19:54:46.196803,Pas tensometryczny,-5191947,-5191947,true
session_20260625_195259_P001,1063,106802,2026-06-25T19:54:46.246756,Pas tensometryczny,-5190937,-5190937,true
session_20260625_195259_P001,1064,106902,2026-06-25T19:54:46.347060,Pas tensometryczny,-5189854,-5189854,true
session_20260625_195259_P001,1065,107063,2026-06-25T19:54:46.507753,Pas tensometryczny,-5188782,-5188782,true
session_20260625_195259_P001,1066,107119,2026-06-25T19:54:46.564357,Pas tensometryczny,-5187968,-5187968,true
session_20260625_195259_P001,1067,107212,2026-06-25T19:54:46.656794,Pas tensometryczny,-5187304,-5187304,true
session_20260625_195259_P001,1068,107298,2026-06-25T19:54:46.743208,Pas tensometryczny,-5186728,-5186728,true
session_20260625_195259_P001,1069,107456,2026-06-25T19:54:46.901236,Pas tensometryczny,-5186277,-5186277,true
session_20260625_195259_P001,1070,107522,2026-06-25T19:54:46.967,Pas tensometryczny,-5185739,-5185739,true
session_20260625_195259_P001,1071,107618,2026-06-25T19:54:47.063533,Pas tensometryczny,-5185117,-5185117,true
session_20260625_195259_P001,1072,107710,2026-06-25T19:54:47.155431,Pas tensometryczny,-5184613,-5184613,true
session_20260625_195259_P001,1073,107815,2026-06-25T19:54:47.259961,Pas tensometryczny,-5184691,-5184691,true
session_20260625_195259_P001,1074,107927,2026-06-25T19:54:47.372271,Pas tensometryczny,-5185909,-5185909,true
session_20260625_195259_P001,1075,108017,2026-06-25T19:54:47.462037,Pas tensometryczny,-5187003,-5187003,true
session_20260625_195259_P001,1076,108137,2026-06-25T19:54:47.582147,Pas tensometryczny,-5187833,-5187833,true
session_20260625_195259_P001,1077,108204,2026-06-25T19:54:47.649687,Pas tensometryczny,-5188605,-5188605,true
session_20260625_195259_P001,1078,108373,2026-06-25T19:54:47.818080,Pas tensometryczny,-5189299,-5189299,true
session_20260625_195259_P001,1079,108422,2026-06-25T19:54:47.867242,Pas tensometryczny,-5189946,-5189946,true
session_20260625_195259_P001,1080,108516,2026-06-25T19:54:47.960724,Pas tensometryczny,-5190668,-5190668,true
session_20260625_195259_P001,1081,108605,2026-06-25T19:54:48.050397,Pas tensometryczny,-5191321,-5191321,true
session_20260625_195259_P001,1082,108741,2026-06-25T19:54:48.185932,Pas tensometryczny,-5191784,-5191784,true
session_20260625_195259_P001,1083,108836,2026-06-25T19:54:48.281251,Pas tensometryczny,-5192216,-5192216,true
session_20260625_195259_P001,1084,108931,2026-06-25T19:54:48.376298,Pas tensometryczny,-5192410,-5192410,true
session_20260625_195259_P001,1085,109006,2026-06-25T19:54:48.451594,Pas tensometryczny,-5192671,-5192671,true
session_20260625_195259_P001,1086,109132,2026-06-25T19:54:48.576756,Pas tensometryczny,-5192894,-5192894,true
session_20260625_195259_P001,1087,109234,2026-06-25T19:54:48.679013,Pas tensometryczny,-5192961,-5192961,true
session_20260625_195259_P001,1088,109330,2026-06-25T19:54:48.775275,Pas tensometryczny,-5192344,-5192344,true
session_20260625_195259_P001,1089,109437,2026-06-25T19:54:48.882149,Pas tensometryczny,-5191219,-5191219,true
session_20260625_195259_P001,1090,109536,2026-06-25T19:54:48.981440,Pas tensometryczny,-5189946,-5189946,true
session_20260625_195259_P001,1091,109657,2026-06-25T19:54:49.102625,Pas tensometryczny,-5188869,-5188869,true
session_20260625_195259_P001,1092,109750,2026-06-25T19:54:49.195384,Pas tensometryczny,-5188106,-5188106,true
session_20260625_195259_P001,1093,109846,2026-06-25T19:54:49.290820,Pas tensometryczny,-5187571,-5187571,true
session_20260625_195259_P001,1094,109910,2026-06-25T19:54:49.355607,Pas tensometryczny,-5186895,-5186895,true
session_20260625_195259_P001,1095,110042,2026-06-25T19:54:49.486870,Pas tensometryczny,-5186019,-5186019,true
session_20260625_195259_P001,1096,110135,2026-06-25T19:54:49.580457,Pas tensometryczny,-5185436,-5185436,true
session_20260625_195259_P001,1097,110249,2026-06-25T19:54:49.694584,Pas tensometryczny,-5184879,-5184879,true
session_20260625_195259_P001,1098,110345,2026-06-25T19:54:49.789729,Pas tensometryczny,-5184151,-5184151,true
session_20260625_195259_P001,1099,110448,2026-06-25T19:54:49.893360,Pas tensometryczny,-5183912,-5183912,true
session_20260625_195259_P001,1100,110563,2026-06-25T19:54:50.008628,Pas tensometryczny,-5183522,-5183522,true
session_20260625_195259_P001,1101,110638,2026-06-25T19:54:50.083008,Pas tensometryczny,-5183198,-5183198,true
session_20260625_195259_P001,1102,110738,2026-06-25T19:54:50.182959,Pas tensometryczny,-5183124,-5183124,true
session_20260625_195259_P001,1103,110841,2026-06-25T19:54:50.286655,Pas tensometryczny,-5183286,-5183286,true
session_20260625_195259_P001,1104,110975,2026-06-25T19:54:50.420439,Pas tensometryczny,-5183604,-5183604,true
session_20260625_195259_P001,1105,111046,2026-06-25T19:54:50.491543,Pas tensometryczny,-5183874,-5183874,true
session_20260625_195259_P001,1106,111146,2026-06-25T19:54:50.591698,Pas tensometryczny,-5184164,-5184164,true
session_20260625_195259_P001,1107,111300,2026-06-25T19:54:50.745085,Pas tensometryczny,-5184396,-5184396,true
session_20260625_195259_P001,1108,111363,2026-06-25T19:54:50.808264,Pas tensometryczny,-5184228,-5184228,true
session_20260625_195259_P001,1109,111437,2026-06-25T19:54:50.882133,Pas tensometryczny,-5183937,-5183937,true
session_20260625_195259_P001,1110,111561,2026-06-25T19:54:51.006299,Pas tensometryczny,-5183716,-5183716,true
session_20260625_195259_P001,1111,111617,2026-06-25T19:54:51.062413,Pas tensometryczny,-5183624,-5183624,true
session_20260625_195259_P001,1112,111715,2026-06-25T19:54:51.159724,Pas tensometryczny,-5183472,-5183472,true
session_20260625_195259_P001,1113,111869,2026-06-25T19:54:51.314051,Pas tensometryczny,-5183276,-5183276,true
session_20260625_195259_P001,1114,111939,2026-06-25T19:54:51.384170,Pas tensometryczny,-5183612,-5183612,true
session_20260625_195259_P001,1115,112044,2026-06-25T19:54:51.489220,Pas tensometryczny,-5184410,-5184410,true
session_20260625_195259_P001,1116,112149,2026-06-25T19:54:51.594018,Pas tensometryczny,-5185364,-5185364,true
session_20260625_195259_P001,1117,112259,2026-06-25T19:54:51.703872,Pas tensometryczny,-5186309,-5186309,true
session_20260625_195259_P001,1118,112358,2026-06-25T19:54:51.803289,Pas tensometryczny,-5187188,-5187188,true
session_20260625_195259_P001,1119,112429,2026-06-25T19:54:51.874111,Pas tensometryczny,-5187965,-5187965,true
session_20260625_195259_P001,1120,112531,2026-06-25T19:54:51.976004,Pas tensometryczny,-5188540,-5188540,true
session_20260625_195259_P001,1121,112677,2026-06-25T19:54:52.122638,Pas tensometryczny,-5189043,-5189043,true
session_20260625_195259_P001,1122,112742,2026-06-25T19:54:52.187274,Pas tensometryczny,-5189584,-5189584,true
session_20260625_195259_P001,1123,112863,2026-06-25T19:54:52.308013,Pas tensometryczny,-5190035,-5190035,true
session_20260625_195259_P001,1124,112922,2026-06-25T19:54:52.367063,Pas tensometryczny,-5190478,-5190478,true
session_20260625_195259_P001,1125,113021,2026-06-25T19:54:52.466292,Pas tensometryczny,-5191356,-5191356,true
session_20260625_195259_P001,1126,113191,2026-06-25T19:54:52.635796,Pas tensometryczny,-5190881,-5190881,true
session_20260625_195259_P001,1127,113238,2026-06-25T19:54:52.682992,Pas tensometryczny,-5189738,-5189738,true
session_20260625_195259_P001,1128,113335,2026-06-25T19:54:52.780235,Pas tensometryczny,-5188499,-5188499,true
session_20260625_195259_P001,1129,113419,2026-06-25T19:54:52.863860,Pas tensometryczny,-5187476,-5187476,true
session_20260625_195259_P001,1130,113578,2026-06-25T19:54:53.022859,Pas tensometryczny,-5186732,-5186732,true
session_20260625_195259_P001,1131,113646,2026-06-25T19:54:53.091109,Pas tensometryczny,-5186121,-5186121,true
session_20260625_195259_P001,1132,113733,2026-06-25T19:54:53.177732,Pas tensometryczny,-5185368,-5185368,true
session_20260625_195259_P001,1133,113827,2026-06-25T19:54:53.272531,Pas tensometryczny,-5184570,-5184570,true
session_20260625_195259_P001,1134,113947,2026-06-25T19:54:53.392288,Pas tensometryczny,-5183939,-5183939,true
session_20260625_195259_P001,1135,114047,2026-06-25T19:54:53.492644,Pas tensometryczny,-5183394,-5183394,true
session_20260625_195259_P001,1136,114154,2026-06-25T19:54:53.599576,Pas tensometryczny,-5183137,-5183137,true
session_20260625_195259_P001,1137,114231,2026-06-25T19:54:53.676473,Pas tensometryczny,-5183742,-5183742,true
session_20260625_195259_P001,1138,114330,2026-06-25T19:54:53.774991,Pas tensometryczny,-5184815,-5184815,true
session_20260625_195259_P001,1139,114483,2026-06-25T19:54:53.928015,Pas tensometryczny,-5185662,-5185662,true
session_20260625_195259_P001,1140,114542,2026-06-25T19:54:53.987570,Pas tensometryczny,-5186310,-5186310,true
session_20260625_195259_P001,1141,114655,2026-06-25T19:54:54.100505,Pas tensometryczny,-5187094,-5187094,true
session_20260625_195259_P001,1142,114759,2026-06-25T19:54:54.203974,Pas tensometryczny,-5187781,-5187781,true
session_20260625_195259_P001,1143,114858,2026-06-25T19:54:54.303579,Pas tensometryczny,-5188469,-5188469,true
session_20260625_195259_P001,1144,114951,2026-06-25T19:54:54.396273,Pas tensometryczny,-5189182,-5189182,true
session_20260625_195259_P001,1145,115041,2026-06-25T19:54:54.486264,Pas tensometryczny,-5189683,-5189683,true
session_20260625_195259_P001,1146,115146,2026-06-25T19:54:54.591207,Pas tensometryczny,-5190133,-5190133,true
session_20260625_195259_P001,1147,115248,2026-06-25T19:54:54.692876,Pas tensometryczny,-5190571,-5190571,true
session_20260625_195259_P001,1148,115364,2026-06-25T19:54:54.809507,Pas tensometryczny,-5190938,-5190938,true
session_20260625_195259_P001,1149,115457,2026-06-25T19:54:54.902096,Pas tensometryczny,-5191129,-5191129,true
session_20260625_195259_P001,1150,115551,2026-06-25T19:54:54.996120,Pas tensometryczny,-5190907,-5190907,true
session_20260625_195259_P001,1151,115659,2026-06-25T19:54:55.104605,Pas tensometryczny,-5188559,-5188559,true
session_20260625_195259_P001,1152,115776,2026-06-25T19:54:55.220788,Pas tensometryczny,-5187424,-5187424,true
session_20260625_195259_P001,1153,115865,2026-06-25T19:54:55.310526,Pas tensometryczny,-5186585,-5186585,true
session_20260625_195259_P001,1154,115937,2026-06-25T19:54:55.382629,Pas tensometryczny,-5185855,-5185855,true
session_20260625_195259_P001,1155,116040,2026-06-25T19:54:55.484734,Pas tensometryczny,-5185341,-5185341,true
session_20260625_195259_P001,1156,116191,2026-06-25T19:54:55.636140,Pas tensometryczny,-5184777,-5184777,true
session_20260625_195259_P001,1157,116288,2026-06-25T19:54:55.733364,Pas tensometryczny,-5184119,-5184119,true
session_20260625_195259_P001,1158,116343,2026-06-25T19:54:55.787761,Pas tensometryczny,-5183497,-5183497,true
session_20260625_195259_P001,1159,116437,2026-06-25T19:54:55.882381,Pas tensometryczny,-5183012,-5183012,true
session_20260625_195259_P001,1160,116560,2026-06-25T19:54:56.005037,Pas tensometryczny,-5183140,-5183140,true
session_20260625_195259_P001,1161,116661,2026-06-25T19:54:56.106051,Pas tensometryczny,-5184236,-5184236,true
session_20260625_195259_P001,1162,116750,2026-06-25T19:54:56.195131,Pas tensometryczny,-5185497,-5185497,true
session_20260625_195259_P001,1163,116864,2026-06-25T19:54:56.309506,Pas tensometryczny,-5186327,-5186327,true
session_20260625_195259_P001,1164,116930,2026-06-25T19:54:56.374983,Pas tensometryczny,-5187050,-5187050,true
session_20260625_195259_P001,1165,117083,2026-06-25T19:54:56.528280,Pas tensometryczny,-5187677,-5187677,true
session_20260625_195259_P001,1166,117170,2026-06-25T19:54:56.615701,Pas tensometryczny,-5188268,-5188268,true
session_20260625_195259_P001,1167,117257,2026-06-25T19:54:56.701720,Pas tensometryczny,-5188916,-5188916,true
session_20260625_195259_P001,1168,117362,2026-06-25T19:54:56.807007,Pas tensometryczny,-5189715,-5189715,true
session_20260625_195259_P001,1169,117424,2026-06-25T19:54:56.869014,Pas tensometryczny,-5190297,-5190297,true
session_20260625_195259_P001,1170,117565,2026-06-25T19:54:57.010094,Pas tensometryczny,-5190784,-5190784,true
session_20260625_195259_P001,1171,117654,2026-06-25T19:54:57.099676,Pas tensometryczny,-5191166,-5191166,true
session_20260625_195259_P001,1172,117747,2026-06-25T19:54:57.191792,Pas tensometryczny,-5191366,-5191366,true
session_20260625_195259_P001,1173,117857,2026-06-25T19:54:57.302088,Pas tensometryczny,-5191273,-5191273,true
session_20260625_195259_P001,1174,117981,2026-06-25T19:54:57.426266,Pas tensometryczny,-5190686,-5190686,true
session_20260625_195259_P001,1175,118055,2026-06-25T19:54:57.500586,Pas tensometryczny,-5189505,-5189505,true
session_20260625_195259_P001,1176,118149,2026-06-25T19:54:57.594633,Pas tensometryczny,-5188259,-5188259,true
session_20260625_195259_P001,1177,118250,2026-06-25T19:54:57.695191,Pas tensometryczny,-5186565,-5186565,true
session_20260625_195259_P001,1178,118373,2026-06-25T19:54:57.818471,Pas tensometryczny,-5185883,-5185883,true
session_20260625_195259_P001,1179,118461,2026-06-25T19:54:57.905800,Pas tensometryczny,-5185418,-5185418,true
session_20260625_195259_P001,1180,118550,2026-06-25T19:54:57.994733,Pas tensometryczny,-5184958,-5184958,true
session_20260625_195259_P001,1181,118645,2026-06-25T19:54:58.090303,Pas tensometryczny,-5184250,-5184250,true
session_20260625_195259_P001,1182,118747,2026-06-25T19:54:58.192227,Pas tensometryczny,-5183623,-5183623,true
session_20260625_195259_P001,1183,118867,2026-06-25T19:54:58.311795,Pas tensometryczny,-5183196,-5183196,true
session_20260625_195259_P001,1184,118964,2026-06-25T19:54:58.409159,Pas tensometryczny,-5182958,-5182958,true
session_20260625_195259_P001,1185,119044,2026-06-25T19:54:58.488804,Pas tensometryczny,-5183586,-5183586,true
session_20260625_195259_P001,1186,119155,2026-06-25T19:54:58.600494,Pas tensometryczny,-5184682,-5184682,true
session_20260625_195259_P001,1187,119304,2026-06-25T19:54:58.749135,Pas tensometryczny,-5185616,-5185616,true
session_20260625_195259_P001,1188,119357,2026-06-25T19:54:58.802417,Pas tensometryczny,-5186425,-5186425,true
session_20260625_195259_P001,1189,119457,2026-06-25T19:54:58.901896,Pas tensometryczny,-5187045,-5187045,true
session_20260625_195259_P001,1190,119537,2026-06-25T19:54:58.982159,Pas tensometryczny,-5187707,-5187707,true
session_20260625_195259_P001,1191,119652,2026-06-25T19:54:59.096786,Pas tensometryczny,-5188437,-5188437,true
session_20260625_195259_P001,1192,119761,2026-06-25T19:54:59.206569,Pas tensometryczny,-5189266,-5189266,true
session_20260625_195259_P001,1193,119881,2026-06-25T19:54:59.326387,Pas tensometryczny,-5189809,-5189809,true
session_20260625_195259_P001,1194,119944,2026-06-25T19:54:59.389467,Pas tensometryczny,-5190214,-5190214,true
session_20260625_195259_P001,1195,120052,2026-06-25T19:54:59.497214,Pas tensometryczny,-5190659,-5190659,true
session_20260625_195259_P001,1196,120180,2026-06-25T19:54:59.624888,Pas tensometryczny,-5191109,-5191109,true
session_20260625_195259_P001,1197,120269,2026-06-25T19:54:59.714683,Pas tensometryczny,-5191582,-5191582,true
session_20260625_195259_P001,1198,120363,2026-06-25T19:54:59.808158,Pas tensometryczny,-5191865,-5191865,true
session_20260625_195259_P001,1199,120448,2026-06-25T19:54:59.893239,Pas tensometryczny,-5191235,-5191235,true
session_20260625_195259_P001,1200,120603,2026-06-25T19:55:00.047772,Pas tensometryczny,-5189916,-5189916,true
session_20260625_195259_P001,1201,120661,2026-06-25T19:55:00.106637,Pas tensometryczny,-5188784,-5188784,true
session_20260625_195259_P001,1202,120770,2026-06-25T19:55:00.215473,Pas tensometryczny,-5187872,-5187872,true
session_20260625_195259_P001,1203,120880,2026-06-25T19:55:00.325524,Pas tensometryczny,-5186688,-5186688,true
session_20260625_195259_P001,1204,120942,2026-06-25T19:55:00.387565,Pas tensometryczny,-5186261,-5186261,true
session_20260625_195259_P001,1205,121076,2026-06-25T19:55:00.520830,Pas tensometryczny,-5185546,-5185546,true
session_20260625_195259_P001,1206,121190,2026-06-25T19:55:00.635147,Pas tensometryczny,-5184852,-5184852,true
session_20260625_195259_P001,1207,121265,2026-06-25T19:55:00.710255,Pas tensometryczny,-5184390,-5184390,true
session_20260625_195259_P001,1208,121351,2026-06-25T19:55:00.795883,Pas tensometryczny,-5184380,-5184380,true
session_20260625_195259_P001,1209,121472,2026-06-25T19:55:00.917543,Pas tensometryczny,-5184847,-5184847,true
session_20260625_195259_P001,1210,121573,2026-06-25T19:55:01.018536,Pas tensometryczny,-5185726,-5185726,true
session_20260625_195259_P001,1211,121666,2026-06-25T19:55:01.111527,Pas tensometryczny,-5186395,-5186395,true
session_20260625_195259_P001,1212,121749,2026-06-25T19:55:01.194682,Pas tensometryczny,-5186528,-5186528,true
session_20260625_195259_P001,1213,121835,2026-06-25T19:55:01.280189,Pas tensometryczny,-5186255,-5186255,true
session_20260625_195259_P001,1214,121996,2026-06-25T19:55:01.440882,Pas tensometryczny,-5186266,-5186266,true
session_20260625_195259_P001,1215,122108,2026-06-25T19:55:01.552717,Pas tensometryczny,-5186034,-5186034,true
session_20260625_195259_P001,1216,122154,2026-06-25T19:55:01.599367,Pas tensometryczny,-5185771,-5185771,true
session_20260625_195259_P001,1217,122257,2026-06-25T19:55:01.702258,Pas tensometryczny,-5186086,-5186086,true
session_20260625_195259_P001,1218,122398,2026-06-25T19:55:01.843332,Pas tensometryczny,-5186652,-5186652,true
session_20260625_195259_P001,1219,122465,2026-06-25T19:55:01.910057,Pas tensometryczny,-5187878,-5187878,true
session_20260625_195259_P001,1220,122563,2026-06-25T19:55:02.008520,Pas tensometryczny,-5188572,-5188572,true
session_20260625_195259_P001,1221,122674,2026-06-25T19:55:02.119493,Pas tensometryczny,-5188746,-5188746,true
session_20260625_195259_P001,1222,122804,2026-06-25T19:55:02.249650,Pas tensometryczny,-5189136,-5189136,true
session_20260625_195259_P001,1223,122867,2026-06-25T19:55:02.312407,Pas tensometryczny,-5189972,-5189972,true
session_20260625_195259_P001,1224,122984,2026-06-25T19:55:02.429448,Pas tensometryczny,-5191166,-5191166,true
session_20260625_195259_P001,1225,123048,2026-06-25T19:55:02.492761,Pas tensometryczny,-5192326,-5192326,true
session_20260625_195259_P001,1226,123141,2026-06-25T19:55:02.586344,Pas tensometryczny,-5193940,-5193940,true
session_20260625_195259_P001,1227,123274,2026-06-25T19:55:02.719205,Pas tensometryczny,-5195731,-5195731,true
session_20260625_195259_P001,1228,123365,2026-06-25T19:55:02.809956,Pas tensometryczny,-5196885,-5196885,true
session_20260625_195259_P001,1229,123458,2026-06-25T19:55:02.902769,Pas tensometryczny,-5197554,-5197554,true
session_20260625_195259_P001,1230,123545,2026-06-25T19:55:02.990376,Pas tensometryczny,-5196823,-5196823,true
session_20260625_195259_P001,1231,123686,2026-06-25T19:55:03.131697,Pas tensometryczny,-5196354,-5196354,true
session_20260625_195259_P001,1232,123771,2026-06-25T19:55:03.215737,Pas tensometryczny,-5196589,-5196589,true
session_20260625_195259_P001,1233,123872,2026-06-25T19:55:03.317590,Pas tensometryczny,-5196421,-5196421,true
session_20260625_195259_P001,1234,123990,2026-06-25T19:55:03.435082,Pas tensometryczny,-5195724,-5195724,true
session_20260625_195259_P001,1235,124101,2026-06-25T19:55:03.546054,Pas tensometryczny,-5195186,-5195186,true
session_20260625_195259_P001,1236,124172,2026-06-25T19:55:03.617622,Pas tensometryczny,-5194614,-5194614,true
session_20260625_195259_P001,1237,124292,2026-06-25T19:55:03.737597,Pas tensometryczny,-5193652,-5193652,true
session_20260625_195259_P001,1238,124354,2026-06-25T19:55:03.799604,Pas tensometryczny,-5192949,-5192949,true
session_20260625_195259_P001,1239,124451,2026-06-25T19:55:03.896277,Pas tensometryczny,-5192488,-5192488,true
session_20260625_195259_P001,1240,124598,2026-06-25T19:55:04.042801,Pas tensometryczny,-5191919,-5191919,true
session_20260625_195259_P001,1241,124668,2026-06-25T19:55:04.113145,Pas tensometryczny,-5191091,-5191091,true
session_20260625_195259_P001,1242,124762,2026-06-25T19:55:04.206945,Pas tensometryczny,-5189921,-5189921,true
session_20260625_195259_P001,1243,124853,2026-06-25T19:55:04.298243,Pas tensometryczny,-5188295,-5188295,true
session_20260625_195259_P001,1244,124986,2026-06-25T19:55:04.431267,Pas tensometryczny,-5186187,-5186187,true
session_20260625_195259_P001,1245,125073,2026-06-25T19:55:04.518360,Pas tensometryczny,-5184280,-5184280,true
session_20260625_195259_P001,1246,125169,2026-06-25T19:55:04.613719,Pas tensometryczny,-5184129,-5184129,true
session_20260625_195259_P001,1247,125319,2026-06-25T19:55:04.764018,Pas tensometryczny,-5185623,-5185623,true
session_20260625_195259_P001,1248,125375,2026-06-25T19:55:04.820541,Pas tensometryczny,-5187446,-5187446,true
session_20260625_195259_P001,1249,125477,2026-06-25T19:55:04.922527,Pas tensometryczny,-5188810,-5188810,true
session_20260625_195259_P001,1250,125569,2026-06-25T19:55:05.013775,Pas tensometryczny,-5189712,-5189712,true
session_20260625_195259_P001,1251,125664,2026-06-25T19:55:05.109345,Pas tensometryczny,-5190869,-5190869,true
session_20260625_195259_P001,1252,125871,2026-06-25T19:55:05.316369,Pas tensometryczny,-5192477,-5192477,true
session_20260625_195259_P001,1253,125937,2026-06-25T19:55:05.382627,Pas tensometryczny,-5194089,-5194089,true
session_20260625_195259_P001,1254,125980,2026-06-25T19:55:05.424938,Pas tensometryczny,-5195267,-5195267,true
session_20260625_195259_P001,1255,126061,2026-06-25T19:55:05.506240,Pas tensometryczny,-5194448,-5194448,true
session_20260625_195259_P001,1256,126158,2026-06-25T19:55:05.603262,Pas tensometryczny,-5193747,-5193747,true
session_20260625_195259_P001,1257,126300,2026-06-25T19:55:05.745149,Pas tensometryczny,-5193778,-5193778,true
session_20260625_195259_P001,1258,126379,2026-06-25T19:55:05.824284,Pas tensometryczny,-5194004,-5194004,true
session_20260625_195259_P001,1259,126476,2026-06-25T19:55:05.921317,Pas tensometryczny,-5193751,-5193751,true
session_20260625_195259_P001,1260,126589,2026-06-25T19:55:06.034237,Pas tensometryczny,-5194093,-5194093,true
session_20260625_195259_P001,1261,126646,2026-06-25T19:55:06.091395,Pas tensometryczny,-5195686,-5195686,true
session_20260625_195259_P001,1262,126781,2026-06-25T19:55:06.225886,Pas tensometryczny,-5196578,-5196578,true
session_20260625_195259_P001,1263,126883,2026-06-25T19:55:06.327715,Pas tensometryczny,-5197128,-5197128,true
session_20260625_195259_P001,1264,126967,2026-06-25T19:55:06.412526,Pas tensometryczny,-5197422,-5197422,true
session_20260625_195259_P001,1265,127069,2026-06-25T19:55:06.513891,Pas tensometryczny,-5196870,-5196870,true
session_20260625_195259_P001,1266,127218,2026-06-25T19:55:06.663016,Pas tensometryczny,-5196172,-5196172,true
session_20260625_195259_P001,1267,127276,2026-06-25T19:55:06.721624,Pas tensometryczny,-5195876,-5195876,true
session_20260625_195259_P001,1268,127381,2026-06-25T19:55:06.826333,Pas tensometryczny,-5195781,-5195781,true
session_20260625_195259_P001,1269,127482,2026-06-25T19:55:06.927214,Pas tensometryczny,-5195901,-5195901,true
session_20260625_195259_P001,1270,127547,2026-06-25T19:55:06.992206,Pas tensometryczny,-5195814,-5195814,true
session_20260625_195259_P001,1271,127684,2026-06-25T19:55:07.129546,Pas tensometryczny,-5195098,-5195098,true
session_20260625_195259_P001,1272,127787,2026-06-25T19:55:07.232383,Pas tensometryczny,-5194295,-5194295,true
session_20260625_195259_P001,1273,127892,2026-06-25T19:55:07.337191,Pas tensometryczny,-5192950,-5192950,true
session_20260625_195259_P001,1274,127952,2026-06-25T19:55:07.397209,Pas tensometryczny,-5191845,-5191845,true
session_20260625_195259_P001,1275,128107,2026-06-25T19:55:07.552217,Pas tensometryczny,-5191137,-5191137,true
session_20260625_195259_P001,1276,128207,2026-06-25T19:55:07.652522,Pas tensometryczny,-5190239,-5190239,true
session_20260625_195259_P001,1277,128281,2026-06-25T19:55:07.726604,Pas tensometryczny,-5189808,-5189808,true
session_20260625_195259_P001,1278,128426,2026-06-25T19:55:07.871210,Pas tensometryczny,-5189490,-5189490,true
session_20260625_195259_P001,1279,128516,2026-06-25T19:55:07.961246,Pas tensometryczny,-5189671,-5189671,true
session_20260625_195259_P001,1280,128605,2026-06-25T19:55:08.050234,Pas tensometryczny,-5190505,-5190505,true
session_20260625_195259_P001,1281,128709,2026-06-25T19:55:08.153870,Pas tensometryczny,-5189937,-5189937,true
session_20260625_195259_P001,1282,128762,2026-06-25T19:55:08.207274,Pas tensometryczny,-5189156,-5189156,true
session_20260625_195259_P001,1283,128852,2026-06-25T19:55:08.297385,Pas tensometryczny,-5189431,-5189431,true
session_20260625_195259_P001,1284,129014,2026-06-25T19:55:08.459190,Pas tensometryczny,-5189826,-5189826,true
session_20260625_195259_P001,1285,129083,2026-06-25T19:55:08.528700,Pas tensometryczny,-5191097,-5191097,true
session_20260625_195259_P001,1286,129167,2026-06-25T19:55:08.612635,Pas tensometryczny,-5192891,-5192891,true
session_20260625_195259_P001,1287,129257,2026-06-25T19:55:08.702350,Pas tensometryczny,-5193809,-5193809,true
session_20260625_195259_P001,1288,129426,2026-06-25T19:55:08.870952,Pas tensometryczny,-5193956,-5193956,true
session_20260625_195259_P001,1289,129484,2026-06-25T19:55:08.929570,Pas tensometryczny,-5194392,-5194392,true
session_20260625_195259_P001,1290,129575,2026-06-25T19:55:09.020490,Pas tensometryczny,-5194812,-5194812,true
session_20260625_195259_P001,1291,129673,2026-06-25T19:55:09.117776,Pas tensometryczny,-5195133,-5195133,true
session_20260625_195259_P001,1292,129754,2026-06-25T19:55:09.199054,Pas tensometryczny,-5195364,-5195364,true
session_20260625_195259_P001,1293,129902,2026-06-25T19:55:09.347572,Pas tensometryczny,-5195753,-5195753,true
session_20260625_195259_P001,1294,129986,2026-06-25T19:55:09.430742,Pas tensometryczny,-5196341,-5196341,true
session_20260625_195259_P001,1295,130082,2026-06-25T19:55:09.526922,Pas tensometryczny,-5196281,-5196281,true
session_20260625_195259_P001,1296,130157,2026-06-25T19:55:09.602160,Pas tensometryczny,-5195714,-5195714,true
session_20260625_195259_P001,1297,130293,2026-06-25T19:55:09.737936,Pas tensometryczny,-5194320,-5194320,true
session_20260625_195259_P001,1298,130426,2026-06-25T19:55:09.870848,Pas tensometryczny,-5193022,-5193022,true
session_20260625_195259_P001,1299,130472,2026-06-25T19:55:09.917677,Pas tensometryczny,-5192490,-5192490,true
session_20260625_195259_P001,1300,130566,2026-06-25T19:55:10.011621,Pas tensometryczny,-5192794,-5192794,true
session_20260625_195259_P001,1301,130745,2026-06-25T19:55:10.190249,Pas tensometryczny,-5193151,-5193151,true
session_20260625_195259_P001,1302,130809,2026-06-25T19:55:10.254073,Pas tensometryczny,-5192351,-5192351,true
session_20260625_195259_P001,1303,130885,2026-06-25T19:55:10.330613,Pas tensometryczny,-5191449,-5191449,true
session_20260625_195259_P001,1304,130977,2026-06-25T19:55:10.421973,Pas tensometryczny,-5190605,-5190605,true
session_20260625_195259_P001,1305,131076,2026-06-25T19:55:10.521088,Pas tensometryczny,-5189675,-5189675,true
session_20260625_195259_P001,1306,131208,2026-06-25T19:55:10.653077,Pas tensometryczny,-5188898,-5188898,true
session_20260625_195259_P001,1307,131291,2026-06-25T19:55:10.736034,Pas tensometryczny,-5188893,-5188893,true
session_20260625_195259_P001,1308,131393,2026-06-25T19:55:10.838438,Pas tensometryczny,-5189267,-5189267,true
session_20260625_195259_P001,1309,131494,2026-06-25T19:55:10.939003,Pas tensometryczny,-5187322,-5187322,true
session_20260625_195259_P001,1310,131602,2026-06-25T19:55:11.047102,Pas tensometryczny,-5186666,-5186666,true
session_20260625_195259_P001,1311,131731,2026-06-25T19:55:11.176482,Pas tensometryczny,-5186236,-5186236,true
session_20260625_195259_P001,1312,131796,2026-06-25T19:55:11.240821,Pas tensometryczny,-5185804,-5185804,true
session_20260625_195259_P001,1313,131892,2026-06-25T19:55:11.337698,Pas tensometryczny,-5185249,-5185249,true
session_20260625_195259_P001,1314,131992,2026-06-25T19:55:11.437278,Pas tensometryczny,-5184682,-5184682,true
session_20260625_195259_P001,1315,132092,2026-06-25T19:55:11.537087,Pas tensometryczny,-5185033,-5185033,true
session_20260625_195259_P001,1316,132184,2026-06-25T19:55:11.628970,Pas tensometryczny,-5184951,-5184951,true
session_20260625_195259_P001,1317,132278,2026-06-25T19:55:11.722778,Pas tensometryczny,-5184268,-5184268,true
session_20260625_195259_P001,1318,132380,2026-06-25T19:55:11.825614,Pas tensometryczny,-5183740,-5183740,true
session_20260625_195259_P001,1319,132517,2026-06-25T19:55:11.961826,Pas tensometryczny,-5183424,-5183424,true
session_20260625_195259_P001,1320,132595,2026-06-25T19:55:12.040594,Pas tensometryczny,-5183744,-5183744,true
session_20260625_195259_P001,1321,132699,2026-06-25T19:55:12.144443,Pas tensometryczny,-5184937,-5184937,true
session_20260625_195259_P001,1322,132792,2026-06-25T19:55:12.237283,Pas tensometryczny,-5185845,-5185845,true
session_20260625_195259_P001,1323,132907,2026-06-25T19:55:12.352204,Pas tensometryczny,-5185539,-5185539,true
session_20260625_195259_P001,1324,133002,2026-06-25T19:55:12.446880,Pas tensometryczny,-5185565,-5185565,true
session_20260625_195259_P001,1325,133116,2026-06-25T19:55:12.561186,Pas tensometryczny,-5186137,-5186137,true
session_20260625_195259_P001,1326,133185,2026-06-25T19:55:12.630575,Pas tensometryczny,-5186772,-5186772,true
session_20260625_195259_P001,1327,133284,2026-06-25T19:55:12.729142,Pas tensometryczny,-5186943,-5186943,true
session_20260625_195259_P001,1328,133420,2026-06-25T19:55:12.865561,Pas tensometryczny,-5187323,-5187323,true
session_20260625_195259_P001,1329,133487,2026-06-25T19:55:12.932115,Pas tensometryczny,-5187638,-5187638,true
session_20260625_195259_P001,1330,133586,2026-06-25T19:55:13.030878,Pas tensometryczny,-5187812,-5187812,true
session_20260625_195259_P001,1331,133681,2026-06-25T19:55:13.126600,Pas tensometryczny,-5188066,-5188066,true
session_20260625_195259_P001,1332,133806,2026-06-25T19:55:13.251495,Pas tensometryczny,-5187954,-5187954,true
session_20260625_195259_P001,1333,133904,2026-06-25T19:55:13.349699,Pas tensometryczny,-5187646,-5187646,true
session_20260625_195259_P001,1334,134005,2026-06-25T19:55:13.450226,Pas tensometryczny,-5188102,-5188102,true
session_20260625_195259_P001,1335,134076,2026-06-25T19:55:13.520961,Pas tensometryczny,-5189630,-5189630,true
session_20260625_195259_P001,1336,134238,2026-06-25T19:55:13.683615,Pas tensometryczny,-5189800,-5189800,true
session_20260625_195259_P001,1337,134301,2026-06-25T19:55:13.746604,Pas tensometryczny,-5189800,-5189800,true
session_20260625_195259_P001,1338,134416,2026-06-25T19:55:13.861558,Pas tensometryczny,-5190115,-5190115,true
session_20260625_195259_P001,1339,134490,2026-06-25T19:55:13.934955,Pas tensometryczny,-5190658,-5190658,true
session_20260625_195259_P001,1340,134588,2026-06-25T19:55:14.033056,Pas tensometryczny,-5191301,-5191301,true
session_20260625_195259_P001,1341,134718,2026-06-25T19:55:14.163611,Pas tensometryczny,-5191863,-5191863,true
session_20260625_195259_P001,1342,134820,2026-06-25T19:55:14.264978,Pas tensometryczny,-5191980,-5191980,true
session_20260625_195259_P001,1343,134888,2026-06-25T19:55:14.332765,Pas tensometryczny,-5192288,-5192288,true
session_20260625_195259_P001,1344,134972,2026-06-25T19:55:14.417682,Pas tensometryczny,-5192386,-5192386,true
session_20260625_195259_P001,1345,135109,2026-06-25T19:55:14.553940,Pas tensometryczny,-5192573,-5192573,true
session_20260625_195259_P001,1346,135205,2026-06-25T19:55:14.650286,Pas tensometryczny,-5193578,-5193578,true
session_20260625_195259_P001,1347,135287,2026-06-25T19:55:14.732534,Pas tensometryczny,-5194948,-5194948,true
session_20260625_195259_P001,1348,135377,2026-06-25T19:55:14.822247,Pas tensometryczny,-5195570,-5195570,true
session_20260625_195259_P001,1349,135470,2026-06-25T19:55:14.915523,Pas tensometryczny,-5195803,-5195803,true
session_20260625_195259_P001,1350,135604,2026-06-25T19:55:15.049233,Pas tensometryczny,-5195953,-5195953,true
session_20260625_195259_P001,1351,135701,2026-06-25T19:55:15.146046,Pas tensometryczny,-5196035,-5196035,true
session_20260625_195259_P001,1352,135786,2026-06-25T19:55:15.231061,Pas tensometryczny,-5196205,-5196205,true
session_20260625_195259_P001,1353,135882,2026-06-25T19:55:15.326914,Pas tensometryczny,-5196773,-5196773,true
session_20260625_195259_P001,1354,136011,2026-06-25T19:55:15.456012,Pas tensometryczny,-5197921,-5197921,true
session_20260625_195259_P001,1355,136105,2026-06-25T19:55:15.550439,Pas tensometryczny,-5198369,-5198369,true
session_20260625_195259_P001,1356,136196,2026-06-25T19:55:15.640868,Pas tensometryczny,-5198131,-5198131,true
session_20260625_195259_P001,1357,136295,2026-06-25T19:55:15.740685,Pas tensometryczny,-5197884,-5197884,true
session_20260625_195259_P001,1358,136413,2026-06-25T19:55:15.857867,Pas tensometryczny,-5197627,-5197627,true
session_20260625_195259_P001,1359,136503,2026-06-25T19:55:15.947984,Pas tensometryczny,-5197480,-5197480,true
session_20260625_195259_P001,1360,136598,2026-06-25T19:55:16.043390,Pas tensometryczny,-5197756,-5197756,true
session_20260625_195259_P001,1361,136723,2026-06-25T19:55:16.167726,Pas tensometryczny,-5197238,-5197238,true
session_20260625_195259_P001,1362,136774,2026-06-25T19:55:16.219173,Pas tensometryczny,-5195505,-5195505,true
session_20260625_195259_P001,1363,136910,2026-06-25T19:55:16.355202,Pas tensometryczny,-5193898,-5193898,true
session_20260625_195259_P001,1364,136997,2026-06-25T19:55:16.442432,Pas tensometryczny,-5193095,-5193095,true
session_20260625_195259_P001,1365,137089,2026-06-25T19:55:16.533738,Pas tensometryczny,-5192743,-5192743,true
session_20260625_195259_P001,1366,137181,2026-06-25T19:55:16.625969,Pas tensometryczny,-5192953,-5192953,true
session_20260625_195259_P001,1367,137315,2026-06-25T19:55:16.760622,Pas tensometryczny,-5193091,-5193091,true
session_20260625_195259_P001,1368,137406,2026-06-25T19:55:16.850714,Pas tensometryczny,-5192185,-5192185,true
session_20260625_195259_P001,1369,137494,2026-06-25T19:55:16.939594,Pas tensometryczny,-5191266,-5191266,true
session_20260625_195259_P001,1370,137604,2026-06-25T19:55:17.049039,Pas tensometryczny,-5190780,-5190780,true
session_20260625_195259_P001,1371,137694,2026-06-25T19:55:17.138868,Pas tensometryczny,-5190321,-5190321,true
session_20260625_195259_P001,1372,137818,2026-06-25T19:55:17.262744,Pas tensometryczny,-5190098,-5190098,true
session_20260625_195259_P001,1373,137903,2026-06-25T19:55:17.348054,Pas tensometryczny,-5190189,-5190189,true
session_20260625_195259_P001,1374,138012,2026-06-25T19:55:17.456779,Pas tensometryczny,-5189807,-5189807,true
session_20260625_195259_P001,1375,138098,2026-06-25T19:55:17.543453,Pas tensometryczny,-5188578,-5188578,true
session_20260625_195259_P001,1376,138234,2026-06-25T19:55:17.679626,Pas tensometryczny,-5187863,-5187863,true
session_20260625_195259_P001,1377,138303,2026-06-25T19:55:17.747819,Pas tensometryczny,-5187045,-5187045,true
session_20260625_195259_P001,1378,138411,2026-06-25T19:55:17.855710,Pas tensometryczny,-5186228,-5186228,true
session_20260625_195259_P001,1379,138504,2026-06-25T19:55:17.949242,Pas tensometryczny,-5185916,-5185916,true
session_20260625_195259_P001,1380,138618,2026-06-25T19:55:18.063357,Pas tensometryczny,-5185932,-5185932,true
session_20260625_195259_P001,1381,138713,2026-06-25T19:55:18.158645,Pas tensometryczny,-5185677,-5185677,true
session_20260625_195259_P001,1382,138805,2026-06-25T19:55:18.250417,Pas tensometryczny,-5184623,-5184623,true
session_20260625_195259_P001,1383,138914,2026-06-25T19:55:18.359559,Pas tensometryczny,-5184169,-5184169,true
session_20260625_195259_P001,1384,138984,2026-06-25T19:55:18.429616,Pas tensometryczny,-5183908,-5183908,true
session_20260625_195259_P001,1385,139114,2026-06-25T19:55:18.559646,Pas tensometryczny,-5184007,-5184007,true
session_20260625_195259_P001,1386,139227,2026-06-25T19:55:18.672617,Pas tensometryczny,-5184875,-5184875,true
session_20260625_195259_P001,1387,139333,2026-06-25T19:55:18.778076,Pas tensometryczny,-5186288,-5186288,true
session_20260625_195259_P001,1388,139400,2026-06-25T19:55:18.845701,Pas tensometryczny,-5186556,-5186556,true
session_20260625_195259_P001,1389,139595,2026-06-25T19:55:19.040569,Pas tensometryczny,-5186475,-5186475,true
session_20260625_195259_P001,1390,139633,2026-06-25T19:55:19.077969,Pas tensometryczny,-5185951,-5185951,true
session_20260625_195259_P001,1391,139704,2026-06-25T19:55:19.149170,Pas tensometryczny,-5185762,-5185762,true
session_20260625_195259_P001,1392,139798,2026-06-25T19:55:19.243453,Pas tensometryczny,-5186068,-5186068,true
session_20260625_195259_P001,1393,139879,2026-06-25T19:55:19.324648,Pas tensometryczny,-5186877,-5186877,true
session_20260625_195259_P001,1394,140032,2026-06-25T19:55:19.477251,Pas tensometryczny,-5187744,-5187744,true
session_20260625_195259_P001,1395,140103,2026-06-25T19:55:19.547954,Pas tensometryczny,-5188447,-5188447,true
session_20260625_195259_P001,1396,140227,2026-06-25T19:55:19.671890,Pas tensometryczny,-5189186,-5189186,true
session_20260625_195259_P001,1397,140283,2026-06-25T19:55:19.728529,Pas tensometryczny,-5189388,-5189388,true
session_20260625_195259_P001,1398,140424,2026-06-25T19:55:19.869686,Pas tensometryczny,-5189725,-5189725,true
session_20260625_195259_P001,1399,140525,2026-06-25T19:55:19.970413,Pas tensometryczny,-5190978,-5190978,true
session_20260625_195259_P001,1400,140638,2026-06-25T19:55:20.082963,Pas tensometryczny,-5192377,-5192377,true
session_20260625_195259_P001,1401,140690,2026-06-25T19:55:20.135587,Pas tensometryczny,-5192754,-5192754,true
session_20260625_195259_P001,1402,140851,2026-06-25T19:55:20.296703,Pas tensometryczny,-5192915,-5192915,true
session_20260625_195259_P001,1403,140949,2026-06-25T19:55:20.394420,Pas tensometryczny,-5193321,-5193321,true
session_20260625_195259_P001,1404,141003,2026-06-25T19:55:20.448571,Pas tensometryczny,-5193644,-5193644,true
session_20260625_195259_P001,1405,141103,2026-06-25T19:55:20.548012,Pas tensometryczny,-5193920,-5193920,true
session_20260625_195259_P001,1406,141184,2026-06-25T19:55:20.628906,Pas tensometryczny,-5194598,-5194598,true
session_20260625_195259_P001,1407,141333,2026-06-25T19:55:20.778029,Pas tensometryczny,-5195768,-5195768,true
session_20260625_195259_P001,1408,141428,2026-06-25T19:55:20.873494,Pas tensometryczny,-5196617,-5196617,true
session_20260625_195259_P001,1409,141522,2026-06-25T19:55:20.966775,Pas tensometryczny,-5196776,-5196776,true
session_20260625_195259_P001,1410,141589,2026-06-25T19:55:21.034186,Pas tensometryczny,-5197127,-5197127,true
session_20260625_195259_P001,1411,141723,2026-06-25T19:55:21.168339,Pas tensometryczny,-5197483,-5197483,true
session_20260625_195259_P001,1412,141814,2026-06-25T19:55:21.259144,Pas tensometryczny,-5197535,-5197535,true
session_20260625_195259_P001,1413,141905,2026-06-25T19:55:21.350585,Pas tensometryczny,-5197435,-5197435,true
session_20260625_195259_P001,1414,141993,2026-06-25T19:55:21.438435,Pas tensometryczny,-5197044,-5197044,true
session_20260625_195259_P001,1415,142127,2026-06-25T19:55:21.571952,Pas tensometryczny,-5195966,-5195966,true
session_20260625_195259_P001,1416,142219,2026-06-25T19:55:21.663994,Pas tensometryczny,-5194731,-5194731,true
session_20260625_195259_P001,1417,142310,2026-06-25T19:55:21.754902,Pas tensometryczny,-5193549,-5193549,true
session_20260625_195259_P001,1418,142399,2026-06-25T19:55:21.843797,Pas tensometryczny,-5192941,-5192941,true
session_20260625_195259_P001,1419,142491,2026-06-25T19:55:21.936538,Pas tensometryczny,-5192584,-5192584,true
session_20260625_195259_P001,1420,142649,2026-06-25T19:55:22.093848,Pas tensometryczny,-5191912,-5191912,true
session_20260625_195259_P001,1421,142714,2026-06-25T19:55:22.158957,Pas tensometryczny,-5191597,-5191597,true
session_20260625_195259_P001,1422,142831,2026-06-25T19:55:22.275775,Pas tensometryczny,-5191323,-5191323,true
session_20260625_195259_P001,1423,142893,2026-06-25T19:55:22.338188,Pas tensometryczny,-5190568,-5190568,true
session_20260625_195259_P001,1424,143027,2026-06-25T19:55:22.472370,Pas tensometryczny,-5189961,-5189961,true
session_20260625_195259_P001,1425,143124,2026-06-25T19:55:22.569586,Pas tensometryczny,-5189190,-5189190,true
session_20260625_195259_P001,1426,143232,2026-06-25T19:55:22.677485,Pas tensometryczny,-5188569,-5188569,true
session_20260625_195259_P001,1427,143299,2026-06-25T19:55:22.744547,Pas tensometryczny,-5187981,-5187981,true
session_20260625_195259_P001,1428,143393,2026-06-25T19:55:22.838469,Pas tensometryczny,-5188145,-5188145,true
session_20260625_195259_P001,1429,143528,2026-06-25T19:55:22.973063,Pas tensometryczny,-5189417,-5189417,true
session_20260625_195259_P001,1430,143620,2026-06-25T19:55:23.064809,Pas tensometryczny,-5190633,-5190633,true
session_20260625_195259_P001,1431,143722,2026-06-25T19:55:23.167568,Pas tensometryczny,-5191984,-5191984,true
session_20260625_195259_P001,1432,143802,2026-06-25T19:55:23.247102,Pas tensometryczny,-5193089,-5193089,true
session_20260625_195259_P001,1433,143957,2026-06-25T19:55:23.402275,Pas tensometryczny,-5193687,-5193687,true
session_20260625_195259_P001,1434,144019,2026-06-25T19:55:23.464460,Pas tensometryczny,-5193843,-5193843,true
session_20260625_195259_P001,1435,144119,2026-06-25T19:55:23.564401,Pas tensometryczny,-5194190,-5194190,true
session_20260625_195259_P001,1436,144219,2026-06-25T19:55:23.664145,Pas tensometryczny,-5194922,-5194922,true
session_20260625_195259_P001,1437,144332,2026-06-25T19:55:23.777335,Pas tensometryczny,-5195586,-5195586,true
session_20260625_195259_P001,1438,144424,2026-06-25T19:55:23.869223,Pas tensometryczny,-5195372,-5195372,true
session_20260625_195259_P001,1439,144514,2026-06-25T19:55:23.959354,Pas tensometryczny,-5194725,-5194725,true
session_20260625_195259_P001,1440,144606,2026-06-25T19:55:24.050941,Pas tensometryczny,-5193558,-5193558,true
session_20260625_195259_P001,1441,144711,2026-06-25T19:55:24.156499,Pas tensometryczny,-5192259,-5192259,true
session_20260625_195259_P001,1442,144836,2026-06-25T19:55:24.281477,Pas tensometryczny,-5191324,-5191324,true
session_20260625_195259_P001,1443,144938,2026-06-25T19:55:24.383017,Pas tensometryczny,-5190508,-5190508,true
session_20260625_195259_P001,1444,145043,2026-06-25T19:55:24.487829,Pas tensometryczny,-5190245,-5190245,true
session_20260625_195259_P001,1445,145100,2026-06-25T19:55:24.544827,Pas tensometryczny,-5190411,-5190411,true
session_20260625_195259_P001,1446,145233,2026-06-25T19:55:24.677851,Pas tensometryczny,-5190838,-5190838,true
session_20260625_195259_P001,1447,145351,2026-06-25T19:55:24.795956,Pas tensometryczny,-5190642,-5190642,true
session_20260625_195259_P001,1448,145421,2026-06-25T19:55:24.866528,Pas tensometryczny,-5189684,-5189684,true
session_20260625_195259_P001,1449,145508,2026-06-25T19:55:24.953640,Pas tensometryczny,-5188739,-5188739,true
session_20260625_195259_P001,1450,145596,2026-06-25T19:55:25.041296,Pas tensometryczny,-5187979,-5187979,true
session_20260625_195259_P001,1451,145750,2026-06-25T19:55:25.195371,Pas tensometryczny,-5187391,-5187391,true
session_20260625_195259_P001,1452,145819,2026-06-25T19:55:25.264028,Pas tensometryczny,-5186890,-5186890,true
session_20260625_195259_P001,1453,145909,2026-06-25T19:55:25.354136,Pas tensometryczny,-5186682,-5186682,true
session_20260625_195259_P001,1454,145998,2026-06-25T19:55:25.442745,Pas tensometryczny,-5186169,-5186169,true
session_20260625_195259_P001,1455,146143,2026-06-25T19:55:25.587766,Pas tensometryczny,-5185258,-5185258,true
session_20260625_195259_P001,1456,146239,2026-06-25T19:55:25.684080,Pas tensometryczny,-5184793,-5184793,true
session_20260625_195259_P001,1457,146314,2026-06-25T19:55:25.759346,Pas tensometryczny,-5184166,-5184166,true
session_20260625_195259_P001,1458,146408,2026-06-25T19:55:25.853454,Pas tensometryczny,-5183993,-5183993,true
session_20260625_195259_P001,1459,146552,2026-06-25T19:55:25.997401,Pas tensometryczny,-5185121,-5185121,true
session_20260625_195259_P001,1460,146651,2026-06-25T19:55:26.096003,Pas tensometryczny,-5186733,-5186733,true
session_20260625_195259_P001,1461,146750,2026-06-25T19:55:26.195173,Pas tensometryczny,-5187562,-5187562,true
session_20260625_195259_P001,1462,146807,2026-06-25T19:55:26.251742,Pas tensometryczny,-5187955,-5187955,true
session_20260625_195259_P001,1463,146900,2026-06-25T19:55:26.344841,Pas tensometryczny,-5188237,-5188237,true
session_20260625_195259_P001,1464,147042,2026-06-25T19:55:26.487643,Pas tensometryczny,-5188725,-5188725,true
session_20260625_195259_P001,1465,147129,2026-06-25T19:55:26.574299,Pas tensometryczny,-5190145,-5190145,true
session_20260625_195259_P001,1466,147212,2026-06-25T19:55:26.657526,Pas tensometryczny,-5190734,-5190734,true
session_20260625_195259_P001,1467,147347,2026-06-25T19:55:26.791795,Pas tensometryczny,-5191228,-5191228,true
session_20260625_195259_P001,1468,147454,2026-06-25T19:55:26.899118,Pas tensometryczny,-5191816,-5191816,true
session_20260625_195259_P001,1469,147528,2026-06-25T19:55:26.973147,Pas tensometryczny,-5192233,-5192233,true
session_20260625_195259_P001,1470,147620,2026-06-25T19:55:27.064781,Pas tensometryczny,-5192435,-5192435,true
session_20260625_195259_P001,1471,147723,2026-06-25T19:55:27.168252,Pas tensometryczny,-5192967,-5192967,true
session_20260625_195259_P001,1472,147803,2026-06-25T19:55:27.248595,Pas tensometryczny,-5194285,-5194285,true
session_20260625_195259_P001,1473,147969,2026-06-25T19:55:27.414670,Pas tensometryczny,-5195207,-5195207,true
session_20260625_195259_P001,1474,148025,2026-06-25T19:55:27.470458,Pas tensometryczny,-5195550,-5195550,true
session_20260625_195259_P001,1475,148129,2026-06-25T19:55:27.573910,Pas tensometryczny,-5195906,-5195906,true
session_20260625_195259_P001,1476,148204,2026-06-25T19:55:27.649095,Pas tensometryczny,-5196209,-5196209,true
session_20260625_195259_P001,1477,148367,2026-06-25T19:55:27.812373,Pas tensometryczny,-5196259,-5196259,true
session_20260625_195259_P001,1478,148428,2026-06-25T19:55:27.873355,Pas tensometryczny,-5195827,-5195827,true
session_20260625_195259_P001,1479,148517,2026-06-25T19:55:27.962361,Pas tensometryczny,-5195077,-5195077,true
session_20260625_195259_P001,1480,148623,2026-06-25T19:55:28.068098,Pas tensometryczny,-5193749,-5193749,true
session_20260625_195259_P001,1481,148772,2026-06-25T19:55:28.217619,Pas tensometryczny,-5192852,-5192852,true
session_20260625_195259_P001,1482,148834,2026-06-25T19:55:28.278848,Pas tensometryczny,-5191932,-5191932,true
session_20260625_195259_P001,1483,148924,2026-06-25T19:55:28.369437,Pas tensometryczny,-5190532,-5190532,true
session_20260625_195259_P001,1484,149013,2026-06-25T19:55:28.458244,Pas tensometryczny,-5189653,-5189653,true
session_20260625_195259_P001,1485,149118,2026-06-25T19:55:28.563494,Pas tensometryczny,-5189910,-5189910,true
session_20260625_195259_P001,1486,149272,2026-06-25T19:55:28.717418,Pas tensometryczny,-5189351,-5189351,true
session_20260625_195259_P001,1487,149327,2026-06-25T19:55:28.771816,Pas tensometryczny,-5188373,-5188373,true
session_20260625_195259_P001,1488,149445,2026-06-25T19:55:28.890398,Pas tensometryczny,-5187818,-5187818,true
session_20260625_195259_P001,1489,149555,2026-06-25T19:55:29.000531,Pas tensometryczny,-5187188,-5187188,true
session_20260625_195259_P001,1490,149678,2026-06-25T19:55:29.123669,Pas tensometryczny,-5186431,-5186431,true
session_20260625_195259_P001,1491,149737,2026-06-25T19:55:29.181763,Pas tensometryczny,-5186495,-5186495,true
session_20260625_195259_P001,1492,149866,2026-06-25T19:55:29.311324,Pas tensometryczny,-5186080,-5186080,true
session_20260625_195259_P001,1493,149913,2026-06-25T19:55:29.358322,Pas tensometryczny,-5184712,-5184712,true
session_20260625_195259_P001,1494,150018,2026-06-25T19:55:29.462768,Pas tensometryczny,-5183104,-5183104,true
session_20260625_195259_P001,1495,150138,2026-06-25T19:55:29.582929,Pas tensometryczny,-5182607,-5182607,true
session_20260625_195259_P001,1496,150255,2026-06-25T19:55:29.700004,Pas tensometryczny,-5183301,-5183301,true
session_20260625_195259_P001,1497,150319,2026-06-25T19:55:29.763961,Pas tensometryczny,-5184389,-5184389,true
session_20260625_195259_P001,1498,150435,2026-06-25T19:55:29.880162,Pas tensometryczny,-5185274,-5185274,true
session_20260625_195259_P001,1499,150547,2026-06-25T19:55:29.992440,Pas tensometryczny,-5186281,-5186281,true
session_20260625_195259_P001,1500,150637,2026-06-25T19:55:30.082547,Pas tensometryczny,-5186894,-5186894,true
session_20260625_195259_P001,1501,150739,2026-06-25T19:55:30.184202,Pas tensometryczny,-5187340,-5187340,true
session_20260625_195259_P001,1502,150831,2026-06-25T19:55:30.275948,Pas tensometryczny,-5187868,-5187868,true
session_20260625_195259_P001,1503,150973,2026-06-25T19:55:30.418344,Pas tensometryczny,-5188287,-5188287,true
session_20260625_195259_P001,1504,151037,2026-06-25T19:55:30.482522,Pas tensometryczny,-5187814,-5187814,true
session_20260625_195259_P001,1505,151147,2026-06-25T19:55:30.592499,Pas tensometryczny,-5185948,-5185948,true
session_20260625_195259_P001,1506,151241,2026-06-25T19:55:30.686530,Pas tensometryczny,-5184298,-5184298,true
session_20260625_195259_P001,1507,151347,2026-06-25T19:55:30.792505,Pas tensometryczny,-5183950,-5183950,true
session_20260625_195259_P001,1508,151466,2026-06-25T19:55:30.911492,Pas tensometryczny,-5186617,-5186617,true
session_20260625_195259_P001,1509,151575,2026-06-25T19:55:31.019898,Pas tensometryczny,-5190705,-5190705,true
session_20260625_195259_P001,1510,151632,2026-06-25T19:55:31.077500,Pas tensometryczny,-5193525,-5193525,true
session_20260625_195259_P001,1511,151716,2026-06-25T19:55:31.161165,Pas tensometryczny,-5194693,-5194693,true
session_20260625_195259_P001,1512,151867,2026-06-25T19:55:31.312680,Pas tensometryczny,-5194864,-5194864,true
session_20260625_195259_P001,1513,151957,2026-06-25T19:55:31.402362,Pas tensometryczny,-5195209,-5195209,true
session_20260625_195259_P001,1514,152039,2026-06-25T19:55:31.483957,Pas tensometryczny,-5195371,-5195371,true
session_20260625_195259_P001,1515,152120,2026-06-25T19:55:31.565166,Pas tensometryczny,-5195901,-5195901,true
session_20260625_195259_P001,1516,152254,2026-06-25T19:55:31.698855,Pas tensometryczny,-5195637,-5195637,true
session_20260625_195259_P001,1517,152374,2026-06-25T19:55:31.819527,Pas tensometryczny,-5193370,-5193370,true
session_20260625_195259_P001,1518,152435,2026-06-25T19:55:31.880262,Pas tensometryczny,-5192581,-5192581,true
session_20260625_195259_P001,1519,152525,2026-06-25T19:55:31.970221,Pas tensometryczny,-5192299,-5192299,true
session_20260625_195259_P001,1520,152615,2026-06-25T19:55:32.059811,Pas tensometryczny,-5191740,-5191740,true
session_20260625_195259_P001,1521,152774,2026-06-25T19:55:32.219424,Pas tensometryczny,-5190964,-5190964,true
session_20260625_195259_P001,1522,152841,2026-06-25T19:55:32.286123,Pas tensometryczny,-5190036,-5190036,true
session_20260625_195259_P001,1523,152960,2026-06-25T19:55:32.404774,Pas tensometryczny,-5190052,-5190052,true
session_20260625_195259_P001,1524,153024,2026-06-25T19:55:32.469515,Pas tensometryczny,-5191395,-5191395,true
session_20260625_195259_P001,1525,153177,2026-06-25T19:55:32.622669,Pas tensometryczny,-5192862,-5192862,true
session_20260625_195259_P001,1526,153246,2026-06-25T19:55:32.691567,Pas tensometryczny,-5193772,-5193772,true
session_20260625_195259_P001,1527,153360,2026-06-25T19:55:32.805312,Pas tensometryczny,-5194090,-5194090,true
session_20260625_195259_P001,1528,153425,2026-06-25T19:55:32.870077,Pas tensometryczny,-5194377,-5194377,true
session_20260625_195259_P001,1529,153514,2026-06-25T19:55:32.959072,Pas tensometryczny,-5194655,-5194655,true
session_20260625_195259_P001,1530,153655,2026-06-25T19:55:33.099915,Pas tensometryczny,-5195124,-5195124,true
session_20260625_195259_P001,1531,153751,2026-06-25T19:55:33.195806,Pas tensometryczny,-5195679,-5195679,true
session_20260625_195259_P001,1532,153828,2026-06-25T19:55:33.273450,Pas tensometryczny,-5195725,-5195725,true
session_20260625_195259_P001,1533,153919,2026-06-25T19:55:33.363746,Pas tensometryczny,-5194794,-5194794,true
session_20260625_195259_P001,1534,154056,2026-06-25T19:55:33.501009,Pas tensometryczny,-5193640,-5193640,true
session_20260625_195259_P001,1535,154151,2026-06-25T19:55:33.595747,Pas tensometryczny,-5192649,-5192649,true
session_20260625_195259_P001,1536,154239,2026-06-25T19:55:33.684525,Pas tensometryczny,-5191799,-5191799,true
session_20260625_195259_P001,1537,154334,2026-06-25T19:55:33.779234,Pas tensometryczny,-5191439,-5191439,true
session_20260625_195259_P001,1538,154461,2026-06-25T19:55:33.906687,Pas tensometryczny,-5191627,-5191627,true
session_20260625_195259_P001,1539,154550,2026-06-25T19:55:33.995022,Pas tensometryczny,-5191268,-5191268,true
session_20260625_195259_P001,1540,154641,2026-06-25T19:55:34.086311,Pas tensometryczny,-5191220,-5191220,true
session_20260625_195259_P001,1541,154733,2026-06-25T19:55:34.178381,Pas tensometryczny,-5190475,-5190475,true
session_20260625_195259_P001,1542,154838,2026-06-25T19:55:34.282984,Pas tensometryczny,-5189366,-5189366,true
session_20260625_195259_P001,1543,154957,2026-06-25T19:55:34.402124,Pas tensometryczny,-5188524,-5188524,true
session_20260625_195259_P001,1544,155045,2026-06-25T19:55:34.490178,Pas tensometryczny,-5187730,-5187730,true
session_20260625_195259_P001,1545,155157,2026-06-25T19:55:34.601713,Pas tensometryczny,-5186928,-5186928,true
session_20260625_195259_P001,1546,155228,2026-06-25T19:55:34.673149,Pas tensometryczny,-5186257,-5186257,true
session_20260625_195259_P001,1547,155362,2026-06-25T19:55:34.807129,Pas tensometryczny,-5186384,-5186384,true
session_20260625_195259_P001,1548,155480,2026-06-25T19:55:34.925378,Pas tensometryczny,-5187063,-5187063,true
session_20260625_195259_P001,1549,155551,2026-06-25T19:55:34.996090,Pas tensometryczny,-5187927,-5187927,true
session_20260625_195259_P001,1550,155637,2026-06-25T19:55:35.081811,Pas tensometryczny,-5188402,-5188402,true
session_20260625_195259_P001,1551,155718,2026-06-25T19:55:35.163492,Pas tensometryczny,-5188923,-5188923,true
session_20260625_195259_P001,1552,155854,2026-06-25T19:55:35.299125,Pas tensometryczny,-5190156,-5190156,true
session_20260625_195259_P001,1553,155966,2026-06-25T19:55:35.411678,Pas tensometryczny,-5191654,-5191654,true
session_20260625_195259_P001,1554,156032,2026-06-25T19:55:35.477452,Pas tensometryczny,-5192661,-5192661,true
session_20260625_195259_P001,1555,156151,2026-06-25T19:55:35.596408,Pas tensometryczny,-5193250,-5193250,true
session_20260625_195259_P001,1556,156315,2026-06-25T19:55:35.760265,Pas tensometryczny,-5193825,-5193825,true
session_20260625_195259_P001,1557,156353,2026-06-25T19:55:35.797917,Pas tensometryczny,-5194155,-5194155,true
session_20260625_195259_P001,1558,156469,2026-06-25T19:55:35.914246,Pas tensometryczny,-5194412,-5194412,true
session_20260625_195259_P001,1559,156536,2026-06-25T19:55:35.981236,Pas tensometryczny,-5194586,-5194586,true
session_20260625_195259_P001,1560,156663,2026-06-25T19:55:36.108463,Pas tensometryczny,-5194290,-5194290,true
session_20260625_195259_P001,1561,156762,2026-06-25T19:55:36.207594,Pas tensometryczny,-5193366,-5193366,true
session_20260625_195259_P001,1562,156867,2026-06-25T19:55:36.312176,Pas tensometryczny,-5192015,-5192015,true
session_20260625_195259_P001,1563,156940,2026-06-25T19:55:36.385426,Pas tensometryczny,-5190824,-5190824,true
session_20260625_195259_P001,1564,157030,2026-06-25T19:55:36.475082,Pas tensometryczny,-5189960,-5189960,true
session_20260625_195259_P001,1565,157189,2026-06-25T19:55:36.633775,Pas tensometryczny,-5189778,-5189778,true
session_20260625_195259_P001,1566,157255,2026-06-25T19:55:36.700465,Pas tensometryczny,-5190240,-5190240,true
session_20260625_195259_P001,1567,157383,2026-06-25T19:55:36.828281,Pas tensometryczny,-5189205,-5189205,true
session_20260625_195259_P001,1568,157435,2026-06-25T19:55:36.880091,Pas tensometryczny,-5187786,-5187786,true
session_20260625_195259_P001,1569,157569,2026-06-25T19:55:37.014123,Pas tensometryczny,-5186507,-5186507,true
session_20260625_195259_P001,1570,157655,2026-06-25T19:55:37.100227,Pas tensometryczny,-5185599,-5185599,true
session_20260625_195259_P001,1571,157771,2026-06-25T19:55:37.216080,Pas tensometryczny,-5185748,-5185748,true
session_20260625_195259_P001,1572,157836,2026-06-25T19:55:37.281149,Pas tensometryczny,-5185444,-5185444,true
session_20260625_195259_P001,1573,157942,2026-06-25T19:55:37.387209,Pas tensometryczny,-5184391,-5184391,true
session_20260625_195259_P001,1574,158090,2026-06-25T19:55:37.535675,Pas tensometryczny,-5183999,-5183999,true
session_20260625_195259_P001,1575,158163,2026-06-25T19:55:37.608262,Pas tensometryczny,-5184493,-5184493,true
session_20260625_195259_P001,1576,158240,2026-06-25T19:55:37.685537,Pas tensometryczny,-5185580,-5185580,true
session_20260625_195259_P001,1577,158328,2026-06-25T19:55:37.773089,Pas tensometryczny,-5186971,-5186971,true
session_20260625_195259_P001,1578,158510,2026-06-25T19:55:37.954831,Pas tensometryczny,-5188433,-5188433,true
session_20260625_195259_P001,1579,158554,2026-06-25T19:55:37.999652,Pas tensometryczny,-5189211,-5189211,true
session_20260625_195259_P001,1580,158659,2026-06-25T19:55:38.104480,Pas tensometryczny,-5189494,-5189494,true
session_20260625_195259_P001,1581,158735,2026-06-25T19:55:38.180385,Pas tensometryczny,-5190076,-5190076,true
session_20260625_195259_P001,1582,158879,2026-06-25T19:55:38.324375,Pas tensometryczny,-5190402,-5190402,true
session_20260625_195259_P001,1583,158961,2026-06-25T19:55:38.406479,Pas tensometryczny,-5190863,-5190863,true
session_20260625_195259_P001,1584,159062,2026-06-25T19:55:38.507246,Pas tensometryczny,-5191431,-5191431,true
session_20260625_195259_P001,1585,159140,2026-06-25T19:55:38.585506,Pas tensometryczny,-5192560,-5192560,true
session_20260625_195259_P001,1586,159232,2026-06-25T19:55:38.677341,Pas tensometryczny,-5193314,-5193314,true
session_20260625_195259_P001,1587,159365,2026-06-25T19:55:38.810574,Pas tensometryczny,-5193711,-5193711,true
session_20260625_195259_P001,1588,159456,2026-06-25T19:55:38.901303,Pas tensometryczny,-5193985,-5193985,true
session_20260625_195259_P001,1589,159558,2026-06-25T19:55:39.003042,Pas tensometryczny,-5193356,-5193356,true
session_20260625_195259_P001,1590,159638,2026-06-25T19:55:39.083189,Pas tensometryczny,-5192008,-5192008,true
session_20260625_195259_P001,1591,159781,2026-06-25T19:55:39.226686,Pas tensometryczny,-5191335,-5191335,true
session_20260625_195259_P001,1592,159866,2026-06-25T19:55:39.311477,Pas tensometryczny,-5191112,-5191112,true
session_20260625_195259_P001,1593,159949,2026-06-25T19:55:39.393794,Pas tensometryczny,-5190083,-5190083,true
session_20260625_195259_P001,1594,160041,2026-06-25T19:55:39.486539,Pas tensometryczny,-5188971,-5188971,true
session_20260625_195259_P001,1595,160172,2026-06-25T19:55:39.617677,Pas tensometryczny,-5188097,-5188097,true
session_20260625_195259_P001,1596,160286,2026-06-25T19:55:39.730801,Pas tensometryczny,-5186377,-5186377,true
session_20260625_195259_P001,1597,160356,2026-06-25T19:55:39.801513,Pas tensometryczny,-5186198,-5186198,true
session_20260625_195259_P001,1598,160452,2026-06-25T19:55:39.896748,Pas tensometryczny,-5186054,-5186054,true
session_20260625_195259_P001,1599,160533,2026-06-25T19:55:39.978609,Pas tensometryczny,-5185449,-5185449,true
session_20260625_195259_P001,1600,160669,2026-06-25T19:55:40.114328,Pas tensometryczny,-5184534,-5184534,true
session_20260625_195259_P001,1601,160760,2026-06-25T19:55:40.205530,Pas tensometryczny,-5183646,-5183646,true
session_20260625_195259_P001,1602,160851,2026-06-25T19:55:40.295738,Pas tensometryczny,-5183261,-5183261,true
session_20260625_195259_P001,1603,160962,2026-06-25T19:55:40.407361,Pas tensometryczny,-5183765,-5183765,true
session_20260625_195259_P001,1604,161079,2026-06-25T19:55:40.524160,Pas tensometryczny,-5184704,-5184704,true
session_20260625_195259_P001,1605,161167,2026-06-25T19:55:40.612459,Pas tensometryczny,-5185200,-5185200,true
session_20260625_195259_P001,1606,161255,2026-06-25T19:55:40.699913,Pas tensometryczny,-5184659,-5184659,true
session_20260625_195259_P001,1607,161373,2026-06-25T19:55:40.818082,Pas tensometryczny,-5184138,-5184138,true
session_20260625_195259_P001,1608,161433,2026-06-25T19:55:40.878544,Pas tensometryczny,-5183527,-5183527,true
session_20260625_195259_P001,1609,161578,2026-06-25T19:55:41.023643,Pas tensometryczny,-5182852,-5182852,true
session_20260625_195259_P001,1610,161679,2026-06-25T19:55:41.124214,Pas tensometryczny,-5182484,-5182484,true
session_20260625_195259_P001,1611,161768,2026-06-25T19:55:41.213604,Pas tensometryczny,-5182379,-5182379,true
session_20260625_195259_P001,1612,161864,2026-06-25T19:55:41.309252,Pas tensometryczny,-5182601,-5182601,true
session_20260625_195259_P001,1613,161974,2026-06-25T19:55:41.418720,Pas tensometryczny,-5182327,-5182327,true
session_20260625_195259_P001,1614,162076,2026-06-25T19:55:41.520896,Pas tensometryczny,-5182634,-5182634,true
session_20260625_195259_P001,1615,162176,2026-06-25T19:55:41.621600,Pas tensometryczny,-5183225,-5183225,true
session_20260625_195259_P001,1616,162266,2026-06-25T19:55:41.710846,Pas tensometryczny,-5184164,-5184164,true
session_20260625_195259_P001,1617,162381,2026-06-25T19:55:41.826449,Pas tensometryczny,-5185121,-5185121,true
session_20260625_195259_P001,1618,162472,2026-06-25T19:55:41.917452,Pas tensometryczny,-5185848,-5185848,true
session_20260625_195259_P001,1619,162576,2026-06-25T19:55:42.021451,Pas tensometryczny,-5186911,-5186911,true
session_20260625_195259_P001,1620,162672,2026-06-25T19:55:42.116797,Pas tensometryczny,-5187740,-5187740,true
session_20260625_195259_P001,1621,162769,2026-06-25T19:55:42.213709,Pas tensometryczny,-5188195,-5188195,true
session_20260625_195259_P001,1622,162895,2026-06-25T19:55:42.340180,Pas tensometryczny,-5189677,-5189677,true
session_20260625_195259_P001,1623,162994,2026-06-25T19:55:42.438871,Pas tensometryczny,-5189881,-5189881,true
session_20260625_195259_P001,1624,163057,2026-06-25T19:55:42.502161,Pas tensometryczny,-5190327,-5190327,true
session_20260625_195259_P001,1625,163149,2026-06-25T19:55:42.594288,Pas tensometryczny,-5191121,-5191121,true
session_20260625_195259_P001,1626,163305,2026-06-25T19:55:42.750098,Pas tensometryczny,-5191567,-5191567,true
session_20260625_195259_P001,1627,163373,2026-06-25T19:55:42.818653,Pas tensometryczny,-5190977,-5190977,true
session_20260625_195259_P001,1628,163477,2026-06-25T19:55:42.922374,Pas tensometryczny,-5189771,-5189771,true
session_20260625_195259_P001,1629,163549,2026-06-25T19:55:42.994234,Pas tensometryczny,-5188785,-5188785,true
session_20260625_195259_P001,1630,163637,2026-06-25T19:55:43.082296,Pas tensometryczny,-5187849,-5187849,true
session_20260625_195259_P001,1631,163789,2026-06-25T19:55:43.233784,Pas tensometryczny,-5186962,-5186962,true
session_20260625_195259_P001,1632,163885,2026-06-25T19:55:43.329733,Pas tensometryczny,-5186491,-5186491,true
session_20260625_195259_P001,1633,163955,2026-06-25T19:55:43.400630,Pas tensometryczny,-5186290,-5186290,true
session_20260625_195259_P001,1634,164049,2026-06-25T19:55:43.494260,Pas tensometryczny,-5185413,-5185413,true
session_20260625_195259_P001,1635,164204,2026-06-25T19:55:43.648977,Pas tensometryczny,-5184262,-5184262,true
session_20260625_195259_P001,1636,164281,2026-06-25T19:55:43.726343,Pas tensometryczny,-5184074,-5184074,true
session_20260625_195259_P001,1637,164362,2026-06-25T19:55:43.806757,Pas tensometryczny,-5184208,-5184208,true
session_20260625_195259_P001,1638,164458,2026-06-25T19:55:43.903467,Pas tensometryczny,-5184846,-5184846,true
session_20260625_195259_P001,1639,164594,2026-06-25T19:55:44.039081,Pas tensometryczny,-5185596,-5185596,true
session_20260625_195259_P001,1640,164677,2026-06-25T19:55:44.121746,Pas tensometryczny,-5185858,-5185858,true
session_20260625_195259_P001,1641,164764,2026-06-25T19:55:44.209405,Pas tensometryczny,-5186247,-5186247,true
session_20260625_195259_P001,1642,164853,2026-06-25T19:55:44.297730,Pas tensometryczny,-5186537,-5186537,true
session_20260625_195259_P001,1643,164943,2026-06-25T19:55:44.388277,Pas tensometryczny,-5187155,-5187155,true
session_20260625_195259_P001,1644,165084,2026-06-25T19:55:44.528923,Pas tensometryczny,-5188084,-5188084,true
session_20260625_195259_P001,1645,165168,2026-06-25T19:55:44.612715,Pas tensometryczny,-5189031,-5189031,true
session_20260625_195259_P001,1646,165270,2026-06-25T19:55:44.715553,Pas tensometryczny,-5190524,-5190524,true
session_20260625_195259_P001,1647,165353,2026-06-25T19:55:44.798245,Pas tensometryczny,-5192110,-5192110,true
session_20260625_195259_P001,1648,165484,2026-06-25T19:55:44.929598,Pas tensometryczny,-5192867,-5192867,true
session_20260625_195259_P001,1649,165586,2026-06-25T19:55:45.031224,Pas tensometryczny,-5191877,-5191877,true
session_20260625_195259_P001,1650,165665,2026-06-25T19:55:45.110658,Pas tensometryczny,-5190678,-5190678,true
session_20260625_195259_P001,1651,165753,2026-06-25T19:55:45.198213,Pas tensometryczny,-5189568,-5189568,true
session_20260625_195259_P001,1652,165850,2026-06-25T19:55:45.295352,Pas tensometryczny,-5188645,-5188645,true
session_20260625_195259_P001,1653,165980,2026-06-25T19:55:45.424780,Pas tensometryczny,-5187079,-5187079,true
session_20260625_195259_P001,1654,166072,2026-06-25T19:55:45.516781,Pas tensometryczny,-5185972,-5185972,true
session_20260625_195259_P001,1655,166160,2026-06-25T19:55:45.604756,Pas tensometryczny,-5185427,-5185427,true
session_20260625_195259_P001,1656,166283,2026-06-25T19:55:45.728492,Pas tensometryczny,-5184993,-5184993,true
session_20260625_195259_P001,1657,166382,2026-06-25T19:55:45.827564,Pas tensometryczny,-5184370,-5184370,true
session_20260625_195259_P001,1658,166478,2026-06-25T19:55:45.923028,Pas tensometryczny,-5183624,-5183624,true
session_20260625_195259_P001,1659,166588,2026-06-25T19:55:46.033175,Pas tensometryczny,-5182788,-5182788,true
session_20260625_195259_P001,1660,166684,2026-06-25T19:55:46.128797,Pas tensometryczny,-5182456,-5182456,true
session_20260625_195259_P001,1661,166792,2026-06-25T19:55:46.237576,Pas tensometryczny,-5184038,-5184038,true
session_20260625_195259_P001,1662,166880,2026-06-25T19:55:46.324742,Pas tensometryczny,-5185588,-5185588,true
session_20260625_195259_P001,1663,166974,2026-06-25T19:55:46.419157,Pas tensometryczny,-5186192,-5186192,true
session_20260625_195259_P001,1664,167082,2026-06-25T19:55:46.526805,Pas tensometryczny,-5186577,-5186577,true
session_20260625_195259_P001,1665,167155,2026-06-25T19:55:46.600407,Pas tensometryczny,-5186716,-5186716,true
session_20260625_195259_P001,1666,167284,2026-06-25T19:55:46.729320,Pas tensometryczny,-5187634,-5187634,true
session_20260625_195259_P001,1667,167419,2026-06-25T19:55:46.864608,Pas tensometryczny,-5188638,-5188638,true
session_20260625_195259_P001,1668,167467,2026-06-25T19:55:46.911925,Pas tensometryczny,-5189315,-5189315,true
session_20260625_195259_P001,1669,167553,2026-06-25T19:55:46.998077,Pas tensometryczny,-5189601,-5189601,true
session_20260625_195259_P001,1670,167690,2026-06-25T19:55:47.135504,Pas tensometryczny,-5189601,-5189601,true
session_20260625_195259_P001,1671,167801,2026-06-25T19:55:47.246270,Pas tensometryczny,-5189844,-5189844,true
session_20260625_195259_P001,1672,167875,2026-06-25T19:55:47.320050,Pas tensometryczny,-5190352,-5190352,true
session_20260625_195259_P001,1673,167976,2026-06-25T19:55:47.421219,Pas tensometryczny,-5190237,-5190237,true
session_20260625_195259_P001,1674,168070,2026-06-25T19:55:47.515112,Pas tensometryczny,-5189726,-5189726,true
session_20260625_195259_P001,1675,168202,2026-06-25T19:55:47.646797,Pas tensometryczny,-5188208,-5188208,true
session_20260625_195259_P001,1676,168295,2026-06-25T19:55:47.739952,Pas tensometryczny,-5187474,-5187474,true
session_20260625_195259_P001,1677,168395,2026-06-25T19:55:47.840217,Pas tensometryczny,-5186676,-5186676,true
session_20260625_195259_P001,1678,168467,2026-06-25T19:55:47.911774,Pas tensometryczny,-5185897,-5185897,true
session_20260625_195259_P001,1679,168618,2026-06-25T19:55:48.063035,Pas tensometryczny,-5185485,-5185485,true
session_20260625_195259_P001,1680,168688,2026-06-25T19:55:48.133538,Pas tensometryczny,-5185121,-5185121,true
session_20260625_195259_P001,1681,168779,2026-06-25T19:55:48.224188,Pas tensometryczny,-5184598,-5184598,true
session_20260625_195259_P001,1682,168884,2026-06-25T19:55:48.329342,Pas tensometryczny,-5183977,-5183977,true
session_20260625_195259_P001,1683,169020,2026-06-25T19:55:48.464861,Pas tensometryczny,-5183553,-5183553,true
session_20260625_195259_P001,1684,169120,2026-06-25T19:55:48.565209,Pas tensometryczny,-5183016,-5183016,true
session_20260625_195259_P001,1685,169188,2026-06-25T19:55:48.632741,Pas tensometryczny,-5183248,-5183248,true
session_20260625_195259_P001,1686,169268,2026-06-25T19:55:48.713163,Pas tensometryczny,-5185055,-5185055,true
session_20260625_195259_P001,1687,169358,2026-06-25T19:55:48.803628,Pas tensometryczny,-5186258,-5186258,true
session_20260625_195259_P001,1688,169501,2026-06-25T19:55:48.946573,Pas tensometryczny,-5186704,-5186704,true
session_20260625_195259_P001,1689,169595,2026-06-25T19:55:49.040557,Pas tensometryczny,-5187232,-5187232,true
session_20260625_195259_P001,1690,169671,2026-06-25T19:55:49.116263,Pas tensometryczny,-5188030,-5188030,true
session_20260625_195259_P001,1691,169761,2026-06-25T19:55:49.206232,Pas tensometryczny,-5188803,-5188803,true
session_20260625_195259_P001,1692,169926,2026-06-25T19:55:49.371203,Pas tensometryczny,-5189171,-5189171,true
session_20260625_195259_P001,1693,169993,2026-06-25T19:55:49.438379,Pas tensometryczny,-5189429,-5189429,true
session_20260625_195259_P001,1694,170077,2026-06-25T19:55:49.522119,Pas tensometryczny,-5189883,-5189883,true
session_20260625_195259_P001,1695,170162,2026-06-25T19:55:49.607505,Pas tensometryczny,-5190627,-5190627,true
session_20260625_195259_P001,1696,170313,2026-06-25T19:55:49.758212,Pas tensometryczny,-5190986,-5190986,true
session_20260625_195259_P001,1697,170416,2026-06-25T19:55:49.860883,Pas tensometryczny,-5190866,-5190866,true
session_20260625_195259_P001,1698,170481,2026-06-25T19:55:49.926440,Pas tensometryczny,-5190566,-5190566,true
session_20260625_195259_P001,1699,170573,2026-06-25T19:55:50.018269,Pas tensometryczny,-5190691,-5190691,true
session_20260625_195259_P001,1700,170659,2026-06-25T19:55:50.104432,Pas tensometryczny,-5190270,-5190270,true
session_20260625_195259_P001,1701,170796,2026-06-25T19:55:50.241028,Pas tensometryczny,-5187685,-5187685,true
session_20260625_195259_P001,1702,170882,2026-06-25T19:55:50.327640,Pas tensometryczny,-5186855,-5186855,true
session_20260625_195259_P001,1703,170974,2026-06-25T19:55:50.418944,Pas tensometryczny,-5186218,-5186218,true
session_20260625_195259_P001,1704,171064,2026-06-25T19:55:50.508870,Pas tensometryczny,-5185774,-5185774,true
session_20260625_195259_P001,1705,171200,2026-06-25T19:55:50.645153,Pas tensometryczny,-5185730,-5185730,true
session_20260625_195259_P001,1706,171287,2026-06-25T19:55:50.732514,Pas tensometryczny,-5185787,-5185787,true
session_20260625_195259_P001,1707,171378,2026-06-25T19:55:50.823682,Pas tensometryczny,-5185513,-5185513,true
session_20260625_195259_P001,1708,171472,2026-06-25T19:55:50.917504,Pas tensometryczny,-5185877,-5185877,true
session_20260625_195259_P001,1709,171560,2026-06-25T19:55:51.004875,Pas tensometryczny,-5185948,-5185948,true
session_20260625_195259_P001,1710,171695,2026-06-25T19:55:51.140524,Pas tensometryczny,-5185758,-5185758,true
session_20260625_195259_P001,1711,171815,2026-06-25T19:55:51.260528,Pas tensometryczny,-5186055,-5186055,true
session_20260625_195259_P001,1712,171877,2026-06-25T19:55:51.321884,Pas tensometryczny,-5186516,-5186516,true
session_20260625_195259_P001,1713,171966,2026-06-25T19:55:51.411475,Pas tensometryczny,-5186542,-5186542,true
session_20260625_195259_P001,1714,172099,2026-06-25T19:55:51.544268,Pas tensometryczny,-5186939,-5186939,true
session_20260625_195259_P001,1715,172196,2026-06-25T19:55:51.640814,Pas tensometryczny,-5187082,-5187082,true
session_20260625_195259_P001,1716,172279,2026-06-25T19:55:51.724405,Pas tensometryczny,-5187508,-5187508,true
session_20260625_195259_P001,1717,172380,2026-06-25T19:55:51.825495,Pas tensometryczny,-5188018,-5188018,true
session_20260625_195259_P001,1718,172504,2026-06-25T19:55:51.949261,Pas tensometryczny,-5188355,-5188355,true
session_20260625_195259_P001,1719,172606,2026-06-25T19:55:52.050727,Pas tensometryczny,-5189138,-5189138,true
session_20260625_195259_P001,1720,172683,2026-06-25T19:55:52.128710,Pas tensometryczny,-5189548,-5189548,true
session_20260625_195259_P001,1721,172787,2026-06-25T19:55:52.232631,Pas tensometryczny,-5190067,-5190067,true
session_20260625_195259_P001,1722,172885,2026-06-25T19:55:52.329885,Pas tensometryczny,-5190813,-5190813,true
session_20260625_195259_P001,1723,173000,2026-06-25T19:55:52.445642,Pas tensometryczny,-5191207,-5191207,true
session_20260625_195259_P001,1724,173089,2026-06-25T19:55:52.534364,Pas tensometryczny,-5191482,-5191482,true
session_20260625_195259_P001,1725,173185,2026-06-25T19:55:52.630153,Pas tensometryczny,-5192035,-5192035,true
session_20260625_195259_P001,1726,173270,2026-06-25T19:55:52.715448,Pas tensometryczny,-5192772,-5192772,true
session_20260625_195259_P001,1727,173409,2026-06-25T19:55:52.854379,Pas tensometryczny,-5193086,-5193086,true
session_20260625_195259_P001,1728,173497,2026-06-25T19:55:52.941755,Pas tensometryczny,-5193738,-5193738,true
session_20260625_195259_P001,1729,173596,2026-06-25T19:55:53.040750,Pas tensometryczny,-5193855,-5193855,true
session_20260625_195259_P001,1730,173700,2026-06-25T19:55:53.144873,Pas tensometryczny,-5193887,-5193887,true
session_20260625_195259_P001,1731,173774,2026-06-25T19:55:53.218728,Pas tensometryczny,-5194023,-5194023,true
session_20260625_195259_P001,1732,173916,2026-06-25T19:55:53.360896,Pas tensometryczny,-5194644,-5194644,true
session_20260625_195259_P001,1733,174004,2026-06-25T19:55:53.449293,Pas tensometryczny,-5195172,-5195172,true
session_20260625_195259_P001,1734,174109,2026-06-25T19:55:53.553717,Pas tensometryczny,-5194783,-5194783,true
session_20260625_195259_P001,1735,174167,2026-06-25T19:55:53.611993,Pas tensometryczny,-5194971,-5194971,true
session_20260625_195259_P001,1736,174324,2026-06-25T19:55:53.769240,Pas tensometryczny,-5195131,-5195131,true
session_20260625_195259_P001,1737,174413,2026-06-25T19:55:53.858097,Pas tensometryczny,-5195064,-5195064,true
session_20260625_195259_P001,1738,174519,2026-06-25T19:55:53.964661,Pas tensometryczny,-5194619,-5194619,true
session_20260625_195259_P001,1739,174588,2026-06-25T19:55:54.033138,Pas tensometryczny,-5194432,-5194432,true
session_20260625_195259_P001,1740,174740,2026-06-25T19:55:54.185177,Pas tensometryczny,-5194840,-5194840,true
session_20260625_195259_P001,1741,174807,2026-06-25T19:55:54.252136,Pas tensometryczny,-5194606,-5194606,true
session_20260625_195259_P001,1742,174900,2026-06-25T19:55:54.345100,Pas tensometryczny,-5194489,-5194489,true
session_20260625_195259_P001,1743,175001,2026-06-25T19:55:54.446624,Pas tensometryczny,-5194135,-5194135,true
session_20260625_195259_P001,1744,175070,2026-06-25T19:55:54.515244,Pas tensometryczny,-5193745,-5193745,true
session_20260625_195259_P001,1745,175211,2026-06-25T19:55:54.656408,Pas tensometryczny,-5193423,-5193423,true
session_20260625_195259_P001,1746,175318,2026-06-25T19:55:54.762775,Pas tensometryczny,-5193679,-5193679,true
session_20260625_195259_P001,1747,175410,2026-06-25T19:55:54.855695,Pas tensometryczny,-5194582,-5194582,true
session_20260625_195259_P001,1748,175477,2026-06-25T19:55:54.921892,Pas tensometryczny,-5195107,-5195107,true
session_20260625_195259_P001,1749,175641,2026-06-25T19:55:55.086360,Pas tensometryczny,-5194361,-5194361,true
session_20260625_195259_P001,1750,175735,2026-06-25T19:55:55.179826,Pas tensometryczny,-5194336,-5194336,true
session_20260625_195259_P001,1751,175790,2026-06-25T19:55:55.234958,Pas tensometryczny,-5194521,-5194521,true
session_20260625_195259_P001,1752,175906,2026-06-25T19:55:55.351207,Pas tensometryczny,-5194504,-5194504,true
session_20260625_195259_P001,1753,175971,2026-06-25T19:55:55.416226,Pas tensometryczny,-5194459,-5194459,true
session_20260625_195259_P001,1754,176124,2026-06-25T19:55:55.569403,Pas tensometryczny,-5194581,-5194581,true
session_20260625_195259_P001,1755,176198,2026-06-25T19:55:55.643377,Pas tensometryczny,-5194886,-5194886,true
session_20260625_195259_P001,1756,176288,2026-06-25T19:55:55.733023,Pas tensometryczny,-5193850,-5193850,true
session_20260625_195259_P001,1757,176394,2026-06-25T19:55:55.838754,Pas tensometryczny,-5192986,-5192986,true
session_20260625_195259_P001,1758,176524,2026-06-25T19:55:55.969419,Pas tensometryczny,-5192179,-5192179,true
session_20260625_195259_P001,1759,176599,2026-06-25T19:55:56.044700,Pas tensometryczny,-5191041,-5191041,true
session_20260625_195259_P001,1760,176687,2026-06-25T19:55:56.132387,Pas tensometryczny,-5189927,-5189927,true
session_20260625_195259_P001,1761,176790,2026-06-25T19:55:56.235006,Pas tensometryczny,-5189384,-5189384,true
session_20260625_195259_P001,1762,176947,2026-06-25T19:55:56.392584,Pas tensometryczny,-5188824,-5188824,true
session_20260625_195259_P001,1763,177008,2026-06-25T19:55:56.453059,Pas tensometryczny,-5188221,-5188221,true
session_20260625_195259_P001,1764,177151,2026-06-25T19:55:56.596196,Pas tensometryczny,-5188005,-5188005,true
session_20260625_195259_P001,1765,177210,2026-06-25T19:55:56.655064,Pas tensometryczny,-5187280,-5187280,true
session_20260625_195259_P001,1766,177273,2026-06-25T19:55:56.717894,Pas tensometryczny,-5186516,-5186516,true
session_20260625_195259_P001,1767,177411,2026-06-25T19:55:56.856672,Pas tensometryczny,-5186241,-5186241,true
session_20260625_195259_P001,1768,177502,2026-06-25T19:55:56.947184,Pas tensometryczny,-5185714,-5185714,true
session_20260625_195259_P001,1769,177590,2026-06-25T19:55:57.035455,Pas tensometryczny,-5185411,-5185411,true
session_20260625_195259_P001,1770,177684,2026-06-25T19:55:57.129282,Pas tensometryczny,-5185108,-5185108,true
session_20260625_195259_P001,1771,177814,2026-06-25T19:55:57.259372,Pas tensometryczny,-5184745,-5184745,true
session_20260625_195259_P001,1772,177911,2026-06-25T19:55:57.356542,Pas tensometryczny,-5183899,-5183899,true
session_20260625_195259_P001,1773,177996,2026-06-25T19:55:57.440719,Pas tensometryczny,-5183187,-5183187,true
session_20260625_195259_P001,1774,178085,2026-06-25T19:55:57.530623,Pas tensometryczny,-5182559,-5182559,true
session_20260625_195259_P001,1775,178219,2026-06-25T19:55:57.664421,Pas tensometryczny,-5182209,-5182209,true
session_20260625_195259_P001,1776,178309,2026-06-25T19:55:57.754404,Pas tensometryczny,-5182044,-5182044,true
session_20260625_195259_P001,1777,178405,2026-06-25T19:55:57.850622,Pas tensometryczny,-5181580,-5181580,true
session_20260625_195259_P001,1778,178490,2026-06-25T19:55:57.935,Pas tensometryczny,-5180954,-5180954,true
session_20260625_195259_P001,1779,178593,2026-06-25T19:55:58.037851,Pas tensometryczny,-5180722,-5180722,true
session_20260625_195259_P001,1780,178714,2026-06-25T19:55:58.159088,Pas tensometryczny,-5181543,-5181543,true
session_20260625_195259_P001,1781,178809,2026-06-25T19:55:58.253794,Pas tensometryczny,-5181445,-5181445,true
session_20260625_195259_P001,1782,178900,2026-06-25T19:55:58.344786,Pas tensometryczny,-5181203,-5181203,true
session_20260625_195259_P001,1783,179001,2026-06-25T19:55:58.446062,Pas tensometryczny,-5180621,-5180621,true
session_20260625_195259_P001,1784,179119,2026-06-25T19:55:58.564135,Pas tensometryczny,-5180189,-5180189,true
session_20260625_195259_P001,1785,179224,2026-06-25T19:55:58.669245,Pas tensometryczny,-5180053,-5180053,true
session_20260625_195259_P001,1786,179323,2026-06-25T19:55:58.768604,Pas tensometryczny,-5180836,-5180836,true
session_20260625_195259_P001,1787,179387,2026-06-25T19:55:58.832339,Pas tensometryczny,-5181600,-5181600,true
session_20260625_195259_P001,1788,179498,2026-06-25T19:55:58.942970,Pas tensometryczny,-5181576,-5181576,true
session_20260625_195259_P001,1789,179612,2026-06-25T19:55:59.057436,Pas tensometryczny,-5182429,-5182429,true
session_20260625_195259_P001,1790,179733,2026-06-25T19:55:59.177882,Pas tensometryczny,-5183172,-5183172,true
session_20260625_195259_P001,1791,179793,2026-06-25T19:55:59.238487,Pas tensometryczny,-5183090,-5183090,true
session_20260625_195259_P001,1792,179897,2026-06-25T19:55:59.342209,Pas tensometryczny,-5183048,-5183048,true
session_20260625_195259_P001,1793,180017,2026-06-25T19:55:59.462571,Pas tensometryczny,-5183144,-5183144,true
session_20260625_195259_P001,1794,180132,2026-06-25T19:55:59.577043,Pas tensometryczny,-5183649,-5183649,true
session_20260625_195259_P001,1795,180220,2026-06-25T19:55:59.664982,Pas tensometryczny,-5184420,-5184420,true
session_20260625_195259_P001,1796,180293,2026-06-25T19:55:59.737727,Pas tensometryczny,-5184778,-5184778,true
session_20260625_195259_P001,1797,180456,2026-06-25T19:55:59.901525,Pas tensometryczny,-5185651,-5185651,true
session_20260625_195259_P001,1798,180549,2026-06-25T19:55:59.994700,Pas tensometryczny,-5186404,-5186404,true
session_20260625_195259_P001,1799,180602,2026-06-25T19:56:00.047506,Pas tensometryczny,-5186857,-5186857,true
session_20260625_195259_P001,1800,180719,2026-06-25T19:56:00.164466,Pas tensometryczny,-5187093,-5187093,true
session_20260625_195259_P001,1801,180784,2026-06-25T19:56:00.229074,Pas tensometryczny,-5187202,-5187202,true
session_20260625_195259_P001,1802,180934,2026-06-25T19:56:00.379505,Pas tensometryczny,-5187700,-5187700,true
session_20260625_195259_P001,1803,181035,2026-06-25T19:56:00.479957,Pas tensometryczny,-5189176,-5189176,true
session_20260625_195259_P001,1804,181106,2026-06-25T19:56:00.550742,Pas tensometryczny,-5189722,-5189722,true
session_20260625_195259_P001,1805,181189,2026-06-25T19:56:00.634392,Pas tensometryczny,-5189277,-5189277,true
session_20260625_195259_P001,1806,181339,2026-06-25T19:56:00.784516,Pas tensometryczny,-5186818,-5186818,true
session_20260625_195259_P001,1807,181439,2026-06-25T19:56:00.884590,Pas tensometryczny,-5186198,-5186198,true
session_20260625_195259_P001,1808,181516,2026-06-25T19:56:00.960787,Pas tensometryczny,-5185517,-5185517,true
session_20260625_195259_P001,1809,181594,2026-06-25T19:56:01.039570,Pas tensometryczny,-5184716,-5184716,true
session_20260625_195259_P001,1810,181685,2026-06-25T19:56:01.130067,Pas tensometryczny,-5183938,-5183938,true
session_20260625_195259_P001,1811,181845,2026-06-25T19:56:01.290293,Pas tensometryczny,-5183182,-5183182,true
session_20260625_195259_P001,1812,181910,2026-06-25T19:56:01.355033,Pas tensometryczny,-5182754,-5182754,true
session_20260625_195259_P001,1813,181999,2026-06-25T19:56:01.444091,Pas tensometryczny,-5182199,-5182199,true
session_20260625_195259_P001,1814,182090,2026-06-25T19:56:01.535693,Pas tensometryczny,-5181484,-5181484,true
session_20260625_195259_P001,1815,182234,2026-06-25T19:56:01.679469,Pas tensometryczny,-5181236,-5181236,true
session_20260625_195259_P001,1816,182315,2026-06-25T19:56:01.760395,Pas tensometryczny,-5181372,-5181372,true
session_20260625_195259_P001,1817,182409,2026-06-25T19:56:01.854408,Pas tensometryczny,-5180750,-5180750,true
session_20260625_195259_P001,1818,182509,2026-06-25T19:56:01.954243,Pas tensometryczny,-5180620,-5180620,true
session_20260625_195259_P001,1819,182651,2026-06-25T19:56:02.095894,Pas tensometryczny,-5180274,-5180274,true
session_20260625_195259_P001,1820,182726,2026-06-25T19:56:02.171049,Pas tensometryczny,-5179418,-5179418,true
session_20260625_195259_P001,1821,182810,2026-06-25T19:56:02.255120,Pas tensometryczny,-5179406,-5179406,true
session_20260625_195259_P001,1822,182900,2026-06-25T19:56:02.344956,Pas tensometryczny,-5180835,-5180835,true
session_20260625_195259_P001,1823,182994,2026-06-25T19:56:02.439097,Pas tensometryczny,-5182180,-5182180,true
session_20260625_195259_P001,1824,183124,2026-06-25T19:56:02.569354,Pas tensometryczny,-5183107,-5183107,true
session_20260625_195259_P001,1825,183218,2026-06-25T19:56:02.663299,Pas tensometryczny,-5183951,-5183951,true
session_20260625_195259_P001,1826,183309,2026-06-25T19:56:02.754612,Pas tensometryczny,-5184412,-5184412,true
session_20260625_195259_P001,1827,183400,2026-06-25T19:56:02.845183,Pas tensometryczny,-5184878,-5184878,true
session_20260625_195259_P001,1828,183529,2026-06-25T19:56:02.974285,Pas tensometryczny,-5185763,-5185763,true
session_20260625_195259_P001,1829,183618,2026-06-25T19:56:03.063264,Pas tensometryczny,-5186856,-5186856,true
session_20260625_195259_P001,1830,183715,2026-06-25T19:56:03.160487,Pas tensometryczny,-5187338,-5187338,true
session_20260625_195259_P001,1831,183798,2026-06-25T19:56:03.243292,Pas tensometryczny,-5187859,-5187859,true
session_20260625_195259_P001,1832,183915,2026-06-25T19:56:03.359940,Pas tensometryczny,-5187782,-5187782,true
session_20260625_195259_P001,1833,184028,2026-06-25T19:56:03.473446,Pas tensometryczny,-5189125,-5189125,true
session_20260625_195259_P001,1834,184119,2026-06-25T19:56:03.564317,Pas tensometryczny,-5190011,-5190011,true
session_20260625_195259_P001,1835,184210,2026-06-25T19:56:03.655094,Pas tensometryczny,-5190867,-5190867,true
session_20260625_195259_P001,1836,184310,2026-06-25T19:56:03.755224,Pas tensometryczny,-5191466,-5191466,true
session_20260625_195259_P001,1837,184432,2026-06-25T19:56:03.876881,Pas tensometryczny,-5191889,-5191889,true
session_20260625_195259_P001,1838,184525,2026-06-25T19:56:03.970002,Pas tensometryczny,-5192029,-5192029,true
session_20260625_195259_P001,1839,184614,2026-06-25T19:56:04.058868,Pas tensometryczny,-5192024,-5192024,true
session_20260625_195259_P001,1840,184710,2026-06-25T19:56:04.154710,Pas tensometryczny,-5192100,-5192100,true
session_20260625_195259_P001,1841,184834,2026-06-25T19:56:04.279459,Pas tensometryczny,-5191501,-5191501,true
session_20260625_195259_P001,1842,184954,2026-06-25T19:56:04.398790,Pas tensometryczny,-5189952,-5189952,true
session_20260625_195259_P001,1843,185017,2026-06-25T19:56:04.462613,Pas tensometryczny,-5188686,-5188686,true
session_20260625_195259_P001,1844,185118,2026-06-25T19:56:04.563099,Pas tensometryczny,-5187933,-5187933,true
session_20260625_195259_P001,1845,185208,2026-06-25T19:56:04.653170,Pas tensometryczny,-5187400,-5187400,true
session_20260625_195259_P001,1846,185338,2026-06-25T19:56:04.783161,Pas tensometryczny,-5186998,-5186998,true
session_20260625_195259_P001,1847,185434,2026-06-25T19:56:04.879576,Pas tensometryczny,-5187045,-5187045,true
session_20260625_195259_P001,1848,185542,2026-06-25T19:56:04.987497,Pas tensometryczny,-5186505,-5186505,true
session_20260625_195259_P001,1849,185618,2026-06-25T19:56:05.063574,Pas tensometryczny,-5185179,-5185179,true
session_20260625_195259_P001,1850,185742,2026-06-25T19:56:05.187662,Pas tensometryczny,-5184316,-5184316,true
session_20260625_195259_P001,1851,185841,2026-06-25T19:56:05.285730,Pas tensometryczny,-5183996,-5183996,true
session_20260625_195259_P001,1852,185940,2026-06-25T19:56:05.384741,Pas tensometryczny,-5184487,-5184487,true
session_20260625_195259_P001,1853,186010,2026-06-25T19:56:05.455604,Pas tensometryczny,-5184452,-5184452,true
session_20260625_195259_P001,1854,186096,2026-06-25T19:56:05.540723,Pas tensometryczny,-5184149,-5184149,true
session_20260625_195259_P001,1855,186257,2026-06-25T19:56:05.702548,Pas tensometryczny,-5183228,-5183228,true
session_20260625_195259_P001,1856,186320,2026-06-25T19:56:05.765674,Pas tensometryczny,-5182329,-5182329,true
session_20260625_195259_P001,1857,186427,2026-06-25T19:56:05.872290,Pas tensometryczny,-5181605,-5181605,true
session_20260625_195259_P001,1858,186504,2026-06-25T19:56:05.949390,Pas tensometryczny,-5181544,-5181544,true
session_20260625_195259_P001,1859,186642,2026-06-25T19:56:06.087223,Pas tensometryczny,-5181744,-5181744,true
session_20260625_195259_P001,1860,186743,2026-06-25T19:56:06.187983,Pas tensometryczny,-5182415,-5182415,true
session_20260625_195259_P001,1861,186830,2026-06-25T19:56:06.274720,Pas tensometryczny,-5183280,-5183280,true
session_20260625_195259_P001,1862,186908,2026-06-25T19:56:06.353349,Pas tensometryczny,-5184226,-5184226,true
session_20260625_195259_P001,1863,187044,2026-06-25T19:56:06.489450,Pas tensometryczny,-5184897,-5184897,true
session_20260625_195259_P001,1864,187150,2026-06-25T19:56:06.595044,Pas tensometryczny,-5185382,-5185382,true
session_20260625_195259_P001,1865,187247,2026-06-25T19:56:06.691782,Pas tensometryczny,-5185985,-5185985,true
session_20260625_195259_P001,1866,187310,2026-06-25T19:56:06.755630,Pas tensometryczny,-5186951,-5186951,true
session_20260625_195259_P001,1867,187398,2026-06-25T19:56:06.843611,Pas tensometryczny,-5187472,-5187472,true
session_20260625_195259_P001,1868,187561,2026-06-25T19:56:07.005911,Pas tensometryczny,-5187826,-5187826,true
session_20260625_195259_P001,1869,187632,2026-06-25T19:56:07.076933,Pas tensometryczny,-5188181,-5188181,true
session_20260625_195259_P001,1870,187723,2026-06-25T19:56:07.168098,Pas tensometryczny,-5188536,-5188536,true
session_20260625_195259_P001,1871,187804,2026-06-25T19:56:07.249130,Pas tensometryczny,-5188876,-5188876,true
session_20260625_195259_P001,1872,187954,2026-06-25T19:56:07.399517,Pas tensometryczny,-5189589,-5189589,true
session_20260625_195259_P001,1873,188030,2026-06-25T19:56:07.475497,Pas tensometryczny,-5190582,-5190582,true
session_20260625_195259_P001,1874,188119,2026-06-25T19:56:07.564287,Pas tensometryczny,-5191025,-5191025,true
session_20260625_195259_P001,1875,188209,2026-06-25T19:56:07.654648,Pas tensometryczny,-5191530,-5191530,true
session_20260625_195259_P001,1876,188360,2026-06-25T19:56:07.805585,Pas tensometryczny,-5191987,-5191987,true
session_20260625_195259_P001,1877,188433,2026-06-25T19:56:07.878554,Pas tensometryczny,-5191890,-5191890,true
session_20260625_195259_P001,1878,188535,2026-06-25T19:56:07.979973,Pas tensometryczny,-5192021,-5192021,true
session_20260625_195259_P001,1879,188620,2026-06-25T19:56:08.064925,Pas tensometryczny,-5192604,-5192604,true
session_20260625_195259_P001,1880,188708,2026-06-25T19:56:08.153072,Pas tensometryczny,-5193075,-5193075,true
session_20260625_195259_P001,1881,188843,2026-06-25T19:56:08.288422,Pas tensometryczny,-5192795,-5192795,true
session_20260625_195259_P001,1882,188959,2026-06-25T19:56:08.404652,Pas tensometryczny,-5191521,-5191521,true
session_20260625_195259_P001,1883,189018,2026-06-25T19:56:08.463451,Pas tensometryczny,-5190460,-5190460,true
session_20260625_195259_P001,1884,189110,2026-06-25T19:56:08.555237,Pas tensometryczny,-5189511,-5189511,true
session_20260625_195259_P001,1885,189245,2026-06-25T19:56:08.690669,Pas tensometryczny,-5188001,-5188001,true
session_20260625_195259_P001,1886,189337,2026-06-25T19:56:08.781824,Pas tensometryczny,-5187230,-5187230,true
session_20260625_195259_P001,1887,189428,2026-06-25T19:56:08.873182,Pas tensometryczny,-5186251,-5186251,true
session_20260625_195259_P001,1888,189522,2026-06-25T19:56:08.966734,Pas tensometryczny,-5185432,-5185432,true
session_20260625_195259_P001,1889,189629,2026-06-25T19:56:09.074345,Pas tensometryczny,-5184651,-5184651,true
session_20260625_195259_P001,1890,189739,2026-06-25T19:56:09.184265,Pas tensometryczny,-5183929,-5183929,true
session_20260625_195259_P001,1891,189829,2026-06-25T19:56:09.273886,Pas tensometryczny,-5184227,-5184227,true
session_20260625_195259_P001,1892,189920,2026-06-25T19:56:09.365340,Pas tensometryczny,-5184617,-5184617,true
session_20260625_195259_P001,1893,190034,2026-06-25T19:56:09.479450,Pas tensometryczny,-5183964,-5183964,true
session_20260625_195259_P001,1894,190146,2026-06-25T19:56:09.591190,Pas tensometryczny,-5183277,-5183277,true
session_20260625_195259_P001,1895,190237,2026-06-25T19:56:09.682237,Pas tensometryczny,-5182692,-5182692,true
session_20260625_195259_P001,1896,190355,2026-06-25T19:56:09.800037,Pas tensometryczny,-5182015,-5182015,true
session_20260625_195259_P001,1897,190426,2026-06-25T19:56:09.871428,Pas tensometryczny,-5181590,-5181590,true
session_20260625_195259_P001,1898,190548,2026-06-25T19:56:09.993621,Pas tensometryczny,-5181549,-5181549,true
session_20260625_195259_P001,1899,190662,2026-06-25T19:56:10.107446,Pas tensometryczny,-5182768,-5182768,true
session_20260625_195259_P001,1900,190731,2026-06-25T19:56:10.175747,Pas tensometryczny,-5183892,-5183892,true
session_20260625_195259_P001,1901,190825,2026-06-25T19:56:10.269844,Pas tensometryczny,-5184463,-5184463,true
session_20260625_195259_P001,1902,190925,2026-06-25T19:56:10.370465,Pas tensometryczny,-5185060,-5185060,true
session_20260625_195259_P001,1903,191047,2026-06-25T19:56:10.491932,Pas tensometryczny,-5185806,-5185806,true
session_20260625_195259_P001,1904,191139,2026-06-25T19:56:10.584273,Pas tensometryczny,-5186274,-5186274,true
session_20260625_195259_P001,1905,191253,2026-06-25T19:56:10.698052,Pas tensometryczny,-5187127,-5187127,true
session_20260625_195259_P001,1906,191327,2026-06-25T19:56:10.771807,Pas tensometryczny,-5188854,-5188854,true
session_20260625_195259_P001,1907,191450,2026-06-25T19:56:10.895353,Pas tensometryczny,-5189563,-5189563,true
session_20260625_195259_P001,1908,191587,2026-06-25T19:56:11.031856,Pas tensometryczny,-5189800,-5189800,true
session_20260625_195259_P001,1909,191641,2026-06-25T19:56:11.085751,Pas tensometryczny,-5190072,-5190072,true
session_20260625_195259_P001,1910,191731,2026-06-25T19:56:11.176451,Pas tensometryczny,-5190403,-5190403,true
session_20260625_195259_P001,1911,191863,2026-06-25T19:56:11.307903,Pas tensometryczny,-5190682,-5190682,true
session_20260625_195259_P001,1912,191957,2026-06-25T19:56:11.402510,Pas tensometryczny,-5191544,-5191544,true
session_20260625_195259_P001,1913,192046,2026-06-25T19:56:11.491629,Pas tensometryczny,-5191023,-5191023,true
session_20260625_195259_P001,1914,192143,2026-06-25T19:56:11.588241,Pas tensometryczny,-5189798,-5189798,true
session_20260625_195259_P001,1915,192239,2026-06-25T19:56:11.684152,Pas tensometryczny,-5188387,-5188387,true
session_20260625_195259_P001,1916,192381,2026-06-25T19:56:11.826441,Pas tensometryczny,-5187135,-5187135,true
session_20260625_195259_P001,1917,192438,2026-06-25T19:56:11.883298,Pas tensometryczny,-5186455,-5186455,true
session_20260625_195259_P001,1918,192555,2026-06-25T19:56:12.000435,Pas tensometryczny,-5186308,-5186308,true
session_20260625_195259_P001,1919,192624,2026-06-25T19:56:12.069282,Pas tensometryczny,-5186482,-5186482,true
session_20260625_195259_P001,1920,192761,2026-06-25T19:56:12.206062,Pas tensometryczny,-5185575,-5185575,true
session_20260625_195259_P001,1921,192880,2026-06-25T19:56:12.325006,Pas tensometryczny,-5184348,-5184348,true
session_20260625_195259_P001,1922,192941,2026-06-25T19:56:12.386623,Pas tensometryczny,-5182912,-5182912,true
session_20260625_195259_P001,1923,193024,2026-06-25T19:56:12.469595,Pas tensometryczny,-5182235,-5182235,true
session_20260625_195259_P001,1924,193139,2026-06-25T19:56:12.583755,Pas tensometryczny,-5183647,-5183647,true
session_20260625_195259_P001,1925,193280,2026-06-25T19:56:12.725115,Pas tensometryczny,-5185631,-5185631,true
session_20260625_195259_P001,1926,193388,2026-06-25T19:56:12.833448,Pas tensometryczny,-5186722,-5186722,true
session_20260625_195259_P001,1927,193438,2026-06-25T19:56:12.883665,Pas tensometryczny,-5187047,-5187047,true
session_20260625_195259_P001,1928,193526,2026-06-25T19:56:12.971002,Pas tensometryczny,-5187505,-5187505,true
session_20260625_195259_P001,1929,193652,2026-06-25T19:56:13.097003,Pas tensometryczny,-5187900,-5187900,true
session_20260625_195259_P001,1930,193782,2026-06-25T19:56:13.227212,Pas tensometryczny,-5188239,-5188239,true
session_20260625_195259_P001,1931,193835,2026-06-25T19:56:13.280538,Pas tensometryczny,-5189170,-5189170,true
session_20260625_195259_P001,1932,193924,2026-06-25T19:56:13.368799,Pas tensometryczny,-5190181,-5190181,true
session_20260625_195259_P001,1933,194019,2026-06-25T19:56:13.463825,Pas tensometryczny,-5190180,-5190180,true
session_20260625_195259_P001,1934,194149,2026-06-25T19:56:13.594047,Pas tensometryczny,-5189940,-5189940,true
session_20260625_195259_P001,1935,194261,2026-06-25T19:56:13.705747,Pas tensometryczny,-5189738,-5189738,true
session_20260625_195259_P001,1936,194329,2026-06-25T19:56:13.773900,Pas tensometryczny,-5189905,-5189905,true
session_20260625_195259_P001,1937,194420,2026-06-25T19:56:13.864824,Pas tensometryczny,-5188635,-5188635,true
session_20260625_195259_P001,1938,194555,2026-06-25T19:56:13.999982,Pas tensometryczny,-5187469,-5187469,true
session_20260625_195259_P001,1939,194664,2026-06-25T19:56:14.108855,Pas tensometryczny,-5186237,-5186237,true
session_20260625_195259_P001,1940,194736,2026-06-25T19:56:14.181317,Pas tensometryczny,-5185045,-5185045,true
session_20260625_195259_P001,1941,194822,2026-06-25T19:56:14.267399,Pas tensometryczny,-5184006,-5184006,true
session_20260625_195259_P001,1942,194964,2026-06-25T19:56:14.408725,Pas tensometryczny,-5184179,-5184179,true
session_20260625_195259_P001,1943,195081,2026-06-25T19:56:14.525768,Pas tensometryczny,-5183955,-5183955,true
session_20260625_195259_P001,1944,195140,2026-06-25T19:56:14.585647,Pas tensometryczny,-5183055,-5183055,true
session_20260625_195259_P001,1945,195227,2026-06-25T19:56:14.672662,Pas tensometryczny,-5182285,-5182285,true
session_20260625_195259_P001,1946,195323,2026-06-25T19:56:14.768061,Pas tensometryczny,-5181306,-5181306,true
session_20260625_195259_P001,1947,195455,2026-06-25T19:56:14.900036,Pas tensometryczny,-5181404,-5181404,true
session_20260625_195259_P001,1948,195542,2026-06-25T19:56:14.987178,Pas tensometryczny,-5182787,-5182787,true
session_20260625_195259_P001,1949,195651,2026-06-25T19:56:15.095873,Pas tensometryczny,-5183761,-5183761,true
session_20260625_195259_P001,1950,195743,2026-06-25T19:56:15.187992,Pas tensometryczny,-5184717,-5184717,true
session_20260625_195259_P001,1951,195875,2026-06-25T19:56:15.320022,Pas tensometryczny,-5186144,-5186144,true
session_20260625_195259_P001,1952,195952,2026-06-25T19:56:15.397421,Pas tensometryczny,-5186859,-5186859,true
session_20260625_195259_P001,1953,196039,2026-06-25T19:56:15.484629,Pas tensometryczny,-5187406,-5187406,true
session_20260625_195259_P001,1954,196153,2026-06-25T19:56:15.598447,Pas tensometryczny,-5188501,-5188501,true
session_20260625_195259_P001,1955,196267,2026-06-25T19:56:15.712588,Pas tensometryczny,-5189433,-5189433,true
session_20260625_195259_P001,1956,196358,2026-06-25T19:56:15.802791,Pas tensometryczny,-5189858,-5189858,true
session_20260625_195259_P001,1957,196443,2026-06-25T19:56:15.888295,Pas tensometryczny,-5190266,-5190266,true
session_20260625_195259_P001,1958,196548,2026-06-25T19:56:15.993595,Pas tensometryczny,-5190756,-5190756,true
session_20260625_195259_P001,1959,196651,2026-06-25T19:56:16.096242,Pas tensometryczny,-5191887,-5191887,true
session_20260625_195259_P001,1960,196759,2026-06-25T19:56:16.204403,Pas tensometryczny,-5192748,-5192748,true
session_20260625_195259_P001,1961,196848,2026-06-25T19:56:16.293534,Pas tensometryczny,-5192327,-5192327,true
session_20260625_195259_P001,1962,196948,2026-06-25T19:56:16.393093,Pas tensometryczny,-5190782,-5190782,true
session_20260625_195259_P001,1963,197038,2026-06-25T19:56:16.482767,Pas tensometryczny,-5189264,-5189264,true
session_20260625_195259_P001,1964,197168,2026-06-25T19:56:16.613087,Pas tensometryczny,-5186629,-5186629,true
session_20260625_195259_P001,1965,197262,2026-06-25T19:56:16.707671,Pas tensometryczny,-5185845,-5185845,true
session_20260625_195259_P001,1966,197359,2026-06-25T19:56:16.804458,Pas tensometryczny,-5184794,-5184794,true
session_20260625_195259_P001,1967,197442,2026-06-25T19:56:16.887104,Pas tensometryczny,-5183910,-5183910,true
session_20260625_195259_P001,1968,197542,2026-06-25T19:56:16.987683,Pas tensometryczny,-5183450,-5183450,true
session_20260625_195259_P001,1969,197676,2026-06-25T19:56:17.120910,Pas tensometryczny,-5182936,-5182936,true
session_20260625_195259_P001,1970,197763,2026-06-25T19:56:17.208184,Pas tensometryczny,-5182496,-5182496,true
session_20260625_195259_P001,1971,197861,2026-06-25T19:56:17.305763,Pas tensometryczny,-5182034,-5182034,true
session_20260625_195259_P001,1972,197951,2026-06-25T19:56:17.396511,Pas tensometryczny,-5181835,-5181835,true
session_20260625_195259_P001,1973,198081,2026-06-25T19:56:17.526292,Pas tensometryczny,-5181268,-5181268,true
session_20260625_195259_P001,1974,198179,2026-06-25T19:56:17.624011,Pas tensometryczny,-5181513,-5181513,true
session_20260625_195259_P001,1975,198269,2026-06-25T19:56:17.714316,Pas tensometryczny,-5182512,-5182512,true
session_20260625_195259_P001,1976,198341,2026-06-25T19:56:17.786190,Pas tensometryczny,-5183318,-5183318,true
session_20260625_195259_P001,1977,198491,2026-06-25T19:56:17.935978,Pas tensometryczny,-5184541,-5184541,true
session_20260625_195259_P001,1978,198600,2026-06-25T19:56:18.045029,Pas tensometryczny,-5185560,-5185560,true
session_20260625_195259_P001,1979,198653,2026-06-25T19:56:18.098674,Pas tensometryczny,-5186279,-5186279,true
session_20260625_195259_P001,1980,198740,2026-06-25T19:56:18.185525,Pas tensometryczny,-5187211,-5187211,true
session_20260625_195259_P001,1981,198830,2026-06-25T19:56:18.275367,Pas tensometryczny,-5188052,-5188052,true
session_20260625_195259_P001,1982,198997,2026-06-25T19:56:18.442292,Pas tensometryczny,-5188901,-5188901,true
session_20260625_195259_P001,1983,199069,2026-06-25T19:56:18.513727,Pas tensometryczny,-5189619,-5189619,true
session_20260625_195259_P001,1984,199146,2026-06-25T19:56:18.590874,Pas tensometryczny,-5189810,-5189810,true
session_20260625_195259_P001,1985,199236,2026-06-25T19:56:18.681417,Pas tensometryczny,-5189827,-5189827,true
session_20260625_195259_P001,1986,199384,2026-06-25T19:56:18.829561,Pas tensometryczny,-5189422,-5189422,true
session_20260625_195259_P001,1987,199508,2026-06-25T19:56:18.953129,Pas tensometryczny,-5188175,-5188175,true
session_20260625_195259_P001,1988,199563,2026-06-25T19:56:19.008347,Pas tensometryczny,-5186589,-5186589,true
session_20260625_195259_P001,1989,199640,2026-06-25T19:56:19.085298,Pas tensometryczny,-5185609,-5185609,true
session_20260625_195259_P001,1990,199735,2026-06-25T19:56:19.180250,Pas tensometryczny,-5184382,-5184382,true
session_20260625_195259_P001,1991,199882,2026-06-25T19:56:19.326909,Pas tensometryczny,-5182438,-5182438,true
session_20260625_195259_P001,1992,199954,2026-06-25T19:56:19.399016,Pas tensometryczny,-5182056,-5182056,true
session_20260625_195259_P001,1993,200043,2026-06-25T19:56:19.487747,Pas tensometryczny,-5182374,-5182374,true
session_20260625_195259_P001,1994,200132,2026-06-25T19:56:19.577125,Pas tensometryczny,-5181757,-5181757,true
session_20260625_195259_P001,1995,200272,2026-06-25T19:56:19.717052,Pas tensometryczny,-5180748,-5180748,true
session_20260625_195259_P001,1996,200357,2026-06-25T19:56:19.802410,Pas tensometryczny,-5180765,-5180765,true
session_20260625_195259_P001,1997,200451,2026-06-25T19:56:19.896557,Pas tensometryczny,-5181639,-5181639,true
session_20260625_195259_P001,1998,200541,2026-06-25T19:56:19.986452,Pas tensometryczny,-5182481,-5182481,true
session_20260625_195259_P001,1999,200678,2026-06-25T19:56:20.123610,Pas tensometryczny,-5183594,-5183594,true
session_20260625_195259_P001,2000,200771,2026-06-25T19:56:20.216027,Pas tensometryczny,-5184198,-5184198,true
session_20260625_195259_P001,2001,200855,2026-06-25T19:56:20.300004,Pas tensometryczny,-5183948,-5183948,true
session_20260625_195259_P001,2002,200942,2026-06-25T19:56:20.387439,Pas tensometryczny,-5183603,-5183603,true
session_20260625_195259_P001,2003,201041,2026-06-25T19:56:20.486369,Pas tensometryczny,-5182807,-5182807,true
session_20260625_195259_P001,2004,201171,2026-06-25T19:56:20.616183,Pas tensometryczny,-5181228,-5181228,true
session_20260625_195259_P001,2005,201266,2026-06-25T19:56:20.710859,Pas tensometryczny,-5180172,-5180172,true
session_20260625_195259_P001,2006,201350,2026-06-25T19:56:20.794922,Pas tensometryczny,-5179336,-5179336,true
session_20260625_195259_P001,2007,201439,2026-06-25T19:56:20.883764,Pas tensometryczny,-5178947,-5178947,true
session_20260625_195259_P001,2008,201600,2026-06-25T19:56:21.045455,Pas tensometryczny,-5178637,-5178637,true
session_20260625_195259_P001,2009,201667,2026-06-25T19:56:21.111880,Pas tensometryczny,-5178838,-5178838,true
session_20260625_195259_P001,2010,201757,2026-06-25T19:56:21.202531,Pas tensometryczny,-5178977,-5178977,true
session_20260625_195259_P001,2011,201856,2026-06-25T19:56:21.301043,Pas tensometryczny,-5179240,-5179240,true
session_20260625_195259_P001,2012,201942,2026-06-25T19:56:21.386997,Pas tensometryczny,-5179099,-5179099,true
session_20260625_195259_P001,2013,202070,2026-06-25T19:56:21.514821,Pas tensometryczny,-5178143,-5178143,true
session_20260625_195259_P001,2014,202164,2026-06-25T19:56:21.609321,Pas tensometryczny,-5178346,-5178346,true
session_20260625_195259_P001,2015,202255,2026-06-25T19:56:21.699816,Pas tensometryczny,-5179984,-5179984,true
session_20260625_195259_P001,2016,202344,2026-06-25T19:56:21.788805,Pas tensometryczny,-5182430,-5182430,true
session_20260625_195259_P001,2017,202475,2026-06-25T19:56:21.920129,Pas tensometryczny,-5182909,-5182909,true
session_20260625_195259_P001,2018,202591,2026-06-25T19:56:22.036464,Pas tensometryczny,-5183428,-5183428,true
session_20260625_195259_P001,2019,202698,2026-06-25T19:56:22.143402,Pas tensometryczny,-5184314,-5184314,true
session_20260625_195259_P001,2020,202744,2026-06-25T19:56:22.189355,Pas tensometryczny,-5184936,-5184936,true
session_20260625_195259_P001,2021,202881,2026-06-25T19:56:22.326683,Pas tensometryczny,-5185628,-5185628,true
session_20260625_195259_P001,2022,202972,2026-06-25T19:56:22.417142,Pas tensometryczny,-5186397,-5186397,true
session_20260625_195259_P001,2023,203066,2026-06-25T19:56:22.511224,Pas tensometryczny,-5187424,-5187424,true
session_20260625_195259_P001,2024,203170,2026-06-25T19:56:22.615407,Pas tensometryczny,-5188166,-5188166,true
session_20260625_195259_P001,2025,203276,2026-06-25T19:56:22.720824,Pas tensometryczny,-5187626,-5187626,true
session_20260625_195259_P001,2026,203391,2026-06-25T19:56:22.836597,Pas tensometryczny,-5186544,-5186544,true
session_20260625_195259_P001,2027,203488,2026-06-25T19:56:22.933056,Pas tensometryczny,-5185122,-5185122,true
session_20260625_195259_P001,2028,203558,2026-06-25T19:56:23.003379,Pas tensometryczny,-5183759,-5183759,true
session_20260625_195259_P001,2029,203677,2026-06-25T19:56:23.121981,Pas tensometryczny,-5182609,-5182609,true
session_20260625_195259_P001,2030,203810,2026-06-25T19:56:23.255604,Pas tensometryczny,-5181686,-5181686,true
session_20260625_195259_P001,2031,203878,2026-06-25T19:56:23.322798,Pas tensometryczny,-5180938,-5180938,true
session_20260625_195259_P001,2032,203963,2026-06-25T19:56:23.408240,Pas tensometryczny,-5180859,-5180859,true
session_20260625_195259_P001,2033,204075,2026-06-25T19:56:23.520158,Pas tensometryczny,-5181098,-5181098,true
session_20260625_195259_P001,2034,204140,2026-06-25T19:56:23.585100,Pas tensometryczny,-5180142,-5180142,true
session_20260625_195259_P001,2035,204288,2026-06-25T19:56:23.733014,Pas tensometryczny,-5179441,-5179441,true
session_20260625_195259_P001,2036,204380,2026-06-25T19:56:23.825354,Pas tensometryczny,-5179975,-5179975,true
session_20260625_195259_P001,2037,204474,2026-06-25T19:56:23.918825,Pas tensometryczny,-5181328,-5181328,true
session_20260625_195259_P001,2038,204546,2026-06-25T19:56:23.991549,Pas tensometryczny,-5182596,-5182596,true
session_20260625_195259_P001,2039,204691,2026-06-25T19:56:24.136205,Pas tensometryczny,-5183284,-5183284,true
session_20260625_195259_P001,2040,204788,2026-06-25T19:56:24.233233,Pas tensometryczny,-5183861,-5183861,true
session_20260625_195259_P001,2041,204862,2026-06-25T19:56:24.307510,Pas tensometryczny,-5184337,-5184337,true
session_20260625_195259_P001,2042,204950,2026-06-25T19:56:24.395392,Pas tensometryczny,-5185004,-5185004,true
session_20260625_195259_P001,2043,205112,2026-06-25T19:56:24.556745,Pas tensometryczny,-5187021,-5187021,true
session_20260625_195259_P001,2044,205187,2026-06-25T19:56:24.632012,Pas tensometryczny,-5188157,-5188157,true
session_20260625_195259_P001,2045,205264,2026-06-25T19:56:24.709312,Pas tensometryczny,-5189336,-5189336,true
session_20260625_195259_P001,2046,205361,2026-06-25T19:56:24.806286,Pas tensometryczny,-5190136,-5190136,true
session_20260625_195259_P001,2047,205457,2026-06-25T19:56:24.902078,Pas tensometryczny,-5188848,-5188848,true
session_20260625_195259_P001,2048,205595,2026-06-25T19:56:25.040081,Pas tensometryczny,-5186965,-5186965,true
session_20260625_195259_P001,2049,205670,2026-06-25T19:56:25.114812,Pas tensometryczny,-5185429,-5185429,true
session_20260625_195259_P001,2050,205773,2026-06-25T19:56:25.218651,Pas tensometryczny,-5184636,-5184636,true
session_20260625_195259_P001,2051,205850,2026-06-25T19:56:25.294920,Pas tensometryczny,-5184151,-5184151,true
session_20260625_195259_P001,2052,206004,2026-06-25T19:56:25.448943,Pas tensometryczny,-5183465,-5183465,true
session_20260625_195259_P001,2053,206076,2026-06-25T19:56:25.520978,Pas tensometryczny,-5182916,-5182916,true
session_20260625_195259_P001,2054,206203,2026-06-25T19:56:25.648325,Pas tensometryczny,-5182029,-5182029,true
session_20260625_195259_P001,2055,206253,2026-06-25T19:56:25.698490,Pas tensometryczny,-5181264,-5181264,true
session_20260625_195259_P001,2056,206408,2026-06-25T19:56:25.853652,Pas tensometryczny,-5180219,-5180219,true
session_20260625_195259_P001,2057,206477,2026-06-25T19:56:25.922643,Pas tensometryczny,-5179472,-5179472,true
session_20260625_195259_P001,2058,206582,2026-06-25T19:56:26.027362,Pas tensometryczny,-5179796,-5179796,true
session_20260625_195259_P001,2059,206665,2026-06-25T19:56:26.110090,Pas tensometryczny,-5180254,-5180254,true
session_20260625_195259_P001,2060,206754,2026-06-25T19:56:26.198769,Pas tensometryczny,-5180329,-5180329,true
session_20260625_195259_P001,2061,206882,2026-06-25T19:56:26.327170,Pas tensometryczny,-5181151,-5181151,true
session_20260625_195259_P001,2062,206981,2026-06-25T19:56:26.425911,Pas tensometryczny,-5181892,-5181892,true
session_20260625_195259_P001,2063,207066,2026-06-25T19:56:26.510747,Pas tensometryczny,-5183028,-5183028,true
session_20260625_195259_P001,2064,207191,2026-06-25T19:56:26.635910,Pas tensometryczny,-5183711,-5183711,true
session_20260625_195259_P001,2065,207287,2026-06-25T19:56:26.732199,Pas tensometryczny,-5184582,-5184582,true
session_20260625_195259_P001,2066,207386,2026-06-25T19:56:26.831160,Pas tensometryczny,-5184991,-5184991,true
session_20260625_195259_P001,2067,207468,2026-06-25T19:56:26.912919,Pas tensometryczny,-5185275,-5185275,true
session_20260625_195259_P001,2068,207581,2026-06-25T19:56:27.025991,Pas tensometryczny,-5185726,-5185726,true
session_20260625_195259_P001,2069,207681,2026-06-25T19:56:27.126588,Pas tensometryczny,-5187985,-5187985,true
session_20260625_195259_P001,2070,207784,2026-06-25T19:56:27.229067,Pas tensometryczny,-5189519,-5189519,true
session_20260625_195259_P001,2071,207873,2026-06-25T19:56:27.318163,Pas tensometryczny,-5190127,-5190127,true
session_20260625_195259_P001,2072,207975,2026-06-25T19:56:27.420070,Pas tensometryczny,-5190407,-5190407,true
session_20260625_195259_P001,2073,208069,2026-06-25T19:56:27.514151,Pas tensometryczny,-5190013,-5190013,true
session_20260625_195259_P001,2074,208189,2026-06-25T19:56:27.633941,Pas tensometryczny,-5189050,-5189050,true
session_20260625_195259_P001,2075,208279,2026-06-25T19:56:27.724140,Pas tensometryczny,-5187467,-5187467,true
session_20260625_195259_P001,2076,208375,2026-06-25T19:56:27.820090,Pas tensometryczny,-5185967,-5185967,true
session_20260625_195259_P001,2077,208495,2026-06-25T19:56:27.940096,Pas tensometryczny,-5184524,-5184524,true
session_20260625_195259_P001,2078,208593,2026-06-25T19:56:28.037730,Pas tensometryczny,-5183344,-5183344,true
session_20260625_195259_P001,2079,208682,2026-06-25T19:56:28.127556,Pas tensometryczny,-5182528,-5182528,true
session_20260625_195259_P001,2080,208852,2026-06-25T19:56:28.297160,Pas tensometryczny,-5181885,-5181885,true
session_20260625_195259_P001,2081,208863,2026-06-25T19:56:28.307896,Pas tensometryczny,-5181512,-5181512,true
session_20260625_195259_P001,2082,208972,2026-06-25T19:56:28.417320,Pas tensometryczny,-5181524,-5181524,true
session_20260625_195259_P001,2083,209088,2026-06-25T19:56:28.533065,Pas tensometryczny,-5181414,-5181414,true
session_20260625_195259_P001,2084,209210,2026-06-25T19:56:28.654992,Pas tensometryczny,-5180902,-5180902,true
session_20260625_195259_P001,2085,209314,2026-06-25T19:56:28.759101,Pas tensometryczny,-5181069,-5181069,true
session_20260625_195259_P001,2086,209408,2026-06-25T19:56:28.853685,Pas tensometryczny,-5181738,-5181738,true
session_20260625_195259_P001,2087,209530,2026-06-25T19:56:28.975612,Pas tensometryczny,-5182628,-5182628,true
session_20260625_195259_P001,2088,209594,2026-06-25T19:56:29.039052,Pas tensometryczny,-5183509,-5183509,true
session_20260625_195259_P001,2089,209685,2026-06-25T19:56:29.130540,Pas tensometryczny,-5184858,-5184858,true
session_20260625_195259_P001,2090,209796,2026-06-25T19:56:29.240925,Pas tensometryczny,-5185565,-5185565,true
session_20260625_195259_P001,2091,209928,2026-06-25T19:56:29.373554,Pas tensometryczny,-5186178,-5186178,true
session_20260625_195259_P001,2092,209998,2026-06-25T19:56:29.443042,Pas tensometryczny,-5187336,-5187336,true
session_20260625_195259_P001,2093,210109,2026-06-25T19:56:29.554681,Pas tensometryczny,-5188027,-5188027,true
session_20260625_195259_P001,2094,210182,2026-06-25T19:56:29.626905,Pas tensometryczny,-5188487,-5188487,true
session_20260625_195259_P001,2095,210262,2026-06-25T19:56:29.706724,Pas tensometryczny,-5188862,-5188862,true
session_20260625_195259_P001,2096,210405,2026-06-25T19:56:29.850679,Pas tensometryczny,-5187709,-5187709,true
session_20260625_195259_P001,2097,210508,2026-06-25T19:56:29.953344,Pas tensometryczny,-5186834,-5186834,true
session_20260625_195259_P001,2098,210577,2026-06-25T19:56:30.022672,Pas tensometryczny,-5185777,-5185777,true
session_20260625_195259_P001,2099,210664,2026-06-25T19:56:30.109372,Pas tensometryczny,-5184901,-5184901,true
session_20260625_195259_P001,2100,210828,2026-06-25T19:56:30.272862,Pas tensometryczny,-5183841,-5183841,true
session_20260625_195259_P001,2101,210895,2026-06-25T19:56:30.339850,Pas tensometryczny,-5183326,-5183326,true
session_20260625_195259_P001,2102,210981,2026-06-25T19:56:30.425754,Pas tensometryczny,-5182669,-5182669,true
session_20260625_195259_P001,2103,211070,2026-06-25T19:56:30.514789,Pas tensometryczny,-5182039,-5182039,true
session_20260625_195259_P001,2104,211164,2026-06-25T19:56:30.608844,Pas tensometryczny,-5181283,-5181283,true
session_20260625_195259_P001,2105,211309,2026-06-25T19:56:30.754659,Pas tensometryczny,-5180551,-5180551,true
session_20260625_195259_P001,2106,211416,2026-06-25T19:56:30.861608,Pas tensometryczny,-5180505,-5180505,true
session_20260625_195259_P001,2107,211473,2026-06-25T19:56:30.918335,Pas tensometryczny,-5181110,-5181110,true
session_20260625_195259_P001,2108,211571,2026-06-25T19:56:31.016025,Pas tensometryczny,-5182266,-5182266,true
session_20260625_195259_P001,2109,211716,2026-06-25T19:56:31.160728,Pas tensometryczny,-5183736,-5183736,true
session_20260625_195259_P001,2110,211789,2026-06-25T19:56:31.234412,Pas tensometryczny,-5184449,-5184449,true
session_20260625_195259_P001,2111,211878,2026-06-25T19:56:31.323110,Pas tensometryczny,-5184584,-5184584,true
session_20260625_195259_P001,2112,211969,2026-06-25T19:56:31.413934,Pas tensometryczny,-5185063,-5185063,true
session_20260625_195259_P001,2113,212061,2026-06-25T19:56:31.505875,Pas tensometryczny,-5185799,-5185799,true
session_20260625_195259_P001,2114,212195,2026-06-25T19:56:31.640645,Pas tensometryczny,-5186952,-5186952,true
session_20260625_195259_P001,2115,212286,2026-06-25T19:56:31.731512,Pas tensometryczny,-5188245,-5188245,true
session_20260625_195259_P001,2116,212375,2026-06-25T19:56:31.820113,Pas tensometryczny,-5188955,-5188955,true
session_20260625_195259_P001,2117,212465,2026-06-25T19:56:31.910290,Pas tensometryczny,-5189388,-5189388,true
session_20260625_195259_P001,2118,212600,2026-06-25T19:56:32.045092,Pas tensometryczny,-5189694,-5189694,true
session_20260625_195259_P001,2119,212690,2026-06-25T19:56:32.134851,Pas tensometryczny,-5189852,-5189852,true
session_20260625_195259_P001,2120,212788,2026-06-25T19:56:32.233639,Pas tensometryczny,-5190342,-5190342,true
session_20260625_195259_P001,2121,212891,2026-06-25T19:56:32.335722,Pas tensometryczny,-5189731,-5189731,true
session_20260625_195259_P001,2122,213003,2026-06-25T19:56:32.448470,Pas tensometryczny,-5188162,-5188162,true
session_20260625_195259_P001,2123,213096,2026-06-25T19:56:32.541389,Pas tensometryczny,-5186690,-5186690,true
session_20260625_195259_P001,2124,213186,2026-06-25T19:56:32.630882,Pas tensometryczny,-5185486,-5185486,true
session_20260625_195259_P001,2125,213305,2026-06-25T19:56:32.750477,Pas tensometryczny,-5185147,-5185147,true
session_20260625_195259_P001,2126,213370,2026-06-25T19:56:32.814763,Pas tensometryczny,-5184425,-5184425,true
session_20260625_195259_P001,2127,213501,2026-06-25T19:56:32.946685,Pas tensometryczny,-5184118,-5184118,true
session_20260625_195259_P001,2128,213617,2026-06-25T19:56:33.062106,Pas tensometryczny,-5183527,-5183527,true
session_20260625_195259_P001,2129,213684,2026-06-25T19:56:33.129158,Pas tensometryczny,-5182438,-5182438,true
session_20260625_195259_P001,2130,213776,2026-06-25T19:56:33.220979,Pas tensometryczny,-5181678,-5181678,true
session_20260625_195259_P001,2131,213903,2026-06-25T19:56:33.348144,Pas tensometryczny,-5181533,-5181533,true
session_20260625_195259_P001,2132,214001,2026-06-25T19:56:33.446297,Pas tensometryczny,-5182126,-5182126,true
session_20260625_195259_P001,2133,214095,2026-06-25T19:56:33.539745,Pas tensometryczny,-5181620,-5181620,true
session_20260625_195259_P001,2134,214195,2026-06-25T19:56:33.640203,Pas tensometryczny,-5180251,-5180251,true
session_20260625_195259_P001,2135,214310,2026-06-25T19:56:33.755075,Pas tensometryczny,-5179887,-5179887,true
session_20260625_195259_P001,2136,214414,2026-06-25T19:56:33.858905,Pas tensometryczny,-5180421,-5180421,true
session_20260625_195259_P001,2137,214517,2026-06-25T19:56:33.962542,Pas tensometryczny,-5181647,-5181647,true
session_20260625_195259_P001,2138,214624,2026-06-25T19:56:34.069010,Pas tensometryczny,-5183121,-5183121,true
session_20260625_195259_P001,2139,214668,2026-06-25T19:56:34.112727,Pas tensometryczny,-5183815,-5183815,true
session_20260625_195259_P001,2140,214807,2026-06-25T19:56:34.251911,Pas tensometryczny,-5184134,-5184134,true
session_20260625_195259_P001,2141,214896,2026-06-25T19:56:34.340823,Pas tensometryczny,-5184860,-5184860,true
session_20260625_195259_P001,2142,214992,2026-06-25T19:56:34.436879,Pas tensometryczny,-5186071,-5186071,true
session_20260625_195259_P001,2143,215087,2026-06-25T19:56:34.532129,Pas tensometryczny,-5186804,-5186804,true
session_20260625_195259_P001,2144,215209,2026-06-25T19:56:34.653907,Pas tensometryczny,-5187623,-5187623,true
session_20260625_195259_P001,2145,215325,2026-06-25T19:56:34.770409,Pas tensometryczny,-5188400,-5188400,true
session_20260625_195259_P001,2146,215437,2026-06-25T19:56:34.882037,Pas tensometryczny,-5188836,-5188836,true
session_20260625_195259_P001,2147,215479,2026-06-25T19:56:34.924168,Pas tensometryczny,-5189710,-5189710,true
session_20260625_195259_P001,2148,215573,2026-06-25T19:56:35.018260,Pas tensometryczny,-5190836,-5190836,true
session_20260625_195259_P001,2149,215718,2026-06-25T19:56:35.163356,Pas tensometryczny,-5191361,-5191361,true
session_20260625_195259_P001,2150,215810,2026-06-25T19:56:35.254859,Pas tensometryczny,-5191721,-5191721,true
session_20260625_195259_P001,2151,215906,2026-06-25T19:56:35.351482,Pas tensometryczny,-5192721,-5192721,true
session_20260625_195259_P001,2152,215975,2026-06-25T19:56:35.420326,Pas tensometryczny,-5193421,-5193421,true
session_20260625_195259_P001,2153,216124,2026-06-25T19:56:35.569314,Pas tensometryczny,-5193642,-5193642,true
session_20260625_195259_P001,2154,216228,2026-06-25T19:56:35.673342,Pas tensometryczny,-5193291,-5193291,true
session_20260625_195259_P001,2155,216296,2026-06-25T19:56:35.740898,Pas tensometryczny,-5192304,-5192304,true
session_20260625_195259_P001,2156,216415,2026-06-25T19:56:35.859724,Pas tensometryczny,-5191215,-5191215,true
session_20260625_195259_P001,2157,216538,2026-06-25T19:56:35.983351,Pas tensometryczny,-5190381,-5190381,true
session_20260625_195259_P001,2158,216636,2026-06-25T19:56:36.081355,Pas tensometryczny,-5189734,-5189734,true
session_20260625_195259_P001,2159,216692,2026-06-25T19:56:36.137253,Pas tensometryczny,-5189134,-5189134,true
session_20260625_195259_P001,2160,216788,2026-06-25T19:56:36.232965,Pas tensometryczny,-5188148,-5188148,true
session_20260625_195259_P001,2161,216872,2026-06-25T19:56:36.317383,Pas tensometryczny,-5187162,-5187162,true
session_20260625_195259_P001,2162,217038,2026-06-25T19:56:36.482928,Pas tensometryczny,-5185858,-5185858,true
session_20260625_195259_P001,2163,217100,2026-06-25T19:56:36.544982,Pas tensometryczny,-5184652,-5184652,true
session_20260625_195259_P001,2164,217191,2026-06-25T19:56:36.635988,Pas tensometryczny,-5184229,-5184229,true
session_20260625_195259_P001,2165,217287,2026-06-25T19:56:36.731912,Pas tensometryczny,-5184262,-5184262,true
session_20260625_195259_P001,2166,217424,2026-06-25T19:56:36.869533,Pas tensometryczny,-5183843,-5183843,true
session_20260625_195259_P001,2167,217506,2026-06-25T19:56:36.950919,Pas tensometryczny,-5183043,-5183043,true
session_20260625_195259_P001,2168,217592,2026-06-25T19:56:37.037640,Pas tensometryczny,-5182112,-5182112,true
session_20260625_195259_P001,2169,217716,2026-06-25T19:56:37.161539,Pas tensometryczny,-5181180,-5181180,true
session_20260625_195259_P001,2170,217778,2026-06-25T19:56:37.223658,Pas tensometryczny,-5180919,-5180919,true
session_20260625_195259_P001,2171,217915,2026-06-25T19:56:37.360439,Pas tensometryczny,-5180239,-5180239,true
session_20260625_195259_P001,2172,218006,2026-06-25T19:56:37.450970,Pas tensometryczny,-5179619,-5179619,true
session_20260625_195259_P001,2173,218088,2026-06-25T19:56:37.532854,Pas tensometryczny,-5178964,-5178964,true
session_20260625_195259_P001,2174,218184,2026-06-25T19:56:37.628733,Pas tensometryczny,-5178424,-5178424,true
session_20260625_195259_P001,2175,218317,2026-06-25T19:56:37.761894,Pas tensometryczny,-5177411,-5177411,true
session_20260625_195259_P001,2176,218407,2026-06-25T19:56:37.852666,Pas tensometryczny,-5177904,-5177904,true
session_20260625_195259_P001,2177,218497,2026-06-25T19:56:37.941757,Pas tensometryczny,-5179040,-5179040,true
session_20260625_195259_P001,2178,218589,2026-06-25T19:56:38.034678,Pas tensometryczny,-5179881,-5179881,true
session_20260625_195259_P001,2179,218721,2026-06-25T19:56:38.166084,Pas tensometryczny,-5180512,-5180512,true
session_20260625_195259_P001,2180,218825,2026-06-25T19:56:38.270599,Pas tensometryczny,-5181184,-5181184,true
session_20260625_195259_P001,2181,218900,2026-06-25T19:56:38.344764,Pas tensometryczny,-5181979,-5181979,true
session_20260625_195259_P001,2182,219006,2026-06-25T19:56:38.451417,Pas tensometryczny,-5182941,-5182941,true
session_20260625_195259_P001,2183,219106,2026-06-25T19:56:38.551510,Pas tensometryczny,-5184144,-5184144,true
session_20260625_195259_P001,2184,219219,2026-06-25T19:56:38.663995,Pas tensometryczny,-5184965,-5184965,true
session_20260625_195259_P001,2185,219339,2026-06-25T19:56:38.784218,Pas tensometryczny,-5185389,-5185389,true
session_20260625_195259_P001,2186,219397,2026-06-25T19:56:38.842178,Pas tensometryczny,-5185900,-5185900,true
session_20260625_195259_P001,2187,219495,2026-06-25T19:56:38.940103,Pas tensometryczny,-5186341,-5186341,true
session_20260625_195259_P001,2188,219622,2026-06-25T19:56:39.066766,Pas tensometryczny,-5186825,-5186825,true
session_20260625_195259_P001,2189,219711,2026-06-25T19:56:39.155731,Pas tensometryczny,-5187979,-5187979,true
session_20260625_195259_P001,2190,219802,2026-06-25T19:56:39.247345,Pas tensometryczny,-5189034,-5189034,true
session_20260625_195259_P001,2191,219894,2026-06-25T19:56:39.339129,Pas tensometryczny,-5189467,-5189467,true
session_20260625_195259_P001,2192,219994,2026-06-25T19:56:39.439091,Pas tensometryczny,-5189885,-5189885,true
session_20260625_195259_P001,2193,220112,2026-06-25T19:56:39.557424,Pas tensometryczny,-5190250,-5190250,true
session_20260625_195259_P001,2194,220221,2026-06-25T19:56:39.666476,Pas tensometryczny,-5190765,-5190765,true
session_20260625_195259_P001,2195,220312,2026-06-25T19:56:39.756997,Pas tensometryczny,-5191177,-5191177,true
session_20260625_195259_P001,2196,220401,2026-06-25T19:56:39.846252,Pas tensometryczny,-5191760,-5191760,true
session_20260625_195259_P001,2197,220522,2026-06-25T19:56:39.967429,Pas tensometryczny,-5192360,-5192360,true
session_20260625_195259_P001,2198,220616,2026-06-25T19:56:40.061263,Pas tensometryczny,-5192262,-5192262,true
session_20260625_195259_P001,2199,220709,2026-06-25T19:56:40.154236,Pas tensometryczny,-5192253,-5192253,true
session_20260625_195259_P001,2200,220800,2026-06-25T19:56:40.245206,Pas tensometryczny,-5192624,-5192624,true
session_20260625_195259_P001,2201,220923,2026-06-25T19:56:40.367785,Pas tensometryczny,-5192850,-5192850,true
session_20260625_195259_P001,2202,221050,2026-06-25T19:56:40.495518,Pas tensometryczny,-5192696,-5192696,true
session_20260625_195259_P001,2203,221114,2026-06-25T19:56:40.559677,Pas tensometryczny,-5191961,-5191961,true
session_20260625_195259_P001,2204,221207,2026-06-25T19:56:40.652337,Pas tensometryczny,-5190008,-5190008,true
session_20260625_195259_P001,2205,221299,2026-06-25T19:56:40.743889,Pas tensometryczny,-5188250,-5188250,true
session_20260625_195259_P001,2206,221450,2026-06-25T19:56:40.894790,Pas tensometryczny,-5186916,-5186916,true
session_20260625_195259_P001,2207,221512,2026-06-25T19:56:40.956895,Pas tensometryczny,-5186043,-5186043,true
session_20260625_195259_P001,2208,221631,2026-06-25T19:56:41.076004,Pas tensometryczny,-5185324,-5185324,true
session_20260625_195259_P001,2209,221694,2026-06-25T19:56:41.139466,Pas tensometryczny,-5184621,-5184621,true
session_20260625_195259_P001,2210,221849,2026-06-25T19:56:41.294095,Pas tensometryczny,-5184130,-5184130,true
session_20260625_195259_P001,2211,221912,2026-06-25T19:56:41.357366,Pas tensometryczny,-5183156,-5183156,true
session_20260625_195259_P001,2212,222029,2026-06-25T19:56:41.473919,Pas tensometryczny,-5182354,-5182354,true
session_20260625_195259_P001,2213,222096,2026-06-25T19:56:41.541409,Pas tensometryczny,-5181463,-5181463,true
session_20260625_195259_P001,2214,222186,2026-06-25T19:56:41.631461,Pas tensometryczny,-5181179,-5181179,true
session_20260625_195259_P001,2215,222348,2026-06-25T19:56:41.793571,Pas tensometryczny,-5181082,-5181082,true
session_20260625_195259_P001,2216,222436,2026-06-25T19:56:41.881516,Pas tensometryczny,-5181008,-5181008,true
session_20260625_195259_P001,2217,222500,2026-06-25T19:56:41.944876,Pas tensometryczny,-5180936,-5180936,true
session_20260625_195259_P001,2218,222588,2026-06-25T19:56:42.033013,Pas tensometryczny,-5180593,-5180593,true
session_20260625_195259_P001,2219,222748,2026-06-25T19:56:42.193491,Pas tensometryczny,-5179836,-5179836,true
session_20260625_195259_P001,2220,222817,2026-06-25T19:56:42.262595,Pas tensometryczny,-5179367,-5179367,true
session_20260625_195259_P001,2221,222905,2026-06-25T19:56:42.350220,Pas tensometryczny,-5180251,-5180251,true
session_20260625_195259_P001,2222,222992,2026-06-25T19:56:42.437158,Pas tensometryczny,-5181288,-5181288,true
session_20260625_195259_P001,2223,223149,2026-06-25T19:56:42.594609,Pas tensometryczny,-5181956,-5181956,true
session_20260625_195259_P001,2224,223219,2026-06-25T19:56:42.664451,Pas tensometryczny,-5182956,-5182956,true
session_20260625_195259_P001,2225,223313,2026-06-25T19:56:42.758159,Pas tensometryczny,-5183482,-5183482,true
session_20260625_195259_P001,2226,223417,2026-06-25T19:56:42.862266,Pas tensometryczny,-5184051,-5184051,true
session_20260625_195259_P001,2227,223492,2026-06-25T19:56:42.936892,Pas tensometryczny,-5184915,-5184915,true
session_20260625_195259_P001,2228,223632,2026-06-25T19:56:43.076844,Pas tensometryczny,-5185329,-5185329,true
session_20260625_195259_P001,2229,223715,2026-06-25T19:56:43.159733,Pas tensometryczny,-5186874,-5186874,true
session_20260625_195259_P001,2230,223808,2026-06-25T19:56:43.253554,Pas tensometryczny,-5188115,-5188115,true
session_20260625_195259_P001,2231,223897,2026-06-25T19:56:43.342259,Pas tensometryczny,-5188699,-5188699,true
session_20260625_195259_P001,2232,224031,2026-06-25T19:56:43.476351,Pas tensometryczny,-5189170,-5189170,true
session_20260625_195259_P001,2233,224132,2026-06-25T19:56:43.576817,Pas tensometryczny,-5189220,-5189220,true
session_20260625_195259_P001,2234,224210,2026-06-25T19:56:43.654753,Pas tensometryczny,-5189517,-5189517,true
session_20260625_195259_P001,2235,224297,2026-06-25T19:56:43.742142,Pas tensometryczny,-5190009,-5190009,true
session_20260625_195259_P001,2236,224434,2026-06-25T19:56:43.878769,Pas tensometryczny,-5188859,-5188859,true
session_20260625_195259_P001,2237,224538,2026-06-25T19:56:43.983198,Pas tensometryczny,-5188042,-5188042,true
session_20260625_195259_P001,2238,224616,2026-06-25T19:56:44.060972,Pas tensometryczny,-5187147,-5187147,true
session_20260625_195259_P001,2239,224709,2026-06-25T19:56:44.153850,Pas tensometryczny,-5185744,-5185744,true
session_20260625_195259_P001,2240,224795,2026-06-25T19:56:44.240230,Pas tensometryczny,-5184624,-5184624,true
session_20260625_195259_P001,2241,224935,2026-06-25T19:56:44.380466,Pas tensometryczny,-5184293,-5184293,true
session_20260625_195259_P001,2242,225025,2026-06-25T19:56:44.469818,Pas tensometryczny,-5183244,-5183244,true
session_20260625_195259_P001,2243,225109,2026-06-25T19:56:44.553740,Pas tensometryczny,-5181824,-5181824,true
session_20260625_195259_P001,2244,225226,2026-06-25T19:56:44.671703,Pas tensometryczny,-5181998,-5181998,true
session_20260625_195259_P001,2245,225336,2026-06-25T19:56:44.780854,Pas tensometryczny,-5181887,-5181887,true
session_20260625_195259_P001,2246,225427,2026-06-25T19:56:44.871914,Pas tensometryczny,-5181035,-5181035,true
session_20260625_195259_P001,2247,225518,2026-06-25T19:56:44.963048,Pas tensometryczny,-5180492,-5180492,true
session_20260625_195259_P001,2248,225614,2026-06-25T19:56:45.059172,Pas tensometryczny,-5179694,-5179694,true
session_20260625_195259_P001,2249,225719,2026-06-25T19:56:45.164386,Pas tensometryczny,-5178840,-5178840,true
session_20260625_195259_P001,2250,225830,2026-06-25T19:56:45.275142,Pas tensometryczny,-5177986,-5177986,true
session_20260625_195259_P001,2251,225922,2026-06-25T19:56:45.367609,Pas tensometryczny,-5177474,-5177474,true
session_20260625_195259_P001,2252,226042,2026-06-25T19:56:45.487672,Pas tensometryczny,-5178307,-5178307,true
session_20260625_195259_P001,2253,226234,2026-06-25T19:56:45.679539,Pas tensometryczny,-5182540,-5182540,true
session_20260625_195259_P001,2254,226355,2026-06-25T19:56:45.800017,Pas tensometryczny,-5183197,-5183197,true
session_20260625_195259_P001,2255,226412,2026-06-25T19:56:45.857314,Pas tensometryczny,-5183863,-5183863,true
session_20260625_195259_P001,2256,226524,2026-06-25T19:56:45.968777,Pas tensometryczny,-5184584,-5184584,true
session_20260625_195259_P001,2257,226639,2026-06-25T19:56:46.083738,Pas tensometryczny,-5185222,-5185222,true
session_20260625_195259_P001,2258,226762,2026-06-25T19:56:46.207662,Pas tensometryczny,-5186592,-5186592,true
session_20260625_195259_P001,2259,226830,2026-06-25T19:56:46.275141,Pas tensometryczny,-5188004,-5188004,true
session_20260625_195259_P001,2260,226920,2026-06-25T19:56:46.365246,Pas tensometryczny,-5188963,-5188963,true
session_20260625_195259_P001,2261,227011,2026-06-25T19:56:46.456310,Pas tensometryczny,-5189249,-5189249,true
session_20260625_195259_P001,2262,227156,2026-06-25T19:56:46.601090,Pas tensometryczny,-5189686,-5189686,true
session_20260625_195259_P001,2263,227256,2026-06-25T19:56:46.701412,Pas tensometryczny,-5190141,-5190141,true
session_20260625_195259_P001,2264,227313,2026-06-25T19:56:46.758542,Pas tensometryczny,-5190378,-5190378,true
session_20260625_195259_P001,2265,227417,2026-06-25T19:56:46.862588,Pas tensometryczny,-5190305,-5190305,true
session_20260625_195259_P001,2266,227565,2026-06-25T19:56:47.010489,Pas tensometryczny,-5190253,-5190253,true
session_20260625_195259_P001,2267,227636,2026-06-25T19:56:47.081447,Pas tensometryczny,-5190933,-5190933,true
session_20260625_195259_P001,2268,227720,2026-06-25T19:56:47.164944,Pas tensometryczny,-5191917,-5191917,true
session_20260625_195259_P001,2269,227811,2026-06-25T19:56:47.255848,Pas tensometryczny,-5192700,-5192700,true
session_20260625_195259_P001,2270,227931,2026-06-25T19:56:47.376013,Pas tensometryczny,-5192934,-5192934,true
session_20260625_195259_P001,2271,228063,2026-06-25T19:56:47.508196,Pas tensometryczny,-5192503,-5192503,true
session_20260625_195259_P001,2272,228128,2026-06-25T19:56:47.573540,Pas tensometryczny,-5191295,-5191295,true
session_20260625_195259_P001,2273,228217,2026-06-25T19:56:47.662614,Pas tensometryczny,-5190080,-5190080,true
session_20260625_195259_P001,2274,228312,2026-06-25T19:56:47.757109,Pas tensometryczny,-5189617,-5189617,true
session_20260625_195259_P001,2275,228464,2026-06-25T19:56:47.909061,Pas tensometryczny,-5189689,-5189689,true
session_20260625_195259_P001,2276,228568,2026-06-25T19:56:48.013653,Pas tensometryczny,-5189209,-5189209,true
session_20260625_195259_P001,2277,228618,2026-06-25T19:56:48.063685,Pas tensometryczny,-5187844,-5187844,true
session_20260625_195259_P001,2278,228707,2026-06-25T19:56:48.152521,Pas tensometryczny,-5185951,-5185951,true
session_20260625_195259_P001,2279,228855,2026-06-25T19:56:48.299984,Pas tensometryczny,-5185807,-5185807,true
session_20260625_195259_P001,2280,228948,2026-06-25T19:56:48.392924,Pas tensometryczny,-5185469,-5185469,true
session_20260625_195259_P001,2281,229031,2026-06-25T19:56:48.476287,Pas tensometryczny,-5184591,-5184591,true
session_20260625_195259_P001,2282,229115,2026-06-25T19:56:48.560391,Pas tensometryczny,-5183804,-5183804,true
session_20260625_195259_P001,2283,229226,2026-06-25T19:56:48.670885,Pas tensometryczny,-5183439,-5183439,true
session_20260625_195259_P001,2284,229340,2026-06-25T19:56:48.785061,Pas tensometryczny,-5182554,-5182554,true
session_20260625_195259_P001,2285,229455,2026-06-25T19:56:48.899931,Pas tensometryczny,-5182012,-5182012,true
session_20260625_195259_P001,2286,229525,2026-06-25T19:56:48.969909,Pas tensometryczny,-5181516,-5181516,true
session_20260625_195259_P001,2287,229607,2026-06-25T19:56:49.052504,Pas tensometryczny,-5180911,-5180911,true
session_20260625_195259_P001,2288,229750,2026-06-25T19:56:49.195418,Pas tensometryczny,-5180465,-5180465,true
session_20260625_195259_P001,2289,229841,2026-06-25T19:56:49.285881,Pas tensometryczny,-5180481,-5180481,true
session_20260625_195259_P001,2290,229922,2026-06-25T19:56:49.367480,Pas tensometryczny,-5179965,-5179965,true
session_20260625_195259_P001,2291,230015,2026-06-25T19:56:49.459933,Pas tensometryczny,-5179719,-5179719,true
session_20260625_195259_P001,2292,230124,2026-06-25T19:56:49.569138,Pas tensometryczny,-5179983,-5179983,true
session_20260625_195259_P001,2293,230240,2026-06-25T19:56:49.685120,Pas tensometryczny,-5180997,-5180997,true
session_20260625_195259_P001,2294,230344,2026-06-25T19:56:49.789486,Pas tensometryczny,-5182388,-5182388,true
session_20260625_195259_P001,2295,230422,2026-06-25T19:56:49.866863,Pas tensometryczny,-5183492,-5183492,true
session_20260625_195259_P001,2296,230510,2026-06-25T19:56:49.954942,Pas tensometryczny,-5184540,-5184540,true
session_20260625_195259_P001,2297,230645,2026-06-25T19:56:50.090179,Pas tensometryczny,-5185007,-5185007,true
session_20260625_195259_P001,2298,230738,2026-06-25T19:56:50.183214,Pas tensometryczny,-5185605,-5185605,true
session_20260625_195259_P001,2299,230833,2026-06-25T19:56:50.278322,Pas tensometryczny,-5186114,-5186114,true
session_20260625_195259_P001,2300,230928,2026-06-25T19:56:50.372948,Pas tensometryczny,-5186782,-5186782,true
session_20260625_195259_P001,2301,231052,2026-06-25T19:56:50.497311,Pas tensometryczny,-5187894,-5187894,true
session_20260625_195259_P001,2302,231158,2026-06-25T19:56:50.603220,Pas tensometryczny,-5189011,-5189011,true
session_20260625_195259_P001,2303,231231,2026-06-25T19:56:50.676286,Pas tensometryczny,-5189514,-5189514,true
session_20260625_195259_P001,2304,231336,2026-06-25T19:56:50.780931,Pas tensometryczny,-5189716,-5189716,true
session_20260625_195259_P001,2305,231432,2026-06-25T19:56:50.877521,Pas tensometryczny,-5190226,-5190226,true
session_20260625_195259_P001,2306,231543,2026-06-25T19:56:50.988499,Pas tensometryczny,-5190663,-5190663,true
session_20260625_195259_P001,2307,231639,2026-06-25T19:56:51.084114,Pas tensometryczny,-5190485,-5190485,true
session_20260625_195259_P001,2308,231742,2026-06-25T19:56:51.187671,Pas tensometryczny,-5189621,-5189621,true
session_20260625_195259_P001,2309,231836,2026-06-25T19:56:51.281464,Pas tensometryczny,-5188572,-5188572,true
session_20260625_195259_P001,2310,231948,2026-06-25T19:56:51.393321,Pas tensometryczny,-5187533,-5187533,true
session_20260625_195259_P001,2311,232038,2026-06-25T19:56:51.482830,Pas tensometryczny,-5186701,-5186701,true
session_20260625_195259_P001,2312,232155,2026-06-25T19:56:51.600385,Pas tensometryczny,-5185724,-5185724,true
session_20260625_195259_P001,2313,232247,2026-06-25T19:56:51.691954,Pas tensometryczny,-5185244,-5185244,true
session_20260625_195259_P001,2314,232357,2026-06-25T19:56:51.801862,Pas tensometryczny,-5185321,-5185321,true
session_20260625_195259_P001,2315,232447,2026-06-25T19:56:51.892014,Pas tensometryczny,-5184422,-5184422,true
session_20260625_195259_P001,2316,232557,2026-06-25T19:56:52.002523,Pas tensometryczny,-5183592,-5183592,true
session_20260625_195259_P001,2317,232664,2026-06-25T19:56:52.109253,Pas tensometryczny,-5182855,-5182855,true
session_20260625_195259_P001,2318,232725,2026-06-25T19:56:52.170646,Pas tensometryczny,-5182136,-5182136,true
session_20260625_195259_P001,2319,232876,2026-06-25T19:56:52.321460,Pas tensometryczny,-5181626,-5181626,true
session_20260625_195259_P001,2320,232949,2026-06-25T19:56:52.393848,Pas tensometryczny,-5181750,-5181750,true
session_20260625_195259_P001,2321,233037,2026-06-25T19:56:52.482253,Pas tensometryczny,-5182873,-5182873,true
session_20260625_195259_P001,2322,233141,2026-06-25T19:56:52.586007,Pas tensometryczny,-5184084,-5184084,true
session_20260625_195259_P001,2323,233276,2026-06-25T19:56:52.721038,Pas tensometryczny,-5185000,-5185000,true
session_20260625_195259_P001,2324,233366,2026-06-25T19:56:52.810856,Pas tensometryczny,-5185600,-5185600,true
session_20260625_195259_P001,2325,233462,2026-06-25T19:56:52.906995,Pas tensometryczny,-5186620,-5186620,true
session_20260625_195259_P001,2326,233557,2026-06-25T19:56:53.002533,Pas tensometryczny,-5187948,-5187948,true
session_20260625_195259_P001,2327,233614,2026-06-25T19:56:53.058761,Pas tensometryczny,-5188788,-5188788,true
session_20260625_195259_P001,2328,233749,2026-06-25T19:56:53.194437,Pas tensometryczny,-5189555,-5189555,true
session_20260625_195259_P001,2329,233863,2026-06-25T19:56:53.308221,Pas tensometryczny,-5189928,-5189928,true
session_20260625_195259_P001,2330,233929,2026-06-25T19:56:53.374353,Pas tensometryczny,-5189636,-5189636,true
session_20260625_195259_P001,2331,234023,2026-06-25T19:56:53.468417,Pas tensometryczny,-5187510,-5187510,true
session_20260625_195259_P001,2332,234190,2026-06-25T19:56:53.634879,Pas tensometryczny,-5186380,-5186380,true
session_20260625_195259_P001,2333,234250,2026-06-25T19:56:53.695708,Pas tensometryczny,-5185187,-5185187,true
session_20260625_195259_P001,2334,234334,2026-06-25T19:56:53.779377,Pas tensometryczny,-5184180,-5184180,true
session_20260625_195259_P001,2335,234425,2026-06-25T19:56:53.870209,Pas tensometryczny,-5183422,-5183422,true
session_20260625_195259_P001,2336,234585,2026-06-25T19:56:54.029837,Pas tensometryczny,-5182823,-5182823,true
session_20260625_195259_P001,2337,234698,2026-06-25T19:56:54.143474,Pas tensometryczny,-5182679,-5182679,true
session_20260625_195259_P001,2338,234747,2026-06-25T19:56:54.191849,Pas tensometryczny,-5182930,-5182930,true
session_20260625_195259_P001,2339,234828,2026-06-25T19:56:54.273229,Pas tensometryczny,-5181878,-5181878,true
session_20260625_195259_P001,2340,234921,2026-06-25T19:56:54.365759,Pas tensometryczny,-5180821,-5180821,true
session_20260625_195259_P001,2341,235067,2026-06-25T19:56:54.512085,Pas tensometryczny,-5179898,-5179898,true
session_20260625_195259_P001,2342,235191,2026-06-25T19:56:54.636514,Pas tensometryczny,-5179816,-5179816,true
session_20260625_195259_P001,2343,235239,2026-06-25T19:56:54.684176,Pas tensometryczny,-5181302,-5181302,true
session_20260625_195259_P001,2344,235335,2026-06-25T19:56:54.780587,Pas tensometryczny,-5183287,-5183287,true
session_20260625_195259_P001,2345,235461,2026-06-25T19:56:54.906079,Pas tensometryczny,-5184424,-5184424,true
session_20260625_195259_P001,2346,235547,2026-06-25T19:56:54.992450,Pas tensometryczny,-5184720,-5184720,true
session_20260625_195259_P001,2347,235639,2026-06-25T19:56:55.083778,Pas tensometryczny,-5185107,-5185107,true
session_20260625_195259_P001,2348,235733,2026-06-25T19:56:55.178418,Pas tensometryczny,-5185492,-5185492,true
session_20260625_195259_P001,2349,235819,2026-06-25T19:56:55.263941,Pas tensometryczny,-5185994,-5185994,true
session_20260625_195259_P001,2350,235956,2026-06-25T19:56:55.400718,Pas tensometryczny,-5187426,-5187426,true
session_20260625_195259_P001,2351,236042,2026-06-25T19:56:55.487595,Pas tensometryczny,-5188675,-5188675,true
session_20260625_195259_P001,2352,236136,2026-06-25T19:56:55.581528,Pas tensometryczny,-5188948,-5188948,true
session_20260625_195259_P001,2353,236226,2026-06-25T19:56:55.671422,Pas tensometryczny,-5189311,-5189311,true
session_20260625_195259_P001,2354,236362,2026-06-25T19:56:55.807012,Pas tensometryczny,-5189285,-5189285,true
session_20260625_195259_P001,2355,236462,2026-06-25T19:56:55.907502,Pas tensometryczny,-5189544,-5189544,true
session_20260625_195259_P001,2356,236541,2026-06-25T19:56:55.986236,Pas tensometryczny,-5190239,-5190239,true
session_20260625_195259_P001,2357,236630,2026-06-25T19:56:56.075469,Pas tensometryczny,-5189166,-5189166,true
session_20260625_195259_P001,2358,236764,2026-06-25T19:56:56.209589,Pas tensometryczny,-5187783,-5187783,true
session_20260625_195259_P001,2359,236874,2026-06-25T19:56:56.319034,Pas tensometryczny,-5186696,-5186696,true
session_20260625_195259_P001,2360,236944,2026-06-25T19:56:56.388946,Pas tensometryczny,-5185836,-5185836,true
session_20260625_195259_P001,2361,237045,2026-06-25T19:56:56.490610,Pas tensometryczny,-5185580,-5185580,true
session_20260625_195259_P001,2362,237129,2026-06-25T19:56:56.574479,Pas tensometryczny,-5185446,-5185446,true
session_20260625_195259_P001,2363,237263,2026-06-25T19:56:56.707953,Pas tensometryczny,-5185164,-5185164,true
session_20260625_195259_P001,2364,237347,2026-06-25T19:56:56.792296,Pas tensometryczny,-5184240,-5184240,true
session_20260625_195259_P001,2365,237447,2026-06-25T19:56:56.892545,Pas tensometryczny,-5183226,-5183226,true
session_20260625_195259_P001,2366,237545,2026-06-25T19:56:56.990301,Pas tensometryczny,-5182442,-5182442,true
session_20260625_195259_P001,2367,237663,2026-06-25T19:56:57.108598,Pas tensometryczny,-5181937,-5181937,true
session_20260625_195259_P001,2368,237759,2026-06-25T19:56:57.204232,Pas tensometryczny,-5181468,-5181468,true
session_20260625_195259_P001,2369,237897,2026-06-25T19:56:57.341740,Pas tensometryczny,-5180873,-5180873,true
session_20260625_195259_P001,2370,237936,2026-06-25T19:56:57.381210,Pas tensometryczny,-5181088,-5181088,true
session_20260625_195259_P001,2371,238036,2026-06-25T19:56:57.481118,Pas tensometryczny,-5182003,-5182003,true
session_20260625_195259_P001,2372,238159,2026-06-25T19:56:57.603896,Pas tensometryczny,-5183323,-5183323,true
session_20260625_195259_P001,2373,238280,2026-06-25T19:56:57.725417,Pas tensometryczny,-5184194,-5184194,true
session_20260625_195259_P001,2374,238373,2026-06-25T19:56:57.817908,Pas tensometryczny,-5184766,-5184766,true
session_20260625_195259_P001,2375,238429,2026-06-25T19:56:57.874074,Pas tensometryczny,-5186105,-5186105,true
session_20260625_195259_P001,2376,238582,2026-06-25T19:56:58.027504,Pas tensometryczny,-5187374,-5187374,true
session_20260625_195259_P001,2377,238675,2026-06-25T19:56:58.120301,Pas tensometryczny,-5187860,-5187860,true
session_20260625_195259_P001,2378,238745,2026-06-25T19:56:58.190234,Pas tensometryczny,-5188152,-5188152,true
session_20260625_195259_P001,2379,238855,2026-06-25T19:56:58.300093,Pas tensometryczny,-5188546,-5188546,true
session_20260625_195259_P001,2380,238999,2026-06-25T19:56:58.443806,Pas tensometryczny,-5189037,-5189037,true
session_20260625_195259_P001,2381,239090,2026-06-25T19:56:58.534930,Pas tensometryczny,-5189427,-5189427,true
session_20260625_195259_P001,2382,239148,2026-06-25T19:56:58.593193,Pas tensometryczny,-5189503,-5189503,true
session_20260625_195259_P001,2383,239255,2026-06-25T19:56:58.700523,Pas tensometryczny,-5190167,-5190167,true
session_20260625_195259_P001,2384,239330,2026-06-25T19:56:58.775122,Pas tensometryczny,-5190261,-5190261,true
session_20260625_195259_P001,2385,239475,2026-06-25T19:56:58.920511,Pas tensometryczny,-5189160,-5189160,true
session_20260625_195259_P001,2386,239583,2026-06-25T19:56:59.028184,Pas tensometryczny,-5188091,-5188091,true
session_20260625_195259_P001,2387,239647,2026-06-25T19:56:59.092324,Pas tensometryczny,-5187917,-5187917,true
session_20260625_195259_P001,2388,239736,2026-06-25T19:56:59.181281,Pas tensometryczny,-5187848,-5187848,true
session_20260625_195259_P001,2389,239903,2026-06-25T19:56:59.347858,Pas tensometryczny,-5187127,-5187127,true
session_20260625_195259_P001,2390,240005,2026-06-25T19:56:59.450181,Pas tensometryczny,-5186110,-5186110,true
session_20260625_195259_P001,2391,240048,2026-06-25T19:56:59.493649,Pas tensometryczny,-5185006,-5185006,true
session_20260625_195259_P001,2392,240138,2026-06-25T19:56:59.583515,Pas tensometryczny,-5183887,-5183887,true
session_20260625_195259_P001,2393,240229,2026-06-25T19:56:59.673991,Pas tensometryczny,-5183179,-5183179,true
session_20260625_195259_P001,2394,240372,2026-06-25T19:56:59.817473,Pas tensometryczny,-5182381,-5182381,true
session_20260625_195259_P001,2395,240455,2026-06-25T19:56:59.899845,Pas tensometryczny,-5181622,-5181622,true
session_20260625_195259_P001,2396,240545,2026-06-25T19:56:59.990014,Pas tensometryczny,-5181201,-5181201,true
session_20260625_195259_P001,2397,240639,2026-06-25T19:57:00.084516,Pas tensometryczny,-5181174,-5181174,true
session_20260625_195259_P001,2398,240780,2026-06-25T19:57:00.225661,Pas tensometryczny,-5181367,-5181367,true
session_20260625_195259_P001,2399,240865,2026-06-25T19:57:00.310553,Pas tensometryczny,-5180949,-5180949,true
session_20260625_195259_P001,2400,240949,2026-06-25T19:57:00.394253,Pas tensometryczny,-5179984,-5179984,true
session_20260625_195259_P001,2401,241042,2026-06-25T19:57:00.487231,Pas tensometryczny,-5180436,-5180436,true
session_20260625_195259_P001,2402,241206,2026-06-25T19:57:00.651242,Pas tensometryczny,-5181635,-5181635,true
session_20260625_195259_P001,2403,241267,2026-06-25T19:57:00.712251,Pas tensometryczny,-5182651,-5182651,true
session_20260625_195259_P001,2404,241359,2026-06-25T19:57:00.804345,Pas tensometryczny,-5183477,-5183477,true
session_20260625_195259_P001,2405,241444,2026-06-25T19:57:00.889664,Pas tensometryczny,-5184811,-5184811,true
session_20260625_195259_P001,2406,241532,2026-06-25T19:57:00.977100,Pas tensometryczny,-5185491,-5185491,true
session_20260625_195259_P001,2407,241679,2026-06-25T19:57:01.123722,Pas tensometryczny,-5186006,-5186006,true
session_20260625_195259_P001,2408,241762,2026-06-25T19:57:01.206928,Pas tensometryczny,-5186440,-5186440,true
session_20260625_195259_P001,2409,241854,2026-06-25T19:57:01.299596,Pas tensometryczny,-5186840,-5186840,true
session_20260625_195259_P001,2410,241957,2026-06-25T19:57:01.402218,Pas tensometryczny,-5188300,-5188300,true
session_20260625_195259_P001,2411,242073,2026-06-25T19:57:01.518673,Pas tensometryczny,-5188531,-5188531,true
session_20260625_195259_P001,2412,242171,2026-06-25T19:57:01.616539,Pas tensometryczny,-5189149,-5189149,true
session_20260625_195259_P001,2413,242254,2026-06-25T19:57:01.699185,Pas tensometryczny,-5189692,-5189692,true
session_20260625_195259_P001,2414,242342,2026-06-25T19:57:01.787341,Pas tensometryczny,-5189807,-5189807,true
session_20260625_195259_P001,2415,242479,2026-06-25T19:57:01.924392,Pas tensometryczny,-5189640,-5189640,true
session_20260625_195259_P001,2416,242567,2026-06-25T19:57:02.012426,Pas tensometryczny,-5190079,-5190079,true
session_20260625_195259_P001,2417,242665,2026-06-25T19:57:02.109924,Pas tensometryczny,-5190528,-5190528,true
session_20260625_195259_P001,2418,242754,2026-06-25T19:57:02.198802,Pas tensometryczny,-5190624,-5190624,true
session_20260625_195259_P001,2419,242848,2026-06-25T19:57:02.293053,Pas tensometryczny,-5190643,-5190643,true
session_20260625_195259_P001,2420,242977,2026-06-25T19:57:02.422269,Pas tensometryczny,-5190455,-5190455,true
session_20260625_195259_P001,2421,243063,2026-06-25T19:57:02.508121,Pas tensometryczny,-5190014,-5190014,true
session_20260625_195259_P001,2422,243177,2026-06-25T19:57:02.622057,Pas tensometryczny,-5189513,-5189513,true
session_20260625_195259_P001,2423,243270,2026-06-25T19:57:02.715382,Pas tensometryczny,-5189351,-5189351,true
session_20260625_195259_P001,2424,243381,2026-06-25T19:57:02.825773,Pas tensometryczny,-5188410,-5188410,true
session_20260625_195259_P001,2425,243473,2026-06-25T19:57:02.918057,Pas tensometryczny,-5187548,-5187548,true
session_20260625_195259_P001,2426,243564,2026-06-25T19:57:03.008825,Pas tensometryczny,-5187092,-5187092,true
session_20260625_195259_P001,2427,243676,2026-06-25T19:57:03.120718,Pas tensometryczny,-5186231,-5186231,true
session_20260625_195259_P001,2428,243770,2026-06-25T19:57:03.214986,Pas tensometryczny,-5185677,-5185677,true
session_20260625_195259_P001,2429,243878,2026-06-25T19:57:03.322886,Pas tensometryczny,-5185199,-5185199,true
session_20260625_195259_P001,2430,243967,2026-06-25T19:57:03.412434,Pas tensometryczny,-5184426,-5184426,true
session_20260625_195259_P001,2431,244066,2026-06-25T19:57:03.510993,Pas tensometryczny,-5183272,-5183272,true
session_20260625_195259_P001,2432,244149,2026-06-25T19:57:03.594391,Pas tensometryczny,-5182125,-5182125,true
session_20260625_195259_P001,2433,244280,2026-06-25T19:57:03.725160,Pas tensometryczny,-5181141,-5181141,true
session_20260625_195259_P001,2434,244399,2026-06-25T19:57:03.843733,Pas tensometryczny,-5180404,-5180404,true
session_20260625_195259_P001,2435,244462,2026-06-25T19:57:03.906791,Pas tensometryczny,-5181809,-5181809,true
session_20260625_195259_P001,2436,244582,2026-06-25T19:57:04.027286,Pas tensometryczny,-5183029,-5183029,true
session_20260625_195259_P001,2437,244714,2026-06-25T19:57:04.159469,Pas tensometryczny,-5183757,-5183757,true
session_20260625_195259_P001,2438,244807,2026-06-25T19:57:04.252214,Pas tensometryczny,-5184445,-5184445,true
session_20260625_195259_P001,2439,244862,2026-06-25T19:57:04.307078,Pas tensometryczny,-5185199,-5185199,true
session_20260625_195259_P001,2440,245000,2026-06-25T19:57:04.445490,Pas tensometryczny,-5186384,-5186384,true
session_20260625_195259_P001,2441,245045,2026-06-25T19:57:04.490298,Pas tensometryczny,-5187916,-5187916,true
session_20260625_195259_P001,2442,245194,2026-06-25T19:57:04.638990,Pas tensometryczny,-5188558,-5188558,true
session_20260625_195259_P001,2443,245301,2026-06-25T19:57:04.745888,Pas tensometryczny,-5188797,-5188797,true
session_20260625_195259_P001,2444,245422,2026-06-25T19:57:04.866907,Pas tensometryczny,-5188995,-5188995,true
session_20260625_195259_P001,2445,245482,2026-06-25T19:57:04.927228,Pas tensometryczny,-5189260,-5189260,true
session_20260625_195259_P001,2446,245630,2026-06-25T19:57:05.074793,Pas tensometryczny,-5189675,-5189675,true
session_20260625_195259_P001,2447,245689,2026-06-25T19:57:05.134157,Pas tensometryczny,-5189700,-5189700,true
session_20260625_195259_P001,2448,245776,2026-06-25T19:57:05.221626,Pas tensometryczny,-5187738,-5187738,true
session_20260625_195259_P001,2449,245856,2026-06-25T19:57:05.301341,Pas tensometryczny,-5185494,-5185494,true
session_20260625_195259_P001,2450,245943,2026-06-25T19:57:05.388254,Pas tensometryczny,-5184034,-5184034,true
session_20260625_195259_P001,2451,246087,2026-06-25T19:57:05.532494,Pas tensometryczny,-5183201,-5183201,true
session_20260625_195259_P001,2452,246171,2026-06-25T19:57:05.616662,Pas tensometryczny,-5182931,-5182931,true
session_20260625_195259_P001,2453,246258,2026-06-25T19:57:05.703216,Pas tensometryczny,-5182782,-5182782,true
session_20260625_195259_P001,2454,246350,2026-06-25T19:57:05.795595,Pas tensometryczny,-5181544,-5181544,true
session_20260625_195259_P001,2455,246504,2026-06-25T19:57:05.949566,Pas tensometryczny,-5180260,-5180260,true
session_20260625_195259_P001,2456,246574,2026-06-25T19:57:06.019569,Pas tensometryczny,-5179127,-5179127,true
session_20260625_195259_P001,2457,246680,2026-06-25T19:57:06.124717,Pas tensometryczny,-5178731,-5178731,true
session_20260625_195259_P001,2458,246754,2026-06-25T19:57:06.199628,Pas tensometryczny,-5179805,-5179805,true
session_20260625_195259_P001,2459,246897,2026-06-25T19:57:06.342544,Pas tensometryczny,-5181496,-5181496,true
session_20260625_195259_P001,2460,246981,2026-06-25T19:57:06.426070,Pas tensometryczny,-5182560,-5182560,true
session_20260625_195259_P001,2461,247070,2026-06-25T19:57:06.515149,Pas tensometryczny,-5183038,-5183038,true
session_20260625_195259_P001,2462,247157,2026-06-25T19:57:06.602625,Pas tensometryczny,-5184799,-5184799,true
session_20260625_195259_P001,2463,247250,2026-06-25T19:57:06.694947,Pas tensometryczny,-5186041,-5186041,true
session_20260625_195259_P001,2464,247419,2026-06-25T19:57:06.864118,Pas tensometryczny,-5187048,-5187048,true
session_20260625_195259_P001,2465,247473,2026-06-25T19:57:06.918592,Pas tensometryczny,-5188386,-5188386,true
session_20260625_195259_P001,2466,247566,2026-06-25T19:57:07.011390,Pas tensometryczny,-5189798,-5189798,true
session_20260625_195259_P001,2467,247655,2026-06-25T19:57:07.100181,Pas tensometryczny,-5190367,-5190367,true
session_20260625_195259_P001,2468,247790,2026-06-25T19:57:07.234939,Pas tensometryczny,-5190580,-5190580,true
session_20260625_195259_P001,2469,247896,2026-06-25T19:57:07.341668,Pas tensometryczny,-5190045,-5190045,true
session_20260625_195259_P001,2470,247968,2026-06-25T19:57:07.413495,Pas tensometryczny,-5189499,-5189499,true
session_20260625_195259_P001,2471,248069,2026-06-25T19:57:07.514423,Pas tensometryczny,-5188228,-5188228,true
session_20260625_195259_P001,2472,248155,2026-06-25T19:57:07.600345,Pas tensometryczny,-5186758,-5186758,true
session_20260625_195259_P001,2473,248366,2026-06-25T19:57:07.811174,Pas tensometryczny,-5185820,-5185820,true
session_20260625_195259_P001,2474,248374,2026-06-25T19:57:07.819051,Pas tensometryczny,-5184209,-5184209,true
session_20260625_195259_P001,2475,248477,2026-06-25T19:57:07.922268,Pas tensometryczny,-5182150,-5182150,true
session_20260625_195259_P001,2476,248574,2026-06-25T19:57:08.019521,Pas tensometryczny,-5180239,-5180239,true
session_20260625_195259_P001,2477,248689,2026-06-25T19:57:08.133989,Pas tensometryczny,-5179429,-5179429,true
session_20260625_195259_P001,2478,248779,2026-06-25T19:57:08.224277,Pas tensometryczny,-5179326,-5179326,true
session_20260625_195259_P001,2479,248873,2026-06-25T19:57:08.318132,Pas tensometryczny,-5179596,-5179596,true
session_20260625_195259_P001,2480,248967,2026-06-25T19:57:08.412604,Pas tensometryczny,-5179383,-5179383,true
session_20260625_195259_P001,2481,249095,2026-06-25T19:57:08.540596,Pas tensometryczny,-5179132,-5179132,true
session_20260625_195259_P001,2482,249205,2026-06-25T19:57:08.650608,Pas tensometryczny,-5180510,-5180510,true
session_20260625_195259_P001,2483,249295,2026-06-25T19:57:08.740626,Pas tensometryczny,-5181707,-5181707,true
session_20260625_195259_P001,2484,249392,2026-06-25T19:57:08.837255,Pas tensometryczny,-5182823,-5182823,true
session_20260625_195259_P001,2485,249468,2026-06-25T19:57:08.913594,Pas tensometryczny,-5184437,-5184437,true
session_20260625_195259_P001,2486,249592,2026-06-25T19:57:09.037132,Pas tensometryczny,-5186170,-5186170,true
session_20260625_195259_P001,2487,249687,2026-06-25T19:57:09.132620,Pas tensometryczny,-5187602,-5187602,true
session_20260625_195259_P001,2488,249786,2026-06-25T19:57:09.231446,Pas tensometryczny,-5188361,-5188361,true
session_20260625_195259_P001,2489,249884,2026-06-25T19:57:09.329271,Pas tensometryczny,-5189883,-5189883,true
session_20260625_195259_P001,2490,249992,2026-06-25T19:57:09.437442,Pas tensometryczny,-5190253,-5190253,true
session_20260625_195259_P001,2491,250106,2026-06-25T19:57:09.551583,Pas tensometryczny,-5190826,-5190826,true
session_20260625_195259_P001,2492,250215,2026-06-25T19:57:09.660076,Pas tensometryczny,-5190402,-5190402,true
session_20260625_195259_P001,2493,250279,2026-06-25T19:57:09.724678,Pas tensometryczny,-5188924,-5188924,true
