session_id,sample_index,timestamp_ms,datetime_iso,device_name,raw_payload,raw_pressure,parse_ok
session_20260625_195259_P001,0,43,2026-06-25T19:52:59.488556,Pas barometryczny,1080.85,1080.85,true
session_20260625_195259_P001,1,135,2026-06-25T19:52:59.580389,Pas barometryczny,1081.12,1081.12,true
session_20260625_195259_P001,2,274,2026-06-25T19:52:59.718854,Pas barometryczny,1081.45,1081.45,true
session_20260625_195259_P001,3,374,2026-06-25T19:52:59.819401,Pas barometryczny,1081.83,1081.83,true
session_20260625_195259_P001,4,441,2026-06-25T19:52:59.885926,Pas barometryczny,1082.13,1082.13,true
session_20260625_195259_P001,5,604,2026-06-25T19:53:00.049320,Pas barometryczny,1082.08,1082.08,true
session_20260625_195259_P001,6,671,2026-06-25T19:53:00.116093,Pas barometryczny,1081.98,1081.98,true
session_20260625_195259_P001,7,783,2026-06-25T19:53:00.228325,Pas barometryczny,1081.90,1081.90,true
session_20260625_195259_P001,8,881,2026-06-25T19:53:00.326392,Pas barometryczny,1082.06,1082.06,true
session_20260625_195259_P001,9,1018,2026-06-25T19:53:00.463200,Pas barometryczny,1082.41,1082.41,true
session_20260625_195259_P001,10,1088,2026-06-25T19:53:00.533558,Pas barometryczny,1082.73,1082.73,true
session_20260625_195259_P001,11,1159,2026-06-25T19:53:00.603913,Pas barometryczny,1083.32,1083.32,true
session_20260625_195259_P001,12,1274,2026-06-25T19:53:00.718838,Pas barometryczny,1083.58,1083.58,true
session_20260625_195259_P001,13,1408,2026-06-25T19:53:00.852824,Pas barometryczny,1083.72,1083.72,true
session_20260625_195259_P001,14,1500,2026-06-25T19:53:00.944956,Pas barometryczny,1083.94,1083.94,true
session_20260625_195259_P001,15,1572,2026-06-25T19:53:01.016959,Pas barometryczny,1084.10,1084.10,true
session_20260625_195259_P001,16,1689,2026-06-25T19:53:01.134586,Pas barometryczny,1084.42,1084.42,true
session_20260625_195259_P001,17,1821,2026-06-25T19:53:01.266097,Pas barometryczny,1084.79,1084.79,true
session_20260625_195259_P001,18,1921,2026-06-25T19:53:01.365783,Pas barometryczny,1085.00,1085.00,true
session_20260625_195259_P001,19,1988,2026-06-25T19:53:01.432874,Pas barometryczny,1085.00,1085.00,true
session_20260625_195259_P001,20,2128,2026-06-25T19:53:01.573369,Pas barometryczny,1085.06,1085.06,true
session_20260625_195259_P001,21,2195,2026-06-25T19:53:01.640146,Pas barometryczny,1085.01,1085.01,true
session_20260625_195259_P001,22,2327,2026-06-25T19:53:01.772043,Pas barometryczny,1084.49,1084.49,true
session_20260625_195259_P001,23,2391,2026-06-25T19:53:01.835916,Pas barometryczny,1084.04,1084.04,true
session_20260625_195259_P001,24,2508,2026-06-25T19:53:01.953400,Pas barometryczny,1083.70,1083.70,true
session_20260625_195259_P001,25,2602,2026-06-25T19:53:02.047222,Pas barometryczny,1083.37,1083.37,true
session_20260625_195259_P001,26,2696,2026-06-25T19:53:02.141641,Pas barometryczny,1083.00,1083.00,true
session_20260625_195259_P001,27,2799,2026-06-25T19:53:02.243764,Pas barometryczny,1082.73,1082.73,true
session_20260625_195259_P001,28,2926,2026-06-25T19:53:02.370902,Pas barometryczny,1082.45,1082.45,true
session_20260625_195259_P001,29,3005,2026-06-25T19:53:02.450637,Pas barometryczny,1082.18,1082.18,true
session_20260625_195259_P001,30,3097,2026-06-25T19:53:02.542459,Pas barometryczny,1082.00,1082.00,true
session_20260625_195259_P001,31,3200,2026-06-25T19:53:02.644735,Pas barometryczny,1081.78,1081.78,true
session_20260625_195259_P001,32,3329,2026-06-25T19:53:02.773796,Pas barometryczny,1081.48,1081.48,true
session_20260625_195259_P001,33,3438,2026-06-25T19:53:02.883674,Pas barometryczny,1081.26,1081.26,true
session_20260625_195259_P001,34,3535,2026-06-25T19:53:02.979791,Pas barometryczny,1081.00,1081.00,true
session_20260625_195259_P001,35,3634,2026-06-25T19:53:03.079038,Pas barometryczny,1080.69,1080.69,true
session_20260625_195259_P001,36,3737,2026-06-25T19:53:03.181979,Pas barometryczny,1080.31,1080.31,true
session_20260625_195259_P001,37,3833,2026-06-25T19:53:03.277742,Pas barometryczny,1079.94,1079.94,true
session_20260625_195259_P001,38,3905,2026-06-25T19:53:03.350253,Pas barometryczny,1079.60,1079.60,true
session_20260625_195259_P001,39,4047,2026-06-25T19:53:03.492391,Pas barometryczny,1079.24,1079.24,true
session_20260625_195259_P001,40,4131,2026-06-25T19:53:03.576333,Pas barometryczny,1078.94,1078.94,true
session_20260625_195259_P001,41,4223,2026-06-25T19:53:03.667742,Pas barometryczny,1078.51,1078.51,true
session_20260625_195259_P001,42,4316,2026-06-25T19:53:03.761004,Pas barometryczny,1078.34,1078.34,true
session_20260625_195259_P001,43,4455,2026-06-25T19:53:03.900697,Pas barometryczny,1078.03,1078.03,true
session_20260625_195259_P001,44,4560,2026-06-25T19:53:04.005296,Pas barometryczny,1077.81,1077.81,true
session_20260625_195259_P001,45,4634,2026-06-25T19:53:04.079581,Pas barometryczny,1077.61,1077.61,true
session_20260625_195259_P001,46,4729,2026-06-25T19:53:04.174678,Pas barometryczny,1077.37,1077.37,true
session_20260625_195259_P001,47,4853,2026-06-25T19:53:04.298240,Pas barometryczny,1077.24,1077.24,true
session_20260625_195259_P001,48,4949,2026-06-25T19:53:04.394615,Pas barometryczny,1077.22,1077.22,true
session_20260625_195259_P001,49,5050,2026-06-25T19:53:04.495622,Pas barometryczny,1077.26,1077.26,true
session_20260625_195259_P001,50,5189,2026-06-25T19:53:04.634199,Pas barometryczny,1077.25,1077.25,true
session_20260625_195259_P001,51,5291,2026-06-25T19:53:04.736320,Pas barometryczny,1077.45,1077.45,true
session_20260625_195259_P001,52,5346,2026-06-25T19:53:04.791541,Pas barometryczny,1077.74,1077.74,true
session_20260625_195259_P001,53,5438,2026-06-25T19:53:04.883532,Pas barometryczny,1078.39,1078.39,true
session_20260625_195259_P001,54,5590,2026-06-25T19:53:05.035227,Pas barometryczny,1078.94,1078.94,true
session_20260625_195259_P001,55,5669,2026-06-25T19:53:05.113880,Pas barometryczny,1079.52,1079.52,true
session_20260625_195259_P001,56,5758,2026-06-25T19:53:05.202799,Pas barometryczny,1079.99,1079.99,true
session_20260625_195259_P001,57,5847,2026-06-25T19:53:05.291839,Pas barometryczny,1080.40,1080.40,true
session_20260625_195259_P001,58,6006,2026-06-25T19:53:05.450965,Pas barometryczny,1080.76,1080.76,true
session_20260625_195259_P001,59,6065,2026-06-25T19:53:05.509744,Pas barometryczny,1081.04,1081.04,true
session_20260625_195259_P001,60,6154,2026-06-25T19:53:05.599380,Pas barometryczny,1081.33,1081.33,true
session_20260625_195259_P001,61,6270,2026-06-25T19:53:05.715170,Pas barometryczny,1081.62,1081.62,true
session_20260625_195259_P001,62,6406,2026-06-25T19:53:05.850753,Pas barometryczny,1081.96,1081.96,true
session_20260625_195259_P001,63,6492,2026-06-25T19:53:05.937191,Pas barometryczny,1082.27,1082.27,true
session_20260625_195259_P001,64,6592,2026-06-25T19:53:06.037653,Pas barometryczny,1082.59,1082.59,true
session_20260625_195259_P001,65,6712,2026-06-25T19:53:06.157387,Pas barometryczny,1082.84,1082.84,true
session_20260625_195259_P001,66,6811,2026-06-25T19:53:06.256384,Pas barometryczny,1083.04,1083.04,true
session_20260625_195259_P001,67,6875,2026-06-25T19:53:06.319877,Pas barometryczny,1083.26,1083.26,true
session_20260625_195259_P001,68,7001,2026-06-25T19:53:06.446304,Pas barometryczny,1083.51,1083.51,true
session_20260625_195259_P001,69,7122,2026-06-25T19:53:06.566816,Pas barometryczny,1083.76,1083.76,true
session_20260625_195259_P001,70,7211,2026-06-25T19:53:06.656533,Pas barometryczny,1084.30,1084.30,true
session_20260625_195259_P001,71,7316,2026-06-25T19:53:06.761134,Pas barometryczny,1084.47,1084.47,true
session_20260625_195259_P001,72,7385,2026-06-25T19:53:06.830069,Pas barometryczny,1084.66,1084.66,true
session_20260625_195259_P001,73,7505,2026-06-25T19:53:06.949928,Pas barometryczny,1084.80,1084.80,true
session_20260625_195259_P001,74,7605,2026-06-25T19:53:07.049944,Pas barometryczny,1085.04,1085.04,true
session_20260625_195259_P001,75,7699,2026-06-25T19:53:07.144051,Pas barometryczny,1085.28,1085.28,true
session_20260625_195259_P001,76,7797,2026-06-25T19:53:07.241987,Pas barometryczny,1085.48,1085.48,true
session_20260625_195259_P001,77,7909,2026-06-25T19:53:07.354661,Pas barometryczny,1085.56,1085.56,true
session_20260625_195259_P001,78,8026,2026-06-25T19:53:07.471336,Pas barometryczny,1085.66,1085.66,true
session_20260625_195259_P001,79,8116,2026-06-25T19:53:07.561048,Pas barometryczny,1085.70,1085.70,true
session_20260625_195259_P001,80,8224,2026-06-25T19:53:07.668950,Pas barometryczny,1085.72,1085.72,true
session_20260625_195259_P001,81,8323,2026-06-25T19:53:07.767713,Pas barometryczny,1085.73,1085.73,true
session_20260625_195259_P001,82,8415,2026-06-25T19:53:07.859758,Pas barometryczny,1085.69,1085.69,true
session_20260625_195259_P001,83,8516,2026-06-25T19:53:07.960735,Pas barometryczny,1085.61,1085.61,true
session_20260625_195259_P001,84,8629,2026-06-25T19:53:08.074524,Pas barometryczny,1085.58,1085.58,true
session_20260625_195259_P001,85,8721,2026-06-25T19:53:08.166143,Pas barometryczny,1085.51,1085.51,true
session_20260625_195259_P001,86,8816,2026-06-25T19:53:08.260988,Pas barometryczny,1085.45,1085.45,true
session_20260625_195259_P001,87,8928,2026-06-25T19:53:08.373650,Pas barometryczny,1085.40,1085.40,true
session_20260625_195259_P001,88,9071,2026-06-25T19:53:08.516459,Pas barometryczny,1085.30,1085.30,true
session_20260625_195259_P001,89,9123,2026-06-25T19:53:08.568698,Pas barometryczny,1085.27,1085.27,true
session_20260625_195259_P001,90,9220,2026-06-25T19:53:08.664987,Pas barometryczny,1085.16,1085.16,true
session_20260625_195259_P001,91,9312,2026-06-25T19:53:08.757179,Pas barometryczny,1084.97,1084.97,true
session_20260625_195259_P001,92,9440,2026-06-25T19:53:08.885093,Pas barometryczny,1084.91,1084.91,true
session_20260625_195259_P001,93,9531,2026-06-25T19:53:08.975947,Pas barometryczny,1084.76,1084.76,true
session_20260625_195259_P001,94,9633,2026-06-25T19:53:09.078263,Pas barometryczny,1084.56,1084.56,true
session_20260625_195259_P001,95,9758,2026-06-25T19:53:09.203089,Pas barometryczny,1084.25,1084.25,true
session_20260625_195259_P001,96,9867,2026-06-25T19:53:09.311905,Pas barometryczny,1083.91,1083.91,true
session_20260625_195259_P001,97,9932,2026-06-25T19:53:09.377700,Pas barometryczny,1083.59,1083.59,true
session_20260625_195259_P001,98,10047,2026-06-25T19:53:09.492509,Pas barometryczny,1083.29,1083.29,true
session_20260625_195259_P001,99,10172,2026-06-25T19:53:09.617243,Pas barometryczny,1083.00,1083.00,true
session_20260625_195259_P001,100,10266,2026-06-25T19:53:09.710883,Pas barometryczny,1082.52,1082.52,true
session_20260625_195259_P001,101,10341,2026-06-25T19:53:09.786164,Pas barometryczny,1082.29,1082.29,true
session_20260625_195259_P001,102,10447,2026-06-25T19:53:09.891988,Pas barometryczny,1082.00,1082.00,true
session_20260625_195259_P001,103,10567,2026-06-25T19:53:10.012060,Pas barometryczny,1081.67,1081.67,true
session_20260625_195259_P001,104,10663,2026-06-25T19:53:10.108134,Pas barometryczny,1081.47,1081.47,true
session_20260625_195259_P001,105,10777,2026-06-25T19:53:10.222401,Pas barometryczny,1081.23,1081.23,true
session_20260625_195259_P001,106,10847,2026-06-25T19:53:10.292444,Pas barometryczny,1081.01,1081.01,true
session_20260625_195259_P001,107,10987,2026-06-25T19:53:10.432478,Pas barometryczny,1080.81,1080.81,true
session_20260625_195259_P001,108,11091,2026-06-25T19:53:10.536506,Pas barometryczny,1080.65,1080.65,true
session_20260625_195259_P001,109,11148,2026-06-25T19:53:10.592747,Pas barometryczny,1080.41,1080.41,true
session_20260625_195259_P001,110,11291,2026-06-25T19:53:10.736324,Pas barometryczny,1080.14,1080.14,true
session_20260625_195259_P001,111,11394,2026-06-25T19:53:10.839457,Pas barometryczny,1079.97,1079.97,true
session_20260625_195259_P001,112,11481,2026-06-25T19:53:10.926452,Pas barometryczny,1079.76,1079.76,true
session_20260625_195259_P001,113,11554,2026-06-25T19:53:10.999416,Pas barometryczny,1079.57,1079.57,true
session_20260625_195259_P001,114,11720,2026-06-25T19:53:11.165143,Pas barometryczny,1079.53,1079.53,true
session_20260625_195259_P001,115,11789,2026-06-25T19:53:11.234660,Pas barometryczny,1079.70,1079.70,true
session_20260625_195259_P001,116,11870,2026-06-25T19:53:11.315180,Pas barometryczny,1080.18,1080.18,true
session_20260625_195259_P001,117,11970,2026-06-25T19:53:11.415251,Pas barometryczny,1080.61,1080.61,true
session_20260625_195259_P001,118,12106,2026-06-25T19:53:11.551217,Pas barometryczny,1081.00,1081.00,true
session_20260625_195259_P001,119,12197,2026-06-25T19:53:11.642520,Pas barometryczny,1081.36,1081.36,true
session_20260625_195259_P001,120,12292,2026-06-25T19:53:11.737240,Pas barometryczny,1081.68,1081.68,true
session_20260625_195259_P001,121,12370,2026-06-25T19:53:11.814991,Pas barometryczny,1082.11,1082.11,true
session_20260625_195259_P001,122,12512,2026-06-25T19:53:11.957456,Pas barometryczny,1082.45,1082.45,true
session_20260625_195259_P001,123,12610,2026-06-25T19:53:12.055046,Pas barometryczny,1082.79,1082.79,true
session_20260625_195259_P001,124,12719,2026-06-25T19:53:12.164600,Pas barometryczny,1082.93,1082.93,true
session_20260625_195259_P001,125,12846,2026-06-25T19:53:12.290764,Pas barometryczny,1082.41,1082.41,true
session_20260625_195259_P001,126,12904,2026-06-25T19:53:12.349619,Pas barometryczny,1081.93,1081.93,true
session_20260625_195259_P001,127,13017,2026-06-25T19:53:12.462459,Pas barometryczny,1081.42,1081.42,true
session_20260625_195259_P001,128,13124,2026-06-25T19:53:12.569493,Pas barometryczny,1081.05,1081.05,true
session_20260625_195259_P001,129,13261,2026-06-25T19:53:12.706446,Pas barometryczny,1080.25,1080.25,true
session_20260625_195259_P001,130,13316,2026-06-25T19:53:12.760814,Pas barometryczny,1079.91,1079.91,true
session_20260625_195259_P001,131,13456,2026-06-25T19:53:12.901415,Pas barometryczny,1079.51,1079.51,true
session_20260625_195259_P001,132,13489,2026-06-25T19:53:12.934593,Pas barometryczny,1079.09,1079.09,true
session_20260625_195259_P001,133,13624,2026-06-25T19:53:13.069510,Pas barometryczny,1078.81,1078.81,true
session_20260625_195259_P001,134,13716,2026-06-25T19:53:13.161268,Pas barometryczny,1078.59,1078.59,true
session_20260625_195259_P001,135,13822,2026-06-25T19:53:13.267484,Pas barometryczny,1078.34,1078.34,true
session_20260625_195259_P001,136,13923,2026-06-25T19:53:13.367967,Pas barometryczny,1078.12,1078.12,true
session_20260625_195259_P001,137,14028,2026-06-25T19:53:13.473509,Pas barometryczny,1077.96,1077.96,true
session_20260625_195259_P001,138,14154,2026-06-25T19:53:13.599359,Pas barometryczny,1077.99,1077.99,true
session_20260625_195259_P001,139,14210,2026-06-25T19:53:13.654831,Pas barometryczny,1078.15,1078.15,true
session_20260625_195259_P001,140,14367,2026-06-25T19:53:13.812079,Pas barometryczny,1078.46,1078.46,true
session_20260625_195259_P001,141,14439,2026-06-25T19:53:13.884596,Pas barometryczny,1079.08,1079.08,true
session_20260625_195259_P001,142,14534,2026-06-25T19:53:13.979172,Pas barometryczny,1079.66,1079.66,true
session_20260625_195259_P001,143,14626,2026-06-25T19:53:14.070974,Pas barometryczny,1080.15,1080.15,true
session_20260625_195259_P001,144,14783,2026-06-25T19:53:14.228097,Pas barometryczny,1080.51,1080.51,true
session_20260625_195259_P001,145,14842,2026-06-25T19:53:14.287179,Pas barometryczny,1080.89,1080.89,true
session_20260625_195259_P001,146,14935,2026-06-25T19:53:14.380368,Pas barometryczny,1081.22,1081.22,true
session_20260625_195259_P001,147,15049,2026-06-25T19:53:14.493994,Pas barometryczny,1081.54,1081.54,true
session_20260625_195259_P001,148,15191,2026-06-25T19:53:14.636282,Pas barometryczny,1081.94,1081.94,true
session_20260625_195259_P001,149,15244,2026-06-25T19:53:14.689699,Pas barometryczny,1082.28,1082.28,true
session_20260625_195259_P001,150,15341,2026-06-25T19:53:14.786051,Pas barometryczny,1082.52,1082.52,true
session_20260625_195259_P001,151,15444,2026-06-25T19:53:14.888948,Pas barometryczny,1082.82,1082.82,true
session_20260625_195259_P001,152,15567,2026-06-25T19:53:15.012180,Pas barometryczny,1083.09,1083.09,true
session_20260625_195259_P001,153,15651,2026-06-25T19:53:15.096468,Pas barometryczny,1083.36,1083.36,true
session_20260625_195259_P001,154,15740,2026-06-25T19:53:15.185016,Pas barometryczny,1083.63,1083.63,true
session_20260625_195259_P001,155,15876,2026-06-25T19:53:15.321591,Pas barometryczny,1083.88,1083.88,true
session_20260625_195259_P001,156,15968,2026-06-25T19:53:15.413708,Pas barometryczny,1084.05,1084.05,true
session_20260625_195259_P001,157,16079,2026-06-25T19:53:15.524361,Pas barometryczny,1084.07,1084.07,true
session_20260625_195259_P001,158,16150,2026-06-25T19:53:15.595642,Pas barometryczny,1083.92,1083.92,true
session_20260625_195259_P001,159,16315,2026-06-25T19:53:15.759736,Pas barometryczny,1083.47,1083.47,true
session_20260625_195259_P001,160,16387,2026-06-25T19:53:15.832419,Pas barometryczny,1083.10,1083.10,true
session_20260625_195259_P001,161,16462,2026-06-25T19:53:15.906828,Pas barometryczny,1082.59,1082.59,true
session_20260625_195259_P001,162,16558,2026-06-25T19:53:16.002899,Pas barometryczny,1082.16,1082.16,true
session_20260625_195259_P001,163,16711,2026-06-25T19:53:16.155951,Pas barometryczny,1081.84,1081.84,true
session_20260625_195259_P001,164,16787,2026-06-25T19:53:16.232093,Pas barometryczny,1081.48,1081.48,true
session_20260625_195259_P001,165,16883,2026-06-25T19:53:16.328394,Pas barometryczny,1081.25,1081.25,true
session_20260625_195259_P001,166,16956,2026-06-25T19:53:16.401613,Pas barometryczny,1080.93,1080.93,true
session_20260625_195259_P001,167,17115,2026-06-25T19:53:16.559916,Pas barometryczny,1080.49,1080.49,true
session_20260625_195259_P001,168,17182,2026-06-25T19:53:16.627263,Pas barometryczny,1080.12,1080.12,true
session_20260625_195259_P001,169,17295,2026-06-25T19:53:16.739884,Pas barometryczny,1079.79,1079.79,true
session_20260625_195259_P001,170,17421,2026-06-25T19:53:16.866101,Pas barometryczny,1079.53,1079.53,true
session_20260625_195259_P001,171,17493,2026-06-25T19:53:16.938032,Pas barometryczny,1079.20,1079.20,true
session_20260625_195259_P001,172,17617,2026-06-25T19:53:17.062332,Pas barometryczny,1078.94,1078.94,true
session_20260625_195259_P001,173,17707,2026-06-25T19:53:17.151827,Pas barometryczny,1078.71,1078.71,true
session_20260625_195259_P001,174,17834,2026-06-25T19:53:17.279278,Pas barometryczny,1078.42,1078.42,true
session_20260625_195259_P001,175,17937,2026-06-25T19:53:17.381863,Pas barometryczny,1078.24,1078.24,true
session_20260625_195259_P001,176,18004,2026-06-25T19:53:17.448853,Pas barometryczny,1078.07,1078.07,true
session_20260625_195259_P001,177,18081,2026-06-25T19:53:17.526511,Pas barometryczny,1078.16,1078.16,true
session_20260625_195259_P001,178,18226,2026-06-25T19:53:17.670824,Pas barometryczny,1078.32,1078.32,true
session_20260625_195259_P001,179,18326,2026-06-25T19:53:17.771270,Pas barometryczny,1078.56,1078.56,true
session_20260625_195259_P001,180,18429,2026-06-25T19:53:17.873920,Pas barometryczny,1078.91,1078.91,true
session_20260625_195259_P001,181,18484,2026-06-25T19:53:17.929399,Pas barometryczny,1079.55,1079.55,true
session_20260625_195259_P001,182,18638,2026-06-25T19:53:18.083145,Pas barometryczny,1080.07,1080.07,true
session_20260625_195259_P001,183,18745,2026-06-25T19:53:18.189737,Pas barometryczny,1080.58,1080.58,true
session_20260625_195259_P001,184,18802,2026-06-25T19:53:18.247629,Pas barometryczny,1081.06,1081.06,true
session_20260625_195259_P001,185,18939,2026-06-25T19:53:18.383974,Pas barometryczny,1081.42,1081.42,true
session_20260625_195259_P001,186,19040,2026-06-25T19:53:18.485410,Pas barometryczny,1081.75,1081.75,true
session_20260625_195259_P001,187,19135,2026-06-25T19:53:18.580706,Pas barometryczny,1082.03,1082.03,true
session_20260625_195259_P001,188,19226,2026-06-25T19:53:18.671210,Pas barometryczny,1082.53,1082.53,true
session_20260625_195259_P001,189,19339,2026-06-25T19:53:18.784203,Pas barometryczny,1082.85,1082.85,true
session_20260625_195259_P001,190,19454,2026-06-25T19:53:18.898969,Pas barometryczny,1083.20,1083.20,true
session_20260625_195259_P001,191,19545,2026-06-25T19:53:18.990282,Pas barometryczny,1083.48,1083.48,true
session_20260625_195259_P001,192,19629,2026-06-25T19:53:19.074297,Pas barometryczny,1083.75,1083.75,true
session_20260625_195259_P001,193,19764,2026-06-25T19:53:19.209360,Pas barometryczny,1083.88,1083.88,true
session_20260625_195259_P001,194,19864,2026-06-25T19:53:19.309673,Pas barometryczny,1084.03,1084.03,true
session_20260625_195259_P001,195,19923,2026-06-25T19:53:19.368069,Pas barometryczny,1084.16,1084.16,true
session_20260625_195259_P001,196,20031,2026-06-25T19:53:19.476234,Pas barometryczny,1084.26,1084.26,true
session_20260625_195259_P001,197,20166,2026-06-25T19:53:19.610850,Pas barometryczny,1084.08,1084.08,true
session_20260625_195259_P001,198,20250,2026-06-25T19:53:19.695232,Pas barometryczny,1083.67,1083.67,true
session_20260625_195259_P001,199,20357,2026-06-25T19:53:19.802201,Pas barometryczny,1083.12,1083.12,true
session_20260625_195259_P001,200,20467,2026-06-25T19:53:19.912552,Pas barometryczny,1082.58,1082.58,true
session_20260625_195259_P001,201,20574,2026-06-25T19:53:20.018899,Pas barometryczny,1082.15,1082.15,true
session_20260625_195259_P001,202,20668,2026-06-25T19:53:20.112730,Pas barometryczny,1081.73,1081.73,true
session_20260625_195259_P001,203,20734,2026-06-25T19:53:20.179704,Pas barometryczny,1081.42,1081.42,true
session_20260625_195259_P001,204,20883,2026-06-25T19:53:20.328054,Pas barometryczny,1081.13,1081.13,true
session_20260625_195259_P001,205,20971,2026-06-25T19:53:20.416618,Pas barometryczny,1080.82,1080.82,true
session_20260625_195259_P001,206,21050,2026-06-25T19:53:20.495082,Pas barometryczny,1080.52,1080.52,true
session_20260625_195259_P001,207,21139,2026-06-25T19:53:20.584688,Pas barometryczny,1080.21,1080.21,true
session_20260625_195259_P001,208,21297,2026-06-25T19:53:20.742315,Pas barometryczny,1079.86,1079.86,true
session_20260625_195259_P001,209,21365,2026-06-25T19:53:20.810225,Pas barometryczny,1079.56,1079.56,true
session_20260625_195259_P001,210,21456,2026-06-25T19:53:20.901684,Pas barometryczny,1079.27,1079.27,true
session_20260625_195259_P001,211,21557,2026-06-25T19:53:21.001761,Pas barometryczny,1078.94,1078.94,true
session_20260625_195259_P001,212,21680,2026-06-25T19:53:21.125241,Pas barometryczny,1078.62,1078.62,true
session_20260625_195259_P001,213,21771,2026-06-25T19:53:21.216397,Pas barometryczny,1078.39,1078.39,true
session_20260625_195259_P001,214,21871,2026-06-25T19:53:21.315976,Pas barometryczny,1078.18,1078.18,true
session_20260625_195259_P001,215,21996,2026-06-25T19:53:21.441270,Pas barometryczny,1078.17,1078.17,true
session_20260625_195259_P001,216,22085,2026-06-25T19:53:21.529891,Pas barometryczny,1078.32,1078.32,true
session_20260625_195259_P001,217,22178,2026-06-25T19:53:21.622725,Pas barometryczny,1078.51,1078.51,true
session_20260625_195259_P001,218,22277,2026-06-25T19:53:21.722575,Pas barometryczny,1079.38,1079.38,true
session_20260625_195259_P001,219,22426,2026-06-25T19:53:21.871629,Pas barometryczny,1079.60,1079.60,true
session_20260625_195259_P001,220,22490,2026-06-25T19:53:21.934789,Pas barometryczny,1079.73,1079.73,true
session_20260625_195259_P001,221,22587,2026-06-25T19:53:22.032445,Pas barometryczny,1079.41,1079.41,true
session_20260625_195259_P001,222,22681,2026-06-25T19:53:22.126522,Pas barometryczny,1078.82,1078.82,true
session_20260625_195259_P001,223,22825,2026-06-25T19:53:22.270677,Pas barometryczny,1078.45,1078.45,true
session_20260625_195259_P001,224,22922,2026-06-25T19:53:22.367701,Pas barometryczny,1078.15,1078.15,true
session_20260625_195259_P001,225,22984,2026-06-25T19:53:22.429427,Pas barometryczny,1077.94,1077.94,true
session_20260625_195259_P001,226,23074,2026-06-25T19:53:22.519150,Pas barometryczny,1077.95,1077.95,true
session_20260625_195259_P001,227,23218,2026-06-25T19:53:22.663696,Pas barometryczny,1077.87,1077.87,true
session_20260625_195259_P001,228,23326,2026-06-25T19:53:22.771535,Pas barometryczny,1077.91,1077.91,true
session_20260625_195259_P001,229,23389,2026-06-25T19:53:22.834517,Pas barometryczny,1078.06,1078.06,true
session_20260625_195259_P001,230,23536,2026-06-25T19:53:22.981177,Pas barometryczny,1078.57,1078.57,true
session_20260625_195259_P001,231,23616,2026-06-25T19:53:23.060804,Pas barometryczny,1079.18,1079.18,true
session_20260625_195259_P001,232,23721,2026-06-25T19:53:23.165767,Pas barometryczny,1079.64,1079.64,true
session_20260625_195259_P001,233,23811,2026-06-25T19:53:23.256328,Pas barometryczny,1080.09,1080.09,true
session_20260625_195259_P001,234,23971,2026-06-25T19:53:23.415773,Pas barometryczny,1080.48,1080.48,true
session_20260625_195259_P001,235,24018,2026-06-25T19:53:23.463130,Pas barometryczny,1080.96,1080.96,true
session_20260625_195259_P001,236,24116,2026-06-25T19:53:23.561072,Pas barometryczny,1081.34,1081.34,true
session_20260625_195259_P001,237,24210,2026-06-25T19:53:23.655096,Pas barometryczny,1081.67,1081.67,true
session_20260625_195259_P001,238,24363,2026-06-25T19:53:23.808128,Pas barometryczny,1081.97,1081.97,true
session_20260625_195259_P001,239,24424,2026-06-25T19:53:23.869093,Pas barometryczny,1082.21,1082.21,true
session_20260625_195259_P001,240,24556,2026-06-25T19:53:24.000907,Pas barometryczny,1082.48,1082.48,true
session_20260625_195259_P001,241,24604,2026-06-25T19:53:24.049345,Pas barometryczny,1082.84,1082.84,true
session_20260625_195259_P001,242,24765,2026-06-25T19:53:24.209759,Pas barometryczny,1083.17,1083.17,true
session_20260625_195259_P001,243,24829,2026-06-25T19:53:24.274533,Pas barometryczny,1083.45,1083.45,true
session_20260625_195259_P001,244,24957,2026-06-25T19:53:24.402594,Pas barometryczny,1083.62,1083.62,true
session_20260625_195259_P001,245,25076,2026-06-25T19:53:24.521368,Pas barometryczny,1083.32,1083.32,true
session_20260625_195259_P001,246,25174,2026-06-25T19:53:24.619015,Pas barometryczny,1082.75,1082.75,true
session_20260625_195259_P001,247,25267,2026-06-25T19:53:24.711844,Pas barometryczny,1081.77,1081.77,true
session_20260625_195259_P001,248,25324,2026-06-25T19:53:24.768963,Pas barometryczny,1081.40,1081.40,true
session_20260625_195259_P001,249,25460,2026-06-25T19:53:24.904805,Pas barometryczny,1080.97,1080.97,true
session_20260625_195259_P001,250,25548,2026-06-25T19:53:24.993288,Pas barometryczny,1080.65,1080.65,true
session_20260625_195259_P001,251,25666,2026-06-25T19:53:25.111388,Pas barometryczny,1080.34,1080.34,true
session_20260625_195259_P001,252,25730,2026-06-25T19:53:25.175216,Pas barometryczny,1079.96,1079.96,true
session_20260625_195259_P001,253,25866,2026-06-25T19:53:25.311109,Pas barometryczny,1079.67,1079.67,true
session_20260625_195259_P001,254,25956,2026-06-25T19:53:25.401026,Pas barometryczny,1079.29,1079.29,true
session_20260625_195259_P001,255,26077,2026-06-25T19:53:25.522630,Pas barometryczny,1078.96,1078.96,true
session_20260625_195259_P001,256,26149,2026-06-25T19:53:25.594675,Pas barometryczny,1078.63,1078.63,true
session_20260625_195259_P001,257,26281,2026-06-25T19:53:25.726176,Pas barometryczny,1078.51,1078.51,true
session_20260625_195259_P001,258,26361,2026-06-25T19:53:25.806691,Pas barometryczny,1078.82,1078.82,true
session_20260625_195259_P001,259,26467,2026-06-25T19:53:25.912176,Pas barometryczny,1079.59,1079.59,true
session_20260625_195259_P001,260,26585,2026-06-25T19:53:26.029918,Pas barometryczny,1080.18,1080.18,true
session_20260625_195259_P001,261,26681,2026-06-25T19:53:26.125841,Pas barometryczny,1080.70,1080.70,true
session_20260625_195259_P001,262,26780,2026-06-25T19:53:26.224745,Pas barometryczny,1081.07,1081.07,true
session_20260625_195259_P001,263,26878,2026-06-25T19:53:26.323708,Pas barometryczny,1081.44,1081.44,true
session_20260625_195259_P001,264,27008,2026-06-25T19:53:26.453449,Pas barometryczny,1081.80,1081.80,true
session_20260625_195259_P001,265,27115,2026-06-25T19:53:26.559870,Pas barometryczny,1082.20,1082.20,true
session_20260625_195259_P001,266,27180,2026-06-25T19:53:26.624722,Pas barometryczny,1082.58,1082.58,true
session_20260625_195259_P001,267,27277,2026-06-25T19:53:26.722517,Pas barometryczny,1082.88,1082.88,true
session_20260625_195259_P001,268,27420,2026-06-25T19:53:26.865114,Pas barometryczny,1083.19,1083.19,true
session_20260625_195259_P001,269,27483,2026-06-25T19:53:26.928371,Pas barometryczny,1083.38,1083.38,true
session_20260625_195259_P001,270,27599,2026-06-25T19:53:27.043711,Pas barometryczny,1083.62,1083.62,true
session_20260625_195259_P001,271,27666,2026-06-25T19:53:27.111065,Pas barometryczny,1083.69,1083.69,true
session_20260625_195259_P001,272,27833,2026-06-25T19:53:27.278580,Pas barometryczny,1083.17,1083.17,true
session_20260625_195259_P001,273,27897,2026-06-25T19:53:27.342140,Pas barometryczny,1082.58,1082.58,true
session_20260625_195259_P001,274,28025,2026-06-25T19:53:27.469980,Pas barometryczny,1082.11,1082.11,true
session_20260625_195259_P001,275,28158,2026-06-25T19:53:27.603412,Pas barometryczny,1081.57,1081.57,true
session_20260625_195259_P001,276,28221,2026-06-25T19:53:27.666588,Pas barometryczny,1081.28,1081.28,true
session_20260625_195259_P001,277,28298,2026-06-25T19:53:27.743362,Pas barometryczny,1080.66,1080.66,true
session_20260625_195259_P001,278,28406,2026-06-25T19:53:27.851444,Pas barometryczny,1080.38,1080.38,true
session_20260625_195259_P001,279,28533,2026-06-25T19:53:27.978118,Pas barometryczny,1080.03,1080.03,true
session_20260625_195259_P001,280,28617,2026-06-25T19:53:28.062210,Pas barometryczny,1079.61,1079.61,true
session_20260625_195259_P001,281,28710,2026-06-25T19:53:28.155634,Pas barometryczny,1079.23,1079.23,true
session_20260625_195259_P001,282,28803,2026-06-25T19:53:28.247737,Pas barometryczny,1078.88,1078.88,true
session_20260625_195259_P001,283,28952,2026-06-25T19:53:28.397121,Pas barometryczny,1078.65,1078.65,true
session_20260625_195259_P001,284,29026,2026-06-25T19:53:28.471588,Pas barometryczny,1078.74,1078.74,true
session_20260625_195259_P001,285,29128,2026-06-25T19:53:28.573151,Pas barometryczny,1078.82,1078.82,true
session_20260625_195259_P001,286,29201,2026-06-25T19:53:28.646574,Pas barometryczny,1079.37,1079.37,true
session_20260625_195259_P001,287,29351,2026-06-25T19:53:28.796215,Pas barometryczny,1080.03,1080.03,true
session_20260625_195259_P001,288,29450,2026-06-25T19:53:28.894830,Pas barometryczny,1080.53,1080.53,true
session_20260625_195259_P001,289,29511,2026-06-25T19:53:28.955995,Pas barometryczny,1080.97,1080.97,true
session_20260625_195259_P001,290,29645,2026-06-25T19:53:29.089792,Pas barometryczny,1081.38,1081.38,true
session_20260625_195259_P001,291,29759,2026-06-25T19:53:29.204635,Pas barometryczny,1081.77,1081.77,true
session_20260625_195259_P001,292,29846,2026-06-25T19:53:29.290879,Pas barometryczny,1082.20,1082.20,true
session_20260625_195259_P001,293,29914,2026-06-25T19:53:29.358882,Pas barometryczny,1082.52,1082.52,true
session_20260625_195259_P001,294,30074,2026-06-25T19:53:29.519429,Pas barometryczny,1082.80,1082.80,true
session_20260625_195259_P001,295,30171,2026-06-25T19:53:29.615889,Pas barometryczny,1083.06,1083.06,true
session_20260625_195259_P001,296,30265,2026-06-25T19:53:29.710663,Pas barometryczny,1083.31,1083.31,true
session_20260625_195259_P001,297,30320,2026-06-25T19:53:29.764728,Pas barometryczny,1083.54,1083.54,true
session_20260625_195259_P001,298,30481,2026-06-25T19:53:29.926121,Pas barometryczny,1083.74,1083.74,true
session_20260625_195259_P001,299,30550,2026-06-25T19:53:29.995350,Pas barometryczny,1083.98,1083.98,true
session_20260625_195259_P001,300,30642,2026-06-25T19:53:30.087535,Pas barometryczny,1084.09,1084.09,true
session_20260625_195259_P001,301,30765,2026-06-25T19:53:30.210260,Pas barometryczny,1083.85,1083.85,true
session_20260625_195259_P001,302,30896,2026-06-25T19:53:30.340715,Pas barometryczny,1083.46,1083.46,true
session_20260625_195259_P001,303,30986,2026-06-25T19:53:30.431179,Pas barometryczny,1083.00,1083.00,true
session_20260625_195259_P001,304,31037,2026-06-25T19:53:30.482671,Pas barometryczny,1082.52,1082.52,true
session_20260625_195259_P001,305,31176,2026-06-25T19:53:30.621626,Pas barometryczny,1082.08,1082.08,true
session_20260625_195259_P001,306,31298,2026-06-25T19:53:30.743485,Pas barometryczny,1081.40,1081.40,true
session_20260625_195259_P001,307,31364,2026-06-25T19:53:30.809270,Pas barometryczny,1081.06,1081.06,true
session_20260625_195259_P001,308,31466,2026-06-25T19:53:30.910814,Pas barometryczny,1080.82,1080.82,true
session_20260625_195259_P001,309,31580,2026-06-25T19:53:31.024762,Pas barometryczny,1080.54,1080.54,true
session_20260625_195259_P001,310,31673,2026-06-25T19:53:31.117846,Pas barometryczny,1080.22,1080.22,true
session_20260625_195259_P001,311,31785,2026-06-25T19:53:31.230639,Pas barometryczny,1079.92,1079.92,true
session_20260625_195259_P001,312,31849,2026-06-25T19:53:31.294201,Pas barometryczny,1079.54,1079.54,true
session_20260625_195259_P001,313,31996,2026-06-25T19:53:31.441704,Pas barometryczny,1079.15,1079.15,true
session_20260625_195259_P001,314,32092,2026-06-25T19:53:31.537019,Pas barometryczny,1078.85,1078.85,true
session_20260625_195259_P001,315,32184,2026-06-25T19:53:31.629168,Pas barometryczny,1078.56,1078.56,true
session_20260625_195259_P001,316,32282,2026-06-25T19:53:31.727559,Pas barometryczny,1078.25,1078.25,true
session_20260625_195259_P001,317,32422,2026-06-25T19:53:31.866925,Pas barometryczny,1078.13,1078.13,true
session_20260625_195259_P001,318,32480,2026-06-25T19:53:31.925100,Pas barometryczny,1078.06,1078.06,true
session_20260625_195259_P001,319,32569,2026-06-25T19:53:32.014453,Pas barometryczny,1078.13,1078.13,true
session_20260625_195259_P001,320,32703,2026-06-25T19:53:32.148550,Pas barometryczny,1078.23,1078.23,true
session_20260625_195259_P001,321,32802,2026-06-25T19:53:32.247536,Pas barometryczny,1078.45,1078.45,true
session_20260625_195259_P001,322,32886,2026-06-25T19:53:32.330950,Pas barometryczny,1079.13,1079.13,true
session_20260625_195259_P001,323,32973,2026-06-25T19:53:32.418024,Pas barometryczny,1079.79,1079.79,true
session_20260625_195259_P001,324,33130,2026-06-25T19:53:32.574747,Pas barometryczny,1080.40,1080.40,true
session_20260625_195259_P001,325,33207,2026-06-25T19:53:32.651858,Pas barometryczny,1080.89,1080.89,true
session_20260625_195259_P001,326,33290,2026-06-25T19:53:32.734861,Pas barometryczny,1081.33,1081.33,true
session_20260625_195259_P001,327,33389,2026-06-25T19:53:32.834215,Pas barometryczny,1081.73,1081.73,true
session_20260625_195259_P001,328,33524,2026-06-25T19:53:32.968846,Pas barometryczny,1082.05,1082.05,true
session_20260625_195259_P001,329,33622,2026-06-25T19:53:33.067218,Pas barometryczny,1082.35,1082.35,true
session_20260625_195259_P001,330,33714,2026-06-25T19:53:33.158826,Pas barometryczny,1082.60,1082.60,true
session_20260625_195259_P001,331,33808,2026-06-25T19:53:33.253158,Pas barometryczny,1082.97,1082.97,true
session_20260625_195259_P001,332,33947,2026-06-25T19:53:33.391999,Pas barometryczny,1083.34,1083.34,true
session_20260625_195259_P001,333,34041,2026-06-25T19:53:33.485904,Pas barometryczny,1083.63,1083.63,true
session_20260625_195259_P001,334,34099,2026-06-25T19:53:33.543805,Pas barometryczny,1083.88,1083.88,true
session_20260625_195259_P001,335,34266,2026-06-25T19:53:33.711207,Pas barometryczny,1083.52,1083.52,true
session_20260625_195259_P001,336,34326,2026-06-25T19:53:33.771418,Pas barometryczny,1082.45,1082.45,true
session_20260625_195259_P001,337,34438,2026-06-25T19:53:33.883543,Pas barometryczny,1082.03,1082.03,true
session_20260625_195259_P001,338,34507,2026-06-25T19:53:33.951913,Pas barometryczny,1081.59,1081.59,true
session_20260625_195259_P001,339,34649,2026-06-25T19:53:34.094079,Pas barometryczny,1081.25,1081.25,true
session_20260625_195259_P001,340,34768,2026-06-25T19:53:34.212958,Pas barometryczny,1080.91,1080.91,true
session_20260625_195259_P001,341,34822,2026-06-25T19:53:34.267099,Pas barometryczny,1080.64,1080.64,true
session_20260625_195259_P001,342,34909,2026-06-25T19:53:34.354465,Pas barometryczny,1080.42,1080.42,true
session_20260625_195259_P001,343,35078,2026-06-25T19:53:34.522879,Pas barometryczny,1080.17,1080.17,true
session_20260625_195259_P001,344,35148,2026-06-25T19:53:34.593224,Pas barometryczny,1079.85,1079.85,true
session_20260625_195259_P001,345,35241,2026-06-25T19:53:34.686088,Pas barometryczny,1079.64,1079.64,true
session_20260625_195259_P001,346,35316,2026-06-25T19:53:34.760904,Pas barometryczny,1079.51,1079.51,true
session_20260625_195259_P001,347,35456,2026-06-25T19:53:34.901015,Pas barometryczny,1080.07,1080.07,true
session_20260625_195259_P001,348,35566,2026-06-25T19:53:35.011003,Pas barometryczny,1080.61,1080.61,true
session_20260625_195259_P001,349,35629,2026-06-25T19:53:35.074182,Pas barometryczny,1081.15,1081.15,true
session_20260625_195259_P001,350,35786,2026-06-25T19:53:35.230938,Pas barometryczny,1081.61,1081.61,true
session_20260625_195259_P001,351,35885,2026-06-25T19:53:35.330226,Pas barometryczny,1082.05,1082.05,true
session_20260625_195259_P001,352,35958,2026-06-25T19:53:35.402755,Pas barometryczny,1082.41,1082.41,true
session_20260625_195259_P001,353,36058,2026-06-25T19:53:35.503214,Pas barometryczny,1082.70,1082.70,true
session_20260625_195259_P001,354,36195,2026-06-25T19:53:35.639736,Pas barometryczny,1083.04,1083.04,true
session_20260625_195259_P001,355,36289,2026-06-25T19:53:35.734075,Pas barometryczny,1083.35,1083.35,true
session_20260625_195259_P001,356,36383,2026-06-25T19:53:35.828694,Pas barometryczny,1083.58,1083.58,true
session_20260625_195259_P001,357,36440,2026-06-25T19:53:35.884798,Pas barometryczny,1083.24,1083.24,true
session_20260625_195259_P001,358,36598,2026-06-25T19:53:36.043672,Pas barometryczny,1082.71,1082.71,true
session_20260625_195259_P001,359,36670,2026-06-25T19:53:36.115615,Pas barometryczny,1082.09,1082.09,true
session_20260625_195259_P001,360,36776,2026-06-25T19:53:36.221201,Pas barometryczny,1081.60,1081.60,true
session_20260625_195259_P001,361,36872,2026-06-25T19:53:36.316770,Pas barometryczny,1081.22,1081.22,true
session_20260625_195259_P001,362,36991,2026-06-25T19:53:36.435728,Pas barometryczny,1080.85,1080.85,true
session_20260625_195259_P001,363,37098,2026-06-25T19:53:36.542883,Pas barometryczny,1080.51,1080.51,true
session_20260625_195259_P001,364,37191,2026-06-25T19:53:36.635714,Pas barometryczny,1080.26,1080.26,true
session_20260625_195259_P001,365,37327,2026-06-25T19:53:36.772655,Pas barometryczny,1079.52,1079.52,true
session_20260625_195259_P001,366,37383,2026-06-25T19:53:36.828109,Pas barometryczny,1079.31,1079.31,true
session_20260625_195259_P001,367,37482,2026-06-25T19:53:36.927378,Pas barometryczny,1079.26,1079.26,true
session_20260625_195259_P001,368,37564,2026-06-25T19:53:37.009564,Pas barometryczny,1079.66,1079.66,true
session_20260625_195259_P001,369,37704,2026-06-25T19:53:37.149601,Pas barometryczny,1080.29,1080.29,true
session_20260625_195259_P001,370,37804,2026-06-25T19:53:37.249631,Pas barometryczny,1080.75,1080.75,true
session_20260625_195259_P001,371,37899,2026-06-25T19:53:37.344091,Pas barometryczny,1081.18,1081.18,true
session_20260625_195259_P001,372,37985,2026-06-25T19:53:37.430607,Pas barometryczny,1081.57,1081.57,true
session_20260625_195259_P001,373,38117,2026-06-25T19:53:37.561868,Pas barometryczny,1081.94,1081.94,true
session_20260625_195259_P001,374,38217,2026-06-25T19:53:37.661911,Pas barometryczny,1082.39,1082.39,true
session_20260625_195259_P001,375,38285,2026-06-25T19:53:37.730485,Pas barometryczny,1082.72,1082.72,true
session_20260625_195259_P001,376,38391,2026-06-25T19:53:37.835733,Pas barometryczny,1083.03,1083.03,true
session_20260625_195259_P001,377,38536,2026-06-25T19:53:37.980830,Pas barometryczny,1083.28,1083.28,true
session_20260625_195259_P001,378,38601,2026-06-25T19:53:38.046551,Pas barometryczny,1083.39,1083.39,true
session_20260625_195259_P001,379,38693,2026-06-25T19:53:38.138698,Pas barometryczny,1083.55,1083.55,true
session_20260625_195259_P001,380,38825,2026-06-25T19:53:38.270473,Pas barometryczny,1083.39,1083.39,true
session_20260625_195259_P001,381,38915,2026-06-25T19:53:38.360257,Pas barometryczny,1082.95,1082.95,true
session_20260625_195259_P001,382,39006,2026-06-25T19:53:38.451203,Pas barometryczny,1082.46,1082.46,true
session_20260625_195259_P001,383,39094,2026-06-25T19:53:38.539583,Pas barometryczny,1081.97,1081.97,true
session_20260625_195259_P001,384,39242,2026-06-25T19:53:38.686882,Pas barometryczny,1081.51,1081.51,true
session_20260625_195259_P001,385,39324,2026-06-25T19:53:38.769474,Pas barometryczny,1081.16,1081.16,true
session_20260625_195259_P001,386,39430,2026-06-25T19:53:38.875647,Pas barometryczny,1080.86,1080.86,true
session_20260625_195259_P001,387,39536,2026-06-25T19:53:38.981595,Pas barometryczny,1080.62,1080.62,true
session_20260625_195259_P001,388,39641,2026-06-25T19:53:39.086002,Pas barometryczny,1080.32,1080.32,true
session_20260625_195259_P001,389,39729,2026-06-25T19:53:39.173780,Pas barometryczny,1079.97,1079.97,true
session_20260625_195259_P001,390,39827,2026-06-25T19:53:39.272395,Pas barometryczny,1079.53,1079.53,true
session_20260625_195259_P001,391,39928,2026-06-25T19:53:39.373420,Pas barometryczny,1079.28,1079.28,true
session_20260625_195259_P001,392,40070,2026-06-25T19:53:39.515232,Pas barometryczny,1079.51,1079.51,true
session_20260625_195259_P001,393,40160,2026-06-25T19:53:39.605609,Pas barometryczny,1080.15,1080.15,true
session_20260625_195259_P001,394,40221,2026-06-25T19:53:39.666162,Pas barometryczny,1080.79,1080.79,true
session_20260625_195259_P001,395,40384,2026-06-25T19:53:39.829484,Pas barometryczny,1081.73,1081.73,true
session_20260625_195259_P001,396,40485,2026-06-25T19:53:39.930073,Pas barometryczny,1082.15,1082.15,true
session_20260625_195259_P001,397,40534,2026-06-25T19:53:39.979083,Pas barometryczny,1082.48,1082.48,true
session_20260625_195259_P001,398,40624,2026-06-25T19:53:40.069361,Pas barometryczny,1082.79,1082.79,true
session_20260625_195259_P001,399,40799,2026-06-25T19:53:40.243834,Pas barometryczny,1083.16,1083.16,true
session_20260625_195259_P001,400,40851,2026-06-25T19:53:40.296438,Pas barometryczny,1083.48,1083.48,true
session_20260625_195259_P001,401,40952,2026-06-25T19:53:40.396747,Pas barometryczny,1083.80,1083.80,true
session_20260625_195259_P001,402,41056,2026-06-25T19:53:40.501410,Pas barometryczny,1083.99,1083.99,true
session_20260625_195259_P001,403,41201,2026-06-25T19:53:40.646673,Pas barometryczny,1083.86,1083.86,true
session_20260625_195259_P001,404,41255,2026-06-25T19:53:40.700211,Pas barometryczny,1083.68,1083.68,true
session_20260625_195259_P001,405,41375,2026-06-25T19:53:40.819880,Pas barometryczny,1083.41,1083.41,true
session_20260625_195259_P001,406,41483,2026-06-25T19:53:40.928565,Pas barometryczny,1083.22,1083.22,true
session_20260625_195259_P001,407,41592,2026-06-25T19:53:41.036722,Pas barometryczny,1083.14,1083.14,true
session_20260625_195259_P001,408,41689,2026-06-25T19:53:41.134071,Pas barometryczny,1083.41,1083.41,true
session_20260625_195259_P001,409,41757,2026-06-25T19:53:41.202600,Pas barometryczny,1083.68,1083.68,true
session_20260625_195259_P001,410,41917,2026-06-25T19:53:41.362680,Pas barometryczny,1084.00,1084.00,true
session_20260625_195259_P001,411,41973,2026-06-25T19:53:41.418577,Pas barometryczny,1084.13,1084.13,true
session_20260625_195259_P001,412,42086,2026-06-25T19:53:41.531213,Pas barometryczny,1084.27,1084.27,true
session_20260625_195259_P001,413,42181,2026-06-25T19:53:41.625881,Pas barometryczny,1084.44,1084.44,true
session_20260625_195259_P001,414,42327,2026-06-25T19:53:41.771912,Pas barometryczny,1084.53,1084.53,true
session_20260625_195259_P001,415,42380,2026-06-25T19:53:41.825155,Pas barometryczny,1084.58,1084.58,true
session_20260625_195259_P001,416,42493,2026-06-25T19:53:41.937857,Pas barometryczny,1084.51,1084.51,true
session_20260625_195259_P001,417,42607,2026-06-25T19:53:42.052529,Pas barometryczny,1084.41,1084.41,true
session_20260625_195259_P001,418,42694,2026-06-25T19:53:42.139271,Pas barometryczny,1084.37,1084.37,true
session_20260625_195259_P001,419,42792,2026-06-25T19:53:42.237061,Pas barometryczny,1084.33,1084.33,true
session_20260625_195259_P001,420,42891,2026-06-25T19:53:42.336224,Pas barometryczny,1084.35,1084.35,true
session_20260625_195259_P001,421,42984,2026-06-25T19:53:42.428866,Pas barometryczny,1084.31,1084.31,true
session_20260625_195259_P001,422,43117,2026-06-25T19:53:42.562215,Pas barometryczny,1084.28,1084.28,true
session_20260625_195259_P001,423,43224,2026-06-25T19:53:42.669414,Pas barometryczny,1084.23,1084.23,true
session_20260625_195259_P001,424,43279,2026-06-25T19:53:42.724558,Pas barometryczny,1084.09,1084.09,true
session_20260625_195259_P001,425,43420,2026-06-25T19:53:42.864916,Pas barometryczny,1084.12,1084.12,true
session_20260625_195259_P001,426,43519,2026-06-25T19:53:42.964571,Pas barometryczny,1084.05,1084.05,true
session_20260625_195259_P001,427,43599,2026-06-25T19:53:43.044065,Pas barometryczny,1083.81,1083.81,true
session_20260625_195259_P001,428,43689,2026-06-25T19:53:43.134587,Pas barometryczny,1083.31,1083.31,true
session_20260625_195259_P001,429,43819,2026-06-25T19:53:43.264426,Pas barometryczny,1082.84,1082.84,true
session_20260625_195259_P001,430,43913,2026-06-25T19:53:43.358405,Pas barometryczny,1082.42,1082.42,true
session_20260625_195259_P001,431,44011,2026-06-25T19:53:43.456039,Pas barometryczny,1082.04,1082.04,true
session_20260625_195259_P001,432,44130,2026-06-25T19:53:43.574862,Pas barometryczny,1081.74,1081.74,true
session_20260625_195259_P001,433,44226,2026-06-25T19:53:43.670958,Pas barometryczny,1081.44,1081.44,true
session_20260625_195259_P001,434,44329,2026-06-25T19:53:43.773884,Pas barometryczny,1081.18,1081.18,true
session_20260625_195259_P001,435,44437,2026-06-25T19:53:43.881945,Pas barometryczny,1080.85,1080.85,true
session_20260625_195259_P001,436,44499,2026-06-25T19:53:43.944214,Pas barometryczny,1080.50,1080.50,true
session_20260625_195259_P001,437,44631,2026-06-25T19:53:44.076432,Pas barometryczny,1080.14,1080.14,true
session_20260625_195259_P001,438,44733,2026-06-25T19:53:44.177986,Pas barometryczny,1079.79,1079.79,true
session_20260625_195259_P001,439,44839,2026-06-25T19:53:44.284297,Pas barometryczny,1079.48,1079.48,true
session_20260625_195259_P001,440,44956,2026-06-25T19:53:44.401367,Pas barometryczny,1079.02,1079.02,true
session_20260625_195259_P001,441,45050,2026-06-25T19:53:44.495566,Pas barometryczny,1078.54,1078.54,true
session_20260625_195259_P001,442,45126,2026-06-25T19:53:44.571217,Pas barometryczny,1078.23,1078.23,true
session_20260625_195259_P001,443,45219,2026-06-25T19:53:44.664079,Pas barometryczny,1078.04,1078.04,true
session_20260625_195259_P001,444,45387,2026-06-25T19:53:44.831721,Pas barometryczny,1077.91,1077.91,true
session_20260625_195259_P001,445,45442,2026-06-25T19:53:44.886813,Pas barometryczny,1077.85,1077.85,true
session_20260625_195259_P001,446,45528,2026-06-25T19:53:44.973606,Pas barometryczny,1077.69,1077.69,true
session_20260625_195259_P001,447,45621,2026-06-25T19:53:45.066209,Pas barometryczny,1077.62,1077.62,true
session_20260625_195259_P001,448,45754,2026-06-25T19:53:45.198776,Pas barometryczny,1077.54,1077.54,true
session_20260625_195259_P001,449,45847,2026-06-25T19:53:45.292499,Pas barometryczny,1077.52,1077.52,true
session_20260625_195259_P001,450,45964,2026-06-25T19:53:45.409418,Pas barometryczny,1077.59,1077.59,true
session_20260625_195259_P001,451,46025,2026-06-25T19:53:45.470137,Pas barometryczny,1077.74,1077.74,true
session_20260625_195259_P001,452,46186,2026-06-25T19:53:45.631610,Pas barometryczny,1077.97,1077.97,true
session_20260625_195259_P001,453,46257,2026-06-25T19:53:45.702044,Pas barometryczny,1078.27,1078.27,true
session_20260625_195259_P001,454,46354,2026-06-25T19:53:45.799050,Pas barometryczny,1078.97,1078.97,true
session_20260625_195259_P001,455,46501,2026-06-25T19:53:45.946657,Pas barometryczny,1079.52,1079.52,true
session_20260625_195259_P001,456,46598,2026-06-25T19:53:46.043206,Pas barometryczny,1079.88,1079.88,true
session_20260625_195259_P001,457,46654,2026-06-25T19:53:46.099572,Pas barometryczny,1080.27,1080.27,true
session_20260625_195259_P001,458,46758,2026-06-25T19:53:46.203103,Pas barometryczny,1080.63,1080.63,true
session_20260625_195259_P001,459,46910,2026-06-25T19:53:46.354854,Pas barometryczny,1080.99,1080.99,true
session_20260625_195259_P001,460,46996,2026-06-25T19:53:46.441218,Pas barometryczny,1081.25,1081.25,true
session_20260625_195259_P001,461,47063,2026-06-25T19:53:46.507892,Pas barometryczny,1081.53,1081.53,true
session_20260625_195259_P001,462,47152,2026-06-25T19:53:46.597640,Pas barometryczny,1081.84,1081.84,true
session_20260625_195259_P001,463,47311,2026-06-25T19:53:46.756108,Pas barometryczny,1082.14,1082.14,true
session_20260625_195259_P001,464,47397,2026-06-25T19:53:46.841810,Pas barometryczny,1082.45,1082.45,true
session_20260625_195259_P001,465,47470,2026-06-25T19:53:46.915142,Pas barometryczny,1082.77,1082.77,true
session_20260625_195259_P001,466,47569,2026-06-25T19:53:47.014509,Pas barometryczny,1083.00,1083.00,true
session_20260625_195259_P001,467,47723,2026-06-25T19:53:47.168555,Pas barometryczny,1083.20,1083.20,true
session_20260625_195259_P001,468,47779,2026-06-25T19:53:47.224081,Pas barometryczny,1083.36,1083.36,true
session_20260625_195259_P001,469,47901,2026-06-25T19:53:47.346384,Pas barometryczny,1083.60,1083.60,true
session_20260625_195259_P001,470,48027,2026-06-25T19:53:47.472581,Pas barometryczny,1083.89,1083.89,true
session_20260625_195259_P001,471,48120,2026-06-25T19:53:47.564965,Pas barometryczny,1084.15,1084.15,true
session_20260625_195259_P001,472,48224,2026-06-25T19:53:47.669417,Pas barometryczny,1084.39,1084.39,true
session_20260625_195259_P001,473,48293,2026-06-25T19:53:47.738341,Pas barometryczny,1084.53,1084.53,true
session_20260625_195259_P001,474,48431,2026-06-25T19:53:47.876656,Pas barometryczny,1084.76,1084.76,true
session_20260625_195259_P001,475,48520,2026-06-25T19:53:47.964937,Pas barometryczny,1084.92,1084.92,true
session_20260625_195259_P001,476,48612,2026-06-25T19:53:48.057517,Pas barometryczny,1085.07,1085.07,true
session_20260625_195259_P001,477,48711,2026-06-25T19:53:48.156577,Pas barometryczny,1085.19,1085.19,true
session_20260625_195259_P001,478,48817,2026-06-25T19:53:48.262270,Pas barometryczny,1085.29,1085.29,true
session_20260625_195259_P001,479,48903,2026-06-25T19:53:48.348364,Pas barometryczny,1085.31,1085.31,true
session_20260625_195259_P001,480,48998,2026-06-25T19:53:48.443478,Pas barometryczny,1085.15,1085.15,true
session_20260625_195259_P001,481,49115,2026-06-25T19:53:48.560539,Pas barometryczny,1084.99,1084.99,true
session_20260625_195259_P001,482,49239,2026-06-25T19:53:48.684384,Pas barometryczny,1084.85,1084.85,true
session_20260625_195259_P001,483,49317,2026-06-25T19:53:48.761999,Pas barometryczny,1084.63,1084.63,true
session_20260625_195259_P001,484,49429,2026-06-25T19:53:48.873727,Pas barometryczny,1084.21,1084.21,true
session_20260625_195259_P001,485,49535,2026-06-25T19:53:48.980318,Pas barometryczny,1083.93,1083.93,true
session_20260625_195259_P001,486,49646,2026-06-25T19:53:49.090855,Pas barometryczny,1083.62,1083.62,true
session_20260625_195259_P001,487,49733,2026-06-25T19:53:49.178368,Pas barometryczny,1083.33,1083.33,true
session_20260625_195259_P001,488,49804,2026-06-25T19:53:49.249072,Pas barometryczny,1083.05,1083.05,true
session_20260625_195259_P001,489,49965,2026-06-25T19:53:49.409997,Pas barometryczny,1082.73,1082.73,true
session_20260625_195259_P001,490,50031,2026-06-25T19:53:49.475894,Pas barometryczny,1082.47,1082.47,true
session_20260625_195259_P001,491,50126,2026-06-25T19:53:49.571329,Pas barometryczny,1082.23,1082.23,true
session_20260625_195259_P001,492,50247,2026-06-25T19:53:49.692124,Pas barometryczny,1082.00,1082.00,true
session_20260625_195259_P001,493,50345,2026-06-25T19:53:49.790209,Pas barometryczny,1081.77,1081.77,true
session_20260625_195259_P001,494,50443,2026-06-25T19:53:49.888414,Pas barometryczny,1081.54,1081.54,true
session_20260625_195259_P001,495,50537,2026-06-25T19:53:49.981759,Pas barometryczny,1081.35,1081.35,true
session_20260625_195259_P001,496,50636,2026-06-25T19:53:50.081208,Pas barometryczny,1081.13,1081.13,true
session_20260625_195259_P001,497,50750,2026-06-25T19:53:50.194947,Pas barometryczny,1080.93,1080.93,true
session_20260625_195259_P001,498,50841,2026-06-25T19:53:50.286021,Pas barometryczny,1080.78,1080.78,true
session_20260625_195259_P001,499,50937,2026-06-25T19:53:50.382210,Pas barometryczny,1080.62,1080.62,true
session_20260625_195259_P001,500,51068,2026-06-25T19:53:50.513,Pas barometryczny,1080.66,1080.66,true
session_20260625_195259_P001,501,51161,2026-06-25T19:53:50.606109,Pas barometryczny,1081.10,1081.10,true
session_20260625_195259_P001,502,51263,2026-06-25T19:53:50.707905,Pas barometryczny,1081.56,1081.56,true
session_20260625_195259_P001,503,51336,2026-06-25T19:53:50.781402,Pas barometryczny,1081.98,1081.98,true
session_20260625_195259_P001,504,51492,2026-06-25T19:53:50.937439,Pas barometryczny,1082.32,1082.32,true
session_20260625_195259_P001,505,51558,2026-06-25T19:53:51.003177,Pas barometryczny,1082.66,1082.66,true
session_20260625_195259_P001,506,51652,2026-06-25T19:53:51.096882,Pas barometryczny,1082.99,1082.99,true
session_20260625_195259_P001,507,51742,2026-06-25T19:53:51.187227,Pas barometryczny,1083.39,1083.39,true
session_20260625_195259_P001,508,51880,2026-06-25T19:53:51.324825,Pas barometryczny,1083.69,1083.69,true
session_20260625_195259_P001,509,51981,2026-06-25T19:53:51.426483,Pas barometryczny,1083.97,1083.97,true
session_20260625_195259_P001,510,52055,2026-06-25T19:53:51.500128,Pas barometryczny,1084.14,1084.14,true
session_20260625_195259_P001,511,52144,2026-06-25T19:53:51.589013,Pas barometryczny,1084.29,1084.29,true
session_20260625_195259_P001,512,52279,2026-06-25T19:53:51.724152,Pas barometryczny,1084.43,1084.43,true
session_20260625_195259_P001,513,52377,2026-06-25T19:53:51.821795,Pas barometryczny,1084.50,1084.50,true
session_20260625_195259_P001,514,52477,2026-06-25T19:53:51.921903,Pas barometryczny,1084.10,1084.10,true
session_20260625_195259_P001,515,52594,2026-06-25T19:53:52.038889,Pas barometryczny,1083.73,1083.73,true
session_20260625_195259_P001,516,52696,2026-06-25T19:53:52.141431,Pas barometryczny,1083.32,1083.32,true
session_20260625_195259_P001,517,52800,2026-06-25T19:53:52.245307,Pas barometryczny,1082.93,1082.93,true
session_20260625_195259_P001,518,52872,2026-06-25T19:53:52.317666,Pas barometryczny,1082.65,1082.65,true
session_20260625_195259_P001,519,53007,2026-06-25T19:53:52.452075,Pas barometryczny,1082.38,1082.38,true
session_20260625_195259_P001,520,53099,2026-06-25T19:53:52.544164,Pas barometryczny,1082.11,1082.11,true
session_20260625_195259_P001,521,53203,2026-06-25T19:53:52.648191,Pas barometryczny,1081.86,1081.86,true
session_20260625_195259_P001,522,53272,2026-06-25T19:53:52.716753,Pas barometryczny,1081.59,1081.59,true
session_20260625_195259_P001,523,53404,2026-06-25T19:53:52.848711,Pas barometryczny,1081.41,1081.41,true
session_20260625_195259_P001,524,53494,2026-06-25T19:53:52.939067,Pas barometryczny,1081.18,1081.18,true
session_20260625_195259_P001,525,53625,2026-06-25T19:53:53.070678,Pas barometryczny,1080.92,1080.92,true
session_20260625_195259_P001,526,53674,2026-06-25T19:53:53.119022,Pas barometryczny,1080.65,1080.65,true
session_20260625_195259_P001,527,53836,2026-06-25T19:53:53.280784,Pas barometryczny,1080.46,1080.46,true
session_20260625_195259_P001,528,53909,2026-06-25T19:53:53.353951,Pas barometryczny,1080.21,1080.21,true
session_20260625_195259_P001,529,54009,2026-06-25T19:53:53.454215,Pas barometryczny,1080.01,1080.01,true
session_20260625_195259_P001,530,54130,2026-06-25T19:53:53.575379,Pas barometryczny,1079.77,1079.77,true
session_20260625_195259_P001,531,54233,2026-06-25T19:53:53.677780,Pas barometryczny,1079.62,1079.62,true
session_20260625_195259_P001,532,54316,2026-06-25T19:53:53.761282,Pas barometryczny,1079.51,1079.51,true
session_20260625_195259_P001,533,54428,2026-06-25T19:53:53.873533,Pas barometryczny,1079.45,1079.45,true
session_20260625_195259_P001,534,54530,2026-06-25T19:53:53.975181,Pas barometryczny,1079.61,1079.61,true
session_20260625_195259_P001,535,54645,2026-06-25T19:53:54.090418,Pas barometryczny,1080.01,1080.01,true
session_20260625_195259_P001,536,54749,2026-06-25T19:53:54.194118,Pas barometryczny,1080.46,1080.46,true
session_20260625_195259_P001,537,54814,2026-06-25T19:53:54.258883,Pas barometryczny,1080.82,1080.82,true
session_20260625_195259_P001,538,54937,2026-06-25T19:53:54.382438,Pas barometryczny,1081.31,1081.31,true
session_20260625_195259_P001,539,55043,2026-06-25T19:53:54.488661,Pas barometryczny,1081.70,1081.70,true
session_20260625_195259_P001,540,55113,2026-06-25T19:53:54.558554,Pas barometryczny,1082.01,1082.01,true
session_20260625_195259_P001,541,55230,2026-06-25T19:53:54.674709,Pas barometryczny,1082.35,1082.35,true
session_20260625_195259_P001,542,55350,2026-06-25T19:53:54.795634,Pas barometryczny,1082.61,1082.61,true
session_20260625_195259_P001,543,55472,2026-06-25T19:53:54.916714,Pas barometryczny,1082.89,1082.89,true
session_20260625_195259_P001,544,55526,2026-06-25T19:53:54.971266,Pas barometryczny,1083.43,1083.43,true
session_20260625_195259_P001,545,55671,2026-06-25T19:53:55.116289,Pas barometryczny,1083.71,1083.71,true
session_20260625_195259_P001,546,55774,2026-06-25T19:53:55.219330,Pas barometryczny,1083.92,1083.92,true
session_20260625_195259_P001,547,55833,2026-06-25T19:53:55.278649,Pas barometryczny,1084.09,1084.09,true
session_20260625_195259_P001,548,55945,2026-06-25T19:53:55.389718,Pas barometryczny,1084.29,1084.29,true
session_20260625_195259_P001,549,56065,2026-06-25T19:53:55.509754,Pas barometryczny,1084.41,1084.41,true
session_20260625_195259_P001,550,56152,2026-06-25T19:53:55.597319,Pas barometryczny,1084.54,1084.54,true
session_20260625_195259_P001,551,56244,2026-06-25T19:53:55.688963,Pas barometryczny,1084.45,1084.45,true
session_20260625_195259_P001,552,56334,2026-06-25T19:53:55.778931,Pas barometryczny,1084.21,1084.21,true
session_20260625_195259_P001,553,56467,2026-06-25T19:53:55.911829,Pas barometryczny,1083.79,1083.79,true
session_20260625_195259_P001,554,56556,2026-06-25T19:53:56.001677,Pas barometryczny,1083.37,1083.37,true
session_20260625_195259_P001,555,56653,2026-06-25T19:53:56.097840,Pas barometryczny,1082.94,1082.94,true
session_20260625_195259_P001,556,56739,2026-06-25T19:53:56.183837,Pas barometryczny,1082.60,1082.60,true
session_20260625_195259_P001,557,56872,2026-06-25T19:53:56.316756,Pas barometryczny,1082.30,1082.30,true
session_20260625_195259_P001,558,56962,2026-06-25T19:53:56.407557,Pas barometryczny,1082.00,1082.00,true
session_20260625_195259_P001,559,57068,2026-06-25T19:53:56.512888,Pas barometryczny,1081.73,1081.73,true
session_20260625_195259_P001,560,57202,2026-06-25T19:53:56.647210,Pas barometryczny,1081.50,1081.50,true
session_20260625_195259_P001,561,57276,2026-06-25T19:53:56.721494,Pas barometryczny,1081.25,1081.25,true
session_20260625_195259_P001,562,57366,2026-06-25T19:53:56.811109,Pas barometryczny,1081.04,1081.04,true
session_20260625_195259_P001,563,57455,2026-06-25T19:53:56.900276,Pas barometryczny,1080.83,1080.83,true
session_20260625_195259_P001,564,57623,2026-06-25T19:53:57.068366,Pas barometryczny,1080.61,1080.61,true
session_20260625_195259_P001,565,57715,2026-06-25T19:53:57.160367,Pas barometryczny,1080.34,1080.34,true
session_20260625_195259_P001,566,57770,2026-06-25T19:53:57.215118,Pas barometryczny,1080.10,1080.10,true
session_20260625_195259_P001,567,57858,2026-06-25T19:53:57.303498,Pas barometryczny,1079.86,1079.86,true
session_20260625_195259_P001,568,58025,2026-06-25T19:53:57.469971,Pas barometryczny,1079.71,1079.71,true
session_20260625_195259_P001,569,58085,2026-06-25T19:53:57.530185,Pas barometryczny,1079.55,1079.55,true
session_20260625_195259_P001,570,58178,2026-06-25T19:53:57.623493,Pas barometryczny,1079.41,1079.41,true
session_20260625_195259_P001,571,58297,2026-06-25T19:53:57.742163,Pas barometryczny,1079.42,1079.42,true
session_20260625_195259_P001,572,58401,2026-06-25T19:53:57.846528,Pas barometryczny,1079.78,1079.78,true
session_20260625_195259_P001,573,58503,2026-06-25T19:53:57.948521,Pas barometryczny,1080.68,1080.68,true
session_20260625_195259_P001,574,58580,2026-06-25T19:53:58.025515,Pas barometryczny,1081.14,1081.14,true
session_20260625_195259_P001,575,58729,2026-06-25T19:53:58.174065,Pas barometryczny,1081.54,1081.54,true
session_20260625_195259_P001,576,58829,2026-06-25T19:53:58.273904,Pas barometryczny,1081.89,1081.89,true
session_20260625_195259_P001,577,58917,2026-06-25T19:53:58.362204,Pas barometryczny,1082.19,1082.19,true
session_20260625_195259_P001,578,59007,2026-06-25T19:53:58.452484,Pas barometryczny,1082.48,1082.48,true
session_20260625_195259_P001,579,59145,2026-06-25T19:53:58.590010,Pas barometryczny,1082.76,1082.76,true
session_20260625_195259_P001,580,59241,2026-06-25T19:53:58.686406,Pas barometryczny,1083.05,1083.05,true
session_20260625_195259_P001,581,59309,2026-06-25T19:53:58.754634,Pas barometryczny,1083.40,1083.40,true
session_20260625_195259_P001,582,59427,2026-06-25T19:53:58.872557,Pas barometryczny,1083.69,1083.69,true
session_20260625_195259_P001,583,59540,2026-06-25T19:53:58.985470,Pas barometryczny,1083.92,1083.92,true
session_20260625_195259_P001,584,59645,2026-06-25T19:53:59.089820,Pas barometryczny,1084.10,1084.10,true
session_20260625_195259_P001,585,59739,2026-06-25T19:53:59.184361,Pas barometryczny,1084.29,1084.29,true
session_20260625_195259_P001,586,59793,2026-06-25T19:53:59.238228,Pas barometryczny,1084.53,1084.53,true
session_20260625_195259_P001,587,59950,2026-06-25T19:53:59.395293,Pas barometryczny,1084.73,1084.73,true
session_20260625_195259_P001,588,60046,2026-06-25T19:53:59.490742,Pas barometryczny,1084.72,1084.72,true
session_20260625_195259_P001,589,60112,2026-06-25T19:53:59.557656,Pas barometryczny,1084.38,1084.38,true
session_20260625_195259_P001,590,60246,2026-06-25T19:53:59.691601,Pas barometryczny,1083.95,1083.95,true
session_20260625_195259_P001,591,60336,2026-06-25T19:53:59.781657,Pas barometryczny,1083.48,1083.48,true
session_20260625_195259_P001,592,60456,2026-06-25T19:53:59.901466,Pas barometryczny,1083.08,1083.08,true
session_20260625_195259_P001,593,60514,2026-06-25T19:53:59.959398,Pas barometryczny,1082.75,1082.75,true
session_20260625_195259_P001,594,60649,2026-06-25T19:54:00.094550,Pas barometryczny,1082.43,1082.43,true
session_20260625_195259_P001,595,60744,2026-06-25T19:54:00.189244,Pas barometryczny,1082.08,1082.08,true
session_20260625_195259_P001,596,60862,2026-06-25T19:54:00.306890,Pas barometryczny,1081.82,1081.82,true
session_20260625_195259_P001,597,60935,2026-06-25T19:54:00.380104,Pas barometryczny,1081.63,1081.63,true
session_20260625_195259_P001,598,61068,2026-06-25T19:54:00.512839,Pas barometryczny,1081.55,1081.55,true
session_20260625_195259_P001,599,61148,2026-06-25T19:54:00.593699,Pas barometryczny,1081.96,1081.96,true
session_20260625_195259_P001,600,61251,2026-06-25T19:54:00.696455,Pas barometryczny,1082.49,1082.49,true
session_20260625_195259_P001,601,61364,2026-06-25T19:54:00.809087,Pas barometryczny,1082.96,1082.96,true
session_20260625_195259_P001,602,61463,2026-06-25T19:54:00.908271,Pas barometryczny,1083.31,1083.31,true
session_20260625_195259_P001,603,61550,2026-06-25T19:54:00.995104,Pas barometryczny,1084.01,1084.01,true
session_20260625_195259_P001,604,61641,2026-06-25T19:54:01.086058,Pas barometryczny,1084.32,1084.32,true
session_20260625_195259_P001,605,61799,2026-06-25T19:54:01.243713,Pas barometryczny,1084.61,1084.61,true
session_20260625_195259_P001,606,61867,2026-06-25T19:54:01.312486,Pas barometryczny,1084.87,1084.87,true
session_20260625_195259_P001,607,61962,2026-06-25T19:54:01.407404,Pas barometryczny,1084.97,1084.97,true
session_20260625_195259_P001,608,62052,2026-06-25T19:54:01.497516,Pas barometryczny,1084.79,1084.79,true
session_20260625_195259_P001,609,62180,2026-06-25T19:54:01.624806,Pas barometryczny,1084.31,1084.31,true
session_20260625_195259_P001,610,62286,2026-06-25T19:54:01.731122,Pas barometryczny,1083.91,1083.91,true
session_20260625_195259_P001,611,62384,2026-06-25T19:54:01.829682,Pas barometryczny,1083.53,1083.53,true
session_20260625_195259_P001,612,62451,2026-06-25T19:54:01.896237,Pas barometryczny,1083.19,1083.19,true
session_20260625_195259_P001,613,62596,2026-06-25T19:54:02.041185,Pas barometryczny,1082.84,1082.84,true
session_20260625_195259_P001,614,62693,2026-06-25T19:54:02.137991,Pas barometryczny,1082.49,1082.49,true
session_20260625_195259_P001,615,62767,2026-06-25T19:54:02.212443,Pas barometryczny,1082.20,1082.20,true
session_20260625_195259_P001,616,62863,2026-06-25T19:54:02.308660,Pas barometryczny,1081.96,1081.96,true
session_20260625_195259_P001,617,62995,2026-06-25T19:54:02.440363,Pas barometryczny,1081.72,1081.72,true
session_20260625_195259_P001,618,63093,2026-06-25T19:54:02.537946,Pas barometryczny,1081.51,1081.51,true
session_20260625_195259_P001,619,63179,2026-06-25T19:54:02.623815,Pas barometryczny,1081.22,1081.22,true
session_20260625_195259_P001,620,63319,2026-06-25T19:54:02.763791,Pas barometryczny,1080.94,1080.94,true
session_20260625_195259_P001,621,63395,2026-06-25T19:54:02.840606,Pas barometryczny,1080.78,1080.78,true
session_20260625_195259_P001,622,63483,2026-06-25T19:54:02.928504,Pas barometryczny,1080.66,1080.66,true
session_20260625_195259_P001,623,63591,2026-06-25T19:54:03.036188,Pas barometryczny,1081.04,1081.04,true
session_20260625_195259_P001,624,63731,2026-06-25T19:54:03.175974,Pas barometryczny,1081.52,1081.52,true
session_20260625_195259_P001,625,63839,2026-06-25T19:54:03.284558,Pas barometryczny,1081.98,1081.98,true
session_20260625_195259_P001,626,63905,2026-06-25T19:54:03.350678,Pas barometryczny,1082.51,1082.51,true
session_20260625_195259_P001,627,63979,2026-06-25T19:54:03.423727,Pas barometryczny,1082.81,1082.81,true
session_20260625_195259_P001,628,64137,2026-06-25T19:54:03.581762,Pas barometryczny,1083.15,1083.15,true
session_20260625_195259_P001,629,64207,2026-06-25T19:54:03.652319,Pas barometryczny,1083.49,1083.49,true
session_20260625_195259_P001,630,64297,2026-06-25T19:54:03.742069,Pas barometryczny,1083.86,1083.86,true
session_20260625_195259_P001,631,64385,2026-06-25T19:54:03.830004,Pas barometryczny,1084.18,1084.18,true
session_20260625_195259_P001,632,64558,2026-06-25T19:54:04.003579,Pas barometryczny,1084.40,1084.40,true
session_20260625_195259_P001,633,64624,2026-06-25T19:54:04.069344,Pas barometryczny,1084.50,1084.50,true
session_20260625_195259_P001,634,64705,2026-06-25T19:54:04.150658,Pas barometryczny,1084.04,1084.04,true
session_20260625_195259_P001,635,64835,2026-06-25T19:54:04.279906,Pas barometryczny,1083.58,1083.58,true
session_20260625_195259_P001,636,64927,2026-06-25T19:54:04.372587,Pas barometryczny,1083.12,1083.12,true
session_20260625_195259_P001,637,65017,2026-06-25T19:54:04.462424,Pas barometryczny,1082.76,1082.76,true
session_20260625_195259_P001,638,65116,2026-06-25T19:54:04.561319,Pas barometryczny,1082.42,1082.42,true
session_20260625_195259_P001,639,65267,2026-06-25T19:54:04.711728,Pas barometryczny,1082.10,1082.10,true
session_20260625_195259_P001,640,65329,2026-06-25T19:54:04.774106,Pas barometryczny,1081.81,1081.81,true
session_20260625_195259_P001,641,65452,2026-06-25T19:54:04.896974,Pas barometryczny,1081.56,1081.56,true
session_20260625_195259_P001,642,65508,2026-06-25T19:54:04.953230,Pas barometryczny,1081.30,1081.30,true
session_20260625_195259_P001,643,65675,2026-06-25T19:54:05.120469,Pas barometryczny,1081.12,1081.12,true
session_20260625_195259_P001,644,65751,2026-06-25T19:54:05.196659,Pas barometryczny,1080.83,1080.83,true
session_20260625_195259_P001,645,65849,2026-06-25T19:54:05.293869,Pas barometryczny,1080.54,1080.54,true
session_20260625_195259_P001,646,65937,2026-06-25T19:54:05.382070,Pas barometryczny,1080.22,1080.22,true
session_20260625_195259_P001,647,66068,2026-06-25T19:54:05.512985,Pas barometryczny,1079.95,1079.95,true
session_20260625_195259_P001,648,66173,2026-06-25T19:54:05.618150,Pas barometryczny,1079.74,1079.74,true
session_20260625_195259_P001,649,66248,2026-06-25T19:54:05.693291,Pas barometryczny,1079.64,1079.64,true
session_20260625_195259_P001,650,66395,2026-06-25T19:54:05.840512,Pas barometryczny,1079.95,1079.95,true
session_20260625_195259_P001,651,66467,2026-06-25T19:54:05.912344,Pas barometryczny,1080.42,1080.42,true
session_20260625_195259_P001,652,66557,2026-06-25T19:54:06.001809,Pas barometryczny,1080.91,1080.91,true
session_20260625_195259_P001,653,66649,2026-06-25T19:54:06.094509,Pas barometryczny,1081.31,1081.31,true
session_20260625_195259_P001,654,66781,2026-06-25T19:54:06.226125,Pas barometryczny,1081.69,1081.69,true
session_20260625_195259_P001,655,66885,2026-06-25T19:54:06.330136,Pas barometryczny,1082.07,1082.07,true
session_20260625_195259_P001,656,66993,2026-06-25T19:54:06.437965,Pas barometryczny,1082.43,1082.43,true
session_20260625_195259_P001,657,67049,2026-06-25T19:54:06.494236,Pas barometryczny,1082.73,1082.73,true
session_20260625_195259_P001,658,67185,2026-06-25T19:54:06.630117,Pas barometryczny,1082.97,1082.97,true
session_20260625_195259_P001,659,67265,2026-06-25T19:54:06.709747,Pas barometryczny,1083.24,1083.24,true
session_20260625_195259_P001,660,67354,2026-06-25T19:54:06.799059,Pas barometryczny,1083.53,1083.53,true
session_20260625_195259_P001,661,67444,2026-06-25T19:54:06.889393,Pas barometryczny,1083.83,1083.83,true
session_20260625_195259_P001,662,67580,2026-06-25T19:54:07.025113,Pas barometryczny,1084.13,1084.13,true
session_20260625_195259_P001,663,67707,2026-06-25T19:54:07.152383,Pas barometryczny,1084.22,1084.22,true
session_20260625_195259_P001,664,67771,2026-06-25T19:54:07.215944,Pas barometryczny,1083.83,1083.83,true
session_20260625_195259_P001,665,67904,2026-06-25T19:54:07.348906,Pas barometryczny,1083.41,1083.41,true
session_20260625_195259_P001,666,68015,2026-06-25T19:54:07.460657,Pas barometryczny,1083.01,1083.01,true
session_20260625_195259_P001,667,68075,2026-06-25T19:54:07.520696,Pas barometryczny,1082.61,1082.61,true
session_20260625_195259_P001,668,68189,2026-06-25T19:54:07.634142,Pas barometryczny,1082.26,1082.26,true
session_20260625_195259_P001,669,68305,2026-06-25T19:54:07.749808,Pas barometryczny,1081.88,1081.88,true
session_20260625_195259_P001,670,68398,2026-06-25T19:54:07.842758,Pas barometryczny,1081.59,1081.59,true
session_20260625_195259_P001,671,68503,2026-06-25T19:54:07.947904,Pas barometryczny,1081.31,1081.31,true
session_20260625_195259_P001,672,68602,2026-06-25T19:54:08.047241,Pas barometryczny,1081.08,1081.08,true
session_20260625_195259_P001,673,68745,2026-06-25T19:54:08.190609,Pas barometryczny,1080.75,1080.75,true
session_20260625_195259_P001,674,68809,2026-06-25T19:54:08.254351,Pas barometryczny,1080.34,1080.34,true
session_20260625_195259_P001,675,68901,2026-06-25T19:54:08.346019,Pas barometryczny,1079.92,1079.92,true
session_20260625_195259_P001,676,69005,2026-06-25T19:54:08.449798,Pas barometryczny,1079.55,1079.55,true
session_20260625_195259_P001,677,69147,2026-06-25T19:54:08.592669,Pas barometryczny,1079.25,1079.25,true
session_20260625_195259_P001,678,69201,2026-06-25T19:54:08.646228,Pas barometryczny,1079.08,1079.08,true
session_20260625_195259_P001,679,69304,2026-06-25T19:54:08.749405,Pas barometryczny,1079.01,1079.01,true
session_20260625_195259_P001,680,69450,2026-06-25T19:54:08.895517,Pas barometryczny,1079.49,1079.49,true
session_20260625_195259_P001,681,69514,2026-06-25T19:54:08.959120,Pas barometryczny,1080.16,1080.16,true
session_20260625_195259_P001,682,69606,2026-06-25T19:54:09.051065,Pas barometryczny,1080.59,1080.59,true
session_20260625_195259_P001,683,69698,2026-06-25T19:54:09.142725,Pas barometryczny,1081.11,1081.11,true
session_20260625_195259_P001,684,69862,2026-06-25T19:54:09.307434,Pas barometryczny,1081.47,1081.47,true
session_20260625_195259_P001,685,69950,2026-06-25T19:54:09.394768,Pas barometryczny,1081.85,1081.85,true
session_20260625_195259_P001,686,70011,2026-06-25T19:54:09.456633,Pas barometryczny,1082.23,1082.23,true
session_20260625_195259_P001,687,70100,2026-06-25T19:54:09.545212,Pas barometryczny,1082.55,1082.55,true
session_20260625_195259_P001,688,70267,2026-06-25T19:54:09.712553,Pas barometryczny,1082.84,1082.84,true
session_20260625_195259_P001,689,70328,2026-06-25T19:54:09.773473,Pas barometryczny,1083.08,1083.08,true
session_20260625_195259_P001,690,70443,2026-06-25T19:54:09.888486,Pas barometryczny,1083.37,1083.37,true
session_20260625_195259_P001,691,70515,2026-06-25T19:54:09.960592,Pas barometryczny,1083.67,1083.67,true
session_20260625_195259_P001,692,70652,2026-06-25T19:54:10.096776,Pas barometryczny,1083.95,1083.95,true
session_20260625_195259_P001,693,70749,2026-06-25T19:54:10.193776,Pas barometryczny,1084.21,1084.21,true
session_20260625_195259_P001,694,70857,2026-06-25T19:54:10.301749,Pas barometryczny,1084.14,1084.14,true
session_20260625_195259_P001,695,70991,2026-06-25T19:54:10.436676,Pas barometryczny,1084.12,1084.12,true
session_20260625_195259_P001,696,71045,2026-06-25T19:54:10.489867,Pas barometryczny,1084.13,1084.13,true
session_20260625_195259_P001,697,71134,2026-06-25T19:54:10.579374,Pas barometryczny,1084.42,1084.42,true
session_20260625_195259_P001,698,71249,2026-06-25T19:54:10.694536,Pas barometryczny,1084.64,1084.64,true
session_20260625_195259_P001,699,71359,2026-06-25T19:54:10.804076,Pas barometryczny,1084.82,1084.82,true
session_20260625_195259_P001,700,71451,2026-06-25T19:54:10.896331,Pas barometryczny,1084.90,1084.90,true
session_20260625_195259_P001,701,71561,2026-06-25T19:54:11.005937,Pas barometryczny,1084.96,1084.96,true
session_20260625_195259_P001,702,71661,2026-06-25T19:54:11.106058,Pas barometryczny,1084.90,1084.90,true
session_20260625_195259_P001,703,71785,2026-06-25T19:54:11.230481,Pas barometryczny,1084.76,1084.76,true
session_20260625_195259_P001,704,71887,2026-06-25T19:54:11.331873,Pas barometryczny,1084.40,1084.40,true
session_20260625_195259_P001,705,71944,2026-06-25T19:54:11.389547,Pas barometryczny,1083.93,1083.93,true
session_20260625_195259_P001,706,72053,2026-06-25T19:54:11.497938,Pas barometryczny,1083.51,1083.51,true
session_20260625_195259_P001,707,72187,2026-06-25T19:54:11.632230,Pas barometryczny,1083.06,1083.06,true
session_20260625_195259_P001,708,72263,2026-06-25T19:54:11.707883,Pas barometryczny,1082.69,1082.69,true
session_20260625_195259_P001,709,72357,2026-06-25T19:54:11.802533,Pas barometryczny,1082.38,1082.38,true
session_20260625_195259_P001,710,72488,2026-06-25T19:54:11.933292,Pas barometryczny,1082.03,1082.03,true
session_20260625_195259_P001,711,72590,2026-06-25T19:54:12.035563,Pas barometryczny,1081.75,1081.75,true
session_20260625_195259_P001,712,72693,2026-06-25T19:54:12.138056,Pas barometryczny,1081.44,1081.44,true
session_20260625_195259_P001,713,72754,2026-06-25T19:54:12.199099,Pas barometryczny,1081.24,1081.24,true
session_20260625_195259_P001,714,72909,2026-06-25T19:54:12.354017,Pas barometryczny,1081.06,1081.06,true
session_20260625_195259_P001,715,72994,2026-06-25T19:54:12.439142,Pas barometryczny,1080.94,1080.94,true
session_20260625_195259_P001,716,73069,2026-06-25T19:54:12.513861,Pas barometryczny,1081.32,1081.32,true
session_20260625_195259_P001,717,73164,2026-06-25T19:54:12.609674,Pas barometryczny,1081.79,1081.79,true
session_20260625_195259_P001,718,73307,2026-06-25T19:54:12.752422,Pas barometryczny,1082.34,1082.34,true
session_20260625_195259_P001,719,73405,2026-06-25T19:54:12.850159,Pas barometryczny,1082.75,1082.75,true
session_20260625_195259_P001,720,73493,2026-06-25T19:54:12.937843,Pas barometryczny,1083.13,1083.13,true
session_20260625_195259_P001,721,73594,2026-06-25T19:54:13.038821,Pas barometryczny,1083.46,1083.46,true
session_20260625_195259_P001,722,73711,2026-06-25T19:54:13.155783,Pas barometryczny,1083.80,1083.80,true
session_20260625_195259_P001,723,73814,2026-06-25T19:54:13.259625,Pas barometryczny,1084.38,1084.38,true
session_20260625_195259_P001,724,73885,2026-06-25T19:54:13.330375,Pas barometryczny,1084.51,1084.51,true
session_20260625_195259_P001,725,73979,2026-06-25T19:54:13.424160,Pas barometryczny,1083.98,1083.98,true
session_20260625_195259_P001,726,74106,2026-06-25T19:54:13.550796,Pas barometryczny,1083.53,1083.53,true
session_20260625_195259_P001,727,74194,2026-06-25T19:54:13.638969,Pas barometryczny,1083.08,1083.08,true
session_20260625_195259_P001,728,74305,2026-06-25T19:54:13.750163,Pas barometryczny,1082.69,1082.69,true
session_20260625_195259_P001,729,74419,2026-06-25T19:54:13.864543,Pas barometryczny,1082.32,1082.32,true
session_20260625_195259_P001,730,74510,2026-06-25T19:54:13.955664,Pas barometryczny,1082.03,1082.03,true
session_20260625_195259_P001,731,74601,2026-06-25T19:54:14.045882,Pas barometryczny,1081.71,1081.71,true
session_20260625_195259_P001,732,74701,2026-06-25T19:54:14.145901,Pas barometryczny,1081.45,1081.45,true
session_20260625_195259_P001,733,74826,2026-06-25T19:54:14.271404,Pas barometryczny,1081.12,1081.12,true
session_20260625_195259_P001,734,74914,2026-06-25T19:54:14.358955,Pas barometryczny,1080.87,1080.87,true
session_20260625_195259_P001,735,75017,2026-06-25T19:54:14.462105,Pas barometryczny,1080.66,1080.66,true
session_20260625_195259_P001,736,75117,2026-06-25T19:54:14.562068,Pas barometryczny,1080.46,1080.46,true
session_20260625_195259_P001,737,75256,2026-06-25T19:54:14.701464,Pas barometryczny,1080.49,1080.49,true
session_20260625_195259_P001,738,75333,2026-06-25T19:54:14.777748,Pas barometryczny,1081.03,1081.03,true
session_20260625_195259_P001,739,75410,2026-06-25T19:54:14.854814,Pas barometryczny,1081.50,1081.50,true
session_20260625_195259_P001,740,75502,2026-06-25T19:54:14.947226,Pas barometryczny,1082.05,1082.05,true
session_20260625_195259_P001,741,75669,2026-06-25T19:54:15.114412,Pas barometryczny,1082.49,1082.49,true
session_20260625_195259_P001,742,75724,2026-06-25T19:54:15.168887,Pas barometryczny,1082.92,1082.92,true
session_20260625_195259_P001,743,75815,2026-06-25T19:54:15.260318,Pas barometryczny,1083.29,1083.29,true
session_20260625_195259_P001,744,75950,2026-06-25T19:54:15.394852,Pas barometryczny,1083.56,1083.56,true
session_20260625_195259_P001,745,76043,2026-06-25T19:54:15.487830,Pas barometryczny,1083.85,1083.85,true
session_20260625_195259_P001,746,76146,2026-06-25T19:54:15.590850,Pas barometryczny,1084.21,1084.21,true
session_20260625_195259_P001,747,76232,2026-06-25T19:54:15.677358,Pas barometryczny,1084.48,1084.48,true
session_20260625_195259_P001,748,76384,2026-06-25T19:54:15.829366,Pas barometryczny,1084.38,1084.38,true
session_20260625_195259_P001,749,76443,2026-06-25T19:54:15.888349,Pas barometryczny,1083.84,1083.84,true
session_20260625_195259_P001,750,76558,2026-06-25T19:54:16.002777,Pas barometryczny,1083.30,1083.30,true
session_20260625_195259_P001,751,76635,2026-06-25T19:54:16.080078,Pas barometryczny,1082.82,1082.82,true
session_20260625_195259_P001,752,76800,2026-06-25T19:54:16.244957,Pas barometryczny,1082.41,1082.41,true
session_20260625_195259_P001,753,76863,2026-06-25T19:54:16.308239,Pas barometryczny,1081.77,1081.77,true
session_20260625_195259_P001,754,76979,2026-06-25T19:54:16.423722,Pas barometryczny,1081.41,1081.41,true
session_20260625_195259_P001,755,77030,2026-06-25T19:54:16.475033,Pas barometryczny,1081.17,1081.17,true
session_20260625_195259_P001,756,77164,2026-06-25T19:54:16.609245,Pas barometryczny,1080.91,1080.91,true
session_20260625_195259_P001,757,77254,2026-06-25T19:54:16.699502,Pas barometryczny,1080.65,1080.65,true
session_20260625_195259_P001,758,77356,2026-06-25T19:54:16.801230,Pas barometryczny,1080.43,1080.43,true
session_20260625_195259_P001,759,77488,2026-06-25T19:54:16.932839,Pas barometryczny,1080.24,1080.24,true
session_20260625_195259_P001,760,77581,2026-06-25T19:54:17.026516,Pas barometryczny,1080.23,1080.23,true
session_20260625_195259_P001,761,77682,2026-06-25T19:54:17.126782,Pas barometryczny,1080.75,1080.75,true
session_20260625_195259_P001,762,77784,2026-06-25T19:54:17.229080,Pas barometryczny,1081.23,1081.23,true
session_20260625_195259_P001,763,77884,2026-06-25T19:54:17.328951,Pas barometryczny,1081.68,1081.68,true
session_20260625_195259_P001,764,77994,2026-06-25T19:54:17.438825,Pas barometryczny,1082.07,1082.07,true
session_20260625_195259_P001,765,78087,2026-06-25T19:54:17.532499,Pas barometryczny,1082.47,1082.47,true
session_20260625_195259_P001,766,78153,2026-06-25T19:54:17.598093,Pas barometryczny,1082.83,1082.83,true
session_20260625_195259_P001,767,78290,2026-06-25T19:54:17.734831,Pas barometryczny,1083.07,1083.07,true
session_20260625_195259_P001,768,78397,2026-06-25T19:54:17.841740,Pas barometryczny,1083.33,1083.33,true
session_20260625_195259_P001,769,78486,2026-06-25T19:54:17.931197,Pas barometryczny,1083.63,1083.63,true
session_20260625_195259_P001,770,78590,2026-06-25T19:54:18.035339,Pas barometryczny,1083.93,1083.93,true
session_20260625_195259_P001,771,78694,2026-06-25T19:54:18.138791,Pas barometryczny,1084.27,1084.27,true
session_20260625_195259_P001,772,78783,2026-06-25T19:54:18.228459,Pas barometryczny,1084.37,1084.37,true
session_20260625_195259_P001,773,78911,2026-06-25T19:54:18.355975,Pas barometryczny,1083.81,1083.81,true
session_20260625_195259_P001,774,79010,2026-06-25T19:54:18.454742,Pas barometryczny,1083.19,1083.19,true
session_20260625_195259_P001,775,79104,2026-06-25T19:54:18.549639,Pas barometryczny,1082.64,1082.64,true
session_20260625_195259_P001,776,79191,2026-06-25T19:54:18.636166,Pas barometryczny,1082.15,1082.15,true
session_20260625_195259_P001,777,79291,2026-06-25T19:54:18.735814,Pas barometryczny,1081.81,1081.81,true
session_20260625_195259_P001,778,79415,2026-06-25T19:54:18.860207,Pas barometryczny,1081.51,1081.51,true
session_20260625_195259_P001,779,79514,2026-06-25T19:54:18.959272,Pas barometryczny,1081.14,1081.14,true
session_20260625_195259_P001,780,79603,2026-06-25T19:54:19.048073,Pas barometryczny,1080.85,1080.85,true
session_20260625_195259_P001,781,79703,2026-06-25T19:54:19.147875,Pas barometryczny,1080.52,1080.52,true
session_20260625_195259_P001,782,79836,2026-06-25T19:54:19.280931,Pas barometryczny,1080.30,1080.30,true
session_20260625_195259_P001,783,79909,2026-06-25T19:54:19.354669,Pas barometryczny,1079.95,1079.95,true
session_20260625_195259_P001,784,80011,2026-06-25T19:54:19.456184,Pas barometryczny,1080.05,1080.05,true
session_20260625_195259_P001,785,80102,2026-06-25T19:54:19.547481,Pas barometryczny,1080.54,1080.54,true
session_20260625_195259_P001,786,80224,2026-06-25T19:54:19.669582,Pas barometryczny,1081.01,1081.01,true
session_20260625_195259_P001,787,80325,2026-06-25T19:54:19.770059,Pas barometryczny,1081.51,1081.51,true
session_20260625_195259_P001,788,80405,2026-06-25T19:54:19.850046,Pas barometryczny,1081.95,1081.95,true
session_20260625_195259_P001,789,80542,2026-06-25T19:54:19.986754,Pas barometryczny,1082.41,1082.41,true
session_20260625_195259_P001,790,80630,2026-06-25T19:54:20.075057,Pas barometryczny,1082.77,1082.77,true
session_20260625_195259_P001,791,80725,2026-06-25T19:54:20.170169,Pas barometryczny,1083.04,1083.04,true
session_20260625_195259_P001,792,80824,2026-06-25T19:54:20.269679,Pas barometryczny,1083.33,1083.33,true
session_20260625_195259_P001,793,80947,2026-06-25T19:54:20.392576,Pas barometryczny,1083.65,1083.65,true
session_20260625_195259_P001,794,81048,2026-06-25T19:54:20.493276,Pas barometryczny,1083.90,1083.90,true
session_20260625_195259_P001,795,81149,2026-06-25T19:54:20.593815,Pas barometryczny,1084.08,1084.08,true
session_20260625_195259_P001,796,81213,2026-06-25T19:54:20.658267,Pas barometryczny,1084.10,1084.10,true
session_20260625_195259_P001,797,81379,2026-06-25T19:54:20.824258,Pas barometryczny,1084.01,1084.01,true
session_20260625_195259_P001,798,81449,2026-06-25T19:54:20.894594,Pas barometryczny,1083.96,1083.96,true
session_20260625_195259_P001,799,81544,2026-06-25T19:54:20.989130,Pas barometryczny,1083.87,1083.87,true
session_20260625_195259_P001,800,81621,2026-06-25T19:54:21.066568,Pas barometryczny,1083.82,1083.82,true
session_20260625_195259_P001,801,81784,2026-06-25T19:54:21.229542,Pas barometryczny,1083.85,1083.85,true
session_20260625_195259_P001,802,81844,2026-06-25T19:54:21.289231,Pas barometryczny,1083.90,1083.90,true
session_20260625_195259_P001,803,81938,2026-06-25T19:54:21.382902,Pas barometryczny,1083.90,1083.90,true
session_20260625_195259_P001,804,82084,2026-06-25T19:54:21.528871,Pas barometryczny,1083.84,1083.84,true
session_20260625_195259_P001,805,82176,2026-06-25T19:54:21.621344,Pas barometryczny,1083.78,1083.78,true
session_20260625_195259_P001,806,82287,2026-06-25T19:54:21.732443,Pas barometryczny,1083.72,1083.72,true
session_20260625_195259_P001,807,82341,2026-06-25T19:54:21.786500,Pas barometryczny,1083.76,1083.76,true
session_20260625_195259_P001,808,82487,2026-06-25T19:54:21.932469,Pas barometryczny,1083.71,1083.71,true
session_20260625_195259_P001,809,82589,2026-06-25T19:54:22.033937,Pas barometryczny,1083.57,1083.57,true
session_20260625_195259_P001,810,82687,2026-06-25T19:54:22.132559,Pas barometryczny,1083.28,1083.28,true
session_20260625_195259_P001,811,82743,2026-06-25T19:54:22.188386,Pas barometryczny,1083.07,1083.07,true
session_20260625_195259_P001,812,82922,2026-06-25T19:54:22.367286,Pas barometryczny,1082.82,1082.82,true
session_20260625_195259_P001,813,82981,2026-06-25T19:54:22.426391,Pas barometryczny,1082.43,1082.43,true
session_20260625_195259_P001,814,83087,2026-06-25T19:54:22.531813,Pas barometryczny,1082.22,1082.22,true
session_20260625_195259_P001,815,83149,2026-06-25T19:54:22.593709,Pas barometryczny,1081.99,1081.99,true
session_20260625_195259_P001,816,83315,2026-06-25T19:54:22.760152,Pas barometryczny,1081.77,1081.77,true
session_20260625_195259_P001,817,83420,2026-06-25T19:54:22.865375,Pas barometryczny,1081.62,1081.62,true
session_20260625_195259_P001,818,83480,2026-06-25T19:54:22.924916,Pas barometryczny,1081.40,1081.40,true
session_20260625_195259_P001,819,83599,2026-06-25T19:54:23.043855,Pas barometryczny,1081.22,1081.22,true
session_20260625_195259_P001,820,83690,2026-06-25T19:54:23.135089,Pas barometryczny,1081.02,1081.02,true
session_20260625_195259_P001,821,83802,2026-06-25T19:54:23.246714,Pas barometryczny,1080.78,1080.78,true
session_20260625_195259_P001,822,83902,2026-06-25T19:54:23.346793,Pas barometryczny,1080.44,1080.44,true
session_20260625_195259_P001,823,84003,2026-06-25T19:54:23.448523,Pas barometryczny,1079.99,1079.99,true
session_20260625_195259_P001,824,84134,2026-06-25T19:54:23.578820,Pas barometryczny,1079.61,1079.61,true
session_20260625_195259_P001,825,84210,2026-06-25T19:54:23.655427,Pas barometryczny,1079.30,1079.30,true
session_20260625_195259_P001,826,84273,2026-06-25T19:54:23.718413,Pas barometryczny,1079.02,1079.02,true
session_20260625_195259_P001,827,84412,2026-06-25T19:54:23.856892,Pas barometryczny,1078.69,1078.69,true
session_20260625_195259_P001,828,84513,2026-06-25T19:54:23.958466,Pas barometryczny,1078.26,1078.26,true
session_20260625_195259_P001,829,84615,2026-06-25T19:54:24.060335,Pas barometryczny,1077.95,1077.95,true
session_20260625_195259_P001,830,84719,2026-06-25T19:54:24.164191,Pas barometryczny,1077.81,1077.81,true
session_20260625_195259_P001,831,84823,2026-06-25T19:54:24.268220,Pas barometryczny,1077.66,1077.66,true
session_20260625_195259_P001,832,84906,2026-06-25T19:54:24.351024,Pas barometryczny,1077.56,1077.56,true
session_20260625_195259_P001,833,85004,2026-06-25T19:54:24.448988,Pas barometryczny,1077.51,1077.51,true
session_20260625_195259_P001,834,85136,2026-06-25T19:54:24.581201,Pas barometryczny,1077.39,1077.39,true
session_20260625_195259_P001,835,85222,2026-06-25T19:54:24.666821,Pas barometryczny,1077.30,1077.30,true
session_20260625_195259_P001,836,85321,2026-06-25T19:54:24.766073,Pas barometryczny,1077.21,1077.21,true
session_20260625_195259_P001,837,85416,2026-06-25T19:54:24.860748,Pas barometryczny,1077.20,1077.20,true
session_20260625_195259_P001,838,85537,2026-06-25T19:54:24.982536,Pas barometryczny,1077.13,1077.13,true
session_20260625_195259_P001,839,85629,2026-06-25T19:54:25.073771,Pas barometryczny,1077.17,1077.17,true
session_20260625_195259_P001,840,85721,2026-06-25T19:54:25.166593,Pas barometryczny,1077.22,1077.22,true
session_20260625_195259_P001,841,85804,2026-06-25T19:54:25.249157,Pas barometryczny,1077.35,1077.35,true
session_20260625_195259_P001,842,85943,2026-06-25T19:54:25.388169,Pas barometryczny,1077.53,1077.53,true
session_20260625_195259_P001,843,86040,2026-06-25T19:54:25.485067,Pas barometryczny,1078.38,1078.38,true
session_20260625_195259_P001,844,86140,2026-06-25T19:54:25.585039,Pas barometryczny,1079.03,1079.03,true
session_20260625_195259_P001,845,86210,2026-06-25T19:54:25.654881,Pas barometryczny,1079.55,1079.55,true
session_20260625_195259_P001,846,86344,2026-06-25T19:54:25.789700,Pas barometryczny,1080.01,1080.01,true
session_20260625_195259_P001,847,86434,2026-06-25T19:54:25.879589,Pas barometryczny,1080.39,1080.39,true
session_20260625_195259_P001,848,86541,2026-06-25T19:54:25.986131,Pas barometryczny,1080.73,1080.73,true
session_20260625_195259_P001,849,86688,2026-06-25T19:54:26.132944,Pas barometryczny,1080.98,1080.98,true
session_20260625_195259_P001,850,86762,2026-06-25T19:54:26.206856,Pas barometryczny,1081.28,1081.28,true
session_20260625_195259_P001,851,86859,2026-06-25T19:54:26.303799,Pas barometryczny,1081.60,1081.60,true
session_20260625_195259_P001,852,86949,2026-06-25T19:54:26.394083,Pas barometryczny,1081.89,1081.89,true
session_20260625_195259_P001,853,87079,2026-06-25T19:54:26.524023,Pas barometryczny,1082.12,1082.12,true
session_20260625_195259_P001,854,87158,2026-06-25T19:54:26.602791,Pas barometryczny,1082.35,1082.35,true
session_20260625_195259_P001,855,87260,2026-06-25T19:54:26.705538,Pas barometryczny,1082.59,1082.59,true
session_20260625_195259_P001,856,87360,2026-06-25T19:54:26.805475,Pas barometryczny,1082.86,1082.86,true
session_20260625_195259_P001,857,87511,2026-06-25T19:54:26.956186,Pas barometryczny,1083.14,1083.14,true
session_20260625_195259_P001,858,87588,2026-06-25T19:54:27.033458,Pas barometryczny,1083.37,1083.37,true
session_20260625_195259_P001,859,87650,2026-06-25T19:54:27.094891,Pas barometryczny,1083.56,1083.56,true
session_20260625_195259_P001,860,87739,2026-06-25T19:54:27.183890,Pas barometryczny,1083.71,1083.71,true
session_20260625_195259_P001,861,87897,2026-06-25T19:54:27.341969,Pas barometryczny,1083.91,1083.91,true
session_20260625_195259_P001,862,87993,2026-06-25T19:54:27.437790,Pas barometryczny,1084.07,1084.07,true
session_20260625_195259_P001,863,88061,2026-06-25T19:54:27.506496,Pas barometryczny,1084.30,1084.30,true
session_20260625_195259_P001,864,88207,2026-06-25T19:54:27.652421,Pas barometryczny,1084.48,1084.48,true
session_20260625_195259_P001,865,88308,2026-06-25T19:54:27.752777,Pas barometryczny,1084.61,1084.61,true
session_20260625_195259_P001,866,88368,2026-06-25T19:54:27.813191,Pas barometryczny,1084.79,1084.79,true
session_20260625_195259_P001,867,88459,2026-06-25T19:54:27.904148,Pas barometryczny,1084.90,1084.90,true
session_20260625_195259_P001,868,88594,2026-06-25T19:54:28.039261,Pas barometryczny,1085.05,1085.05,true
session_20260625_195259_P001,869,88698,2026-06-25T19:54:28.143434,Pas barometryczny,1085.17,1085.17,true
session_20260625_195259_P001,870,88810,2026-06-25T19:54:28.255050,Pas barometryczny,1085.22,1085.22,true
session_20260625_195259_P001,871,88864,2026-06-25T19:54:28.309484,Pas barometryczny,1085.17,1085.17,true
session_20260625_195259_P001,872,89023,2026-06-25T19:54:28.468551,Pas barometryczny,1085.25,1085.25,true
session_20260625_195259_P001,873,89089,2026-06-25T19:54:28.533850,Pas barometryczny,1085.02,1085.02,true
session_20260625_195259_P001,874,89181,2026-06-25T19:54:28.625978,Pas barometryczny,1084.64,1084.64,true
session_20260625_195259_P001,875,89303,2026-06-25T19:54:28.748678,Pas barometryczny,1084.30,1084.30,true
session_20260625_195259_P001,876,89431,2026-06-25T19:54:28.876322,Pas barometryczny,1083.92,1083.92,true
session_20260625_195259_P001,877,89525,2026-06-25T19:54:28.969791,Pas barometryczny,1083.64,1083.64,true
session_20260625_195259_P001,878,89584,2026-06-25T19:54:29.029097,Pas barometryczny,1083.35,1083.35,true
session_20260625_195259_P001,879,89723,2026-06-25T19:54:29.168194,Pas barometryczny,1083.08,1083.08,true
session_20260625_195259_P001,880,89831,2026-06-25T19:54:29.276061,Pas barometryczny,1082.86,1082.86,true
session_20260625_195259_P001,881,89922,2026-06-25T19:54:29.367399,Pas barometryczny,1082.64,1082.64,true
session_20260625_195259_P001,882,90013,2026-06-25T19:54:29.457821,Pas barometryczny,1082.43,1082.43,true
session_20260625_195259_P001,883,90125,2026-06-25T19:54:29.570448,Pas barometryczny,1082.20,1082.20,true
session_20260625_195259_P001,884,90221,2026-06-25T19:54:29.665972,Pas barometryczny,1082.01,1082.01,true
session_20260625_195259_P001,885,90325,2026-06-25T19:54:29.770071,Pas barometryczny,1081.89,1081.89,true
session_20260625_195259_P001,886,90420,2026-06-25T19:54:29.864838,Pas barometryczny,1081.72,1081.72,true
session_20260625_195259_P001,887,90543,2026-06-25T19:54:29.987791,Pas barometryczny,1081.59,1081.59,true
session_20260625_195259_P001,888,90652,2026-06-25T19:54:30.097028,Pas barometryczny,1081.42,1081.42,true
session_20260625_195259_P001,889,90719,2026-06-25T19:54:30.164544,Pas barometryczny,1081.25,1081.25,true
session_20260625_195259_P001,890,90817,2026-06-25T19:54:30.262399,Pas barometryczny,1081.06,1081.06,true
session_20260625_195259_P001,891,90955,2026-06-25T19:54:30.400465,Pas barometryczny,1080.84,1080.84,true
session_20260625_195259_P001,892,91028,2026-06-25T19:54:30.473237,Pas barometryczny,1080.72,1080.72,true
session_20260625_195259_P001,893,91126,2026-06-25T19:54:30.570935,Pas barometryczny,1080.60,1080.60,true
session_20260625_195259_P001,894,91260,2026-06-25T19:54:30.705064,Pas barometryczny,1080.41,1080.41,true
session_20260625_195259_P001,895,91340,2026-06-25T19:54:30.785489,Pas barometryczny,1080.26,1080.26,true
session_20260625_195259_P001,896,91450,2026-06-25T19:54:30.895144,Pas barometryczny,1080.01,1080.01,true
session_20260625_195259_P001,897,91521,2026-06-25T19:54:30.965918,Pas barometryczny,1079.71,1079.71,true
session_20260625_195259_P001,898,91663,2026-06-25T19:54:31.108407,Pas barometryczny,1079.74,1079.74,true
session_20260625_195259_P001,899,91775,2026-06-25T19:54:31.219939,Pas barometryczny,1080.19,1080.19,true
session_20260625_195259_P001,900,91839,2026-06-25T19:54:31.284490,Pas barometryczny,1080.75,1080.75,true
session_20260625_195259_P001,901,91932,2026-06-25T19:54:31.377337,Pas barometryczny,1081.19,1081.19,true
session_20260625_195259_P001,902,92087,2026-06-25T19:54:31.532523,Pas barometryczny,1081.60,1081.60,true
session_20260625_195259_P001,903,92156,2026-06-25T19:54:31.601166,Pas barometryczny,1082.21,1082.21,true
session_20260625_195259_P001,904,92257,2026-06-25T19:54:31.702653,Pas barometryczny,1082.51,1082.51,true
session_20260625_195259_P001,905,92329,2026-06-25T19:54:31.774351,Pas barometryczny,1082.82,1082.82,true
session_20260625_195259_P001,906,92488,2026-06-25T19:54:31.933323,Pas barometryczny,1083.19,1083.19,true
session_20260625_195259_P001,907,92594,2026-06-25T19:54:32.038722,Pas barometryczny,1083.54,1083.54,true
session_20260625_195259_P001,908,92645,2026-06-25T19:54:32.090307,Pas barometryczny,1083.66,1083.66,true
session_20260625_195259_P001,909,92807,2026-06-25T19:54:32.252634,Pas barometryczny,1083.28,1083.28,true
session_20260625_195259_P001,910,92901,2026-06-25T19:54:32.346602,Pas barometryczny,1082.74,1082.74,true
session_20260625_195259_P001,911,92961,2026-06-25T19:54:32.405713,Pas barometryczny,1082.33,1082.33,true
session_20260625_195259_P001,912,93050,2026-06-25T19:54:32.495616,Pas barometryczny,1081.91,1081.91,true
session_20260625_195259_P001,913,93183,2026-06-25T19:54:32.628673,Pas barometryczny,1081.53,1081.53,true
session_20260625_195259_P001,914,93296,2026-06-25T19:54:32.741380,Pas barometryczny,1081.12,1081.12,true
session_20260625_195259_P001,915,93366,2026-06-25T19:54:32.810787,Pas barometryczny,1080.77,1080.77,true
session_20260625_195259_P001,916,93488,2026-06-25T19:54:32.933023,Pas barometryczny,1080.35,1080.35,true
session_20260625_195259_P001,917,93630,2026-06-25T19:54:33.074906,Pas barometryczny,1079.97,1079.97,true
session_20260625_195259_P001,918,93694,2026-06-25T19:54:33.139124,Pas barometryczny,1079.58,1079.58,true
session_20260625_195259_P001,919,93785,2026-06-25T19:54:33.229821,Pas barometryczny,1079.25,1079.25,true
session_20260625_195259_P001,920,93898,2026-06-25T19:54:33.343228,Pas barometryczny,1078.96,1078.96,true
session_20260625_195259_P001,921,94027,2026-06-25T19:54:33.472066,Pas barometryczny,1078.60,1078.60,true
session_20260625_195259_P001,922,94084,2026-06-25T19:54:33.529401,Pas barometryczny,1078.29,1078.29,true
session_20260625_195259_P001,923,94176,2026-06-25T19:54:33.620993,Pas barometryczny,1078.08,1078.08,true
session_20260625_195259_P001,924,94335,2026-06-25T19:54:33.780575,Pas barometryczny,1078.07,1078.07,true
session_20260625_195259_P001,925,94420,2026-06-25T19:54:33.865536,Pas barometryczny,1078.52,1078.52,true
session_20260625_195259_P001,926,94512,2026-06-25T19:54:33.957228,Pas barometryczny,1079.41,1079.41,true
session_20260625_195259_P001,927,94604,2026-06-25T19:54:34.049666,Pas barometryczny,1079.98,1079.98,true
session_20260625_195259_P001,928,94738,2026-06-25T19:54:34.182807,Pas barometryczny,1080.52,1080.52,true
session_20260625_195259_P001,929,94804,2026-06-25T19:54:34.249221,Pas barometryczny,1080.92,1080.92,true
session_20260625_195259_P001,930,94922,2026-06-25T19:54:34.366934,Pas barometryczny,1081.26,1081.26,true
session_20260625_195259_P001,931,94985,2026-06-25T19:54:34.430422,Pas barometryczny,1081.59,1081.59,true
session_20260625_195259_P001,932,95145,2026-06-25T19:54:34.590606,Pas barometryczny,1082.32,1082.32,true
session_20260625_195259_P001,933,95242,2026-06-25T19:54:34.687547,Pas barometryczny,1082.66,1082.66,true
session_20260625_195259_P001,934,95299,2026-06-25T19:54:34.744396,Pas barometryczny,1082.92,1082.92,true
session_20260625_195259_P001,935,95425,2026-06-25T19:54:34.870300,Pas barometryczny,1083.18,1083.18,true
session_20260625_195259_P001,936,95524,2026-06-25T19:54:34.969397,Pas barometryczny,1083.40,1083.40,true
session_20260625_195259_P001,937,95639,2026-06-25T19:54:35.083793,Pas barometryczny,1083.66,1083.66,true
session_20260625_195259_P001,938,95736,2026-06-25T19:54:35.181341,Pas barometryczny,1083.91,1083.91,true
session_20260625_195259_P001,939,95839,2026-06-25T19:54:35.284005,Pas barometryczny,1084.12,1084.12,true
session_20260625_195259_P001,940,95931,2026-06-25T19:54:35.375994,Pas barometryczny,1084.31,1084.31,true
session_20260625_195259_P001,941,96038,2026-06-25T19:54:35.483406,Pas barometryczny,1084.38,1084.38,true
session_20260625_195259_P001,942,96143,2026-06-25T19:54:35.588314,Pas barometryczny,1084.49,1084.49,true
session_20260625_195259_P001,943,96245,2026-06-25T19:54:35.690450,Pas barometryczny,1084.49,1084.49,true
session_20260625_195259_P001,944,96337,2026-06-25T19:54:35.781804,Pas barometryczny,1084.42,1084.42,true
session_20260625_195259_P001,945,96424,2026-06-25T19:54:35.868841,Pas barometryczny,1084.29,1084.29,true
session_20260625_195259_P001,946,96513,2026-06-25T19:54:35.958363,Pas barometryczny,1084.02,1084.02,true
session_20260625_195259_P001,947,96653,2026-06-25T19:54:36.098214,Pas barometryczny,1083.53,1083.53,true
session_20260625_195259_P001,948,96749,2026-06-25T19:54:36.193784,Pas barometryczny,1083.08,1083.08,true
session_20260625_195259_P001,949,96861,2026-06-25T19:54:36.306236,Pas barometryczny,1082.74,1082.74,true
session_20260625_195259_P001,950,96919,2026-06-25T19:54:36.363741,Pas barometryczny,1082.41,1082.41,true
session_20260625_195259_P001,951,97055,2026-06-25T19:54:36.499836,Pas barometryczny,1082.10,1082.10,true
session_20260625_195259_P001,952,97149,2026-06-25T19:54:36.594336,Pas barometryczny,1081.79,1081.79,true
session_20260625_195259_P001,953,97249,2026-06-25T19:54:36.694629,Pas barometryczny,1081.48,1081.48,true
session_20260625_195259_P001,954,97391,2026-06-25T19:54:36.836354,Pas barometryczny,1081.26,1081.26,true
session_20260625_195259_P001,955,97463,2026-06-25T19:54:36.908663,Pas barometryczny,1080.97,1080.97,true
session_20260625_195259_P001,956,97552,2026-06-25T19:54:36.997052,Pas barometryczny,1080.73,1080.73,true
session_20260625_195259_P001,957,97648,2026-06-25T19:54:37.092890,Pas barometryczny,1080.43,1080.43,true
session_20260625_195259_P001,958,97802,2026-06-25T19:54:37.247486,Pas barometryczny,1080.14,1080.14,true
session_20260625_195259_P001,959,97874,2026-06-25T19:54:37.319143,Pas barometryczny,1079.83,1079.83,true
session_20260625_195259_P001,960,97999,2026-06-25T19:54:37.444169,Pas barometryczny,1079.57,1079.57,true
session_20260625_195259_P001,961,98070,2026-06-25T19:54:37.515531,Pas barometryczny,1079.47,1079.47,true
session_20260625_195259_P001,962,98179,2026-06-25T19:54:37.624406,Pas barometryczny,1079.84,1079.84,true
session_20260625_195259_P001,963,98269,2026-06-25T19:54:37.714511,Pas barometryczny,1080.30,1080.30,true
session_20260625_195259_P001,964,98376,2026-06-25T19:54:37.821263,Pas barometryczny,1080.68,1080.68,true
session_20260625_195259_P001,965,98448,2026-06-25T19:54:37.893404,Pas barometryczny,1081.08,1081.08,true
session_20260625_195259_P001,966,98599,2026-06-25T19:54:38.044407,Pas barometryczny,1081.47,1081.47,true
session_20260625_195259_P001,967,98681,2026-06-25T19:54:38.126462,Pas barometryczny,1081.80,1081.80,true
session_20260625_195259_P001,968,98766,2026-06-25T19:54:38.210756,Pas barometryczny,1082.18,1082.18,true
session_20260625_195259_P001,969,98926,2026-06-25T19:54:38.370906,Pas barometryczny,1082.56,1082.56,true
session_20260625_195259_P001,970,99031,2026-06-25T19:54:38.476496,Pas barometryczny,1082.89,1082.89,true
session_20260625_195259_P001,971,99080,2026-06-25T19:54:38.524981,Pas barometryczny,1083.20,1083.20,true
session_20260625_195259_P001,972,99172,2026-06-25T19:54:38.617201,Pas barometryczny,1083.40,1083.40,true
session_20260625_195259_P001,973,99318,2026-06-25T19:54:38.763137,Pas barometryczny,1083.64,1083.64,true
session_20260625_195259_P001,974,99433,2026-06-25T19:54:38.878364,Pas barometryczny,1083.88,1083.88,true
session_20260625_195259_P001,975,99486,2026-06-25T19:54:38.931197,Pas barometryczny,1084.12,1084.12,true
session_20260625_195259_P001,976,99574,2026-06-25T19:54:39.019126,Pas barometryczny,1084.37,1084.37,true
session_20260625_195259_P001,977,99719,2026-06-25T19:54:39.164096,Pas barometryczny,1084.58,1084.58,true
session_20260625_195259_P001,978,99812,2026-06-25T19:54:39.257267,Pas barometryczny,1084.62,1084.62,true
session_20260625_195259_P001,979,99928,2026-06-25T19:54:39.373194,Pas barometryczny,1084.61,1084.61,true
session_20260625_195259_P001,980,99978,2026-06-25T19:54:39.423624,Pas barometryczny,1084.45,1084.45,true
session_20260625_195259_P001,981,100136,2026-06-25T19:54:39.580916,Pas barometryczny,1084.27,1084.27,true
session_20260625_195259_P001,982,100230,2026-06-25T19:54:39.675051,Pas barometryczny,1084.10,1084.10,true
session_20260625_195259_P001,983,100323,2026-06-25T19:54:39.768688,Pas barometryczny,1083.91,1083.91,true
session_20260625_195259_P001,984,100453,2026-06-25T19:54:39.897960,Pas barometryczny,1083.52,1083.52,true
session_20260625_195259_P001,985,100551,2026-06-25T19:54:39.995994,Pas barometryczny,1083.15,1083.15,true
session_20260625_195259_P001,986,100618,2026-06-25T19:54:40.063509,Pas barometryczny,1082.74,1082.74,true
session_20260625_195259_P001,987,100728,2026-06-25T19:54:40.173082,Pas barometryczny,1082.45,1082.45,true
session_20260625_195259_P001,988,100862,2026-06-25T19:54:40.307108,Pas barometryczny,1082.12,1082.12,true
session_20260625_195259_P001,989,100939,2026-06-25T19:54:40.384703,Pas barometryczny,1081.88,1081.88,true
session_20260625_195259_P001,990,101037,2026-06-25T19:54:40.482572,Pas barometryczny,1081.58,1081.58,true
session_20260625_195259_P001,991,101119,2026-06-25T19:54:40.563853,Pas barometryczny,1081.34,1081.34,true
session_20260625_195259_P001,992,101240,2026-06-25T19:54:40.685024,Pas barometryczny,1080.83,1080.83,true
session_20260625_195259_P001,993,101328,2026-06-25T19:54:40.773345,Pas barometryczny,1080.56,1080.56,true
session_20260625_195259_P001,994,101429,2026-06-25T19:54:40.874002,Pas barometryczny,1080.22,1080.22,true
session_20260625_195259_P001,995,101517,2026-06-25T19:54:40.962510,Pas barometryczny,1079.90,1079.90,true
session_20260625_195259_P001,996,101673,2026-06-25T19:54:41.117960,Pas barometryczny,1079.56,1079.56,true
session_20260625_195259_P001,997,101759,2026-06-25T19:54:41.203864,Pas barometryczny,1079.26,1079.26,true
session_20260625_195259_P001,998,101824,2026-06-25T19:54:41.269594,Pas barometryczny,1078.95,1078.95,true
session_20260625_195259_P001,999,101974,2026-06-25T19:54:41.419361,Pas barometryczny,1078.66,1078.66,true
session_20260625_195259_P001,1000,102059,2026-06-25T19:54:41.503737,Pas barometryczny,1078.51,1078.51,true
session_20260625_195259_P001,1001,102164,2026-06-25T19:54:41.609017,Pas barometryczny,1078.38,1078.38,true
session_20260625_195259_P001,1002,102271,2026-06-25T19:54:41.716176,Pas barometryczny,1078.21,1078.21,true
session_20260625_195259_P001,1003,102371,2026-06-25T19:54:41.816132,Pas barometryczny,1078.06,1078.06,true
session_20260625_195259_P001,1004,102456,2026-06-25T19:54:41.900937,Pas barometryczny,1077.95,1077.95,true
session_20260625_195259_P001,1005,102547,2026-06-25T19:54:41.992358,Pas barometryczny,1077.98,1077.98,true
session_20260625_195259_P001,1006,102636,2026-06-25T19:54:42.081439,Pas barometryczny,1078.00,1078.00,true
session_20260625_195259_P001,1007,102769,2026-06-25T19:54:42.214334,Pas barometryczny,1077.96,1077.96,true
session_20260625_195259_P001,1008,102870,2026-06-25T19:54:42.315058,Pas barometryczny,1077.83,1077.83,true
session_20260625_195259_P001,1009,102990,2026-06-25T19:54:42.435376,Pas barometryczny,1077.75,1077.75,true
session_20260625_195259_P001,1010,103062,2026-06-25T19:54:42.507610,Pas barometryczny,1077.64,1077.64,true
session_20260625_195259_P001,1011,103190,2026-06-25T19:54:42.635185,Pas barometryczny,1077.64,1077.64,true
session_20260625_195259_P001,1012,103288,2026-06-25T19:54:42.733672,Pas barometryczny,1077.62,1077.62,true
session_20260625_195259_P001,1013,103360,2026-06-25T19:54:42.804842,Pas barometryczny,1077.60,1077.60,true
session_20260625_195259_P001,1014,103490,2026-06-25T19:54:42.935,Pas barometryczny,1077.71,1077.71,true
session_20260625_195259_P001,1015,103580,2026-06-25T19:54:43.024966,Pas barometryczny,1078.07,1078.07,true
session_20260625_195259_P001,1016,103672,2026-06-25T19:54:43.117334,Pas barometryczny,1078.62,1078.62,true
session_20260625_195259_P001,1017,103772,2026-06-25T19:54:43.217524,Pas barometryczny,1079.20,1079.20,true
session_20260625_195259_P001,1018,103930,2026-06-25T19:54:43.374717,Pas barometryczny,1079.66,1079.66,true
session_20260625_195259_P001,1019,103998,2026-06-25T19:54:43.442759,Pas barometryczny,1080.06,1080.06,true
session_20260625_195259_P001,1020,104093,2026-06-25T19:54:43.538017,Pas barometryczny,1080.38,1080.38,true
session_20260625_195259_P001,1021,104163,2026-06-25T19:54:43.608430,Pas barometryczny,1080.64,1080.64,true
session_20260625_195259_P001,1022,104300,2026-06-25T19:54:43.744990,Pas barometryczny,1081.25,1081.25,true
session_20260625_195259_P001,1023,104406,2026-06-25T19:54:43.851259,Pas barometryczny,1081.61,1081.61,true
session_20260625_195259_P001,1024,104480,2026-06-25T19:54:43.925383,Pas barometryczny,1081.93,1081.93,true
session_20260625_195259_P001,1025,104585,2026-06-25T19:54:44.030133,Pas barometryczny,1082.23,1082.23,true
session_20260625_195259_P001,1026,104733,2026-06-25T19:54:44.178402,Pas barometryczny,1082.51,1082.51,true
session_20260625_195259_P001,1027,104796,2026-06-25T19:54:44.241657,Pas barometryczny,1082.73,1082.73,true
session_20260625_195259_P001,1028,104891,2026-06-25T19:54:44.336379,Pas barometryczny,1082.94,1082.94,true
session_20260625_195259_P001,1029,105027,2026-06-25T19:54:44.472192,Pas barometryczny,1082.98,1082.98,true
session_20260625_195259_P001,1030,105131,2026-06-25T19:54:44.576380,Pas barometryczny,1082.68,1082.68,true
session_20260625_195259_P001,1031,105199,2026-06-25T19:54:44.644678,Pas barometryczny,1082.17,1082.17,true
session_20260625_195259_P001,1032,105293,2026-06-25T19:54:44.738687,Pas barometryczny,1081.76,1081.76,true
session_20260625_195259_P001,1033,105437,2026-06-25T19:54:44.882309,Pas barometryczny,1081.38,1081.38,true
session_20260625_195259_P001,1034,105538,2026-06-25T19:54:44.983547,Pas barometryczny,1080.98,1080.98,true
session_20260625_195259_P001,1035,105603,2026-06-25T19:54:45.048692,Pas barometryczny,1080.64,1080.64,true
session_20260625_195259_P001,1036,105698,2026-06-25T19:54:45.143228,Pas barometryczny,1080.22,1080.22,true
session_20260625_195259_P001,1037,105861,2026-06-25T19:54:45.306410,Pas barometryczny,1079.82,1079.82,true
session_20260625_195259_P001,1038,105919,2026-06-25T19:54:45.364201,Pas barometryczny,1079.39,1079.39,true
session_20260625_195259_P001,1039,106032,2026-06-25T19:54:45.476803,Pas barometryczny,1079.05,1079.05,true
session_20260625_195259_P001,1040,106123,2026-06-25T19:54:45.568639,Pas barometryczny,1078.74,1078.74,true
session_20260625_195259_P001,1041,106233,2026-06-25T19:54:45.678575,Pas barometryczny,1078.53,1078.53,true
session_20260625_195259_P001,1042,106354,2026-06-25T19:54:45.798760,Pas barometryczny,1078.42,1078.42,true
session_20260625_195259_P001,1043,106423,2026-06-25T19:54:45.867952,Pas barometryczny,1078.85,1078.85,true
session_20260625_195259_P001,1044,106573,2026-06-25T19:54:46.018062,Pas barometryczny,1079.50,1079.50,true
session_20260625_195259_P001,1045,106639,2026-06-25T19:54:46.084171,Pas barometryczny,1080.07,1080.07,true
session_20260625_195259_P001,1046,106752,2026-06-25T19:54:46.197329,Pas barometryczny,1080.51,1080.51,true
session_20260625_195259_P001,1047,106841,2026-06-25T19:54:46.286589,Pas barometryczny,1080.95,1080.95,true
session_20260625_195259_P001,1048,106969,2026-06-25T19:54:46.413828,Pas barometryczny,1081.34,1081.34,true
session_20260625_195259_P001,1049,107063,2026-06-25T19:54:46.508291,Pas barometryczny,1081.71,1081.71,true
session_20260625_195259_P001,1050,107160,2026-06-25T19:54:46.604783,Pas barometryczny,1081.97,1081.97,true
session_20260625_195259_P001,1051,107225,2026-06-25T19:54:46.669758,Pas barometryczny,1082.19,1082.19,true
session_20260625_195259_P001,1052,107359,2026-06-25T19:54:46.804601,Pas barometryczny,1082.76,1082.76,true
session_20260625_195259_P001,1053,107456,2026-06-25T19:54:46.901682,Pas barometryczny,1083.11,1083.11,true
session_20260625_195259_P001,1054,107557,2026-06-25T19:54:47.002463,Pas barometryczny,1083.34,1083.34,true
session_20260625_195259_P001,1055,107672,2026-06-25T19:54:47.117035,Pas barometryczny,1083.40,1083.40,true
session_20260625_195259_P001,1056,107764,2026-06-25T19:54:47.209482,Pas barometryczny,1082.96,1082.96,true
session_20260625_195259_P001,1057,107865,2026-06-25T19:54:47.310646,Pas barometryczny,1082.49,1082.49,true
session_20260625_195259_P001,1058,107967,2026-06-25T19:54:47.412331,Pas barometryczny,1082.08,1082.08,true
session_20260625_195259_P001,1059,108086,2026-06-25T19:54:47.531070,Pas barometryczny,1081.67,1081.67,true
session_20260625_195259_P001,1060,108173,2026-06-25T19:54:47.617946,Pas barometryczny,1081.35,1081.35,true
session_20260625_195259_P001,1061,108275,2026-06-25T19:54:47.720695,Pas barometryczny,1081.03,1081.03,true
session_20260625_195259_P001,1062,108373,2026-06-25T19:54:47.818666,Pas barometryczny,1080.75,1080.75,true
session_20260625_195259_P001,1063,108514,2026-06-25T19:54:47.958817,Pas barometryczny,1080.46,1080.46,true
session_20260625_195259_P001,1064,108573,2026-06-25T19:54:48.018039,Pas barometryczny,1080.19,1080.19,true
session_20260625_195259_P001,1065,108664,2026-06-25T19:54:48.109106,Pas barometryczny,1079.84,1079.84,true
session_20260625_195259_P001,1066,108786,2026-06-25T19:54:48.231207,Pas barometryczny,1079.44,1079.44,true
session_20260625_195259_P001,1067,108890,2026-06-25T19:54:48.335041,Pas barometryczny,1079.04,1079.04,true
session_20260625_195259_P001,1068,108997,2026-06-25T19:54:48.442288,Pas barometryczny,1078.81,1078.81,true
session_20260625_195259_P001,1069,109072,2026-06-25T19:54:48.517302,Pas barometryczny,1078.92,1078.92,true
session_20260625_195259_P001,1070,109187,2026-06-25T19:54:48.632109,Pas barometryczny,1079.29,1079.29,true
session_20260625_195259_P001,1071,109294,2026-06-25T19:54:48.739640,Pas barometryczny,1079.84,1079.84,true
session_20260625_195259_P001,1072,109400,2026-06-25T19:54:48.844755,Pas barometryczny,1080.33,1080.33,true
session_20260625_195259_P001,1073,109484,2026-06-25T19:54:48.929338,Pas barometryczny,1080.79,1080.79,true
session_20260625_195259_P001,1074,109611,2026-06-25T19:54:49.055764,Pas barometryczny,1081.21,1081.21,true
session_20260625_195259_P001,1075,109708,2026-06-25T19:54:49.153173,Pas barometryczny,1081.60,1081.60,true
session_20260625_195259_P001,1076,109804,2026-06-25T19:54:49.248880,Pas barometryczny,1081.88,1081.88,true
session_20260625_195259_P001,1077,109882,2026-06-25T19:54:49.327393,Pas barometryczny,1082.24,1082.24,true
session_20260625_195259_P001,1078,110041,2026-06-25T19:54:49.486103,Pas barometryczny,1082.62,1082.62,true
session_20260625_195259_P001,1079,110116,2026-06-25T19:54:49.561668,Pas barometryczny,1082.95,1082.95,true
session_20260625_195259_P001,1080,110213,2026-06-25T19:54:49.658556,Pas barometryczny,1083.22,1083.22,true
session_20260625_195259_P001,1081,110290,2026-06-25T19:54:49.735197,Pas barometryczny,1083.35,1083.35,true
session_20260625_195259_P001,1082,110436,2026-06-25T19:54:49.881275,Pas barometryczny,1083.75,1083.75,true
session_20260625_195259_P001,1083,110510,2026-06-25T19:54:49.955096,Pas barometryczny,1083.88,1083.88,true
session_20260625_195259_P001,1084,110601,2026-06-25T19:54:50.045863,Pas barometryczny,1083.91,1083.91,true
session_20260625_195259_P001,1085,110689,2026-06-25T19:54:50.133908,Pas barometryczny,1083.81,1083.81,true
session_20260625_195259_P001,1086,110842,2026-06-25T19:54:50.287171,Pas barometryczny,1083.69,1083.69,true
session_20260625_195259_P001,1087,110917,2026-06-25T19:54:50.361848,Pas barometryczny,1083.74,1083.74,true
session_20260625_195259_P001,1088,111017,2026-06-25T19:54:50.462128,Pas barometryczny,1083.60,1083.60,true
session_20260625_195259_P001,1089,111147,2026-06-25T19:54:50.592658,Pas barometryczny,1083.55,1083.55,true
session_20260625_195259_P001,1090,111299,2026-06-25T19:54:50.744383,Pas barometryczny,1083.63,1083.63,true
session_20260625_195259_P001,1091,111332,2026-06-25T19:54:50.777362,Pas barometryczny,1083.74,1083.74,true
session_20260625_195259_P001,1092,111434,2026-06-25T19:54:50.878795,Pas barometryczny,1083.81,1083.81,true
session_20260625_195259_P001,1093,111564,2026-06-25T19:54:51.009620,Pas barometryczny,1083.88,1083.88,true
session_20260625_195259_P001,1094,111659,2026-06-25T19:54:51.104071,Pas barometryczny,1084.00,1084.00,true
session_20260625_195259_P001,1095,111753,2026-06-25T19:54:51.198483,Pas barometryczny,1083.92,1083.92,true
session_20260625_195259_P001,1096,111816,2026-06-25T19:54:51.261515,Pas barometryczny,1083.55,1083.55,true
session_20260625_195259_P001,1097,111972,2026-06-25T19:54:51.417362,Pas barometryczny,1083.11,1083.11,true
session_20260625_195259_P001,1098,112045,2026-06-25T19:54:51.489844,Pas barometryczny,1082.76,1082.76,true
session_20260625_195259_P001,1099,112150,2026-06-25T19:54:51.594796,Pas barometryczny,1082.38,1082.38,true
session_20260625_195259_P001,1100,112219,2026-06-25T19:54:51.664006,Pas barometryczny,1082.07,1082.07,true
session_20260625_195259_P001,1101,112359,2026-06-25T19:54:51.803895,Pas barometryczny,1081.76,1081.76,true
session_20260625_195259_P001,1102,112482,2026-06-25T19:54:51.927131,Pas barometryczny,1081.50,1081.50,true
session_20260625_195259_P001,1103,112535,2026-06-25T19:54:51.980125,Pas barometryczny,1081.25,1081.25,true
session_20260625_195259_P001,1104,112678,2026-06-25T19:54:52.123138,Pas barometryczny,1081.00,1081.00,true
session_20260625_195259_P001,1105,112769,2026-06-25T19:54:52.213969,Pas barometryczny,1080.71,1080.71,true
session_20260625_195259_P001,1106,112863,2026-06-25T19:54:52.308631,Pas barometryczny,1080.56,1080.56,true
session_20260625_195259_P001,1107,112961,2026-06-25T19:54:52.405908,Pas barometryczny,1080.35,1080.35,true
session_20260625_195259_P001,1108,113086,2026-06-25T19:54:52.531113,Pas barometryczny,1080.52,1080.52,true
session_20260625_195259_P001,1109,113191,2026-06-25T19:54:52.636590,Pas barometryczny,1080.97,1080.97,true
session_20260625_195259_P001,1110,113281,2026-06-25T19:54:52.726432,Pas barometryczny,1081.42,1081.42,true
session_20260625_195259_P001,1111,113343,2026-06-25T19:54:52.788411,Pas barometryczny,1081.81,1081.81,true
session_20260625_195259_P001,1112,113511,2026-06-25T19:54:52.956477,Pas barometryczny,1082.37,1082.37,true
session_20260625_195259_P001,1113,113578,2026-06-25T19:54:53.023542,Pas barometryczny,1082.72,1082.72,true
session_20260625_195259_P001,1114,113686,2026-06-25T19:54:53.131141,Pas barometryczny,1083.06,1083.06,true
session_20260625_195259_P001,1115,113785,2026-06-25T19:54:53.229917,Pas barometryczny,1083.37,1083.37,true
session_20260625_195259_P001,1116,113887,2026-06-25T19:54:53.331711,Pas barometryczny,1083.68,1083.68,true
session_20260625_195259_P001,1117,114005,2026-06-25T19:54:53.450149,Pas barometryczny,1083.84,1083.84,true
session_20260625_195259_P001,1118,114100,2026-06-25T19:54:53.545245,Pas barometryczny,1083.72,1083.72,true
session_20260625_195259_P001,1119,114222,2026-06-25T19:54:53.667610,Pas barometryczny,1083.32,1083.32,true
session_20260625_195259_P001,1120,114290,2026-06-25T19:54:53.734885,Pas barometryczny,1082.91,1082.91,true
session_20260625_195259_P001,1121,114391,2026-06-25T19:54:53.836180,Pas barometryczny,1082.50,1082.50,true
session_20260625_195259_P001,1122,114483,2026-06-25T19:54:53.928654,Pas barometryczny,1082.15,1082.15,true
session_20260625_195259_P001,1123,114605,2026-06-25T19:54:54.050556,Pas barometryczny,1081.83,1081.83,true
session_20260625_195259_P001,1124,114699,2026-06-25T19:54:54.144122,Pas barometryczny,1081.52,1081.52,true
session_20260625_195259_P001,1125,114790,2026-06-25T19:54:54.235463,Pas barometryczny,1081.27,1081.27,true
session_20260625_195259_P001,1126,114904,2026-06-25T19:54:54.349122,Pas barometryczny,1081.05,1081.05,true
session_20260625_195259_P001,1127,115012,2026-06-25T19:54:54.457682,Pas barometryczny,1080.90,1080.90,true
session_20260625_195259_P001,1128,115100,2026-06-25T19:54:54.545420,Pas barometryczny,1080.74,1080.74,true
session_20260625_195259_P001,1129,115210,2026-06-25T19:54:54.654879,Pas barometryczny,1080.57,1080.57,true
session_20260625_195259_P001,1130,115279,2026-06-25T19:54:54.723730,Pas barometryczny,1080.45,1080.45,true
session_20260625_195259_P001,1131,115415,2026-06-25T19:54:54.860274,Pas barometryczny,1080.65,1080.65,true
session_20260625_195259_P001,1132,115507,2026-06-25T19:54:54.952054,Pas barometryczny,1081.03,1081.03,true
session_20260625_195259_P001,1133,115604,2026-06-25T19:54:55.048723,Pas barometryczny,1081.48,1081.48,true
session_20260625_195259_P001,1134,115730,2026-06-25T19:54:55.175602,Pas barometryczny,1081.96,1081.96,true
session_20260625_195259_P001,1135,115820,2026-06-25T19:54:55.265666,Pas barometryczny,1082.34,1082.34,true
session_20260625_195259_P001,1136,115935,2026-06-25T19:54:55.380161,Pas barometryczny,1082.63,1082.63,true
session_20260625_195259_P001,1137,115999,2026-06-25T19:54:55.444359,Pas barometryczny,1082.99,1082.99,true
session_20260625_195259_P001,1138,116137,2026-06-25T19:54:55.581788,Pas barometryczny,1083.26,1083.26,true
session_20260625_195259_P001,1139,116237,2026-06-25T19:54:55.681981,Pas barometryczny,1083.61,1083.61,true
session_20260625_195259_P001,1140,116342,2026-06-25T19:54:55.787279,Pas barometryczny,1083.88,1083.88,true
session_20260625_195259_P001,1141,116406,2026-06-25T19:54:55.850745,Pas barometryczny,1084.08,1084.08,true
session_20260625_195259_P001,1142,116560,2026-06-25T19:54:56.005504,Pas barometryczny,1083.32,1083.32,true
session_20260625_195259_P001,1143,116660,2026-06-25T19:54:56.105499,Pas barometryczny,1082.80,1082.80,true
session_20260625_195259_P001,1144,116719,2026-06-25T19:54:56.164318,Pas barometryczny,1082.36,1082.36,true
session_20260625_195259_P001,1145,116810,2026-06-25T19:54:56.255513,Pas barometryczny,1081.99,1081.99,true
session_20260625_195259_P001,1146,116977,2026-06-25T19:54:56.422302,Pas barometryczny,1081.65,1081.65,true
session_20260625_195259_P001,1147,117036,2026-06-25T19:54:56.480820,Pas barometryczny,1081.25,1081.25,true
session_20260625_195259_P001,1148,117128,2026-06-25T19:54:56.573349,Pas barometryczny,1080.97,1080.97,true
session_20260625_195259_P001,1149,117259,2026-06-25T19:54:56.703878,Pas barometryczny,1080.68,1080.68,true
session_20260625_195259_P001,1150,117364,2026-06-25T19:54:56.808903,Pas barometryczny,1080.46,1080.46,true
session_20260625_195259_P001,1151,117459,2026-06-25T19:54:56.904091,Pas barometryczny,1080.18,1080.18,true
session_20260625_195259_P001,1152,117564,2026-06-25T19:54:57.009625,Pas barometryczny,1079.95,1079.95,true
session_20260625_195259_P001,1153,117692,2026-06-25T19:54:57.137232,Pas barometryczny,1079.81,1079.81,true
session_20260625_195259_P001,1154,117754,2026-06-25T19:54:57.199376,Pas barometryczny,1080.13,1080.13,true
session_20260625_195259_P001,1155,117858,2026-06-25T19:54:57.302714,Pas barometryczny,1080.62,1080.62,true
session_20260625_195259_P001,1156,117943,2026-06-25T19:54:57.387740,Pas barometryczny,1081.16,1081.16,true
session_20260625_195259_P001,1157,118093,2026-06-25T19:54:57.538249,Pas barometryczny,1081.64,1081.64,true
session_20260625_195259_P001,1158,118193,2026-06-25T19:54:57.638093,Pas barometryczny,1082.04,1082.04,true
session_20260625_195259_P001,1159,118251,2026-06-25T19:54:57.695714,Pas barometryczny,1082.36,1082.36,true
session_20260625_195259_P001,1160,118340,2026-06-25T19:54:57.785006,Pas barometryczny,1082.67,1082.67,true
session_20260625_195259_P001,1161,118496,2026-06-25T19:54:57.941027,Pas barometryczny,1082.96,1082.96,true
session_20260625_195259_P001,1162,118597,2026-06-25T19:54:58.042655,Pas barometryczny,1083.30,1083.30,true
session_20260625_195259_P001,1163,118653,2026-06-25T19:54:58.098106,Pas barometryczny,1083.64,1083.64,true
session_20260625_195259_P001,1164,118793,2026-06-25T19:54:58.238586,Pas barometryczny,1083.88,1083.88,true
session_20260625_195259_P001,1165,118918,2026-06-25T19:54:58.363211,Pas barometryczny,1084.11,1084.11,true
session_20260625_195259_P001,1166,118969,2026-06-25T19:54:58.414024,Pas barometryczny,1083.95,1083.95,true
session_20260625_195259_P001,1167,119092,2026-06-25T19:54:58.537069,Pas barometryczny,1083.41,1083.41,true
session_20260625_195259_P001,1168,119194,2026-06-25T19:54:58.639236,Pas barometryczny,1082.88,1082.88,true
session_20260625_195259_P001,1169,119305,2026-06-25T19:54:58.749717,Pas barometryczny,1082.38,1082.38,true
session_20260625_195259_P001,1170,119396,2026-06-25T19:54:58.841651,Pas barometryczny,1081.85,1081.85,true
session_20260625_195259_P001,1171,119494,2026-06-25T19:54:58.938854,Pas barometryczny,1081.36,1081.36,true
session_20260625_195259_P001,1172,119611,2026-06-25T19:54:59.056065,Pas barometryczny,1080.80,1080.80,true
session_20260625_195259_P001,1173,119700,2026-06-25T19:54:59.145106,Pas barometryczny,1080.54,1080.54,true
session_20260625_195259_P001,1174,119794,2026-06-25T19:54:59.239382,Pas barometryczny,1080.27,1080.27,true
session_20260625_195259_P001,1175,119882,2026-06-25T19:54:59.326828,Pas barometryczny,1080.09,1080.09,true
session_20260625_195259_P001,1176,120011,2026-06-25T19:54:59.455738,Pas barometryczny,1079.87,1079.87,true
session_20260625_195259_P001,1177,120108,2026-06-25T19:54:59.553702,Pas barometryczny,1079.76,1079.76,true
session_20260625_195259_P001,1178,120213,2026-06-25T19:54:59.658673,Pas barometryczny,1079.80,1079.80,true
session_20260625_195259_P001,1179,120323,2026-06-25T19:54:59.768380,Pas barometryczny,1080.22,1080.22,true
session_20260625_195259_P001,1180,120408,2026-06-25T19:54:59.853261,Pas barometryczny,1080.83,1080.83,true
session_20260625_195259_P001,1181,120501,2026-06-25T19:54:59.946281,Pas barometryczny,1081.31,1081.31,true
session_20260625_195259_P001,1182,120603,2026-06-25T19:55:00.048239,Pas barometryczny,1081.72,1081.72,true
session_20260625_195259_P001,1183,120727,2026-06-25T19:55:00.171856,Pas barometryczny,1082.12,1082.12,true
session_20260625_195259_P001,1184,120821,2026-06-25T19:55:00.266096,Pas barometryczny,1082.46,1082.46,true
session_20260625_195259_P001,1185,120909,2026-06-25T19:55:00.354375,Pas barometryczny,1082.79,1082.79,true
session_20260625_195259_P001,1186,121015,2026-06-25T19:55:00.460420,Pas barometryczny,1083.09,1083.09,true
session_20260625_195259_P001,1187,121135,2026-06-25T19:55:00.579992,Pas barometryczny,1083.32,1083.32,true
session_20260625_195259_P001,1188,121231,2026-06-25T19:55:00.676336,Pas barometryczny,1083.52,1083.52,true
session_20260625_195259_P001,1189,121312,2026-06-25T19:55:00.757001,Pas barometryczny,1083.47,1083.47,true
session_20260625_195259_P001,1190,121419,2026-06-25T19:55:00.864558,Pas barometryczny,1083.41,1083.41,true
session_20260625_195259_P001,1191,121536,2026-06-25T19:55:00.981322,Pas barometryczny,1083.42,1083.42,true
session_20260625_195259_P001,1192,121625,2026-06-25T19:55:01.070351,Pas barometryczny,1083.41,1083.41,true
session_20260625_195259_P001,1193,121715,2026-06-25T19:55:01.160210,Pas barometryczny,1083.29,1083.29,true
session_20260625_195259_P001,1194,121879,2026-06-25T19:55:01.324235,Pas barometryczny,1082.92,1082.92,true
session_20260625_195259_P001,1195,121941,2026-06-25T19:55:01.385782,Pas barometryczny,1082.36,1082.36,true
session_20260625_195259_P001,1196,122038,2026-06-25T19:55:01.482921,Pas barometryczny,1082.06,1082.06,true
session_20260625_195259_P001,1197,122120,2026-06-25T19:55:01.565562,Pas barometryczny,1082.10,1082.10,true
session_20260625_195259_P001,1198,122258,2026-06-25T19:55:01.702846,Pas barometryczny,1083.88,1083.88,true
session_20260625_195259_P001,1199,122355,2026-06-25T19:55:01.800325,Pas barometryczny,1081.01,1081.01,true
session_20260625_195259_P001,1200,122436,2026-06-25T19:55:01.880976,Pas barometryczny,1079.95,1079.95,true
session_20260625_195259_P001,1201,122535,2026-06-25T19:55:01.980553,Pas barometryczny,1079.71,1079.71,true
session_20260625_195259_P001,1202,122675,2026-06-25T19:55:02.120113,Pas barometryczny,1080.06,1080.06,true
session_20260625_195259_P001,1203,122769,2026-06-25T19:55:02.213953,Pas barometryczny,1080.08,1080.08,true
session_20260625_195259_P001,1204,122861,2026-06-25T19:55:02.305739,Pas barometryczny,1079.73,1079.73,true
session_20260625_195259_P001,1205,122932,2026-06-25T19:55:02.377485,Pas barometryczny,1079.54,1079.54,true
session_20260625_195259_P001,1206,123096,2026-06-25T19:55:02.540936,Pas barometryczny,1078.98,1078.98,true
session_20260625_195259_P001,1207,123209,2026-06-25T19:55:02.654095,Pas barometryczny,1078.92,1078.92,true
session_20260625_195259_P001,1208,123258,2026-06-25T19:55:02.703505,Pas barometryczny,1079.06,1079.06,true
session_20260625_195259_P001,1209,123419,2026-06-25T19:55:02.863778,Pas barometryczny,1079.62,1079.62,true
session_20260625_195259_P001,1210,123492,2026-06-25T19:55:02.937014,Pas barometryczny,1079.90,1079.90,true
session_20260625_195259_P001,1211,123559,2026-06-25T19:55:03.004134,Pas barometryczny,1080.10,1080.10,true
session_20260625_195259_P001,1212,123649,2026-06-25T19:55:03.094236,Pas barometryczny,1079.37,1079.37,true
session_20260625_195259_P001,1213,123805,2026-06-25T19:55:03.250288,Pas barometryczny,1078.84,1078.84,true
session_20260625_195259_P001,1214,123876,2026-06-25T19:55:03.321009,Pas barometryczny,1078.39,1078.39,true
session_20260625_195259_P001,1215,123991,2026-06-25T19:55:03.435906,Pas barometryczny,1078.31,1078.31,true
session_20260625_195259_P001,1216,124074,2026-06-25T19:55:03.518788,Pas barometryczny,1078.59,1078.59,true
session_20260625_195259_P001,1217,124218,2026-06-25T19:55:03.663473,Pas barometryczny,1078.95,1078.95,true
session_20260625_195259_P001,1218,124293,2026-06-25T19:55:03.738172,Pas barometryczny,1079.36,1079.36,true
session_20260625_195259_P001,1219,124387,2026-06-25T19:55:03.832490,Pas barometryczny,1079.61,1079.61,true
session_20260625_195259_P001,1220,124461,2026-06-25T19:55:03.906291,Pas barometryczny,1079.75,1079.75,true
session_20260625_195259_P001,1221,124600,2026-06-25T19:55:04.045062,Pas barometryczny,1080.17,1080.17,true
session_20260625_195259_P001,1222,124713,2026-06-25T19:55:04.157805,Pas barometryczny,1081.08,1081.08,true
session_20260625_195259_P001,1223,124772,2026-06-25T19:55:04.217538,Pas barometryczny,1081.39,1081.39,true
session_20260625_195259_P001,1224,124908,2026-06-25T19:55:04.352734,Pas barometryczny,1081.88,1081.88,true
session_20260625_195259_P001,1225,125023,2026-06-25T19:55:04.468177,Pas barometryczny,1082.22,1082.22,true
session_20260625_195259_P001,1226,125113,2026-06-25T19:55:04.558205,Pas barometryczny,1082.20,1082.20,true
session_20260625_195259_P001,1227,125234,2026-06-25T19:55:04.678850,Pas barometryczny,1081.55,1081.55,true
session_20260625_195259_P001,1228,125319,2026-06-25T19:55:04.764558,Pas barometryczny,1080.89,1080.89,true
session_20260625_195259_P001,1229,125472,2026-06-25T19:55:04.917056,Pas barometryczny,1080.53,1080.53,true
session_20260625_195259_P001,1230,125522,2026-06-25T19:55:04.967682,Pas barometryczny,1080.19,1080.19,true
session_20260625_195259_P001,1231,125612,2026-06-25T19:55:05.057636,Pas barometryczny,1079.34,1079.34,true
session_20260625_195259_P001,1232,125825,2026-06-25T19:55:05.270076,Pas barometryczny,1078.74,1078.74,true
session_20260625_195259_P001,1233,125873,2026-06-25T19:55:05.318569,Pas barometryczny,1077.99,1077.99,true
session_20260625_195259_P001,1234,125938,2026-06-25T19:55:05.383618,Pas barometryczny,1078.50,1078.50,true
session_20260625_195259_P001,1235,125988,2026-06-25T19:55:05.432743,Pas barometryczny,1078.29,1078.29,true
session_20260625_195259_P001,1236,126129,2026-06-25T19:55:05.574396,Pas barometryczny,1078.96,1078.96,true
session_20260625_195259_P001,1237,126225,2026-06-25T19:55:05.670149,Pas barometryczny,1079.53,1079.53,true
session_20260625_195259_P001,1238,126302,2026-06-25T19:55:05.747284,Pas barometryczny,1079.88,1079.88,true
session_20260625_195259_P001,1239,126442,2026-06-25T19:55:05.887013,Pas barometryczny,1079.93,1079.93,true
session_20260625_195259_P001,1240,126528,2026-06-25T19:55:05.973329,Pas barometryczny,1079.78,1079.78,true
session_20260625_195259_P001,1241,126686,2026-06-25T19:55:06.131123,Pas barometryczny,1079.47,1079.47,true
session_20260625_195259_P001,1242,126729,2026-06-25T19:55:06.174138,Pas barometryczny,1079.14,1079.14,true
session_20260625_195259_P001,1243,126844,2026-06-25T19:55:06.289349,Pas barometryczny,1079.40,1079.40,true
session_20260625_195259_P001,1244,126932,2026-06-25T19:55:06.377533,Pas barometryczny,1079.33,1079.33,true
session_20260625_195259_P001,1245,127026,2026-06-25T19:55:06.470776,Pas barometryczny,1079.27,1079.27,true
session_20260625_195259_P001,1246,127118,2026-06-25T19:55:06.563424,Pas barometryczny,1079.15,1079.15,true
session_20260625_195259_P001,1247,127269,2026-06-25T19:55:06.713824,Pas barometryczny,1078.83,1078.83,true
session_20260625_195259_P001,1248,127346,2026-06-25T19:55:06.791461,Pas barometryczny,1078.81,1078.81,true
session_20260625_195259_P001,1249,127446,2026-06-25T19:55:06.890752,Pas barometryczny,1079.21,1079.21,true
session_20260625_195259_P001,1250,127517,2026-06-25T19:55:06.962522,Pas barometryczny,1078.64,1078.64,true
session_20260625_195259_P001,1251,127672,2026-06-25T19:55:07.117368,Pas barometryczny,1077.76,1077.76,true
session_20260625_195259_P001,1252,127752,2026-06-25T19:55:07.197437,Pas barometryczny,1078.14,1078.14,true
session_20260625_195259_P001,1253,127841,2026-06-25T19:55:07.286592,Pas barometryczny,1078.69,1078.69,true
session_20260625_195259_P001,1254,127982,2026-06-25T19:55:07.427565,Pas barometryczny,1078.94,1078.94,true
session_20260625_195259_P001,1255,128061,2026-06-25T19:55:07.506453,Pas barometryczny,1079.43,1079.43,true
session_20260625_195259_P001,1256,128154,2026-06-25T19:55:07.598950,Pas barometryczny,1079.94,1079.94,true
session_20260625_195259_P001,1257,128250,2026-06-25T19:55:07.695013,Pas barometryczny,1080.53,1080.53,true
session_20260625_195259_P001,1258,128379,2026-06-25T19:55:07.823726,Pas barometryczny,1080.40,1080.40,true
session_20260625_195259_P001,1259,128477,2026-06-25T19:55:07.922414,Pas barometryczny,1080.83,1080.83,true
session_20260625_195259_P001,1260,128565,2026-06-25T19:55:08.010554,Pas barometryczny,1080.85,1080.85,true
session_20260625_195259_P001,1261,128658,2026-06-25T19:55:08.103196,Pas barometryczny,1080.40,1080.40,true
session_20260625_195259_P001,1262,128804,2026-06-25T19:55:08.248720,Pas barometryczny,1079.98,1079.98,true
session_20260625_195259_P001,1263,128915,2026-06-25T19:55:08.360309,Pas barometryczny,1080.52,1080.52,true
session_20260625_195259_P001,1264,128959,2026-06-25T19:55:08.403815,Pas barometryczny,1079.68,1079.68,true
session_20260625_195259_P001,1265,129053,2026-06-25T19:55:08.498376,Pas barometryczny,1078.62,1078.62,true
session_20260625_195259_P001,1266,129213,2026-06-25T19:55:08.658430,Pas barometryczny,1078.42,1078.42,true
session_20260625_195259_P001,1267,129292,2026-06-25T19:55:08.737314,Pas barometryczny,1078.42,1078.42,true
session_20260625_195259_P001,1268,129369,2026-06-25T19:55:08.814659,Pas barometryczny,1078.38,1078.38,true
session_20260625_195259_P001,1269,129535,2026-06-25T19:55:08.980480,Pas barometryczny,1078.71,1078.71,true
session_20260625_195259_P001,1270,129590,2026-06-25T19:55:09.035406,Pas barometryczny,1078.80,1078.80,true
session_20260625_195259_P001,1271,129702,2026-06-25T19:55:09.147344,Pas barometryczny,1079.06,1079.06,true
session_20260625_195259_P001,1272,129802,2026-06-25T19:55:09.246737,Pas barometryczny,1078.49,1078.49,true
session_20260625_195259_P001,1273,129903,2026-06-25T19:55:09.348398,Pas barometryczny,1078.89,1078.89,true
session_20260625_195259_P001,1274,129993,2026-06-25T19:55:09.438167,Pas barometryczny,1078.64,1078.64,true
session_20260625_195259_P001,1275,130083,2026-06-25T19:55:09.528521,Pas barometryczny,1078.43,1078.43,true
session_20260625_195259_P001,1276,130198,2026-06-25T19:55:09.643303,Pas barometryczny,1078.67,1078.67,true
session_20260625_195259_P001,1277,130323,2026-06-25T19:55:09.767828,Pas barometryczny,1079.12,1079.12,true
session_20260625_195259_P001,1278,130426,2026-06-25T19:55:09.871533,Pas barometryczny,1078.97,1078.97,true
session_20260625_195259_P001,1279,130512,2026-06-25T19:55:09.957171,Pas barometryczny,1078.19,1078.19,true
session_20260625_195259_P001,1280,130579,2026-06-25T19:55:10.024459,Pas barometryczny,1078.62,1078.62,true
session_20260625_195259_P001,1281,130746,2026-06-25T19:55:10.190836,Pas barometryczny,1079.18,1079.18,true
session_20260625_195259_P001,1282,130811,2026-06-25T19:55:10.256465,Pas barometryczny,1079.46,1079.46,true
session_20260625_195259_P001,1283,130895,2026-06-25T19:55:10.339921,Pas barometryczny,1079.76,1079.76,true
session_20260625_195259_P001,1284,131030,2026-06-25T19:55:10.475674,Pas barometryczny,1079.87,1079.87,true
session_20260625_195259_P001,1285,131118,2026-06-25T19:55:10.563048,Pas barometryczny,1080.44,1080.44,true
session_20260625_195259_P001,1286,131208,2026-06-25T19:55:10.653675,Pas barometryczny,1080.82,1080.82,true
session_20260625_195259_P001,1287,131335,2026-06-25T19:55:10.780661,Pas barometryczny,1080.97,1080.97,true
session_20260625_195259_P001,1288,131433,2026-06-25T19:55:10.878431,Pas barometryczny,1081.37,1081.37,true
session_20260625_195259_P001,1289,131527,2026-06-25T19:55:10.972266,Pas barometryczny,1081.16,1081.16,true
session_20260625_195259_P001,1290,131614,2026-06-25T19:55:11.059292,Pas barometryczny,1081.52,1081.52,true
session_20260625_195259_P001,1291,131732,2026-06-25T19:55:11.177096,Pas barometryczny,1081.67,1081.67,true
session_20260625_195259_P001,1292,131841,2026-06-25T19:55:11.285920,Pas barometryczny,1081.74,1081.74,true
session_20260625_195259_P001,1293,131936,2026-06-25T19:55:11.381640,Pas barometryczny,1081.08,1081.08,true
session_20260625_195259_P001,1294,132032,2026-06-25T19:55:11.477616,Pas barometryczny,1081.78,1081.78,true
session_20260625_195259_P001,1295,132142,2026-06-25T19:55:11.586740,Pas barometryczny,1082.05,1082.05,true
session_20260625_195259_P001,1296,132249,2026-06-25T19:55:11.693899,Pas barometryczny,1082.12,1082.12,true
session_20260625_195259_P001,1297,132343,2026-06-25T19:55:11.787979,Pas barometryczny,1082.43,1082.43,true
session_20260625_195259_P001,1298,132424,2026-06-25T19:55:11.869675,Pas barometryczny,1082.56,1082.56,true
session_20260625_195259_P001,1299,132595,2026-06-25T19:55:12.040085,Pas barometryczny,1082.83,1082.83,true
session_20260625_195259_P001,1300,132649,2026-06-25T19:55:12.094061,Pas barometryczny,1082.56,1082.56,true
session_20260625_195259_P001,1301,132738,2026-06-25T19:55:12.183017,Pas barometryczny,1082.23,1082.23,true
session_20260625_195259_P001,1302,132836,2026-06-25T19:55:12.280894,Pas barometryczny,1082.21,1082.21,true
session_20260625_195259_P001,1303,132965,2026-06-25T19:55:12.410228,Pas barometryczny,1082.04,1082.04,true
session_20260625_195259_P001,1304,133060,2026-06-25T19:55:12.505454,Pas barometryczny,1082.13,1082.13,true
session_20260625_195259_P001,1305,133152,2026-06-25T19:55:12.596790,Pas barometryczny,1081.82,1081.82,true
session_20260625_195259_P001,1306,133243,2026-06-25T19:55:12.688708,Pas barometryczny,1081.24,1081.24,true
session_20260625_195259_P001,1307,133369,2026-06-25T19:55:12.814181,Pas barometryczny,1081.25,1081.25,true
session_20260625_195259_P001,1308,133486,2026-06-25T19:55:12.931567,Pas barometryczny,1081.23,1081.23,true
session_20260625_195259_P001,1309,133548,2026-06-25T19:55:12.993354,Pas barometryczny,1081.12,1081.12,true
session_20260625_195259_P001,1310,133647,2026-06-25T19:55:13.091936,Pas barometryczny,1081.23,1081.23,true
session_20260625_195259_P001,1311,133806,2026-06-25T19:55:13.250915,Pas barometryczny,1081.62,1081.62,true
session_20260625_195259_P001,1312,133869,2026-06-25T19:55:13.314291,Pas barometryczny,1080.93,1080.93,true
session_20260625_195259_P001,1313,133962,2026-06-25T19:55:13.407204,Pas barometryczny,1080.80,1080.80,true
session_20260625_195259_P001,1314,134088,2026-06-25T19:55:13.533514,Pas barometryczny,1080.48,1080.48,true
session_20260625_195259_P001,1315,134202,2026-06-25T19:55:13.647552,Pas barometryczny,1080.16,1080.16,true
session_20260625_195259_P001,1316,134270,2026-06-25T19:55:13.714885,Pas barometryczny,1080.05,1080.05,true
session_20260625_195259_P001,1317,134367,2026-06-25T19:55:13.812626,Pas barometryczny,1080.33,1080.33,true
session_20260625_195259_P001,1318,134529,2026-06-25T19:55:13.974070,Pas barometryczny,1080.02,1080.02,true
session_20260625_195259_P001,1319,134589,2026-06-25T19:55:14.034060,Pas barometryczny,1079.07,1079.07,true
session_20260625_195259_P001,1320,134686,2026-06-25T19:55:14.130902,Pas barometryczny,1078.65,1078.65,true
session_20260625_195259_P001,1321,134787,2026-06-25T19:55:14.232229,Pas barometryczny,1078.12,1078.12,true
session_20260625_195259_P001,1322,134917,2026-06-25T19:55:14.362427,Pas barometryczny,1078.35,1078.35,true
session_20260625_195259_P001,1323,135009,2026-06-25T19:55:14.454490,Pas barometryczny,1078.57,1078.57,true
session_20260625_195259_P001,1324,135108,2026-06-25T19:55:14.553403,Pas barometryczny,1078.18,1078.18,true
session_20260625_195259_P001,1325,135168,2026-06-25T19:55:14.613298,Pas barometryczny,1078.48,1078.48,true
session_20260625_195259_P001,1326,135338,2026-06-25T19:55:14.783183,Pas barometryczny,1078.00,1078.00,true
session_20260625_195259_P001,1327,135416,2026-06-25T19:55:14.861095,Pas barometryczny,1077.87,1077.87,true
session_20260625_195259_P001,1328,135509,2026-06-25T19:55:14.954151,Pas barometryczny,1077.98,1077.98,true
session_20260625_195259_P001,1329,135645,2026-06-25T19:55:15.090222,Pas barometryczny,1078.49,1078.49,true
session_20260625_195259_P001,1330,135709,2026-06-25T19:55:15.154034,Pas barometryczny,1078.58,1078.58,true
session_20260625_195259_P001,1331,135837,2026-06-25T19:55:15.282158,Pas barometryczny,1078.28,1078.28,true
session_20260625_195259_P001,1332,135888,2026-06-25T19:55:15.333466,Pas barometryczny,1078.02,1078.02,true
session_20260625_195259_P001,1333,136057,2026-06-25T19:55:15.502100,Pas barometryczny,1077.75,1077.75,true
session_20260625_195259_P001,1334,136146,2026-06-25T19:55:15.591558,Pas barometryczny,1077.77,1077.77,true
session_20260625_195259_P001,1335,136206,2026-06-25T19:55:15.651108,Pas barometryczny,1078.21,1078.21,true
session_20260625_195259_P001,1336,136297,2026-06-25T19:55:15.742612,Pas barometryczny,1078.72,1078.72,true
session_20260625_195259_P001,1337,136445,2026-06-25T19:55:15.890436,Pas barometryczny,1078.49,1078.49,true
session_20260625_195259_P001,1338,136556,2026-06-25T19:55:16.000846,Pas barometryczny,1078.15,1078.15,true
session_20260625_195259_P001,1339,136610,2026-06-25T19:55:16.055186,Pas barometryczny,1078.23,1078.23,true
session_20260625_195259_P001,1340,136723,2026-06-25T19:55:16.168259,Pas barometryczny,1078.24,1078.24,true
session_20260625_195259_P001,1341,136876,2026-06-25T19:55:16.320915,Pas barometryczny,1078.42,1078.42,true
session_20260625_195259_P001,1342,136941,2026-06-25T19:55:16.386386,Pas barometryczny,1078.81,1078.81,true
session_20260625_195259_P001,1343,137036,2026-06-25T19:55:16.481082,Pas barometryczny,1079.50,1079.50,true
session_20260625_195259_P001,1344,137180,2026-06-25T19:55:16.625444,Pas barometryczny,1078.49,1078.49,true
session_20260625_195259_P001,1345,137247,2026-06-25T19:55:16.691725,Pas barometryczny,1077.92,1077.92,true
session_20260625_195259_P001,1346,137352,2026-06-25T19:55:16.796969,Pas barometryczny,1078.66,1078.66,true
session_20260625_195259_P001,1347,137444,2026-06-25T19:55:16.889018,Pas barometryczny,1078.81,1078.81,true
session_20260625_195259_P001,1348,137558,2026-06-25T19:55:17.003606,Pas barometryczny,1079.02,1079.02,true
session_20260625_195259_P001,1349,137664,2026-06-25T19:55:17.109288,Pas barometryczny,1079.53,1079.53,true
session_20260625_195259_P001,1350,137748,2026-06-25T19:55:17.192783,Pas barometryczny,1079.90,1079.90,true
session_20260625_195259_P001,1351,137823,2026-06-25T19:55:17.268330,Pas barometryczny,1080.45,1080.45,true
session_20260625_195259_P001,1352,137959,2026-06-25T19:55:17.404476,Pas barometryczny,1080.59,1080.59,true
session_20260625_195259_P001,1353,138055,2026-06-25T19:55:17.500007,Pas barometryczny,1080.61,1080.61,true
session_20260625_195259_P001,1354,138165,2026-06-25T19:55:17.610260,Pas barometryczny,1080.84,1080.84,true
session_20260625_195259_P001,1355,138235,2026-06-25T19:55:17.680129,Pas barometryczny,1080.92,1080.92,true
session_20260625_195259_P001,1356,138365,2026-06-25T19:55:17.810287,Pas barometryczny,1081.22,1081.22,true
session_20260625_195259_P001,1357,138460,2026-06-25T19:55:17.905381,Pas barometryczny,1080.62,1080.62,true
session_20260625_195259_P001,1358,138558,2026-06-25T19:55:18.003559,Pas barometryczny,1080.88,1080.88,true
session_20260625_195259_P001,1359,138711,2026-06-25T19:55:18.156590,Pas barometryczny,1081.37,1081.37,true
session_20260625_195259_P001,1360,138770,2026-06-25T19:55:18.215180,Pas barometryczny,1081.44,1081.44,true
session_20260625_195259_P001,1361,138859,2026-06-25T19:55:18.303885,Pas barometryczny,1081.78,1081.78,true
session_20260625_195259_P001,1362,138949,2026-06-25T19:55:18.394322,Pas barometryczny,1081.71,1081.71,true
session_20260625_195259_P001,1363,139114,2026-06-25T19:55:18.559024,Pas barometryczny,1081.85,1081.85,true
session_20260625_195259_P001,1364,139176,2026-06-25T19:55:18.621132,Pas barometryczny,1081.78,1081.78,true
session_20260625_195259_P001,1365,139271,2026-06-25T19:55:18.716563,Pas barometryczny,1081.52,1081.52,true
session_20260625_195259_P001,1366,139363,2026-06-25T19:55:18.808618,Pas barometryczny,1081.63,1081.63,true
session_20260625_195259_P001,1367,139496,2026-06-25T19:55:18.941313,Pas barometryczny,1081.65,1081.65,true
session_20260625_195259_P001,1368,139597,2026-06-25T19:55:19.042549,Pas barometryczny,1081.43,1081.43,true
session_20260625_195259_P001,1369,139669,2026-06-25T19:55:19.113985,Pas barometryczny,1081.30,1081.30,true
session_20260625_195259_P001,1370,139768,2026-06-25T19:55:19.213691,Pas barometryczny,1080.72,1080.72,true
session_20260625_195259_P001,1371,139938,2026-06-25T19:55:19.383283,Pas barometryczny,1080.15,1080.15,true
session_20260625_195259_P001,1372,139999,2026-06-25T19:55:19.444676,Pas barometryczny,1080.12,1080.12,true
session_20260625_195259_P001,1373,140074,2026-06-25T19:55:19.519491,Pas barometryczny,1080.06,1080.06,true
session_20260625_195259_P001,1374,140229,2026-06-25T19:55:19.674159,Pas barometryczny,1079.84,1079.84,true
session_20260625_195259_P001,1375,140325,2026-06-25T19:55:19.770181,Pas barometryczny,1079.93,1079.93,true
session_20260625_195259_P001,1376,140391,2026-06-25T19:55:19.836610,Pas barometryczny,1080.29,1080.29,true
session_20260625_195259_P001,1377,140481,2026-06-25T19:55:19.926184,Pas barometryczny,1080.08,1080.08,true
session_20260625_195259_P001,1378,140639,2026-06-25T19:55:20.083756,Pas barometryczny,1079.91,1079.91,true
session_20260625_195259_P001,1379,140727,2026-06-25T19:55:20.172636,Pas barometryczny,1079.25,1079.25,true
session_20260625_195259_P001,1380,140798,2026-06-25T19:55:20.243617,Pas barometryczny,1079.11,1079.11,true
session_20260625_195259_P001,1381,140897,2026-06-25T19:55:20.342580,Pas barometryczny,1079.13,1079.13,true
session_20260625_195259_P001,1382,141043,2026-06-25T19:55:20.487713,Pas barometryczny,1079.12,1079.12,true
session_20260625_195259_P001,1383,141109,2026-06-25T19:55:20.554052,Pas barometryczny,1078.82,1078.82,true
session_20260625_195259_P001,1384,141233,2026-06-25T19:55:20.678379,Pas barometryczny,1077.93,1077.93,true
session_20260625_195259_P001,1385,141288,2026-06-25T19:55:20.733224,Pas barometryczny,1078.04,1078.04,true
session_20260625_195259_P001,1386,141429,2026-06-25T19:55:20.874414,Pas barometryczny,1078.06,1078.06,true
session_20260625_195259_P001,1387,141522,2026-06-25T19:55:20.967412,Pas barometryczny,1077.78,1077.78,true
session_20260625_195259_P001,1388,141636,2026-06-25T19:55:21.081355,Pas barometryczny,1077.63,1077.63,true
session_20260625_195259_P001,1389,141767,2026-06-25T19:55:21.212536,Pas barometryczny,1078.07,1078.07,true
session_20260625_195259_P001,1390,141878,2026-06-25T19:55:21.322949,Pas barometryczny,1078.05,1078.05,true
session_20260625_195259_P001,1391,141942,2026-06-25T19:55:21.386722,Pas barometryczny,1077.85,1077.85,true
session_20260625_195259_P001,1392,142035,2026-06-25T19:55:21.480328,Pas barometryczny,1078.46,1078.46,true
session_20260625_195259_P001,1393,142168,2026-06-25T19:55:21.613683,Pas barometryczny,1078.79,1078.79,true
session_20260625_195259_P001,1394,142267,2026-06-25T19:55:21.712578,Pas barometryczny,1078.62,1078.62,true
session_20260625_195259_P001,1395,142340,2026-06-25T19:55:21.785001,Pas barometryczny,1078.90,1078.90,true
session_20260625_195259_P001,1396,142436,2026-06-25T19:55:21.880933,Pas barometryczny,1078.98,1078.98,true
session_20260625_195259_P001,1397,142560,2026-06-25T19:55:22.005238,Pas barometryczny,1079.22,1079.22,true
session_20260625_195259_P001,1398,142650,2026-06-25T19:55:22.094832,Pas barometryczny,1079.55,1079.55,true
session_20260625_195259_P001,1399,142744,2026-06-25T19:55:22.189612,Pas barometryczny,1079.78,1079.78,true
session_20260625_195259_P001,1400,142831,2026-06-25T19:55:22.276399,Pas barometryczny,1079.50,1079.50,true
session_20260625_195259_P001,1401,142966,2026-06-25T19:55:22.411345,Pas barometryczny,1079.60,1079.60,true
session_20260625_195259_P001,1402,143070,2026-06-25T19:55:22.514863,Pas barometryczny,1079.96,1079.96,true
session_20260625_195259_P001,1403,143165,2026-06-25T19:55:22.609719,Pas barometryczny,1080.04,1080.04,true
session_20260625_195259_P001,1404,143282,2026-06-25T19:55:22.727495,Pas barometryczny,1080.31,1080.31,true
session_20260625_195259_P001,1405,143392,2026-06-25T19:55:22.837467,Pas barometryczny,1080.42,1080.42,true
session_20260625_195259_P001,1406,143460,2026-06-25T19:55:22.905196,Pas barometryczny,1080.29,1080.29,true
session_20260625_195259_P001,1407,143574,2026-06-25T19:55:23.019631,Pas barometryczny,1080.38,1080.38,true
session_20260625_195259_P001,1408,143723,2026-06-25T19:55:23.168114,Pas barometryczny,1079.88,1079.88,true
session_20260625_195259_P001,1409,143766,2026-06-25T19:55:23.210897,Pas barometryczny,1079.49,1079.49,true
session_20260625_195259_P001,1410,143855,2026-06-25T19:55:23.300572,Pas barometryczny,1079.84,1079.84,true
session_20260625_195259_P001,1411,143958,2026-06-25T19:55:23.402804,Pas barometryczny,1079.06,1079.06,true
session_20260625_195259_P001,1412,144085,2026-06-25T19:55:23.530283,Pas barometryczny,1078.99,1078.99,true
session_20260625_195259_P001,1413,144178,2026-06-25T19:55:23.623165,Pas barometryczny,1079.51,1079.51,true
session_20260625_195259_P001,1414,144281,2026-06-25T19:55:23.725713,Pas barometryczny,1079.08,1079.08,true
session_20260625_195259_P001,1415,144377,2026-06-25T19:55:23.821926,Pas barometryczny,1078.10,1078.10,true
session_20260625_195259_P001,1416,144485,2026-06-25T19:55:23.930266,Pas barometryczny,1077.83,1077.83,true
session_20260625_195259_P001,1417,144605,2026-06-25T19:55:24.050433,Pas barometryczny,1078.14,1078.14,true
session_20260625_195259_P001,1418,144664,2026-06-25T19:55:24.109240,Pas barometryczny,1078.53,1078.53,true
session_20260625_195259_P001,1419,144801,2026-06-25T19:55:24.246557,Pas barometryczny,1078.89,1078.89,true
session_20260625_195259_P001,1420,144903,2026-06-25T19:55:24.348395,Pas barometryczny,1079.32,1079.32,true
session_20260625_195259_P001,1421,144988,2026-06-25T19:55:24.433407,Pas barometryczny,1079.75,1079.75,true
session_20260625_195259_P001,1422,145097,2026-06-25T19:55:24.542290,Pas barometryczny,1079.66,1079.66,true
session_20260625_195259_P001,1423,145226,2026-06-25T19:55:24.670831,Pas barometryczny,1079.60,1079.60,true
session_20260625_195259_P001,1424,145296,2026-06-25T19:55:24.741292,Pas barometryczny,1079.58,1079.58,true
session_20260625_195259_P001,1425,145385,2026-06-25T19:55:24.830001,Pas barometryczny,1080.10,1080.10,true
session_20260625_195259_P001,1426,145474,2026-06-25T19:55:24.918820,Pas barometryczny,1080.37,1080.37,true
session_20260625_195259_P001,1427,145644,2026-06-25T19:55:25.089340,Pas barometryczny,1080.29,1080.29,true
session_20260625_195259_P001,1428,145699,2026-06-25T19:55:25.144420,Pas barometryczny,1080.57,1080.57,true
session_20260625_195259_P001,1429,145788,2026-06-25T19:55:25.233697,Pas barometryczny,1079.93,1079.93,true
session_20260625_195259_P001,1430,145890,2026-06-25T19:55:25.335240,Pas barometryczny,1080.48,1080.48,true
session_20260625_195259_P001,1431,146047,2026-06-25T19:55:25.492388,Pas barometryczny,1080.94,1080.94,true
session_20260625_195259_P001,1432,146106,2026-06-25T19:55:25.551568,Pas barometryczny,1081.09,1081.09,true
session_20260625_195259_P001,1433,146203,2026-06-25T19:55:25.648359,Pas barometryczny,1081.46,1081.46,true
session_20260625_195259_P001,1434,146372,2026-06-25T19:55:25.817146,Pas barometryczny,1081.72,1081.72,true
session_20260625_195259_P001,1435,146444,2026-06-25T19:55:25.889333,Pas barometryczny,1082.09,1082.09,true
session_20260625_195259_P001,1436,146510,2026-06-25T19:55:25.955185,Pas barometryczny,1081.54,1081.54,true
session_20260625_195259_P001,1437,146598,2026-06-25T19:55:26.043377,Pas barometryczny,1080.82,1080.82,true
session_20260625_195259_P001,1438,146751,2026-06-25T19:55:26.196372,Pas barometryczny,1080.44,1080.44,true
session_20260625_195259_P001,1439,146846,2026-06-25T19:55:26.291453,Pas barometryczny,1080.32,1080.32,true
session_20260625_195259_P001,1440,146950,2026-06-25T19:55:26.395608,Pas barometryczny,1080.14,1080.14,true
session_20260625_195259_P001,1441,147004,2026-06-25T19:55:26.448849,Pas barometryczny,1079.78,1079.78,true
session_20260625_195259_P001,1442,147171,2026-06-25T19:55:26.615760,Pas barometryczny,1079.34,1079.34,true
session_20260625_195259_P001,1443,147231,2026-06-25T19:55:26.676019,Pas barometryczny,1079.25,1079.25,true
session_20260625_195259_P001,1444,147347,2026-06-25T19:55:26.792314,Pas barometryczny,1078.94,1078.94,true
session_20260625_195259_P001,1445,147410,2026-06-25T19:55:26.855136,Pas barometryczny,1078.98,1078.98,true
session_20260625_195259_P001,1446,147563,2026-06-25T19:55:27.008312,Pas barometryczny,1079.26,1079.26,true
session_20260625_195259_P001,1447,147667,2026-06-25T19:55:27.112116,Pas barometryczny,1079.41,1079.41,true
session_20260625_195259_P001,1448,147724,2026-06-25T19:55:27.168731,Pas barometryczny,1079.50,1079.50,true
session_20260625_195259_P001,1449,147858,2026-06-25T19:55:27.303372,Pas barometryczny,1078.59,1078.59,true
session_20260625_195259_P001,1450,147970,2026-06-25T19:55:27.415251,Pas barometryczny,1078.45,1078.45,true
session_20260625_195259_P001,1451,148065,2026-06-25T19:55:27.509715,Pas barometryczny,1078.38,1078.38,true
session_20260625_195259_P001,1452,148129,2026-06-25T19:55:27.574390,Pas barometryczny,1077.95,1077.95,true
session_20260625_195259_P001,1453,148263,2026-06-25T19:55:27.708229,Pas barometryczny,1078.23,1078.23,true
session_20260625_195259_P001,1454,148368,2026-06-25T19:55:27.813268,Pas barometryczny,1077.68,1077.68,true
session_20260625_195259_P001,1455,148474,2026-06-25T19:55:27.919146,Pas barometryczny,1078.42,1078.42,true
session_20260625_195259_P001,1456,148567,2026-06-25T19:55:28.011915,Pas barometryczny,1078.70,1078.70,true
session_20260625_195259_P001,1457,148672,2026-06-25T19:55:28.116872,Pas barometryczny,1079.02,1079.02,true
session_20260625_195259_P001,1458,148773,2026-06-25T19:55:28.218580,Pas barometryczny,1079.52,1079.52,true
session_20260625_195259_P001,1459,148866,2026-06-25T19:55:28.310941,Pas barometryczny,1080.00,1080.00,true
session_20260625_195259_P001,1460,148965,2026-06-25T19:55:28.409728,Pas barometryczny,1080.42,1080.42,true
session_20260625_195259_P001,1461,149083,2026-06-25T19:55:28.528379,Pas barometryczny,1080.28,1080.28,true
session_20260625_195259_P001,1462,149181,2026-06-25T19:55:28.626654,Pas barometryczny,1080.01,1080.01,true
session_20260625_195259_P001,1463,149273,2026-06-25T19:55:28.717957,Pas barometryczny,1080.03,1080.03,true
session_20260625_195259_P001,1464,149389,2026-06-25T19:55:28.833960,Pas barometryczny,1080.44,1080.44,true
session_20260625_195259_P001,1465,149488,2026-06-25T19:55:28.933157,Pas barometryczny,1080.54,1080.54,true
session_20260625_195259_P001,1466,149569,2026-06-25T19:55:29.014425,Pas barometryczny,1080.64,1080.64,true
session_20260625_195259_P001,1467,149679,2026-06-25T19:55:29.124374,Pas barometryczny,1080.70,1080.70,true
session_20260625_195259_P001,1468,149815,2026-06-25T19:55:29.260319,Pas barometryczny,1080.64,1080.64,true
session_20260625_195259_P001,1469,149913,2026-06-25T19:55:29.357788,Pas barometryczny,1080.64,1080.64,true
session_20260625_195259_P001,1470,149984,2026-06-25T19:55:29.428817,Pas barometryczny,1081.18,1081.18,true
session_20260625_195259_P001,1471,150066,2026-06-25T19:55:29.510725,Pas barometryczny,1081.22,1081.22,true
session_20260625_195259_P001,1472,150199,2026-06-25T19:55:29.644674,Pas barometryczny,1081.15,1081.15,true
session_20260625_195259_P001,1473,150309,2026-06-25T19:55:29.754487,Pas barometryczny,1081.84,1081.84,true
session_20260625_195259_P001,1474,150381,2026-06-25T19:55:29.826676,Pas barometryczny,1081.52,1081.52,true
session_20260625_195259_P001,1475,150471,2026-06-25T19:55:29.916143,Pas barometryczny,1081.34,1081.34,true
session_20260625_195259_P001,1476,150604,2026-06-25T19:55:30.049644,Pas barometryczny,1081.21,1081.21,true
session_20260625_195259_P001,1477,150697,2026-06-25T19:55:30.142614,Pas barometryczny,1081.07,1081.07,true
session_20260625_195259_P001,1478,150798,2026-06-25T19:55:30.242802,Pas barometryczny,1081.39,1081.39,true
session_20260625_195259_P001,1479,150921,2026-06-25T19:55:30.365965,Pas barometryczny,1082.19,1082.19,true
session_20260625_195259_P001,1480,151030,2026-06-25T19:55:30.474826,Pas barometryczny,1081.54,1081.54,true
session_20260625_195259_P001,1481,151101,2026-06-25T19:55:30.546490,Pas barometryczny,1080.52,1080.52,true
session_20260625_195259_P001,1482,151192,2026-06-25T19:55:30.637338,Pas barometryczny,1080.60,1080.60,true
session_20260625_195259_P001,1483,151348,2026-06-25T19:55:30.793013,Pas barometryczny,1080.36,1080.36,true
session_20260625_195259_P001,1484,151417,2026-06-25T19:55:30.861957,Pas barometryczny,1079.88,1079.88,true
session_20260625_195259_P001,1485,151509,2026-06-25T19:55:30.954161,Pas barometryczny,1079.42,1079.42,true
session_20260625_195259_P001,1486,151632,2026-06-25T19:55:31.077005,Pas barometryczny,1079.15,1079.15,true
session_20260625_195259_P001,1487,151770,2026-06-25T19:55:31.214969,Pas barometryczny,1078.80,1078.80,true
session_20260625_195259_P001,1488,151820,2026-06-25T19:55:31.265045,Pas barometryczny,1078.86,1078.86,true
session_20260625_195259_P001,1489,151914,2026-06-25T19:55:31.358987,Pas barometryczny,1078.54,1078.54,true
session_20260625_195259_P001,1490,152004,2026-06-25T19:55:31.449365,Pas barometryczny,1078.27,1078.27,true
session_20260625_195259_P001,1491,152170,2026-06-25T19:55:31.615543,Pas barometryczny,1077.96,1077.96,true
session_20260625_195259_P001,1492,152225,2026-06-25T19:55:31.669744,Pas barometryczny,1078.47,1078.47,true
session_20260625_195259_P001,1493,152314,2026-06-25T19:55:31.759043,Pas barometryczny,1078.49,1078.49,true
session_20260625_195259_P001,1494,152490,2026-06-25T19:55:31.934744,Pas barometryczny,1077.77,1077.77,true
session_20260625_195259_P001,1495,152553,2026-06-25T19:55:31.998160,Pas barometryczny,1078.28,1078.28,true
session_20260625_195259_P001,1496,152674,2026-06-25T19:55:32.118783,Pas barometryczny,1078.75,1078.75,true
session_20260625_195259_P001,1497,152721,2026-06-25T19:55:32.166141,Pas barometryczny,1079.00,1079.00,true
session_20260625_195259_P001,1498,152896,2026-06-25T19:55:32.340736,Pas barometryczny,1079.73,1079.73,true
session_20260625_195259_P001,1499,152961,2026-06-25T19:55:32.405753,Pas barometryczny,1079.75,1079.75,true
session_20260625_195259_P001,1500,153081,2026-06-25T19:55:32.526248,Pas barometryczny,1079.41,1079.41,true
session_20260625_195259_P001,1501,153142,2026-06-25T19:55:32.587582,Pas barometryczny,1078.85,1078.85,true
session_20260625_195259_P001,1502,153295,2026-06-25T19:55:32.740588,Pas barometryczny,1078.59,1078.59,true
session_20260625_195259_P001,1503,153361,2026-06-25T19:55:32.806318,Pas barometryczny,1078.45,1078.45,true
session_20260625_195259_P001,1504,153477,2026-06-25T19:55:32.921853,Pas barometryczny,1078.56,1078.56,true
session_20260625_195259_P001,1505,153547,2026-06-25T19:55:32.992565,Pas barometryczny,1078.63,1078.63,true
session_20260625_195259_P001,1506,153708,2026-06-25T19:55:33.152712,Pas barometryczny,1078.07,1078.07,true
session_20260625_195259_P001,1507,153755,2026-06-25T19:55:33.199750,Pas barometryczny,1078.01,1078.01,true
session_20260625_195259_P001,1508,153871,2026-06-25T19:55:33.316328,Pas barometryczny,1078.33,1078.33,true
session_20260625_195259_P001,1509,153978,2026-06-25T19:55:33.423238,Pas barometryczny,1078.35,1078.35,true
session_20260625_195259_P001,1510,154108,2026-06-25T19:55:33.553006,Pas barometryczny,1078.24,1078.24,true
session_20260625_195259_P001,1511,154158,2026-06-25T19:55:33.603289,Pas barometryczny,1078.46,1078.46,true
session_20260625_195259_P001,1512,154250,2026-06-25T19:55:33.695455,Pas barometryczny,1078.81,1078.81,true
session_20260625_195259_P001,1513,154389,2026-06-25T19:55:33.833894,Pas barometryczny,1078.88,1078.88,true
session_20260625_195259_P001,1514,154508,2026-06-25T19:55:33.953542,Pas barometryczny,1078.86,1078.86,true
session_20260625_195259_P001,1515,154565,2026-06-25T19:55:34.010050,Pas barometryczny,1079.27,1079.27,true
session_20260625_195259_P001,1516,154696,2026-06-25T19:55:34.141609,Pas barometryczny,1079.63,1079.63,true
session_20260625_195259_P001,1517,154789,2026-06-25T19:55:34.234066,Pas barometryczny,1079.76,1079.76,true
session_20260625_195259_P001,1518,154887,2026-06-25T19:55:34.332278,Pas barometryczny,1079.53,1079.53,true
session_20260625_195259_P001,1519,154969,2026-06-25T19:55:34.414246,Pas barometryczny,1079.23,1079.23,true
session_20260625_195259_P001,1520,155102,2026-06-25T19:55:34.546907,Pas barometryczny,1079.83,1079.83,true
session_20260625_195259_P001,1521,155197,2026-06-25T19:55:34.642091,Pas barometryczny,1079.95,1079.95,true
session_20260625_195259_P001,1522,155297,2026-06-25T19:55:34.741727,Pas barometryczny,1079.86,1079.86,true
session_20260625_195259_P001,1523,155423,2026-06-25T19:55:34.868054,Pas barometryczny,1079.59,1079.59,true
session_20260625_195259_P001,1524,155513,2026-06-25T19:55:34.958258,Pas barometryczny,1079.43,1079.43,true
session_20260625_195259_P001,1525,155599,2026-06-25T19:55:35.044585,Pas barometryczny,1079.28,1079.28,true
session_20260625_195259_P001,1526,155708,2026-06-25T19:55:35.153681,Pas barometryczny,1079.53,1079.53,true
session_20260625_195259_P001,1527,155783,2026-06-25T19:55:35.227923,Pas barometryczny,1079.71,1079.71,true
session_20260625_195259_P001,1528,155916,2026-06-25T19:55:35.360950,Pas barometryczny,1079.59,1079.59,true
session_20260625_195259_P001,1529,156003,2026-06-25T19:55:35.448480,Pas barometryczny,1079.51,1079.51,true
session_20260625_195259_P001,1530,156097,2026-06-25T19:55:35.541820,Pas barometryczny,1078.72,1078.72,true
session_20260625_195259_P001,1531,156186,2026-06-25T19:55:35.631556,Pas barometryczny,1078.68,1078.68,true
session_20260625_195259_P001,1532,156319,2026-06-25T19:55:35.764049,Pas barometryczny,1079.54,1079.54,true
session_20260625_195259_P001,1533,156409,2026-06-25T19:55:35.854502,Pas barometryczny,1078.03,1078.03,true
session_20260625_195259_P001,1534,156504,2026-06-25T19:55:35.949331,Pas barometryczny,1077.84,1077.84,true
session_20260625_195259_P001,1535,156598,2026-06-25T19:55:36.043253,Pas barometryczny,1078.28,1078.28,true
session_20260625_195259_P001,1536,156725,2026-06-25T19:55:36.169890,Pas barometryczny,1078.73,1078.73,true
session_20260625_195259_P001,1537,156815,2026-06-25T19:55:36.260202,Pas barometryczny,1079.25,1079.25,true
session_20260625_195259_P001,1538,156905,2026-06-25T19:55:36.349724,Pas barometryczny,1079.75,1079.75,true
session_20260625_195259_P001,1539,157039,2026-06-25T19:55:36.484684,Pas barometryczny,1079.64,1079.64,true
session_20260625_195259_P001,1540,157131,2026-06-25T19:55:36.576478,Pas barometryczny,1080.10,1080.10,true
session_20260625_195259_P001,1541,157221,2026-06-25T19:55:36.666416,Pas barometryczny,1079.70,1079.70,true
session_20260625_195259_P001,1542,157316,2026-06-25T19:55:36.760948,Pas barometryczny,1080.10,1080.10,true
session_20260625_195259_P001,1543,157477,2026-06-25T19:55:36.921897,Pas barometryczny,1080.54,1080.54,true
session_20260625_195259_P001,1544,157537,2026-06-25T19:55:36.982466,Pas barometryczny,1080.99,1080.99,true
session_20260625_195259_P001,1545,157625,2026-06-25T19:55:37.069902,Pas barometryczny,1081.02,1081.02,true
session_20260625_195259_P001,1546,157716,2026-06-25T19:55:37.160963,Pas barometryczny,1080.24,1080.24,true
session_20260625_195259_P001,1547,157877,2026-06-25T19:55:37.322253,Pas barometryczny,1080.33,1080.33,true
session_20260625_195259_P001,1548,157943,2026-06-25T19:55:37.387812,Pas barometryczny,1080.57,1080.57,true
session_20260625_195259_P001,1549,158034,2026-06-25T19:55:37.479639,Pas barometryczny,1080.34,1080.34,true
session_20260625_195259_P001,1550,158125,2026-06-25T19:55:37.570435,Pas barometryczny,1080.22,1080.22,true
session_20260625_195259_P001,1551,158287,2026-06-25T19:55:37.732286,Pas barometryczny,1080.14,1080.14,true
session_20260625_195259_P001,1552,158361,2026-06-25T19:55:37.806179,Pas barometryczny,1079.62,1079.62,true
session_20260625_195259_P001,1553,158436,2026-06-25T19:55:37.881186,Pas barometryczny,1079.60,1079.60,true
session_20260625_195259_P001,1554,158595,2026-06-25T19:55:38.039922,Pas barometryczny,1079.01,1079.01,true
session_20260625_195259_P001,1555,158660,2026-06-25T19:55:38.105054,Pas barometryczny,1078.78,1078.78,true
session_20260625_195259_P001,1556,158791,2026-06-25T19:55:38.236430,Pas barometryczny,1078.57,1078.57,true
session_20260625_195259_P001,1557,158840,2026-06-25T19:55:38.285487,Pas barometryczny,1078.66,1078.66,true
session_20260625_195259_P001,1558,158998,2026-06-25T19:55:38.443100,Pas barometryczny,1079.60,1079.60,true
session_20260625_195259_P001,1559,159064,2026-06-25T19:55:38.509569,Pas barometryczny,1078.51,1078.51,true
session_20260625_195259_P001,1560,159194,2026-06-25T19:55:38.638985,Pas barometryczny,1078.38,1078.38,true
session_20260625_195259_P001,1561,159244,2026-06-25T19:55:38.689585,Pas barometryczny,1078.20,1078.20,true
session_20260625_195259_P001,1562,159412,2026-06-25T19:55:38.857272,Pas barometryczny,1078.45,1078.45,true
session_20260625_195259_P001,1563,159499,2026-06-25T19:55:38.943729,Pas barometryczny,1078.92,1078.92,true
session_20260625_195259_P001,1564,159558,2026-06-25T19:55:39.003699,Pas barometryczny,1079.28,1079.28,true
session_20260625_195259_P001,1565,159649,2026-06-25T19:55:39.094026,Pas barometryczny,1079.18,1079.18,true
session_20260625_195259_P001,1566,159821,2026-06-25T19:55:39.265820,Pas barometryczny,1079.37,1079.37,true
session_20260625_195259_P001,1567,159874,2026-06-25T19:55:39.318893,Pas barometryczny,1079.35,1079.35,true
session_20260625_195259_P001,1568,159988,2026-06-25T19:55:39.432899,Pas barometryczny,1079.40,1079.40,true
session_20260625_195259_P001,1569,160117,2026-06-25T19:55:39.562292,Pas barometryczny,1079.77,1079.77,true
session_20260625_195259_P001,1570,160237,2026-06-25T19:55:39.682662,Pas barometryczny,1080.35,1080.35,true
session_20260625_195259_P001,1571,160288,2026-06-25T19:55:39.733090,Pas barometryczny,1080.23,1080.23,true
session_20260625_195259_P001,1572,160408,2026-06-25T19:55:39.853586,Pas barometryczny,1079.90,1079.90,true
session_20260625_195259_P001,1573,160521,2026-06-25T19:55:39.965760,Pas barometryczny,1080.27,1080.27,true
session_20260625_195259_P001,1574,160595,2026-06-25T19:55:40.040490,Pas barometryczny,1080.48,1080.48,true
session_20260625_195259_P001,1575,160714,2026-06-25T19:55:40.159238,Pas barometryczny,1080.68,1080.68,true
session_20260625_195259_P001,1576,160809,2026-06-25T19:55:40.254335,Pas barometryczny,1081.04,1081.04,true
session_20260625_195259_P001,1577,160911,2026-06-25T19:55:40.356337,Pas barometryczny,1081.38,1081.38,true
session_20260625_195259_P001,1578,161000,2026-06-25T19:55:40.445156,Pas barometryczny,1080.87,1080.87,true
session_20260625_195259_P001,1579,161130,2026-06-25T19:55:40.575070,Pas barometryczny,1081.32,1081.32,true
session_20260625_195259_P001,1580,161200,2026-06-25T19:55:40.645420,Pas barometryczny,1081.18,1081.18,true
session_20260625_195259_P001,1581,161334,2026-06-25T19:55:40.778933,Pas barometryczny,1081.11,1081.11,true
session_20260625_195259_P001,1582,161420,2026-06-25T19:55:40.865687,Pas barometryczny,1081.37,1081.37,true
session_20260625_195259_P001,1583,161525,2026-06-25T19:55:40.970464,Pas barometryczny,1081.53,1081.53,true
session_20260625_195259_P001,1584,161629,2026-06-25T19:55:41.073880,Pas barometryczny,1081.19,1081.19,true
session_20260625_195259_P001,1585,161726,2026-06-25T19:55:41.171213,Pas barometryczny,1080.44,1080.44,true
session_20260625_195259_P001,1586,161811,2026-06-25T19:55:41.256038,Pas barometryczny,1080.42,1080.42,true
session_20260625_195259_P001,1587,161906,2026-06-25T19:55:41.351593,Pas barometryczny,1080.73,1080.73,true
session_20260625_195259_P001,1588,162036,2026-06-25T19:55:41.481190,Pas barometryczny,1080.34,1080.34,true
session_20260625_195259_P001,1589,162125,2026-06-25T19:55:41.570330,Pas barometryczny,1080.13,1080.13,true
session_20260625_195259_P001,1590,162235,2026-06-25T19:55:41.680212,Pas barometryczny,1080.47,1080.47,true
session_20260625_195259_P001,1591,162305,2026-06-25T19:55:41.750364,Pas barometryczny,1080.33,1080.33,true
session_20260625_195259_P001,1592,162441,2026-06-25T19:55:41.886164,Pas barometryczny,1079.82,1079.82,true
session_20260625_195259_P001,1593,162538,2026-06-25T19:55:41.983474,Pas barometryczny,1079.71,1079.71,true
session_20260625_195259_P001,1594,162634,2026-06-25T19:55:42.079676,Pas barometryczny,1079.11,1079.11,true
session_20260625_195259_P001,1595,162710,2026-06-25T19:55:42.154807,Pas barometryczny,1078.87,1078.87,true
session_20260625_195259_P001,1596,162857,2026-06-25T19:55:42.302664,Pas barometryczny,1078.75,1078.75,true
session_20260625_195259_P001,1597,162949,2026-06-25T19:55:42.394538,Pas barometryczny,1079.21,1079.21,true
session_20260625_195259_P001,1598,163056,2026-06-25T19:55:42.501614,Pas barometryczny,1078.90,1078.90,true
session_20260625_195259_P001,1599,163159,2026-06-25T19:55:42.604675,Pas barometryczny,1078.16,1078.16,true
session_20260625_195259_P001,1600,163251,2026-06-25T19:55:42.696531,Pas barometryczny,1078.43,1078.43,true
session_20260625_195259_P001,1601,163341,2026-06-25T19:55:42.786178,Pas barometryczny,1078.81,1078.81,true
session_20260625_195259_P001,1602,163435,2026-06-25T19:55:42.879759,Pas barometryczny,1079.07,1079.07,true
session_20260625_195259_P001,1603,163606,2026-06-25T19:55:43.051060,Pas barometryczny,1079.35,1079.35,true
session_20260625_195259_P001,1604,163669,2026-06-25T19:55:43.114463,Pas barometryczny,1079.82,1079.82,true
session_20260625_195259_P001,1605,163745,2026-06-25T19:55:43.190606,Pas barometryczny,1080.19,1080.19,true
session_20260625_195259_P001,1606,163834,2026-06-25T19:55:43.278787,Pas barometryczny,1080.13,1080.13,true
session_20260625_195259_P001,1607,164001,2026-06-25T19:55:43.446651,Pas barometryczny,1080.87,1080.87,true
session_20260625_195259_P001,1608,164059,2026-06-25T19:55:43.504475,Pas barometryczny,1081.37,1081.37,true
session_20260625_195259_P001,1609,164153,2026-06-25T19:55:43.597827,Pas barometryczny,1081.74,1081.74,true
session_20260625_195259_P001,1610,164245,2026-06-25T19:55:43.689722,Pas barometryczny,1081.47,1081.47,true
session_20260625_195259_P001,1611,164406,2026-06-25T19:55:43.850803,Pas barometryczny,1080.47,1080.47,true
session_20260625_195259_P001,1612,164497,2026-06-25T19:55:43.942280,Pas barometryczny,1080.32,1080.32,true
session_20260625_195259_P001,1613,164556,2026-06-25T19:55:44.000956,Pas barometryczny,1079.89,1079.89,true
session_20260625_195259_P001,1614,164726,2026-06-25T19:55:44.171470,Pas barometryczny,1079.85,1079.85,true
session_20260625_195259_P001,1615,164800,2026-06-25T19:55:44.245288,Pas barometryczny,1079.31,1079.31,true
session_20260625_195259_P001,1616,164916,2026-06-25T19:55:44.361028,Pas barometryczny,1078.88,1078.88,true
session_20260625_195259_P001,1617,164978,2026-06-25T19:55:44.423302,Pas barometryczny,1078.42,1078.42,true
session_20260625_195259_P001,1618,165130,2026-06-25T19:55:44.575250,Pas barometryczny,1078.47,1078.47,true
session_20260625_195259_P001,1619,165220,2026-06-25T19:55:44.664845,Pas barometryczny,1078.73,1078.73,true
session_20260625_195259_P001,1620,165274,2026-06-25T19:55:44.719488,Pas barometryczny,1077.99,1077.99,true
session_20260625_195259_P001,1621,165363,2026-06-25T19:55:44.808687,Pas barometryczny,1078.47,1078.47,true
session_20260625_195259_P001,1622,165536,2026-06-25T19:55:44.981193,Pas barometryczny,1078.76,1078.76,true
session_20260625_195259_P001,1623,165588,2026-06-25T19:55:45.033462,Pas barometryczny,1078.84,1078.84,true
session_20260625_195259_P001,1624,165709,2026-06-25T19:55:45.154068,Pas barometryczny,1079.09,1079.09,true
session_20260625_195259_P001,1625,165809,2026-06-25T19:55:45.253824,Pas barometryczny,1078.94,1078.94,true
session_20260625_195259_P001,1626,165918,2026-06-25T19:55:45.362926,Pas barometryczny,1079.39,1079.39,true
session_20260625_195259_P001,1627,166014,2026-06-25T19:55:45.459223,Pas barometryczny,1079.32,1079.32,true
session_20260625_195259_P001,1628,166085,2026-06-25T19:55:45.530233,Pas barometryczny,1079.62,1079.62,true
session_20260625_195259_P001,1629,166220,2026-06-25T19:55:45.665649,Pas barometryczny,1079.94,1079.94,true
session_20260625_195259_P001,1630,166322,2026-06-25T19:55:45.766868,Pas barometryczny,1080.25,1080.25,true
session_20260625_195259_P001,1631,166414,2026-06-25T19:55:45.859156,Pas barometryczny,1080.75,1080.75,true
session_20260625_195259_P001,1632,166541,2026-06-25T19:55:45.985767,Pas barometryczny,1081.02,1081.02,true
session_20260625_195259_P001,1633,166649,2026-06-25T19:55:46.094436,Pas barometryczny,1081.06,1081.06,true
session_20260625_195259_P001,1634,166713,2026-06-25T19:55:46.158287,Pas barometryczny,1080.68,1080.68,true
session_20260625_195259_P001,1635,166804,2026-06-25T19:55:46.248714,Pas barometryczny,1080.15,1080.15,true
session_20260625_195259_P001,1636,166934,2026-06-25T19:55:46.379441,Pas barometryczny,1079.66,1079.66,true
session_20260625_195259_P001,1637,167030,2026-06-25T19:55:46.475122,Pas barometryczny,1079.39,1079.39,true
session_20260625_195259_P001,1638,167119,2026-06-25T19:55:46.564279,Pas barometryczny,1080.03,1080.03,true
session_20260625_195259_P001,1639,167209,2026-06-25T19:55:46.654480,Pas barometryczny,1080.59,1080.59,true
session_20260625_195259_P001,1640,167337,2026-06-25T19:55:46.781714,Pas barometryczny,1079.40,1079.40,true
session_20260625_195259_P001,1641,167466,2026-06-25T19:55:46.911303,Pas barometryczny,1078.67,1078.67,true
session_20260625_195259_P001,1642,167550,2026-06-25T19:55:46.995552,Pas barometryczny,1078.53,1078.53,true
session_20260625_195259_P001,1643,167616,2026-06-25T19:55:47.061191,Pas barometryczny,1078.35,1078.35,true
session_20260625_195259_P001,1644,167751,2026-06-25T19:55:47.196318,Pas barometryczny,1078.58,1078.58,true
session_20260625_195259_P001,1645,167838,2026-06-25T19:55:47.283650,Pas barometryczny,1078.29,1078.29,true
session_20260625_195259_P001,1646,167930,2026-06-25T19:55:47.375177,Pas barometryczny,1078.88,1078.88,true
session_20260625_195259_P001,1647,168029,2026-06-25T19:55:47.474185,Pas barometryczny,1079.08,1079.08,true
session_20260625_195259_P001,1648,168157,2026-06-25T19:55:47.602458,Pas barometryczny,1078.96,1078.96,true
session_20260625_195259_P001,1649,168243,2026-06-25T19:55:47.688559,Pas barometryczny,1078.96,1078.96,true
session_20260625_195259_P001,1650,168344,2026-06-25T19:55:47.789627,Pas barometryczny,1079.25,1079.25,true
session_20260625_195259_P001,1651,168437,2026-06-25T19:55:47.881925,Pas barometryczny,1079.77,1079.77,true
session_20260625_195259_P001,1652,168565,2026-06-25T19:55:48.010482,Pas barometryczny,1079.59,1079.59,true
session_20260625_195259_P001,1653,168658,2026-06-25T19:55:48.102838,Pas barometryczny,1080.17,1080.17,true
session_20260625_195259_P001,1654,168740,2026-06-25T19:55:48.185312,Pas barometryczny,1080.57,1080.57,true
session_20260625_195259_P001,1655,168830,2026-06-25T19:55:48.275007,Pas barometryczny,1080.69,1080.69,true
session_20260625_195259_P001,1656,168966,2026-06-25T19:55:48.411565,Pas barometryczny,1080.65,1080.65,true
session_20260625_195259_P001,1657,169061,2026-06-25T19:55:48.506500,Pas barometryczny,1081.24,1081.24,true
session_20260625_195259_P001,1658,169152,2026-06-25T19:55:48.597504,Pas barometryczny,1080.72,1080.72,true
session_20260625_195259_P001,1659,169323,2026-06-25T19:55:48.768307,Pas barometryczny,1079.98,1079.98,true
session_20260625_195259_P001,1660,169395,2026-06-25T19:55:48.840239,Pas barometryczny,1079.94,1079.94,true
session_20260625_195259_P001,1661,169463,2026-06-25T19:55:48.908045,Pas barometryczny,1079.53,1079.53,true
session_20260625_195259_P001,1662,169556,2026-06-25T19:55:49.001051,Pas barometryczny,1078.98,1078.98,true
session_20260625_195259_P001,1663,169723,2026-06-25T19:55:49.167790,Pas barometryczny,1079.14,1079.14,true
session_20260625_195259_P001,1664,169787,2026-06-25T19:55:49.232119,Pas barometryczny,1078.36,1078.36,true
session_20260625_195259_P001,1665,169868,2026-06-25T19:55:49.313498,Pas barometryczny,1078.09,1078.09,true
session_20260625_195259_P001,1666,169960,2026-06-25T19:55:49.405048,Pas barometryczny,1078.02,1078.02,true
session_20260625_195259_P001,1667,170124,2026-06-25T19:55:49.568888,Pas barometryczny,1077.79,1077.79,true
session_20260625_195259_P001,1668,170197,2026-06-25T19:55:49.642103,Pas barometryczny,1077.99,1077.99,true
session_20260625_195259_P001,1669,170272,2026-06-25T19:55:49.717566,Pas barometryczny,1078.52,1078.52,true
session_20260625_195259_P001,1670,170374,2026-06-25T19:55:49.818951,Pas barometryczny,1078.69,1078.69,true
session_20260625_195259_P001,1671,170518,2026-06-25T19:55:49.962793,Pas barometryczny,1078.63,1078.63,true
session_20260625_195259_P001,1672,170608,2026-06-25T19:55:50.053343,Pas barometryczny,1078.93,1078.93,true
session_20260625_195259_P001,1673,170698,2026-06-25T19:55:50.143233,Pas barometryczny,1079.26,1079.26,true
session_20260625_195259_P001,1674,170842,2026-06-25T19:55:50.287127,Pas barometryczny,1079.33,1079.33,true
session_20260625_195259_P001,1675,170916,2026-06-25T19:55:50.360917,Pas barometryczny,1079.42,1079.42,true
session_20260625_195259_P001,1676,171008,2026-06-25T19:55:50.453323,Pas barometryczny,1079.93,1079.93,true
session_20260625_195259_P001,1677,171103,2026-06-25T19:55:50.548156,Pas barometryczny,1079.81,1079.81,true
session_20260625_195259_P001,1678,171243,2026-06-25T19:55:50.687957,Pas barometryczny,1079.60,1079.60,true
session_20260625_195259_P001,1679,171342,2026-06-25T19:55:50.787205,Pas barometryczny,1079.87,1079.87,true
session_20260625_195259_P001,1680,171416,2026-06-25T19:55:50.861426,Pas barometryczny,1079.96,1079.96,true
session_20260625_195259_P001,1681,171485,2026-06-25T19:55:50.929967,Pas barometryczny,1079.99,1079.99,true
session_20260625_195259_P001,1682,171619,2026-06-25T19:55:51.063958,Pas barometryczny,1080.32,1080.32,true
session_20260625_195259_P001,1683,171754,2026-06-25T19:55:51.199018,Pas barometryczny,1080.19,1080.19,true
session_20260625_195259_P001,1684,171816,2026-06-25T19:55:51.261048,Pas barometryczny,1080.06,1080.06,true
session_20260625_195259_P001,1685,171930,2026-06-25T19:55:51.375055,Pas barometryczny,1079.51,1079.51,true
session_20260625_195259_P001,1686,172028,2026-06-25T19:55:51.472816,Pas barometryczny,1079.27,1079.27,true
session_20260625_195259_P001,1687,172149,2026-06-25T19:55:51.593818,Pas barometryczny,1079.06,1079.06,true
session_20260625_195259_P001,1688,172235,2026-06-25T19:55:51.680101,Pas barometryczny,1078.98,1078.98,true
session_20260625_195259_P001,1689,172380,2026-06-25T19:55:51.824960,Pas barometryczny,1078.60,1078.60,true
session_20260625_195259_P001,1690,172430,2026-06-25T19:55:51.875609,Pas barometryczny,1078.31,1078.31,true
session_20260625_195259_P001,1691,172557,2026-06-25T19:55:52.001901,Pas barometryczny,1078.06,1078.06,true
session_20260625_195259_P001,1692,172609,2026-06-25T19:55:52.053731,Pas barometryczny,1078.04,1078.04,true
session_20260625_195259_P001,1693,172748,2026-06-25T19:55:52.193485,Pas barometryczny,1078.02,1078.02,true
session_20260625_195259_P001,1694,172852,2026-06-25T19:55:52.297573,Pas barometryczny,1078.58,1078.58,true
session_20260625_195259_P001,1695,172923,2026-06-25T19:55:52.368345,Pas barometryczny,1078.62,1078.62,true
session_20260625_195259_P001,1696,173048,2026-06-25T19:55:52.493122,Pas barometryczny,1078.47,1078.47,true
session_20260625_195259_P001,1697,173148,2026-06-25T19:55:52.593412,Pas barometryczny,1078.55,1078.55,true
session_20260625_195259_P001,1698,173239,2026-06-25T19:55:52.683725,Pas barometryczny,1078.07,1078.07,true
session_20260625_195259_P001,1699,173366,2026-06-25T19:55:52.810899,Pas barometryczny,1077.87,1077.87,true
session_20260625_195259_P001,1700,173419,2026-06-25T19:55:52.864511,Pas barometryczny,1077.72,1077.72,true
session_20260625_195259_P001,1701,173555,2026-06-25T19:55:52.999916,Pas barometryczny,1077.55,1077.55,true
session_20260625_195259_P001,1702,173645,2026-06-25T19:55:53.089777,Pas barometryczny,1077.69,1077.69,true
session_20260625_195259_P001,1703,173739,2026-06-25T19:55:53.184277,Pas barometryczny,1077.74,1077.74,true
session_20260625_195259_P001,1704,173871,2026-06-25T19:55:53.315978,Pas barometryczny,1077.10,1077.10,true
session_20260625_195259_P001,1705,173962,2026-06-25T19:55:53.407373,Pas barometryczny,1077.20,1077.20,true
session_20260625_195259_P001,1706,174050,2026-06-25T19:55:53.495031,Pas barometryczny,1077.26,1077.26,true
session_20260625_195259_P001,1707,174164,2026-06-25T19:55:53.609513,Pas barometryczny,1077.05,1077.05,true
session_20260625_195259_P001,1708,174277,2026-06-25T19:55:53.721764,Pas barometryczny,1077.12,1077.12,true
session_20260625_195259_P001,1709,174366,2026-06-25T19:55:53.811451,Pas barometryczny,1077.29,1077.29,true
session_20260625_195259_P001,1710,174463,2026-06-25T19:55:53.907991,Pas barometryczny,1077.14,1077.14,true
session_20260625_195259_P001,1711,174552,2026-06-25T19:55:53.997090,Pas barometryczny,1077.40,1077.40,true
session_20260625_195259_P001,1712,174685,2026-06-25T19:55:54.129997,Pas barometryczny,1077.18,1077.18,true
session_20260625_195259_P001,1713,174775,2026-06-25T19:55:54.219902,Pas barometryczny,1077.19,1077.19,true
session_20260625_195259_P001,1714,174860,2026-06-25T19:55:54.305186,Pas barometryczny,1077.34,1077.34,true
session_20260625_195259_P001,1715,174951,2026-06-25T19:55:54.396355,Pas barometryczny,1077.42,1077.42,true
session_20260625_195259_P001,1716,175125,2026-06-25T19:55:54.570695,Pas barometryczny,1077.51,1077.51,true
session_20260625_195259_P001,1717,175176,2026-06-25T19:55:54.620879,Pas barometryczny,1077.74,1077.74,true
session_20260625_195259_P001,1718,175265,2026-06-25T19:55:54.710036,Pas barometryczny,1077.02,1077.02,true
session_20260625_195259_P001,1719,175369,2026-06-25T19:55:54.813852,Pas barometryczny,1077.43,1077.43,true
session_20260625_195259_P001,1720,175523,2026-06-25T19:55:54.968437,Pas barometryczny,1078.63,1078.63,true
session_20260625_195259_P001,1721,175585,2026-06-25T19:55:55.029839,Pas barometryczny,1078.76,1078.76,true
session_20260625_195259_P001,1722,175680,2026-06-25T19:55:55.125559,Pas barometryczny,1078.98,1078.98,true
session_20260625_195259_P001,1723,175846,2026-06-25T19:55:55.291328,Pas barometryczny,1078.96,1078.96,true
session_20260625_195259_P001,1724,175907,2026-06-25T19:55:55.351815,Pas barometryczny,1078.56,1078.56,true
session_20260625_195259_P001,1725,176026,2026-06-25T19:55:55.471505,Pas barometryczny,1078.20,1078.20,true
session_20260625_195259_P001,1726,176074,2026-06-25T19:55:55.519281,Pas barometryczny,1077.92,1077.92,true
session_20260625_195259_P001,1727,176237,2026-06-25T19:55:55.681909,Pas barometryczny,1077.72,1077.72,true
session_20260625_195259_P001,1728,176298,2026-06-25T19:55:55.743135,Pas barometryczny,1077.75,1077.75,true
session_20260625_195259_P001,1729,176394,2026-06-25T19:55:55.839200,Pas barometryczny,1077.88,1077.88,true
session_20260625_195259_P001,1730,176482,2026-06-25T19:55:55.927562,Pas barometryczny,1078.00,1078.00,true
session_20260625_195259_P001,1731,176646,2026-06-25T19:55:56.091555,Pas barometryczny,1078.06,1078.06,true
session_20260625_195259_P001,1732,176738,2026-06-25T19:55:56.183569,Pas barometryczny,1077.94,1077.94,true
session_20260625_195259_P001,1733,176794,2026-06-25T19:55:56.238887,Pas barometryczny,1077.99,1077.99,true
session_20260625_195259_P001,1734,176891,2026-06-25T19:55:56.336326,Pas barometryczny,1078.21,1078.21,true
session_20260625_195259_P001,1735,177062,2026-06-25T19:55:56.507377,Pas barometryczny,1077.72,1077.72,true
session_20260625_195259_P001,1736,177112,2026-06-25T19:55:56.557434,Pas barometryczny,1078.13,1078.13,true
session_20260625_195259_P001,1737,177210,2026-06-25T19:55:56.655580,Pas barometryczny,1078.61,1078.61,true
session_20260625_195259_P001,1738,177336,2026-06-25T19:55:56.780939,Pas barometryczny,1078.77,1078.77,true
session_20260625_195259_P001,1739,177464,2026-06-25T19:55:56.909154,Pas barometryczny,1079.18,1079.18,true
session_20260625_195259_P001,1740,177528,2026-06-25T19:55:56.973455,Pas barometryczny,1079.45,1079.45,true
session_20260625_195259_P001,1741,177643,2026-06-25T19:55:57.088223,Pas barometryczny,1079.55,1079.55,true
session_20260625_195259_P001,1742,177740,2026-06-25T19:55:57.185360,Pas barometryczny,1080.05,1080.05,true
session_20260625_195259_P001,1743,177856,2026-06-25T19:55:57.301647,Pas barometryczny,1080.27,1080.27,true
session_20260625_195259_P001,1744,177918,2026-06-25T19:55:57.363242,Pas barometryczny,1080.73,1080.73,true
session_20260625_195259_P001,1745,178045,2026-06-25T19:55:57.489713,Pas barometryczny,1081.03,1081.03,true
session_20260625_195259_P001,1746,178145,2026-06-25T19:55:57.590488,Pas barometryczny,1081.15,1081.15,true
session_20260625_195259_P001,1747,178268,2026-06-25T19:55:57.712868,Pas barometryczny,1081.32,1081.32,true
session_20260625_195259_P001,1748,178359,2026-06-25T19:55:57.804251,Pas barometryczny,1081.38,1081.38,true
session_20260625_195259_P001,1749,178414,2026-06-25T19:55:57.859077,Pas barometryczny,1081.36,1081.36,true
session_20260625_195259_P001,1750,178551,2026-06-25T19:55:57.996389,Pas barometryczny,1080.77,1080.77,true
session_20260625_195259_P001,1751,178645,2026-06-25T19:55:58.090018,Pas barometryczny,1080.85,1080.85,true
session_20260625_195259_P001,1752,178760,2026-06-25T19:55:58.205506,Pas barometryczny,1080.72,1080.72,true
session_20260625_195259_P001,1753,178865,2026-06-25T19:55:58.310026,Pas barometryczny,1080.77,1080.77,true
session_20260625_195259_P001,1754,178955,2026-06-25T19:55:58.400261,Pas barometryczny,1081.41,1081.41,true
session_20260625_195259_P001,1755,179045,2026-06-25T19:55:58.490587,Pas barometryczny,1081.96,1081.96,true
session_20260625_195259_P001,1756,179157,2026-06-25T19:55:58.602655,Pas barometryczny,1081.94,1081.94,true
session_20260625_195259_P001,1757,179278,2026-06-25T19:55:58.722956,Pas barometryczny,1081.61,1081.61,true
session_20260625_195259_P001,1758,179380,2026-06-25T19:55:58.824906,Pas barometryczny,1081.25,1081.25,true
session_20260625_195259_P001,1759,179453,2026-06-25T19:55:58.898286,Pas barometryczny,1081.62,1081.62,true
session_20260625_195259_P001,1760,179542,2026-06-25T19:55:58.986748,Pas barometryczny,1081.55,1081.55,true
session_20260625_195259_P001,1761,179681,2026-06-25T19:55:59.126157,Pas barometryczny,1081.94,1081.94,true
session_20260625_195259_P001,1762,179783,2026-06-25T19:55:59.228080,Pas barometryczny,1081.50,1081.50,true
session_20260625_195259_P001,1763,179857,2026-06-25T19:55:59.301767,Pas barometryczny,1081.11,1081.11,true
session_20260625_195259_P001,1764,179944,2026-06-25T19:55:59.388844,Pas barometryczny,1080.64,1080.64,true
session_20260625_195259_P001,1765,180084,2026-06-25T19:55:59.528802,Pas barometryczny,1080.53,1080.53,true
session_20260625_195259_P001,1766,180187,2026-06-25T19:55:59.631775,Pas barometryczny,1080.27,1080.27,true
session_20260625_195259_P001,1767,180259,2026-06-25T19:55:59.704522,Pas barometryczny,1079.49,1079.49,true
session_20260625_195259_P001,1768,180400,2026-06-25T19:55:59.845676,Pas barometryczny,1079.41,1079.41,true
session_20260625_195259_P001,1769,180494,2026-06-25T19:55:59.939182,Pas barometryczny,1079.13,1079.13,true
session_20260625_195259_P001,1770,180598,2026-06-25T19:56:00.043240,Pas barometryczny,1079.35,1079.35,true
session_20260625_195259_P001,1771,180670,2026-06-25T19:56:00.114928,Pas barometryczny,1079.22,1079.22,true
session_20260625_195259_P001,1772,180841,2026-06-25T19:56:00.285969,Pas barometryczny,1079.38,1079.38,true
session_20260625_195259_P001,1773,180889,2026-06-25T19:56:00.334445,Pas barometryczny,1079.14,1079.14,true
session_20260625_195259_P001,1774,180984,2026-06-25T19:56:00.428719,Pas barometryczny,1078.56,1078.56,true
session_20260625_195259_P001,1775,181074,2026-06-25T19:56:00.519409,Pas barometryczny,1078.63,1078.63,true
session_20260625_195259_P001,1776,181241,2026-06-25T19:56:00.686410,Pas barometryczny,1078.93,1078.93,true
session_20260625_195259_P001,1777,181297,2026-06-25T19:56:00.742531,Pas barometryczny,1079.42,1079.42,true
session_20260625_195259_P001,1778,181385,2026-06-25T19:56:00.830588,Pas barometryczny,1079.51,1079.51,true
session_20260625_195259_P001,1779,181478,2026-06-25T19:56:00.922870,Pas barometryczny,1079.17,1079.17,true
session_20260625_195259_P001,1780,181642,2026-06-25T19:56:01.086983,Pas barometryczny,1079.74,1079.74,true
session_20260625_195259_P001,1781,181700,2026-06-25T19:56:01.144993,Pas barometryczny,1080.09,1080.09,true
session_20260625_195259_P001,1782,181793,2026-06-25T19:56:01.238343,Pas barometryczny,1080.22,1080.22,true
session_20260625_195259_P001,1783,181960,2026-06-25T19:56:01.405510,Pas barometryczny,1080.67,1080.67,true
session_20260625_195259_P001,1784,182029,2026-06-25T19:56:01.474304,Pas barometryczny,1080.85,1080.85,true
session_20260625_195259_P001,1785,182138,2026-06-25T19:56:01.583142,Pas barometryczny,1081.11,1081.11,true
session_20260625_195259_P001,1786,182195,2026-06-25T19:56:01.640362,Pas barometryczny,1081.63,1081.63,true
session_20260625_195259_P001,1787,182360,2026-06-25T19:56:01.805165,Pas barometryczny,1081.85,1081.85,true
session_20260625_195259_P001,1788,182450,2026-06-25T19:56:01.894947,Pas barometryczny,1081.97,1081.97,true
session_20260625_195259_P001,1789,182510,2026-06-25T19:56:01.954829,Pas barometryczny,1082.12,1082.12,true
session_20260625_195259_P001,1790,182602,2026-06-25T19:56:02.047597,Pas barometryczny,1082.08,1082.08,true
session_20260625_195259_P001,1791,182733,2026-06-25T19:56:02.178502,Pas barometryczny,1081.89,1081.89,true
session_20260625_195259_P001,1792,182859,2026-06-25T19:56:02.304047,Pas barometryczny,1080.77,1080.77,true
session_20260625_195259_P001,1793,182931,2026-06-25T19:56:02.375789,Pas barometryczny,1080.62,1080.62,true
session_20260625_195259_P001,1794,183046,2026-06-25T19:56:02.491595,Pas barometryczny,1080.40,1080.40,true
session_20260625_195259_P001,1795,183178,2026-06-25T19:56:02.623691,Pas barometryczny,1080.06,1080.06,true
session_20260625_195259_P001,1796,183230,2026-06-25T19:56:02.674950,Pas barometryczny,1079.95,1079.95,true
session_20260625_195259_P001,1797,183319,2026-06-25T19:56:02.764686,Pas barometryczny,1080.58,1080.58,true
session_20260625_195259_P001,1798,183459,2026-06-25T19:56:02.904204,Pas barometryczny,1080.30,1080.30,true
session_20260625_195259_P001,1799,183579,2026-06-25T19:56:03.024260,Pas barometryczny,1078.99,1078.99,true
session_20260625_195259_P001,1800,183653,2026-06-25T19:56:03.097732,Pas barometryczny,1078.66,1078.66,true
session_20260625_195259_P001,1801,183746,2026-06-25T19:56:03.191368,Pas barometryczny,1078.43,1078.43,true
session_20260625_195259_P001,1802,183863,2026-06-25T19:56:03.307956,Pas barometryczny,1078.63,1078.63,true
session_20260625_195259_P001,1803,183952,2026-06-25T19:56:03.397488,Pas barometryczny,1078.09,1078.09,true
session_20260625_195259_P001,1804,184087,2026-06-25T19:56:03.531756,Pas barometryczny,1078.11,1078.11,true
session_20260625_195259_P001,1805,184154,2026-06-25T19:56:03.599130,Pas barometryczny,1078.07,1078.07,true
session_20260625_195259_P001,1806,184264,2026-06-25T19:56:03.709243,Pas barometryczny,1077.92,1077.92,true
session_20260625_195259_P001,1807,184356,2026-06-25T19:56:03.801310,Pas barometryczny,1078.24,1078.24,true
session_20260625_195259_P001,1808,184484,2026-06-25T19:56:03.929298,Pas barometryczny,1078.62,1078.62,true
session_20260625_195259_P001,1809,184534,2026-06-25T19:56:03.979707,Pas barometryczny,1078.71,1078.71,true
session_20260625_195259_P001,1810,184669,2026-06-25T19:56:04.113833,Pas barometryczny,1078.45,1078.45,true
session_20260625_195259_P001,1811,184767,2026-06-25T19:56:04.212462,Pas barometryczny,1078.07,1078.07,true
session_20260625_195259_P001,1812,184896,2026-06-25T19:56:04.340927,Pas barometryczny,1078.41,1078.41,true
session_20260625_195259_P001,1813,184986,2026-06-25T19:56:04.431085,Pas barometryczny,1078.37,1078.37,true
session_20260625_195259_P001,1814,185076,2026-06-25T19:56:04.521638,Pas barometryczny,1078.37,1078.37,true
session_20260625_195259_P001,1815,185166,2026-06-25T19:56:04.611001,Pas barometryczny,1078.89,1078.89,true
session_20260625_195259_P001,1816,185276,2026-06-25T19:56:04.721166,Pas barometryczny,1077.91,1077.91,true
session_20260625_195259_P001,1817,185391,2026-06-25T19:56:04.836195,Pas barometryczny,1077.65,1077.65,true
session_20260625_195259_P001,1818,185480,2026-06-25T19:56:04.925490,Pas barometryczny,1078.26,1078.26,true
session_20260625_195259_P001,1819,185618,2026-06-25T19:56:05.062836,Pas barometryczny,1078.73,1078.73,true
session_20260625_195259_P001,1820,185658,2026-06-25T19:56:05.103562,Pas barometryczny,1079.03,1079.03,true
session_20260625_195259_P001,1821,185794,2026-06-25T19:56:05.239546,Pas barometryczny,1079.62,1079.62,true
session_20260625_195259_P001,1822,185884,2026-06-25T19:56:05.329491,Pas barometryczny,1080.22,1080.22,true
session_20260625_195259_P001,1823,185976,2026-06-25T19:56:05.420966,Pas barometryczny,1080.39,1080.39,true
session_20260625_195259_P001,1824,186077,2026-06-25T19:56:05.522277,Pas barometryczny,1080.68,1080.68,true
session_20260625_195259_P001,1825,186204,2026-06-25T19:56:05.649062,Pas barometryczny,1080.85,1080.85,true
session_20260625_195259_P001,1826,186294,2026-06-25T19:56:05.738792,Pas barometryczny,1080.93,1080.93,true
session_20260625_195259_P001,1827,186380,2026-06-25T19:56:05.825035,Pas barometryczny,1081.30,1081.30,true
session_20260625_195259_P001,1828,186560,2026-06-25T19:56:06.004847,Pas barometryczny,1081.12,1081.12,true
session_20260625_195259_P001,1829,186608,2026-06-25T19:56:06.053592,Pas barometryczny,1080.57,1080.57,true
session_20260625_195259_P001,1830,186696,2026-06-25T19:56:06.140722,Pas barometryczny,1080.57,1080.57,true
session_20260625_195259_P001,1831,186783,2026-06-25T19:56:06.228238,Pas barometryczny,1080.27,1080.27,true
session_20260625_195259_P001,1832,186961,2026-06-25T19:56:06.406242,Pas barometryczny,1080.13,1080.13,true
session_20260625_195259_P001,1833,187011,2026-06-25T19:56:06.456432,Pas barometryczny,1080.07,1080.07,true
session_20260625_195259_P001,1834,187102,2026-06-25T19:56:06.547635,Pas barometryczny,1080.24,1080.24,true
session_20260625_195259_P001,1835,187205,2026-06-25T19:56:06.650587,Pas barometryczny,1079.57,1079.57,true
session_20260625_195259_P001,1836,187356,2026-06-25T19:56:06.800777,Pas barometryczny,1079.09,1079.09,true
session_20260625_195259_P001,1837,187434,2026-06-25T19:56:06.879599,Pas barometryczny,1078.72,1078.72,true
session_20260625_195259_P001,1838,187507,2026-06-25T19:56:06.952579,Pas barometryczny,1078.46,1078.46,true
session_20260625_195259_P001,1839,187595,2026-06-25T19:56:07.040229,Pas barometryczny,1078.57,1078.57,true
session_20260625_195259_P001,1840,187730,2026-06-25T19:56:07.175685,Pas barometryczny,1079.25,1079.25,true
session_20260625_195259_P001,1841,187864,2026-06-25T19:56:07.308916,Pas barometryczny,1078.48,1078.48,true
session_20260625_195259_P001,1842,187910,2026-06-25T19:56:07.355008,Pas barometryczny,1078.66,1078.66,true
session_20260625_195259_P001,1843,188074,2026-06-25T19:56:07.518896,Pas barometryczny,1078.48,1078.48,true
session_20260625_195259_P001,1844,188135,2026-06-25T19:56:07.580657,Pas barometryczny,1078.22,1078.22,true
session_20260625_195259_P001,1845,188255,2026-06-25T19:56:07.700186,Pas barometryczny,1078.49,1078.49,true
session_20260625_195259_P001,1846,188316,2026-06-25T19:56:07.761476,Pas barometryczny,1079.07,1079.07,true
session_20260625_195259_P001,1847,188467,2026-06-25T19:56:07.911793,Pas barometryczny,1077.94,1077.94,true
session_20260625_195259_P001,1848,188573,2026-06-25T19:56:08.018282,Pas barometryczny,1077.79,1077.79,true
session_20260625_195259_P001,1849,188630,2026-06-25T19:56:08.075080,Pas barometryczny,1077.27,1077.27,true
session_20260625_195259_P001,1850,188720,2026-06-25T19:56:08.164797,Pas barometryczny,1077.56,1077.56,true
session_20260625_195259_P001,1851,188908,2026-06-25T19:56:08.353162,Pas barometryczny,1077.90,1077.90,true
session_20260625_195259_P001,1852,188960,2026-06-25T19:56:08.405574,Pas barometryczny,1077.78,1077.78,true
session_20260625_195259_P001,1853,189067,2026-06-25T19:56:08.511954,Pas barometryczny,1077.59,1077.59,true
session_20260625_195259_P001,1854,189164,2026-06-25T19:56:08.609314,Pas barometryczny,1077.63,1077.63,true
session_20260625_195259_P001,1855,189301,2026-06-25T19:56:08.746222,Pas barometryczny,1078.29,1078.29,true
session_20260625_195259_P001,1856,189350,2026-06-25T19:56:08.794906,Pas barometryczny,1078.64,1078.64,true
session_20260625_195259_P001,1857,189482,2026-06-25T19:56:08.927340,Pas barometryczny,1078.99,1078.99,true
session_20260625_195259_P001,1858,189577,2026-06-25T19:56:09.021785,Pas barometryczny,1079.30,1079.30,true
session_20260625_195259_P001,1859,189673,2026-06-25T19:56:09.118595,Pas barometryczny,1080.22,1080.22,true
session_20260625_195259_P001,1860,189768,2026-06-25T19:56:09.213694,Pas barometryczny,1080.22,1080.22,true
session_20260625_195259_P001,1861,189882,2026-06-25T19:56:09.327652,Pas barometryczny,1080.48,1080.48,true
session_20260625_195259_P001,1862,189983,2026-06-25T19:56:09.427912,Pas barometryczny,1080.79,1080.79,true
session_20260625_195259_P001,1863,190070,2026-06-25T19:56:09.515296,Pas barometryczny,1080.84,1080.84,true
session_20260625_195259_P001,1864,190202,2026-06-25T19:56:09.646805,Pas barometryczny,1081.00,1081.00,true
session_20260625_195259_P001,1865,190269,2026-06-25T19:56:09.714347,Pas barometryczny,1080.98,1080.98,true
session_20260625_195259_P001,1866,190387,2026-06-25T19:56:09.832592,Pas barometryczny,1080.51,1080.51,true
session_20260625_195259_P001,1867,190474,2026-06-25T19:56:09.919026,Pas barometryczny,1079.57,1079.57,true
session_20260625_195259_P001,1868,190609,2026-06-25T19:56:10.054459,Pas barometryczny,1079.09,1079.09,true
session_20260625_195259_P001,1869,190663,2026-06-25T19:56:10.107905,Pas barometryczny,1079.17,1079.17,true
session_20260625_195259_P001,1870,190789,2026-06-25T19:56:10.233797,Pas barometryczny,1078.99,1078.99,true
session_20260625_195259_P001,1871,190880,2026-06-25T19:56:10.325376,Pas barometryczny,1079.06,1079.06,true
session_20260625_195259_P001,1872,190983,2026-06-25T19:56:10.427839,Pas barometryczny,1079.20,1079.20,true
session_20260625_195259_P001,1873,191104,2026-06-25T19:56:10.549367,Pas barometryczny,1079.70,1079.70,true
session_20260625_195259_P001,1874,191201,2026-06-25T19:56:10.645862,Pas barometryczny,1079.52,1079.52,true
session_20260625_195259_P001,1875,191291,2026-06-25T19:56:10.736476,Pas barometryczny,1078.77,1078.77,true
session_20260625_195259_P001,1876,191382,2026-06-25T19:56:10.827670,Pas barometryczny,1078.62,1078.62,true
session_20260625_195259_P001,1877,191510,2026-06-25T19:56:10.954914,Pas barometryczny,1078.82,1078.82,true
session_20260625_195259_P001,1878,191640,2026-06-25T19:56:11.085122,Pas barometryczny,1078.72,1078.72,true
session_20260625_195259_P001,1879,191693,2026-06-25T19:56:11.138132,Pas barometryczny,1079.05,1079.05,true
session_20260625_195259_P001,1880,191788,2026-06-25T19:56:11.233158,Pas barometryczny,1078.56,1078.56,true
session_20260625_195259_P001,1881,191917,2026-06-25T19:56:11.362690,Pas barometryczny,1077.90,1077.90,true
session_20260625_195259_P001,1882,192008,2026-06-25T19:56:11.453025,Pas barometryczny,1078.02,1078.02,true
session_20260625_195259_P001,1883,192107,2026-06-25T19:56:11.551775,Pas barometryczny,1078.37,1078.37,true
session_20260625_195259_P001,1884,192186,2026-06-25T19:56:11.631585,Pas barometryczny,1078.61,1078.61,true
session_20260625_195259_P001,1885,192324,2026-06-25T19:56:11.768725,Pas barometryczny,1079.17,1079.17,true
session_20260625_195259_P001,1886,192434,2026-06-25T19:56:11.879696,Pas barometryczny,1079.47,1079.47,true
session_20260625_195259_P001,1887,192504,2026-06-25T19:56:11.949361,Pas barometryczny,1079.49,1079.49,true
session_20260625_195259_P001,1888,192677,2026-06-25T19:56:12.122002,Pas barometryczny,1079.87,1079.87,true
session_20260625_195259_P001,1889,192725,2026-06-25T19:56:12.170,Pas barometryczny,1080.25,1080.25,true
session_20260625_195259_P001,1890,192821,2026-06-25T19:56:12.266609,Pas barometryczny,1080.82,1080.82,true
session_20260625_195259_P001,1891,192912,2026-06-25T19:56:12.357151,Pas barometryczny,1081.14,1081.14,true
session_20260625_195259_P001,1892,193085,2026-06-25T19:56:12.530542,Pas barometryczny,1080.49,1080.49,true
session_20260625_195259_P001,1893,193139,2026-06-25T19:56:12.584386,Pas barometryczny,1079.33,1079.33,true
session_20260625_195259_P001,1894,193222,2026-06-25T19:56:12.666982,Pas barometryczny,1079.04,1079.04,true
session_20260625_195259_P001,1895,193315,2026-06-25T19:56:12.760273,Pas barometryczny,1079.07,1079.07,true
session_20260625_195259_P001,1896,193443,2026-06-25T19:56:12.888167,Pas barometryczny,1078.96,1078.96,true
session_20260625_195259_P001,1897,193583,2026-06-25T19:56:13.027789,Pas barometryczny,1079.10,1079.10,true
session_20260625_195259_P001,1898,193651,2026-06-25T19:56:13.095714,Pas barometryczny,1079.05,1079.05,true
session_20260625_195259_P001,1899,193722,2026-06-25T19:56:13.167619,Pas barometryczny,1078.17,1078.17,true
session_20260625_195259_P001,1900,193876,2026-06-25T19:56:13.320747,Pas barometryczny,1078.29,1078.29,true
session_20260625_195259_P001,1901,193978,2026-06-25T19:56:13.423524,Pas barometryczny,1078.21,1078.21,true
session_20260625_195259_P001,1902,194029,2026-06-25T19:56:13.474682,Pas barometryczny,1078.36,1078.36,true
session_20260625_195259_P001,1903,194203,2026-06-25T19:56:13.647834,Pas barometryczny,1078.47,1078.47,true
session_20260625_195259_P001,1904,194261,2026-06-25T19:56:13.706331,Pas barometryczny,1078.00,1078.00,true
session_20260625_195259_P001,1905,194382,2026-06-25T19:56:13.827176,Pas barometryczny,1076.99,1076.99,true
session_20260625_195259_P001,1906,194434,2026-06-25T19:56:13.879203,Pas barometryczny,1078.52,1078.52,true
session_20260625_195259_P001,1907,194605,2026-06-25T19:56:14.050030,Pas barometryczny,1078.71,1078.71,true
session_20260625_195259_P001,1908,194664,2026-06-25T19:56:14.109370,Pas barometryczny,1078.81,1078.81,true
session_20260625_195259_P001,1909,194784,2026-06-25T19:56:14.228926,Pas barometryczny,1079.22,1079.22,true
session_20260625_195259_P001,1910,194883,2026-06-25T19:56:14.327988,Pas barometryczny,1079.72,1079.72,true
session_20260625_195259_P001,1911,195020,2026-06-25T19:56:14.465450,Pas barometryczny,1080.09,1080.09,true
session_20260625_195259_P001,1912,195081,2026-06-25T19:56:14.526262,Pas barometryczny,1080.70,1080.70,true
session_20260625_195259_P001,1913,195185,2026-06-25T19:56:14.630134,Pas barometryczny,1080.98,1080.98,true
session_20260625_195259_P001,1914,195280,2026-06-25T19:56:14.724724,Pas barometryczny,1081.54,1081.54,true
session_20260625_195259_P001,1915,195381,2026-06-25T19:56:14.826585,Pas barometryczny,1081.59,1081.59,true
session_20260625_195259_P001,1916,195503,2026-06-25T19:56:14.948102,Pas barometryczny,1080.92,1080.92,true
session_20260625_195259_P001,1917,195614,2026-06-25T19:56:15.059575,Pas barometryczny,1080.42,1080.42,true
session_20260625_195259_P001,1918,195702,2026-06-25T19:56:15.146829,Pas barometryczny,1079.88,1079.88,true
session_20260625_195259_P001,1919,195798,2026-06-25T19:56:15.243115,Pas barometryczny,1078.72,1078.72,true
session_20260625_195259_P001,1920,195876,2026-06-25T19:56:15.320815,Pas barometryczny,1078.60,1078.60,true
session_20260625_195259_P001,1921,195997,2026-06-25T19:56:15.442383,Pas barometryczny,1078.32,1078.32,true
session_20260625_195259_P001,1922,196101,2026-06-25T19:56:15.546448,Pas barometryczny,1078.30,1078.30,true
session_20260625_195259_P001,1923,196190,2026-06-25T19:56:15.635265,Pas barometryczny,1078.53,1078.53,true
session_20260625_195259_P001,1924,196315,2026-06-25T19:56:15.760370,Pas barometryczny,1078.77,1078.77,true
session_20260625_195259_P001,1925,196369,2026-06-25T19:56:15.814566,Pas barometryczny,1078.49,1078.49,true
session_20260625_195259_P001,1926,196505,2026-06-25T19:56:15.950090,Pas barometryczny,1078.09,1078.09,true
session_20260625_195259_P001,1927,196595,2026-06-25T19:56:16.040662,Pas barometryczny,1077.98,1077.98,true
session_20260625_195259_P001,1928,196688,2026-06-25T19:56:16.132831,Pas barometryczny,1077.76,1077.76,true
session_20260625_195259_P001,1929,196807,2026-06-25T19:56:16.251894,Pas barometryczny,1078.17,1078.17,true
session_20260625_195259_P001,1930,196909,2026-06-25T19:56:16.353747,Pas barometryczny,1078.56,1078.56,true
session_20260625_195259_P001,1931,196998,2026-06-25T19:56:16.443517,Pas barometryczny,1078.90,1078.90,true
session_20260625_195259_P001,1932,197089,2026-06-25T19:56:16.534057,Pas barometryczny,1078.45,1078.45,true
session_20260625_195259_P001,1933,197226,2026-06-25T19:56:16.670986,Pas barometryczny,1078.46,1078.46,true
session_20260625_195259_P001,1934,197317,2026-06-25T19:56:16.762155,Pas barometryczny,1079.07,1079.07,true
session_20260625_195259_P001,1935,197405,2026-06-25T19:56:16.850662,Pas barometryczny,1079.52,1079.52,true
session_20260625_195259_P001,1936,197495,2026-06-25T19:56:16.940662,Pas barometryczny,1079.63,1079.63,true
session_20260625_195259_P001,1937,197631,2026-06-25T19:56:17.075941,Pas barometryczny,1080.34,1080.34,true
session_20260625_195259_P001,1938,197722,2026-06-25T19:56:17.167191,Pas barometryczny,1080.79,1080.79,true
session_20260625_195259_P001,1939,197821,2026-06-25T19:56:17.265802,Pas barometryczny,1080.87,1080.87,true
session_20260625_195259_P001,1940,197900,2026-06-25T19:56:17.344999,Pas barometryczny,1080.75,1080.75,true
session_20260625_195259_P001,1941,198044,2026-06-25T19:56:17.489416,Pas barometryczny,1080.60,1080.60,true
session_20260625_195259_P001,1942,198139,2026-06-25T19:56:17.584284,Pas barometryczny,1080.11,1080.11,true
session_20260625_195259_P001,1943,198216,2026-06-25T19:56:17.661657,Pas barometryczny,1079.66,1079.66,true
session_20260625_195259_P001,1944,198311,2026-06-25T19:56:17.756274,Pas barometryczny,1079.18,1079.18,true
session_20260625_195259_P001,1945,198441,2026-06-25T19:56:17.886333,Pas barometryczny,1079.35,1079.35,true
session_20260625_195259_P001,1946,198530,2026-06-25T19:56:17.975596,Pas barometryczny,1079.06,1079.06,true
session_20260625_195259_P001,1947,198653,2026-06-25T19:56:18.098140,Pas barometryczny,1078.46,1078.46,true
session_20260625_195259_P001,1948,198793,2026-06-25T19:56:18.238452,Pas barometryczny,1078.48,1078.48,true
session_20260625_195259_P001,1949,198863,2026-06-25T19:56:18.307868,Pas barometryczny,1078.21,1078.21,true
session_20260625_195259_P001,1950,198941,2026-06-25T19:56:18.386061,Pas barometryczny,1078.62,1078.62,true
session_20260625_195259_P001,1951,199029,2026-06-25T19:56:18.474581,Pas barometryczny,1078.56,1078.56,true
session_20260625_195259_P001,1952,199194,2026-06-25T19:56:18.639458,Pas barometryczny,1078.86,1078.86,true
session_20260625_195259_P001,1953,199250,2026-06-25T19:56:18.694788,Pas barometryczny,1079.17,1079.17,true
session_20260625_195259_P001,1954,199382,2026-06-25T19:56:18.827562,Pas barometryczny,1079.01,1079.01,true
session_20260625_195259_P001,1955,199430,2026-06-25T19:56:18.875393,Pas barometryczny,1079.49,1079.49,true
session_20260625_195259_P001,1956,199564,2026-06-25T19:56:19.008960,Pas barometryczny,1079.68,1079.68,true
session_20260625_195259_P001,1957,199692,2026-06-25T19:56:19.137622,Pas barometryczny,1080.02,1080.02,true
session_20260625_195259_P001,1958,199744,2026-06-25T19:56:19.189505,Pas barometryczny,1080.28,1080.28,true
session_20260625_195259_P001,1959,199837,2026-06-25T19:56:19.282154,Pas barometryczny,1080.38,1080.38,true
session_20260625_195259_P001,1960,199995,2026-06-25T19:56:19.440664,Pas barometryczny,1080.19,1080.19,true
session_20260625_195259_P001,1961,200097,2026-06-25T19:56:19.541901,Pas barometryczny,1080.93,1080.93,true
session_20260625_195259_P001,1962,200168,2026-06-25T19:56:19.613451,Pas barometryczny,1081.29,1081.29,true
session_20260625_195259_P001,1963,200315,2026-06-25T19:56:19.760192,Pas barometryczny,1081.27,1081.27,true
session_20260625_195259_P001,1964,200399,2026-06-25T19:56:19.843734,Pas barometryczny,1080.90,1080.90,true
session_20260625_195259_P001,1965,200494,2026-06-25T19:56:19.938870,Pas barometryczny,1080.81,1080.81,true
session_20260625_195259_P001,1966,200555,2026-06-25T19:56:20.000193,Pas barometryczny,1080.71,1080.71,true
session_20260625_195259_P001,1967,200731,2026-06-25T19:56:20.176354,Pas barometryczny,1080.46,1080.46,true
session_20260625_195259_P001,1968,200780,2026-06-25T19:56:20.225135,Pas barometryczny,1080.31,1080.31,true
session_20260625_195259_P001,1969,200901,2026-06-25T19:56:20.345924,Pas barometryczny,1080.14,1080.14,true
session_20260625_195259_P001,1970,200988,2026-06-25T19:56:20.432913,Pas barometryczny,1080.47,1080.47,true
session_20260625_195259_P001,1971,201098,2026-06-25T19:56:20.543470,Pas barometryczny,1080.68,1080.68,true
session_20260625_195259_P001,1972,201213,2026-06-25T19:56:20.657907,Pas barometryczny,1080.88,1080.88,true
session_20260625_195259_P001,1973,201274,2026-06-25T19:56:20.718910,Pas barometryczny,1080.99,1080.99,true
session_20260625_195259_P001,1974,201402,2026-06-25T19:56:20.846823,Pas barometryczny,1080.84,1080.84,true
session_20260625_195259_P001,1975,201499,2026-06-25T19:56:20.944582,Pas barometryczny,1080.79,1080.79,true
session_20260625_195259_P001,1976,201601,2026-06-25T19:56:21.046001,Pas barometryczny,1080.80,1080.80,true
session_20260625_195259_P001,1977,201717,2026-06-25T19:56:21.162095,Pas barometryczny,1081.00,1081.00,true
session_20260625_195259_P001,1978,201821,2026-06-25T19:56:21.266383,Pas barometryczny,1080.84,1080.84,true
session_20260625_195259_P001,1979,201905,2026-06-25T19:56:21.350535,Pas barometryczny,1081.04,1081.04,true
session_20260625_195259_P001,1980,202010,2026-06-25T19:56:21.454924,Pas barometryczny,1080.60,1080.60,true
session_20260625_195259_P001,1981,202114,2026-06-25T19:56:21.559174,Pas barometryczny,1079.74,1079.74,true
session_20260625_195259_P001,1982,202219,2026-06-25T19:56:21.664043,Pas barometryczny,1080.17,1080.17,true
session_20260625_195259_P001,1983,202309,2026-06-25T19:56:21.754135,Pas barometryczny,1079.53,1079.53,true
session_20260625_195259_P001,1984,202404,2026-06-25T19:56:21.849647,Pas barometryczny,1079.36,1079.36,true
session_20260625_195259_P001,1985,202527,2026-06-25T19:56:21.972099,Pas barometryczny,1079.21,1079.21,true
session_20260625_195259_P001,1986,202629,2026-06-25T19:56:22.074211,Pas barometryczny,1078.81,1078.81,true
session_20260625_195259_P001,1987,202744,2026-06-25T19:56:22.188819,Pas barometryczny,1078.62,1078.62,true
session_20260625_195259_P001,1988,202804,2026-06-25T19:56:22.249020,Pas barometryczny,1078.49,1078.49,true
session_20260625_195259_P001,1989,202895,2026-06-25T19:56:22.340628,Pas barometryczny,1078.28,1078.28,true
session_20260625_195259_P001,1990,203030,2026-06-25T19:56:22.474749,Pas barometryczny,1077.77,1077.77,true
session_20260625_195259_P001,1991,203121,2026-06-25T19:56:22.566531,Pas barometryczny,1078.08,1078.08,true
session_20260625_195259_P001,1992,203213,2026-06-25T19:56:22.658511,Pas barometryczny,1078.67,1078.67,true
session_20260625_195259_P001,1993,203346,2026-06-25T19:56:22.791107,Pas barometryczny,1078.91,1078.91,true
session_20260625_195259_P001,1994,203436,2026-06-25T19:56:22.881087,Pas barometryczny,1079.28,1079.28,true
session_20260625_195259_P001,1995,203524,2026-06-25T19:56:22.968858,Pas barometryczny,1079.98,1079.98,true
session_20260625_195259_P001,1996,203619,2026-06-25T19:56:23.064404,Pas barometryczny,1080.67,1080.67,true
session_20260625_195259_P001,1997,203754,2026-06-25T19:56:23.199415,Pas barometryczny,1081.07,1081.07,true
session_20260625_195259_P001,1998,203845,2026-06-25T19:56:23.290229,Pas barometryczny,1081.37,1081.37,true
session_20260625_195259_P001,1999,203931,2026-06-25T19:56:23.375840,Pas barometryczny,1081.26,1081.26,true
session_20260625_195259_P001,2000,204020,2026-06-25T19:56:23.465272,Pas barometryczny,1082.00,1082.00,true
session_20260625_195259_P001,2001,204194,2026-06-25T19:56:23.639264,Pas barometryczny,1081.95,1081.95,true
session_20260625_195259_P001,2002,204248,2026-06-25T19:56:23.692802,Pas barometryczny,1081.23,1081.23,true
session_20260625_195259_P001,2003,204340,2026-06-25T19:56:23.785658,Pas barometryczny,1080.45,1080.45,true
session_20260625_195259_P001,2004,204426,2026-06-25T19:56:23.871024,Pas barometryczny,1080.20,1080.20,true
session_20260625_195259_P001,2005,204588,2026-06-25T19:56:24.033235,Pas barometryczny,1079.82,1079.82,true
session_20260625_195259_P001,2006,204651,2026-06-25T19:56:24.096166,Pas barometryczny,1079.11,1079.11,true
session_20260625_195259_P001,2007,204739,2026-06-25T19:56:24.184306,Pas barometryczny,1078.90,1078.90,true
session_20260625_195259_P001,2008,204897,2026-06-25T19:56:24.342334,Pas barometryczny,1078.37,1078.37,true
session_20260625_195259_P001,2009,204999,2026-06-25T19:56:24.444072,Pas barometryczny,1077.82,1077.82,true
session_20260625_195259_P001,2010,205059,2026-06-25T19:56:24.504240,Pas barometryczny,1078.21,1078.21,true
session_20260625_195259_P001,2011,205149,2026-06-25T19:56:24.593875,Pas barometryczny,1077.73,1077.73,true
session_20260625_195259_P001,2012,205314,2026-06-25T19:56:24.758967,Pas barometryczny,1077.67,1077.67,true
session_20260625_195259_P001,2013,205401,2026-06-25T19:56:24.845986,Pas barometryczny,1077.70,1077.70,true
session_20260625_195259_P001,2014,205459,2026-06-25T19:56:24.904359,Pas barometryczny,1078.43,1078.43,true
session_20260625_195259_P001,2015,205552,2026-06-25T19:56:24.996924,Pas barometryczny,1078.79,1078.79,true
session_20260625_195259_P001,2016,205773,2026-06-25T19:56:25.217916,Pas barometryczny,1079.42,1079.42,true
session_20260625_195259_P001,2017,205774,2026-06-25T19:56:25.219167,Pas barometryczny,1079.41,1079.41,true
session_20260625_195259_P001,2018,205898,2026-06-25T19:56:25.342929,Pas barometryczny,1079.15,1079.15,true
session_20260625_195259_P001,2019,205958,2026-06-25T19:56:25.402728,Pas barometryczny,1079.85,1079.85,true
session_20260625_195259_P001,2020,206139,2026-06-25T19:56:25.583865,Pas barometryczny,1080.27,1080.27,true
session_20260625_195259_P001,2021,206204,2026-06-25T19:56:25.648865,Pas barometryczny,1080.28,1080.28,true
session_20260625_195259_P001,2022,206303,2026-06-25T19:56:25.748581,Pas barometryczny,1080.75,1080.75,true
session_20260625_195259_P001,2023,206409,2026-06-25T19:56:25.854300,Pas barometryczny,1081.32,1081.32,true
session_20260625_195259_P001,2024,206527,2026-06-25T19:56:25.972610,Pas barometryczny,1081.14,1081.14,true
session_20260625_195259_P001,2025,206583,2026-06-25T19:56:26.028444,Pas barometryczny,1081.17,1081.17,true
session_20260625_195259_P001,2026,206720,2026-06-25T19:56:26.165339,Pas barometryczny,1080.81,1080.81,true
session_20260625_195259_P001,2027,206814,2026-06-25T19:56:26.258809,Pas barometryczny,1080.22,1080.22,true
session_20260625_195259_P001,2028,206927,2026-06-25T19:56:26.372384,Pas barometryczny,1079.67,1079.67,true
session_20260625_195259_P001,2029,206990,2026-06-25T19:56:26.435570,Pas barometryczny,1079.71,1079.71,true
session_20260625_195259_P001,2030,207125,2026-06-25T19:56:26.570010,Pas barometryczny,1078.88,1078.88,true
session_20260625_195259_P001,2031,207252,2026-06-25T19:56:26.697215,Pas barometryczny,1078.87,1078.87,true
session_20260625_195259_P001,2032,207323,2026-06-25T19:56:26.768532,Pas barometryczny,1078.77,1078.77,true
session_20260625_195259_P001,2033,207418,2026-06-25T19:56:26.862786,Pas barometryczny,1078.66,1078.66,true
session_20260625_195259_P001,2034,207508,2026-06-25T19:56:26.953421,Pas barometryczny,1079.25,1079.25,true
session_20260625_195259_P001,2035,207628,2026-06-25T19:56:27.072826,Pas barometryczny,1079.43,1079.43,true
session_20260625_195259_P001,2036,207729,2026-06-25T19:56:27.174294,Pas barometryczny,1079.22,1079.22,true
session_20260625_195259_P001,2037,207825,2026-06-25T19:56:27.269946,Pas barometryczny,1078.31,1078.31,true
session_20260625_195259_P001,2038,207933,2026-06-25T19:56:27.378159,Pas barometryczny,1078.12,1078.12,true
session_20260625_195259_P001,2039,208028,2026-06-25T19:56:27.472955,Pas barometryczny,1077.74,1077.74,true
session_20260625_195259_P001,2040,208114,2026-06-25T19:56:27.558833,Pas barometryczny,1078.36,1078.36,true
session_20260625_195259_P001,2041,208236,2026-06-25T19:56:27.681237,Pas barometryczny,1078.64,1078.64,true
session_20260625_195259_P001,2042,208342,2026-06-25T19:56:27.787631,Pas barometryczny,1079.47,1079.47,true
session_20260625_195259_P001,2043,208435,2026-06-25T19:56:27.880676,Pas barometryczny,1080.15,1080.15,true
session_20260625_195259_P001,2044,208560,2026-06-25T19:56:28.005302,Pas barometryczny,1080.42,1080.42,true
session_20260625_195259_P001,2045,208623,2026-06-25T19:56:28.068613,Pas barometryczny,1080.68,1080.68,true
session_20260625_195259_P001,2046,208747,2026-06-25T19:56:28.192316,Pas barometryczny,1080.96,1080.96,true
session_20260625_195259_P001,2047,208853,2026-06-25T19:56:28.297792,Pas barometryczny,1081.42,1081.42,true
session_20260625_195259_P001,2048,208925,2026-06-25T19:56:28.370667,Pas barometryczny,1081.58,1081.58,true
session_20260625_195259_P001,2049,209014,2026-06-25T19:56:28.458851,Pas barometryczny,1081.24,1081.24,true
session_20260625_195259_P001,2050,209155,2026-06-25T19:56:28.600001,Pas barometryczny,1080.76,1080.76,true
session_20260625_195259_P001,2051,209248,2026-06-25T19:56:28.692850,Pas barometryczny,1080.18,1080.18,true
session_20260625_195259_P001,2052,209332,2026-06-25T19:56:28.776859,Pas barometryczny,1079.94,1079.94,true
session_20260625_195259_P001,2053,209468,2026-06-25T19:56:28.912888,Pas barometryczny,1079.79,1079.79,true
session_20260625_195259_P001,2054,209593,2026-06-25T19:56:29.038500,Pas barometryczny,1079.05,1079.05,true
session_20260625_195259_P001,2055,209644,2026-06-25T19:56:29.088862,Pas barometryczny,1078.88,1078.88,true
session_20260625_195259_P001,2056,209735,2026-06-25T19:56:29.180409,Pas barometryczny,1078.61,1078.61,true
session_20260625_195259_P001,2057,209874,2026-06-25T19:56:29.318843,Pas barometryczny,1078.34,1078.34,true
session_20260625_195259_P001,2058,209963,2026-06-25T19:56:29.408255,Pas barometryczny,1078.70,1078.70,true
session_20260625_195259_P001,2059,210056,2026-06-25T19:56:29.501551,Pas barometryczny,1078.65,1078.65,true
session_20260625_195259_P001,2060,210148,2026-06-25T19:56:29.592842,Pas barometryczny,1078.41,1078.41,true
session_20260625_195259_P001,2061,210311,2026-06-25T19:56:29.756396,Pas barometryczny,1077.92,1077.92,true
session_20260625_195259_P001,2062,210366,2026-06-25T19:56:29.810987,Pas barometryczny,1078.19,1078.19,true
session_20260625_195259_P001,2063,210456,2026-06-25T19:56:29.901540,Pas barometryczny,1078.60,1078.60,true
session_20260625_195259_P001,2064,210544,2026-06-25T19:56:29.988980,Pas barometryczny,1078.80,1078.80,true
session_20260625_195259_P001,2065,210713,2026-06-25T19:56:30.158175,Pas barometryczny,1079.54,1079.54,true
session_20260625_195259_P001,2066,210774,2026-06-25T19:56:30.219224,Pas barometryczny,1078.71,1078.71,true
session_20260625_195259_P001,2067,210866,2026-06-25T19:56:30.311635,Pas barometryczny,1079.26,1079.26,true
session_20260625_195259_P001,2068,211031,2026-06-25T19:56:30.476051,Pas barometryczny,1079.76,1079.76,true
session_20260625_195259_P001,2069,211100,2026-06-25T19:56:30.545424,Pas barometryczny,1080.47,1080.47,true
session_20260625_195259_P001,2070,211208,2026-06-25T19:56:30.652779,Pas barometryczny,1080.80,1080.80,true
session_20260625_195259_P001,2071,211266,2026-06-25T19:56:30.711192,Pas barometryczny,1080.82,1080.82,true
session_20260625_195259_P001,2072,211417,2026-06-25T19:56:30.862127,Pas barometryczny,1080.66,1080.66,true
session_20260625_195259_P001,2073,211530,2026-06-25T19:56:30.975053,Pas barometryczny,1079.78,1079.78,true
session_20260625_195259_P001,2074,211578,2026-06-25T19:56:31.023375,Pas barometryczny,1079.28,1079.28,true
session_20260625_195259_P001,2075,211669,2026-06-25T19:56:31.114525,Pas barometryczny,1079.06,1079.06,true
session_20260625_195259_P001,2076,211833,2026-06-25T19:56:31.278253,Pas barometryczny,1079.02,1079.02,true
session_20260625_195259_P001,2077,211930,2026-06-25T19:56:31.375266,Pas barometryczny,1079.05,1079.05,true
session_20260625_195259_P001,2078,212007,2026-06-25T19:56:31.451730,Pas barometryczny,1078.30,1078.30,true
session_20260625_195259_P001,2079,212101,2026-06-25T19:56:31.546453,Pas barometryczny,1078.62,1078.62,true
session_20260625_195259_P001,2080,212250,2026-06-25T19:56:31.695104,Pas barometryczny,1078.39,1078.39,true
session_20260625_195259_P001,2081,212319,2026-06-25T19:56:31.763736,Pas barometryczny,1078.26,1078.26,true
session_20260625_195259_P001,2082,212416,2026-06-25T19:56:31.861221,Pas barometryczny,1078.54,1078.54,true
session_20260625_195259_P001,2083,212525,2026-06-25T19:56:31.970090,Pas barometryczny,1078.58,1078.58,true
session_20260625_195259_P001,2084,212650,2026-06-25T19:56:32.095335,Pas barometryczny,1078.17,1078.17,true
session_20260625_195259_P001,2085,212706,2026-06-25T19:56:32.150710,Pas barometryczny,1078.21,1078.21,true
session_20260625_195259_P001,2086,212855,2026-06-25T19:56:32.300473,Pas barometryczny,1077.58,1077.58,true
session_20260625_195259_P001,2087,212943,2026-06-25T19:56:32.387964,Pas barometryczny,1078.06,1078.06,true
session_20260625_195259_P001,2088,213036,2026-06-25T19:56:32.481165,Pas barometryczny,1078.80,1078.80,true
session_20260625_195259_P001,2089,213110,2026-06-25T19:56:32.555299,Pas barometryczny,1078.81,1078.81,true
session_20260625_195259_P001,2090,213241,2026-06-25T19:56:32.686377,Pas barometryczny,1078.52,1078.52,true
session_20260625_195259_P001,2091,213334,2026-06-25T19:56:32.779293,Pas barometryczny,1078.76,1078.76,true
session_20260625_195259_P001,2092,213424,2026-06-25T19:56:32.869483,Pas barometryczny,1078.98,1078.98,true
session_20260625_195259_P001,2093,213561,2026-06-25T19:56:33.006515,Pas barometryczny,1079.18,1079.18,true
session_20260625_195259_P001,2094,213618,2026-06-25T19:56:33.062710,Pas barometryczny,1079.56,1079.56,true
session_20260625_195259_P001,2095,213739,2026-06-25T19:56:33.183902,Pas barometryczny,1079.90,1079.90,true
session_20260625_195259_P001,2096,213835,2026-06-25T19:56:33.280223,Pas barometryczny,1080.35,1080.35,true
session_20260625_195259_P001,2097,213948,2026-06-25T19:56:33.392891,Pas barometryczny,1080.30,1080.30,true
session_20260625_195259_P001,2098,214055,2026-06-25T19:56:33.500103,Pas barometryczny,1080.48,1080.48,true
session_20260625_195259_P001,2099,214152,2026-06-25T19:56:33.597492,Pas barometryczny,1080.98,1080.98,true
session_20260625_195259_P001,2100,214258,2026-06-25T19:56:33.703372,Pas barometryczny,1080.86,1080.86,true
session_20260625_195259_P001,2101,214365,2026-06-25T19:56:33.810520,Pas barometryczny,1080.67,1080.67,true
session_20260625_195259_P001,2102,214468,2026-06-25T19:56:33.913035,Pas barometryczny,1080.40,1080.40,true
session_20260625_195259_P001,2103,214570,2026-06-25T19:56:34.015152,Pas barometryczny,1079.90,1079.90,true
session_20260625_195259_P001,2104,214664,2026-06-25T19:56:34.109458,Pas barometryczny,1079.59,1079.59,true
session_20260625_195259_P001,2105,214729,2026-06-25T19:56:34.174590,Pas barometryczny,1079.29,1079.29,true
session_20260625_195259_P001,2106,214863,2026-06-25T19:56:34.308491,Pas barometryczny,1078.70,1078.70,true
session_20260625_195259_P001,2107,214956,2026-06-25T19:56:34.401353,Pas barometryczny,1078.56,1078.56,true
session_20260625_195259_P001,2108,215044,2026-06-25T19:56:34.489212,Pas barometryczny,1078.28,1078.28,true
session_20260625_195259_P001,2109,215136,2026-06-25T19:56:34.581689,Pas barometryczny,1078.34,1078.34,true
session_20260625_195259_P001,2110,215273,2026-06-25T19:56:34.717958,Pas barometryczny,1078.38,1078.38,true
session_20260625_195259_P001,2111,215364,2026-06-25T19:56:34.809691,Pas barometryczny,1078.58,1078.58,true
session_20260625_195259_P001,2112,215450,2026-06-25T19:56:34.894935,Pas barometryczny,1078.55,1078.55,true
session_20260625_195259_P001,2113,215629,2026-06-25T19:56:35.074215,Pas barometryczny,1078.83,1078.83,true
session_20260625_195259_P001,2114,215678,2026-06-25T19:56:35.123686,Pas barometryczny,1078.45,1078.45,true
session_20260625_195259_P001,2115,215778,2026-06-25T19:56:35.222796,Pas barometryczny,1077.60,1077.60,true
session_20260625_195259_P001,2116,215860,2026-06-25T19:56:35.305048,Pas barometryczny,1077.76,1077.76,true
session_20260625_195259_P001,2117,216030,2026-06-25T19:56:35.475070,Pas barometryczny,1077.31,1077.31,true
session_20260625_195259_P001,2118,216080,2026-06-25T19:56:35.525174,Pas barometryczny,1077.17,1077.17,true
session_20260625_195259_P001,2119,216170,2026-06-25T19:56:35.614999,Pas barometryczny,1077.14,1077.14,true
session_20260625_195259_P001,2120,216260,2026-06-25T19:56:35.705063,Pas barometryczny,1077.28,1077.28,true
session_20260625_195259_P001,2121,216415,2026-06-25T19:56:35.860364,Pas barometryczny,1077.61,1077.61,true
session_20260625_195259_P001,2122,216487,2026-06-25T19:56:35.932082,Pas barometryczny,1077.19,1077.19,true
session_20260625_195259_P001,2123,216587,2026-06-25T19:56:36.032210,Pas barometryczny,1077.37,1077.37,true
session_20260625_195259_P001,2124,216691,2026-06-25T19:56:36.135964,Pas barometryczny,1077.98,1077.98,true
session_20260625_195259_P001,2125,216832,2026-06-25T19:56:36.276776,Pas barometryczny,1078.14,1078.14,true
session_20260625_195259_P001,2126,216936,2026-06-25T19:56:36.381127,Pas barometryczny,1078.31,1078.31,true
session_20260625_195259_P001,2127,216995,2026-06-25T19:56:36.439883,Pas barometryczny,1078.78,1078.78,true
session_20260625_195259_P001,2128,217143,2026-06-25T19:56:36.587814,Pas barometryczny,1079.39,1079.39,true
session_20260625_195259_P001,2129,217204,2026-06-25T19:56:36.649440,Pas barometryczny,1080.11,1080.11,true
session_20260625_195259_P001,2130,217327,2026-06-25T19:56:36.772471,Pas barometryczny,1080.13,1080.13,true
session_20260625_195259_P001,2131,217385,2026-06-25T19:56:36.830017,Pas barometryczny,1080.15,1080.15,true
session_20260625_195259_P001,2132,217549,2026-06-25T19:56:36.994015,Pas barometryczny,1080.60,1080.60,true
session_20260625_195259_P001,2133,217656,2026-06-25T19:56:37.101638,Pas barometryczny,1080.61,1080.61,true
session_20260625_195259_P001,2134,217717,2026-06-25T19:56:37.162556,Pas barometryczny,1080.39,1080.39,true
session_20260625_195259_P001,2135,217791,2026-06-25T19:56:37.235831,Pas barometryczny,1080.41,1080.41,true
session_20260625_195259_P001,2136,217967,2026-06-25T19:56:37.412450,Pas barometryczny,1080.85,1080.85,true
session_20260625_195259_P001,2137,218016,2026-06-25T19:56:37.460886,Pas barometryczny,1081.09,1081.09,true
session_20260625_195259_P001,2138,218123,2026-06-25T19:56:37.568680,Pas barometryczny,1081.33,1081.33,true
session_20260625_195259_P001,2139,218224,2026-06-25T19:56:37.669575,Pas barometryczny,1081.61,1081.61,true
session_20260625_195259_P001,2140,218367,2026-06-25T19:56:37.812315,Pas barometryczny,1082.14,1082.14,true
session_20260625_195259_P001,2141,218419,2026-06-25T19:56:37.864627,Pas barometryczny,1081.89,1081.89,true
session_20260625_195259_P001,2142,218557,2026-06-25T19:56:38.001844,Pas barometryczny,1081.29,1081.29,true
session_20260625_195259_P001,2143,218645,2026-06-25T19:56:38.090707,Pas barometryczny,1080.63,1080.63,true
session_20260625_195259_P001,2144,218758,2026-06-25T19:56:38.203304,Pas barometryczny,1080.21,1080.21,true
session_20260625_195259_P001,2145,218826,2026-06-25T19:56:38.271627,Pas barometryczny,1080.05,1080.05,true
session_20260625_195259_P001,2146,218946,2026-06-25T19:56:38.390874,Pas barometryczny,1080.06,1080.06,true
session_20260625_195259_P001,2147,219049,2026-06-25T19:56:38.494372,Pas barometryczny,1078.96,1078.96,true
session_20260625_195259_P001,2148,219139,2026-06-25T19:56:38.583828,Pas barometryczny,1078.92,1078.92,true
session_20260625_195259_P001,2149,219277,2026-06-25T19:56:38.722224,Pas barometryczny,1078.66,1078.66,true
session_20260625_195259_P001,2150,219340,2026-06-25T19:56:38.785245,Pas barometryczny,1078.20,1078.20,true
session_20260625_195259_P001,2151,219455,2026-06-25T19:56:38.899728,Pas barometryczny,1078.53,1078.53,true
session_20260625_195259_P001,2152,219556,2026-06-25T19:56:39.001139,Pas barometryczny,1079.00,1079.00,true
session_20260625_195259_P001,2153,219672,2026-06-25T19:56:39.116719,Pas barometryczny,1078.68,1078.68,true
session_20260625_195259_P001,2154,219725,2026-06-25T19:56:39.169976,Pas barometryczny,1078.56,1078.56,true
session_20260625_195259_P001,2155,219859,2026-06-25T19:56:39.303989,Pas barometryczny,1078.22,1078.22,true
session_20260625_195259_P001,2156,219960,2026-06-25T19:56:39.405428,Pas barometryczny,1077.98,1077.98,true
session_20260625_195259_P001,2157,220039,2026-06-25T19:56:39.484245,Pas barometryczny,1077.64,1077.64,true
session_20260625_195259_P001,2158,220177,2026-06-25T19:56:39.622114,Pas barometryczny,1077.90,1077.90,true
session_20260625_195259_P001,2159,220270,2026-06-25T19:56:39.714917,Pas barometryczny,1077.30,1077.30,true
session_20260625_195259_P001,2160,220355,2026-06-25T19:56:39.799961,Pas barometryczny,1077.22,1077.22,true
session_20260625_195259_P001,2161,220458,2026-06-25T19:56:39.903520,Pas barometryczny,1077.07,1077.07,true
session_20260625_195259_P001,2162,220579,2026-06-25T19:56:40.024598,Pas barometryczny,1076.80,1076.80,true
session_20260625_195259_P001,2163,220670,2026-06-25T19:56:40.114869,Pas barometryczny,1077.05,1077.05,true
session_20260625_195259_P001,2164,220760,2026-06-25T19:56:40.204740,Pas barometryczny,1077.07,1077.07,true
session_20260625_195259_P001,2165,220862,2026-06-25T19:56:40.306840,Pas barometryczny,1076.70,1076.70,true
session_20260625_195259_P001,2166,220985,2026-06-25T19:56:40.430692,Pas barometryczny,1077.42,1077.42,true
session_20260625_195259_P001,2167,221114,2026-06-25T19:56:40.559062,Pas barometryczny,1077.44,1077.44,true
session_20260625_195259_P001,2168,221166,2026-06-25T19:56:40.610787,Pas barometryczny,1077.93,1077.93,true
session_20260625_195259_P001,2169,221254,2026-06-25T19:56:40.699396,Pas barometryczny,1078.28,1078.28,true
session_20260625_195259_P001,2170,221408,2026-06-25T19:56:40.853020,Pas barometryczny,1078.79,1078.79,true
session_20260625_195259_P001,2171,221510,2026-06-25T19:56:40.955293,Pas barometryczny,1079.15,1079.15,true
session_20260625_195259_P001,2172,221573,2026-06-25T19:56:41.018689,Pas barometryczny,1078.85,1078.85,true
session_20260625_195259_P001,2173,221752,2026-06-25T19:56:41.197378,Pas barometryczny,1078.84,1078.84,true
session_20260625_195259_P001,2174,221816,2026-06-25T19:56:41.261633,Pas barometryczny,1079.04,1079.04,true
session_20260625_195259_P001,2175,221883,2026-06-25T19:56:41.328380,Pas barometryczny,1079.34,1079.34,true
session_20260625_195259_P001,2176,221974,2026-06-25T19:56:41.419623,Pas barometryczny,1079.61,1079.61,true
session_20260625_195259_P001,2177,222151,2026-06-25T19:56:41.595869,Pas barometryczny,1080.08,1080.08,true
session_20260625_195259_P001,2178,222200,2026-06-25T19:56:41.645105,Pas barometryczny,1080.61,1080.61,true
session_20260625_195259_P001,2179,222293,2026-06-25T19:56:41.738425,Pas barometryczny,1080.74,1080.74,true
session_20260625_195259_P001,2180,222386,2026-06-25T19:56:41.830871,Pas barometryczny,1081.27,1081.27,true
session_20260625_195259_P001,2181,222535,2026-06-25T19:56:41.979792,Pas barometryczny,1081.31,1081.31,true
session_20260625_195259_P001,2182,222634,2026-06-25T19:56:42.078784,Pas barometryczny,1081.42,1081.42,true
session_20260625_195259_P001,2183,222697,2026-06-25T19:56:42.142539,Pas barometryczny,1081.25,1081.25,true
session_20260625_195259_P001,2184,222785,2026-06-25T19:56:42.230107,Pas barometryczny,1080.96,1080.96,true
session_20260625_195259_P001,2185,222953,2026-06-25T19:56:42.398049,Pas barometryczny,1080.36,1080.36,true
session_20260625_195259_P001,2186,223052,2026-06-25T19:56:42.497030,Pas barometryczny,1079.77,1079.77,true
session_20260625_195259_P001,2187,223102,2026-06-25T19:56:42.547701,Pas barometryczny,1079.04,1079.04,true
session_20260625_195259_P001,2188,223257,2026-06-25T19:56:42.701996,Pas barometryczny,1078.97,1078.97,true
session_20260625_195259_P001,2189,223358,2026-06-25T19:56:42.803472,Pas barometryczny,1078.57,1078.57,true
session_20260625_195259_P001,2190,223418,2026-06-25T19:56:42.862862,Pas barometryczny,1078.53,1078.53,true
session_20260625_195259_P001,2191,223536,2026-06-25T19:56:42.981586,Pas barometryczny,1078.87,1078.87,true
session_20260625_195259_P001,2192,223639,2026-06-25T19:56:43.084145,Pas barometryczny,1078.66,1078.66,true
session_20260625_195259_P001,2193,223771,2026-06-25T19:56:43.216538,Pas barometryczny,1078.66,1078.66,true
session_20260625_195259_P001,2194,223819,2026-06-25T19:56:43.264263,Pas barometryczny,1078.09,1078.09,true
session_20260625_195259_P001,2195,223952,2026-06-25T19:56:43.397423,Pas barometryczny,1077.70,1077.70,true
session_20260625_195259_P001,2196,224077,2026-06-25T19:56:43.521716,Pas barometryczny,1077.47,1077.47,true
session_20260625_195259_P001,2197,224133,2026-06-25T19:56:43.578288,Pas barometryczny,1077.42,1077.42,true
session_20260625_195259_P001,2198,224244,2026-06-25T19:56:43.689676,Pas barometryczny,1077.75,1077.75,true
session_20260625_195259_P001,2199,224351,2026-06-25T19:56:43.795810,Pas barometryczny,1076.62,1076.62,true
session_20260625_195259_P001,2200,224475,2026-06-25T19:56:43.919809,Pas barometryczny,1077.39,1077.39,true
session_20260625_195259_P001,2201,224542,2026-06-25T19:56:43.986904,Pas barometryczny,1077.82,1077.82,true
session_20260625_195259_P001,2202,224671,2026-06-25T19:56:44.116301,Pas barometryczny,1077.63,1077.63,true
session_20260625_195259_P001,2203,224778,2026-06-25T19:56:44.223357,Pas barometryczny,1078.51,1078.51,true
session_20260625_195259_P001,2204,224854,2026-06-25T19:56:44.299081,Pas barometryczny,1079.12,1079.12,true
session_20260625_195259_P001,2205,224989,2026-06-25T19:56:44.434478,Pas barometryczny,1079.67,1079.67,true
session_20260625_195259_P001,2206,225053,2026-06-25T19:56:44.498404,Pas barometryczny,1079.87,1079.87,true
session_20260625_195259_P001,2207,225173,2026-06-25T19:56:44.618418,Pas barometryczny,1080.21,1080.21,true
session_20260625_195259_P001,2208,225259,2026-06-25T19:56:44.704068,Pas barometryczny,1080.39,1080.39,true
session_20260625_195259_P001,2209,225391,2026-06-25T19:56:44.836513,Pas barometryczny,1080.46,1080.46,true
session_20260625_195259_P001,2210,225463,2026-06-25T19:56:44.908596,Pas barometryczny,1080.74,1080.74,true
session_20260625_195259_P001,2211,225576,2026-06-25T19:56:45.021163,Pas barometryczny,1081.20,1081.20,true
session_20260625_195259_P001,2212,225666,2026-06-25T19:56:45.110718,Pas barometryczny,1081.37,1081.37,true
session_20260625_195259_P001,2213,225762,2026-06-25T19:56:45.207202,Pas barometryczny,1081.71,1081.71,true
session_20260625_195259_P001,2214,225845,2026-06-25T19:56:45.289878,Pas barometryczny,1081.60,1081.60,true
session_20260625_195259_P001,2215,225979,2026-06-25T19:56:45.424449,Pas barometryczny,1080.77,1080.77,true
session_20260625_195259_P001,2216,226080,2026-06-25T19:56:45.524845,Pas barometryczny,1079.80,1079.80,true
session_20260625_195259_P001,2217,226162,2026-06-25T19:56:45.606771,Pas barometryczny,1079.24,1079.24,true
session_20260625_195259_P001,2218,226299,2026-06-25T19:56:45.744173,Pas barometryczny,1079.20,1079.20,true
session_20260625_195259_P001,2219,226404,2026-06-25T19:56:45.849127,Pas barometryczny,1078.81,1078.81,true
session_20260625_195259_P001,2220,226477,2026-06-25T19:56:45.922440,Pas barometryczny,1078.91,1078.91,true
session_20260625_195259_P001,2221,226565,2026-06-25T19:56:46.010649,Pas barometryczny,1078.84,1078.84,true
session_20260625_195259_P001,2222,226705,2026-06-25T19:56:46.150688,Pas barometryczny,1078.96,1078.96,true
session_20260625_195259_P001,2223,226798,2026-06-25T19:56:46.243267,Pas barometryczny,1078.76,1078.76,true
session_20260625_195259_P001,2224,226880,2026-06-25T19:56:46.324765,Pas barometryczny,1078.15,1078.15,true
session_20260625_195259_P001,2225,226977,2026-06-25T19:56:46.422058,Pas barometryczny,1078.11,1078.11,true
session_20260625_195259_P001,2226,227119,2026-06-25T19:56:46.564045,Pas barometryczny,1078.04,1078.04,true
session_20260625_195259_P001,2227,227207,2026-06-25T19:56:46.651953,Pas barometryczny,1077.90,1077.90,true
session_20260625_195259_P001,2228,227309,2026-06-25T19:56:46.753851,Pas barometryczny,1077.72,1077.72,true
session_20260625_195259_P001,2229,227416,2026-06-25T19:56:46.861505,Pas barometryczny,1077.64,1077.64,true
session_20260625_195259_P001,2230,227511,2026-06-25T19:56:46.956220,Pas barometryczny,1077.45,1077.45,true
session_20260625_195259_P001,2231,227599,2026-06-25T19:56:47.044339,Pas barometryczny,1077.09,1077.09,true
session_20260625_195259_P001,2232,227702,2026-06-25T19:56:47.147335,Pas barometryczny,1076.94,1076.94,true
session_20260625_195259_P001,2233,227869,2026-06-25T19:56:47.314210,Pas barometryczny,1076.96,1076.96,true
session_20260625_195259_P001,2234,227932,2026-06-25T19:56:47.377012,Pas barometryczny,1076.92,1076.92,true
session_20260625_195259_P001,2235,228011,2026-06-25T19:56:47.456229,Pas barometryczny,1077.14,1077.14,true
session_20260625_195259_P001,2236,228102,2026-06-25T19:56:47.546810,Pas barometryczny,1077.77,1077.77,true
session_20260625_195259_P001,2237,228252,2026-06-25T19:56:47.697010,Pas barometryczny,1077.80,1077.80,true
session_20260625_195259_P001,2238,228319,2026-06-25T19:56:47.764520,Pas barometryczny,1077.82,1077.82,true
session_20260625_195259_P001,2239,228410,2026-06-25T19:56:47.855552,Pas barometryczny,1078.15,1078.15,true
session_20260625_195259_P001,2240,228504,2026-06-25T19:56:47.948866,Pas barometryczny,1078.24,1078.24,true
session_20260625_195259_P001,2241,228663,2026-06-25T19:56:48.108054,Pas barometryczny,1078.76,1078.76,true
session_20260625_195259_P001,2242,228768,2026-06-25T19:56:48.213187,Pas barometryczny,1079.00,1079.00,true
session_20260625_195259_P001,2243,228816,2026-06-25T19:56:48.261680,Pas barometryczny,1078.87,1078.87,true
session_20260625_195259_P001,2244,228921,2026-06-25T19:56:48.366246,Pas barometryczny,1078.75,1078.75,true
session_20260625_195259_P001,2245,229040,2026-06-25T19:56:48.485510,Pas barometryczny,1079.11,1079.11,true
session_20260625_195259_P001,2246,229156,2026-06-25T19:56:48.601378,Pas barometryczny,1079.29,1079.29,true
session_20260625_195259_P001,2247,229226,2026-06-25T19:56:48.671496,Pas barometryczny,1079.40,1079.40,true
session_20260625_195259_P001,2248,229389,2026-06-25T19:56:48.834393,Pas barometryczny,1079.79,1079.79,true
session_20260625_195259_P001,2249,229456,2026-06-25T19:56:48.900874,Pas barometryczny,1080.12,1080.12,true
session_20260625_195259_P001,2250,229565,2026-06-25T19:56:49.010582,Pas barometryczny,1081.00,1081.00,true
session_20260625_195259_P001,2251,229626,2026-06-25T19:56:49.071248,Pas barometryczny,1081.15,1081.15,true
session_20260625_195259_P001,2252,229805,2026-06-25T19:56:49.250697,Pas barometryczny,1081.38,1081.38,true
session_20260625_195259_P001,2253,229848,2026-06-25T19:56:49.293391,Pas barometryczny,1081.48,1081.48,true
session_20260625_195259_P001,2254,229957,2026-06-25T19:56:49.402052,Pas barometryczny,1081.24,1081.24,true
session_20260625_195259_P001,2255,230075,2026-06-25T19:56:49.519947,Pas barometryczny,1080.70,1080.70,true
session_20260625_195259_P001,2256,230165,2026-06-25T19:56:49.610158,Pas barometryczny,1080.57,1080.57,true
session_20260625_195259_P001,2257,230276,2026-06-25T19:56:49.720842,Pas barometryczny,1079.88,1079.88,true
session_20260625_195259_P001,2258,230345,2026-06-25T19:56:49.790056,Pas barometryczny,1078.95,1078.95,true
session_20260625_195259_P001,2259,230458,2026-06-25T19:56:49.903144,Pas barometryczny,1078.82,1078.82,true
session_20260625_195259_P001,2260,230571,2026-06-25T19:56:50.016228,Pas barometryczny,1078.54,1078.54,true
session_20260625_195259_P001,2261,230687,2026-06-25T19:56:50.132123,Pas barometryczny,1078.43,1078.43,true
session_20260625_195259_P001,2262,230780,2026-06-25T19:56:50.225568,Pas barometryczny,1078.86,1078.86,true
session_20260625_195259_P001,2263,230888,2026-06-25T19:56:50.333493,Pas barometryczny,1079.02,1079.02,true
session_20260625_195259_P001,2264,230986,2026-06-25T19:56:50.430782,Pas barometryczny,1078.48,1078.48,true
session_20260625_195259_P001,2265,231117,2026-06-25T19:56:50.562021,Pas barometryczny,1078.18,1078.18,true
session_20260625_195259_P001,2266,231159,2026-06-25T19:56:50.603759,Pas barometryczny,1077.90,1077.90,true
session_20260625_195259_P001,2267,231288,2026-06-25T19:56:50.733136,Pas barometryczny,1077.64,1077.64,true
session_20260625_195259_P001,2268,231386,2026-06-25T19:56:50.831342,Pas barometryczny,1077.59,1077.59,true
session_20260625_195259_P001,2269,231488,2026-06-25T19:56:50.933343,Pas barometryczny,1077.67,1077.67,true
session_20260625_195259_P001,2270,231591,2026-06-25T19:56:51.036550,Pas barometryczny,1077.27,1077.27,true
session_20260625_195259_P001,2271,231694,2026-06-25T19:56:51.139431,Pas barometryczny,1077.43,1077.43,true
session_20260625_195259_P001,2272,231790,2026-06-25T19:56:51.235204,Pas barometryczny,1077.69,1077.69,true
session_20260625_195259_P001,2273,231883,2026-06-25T19:56:51.327982,Pas barometryczny,1078.11,1078.11,true
session_20260625_195259_P001,2274,231987,2026-06-25T19:56:51.432489,Pas barometryczny,1078.50,1078.50,true
session_20260625_195259_P001,2275,232104,2026-06-25T19:56:51.548832,Pas barometryczny,1078.92,1078.92,true
session_20260625_195259_P001,2276,232204,2026-06-25T19:56:51.649235,Pas barometryczny,1079.33,1079.33,true
session_20260625_195259_P001,2277,232278,2026-06-25T19:56:51.723201,Pas barometryczny,1079.77,1079.77,true
session_20260625_195259_P001,2278,232414,2026-06-25T19:56:51.859089,Pas barometryczny,1079.38,1079.38,true
session_20260625_195259_P001,2279,232511,2026-06-25T19:56:51.956035,Pas barometryczny,1079.72,1079.72,true
session_20260625_195259_P001,2280,232599,2026-06-25T19:56:52.044643,Pas barometryczny,1080.05,1080.05,true
session_20260625_195259_P001,2281,232698,2026-06-25T19:56:52.143387,Pas barometryczny,1079.39,1079.39,true
session_20260625_195259_P001,2282,232825,2026-06-25T19:56:52.269932,Pas barometryczny,1080.00,1080.00,true
session_20260625_195259_P001,2283,232916,2026-06-25T19:56:52.360904,Pas barometryczny,1079.85,1079.85,true
session_20260625_195259_P001,2284,233001,2026-06-25T19:56:52.446441,Pas barometryczny,1079.14,1079.14,true
session_20260625_195259_P001,2285,233090,2026-06-25T19:56:52.535470,Pas barometryczny,1079.00,1079.00,true
session_20260625_195259_P001,2286,233228,2026-06-25T19:56:52.672931,Pas barometryczny,1078.61,1078.61,true
session_20260625_195259_P001,2287,233322,2026-06-25T19:56:52.766850,Pas barometryczny,1078.82,1078.82,true
session_20260625_195259_P001,2288,233407,2026-06-25T19:56:52.852669,Pas barometryczny,1078.74,1078.74,true
session_20260625_195259_P001,2289,233504,2026-06-25T19:56:52.948728,Pas barometryczny,1078.15,1078.15,true
session_20260625_195259_P001,2290,233654,2026-06-25T19:56:53.099061,Pas barometryczny,1077.75,1077.75,true
session_20260625_195259_P001,2291,233721,2026-06-25T19:56:53.166027,Pas barometryczny,1077.53,1077.53,true
session_20260625_195259_P001,2292,233809,2026-06-25T19:56:53.254008,Pas barometryczny,1077.96,1077.96,true
session_20260625_195259_P001,2293,233979,2026-06-25T19:56:53.424394,Pas barometryczny,1077.92,1077.92,true
session_20260625_195259_P001,2294,234035,2026-06-25T19:56:53.480702,Pas barometryczny,1078.01,1078.01,true
session_20260625_195259_P001,2295,234128,2026-06-25T19:56:53.573147,Pas barometryczny,1078.20,1078.20,true
session_20260625_195259_P001,2296,234249,2026-06-25T19:56:53.693785,Pas barometryczny,1078.62,1078.62,true
session_20260625_195259_P001,2297,234381,2026-06-25T19:56:53.825898,Pas barometryczny,1078.95,1078.95,true
session_20260625_195259_P001,2298,234439,2026-06-25T19:56:53.884589,Pas barometryczny,1079.24,1079.24,true
session_20260625_195259_P001,2299,234532,2026-06-25T19:56:53.977215,Pas barometryczny,1080.16,1080.16,true
session_20260625_195259_P001,2300,234623,2026-06-25T19:56:54.068078,Pas barometryczny,1080.03,1080.03,true
session_20260625_195259_P001,2301,234753,2026-06-25T19:56:54.198324,Pas barometryczny,1080.17,1080.17,true
session_20260625_195259_P001,2302,234888,2026-06-25T19:56:54.333046,Pas barometryczny,1080.59,1080.59,true
session_20260625_195259_P001,2303,234953,2026-06-25T19:56:54.398207,Pas barometryczny,1080.71,1080.71,true
session_20260625_195259_P001,2304,235025,2026-06-25T19:56:54.470192,Pas barometryczny,1080.95,1080.95,true
session_20260625_195259_P001,2305,235238,2026-06-25T19:56:54.683455,Pas barometryczny,1080.83,1080.83,true
session_20260625_195259_P001,2306,235274,2026-06-25T19:56:54.719447,Pas barometryczny,1079.54,1079.54,true
session_20260625_195259_P001,2307,235339,2026-06-25T19:56:54.784042,Pas barometryczny,1079.11,1079.11,true
session_20260625_195259_P001,2308,235507,2026-06-25T19:56:54.952158,Pas barometryczny,1078.99,1078.99,true
session_20260625_195259_P001,2309,235599,2026-06-25T19:56:55.043953,Pas barometryczny,1078.51,1078.51,true
session_20260625_195259_P001,2310,235676,2026-06-25T19:56:55.121073,Pas barometryczny,1078.72,1078.72,true
session_20260625_195259_P001,2311,235744,2026-06-25T19:56:55.189195,Pas barometryczny,1078.39,1078.39,true
session_20260625_195259_P001,2312,235887,2026-06-25T19:56:55.332148,Pas barometryczny,1078.01,1078.01,true
session_20260625_195259_P001,2313,236006,2026-06-25T19:56:55.451670,Pas barometryczny,1077.46,1077.46,true
session_20260625_195259_P001,2314,236074,2026-06-25T19:56:55.519688,Pas barometryczny,1077.38,1077.38,true
session_20260625_195259_P001,2315,236191,2026-06-25T19:56:55.635861,Pas barometryczny,1077.27,1077.27,true
session_20260625_195259_P001,2316,236291,2026-06-25T19:56:55.736634,Pas barometryczny,1077.44,1077.44,true
session_20260625_195259_P001,2317,236416,2026-06-25T19:56:55.861207,Pas barometryczny,1077.29,1077.29,true
session_20260625_195259_P001,2318,236466,2026-06-25T19:56:55.911029,Pas barometryczny,1076.66,1076.66,true
session_20260625_195259_P001,2319,236589,2026-06-25T19:56:56.033802,Pas barometryczny,1077.52,1077.52,true
session_20260625_195259_P001,2320,236689,2026-06-25T19:56:56.134062,Pas barometryczny,1077.96,1077.96,true
session_20260625_195259_P001,2321,236813,2026-06-25T19:56:56.258601,Pas barometryczny,1078.05,1078.05,true
session_20260625_195259_P001,2322,236874,2026-06-25T19:56:56.319689,Pas barometryczny,1078.52,1078.52,true
session_20260625_195259_P001,2323,237006,2026-06-25T19:56:56.450827,Pas barometryczny,1078.54,1078.54,true
session_20260625_195259_P001,2324,237095,2026-06-25T19:56:56.539898,Pas barometryczny,1078.94,1078.94,true
session_20260625_195259_P001,2325,237189,2026-06-25T19:56:56.633747,Pas barometryczny,1079.51,1079.51,true
session_20260625_195259_P001,2326,237297,2026-06-25T19:56:56.741852,Pas barometryczny,1079.39,1079.39,true
session_20260625_195259_P001,2327,237408,2026-06-25T19:56:56.853511,Pas barometryczny,1079.69,1079.69,true
session_20260625_195259_P001,2328,237503,2026-06-25T19:56:56.947828,Pas barometryczny,1079.77,1079.77,true
session_20260625_195259_P001,2329,237594,2026-06-25T19:56:57.039591,Pas barometryczny,1079.83,1079.83,true
session_20260625_195259_P001,2330,237707,2026-06-25T19:56:57.152148,Pas barometryczny,1080.32,1080.32,true
session_20260625_195259_P001,2331,237817,2026-06-25T19:56:57.262160,Pas barometryczny,1079.66,1079.66,true
session_20260625_195259_P001,2332,237936,2026-06-25T19:56:57.380723,Pas barometryczny,1079.80,1079.80,true
session_20260625_195259_P001,2333,237995,2026-06-25T19:56:57.440020,Pas barometryczny,1079.50,1079.50,true
session_20260625_195259_P001,2334,238088,2026-06-25T19:56:57.533610,Pas barometryczny,1078.94,1078.94,true
session_20260625_195259_P001,2335,238222,2026-06-25T19:56:57.667486,Pas barometryczny,1079.06,1079.06,true
session_20260625_195259_P001,2336,238317,2026-06-25T19:56:57.761933,Pas barometryczny,1078.98,1078.98,true
session_20260625_195259_P001,2337,238419,2026-06-25T19:56:57.863724,Pas barometryczny,1079.20,1079.20,true
session_20260625_195259_P001,2338,238536,2026-06-25T19:56:57.980953,Pas barometryczny,1078.33,1078.33,true
session_20260625_195259_P001,2339,238624,2026-06-25T19:56:58.068864,Pas barometryczny,1077.44,1077.44,true
session_20260625_195259_P001,2340,238716,2026-06-25T19:56:58.161050,Pas barometryczny,1077.27,1077.27,true
session_20260625_195259_P001,2341,238806,2026-06-25T19:56:58.251694,Pas barometryczny,1077.06,1077.06,true
session_20260625_195259_P001,2342,238945,2026-06-25T19:56:58.389927,Pas barometryczny,1076.45,1076.45,true
session_20260625_195259_P001,2343,239035,2026-06-25T19:56:58.480092,Pas barometryczny,1076.24,1076.24,true
session_20260625_195259_P001,2344,239140,2026-06-25T19:56:58.585122,Pas barometryczny,1075.90,1075.90,true
session_20260625_195259_P001,2345,239210,2026-06-25T19:56:58.655061,Pas barometryczny,1075.60,1075.60,true
session_20260625_195259_P001,2346,239382,2026-06-25T19:56:58.826860,Pas barometryczny,1076.24,1076.24,true
session_20260625_195259_P001,2347,239437,2026-06-25T19:56:58.881935,Pas barometryczny,1076.80,1076.80,true
session_20260625_195259_P001,2348,239526,2026-06-25T19:56:58.971107,Pas barometryczny,1077.36,1077.36,true
session_20260625_195259_P001,2349,239613,2026-06-25T19:56:59.058302,Pas barometryczny,1077.88,1077.88,true
session_20260625_195259_P001,2350,239786,2026-06-25T19:56:59.230846,Pas barometryczny,1078.29,1078.29,true
session_20260625_195259_P001,2351,239844,2026-06-25T19:56:59.289289,Pas barometryczny,1078.42,1078.42,true
session_20260625_195259_P001,2352,239931,2026-06-25T19:56:59.376361,Pas barometryczny,1078.85,1078.85,true
session_20260625_195259_P001,2353,240090,2026-06-25T19:56:59.535600,Pas barometryczny,1079.18,1079.18,true
session_20260625_195259_P001,2354,240154,2026-06-25T19:56:59.599405,Pas barometryczny,1079.33,1079.33,true
session_20260625_195259_P001,2355,240282,2026-06-25T19:56:59.727445,Pas barometryczny,1079.58,1079.58,true
session_20260625_195259_P001,2356,240337,2026-06-25T19:56:59.782659,Pas barometryczny,1079.73,1079.73,true
session_20260625_195259_P001,2357,240490,2026-06-25T19:56:59.934984,Pas barometryczny,1080.33,1080.33,true
session_20260625_195259_P001,2358,240598,2026-06-25T19:57:00.042709,Pas barometryczny,1080.04,1080.04,true
session_20260625_195259_P001,2359,240667,2026-06-25T19:57:00.111985,Pas barometryczny,1079.54,1079.54,true
session_20260625_195259_P001,2360,240740,2026-06-25T19:57:00.185419,Pas barometryczny,1079.92,1079.92,true
session_20260625_195259_P001,2361,240874,2026-06-25T19:57:00.319378,Pas barometryczny,1080.32,1080.32,true
session_20260625_195259_P001,2362,241000,2026-06-25T19:57:00.445167,Pas barometryczny,1079.85,1079.85,true
session_20260625_195259_P001,2363,241054,2026-06-25T19:57:00.499502,Pas barometryczny,1079.57,1079.57,true
session_20260625_195259_P001,2364,241147,2026-06-25T19:57:00.592635,Pas barometryczny,1079.51,1079.51,true
session_20260625_195259_P001,2365,241322,2026-06-25T19:57:00.767692,Pas barometryczny,1079.66,1079.66,true
session_20260625_195259_P001,2366,241370,2026-06-25T19:57:00.814727,Pas barometryczny,1079.47,1079.47,true
session_20260625_195259_P001,2367,241484,2026-06-25T19:57:00.928787,Pas barometryczny,1078.77,1078.77,true
session_20260625_195259_P001,2368,241630,2026-06-25T19:57:01.074810,Pas barometryczny,1078.32,1078.32,true
session_20260625_195259_P001,2369,241683,2026-06-25T19:57:01.128626,Pas barometryczny,1078.03,1078.03,true
session_20260625_195259_P001,2370,241802,2026-06-25T19:57:01.247540,Pas barometryczny,1078.09,1078.09,true
session_20260625_195259_P001,2371,241894,2026-06-25T19:57:01.339122,Pas barometryczny,1077.91,1077.91,true
session_20260625_195259_P001,2372,242004,2026-06-25T19:57:01.449474,Pas barometryczny,1078.12,1078.12,true
session_20260625_195259_P001,2373,242122,2026-06-25T19:57:01.567039,Pas barometryczny,1077.65,1077.65,true
session_20260625_195259_P001,2374,242179,2026-06-25T19:57:01.624368,Pas barometryczny,1077.76,1077.76,true
session_20260625_195259_P001,2375,242310,2026-06-25T19:57:01.755348,Pas barometryczny,1077.85,1077.85,true
session_20260625_195259_P001,2376,242406,2026-06-25T19:57:01.850754,Pas barometryczny,1077.77,1077.77,true
session_20260625_195259_P001,2377,242524,2026-06-25T19:57:01.968948,Pas barometryczny,1077.87,1077.87,true
session_20260625_195259_P001,2378,242621,2026-06-25T19:57:02.065930,Pas barometryczny,1077.20,1077.20,true
session_20260625_195259_P001,2379,242676,2026-06-25T19:57:02.120975,Pas barometryczny,1077.18,1077.18,true
session_20260625_195259_P001,2380,242810,2026-06-25T19:57:02.254741,Pas barometryczny,1077.13,1077.13,true
session_20260625_195259_P001,2381,242903,2026-06-25T19:57:02.348316,Pas barometryczny,1077.46,1077.46,true
session_20260625_195259_P001,2382,243025,2026-06-25T19:57:02.470170,Pas barometryczny,1077.75,1077.75,true
session_20260625_195259_P001,2383,243126,2026-06-25T19:57:02.570738,Pas barometryczny,1077.13,1077.13,true
session_20260625_195259_P001,2384,243215,2026-06-25T19:57:02.660585,Pas barometryczny,1077.56,1077.56,true
session_20260625_195259_P001,2385,243316,2026-06-25T19:57:02.761155,Pas barometryczny,1078.03,1078.03,true
session_20260625_195259_P001,2386,243409,2026-06-25T19:57:02.854027,Pas barometryczny,1078.04,1078.04,true
session_20260625_195259_P001,2387,243529,2026-06-25T19:57:02.974102,Pas barometryczny,1078.86,1078.86,true
session_20260625_195259_P001,2388,243622,2026-06-25T19:57:03.066875,Pas barometryczny,1079.29,1079.29,true
session_20260625_195259_P001,2389,243719,2026-06-25T19:57:03.164221,Pas barometryczny,1079.04,1079.04,true
session_20260625_195259_P001,2390,243815,2026-06-25T19:57:03.260261,Pas barometryczny,1079.00,1079.00,true
session_20260625_195259_P001,2391,243936,2026-06-25T19:57:03.381058,Pas barometryczny,1079.44,1079.44,true
session_20260625_195259_P001,2392,244028,2026-06-25T19:57:03.473485,Pas barometryczny,1079.64,1079.64,true
session_20260625_195259_P001,2393,244115,2026-06-25T19:57:03.560651,Pas barometryczny,1079.98,1079.98,true
session_20260625_195259_P001,2394,244210,2026-06-25T19:57:03.655051,Pas barometryczny,1080.41,1080.41,true
session_20260625_195259_P001,2395,244340,2026-06-25T19:57:03.784906,Pas barometryczny,1079.47,1079.47,true
session_20260625_195259_P001,2396,244429,2026-06-25T19:57:03.873737,Pas barometryczny,1079.25,1079.25,true
session_20260625_195259_P001,2397,244522,2026-06-25T19:57:03.967183,Pas barometryczny,1079.17,1079.17,true
session_20260625_195259_P001,2398,244660,2026-06-25T19:57:04.105623,Pas barometryczny,1078.93,1078.93,true
session_20260625_195259_P001,2399,244753,2026-06-25T19:57:04.197784,Pas barometryczny,1078.84,1078.84,true
session_20260625_195259_P001,2400,244854,2026-06-25T19:57:04.298933,Pas barometryczny,1078.46,1078.46,true
session_20260625_195259_P001,2401,244925,2026-06-25T19:57:04.369942,Pas barometryczny,1078.41,1078.41,true
session_20260625_195259_P001,2402,245097,2026-06-25T19:57:04.541977,Pas barometryczny,1077.97,1077.97,true
session_20260625_195259_P001,2403,245150,2026-06-25T19:57:04.595039,Pas barometryczny,1077.93,1077.93,true
session_20260625_195259_P001,2404,245239,2026-06-25T19:57:04.684155,Pas barometryczny,1077.98,1077.98,true
session_20260625_195259_P001,2405,245330,2026-06-25T19:57:04.775035,Pas barometryczny,1078.53,1078.53,true
session_20260625_195259_P001,2406,245484,2026-06-25T19:57:04.929307,Pas barometryczny,1077.35,1077.35,true
session_20260625_195259_P001,2407,245557,2026-06-25T19:57:05.002375,Pas barometryczny,1077.05,1077.05,true
session_20260625_195259_P001,2408,245687,2026-06-25T19:57:05.132175,Pas barometryczny,1077.85,1077.85,true
session_20260625_195259_P001,2409,245735,2026-06-25T19:57:05.180131,Pas barometryczny,1078.45,1078.45,true
session_20260625_195259_P001,2410,245900,2026-06-25T19:57:05.345556,Pas barometryczny,1078.98,1078.98,true
session_20260625_195259_P001,2411,246000,2026-06-25T19:57:05.445156,Pas barometryczny,1079.40,1079.40,true
session_20260625_195259_P001,2412,246052,2026-06-25T19:57:05.496889,Pas barometryczny,1079.80,1079.80,true
session_20260625_195259_P001,2413,246218,2026-06-25T19:57:05.663268,Pas barometryczny,1080.20,1080.20,true
session_20260625_195259_P001,2414,246292,2026-06-25T19:57:05.737052,Pas barometryczny,1080.40,1080.40,true
session_20260625_195259_P001,2415,246384,2026-06-25T19:57:05.829093,Pas barometryczny,1080.63,1080.63,true
session_20260625_195259_P001,2416,246458,2026-06-25T19:57:05.903585,Pas barometryczny,1080.96,1080.96,true
session_20260625_195259_P001,2417,246624,2026-06-25T19:57:06.069288,Pas barometryczny,1080.99,1080.99,true
session_20260625_195259_P001,2418,246681,2026-06-25T19:57:06.126608,Pas barometryczny,1080.45,1080.45,true
session_20260625_195259_P001,2419,246805,2026-06-25T19:57:06.250682,Pas barometryczny,1079.18,1079.18,true
session_20260625_195259_P001,2420,246860,2026-06-25T19:57:06.305621,Pas barometryczny,1078.76,1078.76,true
session_20260625_195259_P001,2421,246994,2026-06-25T19:57:06.439070,Pas barometryczny,1078.51,1078.51,true
session_20260625_195259_P001,2422,247118,2026-06-25T19:57:06.563202,Pas barometryczny,1078.13,1078.13,true
session_20260625_195259_P001,2423,247192,2026-06-25T19:57:06.637254,Pas barometryczny,1078.36,1078.36,true
session_20260625_195259_P001,2424,247294,2026-06-25T19:57:06.739,Pas barometryczny,1079.11,1079.11,true
session_20260625_195259_P001,2425,247421,2026-06-25T19:57:06.866225,Pas barometryczny,1078.85,1078.85,true
session_20260625_195259_P001,2426,247510,2026-06-25T19:57:06.954785,Pas barometryczny,1078.39,1078.39,true
session_20260625_195259_P001,2427,247580,2026-06-25T19:57:07.024730,Pas barometryczny,1077.92,1077.92,true
session_20260625_195259_P001,2428,247713,2026-06-25T19:57:07.158426,Pas barometryczny,1077.53,1077.53,true
session_20260625_195259_P001,2429,247831,2026-06-25T19:57:07.276089,Pas barometryczny,1077.19,1077.19,true
session_20260625_195259_P001,2430,247897,2026-06-25T19:57:07.342701,Pas barometryczny,1077.68,1077.68,true
session_20260625_195259_P001,2431,248020,2026-06-25T19:57:07.465198,Pas barometryczny,1077.65,1077.65,true
session_20260625_195259_P001,2432,248128,2026-06-25T19:57:07.572776,Pas barometryczny,1078.09,1078.09,true
session_20260625_195259_P001,2433,248210,2026-06-25T19:57:07.655247,Pas barometryczny,1078.85,1078.85,true
session_20260625_195259_P001,2434,248307,2026-06-25T19:57:07.751879,Pas barometryczny,1079.02,1079.02,true
session_20260625_195259_P001,2435,248419,2026-06-25T19:57:07.864162,Pas barometryczny,1079.11,1079.11,true
session_20260625_195259_P001,2436,248524,2026-06-25T19:57:07.968724,Pas barometryczny,1079.67,1079.67,true
session_20260625_195259_P001,2437,248623,2026-06-25T19:57:08.068642,Pas barometryczny,1080.30,1080.30,true
session_20260625_195259_P001,2438,248745,2026-06-25T19:57:08.190105,Pas barometryczny,1080.57,1080.57,true
session_20260625_195259_P001,2439,248812,2026-06-25T19:57:08.257606,Pas barometryczny,1081.02,1081.02,true
session_20260625_195259_P001,2440,248931,2026-06-25T19:57:08.375769,Pas barometryczny,1080.92,1080.92,true
session_20260625_195259_P001,2441,249020,2026-06-25T19:57:08.465533,Pas barometryczny,1080.32,1080.32,true
session_20260625_195259_P001,2442,249149,2026-06-25T19:57:08.594604,Pas barometryczny,1079.99,1079.99,true
session_20260625_195259_P001,2443,249249,2026-06-25T19:57:08.694359,Pas barometryczny,1079.47,1079.47,true
session_20260625_195259_P001,2444,249338,2026-06-25T19:57:08.782864,Pas barometryczny,1079.07,1079.07,true
session_20260625_195259_P001,2445,249431,2026-06-25T19:57:08.876653,Pas barometryczny,1078.56,1078.56,true
session_20260625_195259_P001,2446,249520,2026-06-25T19:57:08.965636,Pas barometryczny,1078.98,1078.98,true
session_20260625_195259_P001,2447,249649,2026-06-25T19:57:09.094244,Pas barometryczny,1078.66,1078.66,true
session_20260625_195259_P001,2448,249739,2026-06-25T19:57:09.183856,Pas barometryczny,1078.11,1078.11,true
session_20260625_195259_P001,2449,249840,2026-06-25T19:57:09.285198,Pas barometryczny,1077.93,1077.93,true
session_20260625_195259_P001,2450,249941,2026-06-25T19:57:09.386212,Pas barometryczny,1077.76,1077.76,true
session_20260625_195259_P001,2451,250060,2026-06-25T19:57:09.505642,Pas barometryczny,1077.07,1077.07,true
session_20260625_195259_P001,2452,250153,2026-06-25T19:57:09.598301,Pas barometryczny,1076.93,1076.93,true
session_20260625_195259_P001,2453,250245,2026-06-25T19:57:09.690391,Pas barometryczny,1077.60,1077.60,true
session_20260625_195259_P001,2454,250331,2026-06-25T19:57:09.776066,Pas barometryczny,1078.27,1078.27,true
