session_id,sample_index,timestamp_ms,datetime_iso,device_name,raw_payload,raw_pressure,parse_ok
session_20260624_181854_P001,0,133,2026-06-24T18:18:55.312074,Pas barometryczny,1082.30,1082.30,true
session_20260624_181854_P001,1,274,2026-06-24T18:18:55.453090,Pas barometryczny,1082.20,1082.20,true
session_20260624_181854_P001,2,336,2026-06-24T18:18:55.515265,Pas barometryczny,1082.44,1082.44,true
session_20260624_181854_P001,3,406,2026-06-24T18:18:55.584752,Pas barometryczny,1082.53,1082.53,true
session_20260624_181854_P001,4,540,2026-06-24T18:18:55.718629,Pas barometryczny,1083.14,1083.14,true
session_20260624_181854_P001,5,646,2026-06-24T18:18:55.825229,Pas barometryczny,1083.40,1083.40,true
session_20260624_181854_P001,6,746,2026-06-24T18:18:55.925453,Pas barometryczny,1084.44,1084.44,true
session_20260624_181854_P001,7,821,2026-06-24T18:18:55.999873,Pas barometryczny,1084.67,1084.67,true
session_20260624_181854_P001,8,958,2026-06-24T18:18:56.137540,Pas barometryczny,1084.88,1084.88,true
session_20260624_181854_P001,9,1034,2026-06-24T18:18:56.212853,Pas barometryczny,1085.21,1085.21,true
session_20260624_181854_P001,10,1125,2026-06-24T18:18:56.303989,Pas barometryczny,1085.34,1085.34,true
session_20260624_181854_P001,11,1273,2026-06-24T18:18:56.452319,Pas barometryczny,1085.55,1085.55,true
session_20260624_181854_P001,12,1353,2026-06-24T18:18:56.532331,Pas barometryczny,1085.75,1085.75,true
session_20260624_181854_P001,13,1456,2026-06-24T18:18:56.635273,Pas barometryczny,1086.09,1086.09,true
session_20260624_181854_P001,14,1547,2026-06-24T18:18:56.725870,Pas barometryczny,1086.45,1086.45,true
session_20260624_181854_P001,15,1712,2026-06-24T18:18:56.890992,Pas barometryczny,1086.89,1086.89,true
session_20260624_181854_P001,16,1776,2026-06-24T18:18:56.954645,Pas barometryczny,1087.35,1087.35,true
session_20260624_181854_P001,17,1865,2026-06-24T18:18:57.044451,Pas barometryczny,1087.72,1087.72,true
session_20260624_181854_P001,18,1958,2026-06-24T18:18:57.137197,Pas barometryczny,1087.30,1087.30,true
session_20260624_181854_P001,19,2094,2026-06-24T18:18:57.272607,Pas barometryczny,1087.19,1087.19,true
session_20260624_181854_P001,20,2160,2026-06-24T18:18:57.339560,Pas barometryczny,1087.61,1087.61,true
session_20260624_181854_P001,21,2266,2026-06-24T18:18:57.445105,Pas barometryczny,1087.55,1087.55,true
session_20260624_181854_P001,22,2361,2026-06-24T18:18:57.540406,Pas barometryczny,1087.45,1087.45,true
session_20260624_181854_P001,23,2477,2026-06-24T18:18:57.656540,Pas barometryczny,1086.99,1086.99,true
session_20260624_181854_P001,24,2591,2026-06-24T18:18:57.769815,Pas barometryczny,1086.27,1086.27,true
session_20260624_181854_P001,25,2691,2026-06-24T18:18:57.870497,Pas barometryczny,1086.08,1086.08,true
session_20260624_181854_P001,26,2790,2026-06-24T18:18:57.968628,Pas barometryczny,1085.35,1085.35,true
session_20260624_181854_P001,27,2917,2026-06-24T18:18:58.096512,Pas barometryczny,1084.95,1084.95,true
session_20260624_181854_P001,28,2970,2026-06-24T18:18:58.148637,Pas barometryczny,1084.66,1084.66,true
session_20260624_181854_P001,29,3068,2026-06-24T18:18:58.247128,Pas barometryczny,1084.62,1084.62,true
session_20260624_181854_P001,30,3231,2026-06-24T18:18:58.410279,Pas barometryczny,1084.38,1084.38,true
session_20260624_181854_P001,31,3296,2026-06-24T18:18:58.474970,Pas barometryczny,1084.52,1084.52,true
session_20260624_181854_P001,32,3409,2026-06-24T18:18:58.588142,Pas barometryczny,1084.67,1084.67,true
session_20260624_181854_P001,33,3465,2026-06-24T18:18:58.644002,Pas barometryczny,1084.06,1084.06,true
session_20260624_181854_P001,34,3599,2026-06-24T18:18:58.778079,Pas barometryczny,1084.33,1084.33,true
session_20260624_181854_P001,35,3692,2026-06-24T18:18:58.871288,Pas barometryczny,1084.55,1084.55,true
session_20260624_181854_P001,36,3794,2026-06-24T18:18:58.973518,Pas barometryczny,1084.78,1084.78,true
session_20260624_181854_P001,37,3887,2026-06-24T18:18:59.065907,Pas barometryczny,1084.53,1084.53,true
session_20260624_181854_P001,38,4006,2026-06-24T18:18:59.185323,Pas barometryczny,1084.50,1084.50,true
session_20260624_181854_P001,39,4100,2026-06-24T18:18:59.279024,Pas barometryczny,1084.95,1084.95,true
session_20260624_181854_P001,40,4186,2026-06-24T18:18:59.364866,Pas barometryczny,1084.77,1084.77,true
session_20260624_181854_P001,41,4326,2026-06-24T18:18:59.504992,Pas barometryczny,1083.68,1083.68,true
session_20260624_181854_P001,42,4421,2026-06-24T18:18:59.600183,Pas barometryczny,1083.84,1083.84,true
session_20260624_181854_P001,43,4527,2026-06-24T18:18:59.706143,Pas barometryczny,1083.32,1083.32,true
session_20260624_181854_P001,44,4594,2026-06-24T18:18:59.773029,Pas barometryczny,1083.22,1083.22,true
session_20260624_181854_P001,45,4744,2026-06-24T18:18:59.922940,Pas barometryczny,1083.06,1083.06,true
session_20260624_181854_P001,46,4850,2026-06-24T18:19:00.028948,Pas barometryczny,1083.62,1083.62,true
session_20260624_181854_P001,47,4941,2026-06-24T18:19:00.120248,Pas barometryczny,1083.65,1083.65,true
session_20260624_181854_P001,48,4996,2026-06-24T18:19:00.174624,Pas barometryczny,1083.12,1083.12,true
session_20260624_181854_P001,49,5131,2026-06-24T18:19:00.310532,Pas barometryczny,1082.88,1082.88,true
session_20260624_181854_P001,50,5220,2026-06-24T18:19:00.399295,Pas barometryczny,1083.22,1083.22,true
session_20260624_181854_P001,51,5333,2026-06-24T18:19:00.511979,Pas barometryczny,1083.90,1083.90,true
session_20260624_181854_P001,52,5401,2026-06-24T18:19:00.580079,Pas barometryczny,1084.41,1084.41,true
session_20260624_181854_P001,53,5553,2026-06-24T18:19:00.731848,Pas barometryczny,1084.85,1084.85,true
session_20260624_181854_P001,54,5648,2026-06-24T18:19:00.826638,Pas barometryczny,1085.26,1085.26,true
session_20260624_181854_P001,55,5717,2026-06-24T18:19:00.896065,Pas barometryczny,1085.12,1085.12,true
session_20260624_181854_P001,56,5855,2026-06-24T18:19:01.033937,Pas barometryczny,1085.50,1085.50,true
session_20260624_181854_P001,57,5939,2026-06-24T18:19:01.118167,Pas barometryczny,1085.39,1085.39,true
session_20260624_181854_P001,58,6065,2026-06-24T18:19:01.243699,Pas barometryczny,1085.79,1085.79,true
session_20260624_181854_P001,59,6134,2026-06-24T18:19:01.312868,Pas barometryczny,1086.38,1086.38,true
session_20260624_181854_P001,60,6255,2026-06-24T18:19:01.433868,Pas barometryczny,1087.01,1087.01,true
session_20260624_181854_P001,61,6348,2026-06-24T18:19:01.527275,Pas barometryczny,1087.91,1087.91,true
session_20260624_181854_P001,62,6439,2026-06-24T18:19:01.617755,Pas barometryczny,1087.38,1087.38,true
session_20260624_181854_P001,63,6526,2026-06-24T18:19:01.704968,Pas barometryczny,1087.47,1087.47,true
session_20260624_181854_P001,64,6690,2026-06-24T18:19:01.869399,Pas barometryczny,1087.53,1087.53,true
session_20260624_181854_P001,65,6775,2026-06-24T18:19:01.954539,Pas barometryczny,1087.80,1087.80,true
session_20260624_181854_P001,66,6841,2026-06-24T18:19:02.019965,Pas barometryczny,1087.90,1087.90,true
session_20260624_181854_P001,67,6932,2026-06-24T18:19:02.111032,Pas barometryczny,1088.06,1088.06,true
session_20260624_181854_P001,68,7064,2026-06-24T18:19:02.242728,Pas barometryczny,1088.44,1088.44,true
session_20260624_181854_P001,69,7157,2026-06-24T18:19:02.336169,Pas barometryczny,1088.14,1088.14,true
session_20260624_181854_P001,70,7245,2026-06-24T18:19:02.423671,Pas barometryczny,1087.82,1087.82,true
session_20260624_181854_P001,71,7383,2026-06-24T18:19:02.562348,Pas barometryczny,1087.05,1087.05,true
session_20260624_181854_P001,72,7484,2026-06-24T18:19:02.662925,Pas barometryczny,1086.33,1086.33,true
session_20260624_181854_P001,73,7586,2026-06-24T18:19:02.764684,Pas barometryczny,1085.51,1085.51,true
session_20260624_181854_P001,74,7692,2026-06-24T18:19:02.871269,Pas barometryczny,1085.37,1085.37,true
session_20260624_181854_P001,75,7792,2026-06-24T18:19:02.970815,Pas barometryczny,1085.39,1085.39,true
session_20260624_181854_P001,76,7892,2026-06-24T18:19:03.070933,Pas barometryczny,1084.39,1084.39,true
session_20260624_181854_P001,77,7993,2026-06-24T18:19:03.171676,Pas barometryczny,1084.23,1084.23,true
session_20260624_181854_P001,78,8096,2026-06-24T18:19:03.275320,Pas barometryczny,1084.26,1084.26,true
session_20260624_181854_P001,79,8214,2026-06-24T18:19:03.393053,Pas barometryczny,1084.40,1084.40,true
session_20260624_181854_P001,80,8285,2026-06-24T18:19:03.464464,Pas barometryczny,1084.11,1084.11,true
session_20260624_181854_P001,81,8383,2026-06-24T18:19:03.562528,Pas barometryczny,1084.26,1084.26,true
session_20260624_181854_P001,82,8461,2026-06-24T18:19:03.639872,Pas barometryczny,1084.60,1084.60,true
session_20260624_181854_P001,83,8610,2026-06-24T18:19:03.788897,Pas barometryczny,1083.95,1083.95,true
session_20260624_181854_P001,84,8694,2026-06-24T18:19:03.873142,Pas barometryczny,1083.21,1083.21,true
session_20260624_181854_P001,85,8782,2026-06-24T18:19:03.961052,Pas barometryczny,1083.17,1083.17,true
session_20260624_181854_P001,86,8912,2026-06-24T18:19:04.091092,Pas barometryczny,1083.67,1083.67,true
session_20260624_181854_P001,87,9020,2026-06-24T18:19:04.199421,Pas barometryczny,1084.09,1084.09,true
session_20260624_181854_P001,88,9100,2026-06-24T18:19:04.278681,Pas barometryczny,1083.91,1083.91,true
session_20260624_181854_P001,89,9208,2026-06-24T18:19:04.387044,Pas barometryczny,1082.45,1082.45,true
session_20260624_181854_P001,90,9320,2026-06-24T18:19:04.499371,Pas barometryczny,1082.58,1082.58,true
session_20260624_181854_P001,91,9418,2026-06-24T18:19:04.597200,Pas barometryczny,1082.12,1082.12,true
session_20260624_181854_P001,92,9515,2026-06-24T18:19:04.693744,Pas barometryczny,1082.22,1082.22,true
session_20260624_181854_P001,93,9583,2026-06-24T18:19:04.762435,Pas barometryczny,1082.22,1082.22,true
session_20260624_181854_P001,94,9720,2026-06-24T18:19:04.898949,Pas barometryczny,1083.14,1083.14,true
session_20260624_181854_P001,95,9839,2026-06-24T18:19:05.018057,Pas barometryczny,1083.68,1083.68,true
session_20260624_181854_P001,96,9898,2026-06-24T18:19:05.077313,Pas barometryczny,1082.73,1082.73,true
session_20260624_181854_P001,97,10000,2026-06-24T18:19:05.178847,Pas barometryczny,1083.62,1083.62,true
session_20260624_181854_P001,98,10159,2026-06-24T18:19:05.338552,Pas barometryczny,1084.05,1084.05,true
session_20260624_181854_P001,99,10215,2026-06-24T18:19:05.394080,Pas barometryczny,1084.27,1084.27,true
session_20260624_181854_P001,100,10304,2026-06-24T18:19:05.483207,Pas barometryczny,1084.92,1084.92,true
session_20260624_181854_P001,101,10451,2026-06-24T18:19:05.630509,Pas barometryczny,1085.32,1085.32,true
session_20260624_181854_P001,102,10531,2026-06-24T18:19:05.710502,Pas barometryczny,1085.63,1085.63,true
session_20260624_181854_P001,103,10627,2026-06-24T18:19:05.806420,Pas barometryczny,1085.46,1085.46,true
session_20260624_181854_P001,104,10721,2026-06-24T18:19:05.899753,Pas barometryczny,1084.72,1084.72,true
session_20260624_181854_P001,105,10876,2026-06-24T18:19:06.055019,Pas barometryczny,1085.51,1085.51,true
session_20260624_181854_P001,106,10934,2026-06-24T18:19:06.113099,Pas barometryczny,1085.92,1085.92,true
session_20260624_181854_P001,107,11026,2026-06-24T18:19:06.205421,Pas barometryczny,1086.06,1086.06,true
session_20260624_181854_P001,108,11157,2026-06-24T18:19:06.336123,Pas barometryczny,1086.26,1086.26,true
session_20260624_181854_P001,109,11282,2026-06-24T18:19:06.460577,Pas barometryczny,1086.44,1086.44,true
session_20260624_181854_P001,110,11338,2026-06-24T18:19:06.516982,Pas barometryczny,1086.66,1086.66,true
session_20260624_181854_P001,111,11450,2026-06-24T18:19:06.629308,Pas barometryczny,1087.12,1087.12,true
session_20260624_181854_P001,112,11520,2026-06-24T18:19:06.698981,Pas barometryczny,1087.19,1087.19,true
session_20260624_181854_P001,113,11674,2026-06-24T18:19:06.852841,Pas barometryczny,1087.50,1087.50,true
session_20260624_181854_P001,114,11782,2026-06-24T18:19:06.960563,Pas barometryczny,1087.69,1087.69,true
session_20260624_181854_P001,115,11836,2026-06-24T18:19:07.015485,Pas barometryczny,1087.58,1087.58,true
session_20260624_181854_P001,116,11975,2026-06-24T18:19:07.154222,Pas barometryczny,1087.41,1087.41,true
session_20260624_181854_P001,117,12099,2026-06-24T18:19:07.277876,Pas barometryczny,1087.12,1087.12,true
session_20260624_181854_P001,118,12175,2026-06-24T18:19:07.353625,Pas barometryczny,1086.52,1086.52,true
session_20260624_181854_P001,119,12243,2026-06-24T18:19:07.421858,Pas barometryczny,1085.86,1085.86,true
session_20260624_181854_P001,120,12381,2026-06-24T18:19:07.559945,Pas barometryczny,1085.35,1085.35,true
session_20260624_181854_P001,121,12476,2026-06-24T18:19:07.655025,Pas barometryczny,1084.89,1084.89,true
session_20260624_181854_P001,122,12571,2026-06-24T18:19:07.750384,Pas barometryczny,1084.56,1084.56,true
session_20260624_181854_P001,123,12691,2026-06-24T18:19:07.870080,Pas barometryczny,1084.81,1084.81,true
session_20260624_181854_P001,124,12815,2026-06-24T18:19:07.994547,Pas barometryczny,1084.65,1084.65,true
session_20260624_181854_P001,125,12871,2026-06-24T18:19:08.049927,Pas barometryczny,1084.64,1084.64,true
session_20260624_181854_P001,126,12975,2026-06-24T18:19:08.153833,Pas barometryczny,1084.32,1084.32,true
session_20260624_181854_P001,127,13076,2026-06-24T18:19:08.255097,Pas barometryczny,1085.10,1085.10,true
session_20260624_181854_P001,128,13199,2026-06-24T18:19:08.377749,Pas barometryczny,1084.45,1084.45,true
session_20260624_181854_P001,129,13295,2026-06-24T18:19:08.474121,Pas barometryczny,1084.09,1084.09,true
session_20260624_181854_P001,130,13388,2026-06-24T18:19:08.567035,Pas barometryczny,1083.96,1083.96,true
session_20260624_181854_P001,131,13519,2026-06-24T18:19:08.698459,Pas barometryczny,1084.36,1084.36,true
session_20260624_181854_P001,132,13614,2026-06-24T18:19:08.793435,Pas barometryczny,1083.12,1083.12,true
session_20260624_181854_P001,133,13678,2026-06-24T18:19:08.857194,Pas barometryczny,1082.61,1082.61,true
session_20260624_181854_P001,134,13807,2026-06-24T18:19:08.985880,Pas barometryczny,1082.06,1082.06,true
session_20260624_181854_P001,135,13925,2026-06-24T18:19:09.104054,Pas barometryczny,1081.85,1081.85,true
session_20260624_181854_P001,136,14019,2026-06-24T18:19:09.197872,Pas barometryczny,1082.06,1082.06,true
session_20260624_181854_P001,137,14116,2026-06-24T18:19:09.294956,Pas barometryczny,1082.25,1082.25,true
session_20260624_181854_P001,138,14182,2026-06-24T18:19:09.361403,Pas barometryczny,1082.76,1082.76,true
session_20260624_181854_P001,139,14310,2026-06-24T18:19:09.489062,Pas barometryczny,1083.34,1083.34,true
session_20260624_181854_P001,140,14399,2026-06-24T18:19:09.577985,Pas barometryczny,1084.12,1084.12,true
session_20260624_181854_P001,141,14498,2026-06-24T18:19:09.676843,Pas barometryczny,1083.32,1083.32,true
session_20260624_181854_P001,142,14589,2026-06-24T18:19:09.768093,Pas barometryczny,1083.12,1083.12,true
session_20260624_181854_P001,143,14714,2026-06-24T18:19:09.892777,Pas barometryczny,1083.84,1083.84,true
session_20260624_181854_P001,144,14812,2026-06-24T18:19:09.990925,Pas barometryczny,1084.63,1084.63,true
session_20260624_181854_P001,145,14902,2026-06-24T18:19:10.081170,Pas barometryczny,1085.17,1085.17,true
session_20260624_181854_P001,146,15066,2026-06-24T18:19:10.245496,Pas barometryczny,1086.14,1086.14,true
session_20260624_181854_P001,147,15130,2026-06-24T18:19:10.309101,Pas barometryczny,1086.13,1086.13,true
session_20260624_181854_P001,148,15219,2026-06-24T18:19:10.398029,Pas barometryczny,1085.30,1085.30,true
session_20260624_181854_P001,149,15318,2026-06-24T18:19:10.497517,Pas barometryczny,1085.32,1085.32,true
session_20260624_181854_P001,150,15434,2026-06-24T18:19:10.612979,Pas barometryczny,1085.37,1085.37,true
session_20260624_181854_P001,151,15528,2026-06-24T18:19:10.707198,Pas barometryczny,1085.90,1085.90,true
session_20260624_181854_P001,152,15623,2026-06-24T18:19:10.802311,Pas barometryczny,1086.59,1086.59,true
session_20260624_181854_P001,153,15749,2026-06-24T18:19:10.927924,Pas barometryczny,1087.10,1087.10,true
session_20260624_181854_P001,154,15865,2026-06-24T18:19:11.044291,Pas barometryczny,1087.85,1087.85,true
session_20260624_181854_P001,155,15996,2026-06-24T18:19:11.174645,Pas barometryczny,1087.85,1087.85,true
session_20260624_181854_P001,156,16045,2026-06-24T18:19:11.223933,Pas barometryczny,1087.46,1087.46,true
session_20260624_181854_P001,157,16109,2026-06-24T18:19:11.288293,Pas barometryczny,1087.37,1087.37,true
session_20260624_181854_P001,158,16265,2026-06-24T18:19:11.444435,Pas barometryczny,1087.55,1087.55,true
session_20260624_181854_P001,159,16357,2026-06-24T18:19:11.536204,Pas barometryczny,1087.80,1087.80,true
session_20260624_181854_P001,160,16424,2026-06-24T18:19:11.602643,Pas barometryczny,1087.37,1087.37,true
session_20260624_181854_P001,161,16574,2026-06-24T18:19:11.752657,Pas barometryczny,1087.13,1087.13,true
session_20260624_181854_P001,162,16649,2026-06-24T18:19:11.828265,Pas barometryczny,1086.97,1086.97,true
session_20260624_181854_P001,163,16738,2026-06-24T18:19:11.917422,Pas barometryczny,1086.98,1086.98,true
session_20260624_181854_P001,164,16833,2026-06-24T18:19:12.012362,Pas barometryczny,1086.75,1086.75,true
session_20260624_181854_P001,165,16988,2026-06-24T18:19:12.167250,Pas barometryczny,1086.64,1086.64,true
session_20260624_181854_P001,166,17055,2026-06-24T18:19:12.234393,Pas barometryczny,1086.45,1086.45,true
session_20260624_181854_P001,167,17152,2026-06-24T18:19:12.331260,Pas barometryczny,1086.25,1086.25,true
session_20260624_181854_P001,168,17248,2026-06-24T18:19:12.427520,Pas barometryczny,1086.86,1086.86,true
session_20260624_181854_P001,169,17375,2026-06-24T18:19:12.553565,Pas barometryczny,1085.62,1085.62,true
session_20260624_181854_P001,170,17490,2026-06-24T18:19:12.669132,Pas barometryczny,1084.77,1084.77,true
session_20260624_181854_P001,171,17574,2026-06-24T18:19:12.753064,Pas barometryczny,1084.66,1084.66,true
session_20260624_181854_P001,172,17640,2026-06-24T18:19:12.819508,Pas barometryczny,1084.83,1084.83,true
session_20260624_181854_P001,173,17778,2026-06-24T18:19:12.957114,Pas barometryczny,1084.86,1084.86,true
session_20260624_181854_P001,174,17877,2026-06-24T18:19:13.055741,Pas barometryczny,1084.01,1084.01,true
session_20260624_181854_P001,175,17953,2026-06-24T18:19:13.132204,Pas barometryczny,1084.18,1084.18,true
session_20260624_181854_P001,176,18095,2026-06-24T18:19:13.273772,Pas barometryczny,1083.74,1083.74,true
session_20260624_181854_P001,177,18202,2026-06-24T18:19:13.380601,Pas barometryczny,1083.73,1083.73,true
session_20260624_181854_P001,178,18274,2026-06-24T18:19:13.452887,Pas barometryczny,1083.94,1083.94,true
session_20260624_181854_P001,179,18377,2026-06-24T18:19:13.555623,Pas barometryczny,1084.44,1084.44,true
session_20260624_181854_P001,180,18504,2026-06-24T18:19:13.682645,Pas barometryczny,1084.70,1084.70,true
session_20260624_181854_P001,181,18585,2026-06-24T18:19:13.764364,Pas barometryczny,1083.67,1083.67,true
session_20260624_181854_P001,182,18701,2026-06-24T18:19:13.880389,Pas barometryczny,1083.60,1083.60,true
session_20260624_181854_P001,183,18774,2026-06-24T18:19:13.952694,Pas barometryczny,1083.35,1083.35,true
session_20260624_181854_P001,184,18929,2026-06-24T18:19:14.107628,Pas barometryczny,1083.21,1083.21,true
session_20260624_181854_P001,185,18993,2026-06-24T18:19:14.171918,Pas barometryczny,1083.06,1083.06,true
session_20260624_181854_P001,186,19085,2026-06-24T18:19:14.263579,Pas barometryczny,1083.72,1083.72,true
session_20260624_181854_P001,187,19180,2026-06-24T18:19:14.359210,Pas barometryczny,1084.40,1084.40,true
session_20260624_181854_P001,188,19332,2026-06-24T18:19:14.511317,Pas barometryczny,1083.07,1083.07,true
session_20260624_181854_P001,189,19394,2026-06-24T18:19:14.573133,Pas barometryczny,1083.40,1083.40,true
session_20260624_181854_P001,190,19521,2026-06-24T18:19:14.700031,Pas barometryczny,1083.51,1083.51,true
session_20260624_181854_P001,191,19618,2026-06-24T18:19:14.797295,Pas barometryczny,1085.63,1085.63,true
session_20260624_181854_P001,192,19713,2026-06-24T18:19:14.891715,Pas barometryczny,1086.29,1086.29,true
session_20260624_181854_P001,193,19826,2026-06-24T18:19:15.005213,Pas barometryczny,1086.44,1086.44,true
session_20260624_181854_P001,194,19923,2026-06-24T18:19:15.101815,Pas barometryczny,1086.39,1086.39,true
session_20260624_181854_P001,195,20050,2026-06-24T18:19:15.228627,Pas barometryczny,1085.87,1085.87,true
session_20260624_181854_P001,196,20115,2026-06-24T18:19:15.294221,Pas barometryczny,1086.59,1086.59,true
session_20260624_181854_P001,197,20203,2026-06-24T18:19:15.382382,Pas barometryczny,1086.79,1086.79,true
session_20260624_181854_P001,198,20295,2026-06-24T18:19:15.474258,Pas barometryczny,1085.58,1085.58,true
session_20260624_181854_P001,199,20430,2026-06-24T18:19:15.609220,Pas barometryczny,1085.29,1085.29,true
session_20260624_181854_P001,200,20521,2026-06-24T18:19:15.700045,Pas barometryczny,1085.32,1085.32,true
session_20260624_181854_P001,201,20619,2026-06-24T18:19:15.797586,Pas barometryczny,1085.49,1085.49,true
session_20260624_181854_P001,202,20714,2026-06-24T18:19:15.892743,Pas barometryczny,1084.88,1084.88,true
session_20260624_181854_P001,203,20833,2026-06-24T18:19:16.012505,Pas barometryczny,1085.33,1085.33,true
session_20260624_181854_P001,204,20928,2026-06-24T18:19:16.106964,Pas barometryczny,1085.60,1085.60,true
session_20260624_181854_P001,205,21013,2026-06-24T18:19:16.192277,Pas barometryczny,1086.23,1086.23,true
session_20260624_181854_P001,206,21149,2026-06-24T18:19:16.328227,Pas barometryczny,1086.56,1086.56,true
session_20260624_181854_P001,207,21265,2026-06-24T18:19:16.444229,Pas barometryczny,1087.22,1087.22,true
session_20260624_181854_P001,208,21331,2026-06-24T18:19:16.510335,Pas barometryczny,1087.76,1087.76,true
session_20260624_181854_P001,209,21419,2026-06-24T18:19:16.598363,Pas barometryczny,1087.12,1087.12,true
session_20260624_181854_P001,210,21568,2026-06-24T18:19:16.746847,Pas barometryczny,1087.60,1087.60,true
session_20260624_181854_P001,211,21658,2026-06-24T18:19:16.836727,Pas barometryczny,1087.68,1087.68,true
session_20260624_181854_P001,212,21753,2026-06-24T18:19:16.932346,Pas barometryczny,1087.82,1087.82,true
session_20260624_181854_P001,213,21832,2026-06-24T18:19:17.011350,Pas barometryczny,1088.11,1088.11,true
session_20260624_181854_P001,214,21968,2026-06-24T18:19:17.146874,Pas barometryczny,1088.23,1088.23,true
session_20260624_181854_P001,215,22050,2026-06-24T18:19:17.229524,Pas barometryczny,1088.97,1088.97,true
session_20260624_181854_P001,216,22145,2026-06-24T18:19:17.323848,Pas barometryczny,1088.09,1088.09,true
session_20260624_181854_P001,217,22262,2026-06-24T18:19:17.440975,Pas barometryczny,1088.53,1088.53,true
session_20260624_181854_P001,218,22365,2026-06-24T18:19:17.543921,Pas barometryczny,1088.49,1088.49,true
session_20260624_181854_P001,219,22486,2026-06-24T18:19:17.665082,Pas barometryczny,1088.42,1088.42,true
session_20260624_181854_P001,220,22583,2026-06-24T18:19:17.761587,Pas barometryczny,1088.71,1088.71,true
session_20260624_181854_P001,221,22717,2026-06-24T18:19:17.896101,Pas barometryczny,1089.25,1089.25,true
session_20260624_181854_P001,222,22768,2026-06-24T18:19:17.947499,Pas barometryczny,1089.11,1089.11,true
session_20260624_181854_P001,223,22862,2026-06-24T18:19:18.041024,Pas barometryczny,1088.98,1088.98,true
session_20260624_181854_P001,224,22959,2026-06-24T18:19:18.137623,Pas barometryczny,1088.25,1088.25,true
session_20260624_181854_P001,225,23110,2026-06-24T18:19:18.288823,Pas barometryczny,1087.90,1087.90,true
session_20260624_181854_P001,226,23174,2026-06-24T18:19:18.353284,Pas barometryczny,1087.37,1087.37,true
session_20260624_181854_P001,227,23266,2026-06-24T18:19:18.444783,Pas barometryczny,1085.94,1085.94,true
session_20260624_181854_P001,228,23369,2026-06-24T18:19:18.547665,Pas barometryczny,1085.54,1085.54,true
session_20260624_181854_P001,229,23492,2026-06-24T18:19:18.671052,Pas barometryczny,1085.52,1085.52,true
session_20260624_181854_P001,230,23592,2026-06-24T18:19:18.771556,Pas barometryczny,1084.78,1084.78,true
session_20260624_181854_P001,231,23702,2026-06-24T18:19:18.881015,Pas barometryczny,1084.55,1084.55,true
session_20260624_181854_P001,232,23797,2026-06-24T18:19:18.975899,Pas barometryczny,1084.27,1084.27,true
session_20260624_181854_P001,233,23902,2026-06-24T18:19:19.081111,Pas barometryczny,1084.13,1084.13,true
session_20260624_181854_P001,234,24021,2026-06-24T18:19:19.200239,Pas barometryczny,1084.01,1084.01,true
session_20260624_181854_P001,235,24088,2026-06-24T18:19:19.267082,Pas barometryczny,1084.25,1084.25,true
session_20260624_181854_P001,236,24210,2026-06-24T18:19:19.388877,Pas barometryczny,1084.31,1084.31,true
session_20260624_181854_P001,237,24303,2026-06-24T18:19:19.482329,Pas barometryczny,1084.40,1084.40,true
session_20260624_181854_P001,238,24401,2026-06-24T18:19:19.580044,Pas barometryczny,1083.97,1083.97,true
session_20260624_181854_P001,239,24491,2026-06-24T18:19:19.670115,Pas barometryczny,1084.42,1084.42,true
session_20260624_181854_P001,240,24650,2026-06-24T18:19:19.829109,Pas barometryczny,1084.03,1084.03,true
session_20260624_181854_P001,241,24708,2026-06-24T18:19:19.886957,Pas barometryczny,1083.75,1083.75,true
session_20260624_181854_P001,242,24800,2026-06-24T18:19:19.979197,Pas barometryczny,1083.61,1083.61,true
session_20260624_181854_P001,243,24908,2026-06-24T18:19:20.086948,Pas barometryczny,1084.06,1084.06,true
session_20260624_181854_P001,244,25050,2026-06-24T18:19:20.229164,Pas barometryczny,1083.84,1083.84,true
session_20260624_181854_P001,245,25110,2026-06-24T18:19:20.289125,Pas barometryczny,1082.88,1082.88,true
session_20260624_181854_P001,246,25207,2026-06-24T18:19:20.385933,Pas barometryczny,1082.96,1082.96,true
session_20260624_181854_P001,247,25304,2026-06-24T18:19:20.483465,Pas barometryczny,1082.77,1082.77,true
session_20260624_181854_P001,248,25424,2026-06-24T18:19:20.603048,Pas barometryczny,1082.54,1082.54,true
session_20260624_181854_P001,249,25540,2026-06-24T18:19:20.719523,Pas barometryczny,1082.44,1082.44,true
session_20260624_181854_P001,250,25648,2026-06-24T18:19:20.826725,Pas barometryczny,1083.73,1083.73,true
session_20260624_181854_P001,251,25739,2026-06-24T18:19:20.918200,Pas barometryczny,1084.58,1084.58,true
session_20260624_181854_P001,252,25834,2026-06-24T18:19:21.012581,Pas barometryczny,1083.98,1083.98,true
session_20260624_181854_P001,253,25931,2026-06-24T18:19:21.110224,Pas barometryczny,1084.52,1084.52,true
session_20260624_181854_P001,254,26019,2026-06-24T18:19:21.198289,Pas barometryczny,1085.12,1085.12,true
session_20260624_181854_P001,255,26174,2026-06-24T18:19:21.352617,Pas barometryczny,1085.18,1085.18,true
session_20260624_181854_P001,256,26242,2026-06-24T18:19:21.421109,Pas barometryczny,1085.64,1085.64,true
session_20260624_181854_P001,257,26328,2026-06-24T18:19:21.506829,Pas barometryczny,1085.86,1085.86,true
session_20260624_181854_P001,258,26429,2026-06-24T18:19:21.607896,Pas barometryczny,1086.12,1086.12,true
session_20260624_181854_P001,259,26564,2026-06-24T18:19:21.743457,Pas barometryczny,1086.53,1086.53,true
session_20260624_181854_P001,260,26645,2026-06-24T18:19:21.824491,Pas barometryczny,1087.03,1087.03,true
session_20260624_181854_P001,261,26730,2026-06-24T18:19:21.909205,Pas barometryczny,1086.88,1086.88,true
session_20260624_181854_P001,262,26820,2026-06-24T18:19:21.999497,Pas barometryczny,1086.80,1086.80,true
session_20260624_181854_P001,263,26972,2026-06-24T18:19:22.150942,Pas barometryczny,1086.65,1086.65,true
session_20260624_181854_P001,264,27063,2026-06-24T18:19:22.241693,Pas barometryczny,1086.84,1086.84,true
session_20260624_181854_P001,265,27137,2026-06-24T18:19:22.315977,Pas barometryczny,1087.24,1087.24,true
session_20260624_181854_P001,266,27270,2026-06-24T18:19:22.449306,Pas barometryczny,1087.38,1087.38,true
session_20260624_181854_P001,267,27367,2026-06-24T18:19:22.545603,Pas barometryczny,1087.64,1087.64,true
session_20260624_181854_P001,268,27449,2026-06-24T18:19:22.627904,Pas barometryczny,1087.79,1087.79,true
session_20260624_181854_P001,269,27539,2026-06-24T18:19:22.717658,Pas barometryczny,1087.61,1087.61,true
session_20260624_181854_P001,270,27719,2026-06-24T18:19:22.898007,Pas barometryczny,1087.46,1087.46,true
session_20260624_181854_P001,271,27797,2026-06-24T18:19:22.975815,Pas barometryczny,1087.63,1087.63,true
session_20260624_181854_P001,272,27865,2026-06-24T18:19:23.043988,Pas barometryczny,1087.55,1087.55,true
session_20260624_181854_P001,273,27971,2026-06-24T18:19:23.150102,Pas barometryczny,1086.94,1086.94,true
session_20260624_181854_P001,274,28081,2026-06-24T18:19:23.260493,Pas barometryczny,1086.67,1086.67,true
session_20260624_181854_P001,275,28176,2026-06-24T18:19:23.354848,Pas barometryczny,1085.67,1085.67,true
session_20260624_181854_P001,276,28281,2026-06-24T18:19:23.459772,Pas barometryczny,1085.47,1085.47,true
session_20260624_181854_P001,277,28372,2026-06-24T18:19:23.550877,Pas barometryczny,1085.21,1085.21,true
session_20260624_181854_P001,278,28499,2026-06-24T18:19:23.677973,Pas barometryczny,1084.93,1084.93,true
session_20260624_181854_P001,279,28575,2026-06-24T18:19:23.753645,Pas barometryczny,1084.74,1084.74,true
session_20260624_181854_P001,280,28664,2026-06-24T18:19:23.842726,Pas barometryczny,1084.72,1084.72,true
session_20260624_181854_P001,281,28822,2026-06-24T18:19:24.001129,Pas barometryczny,1084.35,1084.35,true
session_20260624_181854_P001,282,28903,2026-06-24T18:19:24.081865,Pas barometryczny,1084.45,1084.45,true
session_20260624_181854_P001,283,29016,2026-06-24T18:19:24.194729,Pas barometryczny,1084.27,1084.27,true
session_20260624_181854_P001,284,29073,2026-06-24T18:19:24.251814,Pas barometryczny,1084.23,1084.23,true
session_20260624_181854_P001,285,29211,2026-06-24T18:19:24.390543,Pas barometryczny,1083.95,1083.95,true
session_20260624_181854_P001,286,29307,2026-06-24T18:19:24.486241,Pas barometryczny,1083.99,1083.99,true
session_20260624_181854_P001,287,29396,2026-06-24T18:19:24.575419,Pas barometryczny,1083.70,1083.70,true
session_20260624_181854_P001,288,29477,2026-06-24T18:19:24.655946,Pas barometryczny,1084.22,1084.22,true
session_20260624_181854_P001,289,29636,2026-06-24T18:19:24.815151,Pas barometryczny,1083.62,1083.62,true
session_20260624_181854_P001,290,29749,2026-06-24T18:19:24.927879,Pas barometryczny,1082.96,1082.96,true
session_20260624_181854_P001,291,29789,2026-06-24T18:19:24.968475,Pas barometryczny,1083.34,1083.34,true
session_20260624_181854_P001,292,29879,2026-06-24T18:19:25.058502,Pas barometryczny,1082.60,1082.60,true
session_20260624_181854_P001,293,30050,2026-06-24T18:19:25.229467,Pas barometryczny,1082.78,1082.78,true
session_20260624_181854_P001,294,30105,2026-06-24T18:19:25.284493,Pas barometryczny,1082.59,1082.59,true
session_20260624_181854_P001,295,30195,2026-06-24T18:19:25.373630,Pas barometryczny,1083.39,1083.39,true
session_20260624_181854_P001,296,30330,2026-06-24T18:19:25.509167,Pas barometryczny,1083.78,1083.78,true
session_20260624_181854_P001,297,30433,2026-06-24T18:19:25.612125,Pas barometryczny,1082.82,1082.82,true
session_20260624_181854_P001,298,30533,2026-06-24T18:19:25.711841,Pas barometryczny,1083.97,1083.97,true
session_20260624_181854_P001,299,30633,2026-06-24T18:19:25.812206,Pas barometryczny,1083.93,1083.93,true
session_20260624_181854_P001,300,30774,2026-06-24T18:19:25.952710,Pas barometryczny,1084.41,1084.41,true
session_20260624_181854_P001,301,30849,2026-06-24T18:19:26.027675,Pas barometryczny,1084.56,1084.56,true
session_20260624_181854_P001,302,30915,2026-06-24T18:19:26.094347,Pas barometryczny,1085.07,1085.07,true
session_20260624_181854_P001,303,31005,2026-06-24T18:19:26.183625,Pas barometryczny,1085.03,1085.03,true
session_20260624_181854_P001,304,31142,2026-06-24T18:19:26.320690,Pas barometryczny,1084.36,1084.36,true
session_20260624_181854_P001,305,31233,2026-06-24T18:19:26.412526,Pas barometryczny,1084.94,1084.94,true
session_20260624_181854_P001,306,31327,2026-06-24T18:19:26.505661,Pas barometryczny,1085.44,1085.44,true
session_20260624_181854_P001,307,31425,2026-06-24T18:19:26.603985,Pas barometryczny,1085.77,1085.77,true
session_20260624_181854_P001,308,31545,2026-06-24T18:19:26.723581,Pas barometryczny,1085.88,1085.88,true
session_20260624_181854_P001,309,31635,2026-06-24T18:19:26.814537,Pas barometryczny,1085.99,1085.99,true
session_20260624_181854_P001,310,31736,2026-06-24T18:19:26.914788,Pas barometryczny,1086.22,1086.22,true
session_20260624_181854_P001,311,31865,2026-06-24T18:19:27.044559,Pas barometryczny,1086.17,1086.17,true
session_20260624_181854_P001,312,31951,2026-06-24T18:19:27.129833,Pas barometryczny,1086.06,1086.06,true
session_20260624_181854_P001,313,32061,2026-06-24T18:19:27.240471,Pas barometryczny,1086.24,1086.24,true
session_20260624_181854_P001,314,32132,2026-06-24T18:19:27.310631,Pas barometryczny,1086.52,1086.52,true
session_20260624_181854_P001,315,32264,2026-06-24T18:19:27.443338,Pas barometryczny,1086.65,1086.65,true
session_20260624_181854_P001,316,32356,2026-06-24T18:19:27.534610,Pas barometryczny,1086.59,1086.59,true
session_20260624_181854_P001,317,32446,2026-06-24T18:19:27.624604,Pas barometryczny,1085.29,1085.29,true
session_20260624_181854_P001,318,32536,2026-06-24T18:19:27.714885,Pas barometryczny,1085.19,1085.19,true
session_20260624_181854_P001,319,32679,2026-06-24T18:19:27.858194,Pas barometryczny,1084.68,1084.68,true
session_20260624_181854_P001,320,32769,2026-06-24T18:19:27.947595,Pas barometryczny,1084.54,1084.54,true
session_20260624_181854_P001,321,32848,2026-06-24T18:19:28.027281,Pas barometryczny,1084.32,1084.32,true
session_20260624_181854_P001,322,32948,2026-06-24T18:19:28.127507,Pas barometryczny,1085.01,1085.01,true
session_20260624_181854_P001,323,33095,2026-06-24T18:19:28.274347,Pas barometryczny,1084.75,1084.75,true
session_20260624_181854_P001,324,33176,2026-06-24T18:19:28.355150,Pas barometryczny,1083.88,1083.88,true
session_20260624_181854_P001,325,33255,2026-06-24T18:19:28.434190,Pas barometryczny,1084.17,1084.17,true
session_20260624_181854_P001,326,33389,2026-06-24T18:19:28.568512,Pas barometryczny,1083.41,1083.41,true
session_20260624_181854_P001,327,33493,2026-06-24T18:19:28.672515,Pas barometryczny,1083.20,1083.20,true
session_20260624_181854_P001,328,33569,2026-06-24T18:19:28.747687,Pas barometryczny,1083.15,1083.15,true
session_20260624_181854_P001,329,33703,2026-06-24T18:19:28.882031,Pas barometryczny,1083.57,1083.57,true
session_20260624_181854_P001,330,33794,2026-06-24T18:19:28.973185,Pas barometryczny,1083.34,1083.34,true
session_20260624_181854_P001,331,33889,2026-06-24T18:19:29.067998,Pas barometryczny,1082.64,1082.64,true
session_20260624_181854_P001,332,33986,2026-06-24T18:19:29.164585,Pas barometryczny,1082.71,1082.71,true
session_20260624_181854_P001,333,34087,2026-06-24T18:19:29.265620,Pas barometryczny,1082.08,1082.08,true
session_20260624_181854_P001,334,34209,2026-06-24T18:19:29.387725,Pas barometryczny,1082.16,1082.16,true
session_20260624_181854_P001,335,34317,2026-06-24T18:19:29.495864,Pas barometryczny,1082.68,1082.68,true
session_20260624_181854_P001,336,34397,2026-06-24T18:19:29.575602,Pas barometryczny,1083.16,1083.16,true
session_20260624_181854_P001,337,34494,2026-06-24T18:19:29.673158,Pas barometryczny,1083.26,1083.26,true
session_20260624_181854_P001,338,34628,2026-06-24T18:19:29.806757,Pas barometryczny,1083.29,1083.29,true
session_20260624_181854_P001,339,34706,2026-06-24T18:19:29.884827,Pas barometryczny,1082.87,1082.87,true
session_20260624_181854_P001,340,34813,2026-06-24T18:19:29.992441,Pas barometryczny,1084.07,1084.07,true
session_20260624_181854_P001,341,34936,2026-06-24T18:19:30.114878,Pas barometryczny,1083.81,1083.81,true
session_20260624_181854_P001,342,35009,2026-06-24T18:19:30.187686,Pas barometryczny,1084.39,1084.39,true
session_20260624_181854_P001,343,35130,2026-06-24T18:19:30.309403,Pas barometryczny,1085.75,1085.75,true
session_20260624_181854_P001,344,35204,2026-06-24T18:19:30.383113,Pas barometryczny,1085.39,1085.39,true
session_20260624_181854_P001,345,35332,2026-06-24T18:19:30.511556,Pas barometryczny,1085.36,1085.36,true
session_20260624_181854_P001,346,35427,2026-06-24T18:19:30.605717,Pas barometryczny,1085.62,1085.62,true
session_20260624_181854_P001,347,35519,2026-06-24T18:19:30.697796,Pas barometryczny,1085.94,1085.94,true
session_20260624_181854_P001,348,35609,2026-06-24T18:19:30.788021,Pas barometryczny,1086.19,1086.19,true
session_20260624_181854_P001,349,35761,2026-06-24T18:19:30.939793,Pas barometryczny,1086.54,1086.54,true
session_20260624_181854_P001,350,35853,2026-06-24T18:19:31.032186,Pas barometryczny,1086.96,1086.96,true
session_20260624_181854_P001,351,35911,2026-06-24T18:19:31.089807,Pas barometryczny,1087.43,1087.43,true
session_20260624_181854_P001,352,36002,2026-06-24T18:19:31.181205,Pas barometryczny,1087.16,1087.16,true
session_20260624_181854_P001,353,36139,2026-06-24T18:19:31.318018,Pas barometryczny,1086.98,1086.98,true
session_20260624_181854_P001,354,36224,2026-06-24T18:19:31.403379,Pas barometryczny,1087.04,1087.04,true
session_20260624_181854_P001,355,36320,2026-06-24T18:19:31.499028,Pas barometryczny,1087.27,1087.27,true
session_20260624_181854_P001,356,36457,2026-06-24T18:19:31.635774,Pas barometryczny,1087.23,1087.23,true
session_20260624_181854_P001,357,36553,2026-06-24T18:19:31.732479,Pas barometryczny,1086.81,1086.81,true
session_20260624_181854_P001,358,36657,2026-06-24T18:19:31.836155,Pas barometryczny,1086.87,1086.87,true
session_20260624_181854_P001,359,36760,2026-06-24T18:19:31.938585,Pas barometryczny,1085.76,1085.76,true
session_20260624_181854_P001,360,36893,2026-06-24T18:19:32.072492,Pas barometryczny,1085.92,1085.92,true
session_20260624_181854_P001,361,36962,2026-06-24T18:19:32.141473,Pas barometryczny,1085.67,1085.67,true
session_20260624_181854_P001,362,37037,2026-06-24T18:19:32.215786,Pas barometryczny,1085.39,1085.39,true
session_20260624_181854_P001,363,37149,2026-06-24T18:19:32.328522,Pas barometryczny,1084.97,1084.97,true
session_20260624_181854_P001,364,37260,2026-06-24T18:19:32.438654,Pas barometryczny,1084.88,1084.88,true
session_20260624_181854_P001,365,37350,2026-06-24T18:19:32.529217,Pas barometryczny,1085.29,1085.29,true
session_20260624_181854_P001,366,37453,2026-06-24T18:19:32.632495,Pas barometryczny,1084.38,1084.38,true
session_20260624_181854_P001,367,37557,2026-06-24T18:19:32.736166,Pas barometryczny,1084.54,1084.54,true
session_20260624_181854_P001,368,37667,2026-06-24T18:19:32.845994,Pas barometryczny,1084.03,1084.03,true
session_20260624_181854_P001,369,37757,2026-06-24T18:19:32.936428,Pas barometryczny,1084.13,1084.13,true
session_20260624_181854_P001,370,37850,2026-06-24T18:19:33.028659,Pas barometryczny,1084.26,1084.26,true
session_20260624_181854_P001,371,37983,2026-06-24T18:19:33.162239,Pas barometryczny,1084.68,1084.68,true
session_20260624_181854_P001,372,38075,2026-06-24T18:19:33.254315,Pas barometryczny,1084.14,1084.14,true
session_20260624_181854_P001,373,38189,2026-06-24T18:19:33.367642,Pas barometryczny,1083.96,1083.96,true
session_20260624_181854_P001,374,38250,2026-06-24T18:19:33.428779,Pas barometryczny,1083.29,1083.29,true
session_20260624_181854_P001,375,38387,2026-06-24T18:19:33.565940,Pas barometryczny,1082.91,1082.91,true
session_20260624_181854_P001,376,38475,2026-06-24T18:19:33.654418,Pas barometryczny,1082.98,1082.98,true
session_20260624_181854_P001,377,38577,2026-06-24T18:19:33.756101,Pas barometryczny,1083.46,1083.46,true
session_20260624_181854_P001,378,38665,2026-06-24T18:19:33.844218,Pas barometryczny,1083.83,1083.83,true
session_20260624_181854_P001,379,38828,2026-06-24T18:19:34.007070,Pas barometryczny,1083.32,1083.32,true
session_20260624_181854_P001,380,38880,2026-06-24T18:19:34.058623,Pas barometryczny,1083.01,1083.01,true
session_20260624_181854_P001,381,38971,2026-06-24T18:19:34.149752,Pas barometryczny,1082.65,1082.65,true
session_20260624_181854_P001,382,39063,2026-06-24T18:19:34.242562,Pas barometryczny,1082.27,1082.27,true
session_20260624_181854_P001,383,39200,2026-06-24T18:19:34.379289,Pas barometryczny,1082.56,1082.56,true
session_20260624_181854_P001,384,39284,2026-06-24T18:19:34.463517,Pas barometryczny,1082.87,1082.87,true
session_20260624_181854_P001,385,39381,2026-06-24T18:19:34.559579,Pas barometryczny,1082.99,1082.99,true
session_20260624_181854_P001,386,39518,2026-06-24T18:19:34.696748,Pas barometryczny,1082.70,1082.70,true
session_20260624_181854_P001,387,39610,2026-06-24T18:19:34.789431,Pas barometryczny,1081.55,1081.55,true
session_20260624_181854_P001,388,39689,2026-06-24T18:19:34.867735,Pas barometryczny,1082.26,1082.26,true
session_20260624_181854_P001,389,39778,2026-06-24T18:19:34.957500,Pas barometryczny,1082.21,1082.21,true
session_20260624_181854_P001,390,39937,2026-06-24T18:19:35.116005,Pas barometryczny,1082.69,1082.69,true
session_20260624_181854_P001,391,40005,2026-06-24T18:19:35.184014,Pas barometryczny,1082.97,1082.97,true
session_20260624_181854_P001,392,40102,2026-06-24T18:19:35.281151,Pas barometryczny,1083.61,1083.61,true
session_20260624_181854_P001,393,40186,2026-06-24T18:19:35.365295,Pas barometryczny,1083.53,1083.53,true
session_20260624_181854_P001,394,40347,2026-06-24T18:19:35.525818,Pas barometryczny,1083.47,1083.47,true
session_20260624_181854_P001,395,40409,2026-06-24T18:19:35.588137,Pas barometryczny,1083.49,1083.49,true
session_20260624_181854_P001,396,40499,2026-06-24T18:19:35.678180,Pas barometryczny,1084.38,1084.38,true
session_20260624_181854_P001,397,40590,2026-06-24T18:19:35.769296,Pas barometryczny,1084.71,1084.71,true
session_20260624_181854_P001,398,40728,2026-06-24T18:19:35.907146,Pas barometryczny,1084.88,1084.88,true
session_20260624_181854_P001,399,40814,2026-06-24T18:19:35.992804,Pas barometryczny,1085.31,1085.31,true
session_20260624_181854_P001,400,40918,2026-06-24T18:19:36.097,Pas barometryczny,1085.30,1085.30,true
session_20260624_181854_P001,401,41044,2026-06-24T18:19:36.223062,Pas barometryczny,1085.29,1085.29,true
session_20260624_181854_P001,402,41178,2026-06-24T18:19:36.356887,Pas barometryczny,1084.77,1084.77,true
session_20260624_181854_P001,403,41237,2026-06-24T18:19:36.416493,Pas barometryczny,1084.75,1084.75,true
session_20260624_181854_P001,404,41309,2026-06-24T18:19:36.488422,Pas barometryczny,1085.40,1085.40,true
session_20260624_181854_P001,405,41463,2026-06-24T18:19:36.642020,Pas barometryczny,1085.92,1085.92,true
session_20260624_181854_P001,406,41572,2026-06-24T18:19:36.750798,Pas barometryczny,1086.02,1086.02,true
session_20260624_181854_P001,407,41625,2026-06-24T18:19:36.803600,Pas barometryczny,1086.14,1086.14,true
session_20260624_181854_P001,408,41724,2026-06-24T18:19:36.902945,Pas barometryczny,1086.46,1086.46,true
session_20260624_181854_P001,409,41877,2026-06-24T18:19:37.056090,Pas barometryczny,1086.64,1086.64,true
session_20260624_181854_P001,410,41960,2026-06-24T18:19:37.138685,Pas barometryczny,1086.30,1086.30,true
session_20260624_181854_P001,411,42046,2026-06-24T18:19:37.224856,Pas barometryczny,1086.06,1086.06,true
session_20260624_181854_P001,412,42140,2026-06-24T18:19:37.318823,Pas barometryczny,1085.90,1085.90,true
session_20260624_181854_P001,413,42289,2026-06-24T18:19:37.468561,Pas barometryczny,1085.96,1085.96,true
session_20260624_181854_P001,414,42358,2026-06-24T18:19:37.536585,Pas barometryczny,1085.95,1085.95,true
session_20260624_181854_P001,415,42460,2026-06-24T18:19:37.638764,Pas barometryczny,1086.77,1086.77,true
session_20260624_181854_P001,416,42573,2026-06-24T18:19:37.751704,Pas barometryczny,1086.65,1086.65,true
session_20260624_181854_P001,417,42677,2026-06-24T18:19:37.856104,Pas barometryczny,1086.52,1086.52,true
session_20260624_181854_P001,418,42778,2026-06-24T18:19:37.957243,Pas barometryczny,1086.07,1086.07,true
session_20260624_181854_P001,419,42871,2026-06-24T18:19:38.049596,Pas barometryczny,1085.26,1085.26,true
session_20260624_181854_P001,420,42976,2026-06-24T18:19:38.155007,Pas barometryczny,1085.11,1085.11,true
session_20260624_181854_P001,421,43083,2026-06-24T18:19:38.262406,Pas barometryczny,1084.96,1084.96,true
session_20260624_181854_P001,422,43173,2026-06-24T18:19:38.352157,Pas barometryczny,1085.54,1085.54,true
session_20260624_181854_P001,423,43266,2026-06-24T18:19:38.445422,Pas barometryczny,1085.84,1085.84,true
session_20260624_181854_P001,424,43410,2026-06-24T18:19:38.589212,Pas barometryczny,1086.12,1086.12,true
session_20260624_181854_P001,425,43470,2026-06-24T18:19:38.649302,Pas barometryczny,1085.97,1085.97,true
session_20260624_181854_P001,426,43562,2026-06-24T18:19:38.740918,Pas barometryczny,1084.51,1084.51,true
session_20260624_181854_P001,427,43652,2026-06-24T18:19:38.831191,Pas barometryczny,1084.24,1084.24,true
session_20260624_181854_P001,428,43786,2026-06-24T18:19:38.964727,Pas barometryczny,1083.89,1083.89,true
session_20260624_181854_P001,429,43885,2026-06-24T18:19:39.063867,Pas barometryczny,1084.21,1084.21,true
session_20260624_181854_P001,430,43965,2026-06-24T18:19:39.144306,Pas barometryczny,1085.04,1085.04,true
session_20260624_181854_P001,431,44109,2026-06-24T18:19:39.288032,Pas barometryczny,1084.18,1084.18,true
session_20260624_181854_P001,432,44207,2026-06-24T18:19:39.386292,Pas barometryczny,1083.90,1083.90,true
session_20260624_181854_P001,433,44280,2026-06-24T18:19:39.459509,Pas barometryczny,1083.05,1083.05,true
session_20260624_181854_P001,434,44395,2026-06-24T18:19:39.574075,Pas barometryczny,1082.99,1082.99,true
session_20260624_181854_P001,435,44504,2026-06-24T18:19:39.683408,Pas barometryczny,1083.13,1083.13,true
session_20260624_181854_P001,436,44619,2026-06-24T18:19:39.797813,Pas barometryczny,1083.31,1083.31,true
session_20260624_181854_P001,437,44719,2026-06-24T18:19:39.897654,Pas barometryczny,1084.28,1084.28,true
session_20260624_181854_P001,438,44804,2026-06-24T18:19:39.982861,Pas barometryczny,1083.08,1083.08,true
session_20260624_181854_P001,439,44947,2026-06-24T18:19:40.126091,Pas barometryczny,1083.55,1083.55,true
session_20260624_181854_P001,440,45000,2026-06-24T18:19:40.179426,Pas barometryczny,1083.23,1083.23,true
session_20260624_181854_P001,441,45091,2026-06-24T18:19:40.270014,Pas barometryczny,1083.34,1083.34,true
session_20260624_181854_P001,442,45194,2026-06-24T18:19:40.372783,Pas barometryczny,1084.14,1084.14,true
session_20260624_181854_P001,443,45320,2026-06-24T18:19:40.498656,Pas barometryczny,1084.64,1084.64,true
session_20260624_181854_P001,444,45407,2026-06-24T18:19:40.586276,Pas barometryczny,1084.65,1084.65,true
session_20260624_181854_P001,445,45506,2026-06-24T18:19:40.685272,Pas barometryczny,1083.72,1083.72,true
session_20260624_181854_P001,446,45649,2026-06-24T18:19:40.827954,Pas barometryczny,1084.70,1084.70,true
session_20260624_181854_P001,447,45754,2026-06-24T18:19:40.933509,Pas barometryczny,1084.84,1084.84,true
session_20260624_181854_P001,448,45810,2026-06-24T18:19:40.989525,Pas barometryczny,1085.57,1085.57,true
session_20260624_181854_P001,449,45908,2026-06-24T18:19:41.087229,Pas barometryczny,1086.05,1086.05,true
session_20260624_181854_P001,450,46038,2026-06-24T18:19:41.217249,Pas barometryczny,1086.39,1086.39,true
session_20260624_181854_P001,451,46130,2026-06-24T18:19:41.309332,Pas barometryczny,1086.02,1086.02,true
session_20260624_181854_P001,452,46214,2026-06-24T18:19:41.393118,Pas barometryczny,1085.74,1085.74,true
session_20260624_181854_P001,453,46328,2026-06-24T18:19:41.506742,Pas barometryczny,1086.42,1086.42,true
session_20260624_181854_P001,454,46447,2026-06-24T18:19:41.625923,Pas barometryczny,1086.50,1086.50,true
session_20260624_181854_P001,455,46544,2026-06-24T18:19:41.723328,Pas barometryczny,1086.85,1086.85,true
session_20260624_181854_P001,456,46622,2026-06-24T18:19:41.800838,Pas barometryczny,1086.73,1086.73,true
session_20260624_181854_P001,457,46734,2026-06-24T18:19:41.913471,Pas barometryczny,1087.59,1087.59,true
session_20260624_181854_P001,458,46851,2026-06-24T18:19:42.030007,Pas barometryczny,1087.78,1087.78,true
session_20260624_181854_P001,459,46937,2026-06-24T18:19:42.116441,Pas barometryczny,1087.90,1087.90,true
session_20260624_181854_P001,460,47037,2026-06-24T18:19:42.216179,Pas barometryczny,1087.36,1087.36,true
session_20260624_181854_P001,461,47169,2026-06-24T18:19:42.347841,Pas barometryczny,1087.40,1087.40,true
session_20260624_181854_P001,462,47278,2026-06-24T18:19:42.457049,Pas barometryczny,1086.85,1086.85,true
session_20260624_181854_P001,463,47339,2026-06-24T18:19:42.518114,Pas barometryczny,1086.28,1086.28,true
session_20260624_181854_P001,464,47431,2026-06-24T18:19:42.609742,Pas barometryczny,1086.59,1086.59,true
session_20260624_181854_P001,465,47574,2026-06-24T18:19:42.752639,Pas barometryczny,1086.41,1086.41,true
session_20260624_181854_P001,466,47670,2026-06-24T18:19:42.848953,Pas barometryczny,1086.73,1086.73,true
session_20260624_181854_P001,467,47744,2026-06-24T18:19:42.922934,Pas barometryczny,1087.18,1087.18,true
session_20260624_181854_P001,468,47857,2026-06-24T18:19:43.035675,Pas barometryczny,1087.40,1087.40,true
session_20260624_181854_P001,469,47994,2026-06-24T18:19:43.173129,Pas barometryczny,1087.25,1087.25,true
session_20260624_181854_P001,470,48068,2026-06-24T18:19:43.246958,Pas barometryczny,1086.41,1086.41,true
session_20260624_181854_P001,471,48168,2026-06-24T18:19:43.346777,Pas barometryczny,1086.15,1086.15,true
session_20260624_181854_P001,472,48268,2026-06-24T18:19:43.446898,Pas barometryczny,1085.51,1085.51,true
session_20260624_181854_P001,473,48392,2026-06-24T18:19:43.570915,Pas barometryczny,1085.01,1085.01,true
session_20260624_181854_P001,474,48495,2026-06-24T18:19:43.674125,Pas barometryczny,1084.61,1084.61,true
session_20260624_181854_P001,475,48589,2026-06-24T18:19:43.768185,Pas barometryczny,1084.48,1084.48,true
session_20260624_181854_P001,476,48695,2026-06-24T18:19:43.873940,Pas barometryczny,1084.06,1084.06,true
session_20260624_181854_P001,477,48785,2026-06-24T18:19:43.964311,Pas barometryczny,1083.71,1083.71,true
session_20260624_181854_P001,478,48878,2026-06-24T18:19:44.057339,Pas barometryczny,1083.45,1083.45,true
session_20260624_181854_P001,479,48972,2026-06-24T18:19:44.151127,Pas barometryczny,1083.38,1083.38,true
session_20260624_181854_P001,480,49132,2026-06-24T18:19:44.310848,Pas barometryczny,1083.19,1083.19,true
session_20260624_181854_P001,481,49186,2026-06-24T18:19:44.364688,Pas barometryczny,1083.30,1083.30,true
session_20260624_181854_P001,482,49292,2026-06-24T18:19:44.470686,Pas barometryczny,1083.66,1083.66,true
session_20260624_181854_P001,483,49389,2026-06-24T18:19:44.567662,Pas barometryczny,1082.58,1082.58,true
session_20260624_181854_P001,484,49501,2026-06-24T18:19:44.679642,Pas barometryczny,1083.73,1083.73,true
session_20260624_181854_P001,485,49597,2026-06-24T18:19:44.775719,Pas barometryczny,1083.75,1083.75,true
session_20260624_181854_P001,486,49699,2026-06-24T18:19:44.877872,Pas barometryczny,1083.75,1083.75,true
session_20260624_181854_P001,487,49791,2026-06-24T18:19:44.969882,Pas barometryczny,1082.88,1082.88,true
session_20260624_181854_P001,488,49906,2026-06-24T18:19:45.084725,Pas barometryczny,1082.19,1082.19,true
session_20260624_181854_P001,489,49996,2026-06-24T18:19:45.175043,Pas barometryczny,1081.63,1081.63,true
session_20260624_181854_P001,490,50094,2026-06-24T18:19:45.272587,Pas barometryczny,1082.21,1082.21,true
session_20260624_181854_P001,491,50221,2026-06-24T18:19:45.399934,Pas barometryczny,1082.65,1082.65,true
session_20260624_181854_P001,492,50309,2026-06-24T18:19:45.488414,Pas barometryczny,1083.62,1083.62,true
session_20260624_181854_P001,493,50411,2026-06-24T18:19:45.589991,Pas barometryczny,1084.80,1084.80,true
session_20260624_181854_P001,494,50508,2026-06-24T18:19:45.687281,Pas barometryczny,1085.46,1085.46,true
session_20260624_181854_P001,495,50628,2026-06-24T18:19:45.807133,Pas barometryczny,1085.43,1085.43,true
session_20260624_181854_P001,496,50729,2026-06-24T18:19:45.907799,Pas barometryczny,1085.83,1085.83,true
session_20260624_181854_P001,497,50804,2026-06-24T18:19:45.983220,Pas barometryczny,1086.73,1086.73,true
session_20260624_181854_P001,498,50897,2026-06-24T18:19:46.076334,Pas barometryczny,1086.52,1086.52,true
session_20260624_181854_P001,499,51047,2026-06-24T18:19:46.225829,Pas barometryczny,1086.07,1086.07,true
session_20260624_181854_P001,500,51147,2026-06-24T18:19:46.326393,Pas barometryczny,1085.45,1085.45,true
session_20260624_181854_P001,501,51237,2026-06-24T18:19:46.415939,Pas barometryczny,1085.27,1085.27,true
session_20260624_181854_P001,502,51299,2026-06-24T18:19:46.478309,Pas barometryczny,1084.53,1084.53,true
session_20260624_181854_P001,503,51471,2026-06-24T18:19:46.650264,Pas barometryczny,1085.50,1085.50,true
session_20260624_181854_P001,504,51526,2026-06-24T18:19:46.705314,Pas barometryczny,1086.06,1086.06,true
session_20260624_181854_P001,505,51616,2026-06-24T18:19:46.795552,Pas barometryczny,1086.68,1086.68,true
session_20260624_181854_P001,506,51773,2026-06-24T18:19:46.952332,Pas barometryczny,1087.36,1087.36,true
session_20260624_181854_P001,507,51840,2026-06-24T18:19:47.019388,Pas barometryczny,1087.61,1087.61,true
session_20260624_181854_P001,508,51938,2026-06-24T18:19:47.116929,Pas barometryczny,1088.63,1088.63,true
session_20260624_181854_P001,509,52037,2026-06-24T18:19:47.216208,Pas barometryczny,1087.58,1087.58,true
session_20260624_181854_P001,510,52157,2026-06-24T18:19:47.336413,Pas barometryczny,1087.00,1087.00,true
session_20260624_181854_P001,511,52260,2026-06-24T18:19:47.438698,Pas barometryczny,1086.01,1086.01,true
session_20260624_181854_P001,512,52365,2026-06-24T18:19:47.543851,Pas barometryczny,1085.26,1085.26,true
session_20260624_181854_P001,513,52424,2026-06-24T18:19:47.603469,Pas barometryczny,1084.79,1084.79,true
session_20260624_181854_P001,514,52560,2026-06-24T18:19:47.738578,Pas barometryczny,1084.48,1084.48,true
session_20260624_181854_P001,515,52679,2026-06-24T18:19:47.857703,Pas barometryczny,1083.72,1083.72,true
session_20260624_181854_P001,516,52769,2026-06-24T18:19:47.947884,Pas barometryczny,1083.79,1083.79,true
session_20260624_181854_P001,517,52831,2026-06-24T18:19:48.010323,Pas barometryczny,1084.42,1084.42,true
session_20260624_181854_P001,518,52984,2026-06-24T18:19:48.162922,Pas barometryczny,1085.19,1085.19,true
session_20260624_181854_P001,519,53081,2026-06-24T18:19:48.260023,Pas barometryczny,1085.79,1085.79,true
session_20260624_181854_P001,520,53144,2026-06-24T18:19:48.323362,Pas barometryczny,1084.48,1084.48,true
session_20260624_181854_P001,521,53296,2026-06-24T18:19:48.474878,Pas barometryczny,1084.05,1084.05,true
session_20260624_181854_P001,522,53378,2026-06-24T18:19:48.556989,Pas barometryczny,1083.14,1083.14,true
session_20260624_181854_P001,523,53481,2026-06-24T18:19:48.660241,Pas barometryczny,1082.70,1082.70,true
session_20260624_181854_P001,524,53558,2026-06-24T18:19:48.736790,Pas barometryczny,1082.42,1082.42,true
session_20260624_181854_P001,525,53722,2026-06-24T18:19:48.901491,Pas barometryczny,1083.06,1083.06,true
session_20260624_181854_P001,526,53791,2026-06-24T18:19:48.969813,Pas barometryczny,1083.21,1083.21,true
session_20260624_181854_P001,527,53866,2026-06-24T18:19:49.044671,Pas barometryczny,1082.02,1082.02,true
session_20260624_181854_P001,528,53985,2026-06-24T18:19:49.163989,Pas barometryczny,1083.09,1083.09,true
session_20260624_181854_P001,529,54090,2026-06-24T18:19:49.269164,Pas barometryczny,1082.85,1082.85,true
session_20260624_181854_P001,530,54184,2026-06-24T18:19:49.362899,Pas barometryczny,1083.57,1083.57,true
session_20260624_181854_P001,531,54279,2026-06-24T18:19:49.458545,Pas barometryczny,1084.36,1084.36,true
session_20260624_181854_P001,532,54371,2026-06-24T18:19:49.549835,Pas barometryczny,1085.97,1085.97,true
session_20260624_181854_P001,533,54524,2026-06-24T18:19:49.703117,Pas barometryczny,1085.63,1085.63,true
session_20260624_181854_P001,534,54584,2026-06-24T18:19:49.763038,Pas barometryczny,1084.81,1084.81,true
session_20260624_181854_P001,535,54697,2026-06-24T18:19:49.876490,Pas barometryczny,1084.66,1084.66,true
session_20260624_181854_P001,536,54834,2026-06-24T18:19:50.012710,Pas barometryczny,1084.12,1084.12,true
session_20260624_181854_P001,537,54903,2026-06-24T18:19:50.081942,Pas barometryczny,1084.01,1084.01,true
session_20260624_181854_P001,538,54991,2026-06-24T18:19:50.170521,Pas barometryczny,1084.55,1084.55,true
session_20260624_181854_P001,539,55081,2026-06-24T18:19:50.259836,Pas barometryczny,1085.04,1085.04,true
session_20260624_181854_P001,540,55228,2026-06-24T18:19:50.406965,Pas barometryczny,1083.54,1083.54,true
session_20260624_181854_P001,541,55375,2026-06-24T18:19:50.554024,Pas barometryczny,1084.85,1084.85,true
session_20260624_181854_P001,542,55421,2026-06-24T18:19:50.599715,Pas barometryczny,1084.30,1084.30,true
session_20260624_181854_P001,543,55484,2026-06-24T18:19:50.662894,Pas barometryczny,1084.95,1084.95,true
session_20260624_181854_P001,544,55622,2026-06-24T18:19:50.800913,Pas barometryczny,1084.98,1084.98,true
session_20260624_181854_P001,545,55717,2026-06-24T18:19:50.895828,Pas barometryczny,1084.79,1084.79,true
session_20260624_181854_P001,546,55828,2026-06-24T18:19:51.006769,Pas barometryczny,1084.11,1084.11,true
session_20260624_181854_P001,547,55903,2026-06-24T18:19:51.082328,Pas barometryczny,1084.63,1084.63,true
session_20260624_181854_P001,548,56040,2026-06-24T18:19:51.219235,Pas barometryczny,1084.18,1084.18,true
session_20260624_181854_P001,549,56144,2026-06-24T18:19:51.323152,Pas barometryczny,1084.73,1084.73,true
session_20260624_181854_P001,550,56206,2026-06-24T18:19:51.384856,Pas barometryczny,1084.98,1084.98,true
session_20260624_181854_P001,551,56339,2026-06-24T18:19:51.518023,Pas barometryczny,1084.90,1084.90,true
session_20260624_181854_P001,552,56434,2026-06-24T18:19:51.613474,Pas barometryczny,1084.52,1084.52,true
session_20260624_181854_P001,553,56526,2026-06-24T18:19:51.705333,Pas barometryczny,1085.52,1085.52,true
session_20260624_181854_P001,554,56624,2026-06-24T18:19:51.803134,Pas barometryczny,1085.81,1085.81,true
session_20260624_181854_P001,555,56747,2026-06-24T18:19:51.926192,Pas barometryczny,1085.97,1085.97,true
session_20260624_181854_P001,556,56840,2026-06-24T18:19:52.019117,Pas barometryczny,1086.15,1086.15,true
session_20260624_181854_P001,557,56938,2026-06-24T18:19:52.116665,Pas barometryczny,1086.10,1086.10,true
session_20260624_181854_P001,558,57048,2026-06-24T18:19:52.226742,Pas barometryczny,1086.52,1086.52,true
session_20260624_181854_P001,559,57151,2026-06-24T18:19:52.329653,Pas barometryczny,1085.91,1085.91,true
session_20260624_181854_P001,560,57247,2026-06-24T18:19:52.425912,Pas barometryczny,1086.26,1086.26,true
session_20260624_181854_P001,561,57362,2026-06-24T18:19:52.540868,Pas barometryczny,1086.52,1086.52,true
session_20260624_181854_P001,562,57419,2026-06-24T18:19:52.597623,Pas barometryczny,1086.74,1086.74,true
session_20260624_181854_P001,563,57558,2026-06-24T18:19:52.737035,Pas barometryczny,1086.91,1086.91,true
session_20260624_181854_P001,564,57645,2026-06-24T18:19:52.824404,Pas barometryczny,1086.80,1086.80,true
session_20260624_181854_P001,565,57737,2026-06-24T18:19:52.916376,Pas barometryczny,1087.35,1087.35,true
session_20260624_181854_P001,566,57893,2026-06-24T18:19:53.072327,Pas barometryczny,1086.50,1086.50,true
session_20260624_181854_P001,567,57959,2026-06-24T18:19:53.138267,Pas barometryczny,1087.00,1087.00,true
session_20260624_181854_P001,568,58053,2026-06-24T18:19:53.232070,Pas barometryczny,1087.03,1087.03,true
session_20260624_181854_P001,569,58141,2026-06-24T18:19:53.319735,Pas barometryczny,1086.76,1086.76,true
session_20260624_181854_P001,570,58284,2026-06-24T18:19:53.462750,Pas barometryczny,1085.66,1085.66,true
session_20260624_181854_P001,571,58376,2026-06-24T18:19:53.554994,Pas barometryczny,1085.72,1085.72,true
session_20260624_181854_P001,572,58455,2026-06-24T18:19:53.634553,Pas barometryczny,1085.03,1085.03,true
session_20260624_181854_P001,573,58553,2026-06-24T18:19:53.732359,Pas barometryczny,1084.79,1084.79,true
session_20260624_181854_P001,574,58679,2026-06-24T18:19:53.858468,Pas barometryczny,1084.61,1084.61,true
session_20260624_181854_P001,575,58782,2026-06-24T18:19:53.960770,Pas barometryczny,1084.99,1084.99,true
session_20260624_181854_P001,576,58860,2026-06-24T18:19:54.038677,Pas barometryczny,1085.93,1085.93,true
session_20260624_181854_P001,577,58994,2026-06-24T18:19:54.172576,Pas barometryczny,1085.18,1085.18,true
session_20260624_181854_P001,578,59122,2026-06-24T18:19:54.300879,Pas barometryczny,1085.57,1085.57,true
session_20260624_181854_P001,579,59192,2026-06-24T18:19:54.370594,Pas barometryczny,1084.93,1084.93,true
session_20260624_181854_P001,580,59283,2026-06-24T18:19:54.462046,Pas barometryczny,1084.47,1084.47,true
session_20260624_181854_P001,581,59407,2026-06-24T18:19:54.585979,Pas barometryczny,1084.17,1084.17,true
session_20260624_181854_P001,582,59506,2026-06-24T18:19:54.684689,Pas barometryczny,1084.27,1084.27,true
session_20260624_181854_P001,583,59604,2026-06-24T18:19:54.783355,Pas barometryczny,1083.34,1083.34,true
session_20260624_181854_P001,584,59680,2026-06-24T18:19:54.858770,Pas barometryczny,1082.27,1082.27,true
session_20260624_181854_P001,585,59824,2026-06-24T18:19:55.003420,Pas barometryczny,1083.00,1083.00,true
session_20260624_181854_P001,586,59934,2026-06-24T18:19:55.112804,Pas barometryczny,1082.99,1082.99,true
session_20260624_181854_P001,587,59992,2026-06-24T18:19:55.170762,Pas barometryczny,1083.53,1083.53,true
session_20260624_181854_P001,588,60101,2026-06-24T18:19:55.280511,Pas barometryczny,1084.21,1084.21,true
session_20260624_181854_P001,589,60209,2026-06-24T18:19:55.388234,Pas barometryczny,1084.48,1084.48,true
session_20260624_181854_P001,590,60305,2026-06-24T18:19:55.483595,Pas barometryczny,1084.46,1084.46,true
session_20260624_181854_P001,591,60413,2026-06-24T18:19:55.591985,Pas barometryczny,1083.76,1083.76,true
session_20260624_181854_P001,592,60481,2026-06-24T18:19:55.659872,Pas barometryczny,1083.66,1083.66,true
session_20260624_181854_P001,593,60635,2026-06-24T18:19:55.814057,Pas barometryczny,1082.93,1082.93,true
session_20260624_181854_P001,594,60723,2026-06-24T18:19:55.902044,Pas barometryczny,1083.06,1083.06,true
session_20260624_181854_P001,595,60820,2026-06-24T18:19:55.999525,Pas barometryczny,1083.84,1083.84,true
session_20260624_181854_P001,596,60929,2026-06-24T18:19:56.108090,Pas barometryczny,1083.95,1083.95,true
session_20260624_181854_P001,597,61020,2026-06-24T18:19:56.199202,Pas barometryczny,1083.63,1083.63,true
session_20260624_181854_P001,598,61125,2026-06-24T18:19:56.303785,Pas barometryczny,1084.05,1084.05,true
session_20260624_181854_P001,599,61233,2026-06-24T18:19:56.412418,Pas barometryczny,1084.68,1084.68,true
session_20260624_181854_P001,600,61338,2026-06-24T18:19:56.516735,Pas barometryczny,1085.20,1085.20,true
session_20260624_181854_P001,601,61431,2026-06-24T18:19:56.609823,Pas barometryczny,1085.90,1085.90,true
session_20260624_181854_P001,602,61514,2026-06-24T18:19:56.692840,Pas barometryczny,1086.52,1086.52,true
session_20260624_181854_P001,603,61615,2026-06-24T18:19:56.794250,Pas barometryczny,1086.19,1086.19,true
session_20260624_181854_P001,604,61750,2026-06-24T18:19:56.928630,Pas barometryczny,1086.46,1086.46,true
session_20260624_181854_P001,605,61839,2026-06-24T18:19:57.018129,Pas barometryczny,1086.50,1086.50,true
session_20260624_181854_P001,606,61943,2026-06-24T18:19:57.122532,Pas barometryczny,1086.45,1086.45,true
session_20260624_181854_P001,607,62033,2026-06-24T18:19:57.212003,Pas barometryczny,1086.54,1086.54,true
session_20260624_181854_P001,608,62180,2026-06-24T18:19:57.359223,Pas barometryczny,1086.57,1086.57,true
session_20260624_181854_P001,609,62234,2026-06-24T18:19:57.412783,Pas barometryczny,1086.15,1086.15,true
session_20260624_181854_P001,610,62324,2026-06-24T18:19:57.502704,Pas barometryczny,1086.28,1086.28,true
session_20260624_181854_P001,611,62460,2026-06-24T18:19:57.639068,Pas barometryczny,1086.09,1086.09,true
session_20260624_181854_P001,612,62557,2026-06-24T18:19:57.736091,Pas barometryczny,1086.73,1086.73,true
session_20260624_181854_P001,613,62642,2026-06-24T18:19:57.821014,Pas barometryczny,1086.35,1086.35,true
session_20260624_181854_P001,614,62739,2026-06-24T18:19:57.917601,Pas barometryczny,1086.22,1086.22,true
session_20260624_181854_P001,615,62869,2026-06-24T18:19:58.048362,Pas barometryczny,1086.87,1086.87,true
session_20260624_181854_P001,616,62959,2026-06-24T18:19:58.138376,Pas barometryczny,1087.53,1087.53,true
session_20260624_181854_P001,617,63061,2026-06-24T18:19:58.239803,Pas barometryczny,1087.29,1087.29,true
session_20260624_181854_P001,618,63136,2026-06-24T18:19:58.315547,Pas barometryczny,1086.34,1086.34,true
session_20260624_181854_P001,619,63269,2026-06-24T18:19:58.448045,Pas barometryczny,1085.84,1085.84,true
session_20260624_181854_P001,620,63360,2026-06-24T18:19:58.538969,Pas barometryczny,1085.82,1085.82,true
session_20260624_181854_P001,621,63491,2026-06-24T18:19:58.669789,Pas barometryczny,1085.34,1085.34,true
session_20260624_181854_P001,622,63555,2026-06-24T18:19:58.733568,Pas barometryczny,1084.75,1084.75,true
session_20260624_181854_P001,623,63690,2026-06-24T18:19:58.869268,Pas barometryczny,1084.52,1084.52,true
session_20260624_181854_P001,624,63809,2026-06-24T18:19:58.988190,Pas barometryczny,1083.53,1083.53,true
session_20260624_181854_P001,625,63882,2026-06-24T18:19:59.060766,Pas barometryczny,1083.77,1083.77,true
session_20260624_181854_P001,626,64007,2026-06-24T18:19:59.186269,Pas barometryczny,1083.03,1083.03,true
session_20260624_181854_P001,627,64106,2026-06-24T18:19:59.284954,Pas barometryczny,1082.72,1082.72,true
session_20260624_181854_P001,628,64173,2026-06-24T18:19:59.351910,Pas barometryczny,1082.63,1082.63,true
session_20260624_181854_P001,629,64296,2026-06-24T18:19:59.474989,Pas barometryczny,1083.09,1083.09,true
session_20260624_181854_P001,630,64395,2026-06-24T18:19:59.573754,Pas barometryczny,1082.35,1082.35,true
session_20260624_181854_P001,631,64501,2026-06-24T18:19:59.680480,Pas barometryczny,1082.08,1082.08,true
session_20260624_181854_P001,632,64605,2026-06-24T18:19:59.784281,Pas barometryczny,1082.62,1082.62,true
session_20260624_181854_P001,633,64680,2026-06-24T18:19:59.858794,Pas barometryczny,1083.07,1083.07,true
session_20260624_181854_P001,634,64799,2026-06-24T18:19:59.977712,Pas barometryczny,1083.52,1083.52,true
session_20260624_181854_P001,635,64893,2026-06-24T18:20:00.072350,Pas barometryczny,1083.12,1083.12,true
session_20260624_181854_P001,636,64994,2026-06-24T18:20:00.172723,Pas barometryczny,1083.43,1083.43,true
session_20260624_181854_P001,637,65092,2026-06-24T18:20:00.271046,Pas barometryczny,1082.99,1082.99,true
session_20260624_181854_P001,638,65215,2026-06-24T18:20:00.394075,Pas barometryczny,1082.74,1082.74,true
session_20260624_181854_P001,639,65323,2026-06-24T18:20:00.501849,Pas barometryczny,1085.34,1085.34,true
session_20260624_181854_P001,640,65385,2026-06-24T18:20:00.563808,Pas barometryczny,1085.28,1085.28,true
session_20260624_181854_P001,641,65553,2026-06-24T18:20:00.732318,Pas barometryczny,1083.83,1083.83,true
session_20260624_181854_P001,642,65619,2026-06-24T18:20:00.798189,Pas barometryczny,1083.50,1083.50,true
session_20260624_181854_P001,643,65717,2026-06-24T18:20:00.896306,Pas barometryczny,1083.72,1083.72,true
session_20260624_181854_P001,644,65811,2026-06-24T18:20:00.989902,Pas barometryczny,1083.38,1083.38,true
session_20260624_181854_P001,645,65947,2026-06-24T18:20:01.125881,Pas barometryczny,1083.65,1083.65,true
session_20260624_181854_P001,646,66014,2026-06-24T18:20:01.193016,Pas barometryczny,1085.03,1085.03,true
session_20260624_181854_P001,647,66111,2026-06-24T18:20:01.290497,Pas barometryczny,1085.49,1085.49,true
session_20260624_181854_P001,648,66211,2026-06-24T18:20:01.390345,Pas barometryczny,1085.61,1085.61,true
session_20260624_181854_P001,649,66330,2026-06-24T18:20:01.509022,Pas barometryczny,1085.54,1085.54,true
session_20260624_181854_P001,650,66427,2026-06-24T18:20:01.606409,Pas barometryczny,1085.78,1085.78,true
session_20260624_181854_P001,651,66526,2026-06-24T18:20:01.704978,Pas barometryczny,1085.59,1085.59,true
session_20260624_181854_P001,652,66624,2026-06-24T18:20:01.803267,Pas barometryczny,1085.73,1085.73,true
session_20260624_181854_P001,653,66737,2026-06-24T18:20:01.916106,Pas barometryczny,1086.15,1086.15,true
session_20260624_181854_P001,654,66851,2026-06-24T18:20:02.030407,Pas barometryczny,1086.66,1086.66,true
session_20260624_181854_P001,655,66948,2026-06-24T18:20:02.126784,Pas barometryczny,1086.34,1086.34,true
session_20260624_181854_P001,656,67054,2026-06-24T18:20:02.232683,Pas barometryczny,1086.26,1086.26,true
session_20260624_181854_P001,657,67139,2026-06-24T18:20:02.317747,Pas barometryczny,1087.06,1087.06,true
session_20260624_181854_P001,658,67266,2026-06-24T18:20:02.444938,Pas barometryczny,1086.55,1086.55,true
session_20260624_181854_P001,659,67333,2026-06-24T18:20:02.511693,Pas barometryczny,1086.72,1086.72,true
session_20260624_181854_P001,660,67455,2026-06-24T18:20:02.633624,Pas barometryczny,1086.49,1086.49,true
session_20260624_181854_P001,661,67547,2026-06-24T18:20:02.726545,Pas barometryczny,1085.33,1085.33,true
session_20260624_181854_P001,662,67636,2026-06-24T18:20:02.815307,Pas barometryczny,1084.69,1084.69,true
session_20260624_181854_P001,663,67726,2026-06-24T18:20:02.904887,Pas barometryczny,1084.27,1084.27,true
session_20260624_181854_P001,664,67862,2026-06-24T18:20:03.041191,Pas barometryczny,1084.05,1084.05,true
session_20260624_181854_P001,665,67964,2026-06-24T18:20:03.142802,Pas barometryczny,1083.57,1083.57,true
session_20260624_181854_P001,666,68059,2026-06-24T18:20:03.237973,Pas barometryczny,1083.55,1083.55,true
session_20260624_181854_P001,667,68152,2026-06-24T18:20:03.331054,Pas barometryczny,1084.10,1084.10,true
session_20260624_181854_P001,668,68266,2026-06-24T18:20:03.444592,Pas barometryczny,1084.51,1084.51,true
session_20260624_181854_P001,669,68376,2026-06-24T18:20:03.555395,Pas barometryczny,1084.27,1084.27,true
session_20260624_181854_P001,670,68475,2026-06-24T18:20:03.653817,Pas barometryczny,1084.34,1084.34,true
session_20260624_181854_P001,671,68630,2026-06-24T18:20:03.808570,Pas barometryczny,1084.24,1084.24,true
session_20260624_181854_P001,672,68679,2026-06-24T18:20:03.857948,Pas barometryczny,1084.31,1084.31,true
session_20260624_181854_P001,673,68759,2026-06-24T18:20:03.938351,Pas barometryczny,1084.57,1084.57,true
session_20260624_181854_P001,674,68852,2026-06-24T18:20:04.030624,Pas barometryczny,1085.09,1085.09,true
session_20260624_181854_P001,675,69021,2026-06-24T18:20:04.199693,Pas barometryczny,1083.55,1083.55,true
session_20260624_181854_P001,676,69075,2026-06-24T18:20:04.254373,Pas barometryczny,1083.31,1083.31,true
session_20260624_181854_P001,677,69169,2026-06-24T18:20:04.347860,Pas barometryczny,1082.62,1082.62,true
session_20260624_181854_P001,678,69257,2026-06-24T18:20:04.435640,Pas barometryczny,1082.99,1082.99,true
session_20260624_181854_P001,679,69399,2026-06-24T18:20:04.577621,Pas barometryczny,1083.07,1083.07,true
session_20260624_181854_P001,680,69498,2026-06-24T18:20:04.677116,Pas barometryczny,1083.49,1083.49,true
session_20260624_181854_P001,681,69573,2026-06-24T18:20:04.752281,Pas barometryczny,1082.97,1082.97,true
session_20260624_181854_P001,682,69672,2026-06-24T18:20:04.851024,Pas barometryczny,1081.87,1081.87,true
session_20260624_181854_P001,683,69827,2026-06-24T18:20:05.005691,Pas barometryczny,1083.09,1083.09,true
session_20260624_181854_P001,684,69920,2026-06-24T18:20:05.098904,Pas barometryczny,1082.84,1082.84,true
session_20260624_181854_P001,685,69974,2026-06-24T18:20:05.152930,Pas barometryczny,1083.43,1083.43,true
session_20260624_181854_P001,686,70128,2026-06-24T18:20:05.307425,Pas barometryczny,1083.75,1083.75,true
session_20260624_181854_P001,687,70212,2026-06-24T18:20:05.390629,Pas barometryczny,1084.05,1084.05,true
session_20260624_181854_P001,688,70311,2026-06-24T18:20:05.489966,Pas barometryczny,1083.44,1083.44,true
session_20260624_181854_P001,689,70381,2026-06-24T18:20:05.560166,Pas barometryczny,1083.23,1083.23,true
session_20260624_181854_P001,690,70520,2026-06-24T18:20:05.698987,Pas barometryczny,1084.13,1084.13,true
session_20260624_181854_P001,691,70617,2026-06-24T18:20:05.796463,Pas barometryczny,1084.98,1084.98,true
session_20260624_181854_P001,692,70720,2026-06-24T18:20:05.898944,Pas barometryczny,1085.63,1085.63,true
session_20260624_181854_P001,693,70792,2026-06-24T18:20:05.970988,Pas barometryczny,1085.52,1085.52,true
session_20260624_181854_P001,694,70932,2026-06-24T18:20:06.111533,Pas barometryczny,1084.60,1084.60,true
session_20260624_181854_P001,695,71029,2026-06-24T18:20:06.207597,Pas barometryczny,1085.44,1085.44,true
session_20260624_181854_P001,696,71100,2026-06-24T18:20:06.278598,Pas barometryczny,1086.00,1086.00,true
session_20260624_181854_P001,697,71227,2026-06-24T18:20:06.406190,Pas barometryczny,1086.44,1086.44,true
session_20260624_181854_P001,698,71344,2026-06-24T18:20:06.522656,Pas barometryczny,1086.35,1086.35,true
session_20260624_181854_P001,699,71415,2026-06-24T18:20:06.594407,Pas barometryczny,1086.20,1086.20,true
session_20260624_181854_P001,700,71526,2026-06-24T18:20:06.705204,Pas barometryczny,1085.97,1085.97,true
session_20260624_181854_P001,701,71645,2026-06-24T18:20:06.824321,Pas barometryczny,1086.14,1086.14,true
session_20260624_181854_P001,702,71747,2026-06-24T18:20:06.925597,Pas barometryczny,1086.14,1086.14,true
session_20260624_181854_P001,703,71820,2026-06-24T18:20:06.999008,Pas barometryczny,1086.09,1086.09,true
session_20260624_181854_P001,704,71920,2026-06-24T18:20:07.099396,Pas barometryczny,1086.01,1086.01,true
session_20260624_181854_P001,705,72082,2026-06-24T18:20:07.261326,Pas barometryczny,1085.77,1085.77,true
session_20260624_181854_P001,706,72148,2026-06-24T18:20:07.327088,Pas barometryczny,1086.02,1086.02,true
session_20260624_181854_P001,707,72250,2026-06-24T18:20:07.428834,Pas barometryczny,1085.55,1085.55,true
session_20260624_181854_P001,708,72354,2026-06-24T18:20:07.533477,Pas barometryczny,1086.11,1086.11,true
session_20260624_181854_P001,709,72450,2026-06-24T18:20:07.628831,Pas barometryczny,1086.13,1086.13,true
session_20260624_181854_P001,710,72560,2026-06-24T18:20:07.739393,Pas barometryczny,1086.03,1086.03,true
session_20260624_181854_P001,711,72632,2026-06-24T18:20:07.811332,Pas barometryczny,1085.58,1085.58,true
session_20260624_181854_P001,712,72725,2026-06-24T18:20:07.904001,Pas barometryczny,1085.61,1085.61,true
session_20260624_181854_P001,713,72870,2026-06-24T18:20:08.048705,Pas barometryczny,1085.53,1085.53,true
session_20260624_181854_P001,714,72945,2026-06-24T18:20:08.124274,Pas barometryczny,1084.90,1084.90,true
session_20260624_181854_P001,715,73039,2026-06-24T18:20:08.218205,Pas barometryczny,1084.91,1084.91,true
session_20260624_181854_P001,716,73189,2026-06-24T18:20:08.368040,Pas barometryczny,1084.55,1084.55,true
session_20260624_181854_P001,717,73301,2026-06-24T18:20:08.480195,Pas barometryczny,1084.31,1084.31,true
session_20260624_181854_P001,718,73371,2026-06-24T18:20:08.549777,Pas barometryczny,1084.78,1084.78,true
session_20260624_181854_P001,719,73441,2026-06-24T18:20:08.620510,Pas barometryczny,1084.86,1084.86,true
session_20260624_181854_P001,720,73574,2026-06-24T18:20:08.753299,Pas barometryczny,1084.98,1084.98,true
session_20260624_181854_P001,721,73694,2026-06-24T18:20:08.872620,Pas barometryczny,1084.12,1084.12,true
session_20260624_181854_P001,722,73754,2026-06-24T18:20:08.933436,Pas barometryczny,1084.42,1084.42,true
session_20260624_181854_P001,723,73850,2026-06-24T18:20:09.028849,Pas barometryczny,1084.69,1084.69,true
session_20260624_181854_P001,724,73985,2026-06-24T18:20:09.164031,Pas barometryczny,1085.14,1085.14,true
session_20260624_181854_P001,725,74076,2026-06-24T18:20:09.255475,Pas barometryczny,1084.60,1084.60,true
session_20260624_181854_P001,726,74160,2026-06-24T18:20:09.338906,Pas barometryczny,1083.42,1083.42,true
session_20260624_181854_P001,727,74250,2026-06-24T18:20:09.429096,Pas barometryczny,1083.71,1083.71,true
session_20260624_181854_P001,728,74408,2026-06-24T18:20:09.586786,Pas barometryczny,1083.14,1083.14,true
session_20260624_181854_P001,729,74475,2026-06-24T18:20:09.653900,Pas barometryczny,1083.22,1083.22,true
session_20260624_181854_P001,730,74595,2026-06-24T18:20:09.774525,Pas barometryczny,1082.87,1082.87,true
session_20260624_181854_P001,731,74701,2026-06-24T18:20:09.879943,Pas barometryczny,1083.00,1083.00,true
session_20260624_181854_P001,732,74813,2026-06-24T18:20:09.992420,Pas barometryczny,1082.82,1082.82,true
session_20260624_181854_P001,733,74880,2026-06-24T18:20:10.059335,Pas barometryczny,1081.74,1081.74,true
session_20260624_181854_P001,734,75010,2026-06-24T18:20:10.188970,Pas barometryczny,1082.44,1082.44,true
session_20260624_181854_P001,735,75121,2026-06-24T18:20:10.300388,Pas barometryczny,1082.12,1082.12,true
session_20260624_181854_P001,736,75196,2026-06-24T18:20:10.375014,Pas barometryczny,1082.50,1082.50,true
session_20260624_181854_P001,737,75288,2026-06-24T18:20:10.466573,Pas barometryczny,1083.04,1083.04,true
session_20260624_181854_P001,738,75390,2026-06-24T18:20:10.569231,Pas barometryczny,1083.81,1083.81,true
session_20260624_181854_P001,739,75519,2026-06-24T18:20:10.697788,Pas barometryczny,1084.71,1084.71,true
session_20260624_181854_P001,740,75625,2026-06-24T18:20:10.804245,Pas barometryczny,1085.01,1085.01,true
session_20260624_181854_P001,741,75724,2026-06-24T18:20:10.902910,Pas barometryczny,1084.50,1084.50,true
session_20260624_181854_P001,742,75779,2026-06-24T18:20:10.958369,Pas barometryczny,1085.16,1085.16,true
session_20260624_181854_P001,743,75916,2026-06-24T18:20:11.094879,Pas barometryczny,1084.70,1084.70,true
session_20260624_181854_P001,744,76045,2026-06-24T18:20:11.224252,Pas barometryczny,1084.96,1084.96,true
session_20260624_181854_P001,745,76119,2026-06-24T18:20:11.298142,Pas barometryczny,1085.26,1085.26,true
session_20260624_181854_P001,746,76244,2026-06-24T18:20:11.423237,Pas barometryczny,1085.87,1085.87,true
session_20260624_181854_P001,747,76345,2026-06-24T18:20:11.524107,Pas barometryczny,1085.52,1085.52,true
session_20260624_181854_P001,748,76451,2026-06-24T18:20:11.630289,Pas barometryczny,1085.57,1085.57,true
session_20260624_181854_P001,749,76517,2026-06-24T18:20:11.696207,Pas barometryczny,1085.94,1085.94,true
session_20260624_181854_P001,750,76646,2026-06-24T18:20:11.824851,Pas barometryczny,1086.17,1086.17,true
session_20260624_181854_P001,751,76770,2026-06-24T18:20:11.948663,Pas barometryczny,1086.55,1086.55,true
session_20260624_181854_P001,752,76822,2026-06-24T18:20:12.000692,Pas barometryczny,1086.85,1086.85,true
session_20260624_181854_P001,753,76921,2026-06-24T18:20:12.099897,Pas barometryczny,1087.28,1087.28,true
session_20260624_181854_P001,754,77061,2026-06-24T18:20:12.240426,Pas barometryczny,1086.89,1086.89,true
session_20260624_181854_P001,755,77138,2026-06-24T18:20:12.316861,Pas barometryczny,1086.84,1086.84,true
session_20260624_181854_P001,756,77236,2026-06-24T18:20:12.414998,Pas barometryczny,1086.66,1086.66,true
session_20260624_181854_P001,757,77311,2026-06-24T18:20:12.489575,Pas barometryczny,1086.26,1086.26,true
session_20260624_181854_P001,758,77470,2026-06-24T18:20:12.648937,Pas barometryczny,1086.40,1086.40,true
session_20260624_181854_P001,759,77535,2026-06-24T18:20:12.713756,Pas barometryczny,1087.16,1087.16,true
session_20260624_181854_P001,760,77663,2026-06-24T18:20:12.841867,Pas barometryczny,1086.72,1086.72,true
session_20260624_181854_P001,761,77766,2026-06-24T18:20:12.945030,Pas barometryczny,1087.14,1087.14,true
session_20260624_181854_P001,762,77870,2026-06-24T18:20:13.048907,Pas barometryczny,1087.32,1087.32,true
session_20260624_181854_P001,763,77969,2026-06-24T18:20:13.148248,Pas barometryczny,1087.37,1087.37,true
session_20260624_181854_P001,764,78060,2026-06-24T18:20:13.238754,Pas barometryczny,1086.33,1086.33,true
session_20260624_181854_P001,765,78164,2026-06-24T18:20:13.343517,Pas barometryczny,1085.71,1085.71,true
session_20260624_181854_P001,766,78257,2026-06-24T18:20:13.435792,Pas barometryczny,1084.96,1084.96,true
session_20260624_181854_P001,767,78363,2026-06-24T18:20:13.541635,Pas barometryczny,1084.76,1084.76,true
session_20260624_181854_P001,768,78458,2026-06-24T18:20:13.637302,Pas barometryczny,1084.24,1084.24,true
session_20260624_181854_P001,769,78583,2026-06-24T18:20:13.762213,Pas barometryczny,1084.13,1084.13,true
session_20260624_181854_P001,770,78666,2026-06-24T18:20:13.844739,Pas barometryczny,1084.50,1084.50,true
session_20260624_181854_P001,771,78757,2026-06-24T18:20:13.936363,Pas barometryczny,1084.37,1084.37,true
session_20260624_181854_P001,772,78863,2026-06-24T18:20:14.041911,Pas barometryczny,1084.59,1084.59,true
session_20260624_181854_P001,773,78983,2026-06-24T18:20:14.162535,Pas barometryczny,1084.73,1084.73,true
session_20260624_181854_P001,774,79072,2026-06-24T18:20:14.251160,Pas barometryczny,1085.14,1085.14,true
session_20260624_181854_P001,775,79169,2026-06-24T18:20:14.348407,Pas barometryczny,1085.27,1085.27,true
session_20260624_181854_P001,776,79309,2026-06-24T18:20:14.488506,Pas barometryczny,1085.01,1085.01,true
session_20260624_181854_P001,777,79382,2026-06-24T18:20:14.561535,Pas barometryczny,1083.44,1083.44,true
session_20260624_181854_P001,778,79499,2026-06-24T18:20:14.677820,Pas barometryczny,1083.53,1083.53,true
session_20260624_181854_P001,779,79560,2026-06-24T18:20:14.738698,Pas barometryczny,1083.29,1083.29,true
session_20260624_181854_P001,780,79695,2026-06-24T18:20:14.873656,Pas barometryczny,1083.26,1083.26,true
session_20260624_181854_P001,781,79804,2026-06-24T18:20:14.982993,Pas barometryczny,1083.18,1083.18,true
session_20260624_181854_P001,782,79875,2026-06-24T18:20:15.054075,Pas barometryczny,1084.41,1084.41,true
session_20260624_181854_P001,783,79964,2026-06-24T18:20:15.143216,Pas barometryczny,1084.90,1084.90,true
session_20260624_181854_P001,784,80141,2026-06-24T18:20:15.319693,Pas barometryczny,1083.11,1083.11,true
session_20260624_181854_P001,785,80190,2026-06-24T18:20:15.369212,Pas barometryczny,1084.11,1084.11,true
session_20260624_181854_P001,786,80283,2026-06-24T18:20:15.462050,Pas barometryczny,1084.13,1084.13,true
session_20260624_181854_P001,787,80379,2026-06-24T18:20:15.557702,Pas barometryczny,1084.07,1084.07,true
session_20260624_181854_P001,788,80505,2026-06-24T18:20:15.683681,Pas barometryczny,1083.92,1083.92,true
session_20260624_181854_P001,789,80606,2026-06-24T18:20:15.785283,Pas barometryczny,1084.10,1084.10,true
session_20260624_181854_P001,790,80714,2026-06-24T18:20:15.893103,Pas barometryczny,1083.77,1083.77,true
session_20260624_181854_P001,791,80827,2026-06-24T18:20:16.006536,Pas barometryczny,1081.87,1081.87,true
session_20260624_181854_P001,792,80910,2026-06-24T18:20:16.089349,Pas barometryczny,1083.00,1083.00,true
session_20260624_181854_P001,793,81010,2026-06-24T18:20:16.189098,Pas barometryczny,1083.41,1083.41,true
session_20260624_181854_P001,794,81127,2026-06-24T18:20:16.306497,Pas barometryczny,1084.08,1084.08,true
session_20260624_181854_P001,795,81224,2026-06-24T18:20:16.403308,Pas barometryczny,1085.03,1085.03,true
session_20260624_181854_P001,796,81313,2026-06-24T18:20:16.492195,Pas barometryczny,1085.72,1085.72,true
session_20260624_181854_P001,797,81422,2026-06-24T18:20:16.601189,Pas barometryczny,1085.61,1085.61,true
session_20260624_181854_P001,798,81494,2026-06-24T18:20:16.673063,Pas barometryczny,1084.97,1084.97,true
session_20260624_181854_P001,799,81628,2026-06-24T18:20:16.807524,Pas barometryczny,1085.63,1085.63,true
session_20260624_181854_P001,800,81740,2026-06-24T18:20:16.919033,Pas barometryczny,1085.27,1085.27,true
session_20260624_181854_P001,801,81839,2026-06-24T18:20:17.017835,Pas barometryczny,1085.25,1085.25,true
session_20260624_181854_P001,802,81909,2026-06-24T18:20:17.088562,Pas barometryczny,1086.12,1086.12,true
session_20260624_181854_P001,803,82052,2026-06-24T18:20:17.231040,Pas barometryczny,1086.03,1086.03,true
session_20260624_181854_P001,804,82153,2026-06-24T18:20:17.332297,Pas barometryczny,1085.62,1085.62,true
session_20260624_181854_P001,805,82213,2026-06-24T18:20:17.392447,Pas barometryczny,1086.57,1086.57,true
session_20260624_181854_P001,806,82360,2026-06-24T18:20:17.539070,Pas barometryczny,1086.74,1086.74,true
session_20260624_181854_P001,807,82444,2026-06-24T18:20:17.623298,Pas barometryczny,1086.96,1086.96,true
session_20260624_181854_P001,808,82543,2026-06-24T18:20:17.722423,Pas barometryczny,1086.81,1086.81,true
session_20260624_181854_P001,809,82641,2026-06-24T18:20:17.819867,Pas barometryczny,1086.84,1086.84,true
session_20260624_181854_P001,810,82796,2026-06-24T18:20:17.975003,Pas barometryczny,1086.35,1086.35,true
session_20260624_181854_P001,811,82863,2026-06-24T18:20:18.041905,Pas barometryczny,1086.60,1086.60,true
session_20260624_181854_P001,812,82935,2026-06-24T18:20:18.114454,Pas barometryczny,1086.47,1086.47,true
session_20260624_181854_P001,813,83047,2026-06-24T18:20:18.226270,Pas barometryczny,1086.49,1086.49,true
session_20260624_181854_P001,814,83158,2026-06-24T18:20:18.337064,Pas barometryczny,1086.07,1086.07,true
session_20260624_181854_P001,815,83251,2026-06-24T18:20:18.429950,Pas barometryczny,1085.73,1085.73,true
session_20260624_181854_P001,816,83347,2026-06-24T18:20:18.525574,Pas barometryczny,1085.73,1085.73,true
session_20260624_181854_P001,817,83458,2026-06-24T18:20:18.637053,Pas barometryczny,1085.07,1085.07,true
session_20260624_181854_P001,818,83589,2026-06-24T18:20:18.768335,Pas barometryczny,1084.84,1084.84,true
session_20260624_181854_P001,819,83654,2026-06-24T18:20:18.832752,Pas barometryczny,1084.69,1084.69,true
session_20260624_181854_P001,820,83750,2026-06-24T18:20:18.929223,Pas barometryczny,1084.46,1084.46,true
session_20260624_181854_P001,821,83891,2026-06-24T18:20:19.070343,Pas barometryczny,1084.32,1084.32,true
session_20260624_181854_P001,822,83988,2026-06-24T18:20:19.166763,Pas barometryczny,1084.19,1084.19,true
session_20260624_181854_P001,823,84084,2026-06-24T18:20:19.262565,Pas barometryczny,1083.45,1083.45,true
session_20260624_181854_P001,824,84151,2026-06-24T18:20:19.330237,Pas barometryczny,1084.02,1084.02,true
session_20260624_181854_P001,825,84323,2026-06-24T18:20:19.501779,Pas barometryczny,1083.90,1083.90,true
session_20260624_181854_P001,826,84375,2026-06-24T18:20:19.553837,Pas barometryczny,1084.21,1084.21,true
session_20260624_181854_P001,827,84478,2026-06-24T18:20:19.657323,Pas barometryczny,1084.74,1084.74,true
session_20260624_181854_P001,828,84572,2026-06-24T18:20:19.750904,Pas barometryczny,1085.48,1085.48,true
session_20260624_181854_P001,829,84689,2026-06-24T18:20:19.867814,Pas barometryczny,1083.76,1083.76,true
session_20260624_181854_P001,830,84801,2026-06-24T18:20:19.980228,Pas barometryczny,1083.41,1083.41,true
session_20260624_181854_P001,831,84873,2026-06-24T18:20:20.052452,Pas barometryczny,1082.95,1082.95,true
session_20260624_181854_P001,832,84974,2026-06-24T18:20:20.153274,Pas barometryczny,1082.84,1082.84,true
session_20260624_181854_P001,833,85100,2026-06-24T18:20:20.279316,Pas barometryczny,1083.56,1083.56,true
session_20260624_181854_P001,834,85190,2026-06-24T18:20:20.368754,Pas barometryczny,1083.81,1083.81,true
session_20260624_181854_P001,835,85280,2026-06-24T18:20:20.459442,Pas barometryczny,1083.71,1083.71,true
session_20260624_181854_P001,836,85426,2026-06-24T18:20:20.605066,Pas barometryczny,1083.90,1083.90,true
session_20260624_181854_P001,837,85502,2026-06-24T18:20:20.681293,Pas barometryczny,1083.78,1083.78,true
session_20260624_181854_P001,838,85597,2026-06-24T18:20:20.776221,Pas barometryczny,1084.50,1084.50,true
session_20260624_181854_P001,839,85723,2026-06-24T18:20:20.901840,Pas barometryczny,1084.50,1084.50,true
session_20260624_181854_P001,840,85819,2026-06-24T18:20:20.998479,Pas barometryczny,1084.46,1084.46,true
session_20260624_181854_P001,841,85938,2026-06-24T18:20:21.117247,Pas barometryczny,1083.05,1083.05,true
session_20260624_181854_P001,842,85995,2026-06-24T18:20:21.173814,Pas barometryczny,1083.96,1083.96,true
session_20260624_181854_P001,843,86086,2026-06-24T18:20:21.264813,Pas barometryczny,1084.16,1084.16,true
session_20260624_181854_P001,844,86253,2026-06-24T18:20:21.431913,Pas barometryczny,1085.10,1085.10,true
session_20260624_181854_P001,845,86309,2026-06-24T18:20:21.487600,Pas barometryczny,1085.97,1085.97,true
session_20260624_181854_P001,846,86404,2026-06-24T18:20:21.582780,Pas barometryczny,1087.04,1087.04,true
session_20260624_181854_P001,847,86491,2026-06-24T18:20:21.670516,Pas barometryczny,1086.09,1086.09,true
session_20260624_181854_P001,848,86627,2026-06-24T18:20:21.806147,Pas barometryczny,1086.64,1086.64,true
session_20260624_181854_P001,849,86722,2026-06-24T18:20:21.900883,Pas barometryczny,1086.32,1086.32,true
session_20260624_181854_P001,850,86828,2026-06-24T18:20:22.006880,Pas barometryczny,1086.55,1086.55,true
session_20260624_181854_P001,851,86955,2026-06-24T18:20:22.133639,Pas barometryczny,1087.05,1087.05,true
session_20260624_181854_P001,852,87048,2026-06-24T18:20:22.227196,Pas barometryczny,1087.31,1087.31,true
session_20260624_181854_P001,853,87122,2026-06-24T18:20:22.301030,Pas barometryczny,1086.65,1086.65,true
session_20260624_181854_P001,854,87253,2026-06-24T18:20:22.432104,Pas barometryczny,1085.95,1085.95,true
session_20260624_181854_P001,855,87348,2026-06-24T18:20:22.527524,Pas barometryczny,1086.14,1086.14,true
session_20260624_181854_P001,856,87448,2026-06-24T18:20:22.626691,Pas barometryczny,1086.47,1086.47,true
session_20260624_181854_P001,857,87561,2026-06-24T18:20:22.739724,Pas barometryczny,1086.77,1086.77,true
session_20260624_181854_P001,858,87615,2026-06-24T18:20:22.793654,Pas barometryczny,1086.52,1086.52,true
session_20260624_181854_P001,859,87782,2026-06-24T18:20:22.961172,Pas barometryczny,1086.66,1086.66,true
session_20260624_181854_P001,860,87878,2026-06-24T18:20:23.056566,Pas barometryczny,1086.34,1086.34,true
session_20260624_181854_P001,861,87940,2026-06-24T18:20:23.119033,Pas barometryczny,1086.91,1086.91,true
session_20260624_181854_P001,862,88035,2026-06-24T18:20:23.213566,Pas barometryczny,1086.92,1086.92,true
session_20260624_181854_P001,863,88196,2026-06-24T18:20:23.374912,Pas barometryczny,1087.55,1087.55,true
session_20260624_181854_P001,864,88261,2026-06-24T18:20:23.440065,Pas barometryczny,1087.24,1087.24,true
session_20260624_181854_P001,865,88359,2026-06-24T18:20:23.537730,Pas barometryczny,1086.05,1086.05,true
session_20260624_181854_P001,866,88478,2026-06-24T18:20:23.657041,Pas barometryczny,1085.60,1085.60,true
session_20260624_181854_P001,867,88559,2026-06-24T18:20:23.738257,Pas barometryczny,1084.92,1084.92,true
session_20260624_181854_P001,868,88663,2026-06-24T18:20:23.841827,Pas barometryczny,1084.97,1084.97,true
session_20260624_181854_P001,869,88753,2026-06-24T18:20:23.932004,Pas barometryczny,1085.27,1085.27,true
session_20260624_181854_P001,870,88907,2026-06-24T18:20:24.085950,Pas barometryczny,1085.36,1085.36,true
session_20260624_181854_P001,871,88968,2026-06-24T18:20:24.147039,Pas barometryczny,1083.32,1083.32,true
session_20260624_181854_P001,872,89065,2026-06-24T18:20:24.244103,Pas barometryczny,1084.12,1084.12,true
session_20260624_181854_P001,873,89153,2026-06-24T18:20:24.332352,Pas barometryczny,1083.87,1083.87,true
session_20260624_181854_P001,874,89298,2026-06-24T18:20:24.476983,Pas barometryczny,1084.06,1084.06,true
session_20260624_181854_P001,875,89388,2026-06-24T18:20:24.567354,Pas barometryczny,1083.78,1083.78,true
session_20260624_181854_P001,876,89489,2026-06-24T18:20:24.667919,Pas barometryczny,1084.37,1084.37,true
session_20260624_181854_P001,877,89550,2026-06-24T18:20:24.728568,Pas barometryczny,1083.27,1083.27,true
session_20260624_181854_P001,878,89684,2026-06-24T18:20:24.863325,Pas barometryczny,1083.74,1083.74,true
session_20260624_181854_P001,879,89792,2026-06-24T18:20:24.970876,Pas barometryczny,1083.93,1083.93,true
session_20260624_181854_P001,880,89891,2026-06-24T18:20:25.070060,Pas barometryczny,1083.33,1083.33,true
session_20260624_181854_P001,881,90001,2026-06-24T18:20:25.179706,Pas barometryczny,1083.10,1083.10,true
session_20260624_181854_P001,882,90100,2026-06-24T18:20:25.278962,Pas barometryczny,1083.05,1083.05,true
session_20260624_181854_P001,883,90208,2026-06-24T18:20:25.386765,Pas barometryczny,1083.47,1083.47,true
session_20260624_181854_P001,884,90269,2026-06-24T18:20:25.448497,Pas barometryczny,1082.42,1082.42,true
session_20260624_181854_P001,885,90424,2026-06-24T18:20:25.603157,Pas barometryczny,1083.46,1083.46,true
session_20260624_181854_P001,886,90509,2026-06-24T18:20:25.687623,Pas barometryczny,1084.10,1084.10,true
session_20260624_181854_P001,887,90602,2026-06-24T18:20:25.780861,Pas barometryczny,1084.63,1084.63,true
session_20260624_181854_P001,888,90675,2026-06-24T18:20:25.854334,Pas barometryczny,1085.12,1085.12,true
session_20260624_181854_P001,889,90810,2026-06-24T18:20:25.988635,Pas barometryczny,1085.09,1085.09,true
session_20260624_181854_P001,890,90900,2026-06-24T18:20:26.078947,Pas barometryczny,1084.52,1084.52,true
session_20260624_181854_P001,891,91027,2026-06-24T18:20:26.206287,Pas barometryczny,1084.27,1084.27,true
session_20260624_181854_P001,892,91081,2026-06-24T18:20:26.259956,Pas barometryczny,1085.21,1085.21,true
session_20260624_181854_P001,893,91254,2026-06-24T18:20:26.433419,Pas barometryczny,1085.66,1085.66,true
session_20260624_181854_P001,894,91304,2026-06-24T18:20:26.483391,Pas barometryczny,1086.01,1086.01,true
session_20260624_181854_P001,895,91405,2026-06-24T18:20:26.584111,Pas barometryczny,1086.60,1086.60,true
session_20260624_181854_P001,896,91539,2026-06-24T18:20:26.718507,Pas barometryczny,1085.31,1085.31,true
session_20260624_181854_P001,897,91646,2026-06-24T18:20:26.825130,Pas barometryczny,1085.73,1085.73,true
session_20260624_181854_P001,898,91711,2026-06-24T18:20:26.890047,Pas barometryczny,1085.63,1085.63,true
session_20260624_181854_P001,899,91805,2026-06-24T18:20:26.983577,Pas barometryczny,1086.11,1086.11,true
session_20260624_181854_P001,900,91941,2026-06-24T18:20:27.119933,Pas barometryczny,1086.33,1086.33,true
session_20260624_181854_P001,901,92049,2026-06-24T18:20:27.228409,Pas barometryczny,1086.39,1086.39,true
session_20260624_181854_P001,902,92143,2026-06-24T18:20:27.322496,Pas barometryczny,1087.33,1087.33,true
session_20260624_181854_P001,903,92228,2026-06-24T18:20:27.406753,Pas barometryczny,1086.16,1086.16,true
session_20260624_181854_P001,904,92372,2026-06-24T18:20:27.551384,Pas barometryczny,1086.35,1086.35,true
session_20260624_181854_P001,905,92430,2026-06-24T18:20:27.609353,Pas barometryczny,1086.15,1086.15,true
session_20260624_181854_P001,906,92518,2026-06-24T18:20:27.696944,Pas barometryczny,1086.60,1086.60,true
session_20260624_181854_P001,907,92610,2026-06-24T18:20:27.789111,Pas barometryczny,1086.12,1086.12,true
session_20260624_181854_P001,908,92745,2026-06-24T18:20:27.923602,Pas barometryczny,1086.92,1086.92,true
session_20260624_181854_P001,909,92848,2026-06-24T18:20:28.026723,Pas barometryczny,1085.71,1085.71,true
session_20260624_181854_P001,910,92933,2026-06-24T18:20:28.111994,Pas barometryczny,1085.35,1085.35,true
session_20260624_181854_P001,911,93080,2026-06-24T18:20:28.258811,Pas barometryczny,1085.06,1085.06,true
session_20260624_181854_P001,912,93150,2026-06-24T18:20:28.329132,Pas barometryczny,1085.45,1085.45,true
session_20260624_181854_P001,913,93243,2026-06-24T18:20:28.422215,Pas barometryczny,1086.04,1086.04,true
session_20260624_181854_P001,914,93329,2026-06-24T18:20:28.507889,Pas barometryczny,1086.43,1086.43,true
session_20260624_181854_P001,915,93466,2026-06-24T18:20:28.644637,Pas barometryczny,1086.39,1086.39,true
session_20260624_181854_P001,916,93584,2026-06-24T18:20:28.762724,Pas barometryczny,1085.25,1085.25,true
session_20260624_181854_P001,917,93682,2026-06-24T18:20:28.861222,Pas barometryczny,1085.28,1085.28,true
session_20260624_181854_P001,918,93735,2026-06-24T18:20:28.914078,Pas barometryczny,1085.22,1085.22,true
session_20260624_181854_P001,919,93870,2026-06-24T18:20:29.049222,Pas barometryczny,1085.62,1085.62,true
session_20260624_181854_P001,920,93975,2026-06-24T18:20:29.154338,Pas barometryczny,1086.19,1086.19,true
session_20260624_181854_P001,921,94077,2026-06-24T18:20:29.256097,Pas barometryczny,1086.86,1086.86,true
session_20260624_181854_P001,922,94145,2026-06-24T18:20:29.324490,Pas barometryczny,1085.43,1085.43,true
session_20260624_181854_P001,923,94292,2026-06-24T18:20:29.470960,Pas barometryczny,1085.09,1085.09,true
session_20260624_181854_P001,924,94364,2026-06-24T18:20:29.543166,Pas barometryczny,1084.57,1084.57,true
session_20260624_181854_P001,925,94463,2026-06-24T18:20:29.642397,Pas barometryczny,1084.20,1084.20,true
session_20260624_181854_P001,926,94545,2026-06-24T18:20:29.723969,Pas barometryczny,1084.50,1084.50,true
session_20260624_181854_P001,927,94682,2026-06-24T18:20:29.860710,Pas barometryczny,1084.91,1084.91,true
session_20260624_181854_P001,928,94780,2026-06-24T18:20:29.958579,Pas barometryczny,1083.16,1083.16,true
session_20260624_181854_P001,929,94881,2026-06-24T18:20:30.059730,Pas barometryczny,1084.23,1084.23,true
session_20260624_181854_P001,930,95003,2026-06-24T18:20:30.182072,Pas barometryczny,1083.90,1083.90,true
session_20260624_181854_P001,931,95085,2026-06-24T18:20:30.264283,Pas barometryczny,1083.75,1083.75,true
session_20260624_181854_P001,932,95209,2026-06-24T18:20:30.388467,Pas barometryczny,1083.64,1083.64,true
session_20260624_181854_P001,933,95271,2026-06-24T18:20:30.450114,Pas barometryczny,1083.92,1083.92,true
session_20260624_181854_P001,934,95404,2026-06-24T18:20:30.583035,Pas barometryczny,1084.03,1084.03,true
session_20260624_181854_P001,935,95514,2026-06-24T18:20:30.692664,Pas barometryczny,1082.85,1082.85,true
session_20260624_181854_P001,936,95614,2026-06-24T18:20:30.792575,Pas barometryczny,1084.07,1084.07,true
session_20260624_181854_P001,937,95670,2026-06-24T18:20:30.849229,Pas barometryczny,1084.92,1084.92,true
session_20260624_181854_P001,938,95832,2026-06-24T18:20:31.010722,Pas barometryczny,1085.14,1085.14,true
session_20260624_181854_P001,939,95935,2026-06-24T18:20:31.114461,Pas barometryczny,1085.57,1085.57,true
session_20260624_181854_P001,940,96003,2026-06-24T18:20:31.182188,Pas barometryczny,1084.83,1084.83,true
session_20260624_181854_P001,941,96092,2026-06-24T18:20:31.271353,Pas barometryczny,1085.18,1085.18,true
session_20260624_181854_P001,942,96210,2026-06-24T18:20:31.388629,Pas barometryczny,1085.50,1085.50,true
session_20260624_181854_P001,943,96303,2026-06-24T18:20:31.481610,Pas barometryczny,1086.04,1086.04,true
session_20260624_181854_P001,944,96412,2026-06-24T18:20:31.591156,Pas barometryczny,1086.39,1086.39,true
session_20260624_181854_P001,945,96523,2026-06-24T18:20:31.702415,Pas barometryczny,1086.47,1086.47,true
session_20260624_181854_P001,946,96627,2026-06-24T18:20:31.806549,Pas barometryczny,1086.59,1086.59,true
session_20260624_181854_P001,947,96731,2026-06-24T18:20:31.910041,Pas barometryczny,1086.69,1086.69,true
session_20260624_181854_P001,948,96794,2026-06-24T18:20:31.972826,Pas barometryczny,1086.69,1086.69,true
session_20260624_181854_P001,949,96944,2026-06-24T18:20:32.123231,Pas barometryczny,1086.58,1086.58,true
session_20260624_181854_P001,950,97043,2026-06-24T18:20:32.222465,Pas barometryczny,1087.24,1087.24,true
session_20260624_181854_P001,951,97108,2026-06-24T18:20:32.287555,Pas barometryczny,1087.54,1087.54,true
session_20260624_181854_P001,952,97227,2026-06-24T18:20:32.405579,Pas barometryczny,1087.71,1087.71,true
session_20260624_181854_P001,953,97367,2026-06-24T18:20:32.546429,Pas barometryczny,1088.36,1088.36,true
session_20260624_181854_P001,954,97429,2026-06-24T18:20:32.607999,Pas barometryczny,1088.59,1088.59,true
session_20260624_181854_P001,955,97543,2026-06-24T18:20:32.722227,Pas barometryczny,1088.20,1088.20,true
session_20260624_181854_P001,956,97615,2026-06-24T18:20:32.794187,Pas barometryczny,1087.70,1087.70,true
session_20260624_181854_P001,957,97758,2026-06-24T18:20:32.937240,Pas barometryczny,1087.31,1087.31,true
session_20260624_181854_P001,958,97852,2026-06-24T18:20:33.031108,Pas barometryczny,1086.84,1086.84,true
session_20260624_181854_P001,959,97920,2026-06-24T18:20:33.098819,Pas barometryczny,1086.53,1086.53,true
session_20260624_181854_P001,960,98060,2026-06-24T18:20:33.239428,Pas barometryczny,1086.84,1086.84,true
session_20260624_181854_P001,961,98144,2026-06-24T18:20:33.323263,Pas barometryczny,1085.62,1085.62,true
session_20260624_181854_P001,962,98237,2026-06-24T18:20:33.416272,Pas barometryczny,1085.36,1085.36,true
session_20260624_181854_P001,963,98352,2026-06-24T18:20:33.531033,Pas barometryczny,1084.99,1084.99,true
session_20260624_181854_P001,964,98458,2026-06-24T18:20:33.637250,Pas barometryczny,1084.81,1084.81,true
session_20260624_181854_P001,965,98550,2026-06-24T18:20:33.728636,Pas barometryczny,1084.49,1084.49,true
session_20260624_181854_P001,966,98638,2026-06-24T18:20:33.817142,Pas barometryczny,1084.90,1084.90,true
session_20260624_181854_P001,967,98753,2026-06-24T18:20:33.931730,Pas barometryczny,1084.38,1084.38,true
session_20260624_181854_P001,968,98872,2026-06-24T18:20:34.050825,Pas barometryczny,1083.83,1083.83,true
session_20260624_181854_P001,969,98991,2026-06-24T18:20:34.169837,Pas barometryczny,1083.80,1083.80,true
session_20260624_181854_P001,970,99060,2026-06-24T18:20:34.239134,Pas barometryczny,1083.04,1083.04,true
session_20260624_181854_P001,971,99135,2026-06-24T18:20:34.313809,Pas barometryczny,1083.11,1083.11,true
session_20260624_181854_P001,972,99275,2026-06-24T18:20:34.453946,Pas barometryczny,1083.63,1083.63,true
session_20260624_181854_P001,973,99366,2026-06-24T18:20:34.544910,Pas barometryczny,1083.41,1083.41,true
session_20260624_181854_P001,974,99470,2026-06-24T18:20:34.648681,Pas barometryczny,1082.20,1082.20,true
session_20260624_181854_P001,975,99588,2026-06-24T18:20:34.766580,Pas barometryczny,1082.51,1082.51,true
session_20260624_181854_P001,976,99690,2026-06-24T18:20:34.869494,Pas barometryczny,1082.40,1082.40,true
session_20260624_181854_P001,977,99765,2026-06-24T18:20:34.944039,Pas barometryczny,1082.61,1082.61,true
session_20260624_181854_P001,978,99904,2026-06-24T18:20:35.083288,Pas barometryczny,1083.14,1083.14,true
session_20260624_181854_P001,979,100007,2026-06-24T18:20:35.185857,Pas barometryczny,1083.63,1083.63,true
session_20260624_181854_P001,980,100109,2026-06-24T18:20:35.287605,Pas barometryczny,1081.88,1081.88,true
session_20260624_181854_P001,981,100169,2026-06-24T18:20:35.347937,Pas barometryczny,1082.51,1082.51,true
session_20260624_181854_P001,982,100306,2026-06-24T18:20:35.485527,Pas barometryczny,1082.42,1082.42,true
session_20260624_181854_P001,983,100409,2026-06-24T18:20:35.588547,Pas barometryczny,1083.33,1083.33,true
session_20260624_181854_P001,984,100514,2026-06-24T18:20:35.693034,Pas barometryczny,1084.22,1084.22,true
session_20260624_181854_P001,985,100581,2026-06-24T18:20:35.760417,Pas barometryczny,1084.84,1084.84,true
session_20260624_181854_P001,986,100684,2026-06-24T18:20:35.862639,Pas barometryczny,1084.46,1084.46,true
session_20260624_181854_P001,987,100817,2026-06-24T18:20:35.996237,Pas barometryczny,1084.40,1084.40,true
session_20260624_181854_P001,988,100910,2026-06-24T18:20:36.089560,Pas barometryczny,1085.24,1085.24,true
session_20260624_181854_P001,989,100988,2026-06-24T18:20:36.167303,Pas barometryczny,1085.55,1085.55,true
session_20260624_181854_P001,990,101117,2026-06-24T18:20:36.296055,Pas barometryczny,1085.91,1085.91,true
session_20260624_181854_P001,991,101206,2026-06-24T18:20:36.385279,Pas barometryczny,1085.94,1085.94,true
session_20260624_181854_P001,992,101295,2026-06-24T18:20:36.474472,Pas barometryczny,1085.81,1085.81,true
session_20260624_181854_P001,993,101390,2026-06-24T18:20:36.569171,Pas barometryczny,1086.36,1086.36,true
session_20260624_181854_P001,994,101530,2026-06-24T18:20:36.708631,Pas barometryczny,1085.97,1085.97,true
session_20260624_181854_P001,995,101632,2026-06-24T18:20:36.810975,Pas barometryczny,1086.44,1086.44,true
session_20260624_181854_P001,996,101723,2026-06-24T18:20:36.902105,Pas barometryczny,1086.90,1086.90,true
session_20260624_181854_P001,997,101829,2026-06-24T18:20:37.007773,Pas barometryczny,1086.92,1086.92,true
session_20260624_181854_P001,998,101934,2026-06-24T18:20:37.113045,Pas barometryczny,1086.87,1086.87,true
session_20260624_181854_P001,999,102049,2026-06-24T18:20:37.228411,Pas barometryczny,1086.48,1086.48,true
session_20260624_181854_P001,1000,102106,2026-06-24T18:20:37.284906,Pas barometryczny,1086.46,1086.46,true
session_20260624_181854_P001,1001,102194,2026-06-24T18:20:37.373208,Pas barometryczny,1085.51,1085.51,true
session_20260624_181854_P001,1002,102368,2026-06-24T18:20:37.547245,Pas barometryczny,1085.65,1085.65,true
session_20260624_181854_P001,1003,102421,2026-06-24T18:20:37.599715,Pas barometryczny,1085.75,1085.75,true
session_20260624_181854_P001,1004,102509,2026-06-24T18:20:37.688451,Pas barometryczny,1085.77,1085.77,true
session_20260624_181854_P001,1005,102679,2026-06-24T18:20:37.858235,Pas barometryczny,1085.97,1085.97,true
session_20260624_181854_P001,1006,102743,2026-06-24T18:20:37.922438,Pas barometryczny,1085.97,1085.97,true
session_20260624_181854_P001,1007,102825,2026-06-24T18:20:38.003590,Pas barometryczny,1085.30,1085.30,true
session_20260624_181854_P001,1008,102943,2026-06-24T18:20:38.121927,Pas barometryczny,1084.89,1084.89,true
session_20260624_181854_P001,1009,103052,2026-06-24T18:20:38.230659,Pas barometryczny,1084.22,1084.22,true
session_20260624_181854_P001,1010,103146,2026-06-24T18:20:38.325096,Pas barometryczny,1084.24,1084.24,true
session_20260624_181854_P001,1011,103229,2026-06-24T18:20:38.408554,Pas barometryczny,1084.58,1084.58,true
session_20260624_181854_P001,1012,103318,2026-06-24T18:20:38.497509,Pas barometryczny,1084.09,1084.09,true
session_20260624_181854_P001,1013,103480,2026-06-24T18:20:38.659233,Pas barometryczny,1083.60,1083.60,true
session_20260624_181854_P001,1014,103576,2026-06-24T18:20:38.755020,Pas barometryczny,1083.53,1083.53,true
session_20260624_181854_P001,1015,103667,2026-06-24T18:20:38.846048,Pas barometryczny,1083.46,1083.46,true
session_20260624_181854_P001,1016,103726,2026-06-24T18:20:38.904978,Pas barometryczny,1083.59,1083.59,true
session_20260624_181854_P001,1017,103890,2026-06-24T18:20:39.068846,Pas barometryczny,1083.87,1083.87,true
session_20260624_181854_P001,1018,103960,2026-06-24T18:20:39.139284,Pas barometryczny,1083.95,1083.95,true
session_20260624_181854_P001,1019,104067,2026-06-24T18:20:39.246213,Pas barometryczny,1082.51,1082.51,true
session_20260624_181854_P001,1020,104207,2026-06-24T18:20:39.386049,Pas barometryczny,1082.75,1082.75,true
session_20260624_181854_P001,1021,104265,2026-06-24T18:20:39.443625,Pas barometryczny,1082.47,1082.47,true
session_20260624_181854_P001,1022,104357,2026-06-24T18:20:39.536050,Pas barometryczny,1082.51,1082.51,true
session_20260624_181854_P001,1023,104452,2026-06-24T18:20:39.630792,Pas barometryczny,1082.56,1082.56,true
session_20260624_181854_P001,1024,104579,2026-06-24T18:20:39.758290,Pas barometryczny,1083.01,1083.01,true
session_20260624_181854_P001,1025,104673,2026-06-24T18:20:39.852392,Pas barometryczny,1082.53,1082.53,true
session_20260624_181854_P001,1026,104796,2026-06-24T18:20:39.975093,Pas barometryczny,1082.21,1082.21,true
session_20260624_181854_P001,1027,104850,2026-06-24T18:20:40.028988,Pas barometryczny,1082.50,1082.50,true
session_20260624_181854_P001,1028,104996,2026-06-24T18:20:40.175245,Pas barometryczny,1082.18,1082.18,true
session_20260624_181854_P001,1029,105082,2026-06-24T18:20:40.261170,Pas barometryczny,1082.37,1082.37,true
session_20260624_181854_P001,1030,105192,2026-06-24T18:20:40.370734,Pas barometryczny,1082.58,1082.58,true
session_20260624_181854_P001,1031,105266,2026-06-24T18:20:40.444963,Pas barometryczny,1083.66,1083.66,true
session_20260624_181854_P001,1032,105407,2026-06-24T18:20:40.586255,Pas barometryczny,1083.98,1083.98,true
session_20260624_181854_P001,1033,105497,2026-06-24T18:20:40.676044,Pas barometryczny,1084.04,1084.04,true
session_20260624_181854_P001,1034,105570,2026-06-24T18:20:40.749258,Pas barometryczny,1084.21,1084.21,true
session_20260624_181854_P001,1035,105731,2026-06-24T18:20:40.910492,Pas barometryczny,1084.80,1084.80,true
session_20260624_181854_P001,1036,105797,2026-06-24T18:20:40.976065,Pas barometryczny,1085.00,1085.00,true
session_20260624_181854_P001,1037,105901,2026-06-24T18:20:41.080239,Pas barometryczny,1085.60,1085.60,true
session_20260624_181854_P001,1038,105978,2026-06-24T18:20:41.156596,Pas barometryczny,1085.72,1085.72,true
session_20260624_181854_P001,1039,106129,2026-06-24T18:20:41.307956,Pas barometryczny,1085.32,1085.32,true
session_20260624_181854_P001,1040,106237,2026-06-24T18:20:41.415850,Pas barometryczny,1085.98,1085.98,true
session_20260624_181854_P001,1041,106301,2026-06-24T18:20:41.480131,Pas barometryczny,1086.17,1086.17,true
session_20260624_181854_P001,1042,106400,2026-06-24T18:20:41.578692,Pas barometryczny,1086.51,1086.51,true
session_20260624_181854_P001,1043,106515,2026-06-24T18:20:41.693683,Pas barometryczny,1086.74,1086.74,true
session_20260624_181854_P001,1044,106606,2026-06-24T18:20:41.785286,Pas barometryczny,1087.22,1087.22,true
session_20260624_181854_P001,1045,106742,2026-06-24T18:20:41.920573,Pas barometryczny,1087.31,1087.31,true
session_20260624_181854_P001,1046,106803,2026-06-24T18:20:41.981946,Pas barometryczny,1087.06,1087.06,true
session_20260624_181854_P001,1047,106930,2026-06-24T18:20:42.108989,Pas barometryczny,1087.43,1087.43,true
session_20260624_181854_P001,1048,107028,2026-06-24T18:20:42.207304,Pas barometryczny,1087.61,1087.61,true
session_20260624_181854_P001,1049,107100,2026-06-24T18:20:42.279204,Pas barometryczny,1087.77,1087.77,true
session_20260624_181854_P001,1050,107270,2026-06-24T18:20:42.448910,Pas barometryczny,1087.45,1087.45,true
session_20260624_181854_P001,1051,107327,2026-06-24T18:20:42.506550,Pas barometryczny,1086.87,1086.87,true
session_20260624_181854_P001,1052,107424,2026-06-24T18:20:42.602970,Pas barometryczny,1087.03,1087.03,true
session_20260624_181854_P001,1053,107524,2026-06-24T18:20:42.702600,Pas barometryczny,1086.18,1086.18,true
session_20260624_181854_P001,1054,107640,2026-06-24T18:20:42.819051,Pas barometryczny,1085.65,1085.65,true
session_20260624_181854_P001,1055,107746,2026-06-24T18:20:42.925313,Pas barometryczny,1085.20,1085.20,true
session_20260624_181854_P001,1056,107826,2026-06-24T18:20:43.005227,Pas barometryczny,1084.84,1084.84,true
session_20260624_181854_P001,1057,107912,2026-06-24T18:20:43.091339,Pas barometryczny,1084.50,1084.50,true
session_20260624_181854_P001,1058,108067,2026-06-24T18:20:43.246189,Pas barometryczny,1084.99,1084.99,true
session_20260624_181854_P001,1059,108162,2026-06-24T18:20:43.341252,Pas barometryczny,1085.14,1085.14,true
session_20260624_181854_P001,1060,108225,2026-06-24T18:20:43.403870,Pas barometryczny,1084.21,1084.21,true
session_20260624_181854_P001,1061,108327,2026-06-24T18:20:43.506462,Pas barometryczny,1084.14,1084.14,true
session_20260624_181854_P001,1062,108487,2026-06-24T18:20:43.666011,Pas barometryczny,1083.68,1083.68,true
session_20260624_181854_P001,1063,108562,2026-06-24T18:20:43.740770,Pas barometryczny,1083.64,1083.64,true
session_20260624_181854_P001,1064,108631,2026-06-24T18:20:43.809614,Pas barometryczny,1084.00,1084.00,true
session_20260624_181854_P001,1065,108789,2026-06-24T18:20:43.968219,Pas barometryczny,1084.21,1084.21,true
session_20260624_181854_P001,1066,108857,2026-06-24T18:20:44.036297,Pas barometryczny,1083.40,1083.40,true
session_20260624_181854_P001,1067,108945,2026-06-24T18:20:44.124550,Pas barometryczny,1083.28,1083.28,true
session_20260624_181854_P001,1068,109035,2026-06-24T18:20:44.214434,Pas barometryczny,1083.60,1083.60,true
session_20260624_181854_P001,1069,109184,2026-06-24T18:20:44.362583,Pas barometryczny,1083.39,1083.39,true
session_20260624_181854_P001,1070,109289,2026-06-24T18:20:44.467876,Pas barometryczny,1083.93,1083.93,true
session_20260624_181854_P001,1071,109350,2026-06-24T18:20:44.528831,Pas barometryczny,1082.33,1082.33,true
session_20260624_181854_P001,1072,109449,2026-06-24T18:20:44.628291,Pas barometryczny,1083.20,1083.20,true
session_20260624_181854_P001,1073,109581,2026-06-24T18:20:44.759891,Pas barometryczny,1082.14,1082.14,true
session_20260624_181854_P001,1074,109666,2026-06-24T18:20:44.844756,Pas barometryczny,1083.01,1083.01,true
session_20260624_181854_P001,1075,109754,2026-06-24T18:20:44.932652,Pas barometryczny,1083.01,1083.01,true
session_20260624_181854_P001,1076,109865,2026-06-24T18:20:45.044199,Pas barometryczny,1083.61,1083.61,true
session_20260624_181854_P001,1077,109980,2026-06-24T18:20:45.158759,Pas barometryczny,1082.62,1082.62,true
session_20260624_181854_P001,1078,110098,2026-06-24T18:20:45.277254,Pas barometryczny,1082.68,1082.68,true
session_20260624_181854_P001,1079,110161,2026-06-24T18:20:45.339852,Pas barometryczny,1082.66,1082.66,true
session_20260624_181854_P001,1080,110306,2026-06-24T18:20:45.485486,Pas barometryczny,1082.44,1082.44,true
session_20260624_181854_P001,1081,110392,2026-06-24T18:20:45.570672,Pas barometryczny,1082.74,1082.74,true
session_20260624_181854_P001,1082,110485,2026-06-24T18:20:45.664498,Pas barometryczny,1083.29,1083.29,true
session_20260624_181854_P001,1083,110578,2026-06-24T18:20:45.757051,Pas barometryczny,1082.88,1082.88,true
session_20260624_181854_P001,1084,110710,2026-06-24T18:20:45.888633,Pas barometryczny,1083.00,1083.00,true
session_20260624_181854_P001,1085,110811,2026-06-24T18:20:45.989690,Pas barometryczny,1083.43,1083.43,true
session_20260624_181854_P001,1086,110880,2026-06-24T18:20:46.059530,Pas barometryczny,1083.42,1083.42,true
session_20260624_181854_P001,1087,110975,2026-06-24T18:20:46.153872,Pas barometryczny,1083.70,1083.70,true
session_20260624_181854_P001,1088,111159,2026-06-24T18:20:46.338160,Pas barometryczny,1084.36,1084.36,true
session_20260624_181854_P001,1089,111206,2026-06-24T18:20:46.385349,Pas barometryczny,1083.93,1083.93,true
session_20260624_181854_P001,1090,111304,2026-06-24T18:20:46.482795,Pas barometryczny,1083.64,1083.64,true
session_20260624_181854_P001,1091,111406,2026-06-24T18:20:46.584814,Pas barometryczny,1084.48,1084.48,true
session_20260624_181854_P001,1092,111539,2026-06-24T18:20:46.717949,Pas barometryczny,1084.80,1084.80,true
session_20260624_181854_P001,1093,111599,2026-06-24T18:20:46.777712,Pas barometryczny,1085.18,1085.18,true
session_20260624_181854_P001,1094,111691,2026-06-24T18:20:46.869666,Pas barometryczny,1085.56,1085.56,true
session_20260624_181854_P001,1095,111852,2026-06-24T18:20:47.031400,Pas barometryczny,1086.00,1086.00,true
session_20260624_181854_P001,1096,111940,2026-06-24T18:20:47.118866,Pas barometryczny,1085.57,1085.57,true
session_20260624_181854_P001,1097,112015,2026-06-24T18:20:47.194398,Pas barometryczny,1086.42,1086.42,true
session_20260624_181854_P001,1098,112117,2026-06-24T18:20:47.295658,Pas barometryczny,1086.34,1086.34,true
session_20260624_181854_P001,1099,112247,2026-06-24T18:20:47.426197,Pas barometryczny,1086.45,1086.45,true
session_20260624_181854_P001,1100,112343,2026-06-24T18:20:47.522140,Pas barometryczny,1086.69,1086.69,true
session_20260624_181854_P001,1101,112442,2026-06-24T18:20:47.620837,Pas barometryczny,1086.73,1086.73,true
session_20260624_181854_P001,1102,112521,2026-06-24T18:20:47.700172,Pas barometryczny,1087.05,1087.05,true
session_20260624_181854_P001,1103,112657,2026-06-24T18:20:47.836053,Pas barometryczny,1086.42,1086.42,true
session_20260624_181854_P001,1104,112749,2026-06-24T18:20:47.927668,Pas barometryczny,1086.45,1086.45,true
session_20260624_181854_P001,1105,112849,2026-06-24T18:20:48.028157,Pas barometryczny,1086.27,1086.27,true
session_20260624_181854_P001,1106,112919,2026-06-24T18:20:48.097728,Pas barometryczny,1086.68,1086.68,true
session_20260624_181854_P001,1107,113059,2026-06-24T18:20:48.237942,Pas barometryczny,1086.93,1086.93,true
session_20260624_181854_P001,1108,113170,2026-06-24T18:20:48.349286,Pas barometryczny,1086.76,1086.76,true
session_20260624_181854_P001,1109,113242,2026-06-24T18:20:48.420807,Pas barometryczny,1085.90,1085.90,true
session_20260624_181854_P001,1110,113392,2026-06-24T18:20:48.571078,Pas barometryczny,1085.25,1085.25,true
session_20260624_181854_P001,1111,113487,2026-06-24T18:20:48.665861,Pas barometryczny,1084.64,1084.64,true
session_20260624_181854_P001,1112,113553,2026-06-24T18:20:48.732257,Pas barometryczny,1084.65,1084.65,true
session_20260624_181854_P001,1113,113626,2026-06-24T18:20:48.804962,Pas barometryczny,1084.63,1084.63,true
session_20260624_181854_P001,1114,113776,2026-06-24T18:20:48.955345,Pas barometryczny,1084.91,1084.91,true
session_20260624_181854_P001,1115,113874,2026-06-24T18:20:49.053,Pas barometryczny,1084.93,1084.93,true
session_20260624_181854_P001,1116,113939,2026-06-24T18:20:49.118458,Pas barometryczny,1084.75,1084.75,true
session_20260624_181854_P001,1117,114032,2026-06-24T18:20:49.210666,Pas barometryczny,1084.11,1084.11,true
session_20260624_181854_P001,1118,114180,2026-06-24T18:20:49.359108,Pas barometryczny,1083.85,1083.85,true
session_20260624_181854_P001,1119,114256,2026-06-24T18:20:49.435491,Pas barometryczny,1083.48,1083.48,true
session_20260624_181854_P001,1120,114345,2026-06-24T18:20:49.524480,Pas barometryczny,1083.03,1083.03,true
session_20260624_181854_P001,1121,114454,2026-06-24T18:20:49.633287,Pas barometryczny,1083.31,1083.31,true
session_20260624_181854_P001,1122,114602,2026-06-24T18:20:49.780616,Pas barometryczny,1082.77,1082.77,true
session_20260624_181854_P001,1123,114661,2026-06-24T18:20:49.839894,Pas barometryczny,1082.61,1082.61,true
session_20260624_181854_P001,1124,114787,2026-06-24T18:20:49.965772,Pas barometryczny,1082.18,1082.18,true
session_20260624_181854_P001,1125,114900,2026-06-24T18:20:50.079226,Pas barometryczny,1082.36,1082.36,true
session_20260624_181854_P001,1126,115001,2026-06-24T18:20:50.180062,Pas barometryczny,1083.19,1083.19,true
session_20260624_181854_P001,1127,115066,2026-06-24T18:20:50.245545,Pas barometryczny,1083.40,1083.40,true
session_20260624_181854_P001,1128,115162,2026-06-24T18:20:50.340587,Pas barometryczny,1083.87,1083.87,true
session_20260624_181854_P001,1129,115293,2026-06-24T18:20:50.471809,Pas barometryczny,1084.16,1084.16,true
session_20260624_181854_P001,1130,115395,2026-06-24T18:20:50.573851,Pas barometryczny,1083.61,1083.61,true
session_20260624_181854_P001,1131,115472,2026-06-24T18:20:50.651151,Pas barometryczny,1083.10,1083.10,true
session_20260624_181854_P001,1132,115563,2026-06-24T18:20:50.741696,Pas barometryczny,1083.85,1083.85,true
session_20260624_181854_P001,1133,115694,2026-06-24T18:20:50.872932,Pas barometryczny,1084.29,1084.29,true
session_20260624_181854_P001,1134,115796,2026-06-24T18:20:50.975277,Pas barometryczny,1084.99,1084.99,true
session_20260624_181854_P001,1135,115909,2026-06-24T18:20:51.087644,Pas barometryczny,1085.38,1085.38,true
session_20260624_181854_P001,1136,115963,2026-06-24T18:20:51.142377,Pas barometryczny,1085.55,1085.55,true
session_20260624_181854_P001,1137,116108,2026-06-24T18:20:51.286977,Pas barometryczny,1085.60,1085.60,true
session_20260624_181854_P001,1138,116223,2026-06-24T18:20:51.401614,Pas barometryczny,1085.05,1085.05,true
session_20260624_181854_P001,1139,116281,2026-06-24T18:20:51.459625,Pas barometryczny,1085.49,1085.49,true
session_20260624_181854_P001,1140,116418,2026-06-24T18:20:51.597020,Pas barometryczny,1085.82,1085.82,true
session_20260624_181854_P001,1141,116523,2026-06-24T18:20:51.702060,Pas barometryczny,1086.05,1086.05,true
session_20260624_181854_P001,1142,116597,2026-06-24T18:20:51.776143,Pas barometryczny,1086.51,1086.51,true
session_20260624_181854_P001,1143,116691,2026-06-24T18:20:51.869996,Pas barometryczny,1086.34,1086.34,true
session_20260624_181854_P001,1144,116829,2026-06-24T18:20:52.008026,Pas barometryczny,1086.06,1086.06,true
session_20260624_181854_P001,1145,116934,2026-06-24T18:20:52.112989,Pas barometryczny,1085.75,1085.75,true
session_20260624_181854_P001,1146,117000,2026-06-24T18:20:52.179265,Pas barometryczny,1086.31,1086.31,true
session_20260624_181854_P001,1147,117097,2026-06-24T18:20:52.275746,Pas barometryczny,1086.65,1086.65,true
session_20260624_181854_P001,1148,117237,2026-06-24T18:20:52.416444,Pas barometryczny,1087.03,1087.03,true
session_20260624_181854_P001,1149,117331,2026-06-24T18:20:52.509728,Pas barometryczny,1086.55,1086.55,true
session_20260624_181854_P001,1150,117404,2026-06-24T18:20:52.583333,Pas barometryczny,1086.99,1086.99,true
session_20260624_181854_P001,1151,117524,2026-06-24T18:20:52.702595,Pas barometryczny,1086.38,1086.38,true
session_20260624_181854_P001,1152,117629,2026-06-24T18:20:52.808246,Pas barometryczny,1086.93,1086.93,true
session_20260624_181854_P001,1153,117723,2026-06-24T18:20:52.902335,Pas barometryczny,1086.74,1086.74,true
session_20260624_181854_P001,1154,117821,2026-06-24T18:20:52.999738,Pas barometryczny,1086.49,1086.49,true
session_20260624_181854_P001,1155,117966,2026-06-24T18:20:53.144868,Pas barometryczny,1086.71,1086.71,true
session_20260624_181854_P001,1156,118069,2026-06-24T18:20:53.248462,Pas barometryczny,1085.40,1085.40,true
session_20260624_181854_P001,1157,118135,2026-06-24T18:20:53.314511,Pas barometryczny,1085.30,1085.30,true
session_20260624_181854_P001,1158,118234,2026-06-24T18:20:53.412863,Pas barometryczny,1085.15,1085.15,true
session_20260624_181854_P001,1159,118366,2026-06-24T18:20:53.545085,Pas barometryczny,1085.09,1085.09,true
session_20260624_181854_P001,1160,118466,2026-06-24T18:20:53.644992,Pas barometryczny,1085.19,1085.19,true
session_20260624_181854_P001,1161,118536,2026-06-24T18:20:53.714954,Pas barometryczny,1085.30,1085.30,true
session_20260624_181854_P001,1162,118638,2026-06-24T18:20:53.817337,Pas barometryczny,1083.76,1083.76,true
session_20260624_181854_P001,1163,118754,2026-06-24T18:20:53.932962,Pas barometryczny,1083.94,1083.94,true
session_20260624_181854_P001,1164,118845,2026-06-24T18:20:54.024424,Pas barometryczny,1083.49,1083.49,true
session_20260624_181854_P001,1165,118941,2026-06-24T18:20:54.120289,Pas barometryczny,1083.70,1083.70,true
session_20260624_181854_P001,1166,119040,2026-06-24T18:20:54.219371,Pas barometryczny,1083.94,1083.94,true
session_20260624_181854_P001,1167,119180,2026-06-24T18:20:54.359048,Pas barometryczny,1084.44,1084.44,true
session_20260624_181854_P001,1168,119256,2026-06-24T18:20:54.434816,Pas barometryczny,1083.19,1083.19,true
session_20260624_181854_P001,1169,119345,2026-06-24T18:20:54.523566,Pas barometryczny,1083.09,1083.09,true
session_20260624_181854_P001,1170,119506,2026-06-24T18:20:54.684723,Pas barometryczny,1082.31,1082.31,true
session_20260624_181854_P001,1171,119591,2026-06-24T18:20:54.769679,Pas barometryczny,1082.31,1082.31,true
session_20260624_181854_P001,1172,119656,2026-06-24T18:20:54.834935,Pas barometryczny,1082.31,1082.31,true
session_20260624_181854_P001,1173,119773,2026-06-24T18:20:54.951926,Pas barometryczny,1083.02,1083.02,true
session_20260624_181854_P001,1174,119879,2026-06-24T18:20:55.058132,Pas barometryczny,1083.24,1083.24,true
session_20260624_181854_P001,1175,119970,2026-06-24T18:20:55.149120,Pas barometryczny,1081.95,1081.95,true
session_20260624_181854_P001,1176,120064,2026-06-24T18:20:55.243062,Pas barometryczny,1082.87,1082.87,true
session_20260624_181854_P001,1177,120159,2026-06-24T18:20:55.337633,Pas barometryczny,1082.43,1082.43,true
session_20260624_181854_P001,1178,120286,2026-06-24T18:20:55.464618,Pas barometryczny,1082.83,1082.83,true
session_20260624_181854_P001,1179,120385,2026-06-24T18:20:55.564455,Pas barometryczny,1083.52,1083.52,true
session_20260624_181854_P001,1180,120471,2026-06-24T18:20:55.650029,Pas barometryczny,1083.97,1083.97,true
session_20260624_181854_P001,1181,120573,2026-06-24T18:20:55.751899,Pas barometryczny,1083.64,1083.64,true
session_20260624_181854_P001,1182,120690,2026-06-24T18:20:55.868754,Pas barometryczny,1084.30,1084.30,true
session_20260624_181854_P001,1183,120787,2026-06-24T18:20:55.966255,Pas barometryczny,1084.91,1084.91,true
session_20260624_181854_P001,1184,120915,2026-06-24T18:20:56.093926,Pas barometryczny,1085.43,1085.43,true
session_20260624_181854_P001,1185,121045,2026-06-24T18:20:56.223616,Pas barometryczny,1085.68,1085.68,true
session_20260624_181854_P001,1186,121111,2026-06-24T18:20:56.289748,Pas barometryczny,1086.33,1086.33,true
session_20260624_181854_P001,1187,121185,2026-06-24T18:20:56.363937,Pas barometryczny,1085.64,1085.64,true
session_20260624_181854_P001,1188,121281,2026-06-24T18:20:56.460394,Pas barometryczny,1085.96,1085.96,true
session_20260624_181854_P001,1189,121437,2026-06-24T18:20:56.615676,Pas barometryczny,1085.65,1085.65,true
session_20260624_181854_P001,1190,121500,2026-06-24T18:20:56.679402,Pas barometryczny,1086.04,1086.04,true
session_20260624_181854_P001,1191,121592,2026-06-24T18:20:56.770622,Pas barometryczny,1086.35,1086.35,true
session_20260624_181854_P001,1192,121680,2026-06-24T18:20:56.859177,Pas barometryczny,1086.58,1086.58,true
session_20260624_181854_P001,1193,121813,2026-06-24T18:20:56.992297,Pas barometryczny,1086.76,1086.76,true
session_20260624_181854_P001,1194,121921,2026-06-24T18:20:57.100327,Pas barometryczny,1086.11,1086.11,true
session_20260624_181854_P001,1195,122003,2026-06-24T18:20:57.182129,Pas barometryczny,1086.27,1086.27,true
session_20260624_181854_P001,1196,122106,2026-06-24T18:20:57.284664,Pas barometryczny,1085.21,1085.21,true
session_20260624_181854_P001,1197,122234,2026-06-24T18:20:57.412761,Pas barometryczny,1084.81,1084.81,true
session_20260624_181854_P001,1198,122357,2026-06-24T18:20:57.535852,Pas barometryczny,1084.67,1084.67,true
session_20260624_181854_P001,1199,122411,2026-06-24T18:20:57.589838,Pas barometryczny,1084.83,1084.83,true
session_20260624_181854_P001,1200,122537,2026-06-24T18:20:57.715654,Pas barometryczny,1084.66,1084.66,true
session_20260624_181854_P001,1201,122657,2026-06-24T18:20:57.835664,Pas barometryczny,1084.38,1084.38,true
session_20260624_181854_P001,1202,122721,2026-06-24T18:20:57.900174,Pas barometryczny,1084.16,1084.16,true
session_20260624_181854_P001,1203,122818,2026-06-24T18:20:57.997065,Pas barometryczny,1083.69,1083.69,true
session_20260624_181854_P001,1204,122951,2026-06-24T18:20:58.130348,Pas barometryczny,1083.83,1083.83,true
session_20260624_181854_P001,1205,123052,2026-06-24T18:20:58.230772,Pas barometryczny,1083.73,1083.73,true
session_20260624_181854_P001,1206,123144,2026-06-24T18:20:58.323321,Pas barometryczny,1082.84,1082.84,true
session_20260624_181854_P001,1207,123211,2026-06-24T18:20:58.390128,Pas barometryczny,1082.60,1082.60,true
session_20260624_181854_P001,1208,123350,2026-06-24T18:20:58.529212,Pas barometryczny,1082.76,1082.76,true
session_20260624_181854_P001,1209,123440,2026-06-24T18:20:58.619524,Pas barometryczny,1082.49,1082.49,true
session_20260624_181854_P001,1210,123572,2026-06-24T18:20:58.751331,Pas barometryczny,1083.22,1083.22,true
session_20260624_181854_P001,1211,123619,2026-06-24T18:20:58.798265,Pas barometryczny,1085.39,1085.39,true
session_20260624_181854_P001,1212,123754,2026-06-24T18:20:58.932714,Pas barometryczny,1085.89,1085.89,true
session_20260624_181854_P001,1213,123859,2026-06-24T18:20:59.038062,Pas barometryczny,1085.76,1085.76,true
session_20260624_181854_P001,1214,123954,2026-06-24T18:20:59.133537,Pas barometryczny,1086.14,1086.14,true
session_20260624_181854_P001,1215,124104,2026-06-24T18:20:59.283379,Pas barometryczny,1086.12,1086.12,true
session_20260624_181854_P001,1216,124174,2026-06-24T18:20:59.353078,Pas barometryczny,1086.25,1086.25,true
session_20260624_181854_P001,1217,124245,2026-06-24T18:20:59.424073,Pas barometryczny,1086.24,1086.24,true
session_20260624_181854_P001,1218,124351,2026-06-24T18:20:59.529979,Pas barometryczny,1086.64,1086.64,true
session_20260624_181854_P001,1219,124492,2026-06-24T18:20:59.671349,Pas barometryczny,1086.91,1086.91,true
session_20260624_181854_P001,1220,124559,2026-06-24T18:20:59.737689,Pas barometryczny,1087.11,1087.11,true
session_20260624_181854_P001,1221,124653,2026-06-24T18:20:59.832174,Pas barometryczny,1087.53,1087.53,true
session_20260624_181854_P001,1222,124744,2026-06-24T18:20:59.923141,Pas barometryczny,1088.14,1088.14,true
session_20260624_181854_P001,1223,124879,2026-06-24T18:21:00.057798,Pas barometryczny,1087.85,1087.85,true
session_20260624_181854_P001,1224,124966,2026-06-24T18:21:00.145523,Pas barometryczny,1086.26,1086.26,true
session_20260624_181854_P001,1225,125061,2026-06-24T18:21:00.239802,Pas barometryczny,1085.56,1085.56,true
session_20260624_181854_P001,1226,125162,2026-06-24T18:21:00.341330,Pas barometryczny,1085.07,1085.07,true
session_20260624_181854_P001,1227,125300,2026-06-24T18:21:00.479065,Pas barometryczny,1084.76,1084.76,true
session_20260624_181854_P001,1228,125373,2026-06-24T18:21:00.551862,Pas barometryczny,1084.52,1084.52,true
session_20260624_181854_P001,1229,125476,2026-06-24T18:21:00.654698,Pas barometryczny,1084.86,1084.86,true
session_20260624_181854_P001,1230,125596,2026-06-24T18:21:00.775170,Pas barometryczny,1084.75,1084.75,true
session_20260624_181854_P001,1231,125715,2026-06-24T18:21:00.894032,Pas barometryczny,1083.79,1083.79,true
session_20260624_181854_P001,1232,125774,2026-06-24T18:21:00.952819,Pas barometryczny,1084.09,1084.09,true
session_20260624_181854_P001,1233,125889,2026-06-24T18:21:01.068338,Pas barometryczny,1083.47,1083.47,true
session_20260624_181854_P001,1234,125999,2026-06-24T18:21:01.178507,Pas barometryczny,1083.44,1083.44,true
session_20260624_181854_P001,1235,126115,2026-06-24T18:21:01.294280,Pas barometryczny,1083.52,1083.52,true
session_20260624_181854_P001,1236,126181,2026-06-24T18:21:01.359585,Pas barometryczny,1084.41,1084.41,true
session_20260624_181854_P001,1237,126274,2026-06-24T18:21:01.452821,Pas barometryczny,1083.30,1083.30,true
session_20260624_181854_P001,1238,126406,2026-06-24T18:21:01.585290,Pas barometryczny,1082.92,1082.92,true
session_20260624_181854_P001,1239,126496,2026-06-24T18:21:01.675523,Pas barometryczny,1083.52,1083.52,true
session_20260624_181854_P001,1240,126599,2026-06-24T18:21:01.778404,Pas barometryczny,1084.87,1084.87,true
session_20260624_181854_P001,1241,126705,2026-06-24T18:21:01.884268,Pas barometryczny,1084.97,1084.97,true
session_20260624_181854_P001,1242,126812,2026-06-24T18:21:01.991258,Pas barometryczny,1085.49,1085.49,true
session_20260624_181854_P001,1243,126904,2026-06-24T18:21:02.083055,Pas barometryczny,1084.82,1084.82,true
session_20260624_181854_P001,1244,127025,2026-06-24T18:21:02.204447,Pas barometryczny,1085.18,1085.18,true
session_20260624_181854_P001,1245,127125,2026-06-24T18:21:02.304005,Pas barometryczny,1085.22,1085.22,true
session_20260624_181854_P001,1246,127240,2026-06-24T18:21:02.419224,Pas barometryczny,1085.60,1085.60,true
session_20260624_181854_P001,1247,127337,2026-06-24T18:21:02.515955,Pas barometryczny,1086.12,1086.12,true
session_20260624_181854_P001,1248,127396,2026-06-24T18:21:02.574864,Pas barometryczny,1086.52,1086.52,true
session_20260624_181854_P001,1249,127531,2026-06-24T18:21:02.709599,Pas barometryczny,1086.17,1086.17,true
session_20260624_181854_P001,1250,127619,2026-06-24T18:21:02.798461,Pas barometryczny,1086.73,1086.73,true
session_20260624_181854_P001,1251,127729,2026-06-24T18:21:02.908045,Pas barometryczny,1086.37,1086.37,true
session_20260624_181854_P001,1252,127823,2026-06-24T18:21:03.002406,Pas barometryczny,1085.25,1085.25,true
session_20260624_181854_P001,1253,127949,2026-06-24T18:21:03.128272,Pas barometryczny,1084.98,1084.98,true
session_20260624_181854_P001,1254,128024,2026-06-24T18:21:03.203137,Pas barometryczny,1085.32,1085.32,true
session_20260624_181854_P001,1255,128124,2026-06-24T18:21:03.302692,Pas barometryczny,1084.26,1084.26,true
session_20260624_181854_P001,1256,128210,2026-06-24T18:21:03.388853,Pas barometryczny,1084.40,1084.40,true
session_20260624_181854_P001,1257,128379,2026-06-24T18:21:03.557871,Pas barometryczny,1084.09,1084.09,true
session_20260624_181854_P001,1258,128431,2026-06-24T18:21:03.609714,Pas barometryczny,1083.90,1083.90,true
session_20260624_181854_P001,1259,128527,2026-06-24T18:21:03.706227,Pas barometryczny,1084.20,1084.20,true
session_20260624_181854_P001,1260,128655,2026-06-24T18:21:03.834363,Pas barometryczny,1083.48,1083.48,true
session_20260624_181854_P001,1261,128773,2026-06-24T18:21:03.951818,Pas barometryczny,1083.26,1083.26,true
session_20260624_181854_P001,1262,128866,2026-06-24T18:21:04.044963,Pas barometryczny,1083.14,1083.14,true
session_20260624_181854_P001,1263,128925,2026-06-24T18:21:04.103915,Pas barometryczny,1083.72,1083.72,true
session_20260624_181854_P001,1264,129061,2026-06-24T18:21:04.240046,Pas barometryczny,1083.90,1083.90,true
session_20260624_181854_P001,1265,129156,2026-06-24T18:21:04.334799,Pas barometryczny,1084.19,1084.19,true
session_20260624_181854_P001,1266,129241,2026-06-24T18:21:04.419878,Pas barometryczny,1083.76,1083.76,true
session_20260624_181854_P001,1267,129330,2026-06-24T18:21:04.508836,Pas barometryczny,1082.34,1082.34,true
session_20260624_181854_P001,1268,129472,2026-06-24T18:21:04.651482,Pas barometryczny,1083.87,1083.87,true
session_20260624_181854_P001,1269,129567,2026-06-24T18:21:04.745716,Pas barometryczny,1084.61,1084.61,true
session_20260624_181854_P001,1270,129669,2026-06-24T18:21:04.848155,Pas barometryczny,1085.17,1085.17,true
session_20260624_181854_P001,1271,129734,2026-06-24T18:21:04.913078,Pas barometryczny,1085.52,1085.52,true
session_20260624_181854_P001,1272,129869,2026-06-24T18:21:05.048197,Pas barometryczny,1084.73,1084.73,true
session_20260624_181854_P001,1273,129967,2026-06-24T18:21:05.145991,Pas barometryczny,1085.69,1085.69,true
session_20260624_181854_P001,1274,130074,2026-06-24T18:21:05.252805,Pas barometryczny,1086.06,1086.06,true
session_20260624_181854_P001,1275,130194,2026-06-24T18:21:05.372685,Pas barometryczny,1086.56,1086.56,true
session_20260624_181854_P001,1276,130285,2026-06-24T18:21:05.463956,Pas barometryczny,1086.83,1086.83,true
session_20260624_181854_P001,1277,130385,2026-06-24T18:21:05.563735,Pas barometryczny,1086.87,1086.87,true
session_20260624_181854_P001,1278,130455,2026-06-24T18:21:05.633973,Pas barometryczny,1086.66,1086.66,true
session_20260624_181854_P001,1279,130599,2026-06-24T18:21:05.777839,Pas barometryczny,1086.30,1086.30,true
session_20260624_181854_P001,1280,130695,2026-06-24T18:21:05.873999,Pas barometryczny,1085.50,1085.50,true
session_20260624_181854_P001,1281,130778,2026-06-24T18:21:05.957113,Pas barometryczny,1085.21,1085.21,true
session_20260624_181854_P001,1282,130879,2026-06-24T18:21:06.057729,Pas barometryczny,1084.86,1084.86,true
session_20260624_181854_P001,1283,130995,2026-06-24T18:21:06.173807,Pas barometryczny,1085.51,1085.51,true
session_20260624_181854_P001,1284,131084,2026-06-24T18:21:06.262913,Pas barometryczny,1084.11,1084.11,true
session_20260624_181854_P001,1285,131175,2026-06-24T18:21:06.354469,Pas barometryczny,1084.01,1084.01,true
session_20260624_181854_P001,1286,131276,2026-06-24T18:21:06.455206,Pas barometryczny,1083.56,1083.56,true
session_20260624_181854_P001,1287,131418,2026-06-24T18:21:06.597517,Pas barometryczny,1083.47,1083.47,true
session_20260624_181854_P001,1288,131492,2026-06-24T18:21:06.671489,Pas barometryczny,1083.22,1083.22,true
session_20260624_181854_P001,1289,131581,2026-06-24T18:21:06.760217,Pas barometryczny,1084.07,1084.07,true
session_20260624_181854_P001,1290,131737,2026-06-24T18:21:06.916168,Pas barometryczny,1082.84,1082.84,true
session_20260624_181854_P001,1291,131814,2026-06-24T18:21:06.992938,Pas barometryczny,1082.31,1082.31,true
session_20260624_181854_P001,1292,131904,2026-06-24T18:21:07.083346,Pas barometryczny,1082.41,1082.41,true
session_20260624_181854_P001,1293,132006,2026-06-24T18:21:07.185151,Pas barometryczny,1082.83,1082.83,true
session_20260624_181854_P001,1294,132156,2026-06-24T18:21:07.335203,Pas barometryczny,1083.65,1083.65,true
session_20260624_181854_P001,1295,132210,2026-06-24T18:21:07.388799,Pas barometryczny,1084.38,1084.38,true
session_20260624_181854_P001,1296,132298,2026-06-24T18:21:07.477269,Pas barometryczny,1084.75,1084.75,true
session_20260624_181854_P001,1297,132390,2026-06-24T18:21:07.568812,Pas barometryczny,1083.61,1083.61,true
session_20260624_181854_P001,1298,132558,2026-06-24T18:21:07.737195,Pas barometryczny,1085.03,1085.03,true
session_20260624_181854_P001,1299,132616,2026-06-24T18:21:07.795076,Pas barometryczny,1085.57,1085.57,true
session_20260624_181854_P001,1300,132708,2026-06-24T18:21:07.886637,Pas barometryczny,1085.97,1085.97,true
session_20260624_181854_P001,1301,132805,2026-06-24T18:21:07.984408,Pas barometryczny,1086.14,1086.14,true
session_20260624_181854_P001,1302,132955,2026-06-24T18:21:08.134492,Pas barometryczny,1085.75,1085.75,true
session_20260624_181854_P001,1303,133031,2026-06-24T18:21:08.210339,Pas barometryczny,1085.91,1085.91,true
session_20260624_181854_P001,1304,133124,2026-06-24T18:21:08.303089,Pas barometryczny,1086.21,1086.21,true
session_20260624_181854_P001,1305,133251,2026-06-24T18:21:08.429849,Pas barometryczny,1086.82,1086.82,true
session_20260624_181854_P001,1306,133345,2026-06-24T18:21:08.523712,Pas barometryczny,1086.80,1086.80,true
session_20260624_181854_P001,1307,133452,2026-06-24T18:21:08.630650,Pas barometryczny,1086.29,1086.29,true
session_20260624_181854_P001,1308,133552,2026-06-24T18:21:08.731398,Pas barometryczny,1086.13,1086.13,true
session_20260624_181854_P001,1309,133666,2026-06-24T18:21:08.845228,Pas barometryczny,1085.00,1085.00,true
session_20260624_181854_P001,1310,133776,2026-06-24T18:21:08.955474,Pas barometryczny,1084.59,1084.59,true
session_20260624_181854_P001,1311,133830,2026-06-24T18:21:09.008588,Pas barometryczny,1084.37,1084.37,true
session_20260624_181854_P001,1312,133921,2026-06-24T18:21:09.099912,Pas barometryczny,1084.27,1084.27,true
session_20260624_181854_P001,1313,134062,2026-06-24T18:21:09.241103,Pas barometryczny,1084.18,1084.18,true
session_20260624_181854_P001,1314,134146,2026-06-24T18:21:09.324708,Pas barometryczny,1084.51,1084.51,true
session_20260624_181854_P001,1315,134242,2026-06-24T18:21:09.420696,Pas barometryczny,1083.86,1083.86,true
session_20260624_181854_P001,1316,134337,2026-06-24T18:21:09.515663,Pas barometryczny,1083.03,1083.03,true
session_20260624_181854_P001,1317,134482,2026-06-24T18:21:09.660909,Pas barometryczny,1082.91,1082.91,true
session_20260624_181854_P001,1318,134557,2026-06-24T18:21:09.736190,Pas barometryczny,1082.40,1082.40,true
session_20260624_181854_P001,1319,134657,2026-06-24T18:21:09.836387,Pas barometryczny,1082.23,1082.23,true
session_20260624_181854_P001,1320,134850,2026-06-24T18:21:10.028675,Pas barometryczny,1082.40,1082.40,true
session_20260624_181854_P001,1321,134887,2026-06-24T18:21:10.066462,Pas barometryczny,1081.94,1081.94,true
session_20260624_181854_P001,1322,134957,2026-06-24T18:21:10.136069,Pas barometryczny,1081.54,1081.54,true
session_20260624_181854_P001,1323,135072,2026-06-24T18:21:10.251445,Pas barometryczny,1082.50,1082.50,true
session_20260624_181854_P001,1324,135211,2026-06-24T18:21:10.390094,Pas barometryczny,1083.16,1083.16,true
session_20260624_181854_P001,1325,135270,2026-06-24T18:21:10.449026,Pas barometryczny,1083.82,1083.82,true
session_20260624_181854_P001,1326,135389,2026-06-24T18:21:10.568525,Pas barometryczny,1084.39,1084.39,true
session_20260624_181854_P001,1327,135452,2026-06-24T18:21:10.631411,Pas barometryczny,1084.91,1084.91,true
session_20260624_181854_P001,1328,135600,2026-06-24T18:21:10.779415,Pas barometryczny,1085.91,1085.91,true
session_20260624_181854_P001,1329,135674,2026-06-24T18:21:10.852881,Pas barometryczny,1085.35,1085.35,true
session_20260624_181854_P001,1330,135769,2026-06-24T18:21:10.948005,Pas barometryczny,1085.71,1085.71,true
session_20260624_181854_P001,1331,135873,2026-06-24T18:21:11.052235,Pas barometryczny,1085.78,1085.78,true
session_20260624_181854_P001,1332,136000,2026-06-24T18:21:11.178968,Pas barometryczny,1085.74,1085.74,true
session_20260624_181854_P001,1333,136088,2026-06-24T18:21:11.267038,Pas barometryczny,1086.10,1086.10,true
session_20260624_181854_P001,1334,136187,2026-06-24T18:21:11.365825,Pas barometryczny,1086.41,1086.41,true
session_20260624_181854_P001,1335,136306,2026-06-24T18:21:11.485219,Pas barometryczny,1086.26,1086.26,true
session_20260624_181854_P001,1336,136400,2026-06-24T18:21:11.578587,Pas barometryczny,1086.17,1086.17,true
session_20260624_181854_P001,1337,136500,2026-06-24T18:21:11.678595,Pas barometryczny,1086.05,1086.05,true
session_20260624_181854_P001,1338,136578,2026-06-24T18:21:11.756885,Pas barometryczny,1085.49,1085.49,true
session_20260624_181854_P001,1339,136709,2026-06-24T18:21:11.887939,Pas barometryczny,1084.95,1084.95,true
session_20260624_181854_P001,1340,136833,2026-06-24T18:21:12.012344,Pas barometryczny,1084.56,1084.56,true
session_20260624_181854_P001,1341,136914,2026-06-24T18:21:12.092921,Pas barometryczny,1084.98,1084.98,true
session_20260624_181854_P001,1342,136980,2026-06-24T18:21:12.159099,Pas barometryczny,1084.61,1084.61,true
session_20260624_181854_P001,1343,137114,2026-06-24T18:21:12.293486,Pas barometryczny,1084.29,1084.29,true
session_20260624_181854_P001,1344,137215,2026-06-24T18:21:12.393713,Pas barometryczny,1083.80,1083.80,true
session_20260624_181854_P001,1345,137313,2026-06-24T18:21:12.492184,Pas barometryczny,1084.15,1084.15,true
session_20260624_181854_P001,1346,137411,2026-06-24T18:21:12.590511,Pas barometryczny,1084.67,1084.67,true
session_20260624_181854_P001,1347,137524,2026-06-24T18:21:12.703431,Pas barometryczny,1084.62,1084.62,true
session_20260624_181854_P001,1348,137609,2026-06-24T18:21:12.788555,Pas barometryczny,1083.37,1083.37,true
session_20260624_181854_P001,1349,137712,2026-06-24T18:21:12.891042,Pas barometryczny,1083.43,1083.43,true
session_20260624_181854_P001,1350,137855,2026-06-24T18:21:13.034105,Pas barometryczny,1082.74,1082.74,true
session_20260624_181854_P001,1351,137927,2026-06-24T18:21:13.105861,Pas barometryczny,1082.61,1082.61,true
session_20260624_181854_P001,1352,138035,2026-06-24T18:21:13.213563,Pas barometryczny,1083.11,1083.11,true
session_20260624_181854_P001,1353,138132,2026-06-24T18:21:13.311525,Pas barometryczny,1084.12,1084.12,true
session_20260624_181854_P001,1354,138244,2026-06-24T18:21:13.423176,Pas barometryczny,1083.31,1083.31,true
session_20260624_181854_P001,1355,138357,2026-06-24T18:21:13.535971,Pas barometryczny,1083.91,1083.91,true
session_20260624_181854_P001,1356,138459,2026-06-24T18:21:13.637707,Pas barometryczny,1085.06,1085.06,true
session_20260624_181854_P001,1357,138509,2026-06-24T18:21:13.688247,Pas barometryczny,1085.51,1085.51,true
session_20260624_181854_P001,1358,138678,2026-06-24T18:21:13.856692,Pas barometryczny,1085.54,1085.54,true
session_20260624_181854_P001,1359,138734,2026-06-24T18:21:13.913169,Pas barometryczny,1085.44,1085.44,true
session_20260624_181854_P001,1360,138844,2026-06-24T18:21:14.023084,Pas barometryczny,1085.76,1085.76,true
session_20260624_181854_P001,1361,138915,2026-06-24T18:21:14.093677,Pas barometryczny,1085.84,1085.84,true
session_20260624_181854_P001,1362,139087,2026-06-24T18:21:14.265569,Pas barometryczny,1085.85,1085.85,true
session_20260624_181854_P001,1363,139154,2026-06-24T18:21:14.332787,Pas barometryczny,1086.22,1086.22,true
session_20260624_181854_P001,1364,139244,2026-06-24T18:21:14.422790,Pas barometryczny,1086.45,1086.45,true
session_20260624_181854_P001,1365,139366,2026-06-24T18:21:14.544958,Pas barometryczny,1086.35,1086.35,true
session_20260624_181854_P001,1366,139457,2026-06-24T18:21:14.636409,Pas barometryczny,1086.63,1086.63,true
session_20260624_181854_P001,1367,139571,2026-06-24T18:21:14.749580,Pas barometryczny,1086.09,1086.09,true
session_20260624_181854_P001,1368,139634,2026-06-24T18:21:14.813319,Pas barometryczny,1085.66,1085.66,true
session_20260624_181854_P001,1369,139776,2026-06-24T18:21:14.955043,Pas barometryczny,1085.40,1085.40,true
session_20260624_181854_P001,1370,139911,2026-06-24T18:21:15.089885,Pas barometryczny,1085.64,1085.64,true
session_20260624_181854_P001,1371,139963,2026-06-24T18:21:15.141710,Pas barometryczny,1084.39,1084.39,true
session_20260624_181854_P001,1372,140062,2026-06-24T18:21:15.241545,Pas barometryczny,1084.28,1084.28,true
session_20260624_181854_P001,1373,140211,2026-06-24T18:21:15.389912,Pas barometryczny,1083.42,1083.42,true
session_20260624_181854_P001,1374,140270,2026-06-24T18:21:15.449126,Pas barometryczny,1083.14,1083.14,true
session_20260624_181854_P001,1375,140358,2026-06-24T18:21:15.537079,Pas barometryczny,1082.96,1082.96,true
session_20260624_181854_P001,1376,140467,2026-06-24T18:21:15.646462,Pas barometryczny,1083.01,1083.01,true
session_20260624_181854_P001,1377,140609,2026-06-24T18:21:15.788155,Pas barometryczny,1082.03,1082.03,true
session_20260624_181854_P001,1378,140674,2026-06-24T18:21:15.853494,Pas barometryczny,1082.09,1082.09,true
session_20260624_181854_P001,1379,140769,2026-06-24T18:21:15.947817,Pas barometryczny,1082.11,1082.11,true
session_20260624_181854_P001,1380,140905,2026-06-24T18:21:16.084058,Pas barometryczny,1082.46,1082.46,true
session_20260624_181854_P001,1381,141027,2026-06-24T18:21:16.206108,Pas barometryczny,1084.19,1084.19,true
session_20260624_181854_P001,1382,141081,2026-06-24T18:21:16.259961,Pas barometryczny,1085.04,1085.04,true
session_20260624_181854_P001,1383,141197,2026-06-24T18:21:16.375662,Pas barometryczny,1084.84,1084.84,true
session_20260624_181854_P001,1384,141311,2026-06-24T18:21:16.489593,Pas barometryczny,1084.40,1084.40,true
session_20260624_181854_P001,1385,141398,2026-06-24T18:21:16.577486,Pas barometryczny,1085.76,1085.76,true
session_20260624_181854_P001,1386,141504,2026-06-24T18:21:16.683095,Pas barometryczny,1085.99,1085.99,true
session_20260624_181854_P001,1387,141571,2026-06-24T18:21:16.750161,Pas barometryczny,1086.30,1086.30,true
session_20260624_181854_P001,1388,141731,2026-06-24T18:21:16.909744,Pas barometryczny,1086.68,1086.68,true
session_20260624_181854_P001,1389,141794,2026-06-24T18:21:16.972732,Pas barometryczny,1086.08,1086.08,true
session_20260624_181854_P001,1390,141910,2026-06-24T18:21:17.089354,Pas barometryczny,1086.09,1086.09,true
session_20260624_181854_P001,1391,141976,2026-06-24T18:21:17.154699,Pas barometryczny,1085.97,1085.97,true
session_20260624_181854_P001,1392,142111,2026-06-24T18:21:17.289818,Pas barometryczny,1086.10,1086.10,true
session_20260624_181854_P001,1393,142229,2026-06-24T18:21:17.408208,Pas barometryczny,1086.64,1086.64,true
session_20260624_181854_P001,1394,142294,2026-06-24T18:21:17.473299,Pas barometryczny,1087.06,1087.06,true
session_20260624_181854_P001,1395,142425,2026-06-24T18:21:17.604144,Pas barometryczny,1087.14,1087.14,true
session_20260624_181854_P001,1396,142519,2026-06-24T18:21:17.697662,Pas barometryczny,1086.50,1086.50,true
session_20260624_181854_P001,1397,142655,2026-06-24T18:21:17.834097,Pas barometryczny,1085.77,1085.77,true
session_20260624_181854_P001,1398,142702,2026-06-24T18:21:17.880891,Pas barometryczny,1085.34,1085.34,true
session_20260624_181854_P001,1399,142842,2026-06-24T18:21:18.020892,Pas barometryczny,1084.73,1084.73,true
session_20260624_181854_P001,1400,142921,2026-06-24T18:21:18.100366,Pas barometryczny,1084.45,1084.45,true
session_20260624_181854_P001,1401,143015,2026-06-24T18:21:18.194004,Pas barometryczny,1084.91,1084.91,true
session_20260624_181854_P001,1402,143099,2026-06-24T18:21:18.278083,Pas barometryczny,1084.20,1084.20,true
session_20260624_181854_P001,1403,143234,2026-06-24T18:21:18.413505,Pas barometryczny,1084.38,1084.38,true
session_20260624_181854_P001,1404,143324,2026-06-24T18:21:18.502696,Pas barometryczny,1084.11,1084.11,true
session_20260624_181854_P001,1405,143420,2026-06-24T18:21:18.599489,Pas barometryczny,1083.91,1083.91,true
session_20260624_181854_P001,1406,143526,2026-06-24T18:21:18.704861,Pas barometryczny,1083.61,1083.61,true
session_20260624_181854_P001,1407,143657,2026-06-24T18:21:18.836401,Pas barometryczny,1084.09,1084.09,true
session_20260624_181854_P001,1408,143750,2026-06-24T18:21:18.928803,Pas barometryczny,1083.46,1083.46,true
session_20260624_181854_P001,1409,143838,2026-06-24T18:21:19.017447,Pas barometryczny,1082.74,1082.74,true
session_20260624_181854_P001,1410,143963,2026-06-24T18:21:19.141817,Pas barometryczny,1082.29,1082.29,true
session_20260624_181854_P001,1411,144052,2026-06-24T18:21:19.230566,Pas barometryczny,1082.42,1082.42,true
session_20260624_181854_P001,1412,144150,2026-06-24T18:21:19.329534,Pas barometryczny,1083.08,1083.08,true
session_20260624_181854_P001,1413,144225,2026-06-24T18:21:19.404487,Pas barometryczny,1084.38,1084.38,true
session_20260624_181854_P001,1414,144418,2026-06-24T18:21:19.596970,Pas barometryczny,1084.29,1084.29,true
session_20260624_181854_P001,1415,144451,2026-06-24T18:21:19.630517,Pas barometryczny,1084.96,1084.96,true
session_20260624_181854_P001,1416,144593,2026-06-24T18:21:19.771643,Pas barometryczny,1085.04,1085.04,true
session_20260624_181854_P001,1417,144640,2026-06-24T18:21:19.819114,Pas barometryczny,1085.57,1085.57,true
session_20260624_181854_P001,1418,144803,2026-06-24T18:21:19.982228,Pas barometryczny,1085.93,1085.93,true
session_20260624_181854_P001,1419,144856,2026-06-24T18:21:20.034572,Pas barometryczny,1086.31,1086.31,true
session_20260624_181854_P001,1420,144966,2026-06-24T18:21:20.145014,Pas barometryczny,1086.06,1086.06,true
session_20260624_181854_P001,1421,145035,2026-06-24T18:21:20.214084,Pas barometryczny,1086.04,1086.04,true
session_20260624_181854_P001,1422,145197,2026-06-24T18:21:20.376215,Pas barometryczny,1086.01,1086.01,true
session_20260624_181854_P001,1423,145263,2026-06-24T18:21:20.442291,Pas barometryczny,1085.98,1085.98,true
session_20260624_181854_P001,1424,145354,2026-06-24T18:21:20.532791,Pas barometryczny,1086.13,1086.13,true
session_20260624_181854_P001,1425,145485,2026-06-24T18:21:20.663892,Pas barometryczny,1085.81,1085.81,true
session_20260624_181854_P001,1426,145579,2026-06-24T18:21:20.758541,Pas barometryczny,1086.17,1086.17,true
session_20260624_181854_P001,1427,145675,2026-06-24T18:21:20.854086,Pas barometryczny,1085.54,1085.54,true
session_20260624_181854_P001,1428,145757,2026-06-24T18:21:20.935851,Pas barometryczny,1085.10,1085.10,true
session_20260624_181854_P001,1429,145909,2026-06-24T18:21:21.087861,Pas barometryczny,1084.62,1084.62,true
session_20260624_181854_P001,1430,146013,2026-06-24T18:21:21.191719,Pas barometryczny,1084.46,1084.46,true
session_20260624_181854_P001,1431,146070,2026-06-24T18:21:21.248656,Pas barometryczny,1084.81,1084.81,true
session_20260624_181854_P001,1432,146210,2026-06-24T18:21:21.389107,Pas barometryczny,1084.12,1084.12,true
session_20260624_181854_P001,1433,146311,2026-06-24T18:21:21.490380,Pas barometryczny,1083.55,1083.55,true
session_20260624_181854_P001,1434,146406,2026-06-24T18:21:21.585524,Pas barometryczny,1083.75,1083.75,true
session_20260624_181854_P001,1435,146477,2026-06-24T18:21:21.656408,Pas barometryczny,1083.47,1083.47,true
session_20260624_181854_P001,1436,146565,2026-06-24T18:21:21.744336,Pas barometryczny,1083.20,1083.20,true
session_20260624_181854_P001,1437,146724,2026-06-24T18:21:21.902799,Pas barometryczny,1083.08,1083.08,true
session_20260624_181854_P001,1438,146814,2026-06-24T18:21:21.993274,Pas barometryczny,1083.16,1083.16,true
session_20260624_181854_P001,1439,146894,2026-06-24T18:21:22.073493,Pas barometryczny,1082.98,1082.98,true
session_20260624_181854_P001,1440,147038,2026-06-24T18:21:22.217196,Pas barometryczny,1082.64,1082.64,true
session_20260624_181854_P001,1441,147105,2026-06-24T18:21:22.284009,Pas barometryczny,1083.80,1083.80,true
session_20260624_181854_P001,1442,147204,2026-06-24T18:21:22.382576,Pas barometryczny,1084.63,1084.63,true
session_20260624_181854_P001,1443,147304,2026-06-24T18:21:22.483327,Pas barometryczny,1084.98,1084.98,true
session_20260624_181854_P001,1444,147456,2026-06-24T18:21:22.635113,Pas barometryczny,1084.28,1084.28,true
session_20260624_181854_P001,1445,147532,2026-06-24T18:21:22.710621,Pas barometryczny,1084.65,1084.65,true
session_20260624_181854_P001,1446,147608,2026-06-24T18:21:22.786807,Pas barometryczny,1084.30,1084.30,true
session_20260624_181854_P001,1447,147705,2026-06-24T18:21:22.883992,Pas barometryczny,1085.03,1085.03,true
session_20260624_181854_P001,1448,147824,2026-06-24T18:21:23.003494,Pas barometryczny,1085.02,1085.02,true
session_20260624_181854_P001,1449,147926,2026-06-24T18:21:23.104832,Pas barometryczny,1085.16,1085.16,true
session_20260624_181854_P001,1450,148021,2026-06-24T18:21:23.199587,Pas barometryczny,1085.43,1085.43,true
session_20260624_181854_P001,1451,148109,2026-06-24T18:21:23.288326,Pas barometryczny,1085.69,1085.69,true
session_20260624_181854_P001,1452,148237,2026-06-24T18:21:23.416085,Pas barometryczny,1086.52,1086.52,true
session_20260624_181854_P001,1453,148326,2026-06-24T18:21:23.505113,Pas barometryczny,1086.48,1086.48,true
session_20260624_181854_P001,1454,148424,2026-06-24T18:21:23.603431,Pas barometryczny,1086.28,1086.28,true
session_20260624_181854_P001,1455,148581,2026-06-24T18:21:23.760109,Pas barometryczny,1086.10,1086.10,true
session_20260624_181854_P001,1456,148637,2026-06-24T18:21:23.816283,Pas barometryczny,1085.54,1085.54,true
session_20260624_181854_P001,1457,148739,2026-06-24T18:21:23.918394,Pas barometryczny,1085.07,1085.07,true
session_20260624_181854_P001,1458,148814,2026-06-24T18:21:23.992976,Pas barometryczny,1085.16,1085.16,true
session_20260624_181854_P001,1459,148972,2026-06-24T18:21:24.150888,Pas barometryczny,1084.39,1084.39,true
session_20260624_181854_P001,1460,149067,2026-06-24T18:21:24.245593,Pas barometryczny,1083.98,1083.98,true
session_20260624_181854_P001,1461,149130,2026-06-24T18:21:24.308958,Pas barometryczny,1083.71,1083.71,true
session_20260624_181854_P001,1462,149238,2026-06-24T18:21:24.417130,Pas barometryczny,1083.77,1083.77,true
session_20260624_181854_P001,1463,149359,2026-06-24T18:21:24.538125,Pas barometryczny,1083.71,1083.71,true
session_20260624_181854_P001,1464,149476,2026-06-24T18:21:24.655255,Pas barometryczny,1083.45,1083.45,true
session_20260624_181854_P001,1465,149535,2026-06-24T18:21:24.714431,Pas barometryczny,1082.56,1082.56,true
session_20260624_181854_P001,1466,149643,2026-06-24T18:21:24.822461,Pas barometryczny,1083.40,1083.40,true
session_20260624_181854_P001,1467,149785,2026-06-24T18:21:24.964189,Pas barometryczny,1082.53,1082.53,true
session_20260624_181854_P001,1468,149850,2026-06-24T18:21:25.028727,Pas barometryczny,1082.66,1082.66,true
session_20260624_181854_P001,1469,149944,2026-06-24T18:21:25.123099,Pas barometryczny,1082.89,1082.89,true
session_20260624_181854_P001,1470,150085,2026-06-24T18:21:25.263742,Pas barometryczny,1083.71,1083.71,true
session_20260624_181854_P001,1471,150167,2026-06-24T18:21:25.346237,Pas barometryczny,1083.30,1083.30,true
session_20260624_181854_P001,1472,150254,2026-06-24T18:21:25.433550,Pas barometryczny,1084.43,1084.43,true
session_20260624_181854_P001,1473,150347,2026-06-24T18:21:25.525651,Pas barometryczny,1084.87,1084.87,true
session_20260624_181854_P001,1474,150480,2026-06-24T18:21:25.659217,Pas barometryczny,1085.51,1085.51,true
session_20260624_181854_P001,1475,150575,2026-06-24T18:21:25.753937,Pas barometryczny,1085.67,1085.67,true
session_20260624_181854_P001,1476,150667,2026-06-24T18:21:25.846040,Pas barometryczny,1085.11,1085.11,true
session_20260624_181854_P001,1477,150785,2026-06-24T18:21:25.964010,Pas barometryczny,1085.29,1085.29,true
session_20260624_181854_P001,1478,150885,2026-06-24T18:21:26.064387,Pas barometryczny,1085.45,1085.45,true
session_20260624_181854_P001,1479,150984,2026-06-24T18:21:26.162863,Pas barometryczny,1085.76,1085.76,true
session_20260624_181854_P001,1480,151084,2026-06-24T18:21:26.263503,Pas barometryczny,1086.01,1086.01,true
session_20260624_181854_P001,1481,151154,2026-06-24T18:21:26.332948,Pas barometryczny,1086.09,1086.09,true
session_20260624_181854_P001,1482,151289,2026-06-24T18:21:26.468509,Pas barometryczny,1086.29,1086.29,true
session_20260624_181854_P001,1483,151390,2026-06-24T18:21:26.569527,Pas barometryczny,1086.00,1086.00,true
session_20260624_181854_P001,1484,151471,2026-06-24T18:21:26.649733,Pas barometryczny,1085.90,1085.90,true
session_20260624_181854_P001,1485,151617,2026-06-24T18:21:26.796231,Pas barometryczny,1085.29,1085.29,true
session_20260624_181854_P001,1486,151707,2026-06-24T18:21:26.886262,Pas barometryczny,1084.96,1084.96,true
session_20260624_181854_P001,1487,151785,2026-06-24T18:21:26.964047,Pas barometryczny,1085.17,1085.17,true
session_20260624_181854_P001,1488,151884,2026-06-24T18:21:27.062880,Pas barometryczny,1084.02,1084.02,true
session_20260624_181854_P001,1489,152023,2026-06-24T18:21:27.201769,Pas barometryczny,1083.90,1083.90,true
session_20260624_181854_P001,1490,152123,2026-06-24T18:21:27.302100,Pas barometryczny,1083.43,1083.43,true
session_20260624_181854_P001,1491,152189,2026-06-24T18:21:27.368401,Pas barometryczny,1083.96,1083.96,true
session_20260624_181854_P001,1492,152319,2026-06-24T18:21:27.497634,Pas barometryczny,1083.95,1083.95,true
session_20260624_181854_P001,1493,152414,2026-06-24T18:21:27.593402,Pas barometryczny,1083.71,1083.71,true
session_20260624_181854_P001,1494,152506,2026-06-24T18:21:27.685277,Pas barometryczny,1082.49,1082.49,true
session_20260624_181854_P001,1495,152612,2026-06-24T18:21:27.790885,Pas barometryczny,1082.46,1082.46,true
session_20260624_181854_P001,1496,152715,2026-06-24T18:21:27.894429,Pas barometryczny,1082.02,1082.02,true
session_20260624_181854_P001,1497,152829,2026-06-24T18:21:28.007894,Pas barometryczny,1082.35,1082.35,true
session_20260624_181854_P001,1498,152929,2026-06-24T18:21:28.108372,Pas barometryczny,1082.50,1082.50,true
session_20260624_181854_P001,1499,153029,2026-06-24T18:21:28.208031,Pas barometryczny,1083.20,1083.20,true
session_20260624_181854_P001,1500,153152,2026-06-24T18:21:28.331356,Pas barometryczny,1083.98,1083.98,true
session_20260624_181854_P001,1501,153231,2026-06-24T18:21:28.410052,Pas barometryczny,1084.21,1084.21,true
session_20260624_181854_P001,1502,153324,2026-06-24T18:21:28.503026,Pas barometryczny,1084.39,1084.39,true
session_20260624_181854_P001,1503,153424,2026-06-24T18:21:28.603471,Pas barometryczny,1084.98,1084.98,true
session_20260624_181854_P001,1504,153554,2026-06-24T18:21:28.732939,Pas barometryczny,1085.58,1085.58,true
session_20260624_181854_P001,1505,153640,2026-06-24T18:21:28.819433,Pas barometryczny,1085.79,1085.79,true
session_20260624_181854_P001,1506,153719,2026-06-24T18:21:28.898005,Pas barometryczny,1085.20,1085.20,true
session_20260624_181854_P001,1507,153822,2026-06-24T18:21:29.000645,Pas barometryczny,1085.56,1085.56,true
session_20260624_181854_P001,1508,153946,2026-06-24T18:21:29.124606,Pas barometryczny,1085.53,1085.53,true
session_20260624_181854_P001,1509,154081,2026-06-24T18:21:29.259848,Pas barometryczny,1086.33,1086.33,true
session_20260624_181854_P001,1510,154124,2026-06-24T18:21:29.302804,Pas barometryczny,1087.28,1087.28,true
session_20260624_181854_P001,1511,154219,2026-06-24T18:21:29.398190,Pas barometryczny,1087.63,1087.63,true
session_20260624_181854_P001,1512,154351,2026-06-24T18:21:29.530268,Pas barometryczny,1087.26,1087.26,true
session_20260624_181854_P001,1513,154456,2026-06-24T18:21:29.635408,Pas barometryczny,1086.16,1086.16,true
session_20260624_181854_P001,1514,154531,2026-06-24T18:21:29.710521,Pas barometryczny,1085.31,1085.31,true
session_20260624_181854_P001,1515,154687,2026-06-24T18:21:29.865825,Pas barometryczny,1085.11,1085.11,true
session_20260624_181854_P001,1516,154777,2026-06-24T18:21:29.956011,Pas barometryczny,1085.11,1085.11,true
session_20260624_181854_P001,1517,154845,2026-06-24T18:21:30.023759,Pas barometryczny,1085.20,1085.20,true
session_20260624_181854_P001,1518,154944,2026-06-24T18:21:30.122755,Pas barometryczny,1084.57,1084.57,true
session_20260624_181854_P001,1519,155093,2026-06-24T18:21:30.272443,Pas barometryczny,1083.60,1083.60,true
session_20260624_181854_P001,1520,155159,2026-06-24T18:21:30.338467,Pas barometryczny,1083.18,1083.18,true
session_20260624_181854_P001,1521,155252,2026-06-24T18:21:30.431337,Pas barometryczny,1083.04,1083.04,true
session_20260624_181854_P001,1522,155346,2026-06-24T18:21:30.524953,Pas barometryczny,1082.88,1082.88,true
session_20260624_181854_P001,1523,155477,2026-06-24T18:21:30.655865,Pas barometryczny,1083.37,1083.37,true
session_20260624_181854_P001,1524,155600,2026-06-24T18:21:30.778866,Pas barometryczny,1083.54,1083.54,true
session_20260624_181854_P001,1525,155655,2026-06-24T18:21:30.834503,Pas barometryczny,1082.51,1082.51,true
session_20260624_181854_P001,1526,155765,2026-06-24T18:21:30.943712,Pas barometryczny,1082.76,1082.76,true
session_20260624_181854_P001,1527,155920,2026-06-24T18:21:31.098571,Pas barometryczny,1082.05,1082.05,true
session_20260624_181854_P001,1528,155970,2026-06-24T18:21:31.149170,Pas barometryczny,1082.43,1082.43,true
session_20260624_181854_P001,1529,156068,2026-06-24T18:21:31.247255,Pas barometryczny,1083.50,1083.50,true
session_20260624_181854_P001,1530,156238,2026-06-24T18:21:31.417468,Pas barometryczny,1083.48,1083.48,true
session_20260624_181854_P001,1531,156295,2026-06-24T18:21:31.474547,Pas barometryczny,1084.40,1084.40,true
session_20260624_181854_P001,1532,156380,2026-06-24T18:21:31.559181,Pas barometryczny,1084.58,1084.58,true
session_20260624_181854_P001,1533,156469,2026-06-24T18:21:31.648377,Pas barometryczny,1085.07,1085.07,true
session_20260624_181854_P001,1534,156600,2026-06-24T18:21:31.779541,Pas barometryczny,1085.53,1085.53,true
session_20260624_181854_P001,1535,156705,2026-06-24T18:21:31.884154,Pas barometryczny,1086.06,1086.06,true
session_20260624_181854_P001,1536,156779,2026-06-24T18:21:31.958428,Pas barometryczny,1085.89,1085.89,true
session_20260624_181854_P001,1537,156878,2026-06-24T18:21:32.056762,Pas barometryczny,1085.97,1085.97,true
session_20260624_181854_P001,1538,157005,2026-06-24T18:21:32.184441,Pas barometryczny,1085.21,1085.21,true
session_20260624_181854_P001,1539,157100,2026-06-24T18:21:32.279560,Pas barometryczny,1085.76,1085.76,true
session_20260624_181854_P001,1540,157219,2026-06-24T18:21:32.398047,Pas barometryczny,1085.61,1085.61,true
session_20260624_181854_P001,1541,157275,2026-06-24T18:21:32.454434,Pas barometryczny,1085.88,1085.88,true
session_20260624_181854_P001,1542,157428,2026-06-24T18:21:32.607226,Pas barometryczny,1086.31,1086.31,true
session_20260624_181854_P001,1543,157526,2026-06-24T18:21:32.705111,Pas barometryczny,1086.53,1086.53,true
session_20260624_181854_P001,1544,157589,2026-06-24T18:21:32.767925,Pas barometryczny,1086.99,1086.99,true
session_20260624_181854_P001,1545,157739,2026-06-24T18:21:32.917906,Pas barometryczny,1085.41,1085.41,true
session_20260624_181854_P001,1546,157825,2026-06-24T18:21:33.004111,Pas barometryczny,1084.75,1084.75,true
session_20260624_181854_P001,1547,157912,2026-06-24T18:21:33.091333,Pas barometryczny,1084.33,1084.33,true
session_20260624_181854_P001,1548,158004,2026-06-24T18:21:33.183008,Pas barometryczny,1084.02,1084.02,true
session_20260624_181854_P001,1549,158154,2026-06-24T18:21:33.332574,Pas barometryczny,1083.94,1083.94,true
session_20260624_181854_P001,1550,158244,2026-06-24T18:21:33.423265,Pas barometryczny,1084.09,1084.09,true
session_20260624_181854_P001,1551,158311,2026-06-24T18:21:33.489917,Pas barometryczny,1083.14,1083.14,true
session_20260624_181854_P001,1552,158401,2026-06-24T18:21:33.580155,Pas barometryczny,1083.26,1083.26,true
session_20260624_181854_P001,1553,158562,2026-06-24T18:21:33.740989,Pas barometryczny,1083.01,1083.01,true
session_20260624_181854_P001,1554,158624,2026-06-24T18:21:33.802990,Pas barometryczny,1082.66,1082.66,true
session_20260624_181854_P001,1555,158738,2026-06-24T18:21:33.917211,Pas barometryczny,1082.95,1082.95,true
session_20260624_181854_P001,1556,158840,2026-06-24T18:21:34.018712,Pas barometryczny,1082.89,1082.89,true
session_20260624_181854_P001,1557,158946,2026-06-24T18:21:34.124688,Pas barometryczny,1082.65,1082.65,true
session_20260624_181854_P001,1558,159038,2026-06-24T18:21:34.216802,Pas barometryczny,1082.82,1082.82,true
session_20260624_181854_P001,1559,159127,2026-06-24T18:21:34.306047,Pas barometryczny,1082.77,1082.77,true
session_20260624_181854_P001,1560,159276,2026-06-24T18:21:34.455333,Pas barometryczny,1083.57,1083.57,true
session_20260624_181854_P001,1561,159349,2026-06-24T18:21:34.527759,Pas barometryczny,1083.88,1083.88,true
session_20260624_181854_P001,1562,159448,2026-06-24T18:21:34.627222,Pas barometryczny,1084.70,1084.70,true
session_20260624_181854_P001,1563,159541,2026-06-24T18:21:34.720307,Pas barometryczny,1084.77,1084.77,true
session_20260624_181854_P001,1564,159665,2026-06-24T18:21:34.843882,Pas barometryczny,1084.18,1084.18,true
session_20260624_181854_P001,1565,159783,2026-06-24T18:21:34.961619,Pas barometryczny,1084.91,1084.91,true
session_20260624_181854_P001,1566,159845,2026-06-24T18:21:35.024170,Pas barometryczny,1085.22,1085.22,true
session_20260624_181854_P001,1567,159932,2026-06-24T18:21:35.110593,Pas barometryczny,1085.32,1085.32,true
session_20260624_181854_P001,1568,160087,2026-06-24T18:21:35.266098,Pas barometryczny,1085.46,1085.46,true
session_20260624_181854_P001,1569,160190,2026-06-24T18:21:35.368610,Pas barometryczny,1085.78,1085.78,true
session_20260624_181854_P001,1570,160244,2026-06-24T18:21:35.423150,Pas barometryczny,1086.22,1086.22,true
session_20260624_181854_P001,1571,160335,2026-06-24T18:21:35.513990,Pas barometryczny,1085.51,1085.51,true
session_20260624_181854_P001,1572,160482,2026-06-24T18:21:35.661308,Pas barometryczny,1086.54,1086.54,true
session_20260624_181854_P001,1573,160578,2026-06-24T18:21:35.756974,Pas barometryczny,1086.70,1086.70,true
session_20260624_181854_P001,1574,160681,2026-06-24T18:21:35.860338,Pas barometryczny,1086.98,1086.98,true
session_20260624_181854_P001,1575,160785,2026-06-24T18:21:35.964103,Pas barometryczny,1086.50,1086.50,true
session_20260624_181854_P001,1576,160900,2026-06-24T18:21:36.079470,Pas barometryczny,1086.68,1086.68,true
session_20260624_181854_P001,1577,160992,2026-06-24T18:21:36.171343,Pas barometryczny,1085.34,1085.34,true
session_20260624_181854_P001,1578,161068,2026-06-24T18:21:36.247184,Pas barometryczny,1085.06,1085.06,true
session_20260624_181854_P001,1579,161222,2026-06-24T18:21:36.400849,Pas barometryczny,1084.79,1084.79,true
session_20260624_181854_P001,1580,161279,2026-06-24T18:21:36.458167,Pas barometryczny,1084.57,1084.57,true
session_20260624_181854_P001,1581,161377,2026-06-24T18:21:36.555693,Pas barometryczny,1084.66,1084.66,true
session_20260624_181854_P001,1582,161485,2026-06-24T18:21:36.664365,Pas barometryczny,1084.58,1084.58,true
session_20260624_181854_P001,1583,161599,2026-06-24T18:21:36.778112,Pas barometryczny,1083.80,1083.80,true
session_20260624_181854_P001,1584,161701,2026-06-24T18:21:36.880165,Pas barometryczny,1083.96,1083.96,true
session_20260624_181854_P001,1585,161793,2026-06-24T18:21:36.972180,Pas barometryczny,1083.66,1083.66,true
session_20260624_181854_P001,1586,161901,2026-06-24T18:21:37.079897,Pas barometryczny,1083.55,1083.55,true
session_20260624_181854_P001,1587,162000,2026-06-24T18:21:37.178997,Pas barometryczny,1082.92,1082.92,true
session_20260624_181854_P001,1588,162089,2026-06-24T18:21:37.267622,Pas barometryczny,1083.24,1083.24,true
session_20260624_181854_P001,1589,162201,2026-06-24T18:21:37.379813,Pas barometryczny,1082.84,1082.84,true
session_20260624_181854_P001,1590,162358,2026-06-24T18:21:37.537054,Pas barometryczny,1082.40,1082.40,true
session_20260624_181854_P001,1591,162421,2026-06-24T18:21:37.600118,Pas barometryczny,1082.50,1082.50,true
session_20260624_181854_P001,1592,162526,2026-06-24T18:21:37.704643,Pas barometryczny,1083.29,1083.29,true
session_20260624_181854_P001,1593,162592,2026-06-24T18:21:37.771285,Pas barometryczny,1083.32,1083.32,true
session_20260624_181854_P001,1594,162748,2026-06-24T18:21:37.926639,Pas barometryczny,1082.21,1082.21,true
session_20260624_181854_P001,1595,162819,2026-06-24T18:21:37.998534,Pas barometryczny,1083.42,1083.42,true
session_20260624_181854_P001,1596,162913,2026-06-24T18:21:38.091683,Pas barometryczny,1083.89,1083.89,true
session_20260624_181854_P001,1597,163012,2026-06-24T18:21:38.190633,Pas barometryczny,1084.71,1084.71,true
session_20260624_181854_P001,1598,163126,2026-06-24T18:21:38.304817,Pas barometryczny,1085.33,1085.33,true
session_20260624_181854_P001,1599,163216,2026-06-24T18:21:38.394943,Pas barometryczny,1085.66,1085.66,true
session_20260624_181854_P001,1600,163321,2026-06-24T18:21:38.500484,Pas barometryczny,1085.08,1085.08,true
session_20260624_181854_P001,1601,163394,2026-06-24T18:21:38.573408,Pas barometryczny,1085.08,1085.08,true
session_20260624_181854_P001,1602,163564,2026-06-24T18:21:38.743077,Pas barometryczny,1085.27,1085.27,true
session_20260624_181854_P001,1603,163619,2026-06-24T18:21:38.797962,Pas barometryczny,1085.46,1085.46,true
session_20260624_181854_P001,1604,163726,2026-06-24T18:21:38.905036,Pas barometryczny,1086.09,1086.09,true
session_20260624_181854_P001,1605,163859,2026-06-24T18:21:39.037638,Pas barometryczny,1086.01,1086.01,true
session_20260624_181854_P001,1606,163944,2026-06-24T18:21:39.123241,Pas barometryczny,1086.14,1086.14,true
session_20260624_181854_P001,1607,164032,2026-06-24T18:21:39.210570,Pas barometryczny,1085.56,1085.56,true
session_20260624_181854_P001,1608,164120,2026-06-24T18:21:39.298860,Pas barometryczny,1084.82,1084.82,true
session_20260624_181854_P001,1609,164267,2026-06-24T18:21:39.446306,Pas barometryczny,1084.51,1084.51,true
session_20260624_181854_P001,1610,164370,2026-06-24T18:21:39.548967,Pas barometryczny,1084.40,1084.40,true
session_20260624_181854_P001,1611,164440,2026-06-24T18:21:39.619109,Pas barometryczny,1084.56,1084.56,true
session_20260624_181854_P001,1612,164522,2026-06-24T18:21:39.701033,Pas barometryczny,1083.91,1083.91,true
session_20260624_181854_P001,1613,164664,2026-06-24T18:21:39.842614,Pas barometryczny,1083.42,1083.42,true
session_20260624_181854_P001,1614,164763,2026-06-24T18:21:39.942274,Pas barometryczny,1083.18,1083.18,true
session_20260624_181854_P001,1615,164840,2026-06-24T18:21:40.018822,Pas barometryczny,1082.92,1082.92,true
session_20260624_181854_P001,1616,164963,2026-06-24T18:21:40.141562,Pas barometryczny,1083.11,1083.11,true
session_20260624_181854_P001,1617,165063,2026-06-24T18:21:40.242170,Pas barometryczny,1083.54,1083.54,true
session_20260624_181854_P001,1618,165157,2026-06-24T18:21:40.335567,Pas barometryczny,1082.90,1082.90,true
session_20260624_181854_P001,1619,165244,2026-06-24T18:21:40.422748,Pas barometryczny,1082.84,1082.84,true
session_20260624_181854_P001,1620,165374,2026-06-24T18:21:40.553179,Pas barometryczny,1083.13,1083.13,true
session_20260624_181854_P001,1621,165464,2026-06-24T18:21:40.642754,Pas barometryczny,1083.84,1083.84,true
session_20260624_181854_P001,1622,165571,2026-06-24T18:21:40.749597,Pas barometryczny,1084.33,1084.33,true
session_20260624_181854_P001,1623,165646,2026-06-24T18:21:40.825316,Pas barometryczny,1084.96,1084.96,true
session_20260624_181854_P001,1624,165789,2026-06-24T18:21:40.967710,Pas barometryczny,1084.08,1084.08,true
session_20260624_181854_P001,1625,165881,2026-06-24T18:21:41.059877,Pas barometryczny,1084.96,1084.96,true
session_20260624_181854_P001,1626,165965,2026-06-24T18:21:41.144457,Pas barometryczny,1085.27,1085.27,true
session_20260624_181854_P001,1627,166059,2026-06-24T18:21:41.238193,Pas barometryczny,1086.50,1086.50,true
session_20260624_181854_P001,1628,166186,2026-06-24T18:21:41.364752,Pas barometryczny,1087.58,1087.58,true
session_20260624_181854_P001,1629,166275,2026-06-24T18:21:41.453706,Pas barometryczny,1086.56,1086.56,true
session_20260624_181854_P001,1630,166370,2026-06-24T18:21:41.549020,Pas barometryczny,1085.82,1085.82,true
session_20260624_181854_P001,1631,166472,2026-06-24T18:21:41.650853,Pas barometryczny,1084.69,1084.69,true
session_20260624_181854_P001,1632,166592,2026-06-24T18:21:41.771425,Pas barometryczny,1084.52,1084.52,true
session_20260624_181854_P001,1633,166708,2026-06-24T18:21:41.887561,Pas barometryczny,1084.52,1084.52,true
session_20260624_181854_P001,1634,166787,2026-06-24T18:21:41.966160,Pas barometryczny,1084.77,1084.77,true
session_20260624_181854_P001,1635,166920,2026-06-24T18:21:42.098812,Pas barometryczny,1085.08,1085.08,true
session_20260624_181854_P001,1636,167031,2026-06-24T18:21:42.209617,Pas barometryczny,1085.12,1085.12,true
session_20260624_181854_P001,1637,167085,2026-06-24T18:21:42.263648,Pas barometryczny,1084.05,1084.05,true
session_20260624_181854_P001,1638,167201,2026-06-24T18:21:42.380272,Pas barometryczny,1084.19,1084.19,true
session_20260624_181854_P001,1639,167342,2026-06-24T18:21:42.520819,Pas barometryczny,1083.88,1083.88,true
session_20260624_181854_P001,1640,167400,2026-06-24T18:21:42.579155,Pas barometryczny,1084.47,1084.47,true
session_20260624_181854_P001,1641,167490,2026-06-24T18:21:42.669554,Pas barometryczny,1084.84,1084.84,true
session_20260624_181854_P001,1642,167590,2026-06-24T18:21:42.769170,Pas barometryczny,1085.32,1085.32,true
session_20260624_181854_P001,1643,167717,2026-06-24T18:21:42.896329,Pas barometryczny,1084.79,1084.79,true
session_20260624_181854_P001,1644,167823,2026-06-24T18:21:43.002193,Pas barometryczny,1083.86,1083.86,true
session_20260624_181854_P001,1645,167897,2026-06-24T18:21:43.075612,Pas barometryczny,1083.49,1083.49,true
session_20260624_181854_P001,1646,167997,2026-06-24T18:21:43.176199,Pas barometryczny,1083.58,1083.58,true
session_20260624_181854_P001,1647,168119,2026-06-24T18:21:43.297896,Pas barometryczny,1083.34,1083.34,true
session_20260624_181854_P001,1648,168216,2026-06-24T18:21:43.394886,Pas barometryczny,1084.24,1084.24,true
session_20260624_181854_P001,1649,168322,2026-06-24T18:21:43.500585,Pas barometryczny,1084.29,1084.29,true
session_20260624_181854_P001,1650,168436,2026-06-24T18:21:43.614836,Pas barometryczny,1083.03,1083.03,true
session_20260624_181854_P001,1651,168528,2026-06-24T18:21:43.706860,Pas barometryczny,1084.24,1084.24,true
session_20260624_181854_P001,1652,168639,2026-06-24T18:21:43.818315,Pas barometryczny,1084.36,1084.36,true
session_20260624_181854_P001,1653,168727,2026-06-24T18:21:43.906228,Pas barometryczny,1085.16,1085.16,true
session_20260624_181854_P001,1654,168843,2026-06-24T18:21:44.021570,Pas barometryczny,1085.44,1085.44,true
session_20260624_181854_P001,1655,168967,2026-06-24T18:21:44.146489,Pas barometryczny,1085.98,1085.98,true
session_20260624_181854_P001,1656,169021,2026-06-24T18:21:44.199775,Pas barometryczny,1085.88,1085.88,true
session_20260624_181854_P001,1657,169112,2026-06-24T18:21:44.291162,Pas barometryczny,1084.92,1084.92,true
session_20260624_181854_P001,1658,169267,2026-06-24T18:21:44.446389,Pas barometryczny,1085.39,1085.39,true
session_20260624_181854_P001,1659,169335,2026-06-24T18:21:44.514313,Pas barometryczny,1085.44,1085.44,true
session_20260624_181854_P001,1660,169424,2026-06-24T18:21:44.603154,Pas barometryczny,1086.03,1086.03,true
session_20260624_181854_P001,1661,169522,2026-06-24T18:21:44.700854,Pas barometryczny,1086.26,1086.26,true
session_20260624_181854_P001,1662,169691,2026-06-24T18:21:44.870409,Pas barometryczny,1086.15,1086.15,true
session_20260624_181854_P001,1663,169739,2026-06-24T18:21:44.917747,Pas barometryczny,1086.40,1086.40,true
session_20260624_181854_P001,1664,169830,2026-06-24T18:21:45.008563,Pas barometryczny,1085.57,1085.57,true
session_20260624_181854_P001,1665,169973,2026-06-24T18:21:45.152483,Pas barometryczny,1085.04,1085.04,true
session_20260624_181854_P001,1666,170061,2026-06-24T18:21:45.239993,Pas barometryczny,1084.45,1084.45,true
session_20260624_181854_P001,1667,170155,2026-06-24T18:21:45.334417,Pas barometryczny,1084.36,1084.36,true
session_20260624_181854_P001,1668,170275,2026-06-24T18:21:45.454486,Pas barometryczny,1084.81,1084.81,true
session_20260624_181854_P001,1669,170385,2026-06-24T18:21:45.563996,Pas barometryczny,1085.07,1085.07,true
session_20260624_181854_P001,1670,170486,2026-06-24T18:21:45.665371,Pas barometryczny,1084.43,1084.43,true
session_20260624_181854_P001,1671,170557,2026-06-24T18:21:45.736150,Pas barometryczny,1083.22,1083.22,true
session_20260624_181854_P001,1672,170652,2026-06-24T18:21:45.830898,Pas barometryczny,1082.91,1082.91,true
session_20260624_181854_P001,1673,170791,2026-06-24T18:21:45.970023,Pas barometryczny,1082.64,1082.64,true
session_20260624_181854_P001,1674,170866,2026-06-24T18:21:46.044671,Pas barometryczny,1082.58,1082.58,true
session_20260624_181854_P001,1675,170966,2026-06-24T18:21:46.144816,Pas barometryczny,1083.40,1083.40,true
session_20260624_181854_P001,1676,171062,2026-06-24T18:21:46.241053,Pas barometryczny,1083.18,1083.18,true
session_20260624_181854_P001,1677,171180,2026-06-24T18:21:46.358895,Pas barometryczny,1083.56,1083.56,true
session_20260624_181854_P001,1678,171279,2026-06-24T18:21:46.457987,Pas barometryczny,1084.05,1084.05,true
session_20260624_181854_P001,1679,171377,2026-06-24T18:21:46.555882,Pas barometryczny,1084.52,1084.52,true
session_20260624_181854_P001,1680,171512,2026-06-24T18:21:46.690637,Pas barometryczny,1085.28,1085.28,true
session_20260624_181854_P001,1681,171585,2026-06-24T18:21:46.764390,Pas barometryczny,1085.01,1085.01,true
session_20260624_181854_P001,1682,171699,2026-06-24T18:21:46.878373,Pas barometryczny,1085.04,1085.04,true
session_20260624_181854_P001,1683,171776,2026-06-24T18:21:46.955142,Pas barometryczny,1085.41,1085.41,true
session_20260624_181854_P001,1684,171899,2026-06-24T18:21:47.078463,Pas barometryczny,1085.86,1085.86,true
session_20260624_181854_P001,1685,171991,2026-06-24T18:21:47.170288,Pas barometryczny,1086.21,1086.21,true
session_20260624_181854_P001,1686,172098,2026-06-24T18:21:47.277457,Pas barometryczny,1086.65,1086.65,true
session_20260624_181854_P001,1687,172175,2026-06-24T18:21:47.353859,Pas barometryczny,1086.92,1086.92,true
session_20260624_181854_P001,1688,172304,2026-06-24T18:21:47.483502,Pas barometryczny,1086.76,1086.76,true
session_20260624_181854_P001,1689,172397,2026-06-24T18:21:47.575852,Pas barometryczny,1086.38,1086.38,true
session_20260624_181854_P001,1690,172503,2026-06-24T18:21:47.682093,Pas barometryczny,1085.24,1085.24,true
session_20260624_181854_P001,1691,172598,2026-06-24T18:21:47.776867,Pas barometryczny,1084.78,1084.78,true
session_20260624_181854_P001,1692,172710,2026-06-24T18:21:47.888842,Pas barometryczny,1084.53,1084.53,true
session_20260624_181854_P001,1693,172805,2026-06-24T18:21:47.984145,Pas barometryczny,1084.28,1084.28,true
session_20260624_181854_P001,1694,172932,2026-06-24T18:21:48.110695,Pas barometryczny,1083.67,1083.67,true
session_20260624_181854_P001,1695,173031,2026-06-24T18:21:48.210483,Pas barometryczny,1083.47,1083.47,true
session_20260624_181854_P001,1696,173123,2026-06-24T18:21:48.302145,Pas barometryczny,1083.45,1083.45,true
session_20260624_181854_P001,1697,173206,2026-06-24T18:21:48.384797,Pas barometryczny,1083.49,1083.49,true
session_20260624_181854_P001,1698,173330,2026-06-24T18:21:48.509340,Pas barometryczny,1083.01,1083.01,true
session_20260624_181854_P001,1699,173454,2026-06-24T18:21:48.633397,Pas barometryczny,1082.53,1082.53,true
session_20260624_181854_P001,1700,173523,2026-06-24T18:21:48.701574,Pas barometryczny,1082.42,1082.42,true
session_20260624_181854_P001,1701,173614,2026-06-24T18:21:48.793420,Pas barometryczny,1082.38,1082.38,true
session_20260624_181854_P001,1702,173700,2026-06-24T18:21:48.878889,Pas barometryczny,1082.08,1082.08,true
session_20260624_181854_P001,1703,173861,2026-06-24T18:21:49.039803,Pas barometryczny,1082.53,1082.53,true
session_20260624_181854_P001,1704,173927,2026-06-24T18:21:49.106506,Pas barometryczny,1084.10,1084.10,true
session_20260624_181854_P001,1705,174016,2026-06-24T18:21:49.195350,Pas barometryczny,1084.87,1084.87,true
session_20260624_181854_P001,1706,174110,2026-06-24T18:21:49.289507,Pas barometryczny,1085.52,1085.52,true
session_20260624_181854_P001,1707,174242,2026-06-24T18:21:49.421289,Pas barometryczny,1085.30,1085.30,true
session_20260624_181854_P001,1708,174331,2026-06-24T18:21:49.510112,Pas barometryczny,1085.46,1085.46,true
session_20260624_181854_P001,1709,174433,2026-06-24T18:21:49.611665,Pas barometryczny,1085.45,1085.45,true
session_20260624_181854_P001,1710,174563,2026-06-24T18:21:49.741708,Pas barometryczny,1085.15,1085.15,true
session_20260624_181854_P001,1711,174655,2026-06-24T18:21:49.833563,Pas barometryczny,1085.92,1085.92,true
session_20260624_181854_P001,1712,174772,2026-06-24T18:21:49.951134,Pas barometryczny,1086.09,1086.09,true
session_20260624_181854_P001,1713,174845,2026-06-24T18:21:50.024420,Pas barometryczny,1086.24,1086.24,true
session_20260624_181854_P001,1714,174980,2026-06-24T18:21:50.159086,Pas barometryczny,1086.31,1086.31,true
session_20260624_181854_P001,1715,175077,2026-06-24T18:21:50.256333,Pas barometryczny,1086.28,1086.28,true
session_20260624_181854_P001,1716,175167,2026-06-24T18:21:50.346223,Pas barometryczny,1086.38,1086.38,true
session_20260624_181854_P001,1717,175237,2026-06-24T18:21:50.415811,Pas barometryczny,1086.09,1086.09,true
session_20260624_181854_P001,1718,175394,2026-06-24T18:21:50.572665,Pas barometryczny,1086.22,1086.22,true
session_20260624_181854_P001,1719,175485,2026-06-24T18:21:50.663828,Pas barometryczny,1085.70,1085.70,true
session_20260624_181854_P001,1720,175544,2026-06-24T18:21:50.723228,Pas barometryczny,1085.11,1085.11,true
session_20260624_181854_P001,1721,175639,2026-06-24T18:21:50.818163,Pas barometryczny,1084.84,1084.84,true
session_20260624_181854_P001,1722,175794,2026-06-24T18:21:50.972776,Pas barometryczny,1085.46,1085.46,true
session_20260624_181854_P001,1723,175866,2026-06-24T18:21:51.045032,Pas barometryczny,1084.60,1084.60,true
session_20260624_181854_P001,1724,175959,2026-06-24T18:21:51.138454,Pas barometryczny,1084.64,1084.64,true
session_20260624_181854_P001,1725,176085,2026-06-24T18:21:51.263634,Pas barometryczny,1084.06,1084.06,true
session_20260624_181854_P001,1726,176181,2026-06-24T18:21:51.359847,Pas barometryczny,1083.79,1083.79,true
session_20260624_181854_P001,1727,176285,2026-06-24T18:21:51.464329,Pas barometryczny,1083.73,1083.73,true
session_20260624_181854_P001,1728,176398,2026-06-24T18:21:51.577040,Pas barometryczny,1084.24,1084.24,true
session_20260624_181854_P001,1729,176495,2026-06-24T18:21:51.674245,Pas barometryczny,1082.98,1082.98,true
session_20260624_181854_P001,1730,176580,2026-06-24T18:21:51.759356,Pas barometryczny,1083.17,1083.17,true
session_20260624_181854_P001,1731,176670,2026-06-24T18:21:51.849444,Pas barometryczny,1082.77,1082.77,true
session_20260624_181854_P001,1732,176840,2026-06-24T18:21:52.018645,Pas barometryczny,1082.67,1082.67,true
session_20260624_181854_P001,1733,176896,2026-06-24T18:21:52.074828,Pas barometryczny,1083.45,1083.45,true
session_20260624_181854_P001,1734,176993,2026-06-24T18:21:52.171715,Pas barometryczny,1082.44,1082.44,true
session_20260624_181854_P001,1735,177093,2026-06-24T18:21:52.271633,Pas barometryczny,1083.57,1083.57,true
session_20260624_181854_P001,1736,177165,2026-06-24T18:21:52.343905,Pas barometryczny,1084.19,1084.19,true
session_20260624_181854_P001,1737,177308,2026-06-24T18:21:52.487204,Pas barometryczny,1084.76,1084.76,true
session_20260624_181854_P001,1738,177402,2026-06-24T18:21:52.580670,Pas barometryczny,1085.57,1085.57,true
session_20260624_181854_P001,1739,177518,2026-06-24T18:21:52.697090,Pas barometryczny,1086.12,1086.12,true
session_20260624_181854_P001,1740,177616,2026-06-24T18:21:52.795413,Pas barometryczny,1085.34,1085.34,true
session_20260624_181854_P001,1741,177709,2026-06-24T18:21:52.887719,Pas barometryczny,1085.20,1085.20,true
session_20260624_181854_P001,1742,177802,2026-06-24T18:21:52.981038,Pas barometryczny,1085.43,1085.43,true
session_20260624_181854_P001,1743,177913,2026-06-24T18:21:53.092013,Pas barometryczny,1085.82,1085.82,true
session_20260624_181854_P001,1744,178020,2026-06-24T18:21:53.198717,Pas barometryczny,1086.58,1086.58,true
session_20260624_181854_P001,1745,178152,2026-06-24T18:21:53.330640,Pas barometryczny,1086.51,1086.51,true
session_20260624_181854_P001,1746,178215,2026-06-24T18:21:53.394218,Pas barometryczny,1085.82,1085.82,true
session_20260624_181854_P001,1747,178314,2026-06-24T18:21:53.492897,Pas barometryczny,1086.03,1086.03,true
session_20260624_181854_P001,1748,178447,2026-06-24T18:21:53.626453,Pas barometryczny,1085.94,1085.94,true
session_20260624_181854_P001,1749,178561,2026-06-24T18:21:53.740437,Pas barometryczny,1085.61,1085.61,true
session_20260624_181854_P001,1750,178607,2026-06-24T18:21:53.786539,Pas barometryczny,1085.34,1085.34,true
session_20260624_181854_P001,1751,178705,2026-06-24T18:21:53.883570,Pas barometryczny,1085.73,1085.73,true
session_20260624_181854_P001,1752,178850,2026-06-24T18:21:54.028567,Pas barometryczny,1085.02,1085.02,true
session_20260624_181854_P001,1753,178944,2026-06-24T18:21:54.122876,Pas barometryczny,1084.98,1084.98,true
session_20260624_181854_P001,1754,179020,2026-06-24T18:21:54.198648,Pas barometryczny,1084.07,1084.07,true
session_20260624_181854_P001,1755,179159,2026-06-24T18:21:54.337589,Pas barometryczny,1083.90,1083.90,true
session_20260624_181854_P001,1756,179264,2026-06-24T18:21:54.443368,Pas barometryczny,1084.16,1084.16,true
session_20260624_181854_P001,1757,179326,2026-06-24T18:21:54.504960,Pas barometryczny,1085.19,1085.19,true
session_20260624_181854_P001,1758,179414,2026-06-24T18:21:54.593321,Pas barometryczny,1083.78,1083.78,true
session_20260624_181854_P001,1759,179569,2026-06-24T18:21:54.748450,Pas barometryczny,1083.64,1083.64,true
session_20260624_181854_P001,1760,179639,2026-06-24T18:21:54.818061,Pas barometryczny,1083.14,1083.14,true
session_20260624_181854_P001,1761,179733,2026-06-24T18:21:54.911991,Pas barometryczny,1082.73,1082.73,true
session_20260624_181854_P001,1762,179829,2026-06-24T18:21:55.007780,Pas barometryczny,1082.88,1082.88,true
session_20260624_181854_P001,1763,179963,2026-06-24T18:21:55.142391,Pas barometryczny,1083.79,1083.79,true
session_20260624_181854_P001,1764,180068,2026-06-24T18:21:55.247092,Pas barometryczny,1083.07,1083.07,true
session_20260624_181854_P001,1765,180137,2026-06-24T18:21:55.316028,Pas barometryczny,1084.05,1084.05,true
session_20260624_181854_P001,1766,180232,2026-06-24T18:21:55.410799,Pas barometryczny,1084.37,1084.37,true
session_20260624_181854_P001,1767,180361,2026-06-24T18:21:55.540364,Pas barometryczny,1084.84,1084.84,true
session_20260624_181854_P001,1768,180449,2026-06-24T18:21:55.628497,Pas barometryczny,1084.66,1084.66,true
session_20260624_181854_P001,1769,180539,2026-06-24T18:21:55.718051,Pas barometryczny,1085.50,1085.50,true
session_20260624_181854_P001,1770,180693,2026-06-24T18:21:55.871630,Pas barometryczny,1084.55,1084.55,true
session_20260624_181854_P001,1771,180792,2026-06-24T18:21:55.970889,Pas barometryczny,1085.25,1085.25,true
session_20260624_181854_P001,1772,180855,2026-06-24T18:21:56.033954,Pas barometryczny,1086.16,1086.16,true
session_20260624_181854_P001,1773,180949,2026-06-24T18:21:56.127601,Pas barometryczny,1086.68,1086.68,true
session_20260624_181854_P001,1774,181078,2026-06-24T18:21:56.257470,Pas barometryczny,1087.03,1087.03,true
session_20260624_181854_P001,1775,181187,2026-06-24T18:21:56.366109,Pas barometryczny,1087.10,1087.10,true
session_20260624_181854_P001,1776,181267,2026-06-24T18:21:56.446314,Pas barometryczny,1086.87,1086.87,true
session_20260624_181854_P001,1777,181378,2026-06-24T18:21:56.556701,Pas barometryczny,1086.44,1086.44,true
session_20260624_181854_P001,1778,181509,2026-06-24T18:21:56.687673,Pas barometryczny,1086.63,1086.63,true
session_20260624_181854_P001,1779,181600,2026-06-24T18:21:56.779005,Pas barometryczny,1087.03,1087.03,true
session_20260624_181854_P001,1780,181676,2026-06-24T18:21:56.855427,Pas barometryczny,1086.91,1086.91,true
session_20260624_181854_P001,1781,181770,2026-06-24T18:21:56.949451,Pas barometryczny,1085.79,1085.79,true
session_20260624_181854_P001,1782,181918,2026-06-24T18:21:57.097181,Pas barometryczny,1085.21,1085.21,true
session_20260624_181854_P001,1783,181981,2026-06-24T18:21:57.159679,Pas barometryczny,1084.78,1084.78,true
session_20260624_181854_P001,1784,182092,2026-06-24T18:21:57.271068,Pas barometryczny,1084.88,1084.88,true
session_20260624_181854_P001,1785,182223,2026-06-24T18:21:57.401969,Pas barometryczny,1084.83,1084.83,true
session_20260624_181854_P001,1786,182312,2026-06-24T18:21:57.491311,Pas barometryczny,1084.68,1084.68,true
session_20260624_181854_P001,1787,182389,2026-06-24T18:21:57.567573,Pas barometryczny,1084.84,1084.84,true
session_20260624_181854_P001,1788,182487,2026-06-24T18:21:57.666305,Pas barometryczny,1085.16,1085.16,true
session_20260624_181854_P001,1789,182609,2026-06-24T18:21:57.788349,Pas barometryczny,1083.13,1083.13,true
session_20260624_181854_P001,1790,182704,2026-06-24T18:21:57.882735,Pas barometryczny,1083.56,1083.56,true
session_20260624_181854_P001,1791,182806,2026-06-24T18:21:57.985429,Pas barometryczny,1082.94,1082.94,true
session_20260624_181854_P001,1792,182902,2026-06-24T18:21:58.081058,Pas barometryczny,1082.79,1082.79,true
session_20260624_181854_P001,1793,183019,2026-06-24T18:21:58.197956,Pas barometryczny,1083.51,1083.51,true
session_20260624_181854_P001,1794,183119,2026-06-24T18:21:58.297887,Pas barometryczny,1082.88,1082.88,true
session_20260624_181854_P001,1795,183204,2026-06-24T18:21:58.383394,Pas barometryczny,1082.92,1082.92,true
session_20260624_181854_P001,1796,183309,2026-06-24T18:21:58.488415,Pas barometryczny,1083.80,1083.80,true
session_20260624_181854_P001,1797,183419,2026-06-24T18:21:58.598181,Pas barometryczny,1084.33,1084.33,true
session_20260624_181854_P001,1798,183520,2026-06-24T18:21:58.699011,Pas barometryczny,1084.97,1084.97,true
session_20260624_181854_P001,1799,183599,2026-06-24T18:21:58.777580,Pas barometryczny,1085.16,1085.16,true
session_20260624_181854_P001,1800,183746,2026-06-24T18:21:58.925554,Pas barometryczny,1085.69,1085.69,true
session_20260624_181854_P001,1801,183856,2026-06-24T18:21:59.034798,Pas barometryczny,1084.89,1084.89,true
session_20260624_181854_P001,1802,183914,2026-06-24T18:21:59.093461,Pas barometryczny,1085.18,1085.18,true
session_20260624_181854_P001,1803,184007,2026-06-24T18:21:59.186443,Pas barometryczny,1086.06,1086.06,true
session_20260624_181854_P001,1804,184144,2026-06-24T18:21:59.323191,Pas barometryczny,1086.43,1086.43,true
session_20260624_181854_P001,1805,184241,2026-06-24T18:21:59.420068,Pas barometryczny,1086.05,1086.05,true
session_20260624_181854_P001,1806,184319,2026-06-24T18:21:59.497774,Pas barometryczny,1085.81,1085.81,true
session_20260624_181854_P001,1807,184424,2026-06-24T18:21:59.603260,Pas barometryczny,1085.69,1085.69,true
session_20260624_181854_P001,1808,184572,2026-06-24T18:21:59.751526,Pas barometryczny,1086.04,1086.04,true
session_20260624_181854_P001,1809,184635,2026-06-24T18:21:59.814555,Pas barometryczny,1086.32,1086.32,true
session_20260624_181854_P001,1810,184730,2026-06-24T18:21:59.908681,Pas barometryczny,1086.46,1086.46,true
session_20260624_181854_P001,1811,184830,2026-06-24T18:22:00.009201,Pas barometryczny,1085.88,1085.88,true
session_20260624_181854_P001,1812,184971,2026-06-24T18:22:00.149786,Pas barometryczny,1085.23,1085.23,true
session_20260624_181854_P001,1813,185069,2026-06-24T18:22:00.247990,Pas barometryczny,1085.26,1085.26,true
session_20260624_181854_P001,1814,185132,2026-06-24T18:22:00.311254,Pas barometryczny,1085.41,1085.41,true
session_20260624_181854_P001,1815,185267,2026-06-24T18:22:00.446445,Pas barometryczny,1085.61,1085.61,true
session_20260624_181854_P001,1816,185360,2026-06-24T18:22:00.538875,Pas barometryczny,1085.01,1085.01,true
session_20260624_181854_P001,1817,185455,2026-06-24T18:22:00.634106,Pas barometryczny,1084.65,1084.65,true
session_20260624_181854_P001,1818,185538,2026-06-24T18:22:00.716898,Pas barometryczny,1084.32,1084.32,true
session_20260624_181854_P001,1819,185686,2026-06-24T18:22:00.865412,Pas barometryczny,1084.61,1084.61,true
session_20260624_181854_P001,1820,185759,2026-06-24T18:22:00.937718,Pas barometryczny,1083.93,1083.93,true
session_20260624_181854_P001,1821,185872,2026-06-24T18:22:01.051515,Pas barometryczny,1083.12,1083.12,true
session_20260624_181854_P001,1822,185973,2026-06-24T18:22:01.151579,Pas barometryczny,1082.79,1082.79,true
session_20260624_181854_P001,1823,186073,2026-06-24T18:22:01.252549,Pas barometryczny,1082.90,1082.90,true
session_20260624_181854_P001,1824,186164,2026-06-24T18:22:01.343194,Pas barometryczny,1083.94,1083.94,true
session_20260624_181854_P001,1825,186290,2026-06-24T18:22:01.468723,Pas barometryczny,1084.53,1084.53,true
session_20260624_181854_P001,1826,186346,2026-06-24T18:22:01.524682,Pas barometryczny,1084.51,1084.51,true
session_20260624_181854_P001,1827,186521,2026-06-24T18:22:01.699774,Pas barometryczny,1084.78,1084.78,true
session_20260624_181854_P001,1828,186571,2026-06-24T18:22:01.750116,Pas barometryczny,1085.04,1085.04,true
session_20260624_181854_P001,1829,186661,2026-06-24T18:22:01.840511,Pas barometryczny,1085.33,1085.33,true
session_20260624_181854_P001,1830,186822,2026-06-24T18:22:02.001247,Pas barometryczny,1085.35,1085.35,true
session_20260624_181854_P001,1831,186889,2026-06-24T18:22:02.068420,Pas barometryczny,1085.50,1085.50,true
session_20260624_181854_P001,1832,186975,2026-06-24T18:22:02.154555,Pas barometryczny,1085.48,1085.48,true
session_20260624_181854_P001,1833,187064,2026-06-24T18:22:02.243036,Pas barometryczny,1085.05,1085.05,true
session_20260624_181854_P001,1834,187211,2026-06-24T18:22:02.389843,Pas barometryczny,1085.56,1085.56,true
session_20260624_181854_P001,1835,187290,2026-06-24T18:22:02.468945,Pas barometryczny,1085.80,1085.80,true
session_20260624_181854_P001,1836,187379,2026-06-24T18:22:02.558556,Pas barometryczny,1086.02,1086.02,true
session_20260624_181854_P001,1837,187496,2026-06-24T18:22:02.674751,Pas barometryczny,1085.85,1085.85,true
session_20260624_181854_P001,1838,187625,2026-06-24T18:22:02.804423,Pas barometryczny,1085.66,1085.66,true
session_20260624_181854_P001,1839,187722,2026-06-24T18:22:02.901294,Pas barometryczny,1084.74,1084.74,true
session_20260624_181854_P001,1840,187821,2026-06-24T18:22:03.000252,Pas barometryczny,1084.66,1084.66,true
session_20260624_181854_P001,1841,187876,2026-06-24T18:22:03.054727,Pas barometryczny,1083.83,1083.83,true
session_20260624_181854_P001,1842,188043,2026-06-24T18:22:03.222169,Pas barometryczny,1083.77,1083.77,true
session_20260624_181854_P001,1843,188115,2026-06-24T18:22:03.294068,Pas barometryczny,1084.43,1084.43,true
session_20260624_181854_P001,1844,188212,2026-06-24T18:22:03.391328,Pas barometryczny,1085.39,1085.39,true
session_20260624_181854_P001,1845,188333,2026-06-24T18:22:03.512487,Pas barometryczny,1084.24,1084.24,true
session_20260624_181854_P001,1846,188427,2026-06-24T18:22:03.606225,Pas barometryczny,1084.02,1084.02,true
session_20260624_181854_P001,1847,188533,2026-06-24T18:22:03.711776,Pas barometryczny,1083.14,1083.14,true
session_20260624_181854_P001,1848,188596,2026-06-24T18:22:03.775245,Pas barometryczny,1083.16,1083.16,true
session_20260624_181854_P001,1849,188745,2026-06-24T18:22:03.924545,Pas barometryczny,1083.87,1083.87,true
session_20260624_181854_P001,1850,188824,2026-06-24T18:22:04.003215,Pas barometryczny,1083.89,1083.89,true
session_20260624_181854_P001,1851,188926,2026-06-24T18:22:04.105324,Pas barometryczny,1084.32,1084.32,true
session_20260624_181854_P001,1852,189018,2026-06-24T18:22:04.197556,Pas barometryczny,1084.57,1084.57,true
session_20260624_181854_P001,1853,189137,2026-06-24T18:22:04.316375,Pas barometryczny,1084.84,1084.84,true
session_20260624_181854_P001,1854,189238,2026-06-24T18:22:04.416605,Pas barometryczny,1085.25,1085.25,true
session_20260624_181854_P001,1855,189333,2026-06-24T18:22:04.511617,Pas barometryczny,1085.39,1085.39,true
session_20260624_181854_P001,1856,189427,2026-06-24T18:22:04.605964,Pas barometryczny,1085.19,1085.19,true
session_20260624_181854_P001,1857,189540,2026-06-24T18:22:04.718602,Pas barometryczny,1085.26,1085.26,true
session_20260624_181854_P001,1858,189637,2026-06-24T18:22:04.815745,Pas barometryczny,1085.55,1085.55,true
session_20260624_181854_P001,1859,189721,2026-06-24T18:22:04.900130,Pas barometryczny,1085.54,1085.54,true
session_20260624_181854_P001,1860,189857,2026-06-24T18:22:05.036011,Pas barometryczny,1085.56,1085.56,true
session_20260624_181854_P001,1861,189947,2026-06-24T18:22:05.125768,Pas barometryczny,1086.02,1086.02,true
session_20260624_181854_P001,1862,190039,2026-06-24T18:22:05.217931,Pas barometryczny,1087.04,1087.04,true
session_20260624_181854_P001,1863,190133,2026-06-24T18:22:05.312535,Pas barometryczny,1086.20,1086.20,true
session_20260624_181854_P001,1864,190268,2026-06-24T18:22:05.447041,Pas barometryczny,1086.51,1086.51,true
session_20260624_181854_P001,1865,190352,2026-06-24T18:22:05.531528,Pas barometryczny,1086.06,1086.06,true
session_20260624_181854_P001,1866,190442,2026-06-24T18:22:05.621407,Pas barometryczny,1085.39,1085.39,true
session_20260624_181854_P001,1867,190540,2026-06-24T18:22:05.719024,Pas barometryczny,1084.87,1084.87,true
session_20260624_181854_P001,1868,190680,2026-06-24T18:22:05.858840,Pas barometryczny,1084.94,1084.94,true
session_20260624_181854_P001,1869,190781,2026-06-24T18:22:05.959967,Pas barometryczny,1084.06,1084.06,true
session_20260624_181854_P001,1870,190882,2026-06-24T18:22:06.060783,Pas barometryczny,1084.15,1084.15,true
session_20260624_181854_P001,1871,190936,2026-06-24T18:22:06.115540,Pas barometryczny,1083.86,1083.86,true
session_20260624_181854_P001,1872,191086,2026-06-24T18:22:06.265528,Pas barometryczny,1083.62,1083.62,true
session_20260624_181854_P001,1873,191196,2026-06-24T18:22:06.374654,Pas barometryczny,1083.80,1083.80,true
session_20260624_181854_P001,1874,191252,2026-06-24T18:22:06.430994,Pas barometryczny,1084.03,1084.03,true
session_20260624_181854_P001,1875,191423,2026-06-24T18:22:06.602119,Pas barometryczny,1083.64,1083.64,true
session_20260624_181854_P001,1876,191487,2026-06-24T18:22:06.666363,Pas barometryczny,1082.78,1082.78,true
session_20260624_181854_P001,1877,191566,2026-06-24T18:22:06.745203,Pas barometryczny,1083.49,1083.49,true
session_20260624_181854_P001,1878,191667,2026-06-24T18:22:06.845689,Pas barometryczny,1083.03,1083.03,true
session_20260624_181854_P001,1879,191790,2026-06-24T18:22:06.969346,Pas barometryczny,1083.01,1083.01,true
session_20260624_181854_P001,1880,191891,2026-06-24T18:22:07.069772,Pas barometryczny,1082.93,1082.93,true
session_20260624_181854_P001,1881,191975,2026-06-24T18:22:07.154320,Pas barometryczny,1083.75,1083.75,true
session_20260624_181854_P001,1882,192075,2026-06-24T18:22:07.254499,Pas barometryczny,1083.88,1083.88,true
session_20260624_181854_P001,1883,192195,2026-06-24T18:22:07.373712,Pas barometryczny,1084.65,1084.65,true
session_20260624_181854_P001,1884,192322,2026-06-24T18:22:07.500928,Pas barometryczny,1084.90,1084.90,true
session_20260624_181854_P001,1885,192398,2026-06-24T18:22:07.576615,Pas barometryczny,1084.86,1084.86,true
session_20260624_181854_P001,1886,192490,2026-06-24T18:22:07.668812,Pas barometryczny,1085.02,1085.02,true
session_20260624_181854_P001,1887,192626,2026-06-24T18:22:07.804721,Pas barometryczny,1084.82,1084.82,true
session_20260624_181854_P001,1888,192712,2026-06-24T18:22:07.890753,Pas barometryczny,1085.07,1085.07,true
session_20260624_181854_P001,1889,192783,2026-06-24T18:22:07.961648,Pas barometryczny,1085.62,1085.62,true
session_20260624_181854_P001,1890,192933,2026-06-24T18:22:08.111604,Pas barometryczny,1086.16,1086.16,true
session_20260624_181854_P001,1891,193038,2026-06-24T18:22:08.216777,Pas barometryczny,1085.91,1085.91,true
session_20260624_181854_P001,1892,193095,2026-06-24T18:22:08.274211,Pas barometryczny,1085.93,1085.93,true
session_20260624_181854_P001,1893,193200,2026-06-24T18:22:08.379024,Pas barometryczny,1085.87,1085.87,true
session_20260624_181854_P001,1894,193337,2026-06-24T18:22:08.515798,Pas barometryczny,1085.66,1085.66,true
session_20260624_181854_P001,1895,193430,2026-06-24T18:22:08.609146,Pas barometryczny,1085.60,1085.60,true
session_20260624_181854_P001,1896,193499,2026-06-24T18:22:08.678175,Pas barometryczny,1085.36,1085.36,true
session_20260624_181854_P001,1897,193623,2026-06-24T18:22:08.802128,Pas barometryczny,1085.03,1085.03,true
session_20260624_181854_P001,1898,193723,2026-06-24T18:22:08.902215,Pas barometryczny,1084.48,1084.48,true
session_20260624_181854_P001,1899,193817,2026-06-24T18:22:08.995732,Pas barometryczny,1084.23,1084.23,true
session_20260624_181854_P001,1900,193937,2026-06-24T18:22:09.115614,Pas barometryczny,1084.05,1084.05,true
session_20260624_181854_P001,1901,193999,2026-06-24T18:22:09.178231,Pas barometryczny,1083.99,1083.99,true
session_20260624_181854_P001,1902,194139,2026-06-24T18:22:09.317561,Pas barometryczny,1084.40,1084.40,true
session_20260624_181854_P001,1903,194236,2026-06-24T18:22:09.415264,Pas barometryczny,1084.19,1084.19,true
session_20260624_181854_P001,1904,194309,2026-06-24T18:22:09.487758,Pas barometryczny,1083.11,1083.11,true
session_20260624_181854_P001,1905,194486,2026-06-24T18:22:09.665286,Pas barometryczny,1083.25,1083.25,true
session_20260624_181854_P001,1906,194557,2026-06-24T18:22:09.735951,Pas barometryczny,1082.77,1082.77,true
session_20260624_181854_P001,1907,194653,2026-06-24T18:22:09.831700,Pas barometryczny,1082.81,1082.81,true
session_20260624_181854_P001,1908,194723,2026-06-24T18:22:09.902473,Pas barometryczny,1083.31,1083.31,true
session_20260624_181854_P001,1909,194852,2026-06-24T18:22:10.031529,Pas barometryczny,1082.47,1082.47,true
session_20260624_181854_P001,1910,194963,2026-06-24T18:22:10.141836,Pas barometryczny,1082.53,1082.53,true
session_20260624_181854_P001,1911,195033,2026-06-24T18:22:10.212383,Pas barometryczny,1081.92,1081.92,true
session_20260624_181854_P001,1912,195138,2026-06-24T18:22:10.317354,Pas barometryczny,1081.80,1081.80,true
session_20260624_181854_P001,1913,195257,2026-06-24T18:22:10.435839,Pas barometryczny,1082.05,1082.05,true
session_20260624_181854_P001,1914,195344,2026-06-24T18:22:10.522901,Pas barometryczny,1083.23,1083.23,true
session_20260624_181854_P001,1915,195434,2026-06-24T18:22:10.612940,Pas barometryczny,1084.04,1084.04,true
session_20260624_181854_P001,1916,195554,2026-06-24T18:22:10.732675,Pas barometryczny,1083.59,1083.59,true
session_20260624_181854_P001,1917,195686,2026-06-24T18:22:10.865414,Pas barometryczny,1084.23,1084.23,true
session_20260624_181854_P001,1918,195774,2026-06-24T18:22:10.952781,Pas barometryczny,1084.29,1084.29,true
session_20260624_181854_P001,1919,195840,2026-06-24T18:22:11.019525,Pas barometryczny,1084.63,1084.63,true
session_20260624_181854_P001,1920,195975,2026-06-24T18:22:11.154148,Pas barometryczny,1085.02,1085.02,true
session_20260624_181854_P001,1921,196088,2026-06-24T18:22:11.267007,Pas barometryczny,1085.47,1085.47,true
session_20260624_181854_P001,1922,196159,2026-06-24T18:22:11.337831,Pas barometryczny,1084.72,1084.72,true
session_20260624_181854_P001,1923,196245,2026-06-24T18:22:11.424101,Pas barometryczny,1085.62,1085.62,true
session_20260624_181854_P001,1924,196385,2026-06-24T18:22:11.563628,Pas barometryczny,1085.96,1085.96,true
session_20260624_181854_P001,1925,196478,2026-06-24T18:22:11.656748,Pas barometryczny,1086.18,1086.18,true
session_20260624_181854_P001,1926,196572,2026-06-24T18:22:11.750641,Pas barometryczny,1085.69,1085.69,true
session_20260624_181854_P001,1927,196690,2026-06-24T18:22:11.869507,Pas barometryczny,1086.28,1086.28,true
session_20260624_181854_P001,1928,196786,2026-06-24T18:22:11.964711,Pas barometryczny,1085.71,1085.71,true
session_20260624_181854_P001,1929,196881,2026-06-24T18:22:12.059643,Pas barometryczny,1086.87,1086.87,true
session_20260624_181854_P001,1930,197008,2026-06-24T18:22:12.187094,Pas barometryczny,1086.11,1086.11,true
session_20260624_181854_P001,1931,197054,2026-06-24T18:22:12.233095,Pas barometryczny,1085.29,1085.29,true
session_20260624_181854_P001,1932,197192,2026-06-24T18:22:12.370682,Pas barometryczny,1084.93,1084.93,true
session_20260624_181854_P001,1933,197326,2026-06-24T18:22:12.505535,Pas barometryczny,1085.18,1085.18,true
session_20260624_181854_P001,1934,197370,2026-06-24T18:22:12.548728,Pas barometryczny,1084.09,1084.09,true
session_20260624_181854_P001,1935,197458,2026-06-24T18:22:12.637409,Pas barometryczny,1083.89,1083.89,true
session_20260624_181854_P001,1936,197595,2026-06-24T18:22:12.774188,Pas barometryczny,1083.42,1083.42,true
session_20260624_181854_P001,1937,197688,2026-06-24T18:22:12.867144,Pas barometryczny,1083.07,1083.07,true
session_20260624_181854_P001,1938,197788,2026-06-24T18:22:12.967012,Pas barometryczny,1084.12,1084.12,true
session_20260624_181854_P001,1939,197922,2026-06-24T18:22:13.101219,Pas barometryczny,1083.04,1083.04,true
session_20260624_181854_P001,1940,198001,2026-06-24T18:22:13.180324,Pas barometryczny,1083.19,1083.19,true
session_20260624_181854_P001,1941,198096,2026-06-24T18:22:13.275174,Pas barometryczny,1083.06,1083.06,true
session_20260624_181854_P001,1942,198191,2026-06-24T18:22:13.370076,Pas barometryczny,1083.20,1083.20,true
session_20260624_181854_P001,1943,198341,2026-06-24T18:22:13.519577,Pas barometryczny,1083.64,1083.64,true
session_20260624_181854_P001,1944,198404,2026-06-24T18:22:13.583067,Pas barometryczny,1084.20,1084.20,true
session_20260624_181854_P001,1945,198499,2026-06-24T18:22:13.677797,Pas barometryczny,1084.30,1084.30,true
session_20260624_181854_P001,1946,198625,2026-06-24T18:22:13.804212,Pas barometryczny,1084.04,1084.04,true
session_20260624_181854_P001,1947,198734,2026-06-24T18:22:13.912794,Pas barometryczny,1084.78,1084.78,true
session_20260624_181854_P001,1948,198835,2026-06-24T18:22:14.014298,Pas barometryczny,1085.19,1085.19,true
session_20260624_181854_P001,1949,198899,2026-06-24T18:22:14.078237,Pas barometryczny,1085.53,1085.53,true
session_20260624_181854_P001,1950,198994,2026-06-24T18:22:14.172881,Pas barometryczny,1085.36,1085.36,true
session_20260624_181854_P001,1951,199126,2026-06-24T18:22:14.305499,Pas barometryczny,1086.14,1086.14,true
session_20260624_181854_P001,1952,199231,2026-06-24T18:22:14.410191,Pas barometryczny,1085.31,1085.31,true
session_20260624_181854_P001,1953,199312,2026-06-24T18:22:14.491462,Pas barometryczny,1085.81,1085.81,true
session_20260624_181854_P001,1954,199449,2026-06-24T18:22:14.628516,Pas barometryczny,1086.00,1086.00,true
session_20260624_181854_P001,1955,199551,2026-06-24T18:22:14.730447,Pas barometryczny,1086.27,1086.27,true
session_20260624_181854_P001,1956,199630,2026-06-24T18:22:14.808718,Pas barometryczny,1085.70,1085.70,true
session_20260624_181854_P001,1957,199716,2026-06-24T18:22:14.895313,Pas barometryczny,1085.55,1085.55,true
session_20260624_181854_P001,1958,199845,2026-06-24T18:22:15.023572,Pas barometryczny,1084.74,1084.74,true
session_20260624_181854_P001,1959,199944,2026-06-24T18:22:15.123390,Pas barometryczny,1084.52,1084.52,true
session_20260624_181854_P001,1960,200056,2026-06-24T18:22:15.235063,Pas barometryczny,1084.25,1084.25,true
session_20260624_181854_P001,1961,200116,2026-06-24T18:22:15.295241,Pas barometryczny,1084.36,1084.36,true
session_20260624_181854_P001,1962,200249,2026-06-24T18:22:15.428321,Pas barometryczny,1084.39,1084.39,true
session_20260624_181854_P001,1963,200363,2026-06-24T18:22:15.541945,Pas barometryczny,1084.33,1084.33,true
session_20260624_181854_P001,1964,200461,2026-06-24T18:22:15.640262,Pas barometryczny,1083.89,1083.89,true
session_20260624_181854_P001,1965,200530,2026-06-24T18:22:15.708607,Pas barometryczny,1083.20,1083.20,true
session_20260624_181854_P001,1966,200685,2026-06-24T18:22:15.863876,Pas barometryczny,1082.88,1082.88,true
session_20260624_181854_P001,1967,200770,2026-06-24T18:22:15.949397,Pas barometryczny,1082.68,1082.68,true
session_20260624_181854_P001,1968,200841,2026-06-24T18:22:16.020046,Pas barometryczny,1082.85,1082.85,true
session_20260624_181854_P001,1969,200999,2026-06-24T18:22:16.177650,Pas barometryczny,1082.38,1082.38,true
session_20260624_181854_P001,1970,201065,2026-06-24T18:22:16.244146,Pas barometryczny,1082.81,1082.81,true
session_20260624_181854_P001,1971,201164,2026-06-24T18:22:16.343073,Pas barometryczny,1082.44,1082.44,true
session_20260624_181854_P001,1972,201262,2026-06-24T18:22:16.440909,Pas barometryczny,1083.01,1083.01,true
session_20260624_181854_P001,1973,201375,2026-06-24T18:22:16.553940,Pas barometryczny,1083.40,1083.40,true
session_20260624_181854_P001,1974,201467,2026-06-24T18:22:16.646339,Pas barometryczny,1084.39,1084.39,true
session_20260624_181854_P001,1975,201567,2026-06-24T18:22:16.745950,Pas barometryczny,1085.42,1085.42,true
session_20260624_181854_P001,1976,201664,2026-06-24T18:22:16.843070,Pas barometryczny,1085.77,1085.77,true
session_20260624_181854_P001,1977,201784,2026-06-24T18:22:16.962852,Pas barometryczny,1086.22,1086.22,true
session_20260624_181854_P001,1978,201898,2026-06-24T18:22:17.076791,Pas barometryczny,1085.64,1085.64,true
session_20260624_181854_P001,1979,201960,2026-06-24T18:22:17.138778,Pas barometryczny,1085.26,1085.26,true
session_20260624_181854_P001,1980,202057,2026-06-24T18:22:17.236455,Pas barometryczny,1085.06,1085.06,true
session_20260624_181854_P001,1981,202184,2026-06-24T18:22:17.362815,Pas barometryczny,1085.10,1085.10,true
session_20260624_181854_P001,1982,202275,2026-06-24T18:22:17.454454,Pas barometryczny,1084.88,1084.88,true
session_20260624_181854_P001,1983,202375,2026-06-24T18:22:17.554376,Pas barometryczny,1084.49,1084.49,true
session_20260624_181854_P001,1984,202525,2026-06-24T18:22:17.704268,Pas barometryczny,1084.89,1084.89,true
session_20260624_181854_P001,1985,202593,2026-06-24T18:22:17.771871,Pas barometryczny,1084.60,1084.60,true
session_20260624_181854_P001,1986,202683,2026-06-24T18:22:17.861896,Pas barometryczny,1084.27,1084.27,true
session_20260624_181854_P001,1987,202789,2026-06-24T18:22:17.967586,Pas barometryczny,1084.34,1084.34,true
session_20260624_181854_P001,1988,202907,2026-06-24T18:22:18.085903,Pas barometryczny,1084.26,1084.26,true
session_20260624_181854_P001,1989,203000,2026-06-24T18:22:18.178813,Pas barometryczny,1084.22,1084.22,true
session_20260624_181854_P001,1990,203097,2026-06-24T18:22:18.275997,Pas barometryczny,1084.41,1084.41,true
session_20260624_181854_P001,1991,203203,2026-06-24T18:22:18.382386,Pas barometryczny,1084.65,1084.65,true
session_20260624_181854_P001,1992,203312,2026-06-24T18:22:18.491205,Pas barometryczny,1084.06,1084.06,true
session_20260624_181854_P001,1993,203438,2026-06-24T18:22:18.617316,Pas barometryczny,1083.71,1083.71,true
session_20260624_181854_P001,1994,203507,2026-06-24T18:22:18.686098,Pas barometryczny,1083.73,1083.73,true
session_20260624_181854_P001,1995,203581,2026-06-24T18:22:18.760313,Pas barometryczny,1083.62,1083.62,true
session_20260624_181854_P001,1996,203734,2026-06-24T18:22:18.912762,Pas barometryczny,1084.17,1084.17,true
session_20260624_181854_P001,1997,203829,2026-06-24T18:22:19.007784,Pas barometryczny,1084.33,1084.33,true
session_20260624_181854_P001,1998,203897,2026-06-24T18:22:19.075935,Pas barometryczny,1083.00,1083.00,true
session_20260624_181854_P001,1999,204048,2026-06-24T18:22:19.226641,Pas barometryczny,1082.78,1082.78,true
session_20260624_181854_P001,2000,204123,2026-06-24T18:22:19.302383,Pas barometryczny,1082.40,1082.40,true
session_20260624_181854_P001,2001,204227,2026-06-24T18:22:19.405777,Pas barometryczny,1083.19,1083.19,true
session_20260624_181854_P001,2002,204300,2026-06-24T18:22:19.478736,Pas barometryczny,1083.70,1083.70,true
session_20260624_181854_P001,2003,204434,2026-06-24T18:22:19.613031,Pas barometryczny,1083.86,1083.86,true
session_20260624_181854_P001,2004,204531,2026-06-24T18:22:19.709778,Pas barometryczny,1083.06,1083.06,true
session_20260624_181854_P001,2005,204615,2026-06-24T18:22:19.793984,Pas barometryczny,1083.88,1083.88,true
session_20260624_181854_P001,2006,204705,2026-06-24T18:22:19.883790,Pas barometryczny,1084.40,1084.40,true
session_20260624_181854_P001,2007,204869,2026-06-24T18:22:20.048033,Pas barometryczny,1084.86,1084.86,true
session_20260624_181854_P001,2008,204929,2026-06-24T18:22:20.107839,Pas barometryczny,1085.33,1085.33,true
session_20260624_181854_P001,2009,205063,2026-06-24T18:22:20.241627,Pas barometryczny,1085.07,1085.07,true
session_20260624_181854_P001,2010,205108,2026-06-24T18:22:20.287462,Pas barometryczny,1084.64,1084.64,true
session_20260624_181854_P001,2011,205251,2026-06-24T18:22:20.429710,Pas barometryczny,1084.88,1084.88,true
session_20260624_181854_P001,2012,205352,2026-06-24T18:22:20.531143,Pas barometryczny,1085.20,1085.20,true
session_20260624_181854_P001,2013,205427,2026-06-24T18:22:20.606354,Pas barometryczny,1085.68,1085.68,true
session_20260624_181854_P001,2014,205567,2026-06-24T18:22:20.746345,Pas barometryczny,1085.57,1085.57,true
session_20260624_181854_P001,2015,205656,2026-06-24T18:22:20.834945,Pas barometryczny,1085.58,1085.58,true
session_20260624_181854_P001,2016,205754,2026-06-24T18:22:20.932729,Pas barometryczny,1085.39,1085.39,true
session_20260624_181854_P001,2017,205859,2026-06-24T18:22:21.037660,Pas barometryczny,1084.24,1084.24,true
session_20260624_181854_P001,2018,205982,2026-06-24T18:22:21.160707,Pas barometryczny,1084.03,1084.03,true
session_20260624_181854_P001,2019,206086,2026-06-24T18:22:21.265394,Pas barometryczny,1084.01,1084.01,true
session_20260624_181854_P001,2020,206148,2026-06-24T18:22:21.326737,Pas barometryczny,1083.99,1083.99,true
session_20260624_181854_P001,2021,206237,2026-06-24T18:22:21.416206,Pas barometryczny,1084.59,1084.59,true
session_20260624_181854_P001,2022,206370,2026-06-24T18:22:21.548667,Pas barometryczny,1083.53,1083.53,true
session_20260624_181854_P001,2023,206488,2026-06-24T18:22:21.666601,Pas barometryczny,1082.88,1082.88,true
session_20260624_181854_P001,2024,206550,2026-06-24T18:22:21.729400,Pas barometryczny,1082.71,1082.71,true
session_20260624_181854_P001,2025,206639,2026-06-24T18:22:21.818475,Pas barometryczny,1082.90,1082.90,true
session_20260624_181854_P001,2026,206802,2026-06-24T18:22:21.980585,Pas barometryczny,1083.74,1083.74,true
session_20260624_181854_P001,2027,206901,2026-06-24T18:22:22.079864,Pas barometryczny,1082.91,1082.91,true
session_20260624_181854_P001,2028,207010,2026-06-24T18:22:22.189526,Pas barometryczny,1083.47,1083.47,true
session_20260624_181854_P001,2029,207090,2026-06-24T18:22:22.268616,Pas barometryczny,1082.79,1082.79,true
session_20260624_181854_P001,2030,207199,2026-06-24T18:22:22.378289,Pas barometryczny,1083.54,1083.54,true
session_20260624_181854_P001,2031,207292,2026-06-24T18:22:22.470703,Pas barometryczny,1084.14,1084.14,true
session_20260624_181854_P001,2032,207406,2026-06-24T18:22:22.585341,Pas barometryczny,1084.64,1084.64,true
session_20260624_181854_P001,2033,207497,2026-06-24T18:22:22.676463,Pas barometryczny,1084.70,1084.70,true
session_20260624_181854_P001,2034,207590,2026-06-24T18:22:22.768761,Pas barometryczny,1084.40,1084.40,true
session_20260624_181854_P001,2035,207676,2026-06-24T18:22:22.854687,Pas barometryczny,1085.29,1085.29,true
session_20260624_181854_P001,2036,207783,2026-06-24T18:22:22.962184,Pas barometryczny,1085.46,1085.46,true
session_20260624_181854_P001,2037,207905,2026-06-24T18:22:23.083588,Pas barometryczny,1085.75,1085.75,true
session_20260624_181854_P001,2038,208006,2026-06-24T18:22:23.185453,Pas barometryczny,1086.03,1086.03,true
session_20260624_181854_P001,2039,208104,2026-06-24T18:22:23.282591,Pas barometryczny,1086.31,1086.31,true
session_20260624_181854_P001,2040,208173,2026-06-24T18:22:23.352545,Pas barometryczny,1086.54,1086.54,true
session_20260624_181854_P001,2041,208326,2026-06-24T18:22:23.504682,Pas barometryczny,1085.96,1085.96,true
session_20260624_181854_P001,2042,208426,2026-06-24T18:22:23.604937,Pas barometryczny,1086.46,1086.46,true
session_20260624_181854_P001,2043,208497,2026-06-24T18:22:23.675713,Pas barometryczny,1086.03,1086.03,true
session_20260624_181854_P001,2044,208626,2026-06-24T18:22:23.804735,Pas barometryczny,1085.37,1085.37,true
session_20260624_181854_P001,2045,208773,2026-06-24T18:22:23.952528,Pas barometryczny,1084.61,1084.61,true
session_20260624_181854_P001,2046,208809,2026-06-24T18:22:23.988124,Pas barometryczny,1084.67,1084.67,true
session_20260624_181854_P001,2047,208890,2026-06-24T18:22:24.069056,Pas barometryczny,1084.43,1084.43,true
session_20260624_181854_P001,2048,209025,2026-06-24T18:22:24.204307,Pas barometryczny,1083.63,1083.63,true
session_20260624_181854_P001,2049,209116,2026-06-24T18:22:24.295378,Pas barometryczny,1083.52,1083.52,true
session_20260624_181854_P001,2050,209210,2026-06-24T18:22:24.388769,Pas barometryczny,1082.90,1082.90,true
session_20260624_181854_P001,2051,209295,2026-06-24T18:22:24.473818,Pas barometryczny,1082.85,1082.85,true
session_20260624_181854_P001,2052,209459,2026-06-24T18:22:24.637901,Pas barometryczny,1082.95,1082.95,true
session_20260624_181854_P001,2053,209522,2026-06-24T18:22:24.701398,Pas barometryczny,1083.08,1083.08,true
session_20260624_181854_P001,2054,209644,2026-06-24T18:22:24.823060,Pas barometryczny,1082.86,1082.86,true
session_20260624_181854_P001,2055,209727,2026-06-24T18:22:24.906188,Pas barometryczny,1082.12,1082.12,true
session_20260624_181854_P001,2056,209875,2026-06-24T18:22:25.053709,Pas barometryczny,1082.47,1082.47,true
session_20260624_181854_P001,2057,209949,2026-06-24T18:22:25.128032,Pas barometryczny,1082.74,1082.74,true
session_20260624_181854_P001,2058,210014,2026-06-24T18:22:25.193425,Pas barometryczny,1083.47,1083.47,true
session_20260624_181854_P001,2059,210175,2026-06-24T18:22:25.354502,Pas barometryczny,1084.11,1084.11,true
session_20260624_181854_P001,2060,210276,2026-06-24T18:22:25.454569,Pas barometryczny,1083.85,1083.85,true
session_20260624_181854_P001,2061,210332,2026-06-24T18:22:25.511214,Pas barometryczny,1084.11,1084.11,true
session_20260624_181854_P001,2062,210423,2026-06-24T18:22:25.601778,Pas barometryczny,1084.39,1084.39,true
session_20260624_181854_P001,2063,210569,2026-06-24T18:22:25.748189,Pas barometryczny,1084.87,1084.87,true
session_20260624_181854_P001,2064,210665,2026-06-24T18:22:25.844022,Pas barometryczny,1085.27,1085.27,true
session_20260624_181854_P001,2065,210741,2026-06-24T18:22:25.919904,Pas barometryczny,1085.65,1085.65,true
session_20260624_181854_P001,2066,210829,2026-06-24T18:22:26.008409,Pas barometryczny,1086.35,1086.35,true
session_20260624_181854_P001,2067,210961,2026-06-24T18:22:26.139683,Pas barometryczny,1086.53,1086.53,true
session_20260624_181854_P001,2068,211060,2026-06-24T18:22:26.239025,Pas barometryczny,1086.64,1086.64,true
session_20260624_181854_P001,2069,211173,2026-06-24T18:22:26.351985,Pas barometryczny,1086.73,1086.73,true
session_20260624_181854_P001,2070,211230,2026-06-24T18:22:26.408939,Pas barometryczny,1086.96,1086.96,true
session_20260624_181854_P001,2071,211369,2026-06-24T18:22:26.547910,Pas barometryczny,1086.49,1086.49,true
session_20260624_181854_P001,2072,211485,2026-06-24T18:22:26.664019,Pas barometryczny,1085.67,1085.67,true
session_20260624_181854_P001,2073,211569,2026-06-24T18:22:26.747768,Pas barometryczny,1085.18,1085.18,true
session_20260624_181854_P001,2074,211692,2026-06-24T18:22:26.871406,Pas barometryczny,1084.76,1084.76,true
session_20260624_181854_P001,2075,211806,2026-06-24T18:22:26.984805,Pas barometryczny,1084.03,1084.03,true
session_20260624_181854_P001,2076,211860,2026-06-24T18:22:27.038906,Pas barometryczny,1083.57,1083.57,true
session_20260624_181854_P001,2077,211965,2026-06-24T18:22:27.144086,Pas barometryczny,1083.13,1083.13,true
session_20260624_181854_P001,2078,212091,2026-06-24T18:22:27.269957,Pas barometryczny,1082.87,1082.87,true
session_20260624_181854_P001,2079,212193,2026-06-24T18:22:27.372235,Pas barometryczny,1082.68,1082.68,true
session_20260624_181854_P001,2080,212299,2026-06-24T18:22:27.477652,Pas barometryczny,1082.56,1082.56,true
session_20260624_181854_P001,2081,212376,2026-06-24T18:22:27.555494,Pas barometryczny,1083.01,1083.01,true
session_20260624_181854_P001,2082,212490,2026-06-24T18:22:27.668978,Pas barometryczny,1082.55,1082.55,true
session_20260624_181854_P001,2083,212580,2026-06-24T18:22:27.758588,Pas barometryczny,1083.25,1083.25,true
session_20260624_181854_P001,2084,212679,2026-06-24T18:22:27.857964,Pas barometryczny,1082.46,1082.46,true
session_20260624_181854_P001,2085,212797,2026-06-24T18:22:27.976382,Pas barometryczny,1082.56,1082.56,true
session_20260624_181854_P001,2086,212900,2026-06-24T18:22:28.079558,Pas barometryczny,1083.82,1083.82,true
session_20260624_181854_P001,2087,213021,2026-06-24T18:22:28.199622,Pas barometryczny,1083.85,1083.85,true
session_20260624_181854_P001,2088,213091,2026-06-24T18:22:28.269893,Pas barometryczny,1083.92,1083.92,true
session_20260624_181854_P001,2089,213208,2026-06-24T18:22:28.387484,Pas barometryczny,1084.43,1084.43,true
session_20260624_181854_P001,2090,213301,2026-06-24T18:22:28.479712,Pas barometryczny,1084.71,1084.71,true
session_20260624_181854_P001,2091,213393,2026-06-24T18:22:28.572084,Pas barometryczny,1084.92,1084.92,true
session_20260624_181854_P001,2092,213492,2026-06-24T18:22:28.671448,Pas barometryczny,1085.40,1085.40,true
session_20260624_181854_P001,2093,213643,2026-06-24T18:22:28.821945,Pas barometryczny,1085.92,1085.92,true
session_20260624_181854_P001,2094,213703,2026-06-24T18:22:28.882323,Pas barometryczny,1085.15,1085.15,true
session_20260624_181854_P001,2095,213793,2026-06-24T18:22:28.972382,Pas barometryczny,1085.60,1085.60,true
session_20260624_181854_P001,2096,213886,2026-06-24T18:22:29.065043,Pas barometryczny,1085.79,1085.79,true
session_20260624_181854_P001,2097,214058,2026-06-24T18:22:29.236656,Pas barometryczny,1086.32,1086.32,true
session_20260624_181854_P001,2098,214111,2026-06-24T18:22:29.290273,Pas barometryczny,1085.85,1085.85,true
session_20260624_181854_P001,2099,214206,2026-06-24T18:22:29.385132,Pas barometryczny,1085.31,1085.31,true
session_20260624_181854_P001,2100,214293,2026-06-24T18:22:29.471789,Pas barometryczny,1085.74,1085.74,true
session_20260624_181854_P001,2101,214443,2026-06-24T18:22:29.622093,Pas barometryczny,1085.59,1085.59,true
session_20260624_181854_P001,2102,214547,2026-06-24T18:22:29.726359,Pas barometryczny,1084.57,1084.57,true
session_20260624_181854_P001,2103,214605,2026-06-24T18:22:29.783822,Pas barometryczny,1084.09,1084.09,true
session_20260624_181854_P001,2104,214769,2026-06-24T18:22:29.947652,Pas barometryczny,1083.72,1083.72,true
session_20260624_181854_P001,2105,214863,2026-06-24T18:22:30.041741,Pas barometryczny,1083.49,1083.49,true
session_20260624_181854_P001,2106,214918,2026-06-24T18:22:30.097145,Pas barometryczny,1083.49,1083.49,true
session_20260624_181854_P001,2107,215009,2026-06-24T18:22:30.188429,Pas barometryczny,1083.48,1083.48,true
session_20260624_181854_P001,2108,215143,2026-06-24T18:22:30.322421,Pas barometryczny,1082.11,1082.11,true
session_20260624_181854_P001,2109,215239,2026-06-24T18:22:30.417989,Pas barometryczny,1082.99,1082.99,true
session_20260624_181854_P001,2110,215334,2026-06-24T18:22:30.513129,Pas barometryczny,1082.08,1082.08,true
session_20260624_181854_P001,2111,215431,2026-06-24T18:22:30.609720,Pas barometryczny,1082.70,1082.70,true
session_20260624_181854_P001,2112,215556,2026-06-24T18:22:30.735546,Pas barometryczny,1083.62,1083.62,true
session_20260624_181854_P001,2113,215664,2026-06-24T18:22:30.843379,Pas barometryczny,1083.07,1083.07,true
session_20260624_181854_P001,2114,215737,2026-06-24T18:22:30.915753,Pas barometryczny,1083.81,1083.81,true
session_20260624_181854_P001,2115,215819,2026-06-24T18:22:30.997904,Pas barometryczny,1084.06,1084.06,true
session_20260624_181854_P001,2116,215972,2026-06-24T18:22:31.150764,Pas barometryczny,1084.44,1084.44,true
session_20260624_181854_P001,2117,216066,2026-06-24T18:22:31.244735,Pas barometryczny,1084.67,1084.67,true
session_20260624_181854_P001,2118,216135,2026-06-24T18:22:31.314250,Pas barometryczny,1084.86,1084.86,true
session_20260624_181854_P001,2119,216303,2026-06-24T18:22:31.481748,Pas barometryczny,1085.72,1085.72,true
session_20260624_181854_P001,2120,216370,2026-06-24T18:22:31.548722,Pas barometryczny,1085.29,1085.29,true
session_20260624_181854_P001,2121,216450,2026-06-24T18:22:31.628886,Pas barometryczny,1085.86,1085.86,true
session_20260624_181854_P001,2122,216543,2026-06-24T18:22:31.721781,Pas barometryczny,1085.74,1085.74,true
session_20260624_181854_P001,2123,216710,2026-06-24T18:22:31.888999,Pas barometryczny,1086.22,1086.22,true
session_20260624_181854_P001,2124,216766,2026-06-24T18:22:31.944919,Pas barometryczny,1085.78,1085.78,true
session_20260624_181854_P001,2125,216863,2026-06-24T18:22:32.042342,Pas barometryczny,1085.12,1085.12,true
session_20260624_181854_P001,2126,216968,2026-06-24T18:22:32.146947,Pas barometryczny,1084.54,1084.54,true
session_20260624_181854_P001,2127,217097,2026-06-24T18:22:32.275711,Pas barometryczny,1084.07,1084.07,true
session_20260624_181854_P001,2128,217168,2026-06-24T18:22:32.347426,Pas barometryczny,1083.58,1083.58,true
session_20260624_181854_P001,2129,217266,2026-06-24T18:22:32.444586,Pas barometryczny,1083.50,1083.50,true
session_20260624_181854_P001,2130,217375,2026-06-24T18:22:32.553742,Pas barometryczny,1083.52,1083.52,true
session_20260624_181854_P001,2131,217497,2026-06-24T18:22:32.676105,Pas barometryczny,1083.89,1083.89,true
session_20260624_181854_P001,2132,217604,2026-06-24T18:22:32.783493,Pas barometryczny,1083.06,1083.06,true
session_20260624_181854_P001,2133,217664,2026-06-24T18:22:32.843454,Pas barometryczny,1082.20,1082.20,true
session_20260624_181854_P001,2134,217804,2026-06-24T18:22:32.983167,Pas barometryczny,1082.29,1082.29,true
session_20260624_181854_P001,2135,217928,2026-06-24T18:22:33.106621,Pas barometryczny,1081.86,1081.86,true
session_20260624_181854_P001,2136,217980,2026-06-24T18:22:33.158964,Pas barometryczny,1081.92,1081.92,true
session_20260624_181854_P001,2137,218077,2026-06-24T18:22:33.256224,Pas barometryczny,1082.25,1082.25,true
session_20260624_181854_P001,2138,218204,2026-06-24T18:22:33.382657,Pas barometryczny,1082.26,1082.26,true
session_20260624_181854_P001,2139,218295,2026-06-24T18:22:33.473919,Pas barometryczny,1082.94,1082.94,true
session_20260624_181854_P001,2140,218390,2026-06-24T18:22:33.569164,Pas barometryczny,1083.74,1083.74,true
session_20260624_181854_P001,2141,218495,2026-06-24T18:22:33.673586,Pas barometryczny,1084.37,1084.37,true
session_20260624_181854_P001,2142,218619,2026-06-24T18:22:33.798255,Pas barometryczny,1084.78,1084.78,true
session_20260624_181854_P001,2143,218739,2026-06-24T18:22:33.917642,Pas barometryczny,1085.00,1085.00,true
session_20260624_181854_P001,2144,218800,2026-06-24T18:22:33.979398,Pas barometryczny,1085.41,1085.41,true
session_20260624_181854_P001,2145,218899,2026-06-24T18:22:34.077809,Pas barometryczny,1084.90,1084.90,true
session_20260624_181854_P001,2146,219021,2026-06-24T18:22:34.200298,Pas barometryczny,1085.25,1085.25,true
session_20260624_181854_P001,2147,219110,2026-06-24T18:22:34.289404,Pas barometryczny,1085.32,1085.32,true
session_20260624_181854_P001,2148,219206,2026-06-24T18:22:34.384949,Pas barometryczny,1085.65,1085.65,true
session_20260624_181854_P001,2149,219335,2026-06-24T18:22:34.513933,Pas barometryczny,1085.77,1085.77,true
session_20260624_181854_P001,2150,219455,2026-06-24T18:22:34.634053,Pas barometryczny,1085.50,1085.50,true
session_20260624_181854_P001,2151,219526,2026-06-24T18:22:34.704802,Pas barometryczny,1085.36,1085.36,true
session_20260624_181854_P001,2152,219620,2026-06-24T18:22:34.799325,Pas barometryczny,1084.40,1084.40,true
session_20260624_181854_P001,2153,219754,2026-06-24T18:22:34.933219,Pas barometryczny,1084.21,1084.21,true
session_20260624_181854_P001,2154,219847,2026-06-24T18:22:35.026135,Pas barometryczny,1083.90,1083.90,true
session_20260624_181854_P001,2155,219918,2026-06-24T18:22:35.097545,Pas barometryczny,1083.57,1083.57,true
session_20260624_181854_P001,2156,220032,2026-06-24T18:22:35.210789,Pas barometryczny,1083.44,1083.44,true
session_20260624_181854_P001,2157,220141,2026-06-24T18:22:35.319934,Pas barometryczny,1083.49,1083.49,true
session_20260624_181854_P001,2158,220235,2026-06-24T18:22:35.413864,Pas barometryczny,1083.16,1083.16,true
session_20260624_181854_P001,2159,220322,2026-06-24T18:22:35.501074,Pas barometryczny,1082.94,1082.94,true
session_20260624_181854_P001,2160,220425,2026-06-24T18:22:35.604286,Pas barometryczny,1082.48,1082.48,true
session_20260624_181854_P001,2161,220547,2026-06-24T18:22:35.726199,Pas barometryczny,1082.31,1082.31,true
session_20260624_181854_P001,2162,220637,2026-06-24T18:22:35.816361,Pas barometryczny,1082.17,1082.17,true
session_20260624_181854_P001,2163,220749,2026-06-24T18:22:35.927898,Pas barometryczny,1082.16,1082.16,true
session_20260624_181854_P001,2164,220880,2026-06-24T18:22:36.058710,Pas barometryczny,1081.98,1081.98,true
session_20260624_181854_P001,2165,220993,2026-06-24T18:22:36.172248,Pas barometryczny,1081.83,1081.83,true
session_20260624_181854_P001,2166,221039,2026-06-24T18:22:36.218014,Pas barometryczny,1081.58,1081.58,true
session_20260624_181854_P001,2167,221135,2026-06-24T18:22:36.313924,Pas barometryczny,1081.46,1081.46,true
session_20260624_181854_P001,2168,221265,2026-06-24T18:22:36.444097,Pas barometryczny,1082.85,1082.85,true
session_20260624_181854_P001,2169,221354,2026-06-24T18:22:36.532911,Pas barometryczny,1083.09,1083.09,true
session_20260624_181854_P001,2170,221448,2026-06-24T18:22:36.627264,Pas barometryczny,1083.71,1083.71,true
session_20260624_181854_P001,2171,221534,2026-06-24T18:22:36.713485,Pas barometryczny,1084.31,1084.31,true
session_20260624_181854_P001,2172,221678,2026-06-24T18:22:36.856830,Pas barometryczny,1084.55,1084.55,true
session_20260624_181854_P001,2173,221764,2026-06-24T18:22:36.943390,Pas barometryczny,1084.69,1084.69,true
session_20260624_181854_P001,2174,221850,2026-06-24T18:22:37.029232,Pas barometryczny,1085.26,1085.26,true
session_20260624_181854_P001,2175,221941,2026-06-24T18:22:37.120267,Pas barometryczny,1084.48,1084.48,true
session_20260624_181854_P001,2176,222110,2026-06-24T18:22:37.288642,Pas barometryczny,1083.63,1083.63,true
session_20260624_181854_P001,2177,222168,2026-06-24T18:22:37.346703,Pas barometryczny,1083.13,1083.13,true
session_20260624_181854_P001,2178,222254,2026-06-24T18:22:37.432931,Pas barometryczny,1082.68,1082.68,true
session_20260624_181854_P001,2179,222425,2026-06-24T18:22:37.604218,Pas barometryczny,1082.46,1082.46,true
session_20260624_181854_P001,2180,222480,2026-06-24T18:22:37.659033,Pas barometryczny,1082.14,1082.14,true
session_20260624_181854_P001,2181,222569,2026-06-24T18:22:37.748059,Pas barometryczny,1082.59,1082.59,true
session_20260624_181854_P001,2182,222660,2026-06-24T18:22:37.838625,Pas barometryczny,1083.64,1083.64,true
session_20260624_181854_P001,2183,222822,2026-06-24T18:22:38.001042,Pas barometryczny,1084.45,1084.45,true
session_20260624_181854_P001,2184,222884,2026-06-24T18:22:38.063008,Pas barometryczny,1084.64,1084.64,true
session_20260624_181854_P001,2185,223090,2026-06-24T18:22:38.269229,Pas barometryczny,1084.69,1084.69,true
session_20260624_181854_P001,2186,223132,2026-06-24T18:22:38.311206,Pas barometryczny,1084.37,1084.37,true
session_20260624_181854_P001,2187,223225,2026-06-24T18:22:38.404092,Pas barometryczny,1085.02,1085.02,true
session_20260624_181854_P001,2188,223299,2026-06-24T18:22:38.478142,Pas barometryczny,1084.99,1084.99,true
session_20260624_181854_P001,2189,223389,2026-06-24T18:22:38.568286,Pas barometryczny,1085.18,1085.18,true
session_20260624_181854_P001,2190,223486,2026-06-24T18:22:38.664802,Pas barometryczny,1085.47,1085.47,true
session_20260624_181854_P001,2191,223604,2026-06-24T18:22:38.783131,Pas barometryczny,1085.55,1085.55,true
session_20260624_181854_P001,2192,223694,2026-06-24T18:22:38.873083,Pas barometryczny,1085.89,1085.89,true
session_20260624_181854_P001,2193,223788,2026-06-24T18:22:38.967551,Pas barometryczny,1085.35,1085.35,true
session_20260624_181854_P001,2194,223933,2026-06-24T18:22:39.111768,Pas barometryczny,1085.95,1085.95,true
session_20260624_181854_P001,2195,224035,2026-06-24T18:22:39.214305,Pas barometryczny,1084.74,1084.74,true
session_20260624_181854_P001,2196,224100,2026-06-24T18:22:39.279315,Pas barometryczny,1084.20,1084.20,true
session_20260624_181854_P001,2197,224189,2026-06-24T18:22:39.368488,Pas barometryczny,1084.64,1084.64,true
session_20260624_181854_P001,2198,224324,2026-06-24T18:22:39.502907,Pas barometryczny,1084.33,1084.33,true
session_20260624_181854_P001,2199,224428,2026-06-24T18:22:39.607112,Pas barometryczny,1083.19,1083.19,true
session_20260624_181854_P001,2200,224531,2026-06-24T18:22:39.710448,Pas barometryczny,1083.23,1083.23,true
session_20260624_181854_P001,2201,224628,2026-06-24T18:22:39.806898,Pas barometryczny,1082.61,1082.61,true
session_20260624_181854_P001,2202,224732,2026-06-24T18:22:39.911258,Pas barometryczny,1082.50,1082.50,true
session_20260624_181854_P001,2203,224826,2026-06-24T18:22:40.005116,Pas barometryczny,1083.26,1083.26,true
session_20260624_181854_P001,2204,224919,2026-06-24T18:22:40.097787,Pas barometryczny,1084.05,1084.05,true
session_20260624_181854_P001,2205,225002,2026-06-24T18:22:40.180728,Pas barometryczny,1082.61,1082.61,true
session_20260624_181854_P001,2206,225179,2026-06-24T18:22:40.357900,Pas barometryczny,1082.47,1082.47,true
session_20260624_181854_P001,2207,225224,2026-06-24T18:22:40.402933,Pas barometryczny,1083.11,1083.11,true
session_20260624_181854_P001,2208,225336,2026-06-24T18:22:40.515398,Pas barometryczny,1083.04,1083.04,true
session_20260624_181854_P001,2209,225453,2026-06-24T18:22:40.631975,Pas barometryczny,1083.76,1083.76,true
session_20260624_181854_P001,2210,225552,2026-06-24T18:22:40.731027,Pas barometryczny,1084.50,1084.50,true
session_20260624_181854_P001,2211,225629,2026-06-24T18:22:40.808447,Pas barometryczny,1084.33,1084.33,true
session_20260624_181854_P001,2212,225740,2026-06-24T18:22:40.918922,Pas barometryczny,1083.85,1083.85,true
session_20260624_181854_P001,2213,225872,2026-06-24T18:22:41.051486,Pas barometryczny,1084.87,1084.87,true
session_20260624_181854_P001,2214,225944,2026-06-24T18:22:41.122948,Pas barometryczny,1085.21,1085.21,true
session_20260624_181854_P001,2215,226045,2026-06-24T18:22:41.223785,Pas barometryczny,1085.40,1085.40,true
session_20260624_181854_P001,2216,226130,2026-06-24T18:22:41.308747,Pas barometryczny,1085.21,1085.21,true
session_20260624_181854_P001,2217,226259,2026-06-24T18:22:41.437599,Pas barometryczny,1085.12,1085.12,true
session_20260624_181854_P001,2218,226354,2026-06-24T18:22:41.533527,Pas barometryczny,1085.14,1085.14,true
session_20260624_181854_P001,2219,226467,2026-06-24T18:22:41.646461,Pas barometryczny,1085.06,1085.06,true
session_20260624_181854_P001,2220,226530,2026-06-24T18:22:41.708833,Pas barometryczny,1085.40,1085.40,true
session_20260624_181854_P001,2221,226665,2026-06-24T18:22:41.843947,Pas barometryczny,1085.63,1085.63,true
session_20260624_181854_P001,2222,226755,2026-06-24T18:22:41.933643,Pas barometryczny,1085.58,1085.58,true
session_20260624_181854_P001,2223,226878,2026-06-24T18:22:42.057288,Pas barometryczny,1085.59,1085.59,true
session_20260624_181854_P001,2224,226981,2026-06-24T18:22:42.159753,Pas barometryczny,1084.62,1084.62,true
session_20260624_181854_P001,2225,227080,2026-06-24T18:22:42.259057,Pas barometryczny,1084.22,1084.22,true
session_20260624_181854_P001,2226,227200,2026-06-24T18:22:42.378714,Pas barometryczny,1084.17,1084.17,true
session_20260624_181854_P001,2227,227249,2026-06-24T18:22:42.428024,Pas barometryczny,1083.91,1083.91,true
session_20260624_181854_P001,2228,227384,2026-06-24T18:22:42.562595,Pas barometryczny,1084.11,1084.11,true
session_20260624_181854_P001,2229,227501,2026-06-24T18:22:42.680402,Pas barometryczny,1083.53,1083.53,true
session_20260624_181854_P001,2230,227564,2026-06-24T18:22:42.742928,Pas barometryczny,1082.41,1082.41,true
session_20260624_181854_P001,2231,227658,2026-06-24T18:22:42.837023,Pas barometryczny,1082.77,1082.77,true
session_20260624_181854_P001,2232,227804,2026-06-24T18:22:42.983157,Pas barometryczny,1082.47,1082.47,true
session_20260624_181854_P001,2233,227879,2026-06-24T18:22:43.058491,Pas barometryczny,1082.54,1082.54,true
session_20260624_181854_P001,2234,227991,2026-06-24T18:22:43.170155,Pas barometryczny,1083.72,1083.72,true
session_20260624_181854_P001,2235,228064,2026-06-24T18:22:43.242727,Pas barometryczny,1084.01,1084.01,true
session_20260624_181854_P001,2236,228201,2026-06-24T18:22:43.379637,Pas barometryczny,1083.08,1083.08,true
session_20260624_181854_P001,2237,228284,2026-06-24T18:22:43.462767,Pas barometryczny,1083.84,1083.84,true
session_20260624_181854_P001,2238,228373,2026-06-24T18:22:43.552448,Pas barometryczny,1084.55,1084.55,true
session_20260624_181854_P001,2239,228548,2026-06-24T18:22:43.727102,Pas barometryczny,1085.19,1085.19,true
session_20260624_181854_P001,2240,228615,2026-06-24T18:22:43.794426,Pas barometryczny,1085.69,1085.69,true
session_20260624_181854_P001,2241,228720,2026-06-24T18:22:43.898862,Pas barometryczny,1085.97,1085.97,true
session_20260624_181854_P001,2242,228816,2026-06-24T18:22:43.994718,Pas barometryczny,1085.86,1085.86,true
session_20260624_181854_P001,2243,228914,2026-06-24T18:22:44.092599,Pas barometryczny,1085.19,1085.19,true
session_20260624_181854_P001,2244,229007,2026-06-24T18:22:44.186456,Pas barometryczny,1085.34,1085.34,true
session_20260624_181854_P001,2245,229122,2026-06-24T18:22:44.301125,Pas barometryczny,1085.58,1085.58,true
session_20260624_181854_P001,2246,229184,2026-06-24T18:22:44.363116,Pas barometryczny,1085.90,1085.90,true
session_20260624_181854_P001,2247,229332,2026-06-24T18:22:44.510958,Pas barometryczny,1085.90,1085.90,true
session_20260624_181854_P001,2248,229435,2026-06-24T18:22:44.613646,Pas barometryczny,1086.43,1086.43,true
session_20260624_181854_P001,2249,229501,2026-06-24T18:22:44.680056,Pas barometryczny,1085.17,1085.17,true
session_20260624_181854_P001,2250,229590,2026-06-24T18:22:44.769400,Pas barometryczny,1085.01,1085.01,true
session_20260624_181854_P001,2251,229726,2026-06-24T18:22:44.904757,Pas barometryczny,1084.55,1084.55,true
session_20260624_181854_P001,2252,229818,2026-06-24T18:22:44.996753,Pas barometryczny,1084.82,1084.82,true
session_20260624_181854_P001,2253,229921,2026-06-24T18:22:45.100090,Pas barometryczny,1084.85,1084.85,true
session_20260624_181854_P001,2254,230065,2026-06-24T18:22:45.243981,Pas barometryczny,1083.76,1083.76,true
session_20260624_181854_P001,2255,230164,2026-06-24T18:22:45.343135,Pas barometryczny,1083.83,1083.83,true
session_20260624_181854_P001,2256,230239,2026-06-24T18:22:45.418124,Pas barometryczny,1083.34,1083.34,true
session_20260624_181854_P001,2257,230310,2026-06-24T18:22:45.488603,Pas barometryczny,1083.43,1083.43,true
session_20260624_181854_P001,2258,230459,2026-06-24T18:22:45.638270,Pas barometryczny,1083.65,1083.65,true
session_20260624_181854_P001,2259,230543,2026-06-24T18:22:45.722228,Pas barometryczny,1084.17,1084.17,true
session_20260624_181854_P001,2260,230628,2026-06-24T18:22:45.806918,Pas barometryczny,1082.93,1082.93,true
session_20260624_181854_P001,2261,230733,2026-06-24T18:22:45.911934,Pas barometryczny,1083.28,1083.28,true
session_20260624_181854_P001,2262,230883,2026-06-24T18:22:46.062437,Pas barometryczny,1082.96,1082.96,true
session_20260624_181854_P001,2263,230940,2026-06-24T18:22:46.118667,Pas barometryczny,1083.34,1083.34,true
session_20260624_181854_P001,2264,231063,2026-06-24T18:22:46.242481,Pas barometryczny,1084.23,1084.23,true
session_20260624_181854_P001,2265,231121,2026-06-24T18:22:46.300165,Pas barometryczny,1085.03,1085.03,true
session_20260624_181854_P001,2266,231255,2026-06-24T18:22:46.434095,Pas barometryczny,1085.41,1085.41,true
session_20260624_181854_P001,2267,231348,2026-06-24T18:22:46.526564,Pas barometryczny,1085.13,1085.13,true
session_20260624_181854_P001,2268,231465,2026-06-24T18:22:46.644295,Pas barometryczny,1084.70,1084.70,true
session_20260624_181854_P001,2269,231577,2026-06-24T18:22:46.756336,Pas barometryczny,1085.24,1085.24,true
session_20260624_181854_P001,2270,231663,2026-06-24T18:22:46.842144,Pas barometryczny,1085.21,1085.21,true
session_20260624_181854_P001,2271,231754,2026-06-24T18:22:46.933078,Pas barometryczny,1085.43,1085.43,true
session_20260624_181854_P001,2272,231852,2026-06-24T18:22:47.030764,Pas barometryczny,1085.74,1085.74,true
session_20260624_181854_P001,2273,231980,2026-06-24T18:22:47.158659,Pas barometryczny,1086.14,1086.14,true
session_20260624_181854_P001,2274,232075,2026-06-24T18:22:47.254526,Pas barometryczny,1086.39,1086.39,true
session_20260624_181854_P001,2275,232192,2026-06-24T18:22:47.371435,Pas barometryczny,1085.94,1085.94,true
session_20260624_181854_P001,2276,232246,2026-06-24T18:22:47.425448,Pas barometryczny,1086.34,1086.34,true
session_20260624_181854_P001,2277,232390,2026-06-24T18:22:47.569546,Pas barometryczny,1086.50,1086.50,true
session_20260624_181854_P001,2278,232512,2026-06-24T18:22:47.690983,Pas barometryczny,1086.76,1086.76,true
session_20260624_181854_P001,2279,232562,2026-06-24T18:22:47.740758,Pas barometryczny,1085.87,1085.87,true
session_20260624_181854_P001,2280,232654,2026-06-24T18:22:47.833201,Pas barometryczny,1085.21,1085.21,true
session_20260624_181854_P001,2281,232785,2026-06-24T18:22:47.963861,Pas barometryczny,1084.49,1084.49,true
session_20260624_181854_P001,2282,232878,2026-06-24T18:22:48.057390,Pas barometryczny,1084.46,1084.46,true
session_20260624_181854_P001,2283,232964,2026-06-24T18:22:48.143345,Pas barometryczny,1084.10,1084.10,true
session_20260624_181854_P001,2284,233103,2026-06-24T18:22:48.281715,Pas barometryczny,1083.89,1083.89,true
session_20260624_181854_P001,2285,233205,2026-06-24T18:22:48.384328,Pas barometryczny,1083.07,1083.07,true
session_20260624_181854_P001,2286,233284,2026-06-24T18:22:48.463407,Pas barometryczny,1083.06,1083.06,true
session_20260624_181854_P001,2287,233368,2026-06-24T18:22:48.547517,Pas barometryczny,1082.70,1082.70,true
session_20260624_181854_P001,2288,233541,2026-06-24T18:22:48.720103,Pas barometryczny,1082.76,1082.76,true
session_20260624_181854_P001,2289,233611,2026-06-24T18:22:48.790549,Pas barometryczny,1082.63,1082.63,true
session_20260624_181854_P001,2290,233685,2026-06-24T18:22:48.864474,Pas barometryczny,1082.62,1082.62,true
session_20260624_181854_P001,2291,233774,2026-06-24T18:22:48.952617,Pas barometryczny,1082.96,1082.96,true
session_20260624_181854_P001,2292,233926,2026-06-24T18:22:49.105219,Pas barometryczny,1083.24,1083.24,true
session_20260624_181854_P001,2293,234028,2026-06-24T18:22:49.206954,Pas barometryczny,1083.46,1083.46,true
session_20260624_181854_P001,2294,234099,2026-06-24T18:22:49.277731,Pas barometryczny,1084.13,1084.13,true
session_20260624_181854_P001,2295,234187,2026-06-24T18:22:49.365623,Pas barometryczny,1083.52,1083.52,true
session_20260624_181854_P001,2296,234314,2026-06-24T18:22:49.493485,Pas barometryczny,1084.31,1084.31,true
session_20260624_181854_P001,2297,234418,2026-06-24T18:22:49.596759,Pas barometryczny,1084.77,1084.77,true
session_20260624_181854_P001,2298,234496,2026-06-24T18:22:49.674660,Pas barometryczny,1085.12,1085.12,true
session_20260624_181854_P001,2299,234639,2026-06-24T18:22:49.818146,Pas barometryczny,1085.30,1085.30,true
session_20260624_181854_P001,2300,234742,2026-06-24T18:22:49.921205,Pas barometryczny,1085.44,1085.44,true
session_20260624_181854_P001,2301,234815,2026-06-24T18:22:49.993987,Pas barometryczny,1085.81,1085.81,true
session_20260624_181854_P001,2302,234931,2026-06-24T18:22:50.109826,Pas barometryczny,1085.95,1085.95,true
session_20260624_181854_P001,2303,235055,2026-06-24T18:22:50.233591,Pas barometryczny,1085.84,1085.84,true
session_20260624_181854_P001,2304,235125,2026-06-24T18:22:50.303971,Pas barometryczny,1086.31,1086.31,true
session_20260624_181854_P001,2305,235227,2026-06-24T18:22:50.406106,Pas barometryczny,1086.70,1086.70,true
session_20260624_181854_P001,2306,235318,2026-06-24T18:22:50.497146,Pas barometryczny,1086.81,1086.81,true
session_20260624_181854_P001,2307,235455,2026-06-24T18:22:50.633662,Pas barometryczny,1086.71,1086.71,true
session_20260624_181854_P001,2308,235538,2026-06-24T18:22:50.717467,Pas barometryczny,1086.64,1086.64,true
session_20260624_181854_P001,2309,235639,2026-06-24T18:22:50.818089,Pas barometryczny,1085.69,1085.69,true
session_20260624_181854_P001,2310,235713,2026-06-24T18:22:50.892270,Pas barometryczny,1085.45,1085.45,true
session_20260624_181854_P001,2311,235863,2026-06-24T18:22:51.042054,Pas barometryczny,1085.10,1085.10,true
session_20260624_181854_P001,2312,235952,2026-06-24T18:22:51.131106,Pas barometryczny,1085.04,1085.04,true
session_20260624_181854_P001,2313,236024,2026-06-24T18:22:51.203013,Pas barometryczny,1085.12,1085.12,true
session_20260624_181854_P001,2314,236161,2026-06-24T18:22:51.339812,Pas barometryczny,1084.17,1084.17,true
session_20260624_181854_P001,2315,236251,2026-06-24T18:22:51.430534,Pas barometryczny,1084.11,1084.11,true
session_20260624_181854_P001,2316,236339,2026-06-24T18:22:51.518070,Pas barometryczny,1083.66,1083.66,true
session_20260624_181854_P001,2317,236454,2026-06-24T18:22:51.632970,Pas barometryczny,1083.53,1083.53,true
session_20260624_181854_P001,2318,236580,2026-06-24T18:22:51.759414,Pas barometryczny,1083.91,1083.91,true
session_20260624_181854_P001,2319,236684,2026-06-24T18:22:51.862716,Pas barometryczny,1084.28,1084.28,true
session_20260624_181854_P001,2320,236745,2026-06-24T18:22:51.923822,Pas barometryczny,1082.83,1082.83,true
session_20260624_181854_P001,2321,236851,2026-06-24T18:22:52.029831,Pas barometryczny,1082.64,1082.64,true
session_20260624_181854_P001,2322,236998,2026-06-24T18:22:52.176695,Pas barometryczny,1082.51,1082.51,true
session_20260624_181854_P001,2323,237060,2026-06-24T18:22:52.239075,Pas barometryczny,1083.17,1083.17,true
session_20260624_181854_P001,2324,237165,2026-06-24T18:22:52.344331,Pas barometryczny,1083.98,1083.98,true
session_20260624_181854_P001,2325,237240,2026-06-24T18:22:52.418861,Pas barometryczny,1083.90,1083.90,true
session_20260624_181854_P001,2326,237407,2026-06-24T18:22:52.585973,Pas barometryczny,1083.22,1083.22,true
session_20260624_181854_P001,2327,237466,2026-06-24T18:22:52.644944,Pas barometryczny,1084.14,1084.14,true
session_20260624_181854_P001,2328,237574,2026-06-24T18:22:52.752928,Pas barometryczny,1084.54,1084.54,true
session_20260624_181854_P001,2329,237701,2026-06-24T18:22:52.879768,Pas barometryczny,1085.19,1085.19,true
session_20260624_181854_P001,2330,237788,2026-06-24T18:22:52.966852,Pas barometryczny,1085.52,1085.52,true
session_20260624_181854_P001,2331,237882,2026-06-24T18:22:53.060868,Pas barometryczny,1085.62,1085.62,true
session_20260624_181854_P001,2332,237984,2026-06-24T18:22:53.162986,Pas barometryczny,1084.49,1084.49,true
session_20260624_181854_P001,2333,238109,2026-06-24T18:22:53.287891,Pas barometryczny,1084.86,1084.86,true
session_20260624_181854_P001,2334,238204,2026-06-24T18:22:53.383519,Pas barometryczny,1084.83,1084.83,true
session_20260624_181854_P001,2335,238298,2026-06-24T18:22:53.476571,Pas barometryczny,1085.17,1085.17,true
session_20260624_181854_P001,2336,238364,2026-06-24T18:22:53.543311,Pas barometryczny,1085.65,1085.65,true
session_20260624_181854_P001,2337,238502,2026-06-24T18:22:53.680824,Pas barometryczny,1085.72,1085.72,true
session_20260624_181854_P001,2338,238589,2026-06-24T18:22:53.767669,Pas barometryczny,1085.56,1085.56,true
session_20260624_181854_P001,2339,238710,2026-06-24T18:22:53.889401,Pas barometryczny,1085.54,1085.54,true
session_20260624_181854_P001,2340,238774,2026-06-24T18:22:53.953477,Pas barometryczny,1084.85,1084.85,true
session_20260624_181854_P001,2341,238945,2026-06-24T18:22:54.123806,Pas barometryczny,1084.44,1084.44,true
session_20260624_181854_P001,2342,238998,2026-06-24T18:22:54.176847,Pas barometryczny,1084.85,1084.85,true
session_20260624_181854_P001,2343,239087,2026-06-24T18:22:54.265885,Pas barometryczny,1084.21,1084.21,true
session_20260624_181854_P001,2344,239231,2026-06-24T18:22:54.410129,Pas barometryczny,1084.60,1084.60,true
session_20260624_181854_P001,2345,239312,2026-06-24T18:22:54.490974,Pas barometryczny,1083.99,1083.99,true
session_20260624_181854_P001,2346,239403,2026-06-24T18:22:54.582244,Pas barometryczny,1083.87,1083.87,true
session_20260624_181854_P001,2347,239499,2026-06-24T18:22:54.678140,Pas barometryczny,1083.94,1083.94,true
session_20260624_181854_P001,2348,239657,2026-06-24T18:22:54.835871,Pas barometryczny,1083.73,1083.73,true
session_20260624_181854_P001,2349,239714,2026-06-24T18:22:54.893527,Pas barometryczny,1083.00,1083.00,true
session_20260624_181854_P001,2350,239805,2026-06-24T18:22:54.984094,Pas barometryczny,1083.07,1083.07,true
session_20260624_181854_P001,2351,239920,2026-06-24T18:22:55.099505,Pas barometryczny,1082.69,1082.69,true
session_20260624_181854_P001,2352,240052,2026-06-24T18:22:55.230775,Pas barometryczny,1082.47,1082.47,true
