session_id,sample_index,timestamp_ms,datetime_iso,device_name,raw_payload,t0,h0,t1,h1,t2,h2,tAmb,hAmb,parse_ok,nan_count
session_20260624_181854_P001,0,75,2026-06-24T18:18:55.254470,Okulary BME280,"28.88,80.43,31.39,91.35,31.87,94.35,28.56,57.49",28.88,80.43,31.39,91.35,31.87,94.35,28.56,57.49,true,0
session_20260624_181854_P001,1,273,2026-06-24T18:18:55.452388,Okulary BME280,"28.89,80.48,31.41,91.38,31.80,94.19,28.57,57.40",28.89,80.48,31.41,91.38,31.80,94.19,28.57,57.40,true,0
session_20260624_181854_P001,2,336,2026-06-24T18:18:55.514580,Okulary BME280,"28.89,80.53,31.42,91.42,31.77,94.26,28.56,57.38",28.89,80.53,31.42,91.42,31.77,94.26,28.56,57.38,true,0
session_20260624_181854_P001,3,457,2026-06-24T18:18:55.636493,Okulary BME280,"28.91,80.59,31.43,91.50,31.75,94.33,28.56,57.30",28.91,80.59,31.43,91.50,31.75,94.33,28.56,57.30,true,0
session_20260624_181854_P001,4,528,2026-06-24T18:18:55.707031,Okulary BME280,"28.91,80.59,31.48,91.55,31.75,94.32,28.56,57.17",28.91,80.59,31.48,91.55,31.75,94.32,28.56,57.17,true,0
session_20260624_181854_P001,5,698,2026-06-24T18:18:55.877137,Okulary BME280,"28.91,80.56,31.47,91.36,31.75,94.16,28.56,57.08",28.91,80.56,31.47,91.36,31.75,94.16,28.56,57.08,true,0
session_20260624_181854_P001,6,751,2026-06-24T18:18:55.930108,Okulary BME280,"28.91,80.47,31.42,91.14,31.71,93.88,28.55,56.99",28.91,80.47,31.42,91.14,31.71,93.88,28.55,56.99,true,0
session_20260624_181854_P001,7,862,2026-06-24T18:18:56.041461,Okulary BME280,"28.91,80.12,31.35,90.94,31.65,93.59,28.55,56.86",28.91,80.12,31.35,90.94,31.65,93.59,28.55,56.86,true,0
session_20260624_181854_P001,8,1025,2026-06-24T18:18:56.203961,Okulary BME280,"28.88,79.79,31.27,90.72,31.56,93.28,28.54,56.72",28.88,79.79,31.27,90.72,31.56,93.28,28.54,56.72,true,0
session_20260624_181854_P001,9,1084,2026-06-24T18:18:56.263096,Okulary BME280,"28.86,79.51,31.18,90.51,31.46,93.08,28.52,56.51",28.86,79.51,31.18,90.51,31.46,93.08,28.52,56.51,true,0
session_20260624_181854_P001,10,1205,2026-06-24T18:18:56.383660,Okulary BME280,"28.84,79.35,31.10,90.31,31.28,92.88,28.52,56.41",28.84,79.35,31.10,90.31,31.28,92.88,28.52,56.41,true,0
session_20260624_181854_P001,11,1306,2026-06-24T18:18:56.484690,Okulary BME280,"28.83,79.17,31.03,90.10,31.20,92.82,28.51,56.32",28.83,79.17,31.03,90.10,31.20,92.82,28.51,56.32,true,0
session_20260624_181854_P001,12,1391,2026-06-24T18:18:56.570115,Okulary BME280,"28.82,79.03,30.96,89.98,31.15,92.80,28.51,56.24",28.82,79.03,30.96,89.98,31.15,92.80,28.51,56.24,true,0
session_20260624_181854_P001,13,1546,2026-06-24T18:18:56.725096,Okulary BME280,"28.82,78.90,30.87,89.65,31.10,92.80,28.51,56.15",28.82,78.90,30.87,89.65,31.10,92.80,28.51,56.15,true,0
session_20260624_181854_P001,14,1608,2026-06-24T18:18:56.787130,Okulary BME280,"28.81,78.82,30.83,89.50,31.05,92.84,28.50,56.07",28.81,78.82,30.83,89.50,31.05,92.84,28.50,56.07,true,0
session_20260624_181854_P001,15,1775,2026-06-24T18:18:56.953962,Okulary BME280,"28.82,78.90,30.81,89.38,31.02,92.87,28.50,55.99",28.82,78.90,30.81,89.38,31.02,92.87,28.50,55.99,true,0
session_20260624_181854_P001,16,1865,2026-06-24T18:18:57.043833,Okulary BME280,"28.84,78.94,30.80,89.29,30.99,92.88,28.50,56.01",28.84,78.94,30.80,89.29,30.99,92.88,28.50,56.01,true,0
session_20260624_181854_P001,17,2000,2026-06-24T18:18:57.179289,Okulary BME280,"28.85,79.00,30.79,89.22,30.97,92.97,28.51,56.06",28.85,79.00,30.79,89.22,30.97,92.97,28.51,56.06,true,0
session_20260624_181854_P001,18,2057,2026-06-24T18:18:57.236201,Okulary BME280,"28.86,79.06,30.78,89.13,30.95,93.03,28.52,56.14",28.86,79.06,30.78,89.13,30.95,93.03,28.52,56.14,true,0
session_20260624_181854_P001,19,2157,2026-06-24T18:18:57.335771,Okulary BME280,"28.87,79.10,30.78,89.05,30.94,93.11,28.52,56.14",28.87,79.10,30.78,89.05,30.94,93.11,28.52,56.14,true,0
session_20260624_181854_P001,20,2321,2026-06-24T18:18:57.499770,Okulary BME280,"28.88,79.12,30.78,88.98,30.94,93.13,28.53,56.13",28.88,79.12,30.78,88.98,30.94,93.13,28.53,56.13,true,0
session_20260624_181854_P001,21,2396,2026-06-24T18:18:57.574624,Okulary BME280,"28.88,79.12,30.78,88.97,30.95,93.31,28.52,56.12",28.88,79.12,30.78,88.97,30.95,93.31,28.52,56.12,true,0
session_20260624_181854_P001,22,2528,2026-06-24T18:18:57.707138,Okulary BME280,"28.89,79.11,30.84,89.32,30.98,93.84,28.52,56.11",28.89,79.11,30.84,89.32,30.98,93.84,28.52,56.11,true,0
session_20260624_181854_P001,23,2597,2026-06-24T18:18:57.776071,Okulary BME280,"28.89,79.04,30.91,89.60,31.06,94.27,28.52,56.12",28.89,79.04,30.91,89.60,31.06,94.27,28.52,56.12,true,0
session_20260624_181854_P001,24,2732,2026-06-24T18:18:57.911318,Okulary BME280,"28.89,79.00,31.02,89.84,31.20,94.55,28.53,56.11",28.89,79.00,31.02,89.84,31.20,94.55,28.53,56.11,true,0
session_20260624_181854_P001,25,2847,2026-06-24T18:18:58.026288,Okulary BME280,"28.89,78.90,31.13,90.08,31.37,94.73,28.53,56.07",28.89,78.90,31.13,90.08,31.37,94.73,28.53,56.07,true,0
session_20260624_181854_P001,26,2919,2026-06-24T18:18:58.097919,Okulary BME280,"28.88,78.82,31.24,90.33,31.55,94.83,28.53,56.09",28.88,78.82,31.24,90.33,31.55,94.83,28.53,56.09,true,0
session_20260624_181854_P001,27,3067,2026-06-24T18:18:58.246512,Okulary BME280,"28.88,78.76,31.34,90.54,31.83,94.98,28.53,56.00",28.88,78.76,31.34,90.54,31.83,94.98,28.53,56.00,true,0
session_20260624_181854_P001,28,3165,2026-06-24T18:18:58.344494,Okulary BME280,"28.88,78.70,31.42,90.72,31.92,95.02,28.53,55.99",28.88,78.70,31.42,90.72,31.92,95.02,28.53,55.99,true,0
session_20260624_181854_P001,29,3295,2026-06-24T18:18:58.474335,Okulary BME280,"28.88,78.62,31.50,90.85,31.98,95.06,28.53,55.99",28.88,78.62,31.50,90.85,31.98,95.06,28.53,55.99,true,0
session_20260624_181854_P001,30,3362,2026-06-24T18:18:58.540931,Okulary BME280,"28.87,78.52,31.55,91.02,32.04,95.11,28.53,55.97",28.87,78.52,31.55,91.02,32.04,95.11,28.53,55.97,true,0
session_20260624_181854_P001,31,3451,2026-06-24T18:18:58.630454,Okulary BME280,"28.88,78.52,31.63,91.26,32.09,95.13,28.54,56.12",28.88,78.52,31.63,91.26,32.09,95.13,28.54,56.12,true,0
session_20260624_181854_P001,32,3596,2026-06-24T18:18:58.774923,Okulary BME280,"28.87,78.39,31.66,91.35,32.14,95.17,28.54,56.18",28.87,78.39,31.66,91.35,32.14,95.17,28.54,56.18,true,0
session_20260624_181854_P001,33,3688,2026-06-24T18:18:58.867200,Okulary BME280,"28.88,78.29,31.69,91.42,32.18,95.17,28.54,56.21",28.88,78.29,31.69,91.42,32.18,95.17,28.54,56.21,true,0
session_20260624_181854_P001,34,3837,2026-06-24T18:18:59.015698,Okulary BME280,"28.88,78.24,31.70,91.48,32.21,95.09,28.55,56.22",28.88,78.24,31.70,91.48,32.21,95.09,28.55,56.22,true,0
session_20260624_181854_P001,35,3940,2026-06-24T18:18:59.118706,Okulary BME280,"28.88,78.18,31.70,91.50,32.22,95.07,28.55,56.20",28.88,78.18,31.70,91.50,32.22,95.07,28.55,56.20,true,0
session_20260624_181854_P001,36,4064,2026-06-24T18:18:59.242744,Okulary BME280,"28.88,78.13,31.69,91.51,32.18,94.99,28.56,56.05",28.88,78.13,31.69,91.51,32.18,94.99,28.56,56.05,true,0
session_20260624_181854_P001,37,4135,2026-06-24T18:18:59.313856,Okulary BME280,"28.88,78.06,31.67,91.47,32.15,94.95,28.55,55.95",28.88,78.06,31.67,91.47,32.15,94.95,28.55,55.95,true,0
session_20260624_181854_P001,38,4229,2026-06-24T18:18:59.408312,Okulary BME280,"28.88,78.02,31.63,91.35,32.12,94.90,28.55,55.87",28.88,78.02,31.63,91.35,32.12,94.90,28.55,55.87,true,0
session_20260624_181854_P001,39,4384,2026-06-24T18:18:59.562912,Okulary BME280,"28.89,77.96,31.57,91.17,32.09,94.83,28.54,55.76",28.89,77.96,31.57,91.17,32.09,94.83,28.54,55.76,true,0
session_20260624_181854_P001,40,4469,2026-06-24T18:18:59.647571,Okulary BME280,"28.90,77.90,31.38,90.89,32.06,94.76,28.54,55.71",28.90,77.90,31.38,90.89,32.06,94.76,28.54,55.71,true,0
session_20260624_181854_P001,41,4644,2026-06-24T18:18:59.823074,Okulary BME280,"28.89,77.83,31.32,90.85,32.02,94.68,28.54,55.66",28.89,77.83,31.32,90.85,32.02,94.68,28.54,55.66,true,0
session_20260624_181854_P001,42,4687,2026-06-24T18:18:59.865874,Okulary BME280,"28.90,77.81,31.28,90.84,31.98,94.58,28.54,55.62",28.90,77.81,31.28,90.84,31.98,94.58,28.54,55.62,true,0
session_20260624_181854_P001,43,4803,2026-06-24T18:18:59.982293,Okulary BME280,"28.89,77.77,31.27,90.94,31.94,94.70,28.53,55.56",28.89,77.77,31.27,90.94,31.94,94.70,28.53,55.56,true,0
session_20260624_181854_P001,44,4891,2026-06-24T18:19:00.069729,Okulary BME280,"28.90,77.70,31.31,91.07,31.94,94.89,28.54,55.58",28.90,77.70,31.31,91.07,31.94,94.89,28.54,55.58,true,0
session_20260624_181854_P001,45,4990,2026-06-24T18:19:00.168615,Okulary BME280,"28.90,77.61,31.38,91.20,32.05,95.07,28.53,55.54",28.90,77.61,31.38,91.20,32.05,95.07,28.53,55.54,true,0
session_20260624_181854_P001,46,5131,2026-06-24T18:19:00.309888,Okulary BME280,"28.89,77.53,31.45,91.31,32.12,95.03,28.54,55.53",28.89,77.53,31.45,91.31,32.12,95.03,28.54,55.53,true,0
session_20260624_181854_P001,47,5212,2026-06-24T18:19:00.391546,Okulary BME280,"28.90,77.43,31.52,91.35,32.16,94.83,28.54,55.52",28.90,77.43,31.52,91.35,32.16,94.83,28.54,55.52,true,0
session_20260624_181854_P001,48,5369,2026-06-24T18:19:00.547788,Okulary BME280,"28.89,77.37,31.54,90.92,32.11,94.44,28.54,55.49",28.89,77.37,31.54,90.92,32.11,94.44,28.54,55.49,true,0
session_20260624_181854_P001,49,5436,2026-06-24T18:19:00.614769,Okulary BME280,"28.89,77.22,31.41,90.63,32.02,94.08,28.54,55.47",28.89,77.22,31.41,90.63,32.02,94.08,28.54,55.47,true,0
session_20260624_181854_P001,50,5590,2026-06-24T18:19:00.768591,Okulary BME280,"28.89,77.28,31.29,90.38,31.89,93.79,28.54,55.50",28.89,77.28,31.29,90.38,31.89,93.79,28.54,55.50,true,0
session_20260624_181854_P001,51,5656,2026-06-24T18:19:00.834665,Okulary BME280,"28.90,77.42,31.17,90.13,31.76,93.47,28.54,55.51",28.90,77.42,31.17,90.13,31.76,93.47,28.54,55.51,true,0
session_20260624_181854_P001,52,5761,2026-06-24T18:19:00.940398,Okulary BME280,"28.91,77.56,31.06,89.89,31.62,93.28,28.55,55.45",28.91,77.56,31.06,89.89,31.62,93.28,28.55,55.45,true,0
session_20260624_181854_P001,53,5894,2026-06-24T18:19:01.072595,Okulary BME280,"28.93,77.64,30.95,89.68,31.39,93.10,28.54,55.45",28.93,77.64,30.95,89.68,31.39,93.10,28.54,55.45,true,0
session_20260624_181854_P001,54,5973,2026-06-24T18:19:01.151683,Okulary BME280,"28.94,77.65,30.88,89.49,31.31,93.09,28.55,55.37",28.94,77.65,30.88,89.49,31.31,93.09,28.55,55.37,true,0
session_20260624_181854_P001,55,6106,2026-06-24T18:19:01.285134,Okulary BME280,"28.95,77.66,30.81,89.33,31.24,93.12,28.55,55.32",28.95,77.66,30.81,89.33,31.24,93.12,28.55,55.32,true,0
session_20260624_181854_P001,56,6199,2026-06-24T18:19:01.377897,Okulary BME280,"28.95,77.59,30.76,89.15,31.20,93.14,28.55,55.30",28.95,77.59,30.76,89.15,31.20,93.14,28.55,55.30,true,0
session_20260624_181854_P001,57,6297,2026-06-24T18:19:01.475784,Okulary BME280,"28.94,77.62,30.71,88.85,31.16,93.12,28.55,55.27",28.94,77.62,30.71,88.85,31.16,93.12,28.55,55.27,true,0
session_20260624_181854_P001,58,6438,2026-06-24T18:19:01.617141,Okulary BME280,"28.92,77.39,30.69,88.73,31.13,93.11,28.54,55.28",28.92,77.39,30.69,88.73,31.13,93.11,28.54,55.28,true,0
session_20260624_181854_P001,59,6525,2026-06-24T18:19:01.703684,Okulary BME280,"28.92,77.32,30.68,88.63,31.10,93.12,28.55,55.33",28.92,77.32,30.68,88.63,31.10,93.12,28.55,55.33,true,0
session_20260624_181854_P001,60,6688,2026-06-24T18:19:01.867314,Okulary BME280,"28.92,77.26,30.67,88.52,31.07,93.12,28.55,55.46",28.92,77.26,30.67,88.52,31.07,93.12,28.55,55.46,true,0
session_20260624_181854_P001,61,6736,2026-06-24T18:19:01.914698,Okulary BME280,"28.92,77.19,30.66,88.43,31.06,93.14,28.55,55.45",28.92,77.19,30.66,88.43,31.06,93.14,28.55,55.45,true,0
session_20260624_181854_P001,62,6874,2026-06-24T18:19:02.052830,Okulary BME280,"28.92,77.11,30.65,88.33,31.02,93.15,28.55,55.43",28.92,77.11,30.65,88.33,31.02,93.15,28.55,55.43,true,0
session_20260624_181854_P001,63,6990,2026-06-24T18:19:02.169383,Okulary BME280,"28.92,77.01,30.65,88.21,31.01,93.16,28.55,55.42",28.92,77.01,30.65,88.21,31.01,93.16,28.55,55.42,true,0
session_20260624_181854_P001,64,7061,2026-06-24T18:19:02.240455,Okulary BME280,"28.92,76.92,30.64,88.11,30.99,93.18,28.55,55.41",28.92,76.92,30.64,88.11,30.99,93.18,28.55,55.41,true,0
session_20260624_181854_P001,65,7188,2026-06-24T18:19:02.367528,Okulary BME280,"28.92,76.83,30.63,87.99,30.97,93.16,28.56,55.39",28.92,76.83,30.63,87.99,30.97,93.16,28.56,55.39,true,0
session_20260624_181854_P001,66,7277,2026-06-24T18:19:02.456087,Okulary BME280,"28.91,76.75,30.63,87.95,30.95,93.17,28.55,55.39",28.91,76.75,30.63,87.95,30.95,93.17,28.55,55.39,true,0
session_20260624_181854_P001,67,7443,2026-06-24T18:19:02.622421,Okulary BME280,"28.92,76.72,30.65,88.12,30.94,93.45,28.56,55.35",28.92,76.72,30.65,88.12,30.94,93.45,28.56,55.35,true,0
session_20260624_181854_P001,68,7538,2026-06-24T18:19:02.717209,Okulary BME280,"28.93,76.66,30.70,88.40,30.96,94.05,28.56,55.30",28.93,76.66,30.70,88.40,30.96,94.05,28.56,55.30,true,0
session_20260624_181854_P001,69,7638,2026-06-24T18:19:02.817017,Okulary BME280,"28.93,76.57,30.81,88.70,31.06,94.44,28.55,55.29",28.93,76.57,30.81,88.70,31.06,94.44,28.55,55.29,true,0
session_20260624_181854_P001,70,7731,2026-06-24T18:19:02.909876,Okulary BME280,"28.93,76.43,30.93,89.00,31.21,94.66,28.55,55.36",28.93,76.43,30.93,89.00,31.21,94.66,28.55,55.36,true,0
session_20260624_181854_P001,71,7823,2026-06-24T18:19:03.002436,Okulary BME280,"28.92,76.32,31.06,89.28,31.56,95.06,28.56,55.50",28.92,76.32,31.06,89.28,31.56,95.06,28.56,55.50,true,0
session_20260624_181854_P001,72,7992,2026-06-24T18:19:03.170988,Okulary BME280,"28.92,76.24,31.17,89.55,31.72,95.19,28.57,55.49",28.92,76.24,31.17,89.55,31.72,95.19,28.57,55.49,true,0
session_20260624_181854_P001,73,8042,2026-06-24T18:19:03.221252,Okulary BME280,"28.92,76.21,31.28,89.80,31.88,95.31,28.57,55.42",28.92,76.21,31.28,89.80,31.88,95.31,28.57,55.42,true,0
session_20260624_181854_P001,74,8177,2026-06-24T18:19:03.355733,Okulary BME280,"28.92,76.06,31.38,89.98,32.02,95.37,28.56,55.39",28.92,76.06,31.38,89.98,32.02,95.37,28.56,55.39,true,0
session_20260624_181854_P001,75,8284,2026-06-24T18:19:03.462639,Okulary BME280,"28.92,75.87,31.55,90.39,32.15,95.42,28.56,55.36",28.92,75.87,31.55,90.39,32.15,95.42,28.56,55.36,true,0
session_20260624_181854_P001,76,8383,2026-06-24T18:19:03.561920,Okulary BME280,"28.92,75.76,31.62,90.55,32.25,95.46,28.56,55.31",28.92,75.76,31.62,90.55,32.25,95.46,28.56,55.31,true,0
session_20260624_181854_P001,77,8504,2026-06-24T18:19:03.683107,Okulary BME280,"28.91,75.63,31.69,90.70,32.34,95.48,28.56,55.33",28.91,75.63,31.69,90.70,32.34,95.48,28.56,55.33,true,0
session_20260624_181854_P001,78,8609,2026-06-24T18:19:03.788220,Okulary BME280,"28.91,75.50,31.74,90.83,32.43,95.48,28.56,55.33",28.91,75.50,31.74,90.83,32.43,95.48,28.56,55.33,true,0
session_20260624_181854_P001,79,8745,2026-06-24T18:19:03.924460,Okulary BME280,"28.91,75.39,31.79,90.95,32.49,95.49,28.56,55.29",28.91,75.39,31.79,90.95,32.49,95.49,28.56,55.29,true,0
session_20260624_181854_P001,80,8843,2026-06-24T18:19:04.022038,Okulary BME280,"28.90,75.30,31.84,91.04,32.57,95.51,28.56,55.30",28.90,75.30,31.84,91.04,32.57,95.51,28.56,55.30,true,0
session_20260624_181854_P001,81,8956,2026-06-24T18:19:04.134687,Okulary BME280,"28.91,75.20,31.87,91.13,32.59,95.50,28.56,55.30",28.91,75.20,31.87,91.13,32.59,95.50,28.56,55.30,true,0
session_20260624_181854_P001,82,9030,2026-06-24T18:19:04.209214,Okulary BME280,"28.90,75.07,31.90,91.19,32.62,95.49,28.56,55.29",28.90,75.07,31.90,91.19,32.62,95.49,28.56,55.29,true,0
session_20260624_181854_P001,83,9154,2026-06-24T18:19:04.333100,Okulary BME280,"28.90,74.97,31.93,91.25,32.63,95.51,28.56,55.39",28.90,74.97,31.93,91.25,32.63,95.51,28.56,55.39,true,0
session_20260624_181854_P001,84,9281,2026-06-24T18:19:04.460425,Okulary BME280,"28.90,74.95,31.96,91.34,32.64,95.50,28.56,55.51",28.90,74.95,31.96,91.34,32.64,95.50,28.56,55.51,true,0
session_20260624_181854_P001,85,9368,2026-06-24T18:19:04.546661,Okulary BME280,"28.91,74.95,31.97,91.38,32.66,95.50,28.57,55.57",28.91,74.95,31.97,91.38,32.66,95.50,28.57,55.57,true,0
session_20260624_181854_P001,86,9482,2026-06-24T18:19:04.660745,Okulary BME280,"28.91,74.93,31.97,91.41,32.65,95.49,28.58,55.59",28.91,74.93,31.97,91.41,32.65,95.49,28.58,55.59,true,0
session_20260624_181854_P001,87,9578,2026-06-24T18:19:04.756837,Okulary BME280,"28.91,74.94,31.97,91.42,32.65,95.48,28.58,55.56",28.91,74.94,31.97,91.42,32.65,95.48,28.58,55.56,true,0
session_20260624_181854_P001,88,9719,2026-06-24T18:19:04.898326,Okulary BME280,"28.92,74.91,31.96,91.42,32.64,95.48,28.58,55.56",28.92,74.91,31.96,91.42,32.64,95.48,28.58,55.56,true,0
session_20260624_181854_P001,89,9800,2026-06-24T18:19:04.978778,Okulary BME280,"28.92,74.85,31.93,91.34,32.57,94.97,28.58,55.50",28.92,74.85,31.93,91.34,32.57,94.97,28.58,55.50,true,0
session_20260624_181854_P001,90,9896,2026-06-24T18:19:05.075213,Okulary BME280,"28.92,74.78,31.90,91.13,32.46,94.57,28.57,55.47",28.92,74.78,31.90,91.13,32.46,94.57,28.57,55.47,true,0
session_20260624_181854_P001,91,10056,2026-06-24T18:19:05.234954,Okulary BME280,"28.93,74.77,31.83,90.86,32.29,94.16,28.57,55.45",28.93,74.77,31.83,90.86,32.29,94.16,28.57,55.45,true,0
session_20260624_181854_P001,92,10110,2026-06-24T18:19:05.288894,Okulary BME280,"28.93,74.84,31.71,90.47,32.13,93.85,28.57,55.47",28.93,74.84,31.71,90.47,32.13,93.85,28.57,55.47,true,0
session_20260624_181854_P001,93,10252,2026-06-24T18:19:05.431124,Okulary BME280,"28.94,74.85,31.41,89.85,31.98,93.51,28.57,55.45",28.94,74.85,31.41,89.85,31.98,93.51,28.57,55.45,true,0
session_20260624_181854_P001,94,10353,2026-06-24T18:19:05.531760,Okulary BME280,"28.94,74.83,31.28,89.67,31.85,93.33,28.57,55.43",28.94,74.83,31.28,89.67,31.85,93.33,28.57,55.43,true,0
session_20260624_181854_P001,95,10451,2026-06-24T18:19:05.629853,Okulary BME280,"28.94,74.77,31.17,89.54,31.73,93.16,28.57,55.43",28.94,74.77,31.17,89.54,31.73,93.16,28.57,55.43,true,0
session_20260624_181854_P001,96,10575,2026-06-24T18:19:05.754442,Okulary BME280,"28.94,74.70,31.08,89.42,31.64,93.03,28.57,55.47",28.94,74.70,31.08,89.42,31.64,93.03,28.57,55.47,true,0
session_20260624_181854_P001,97,10671,2026-06-24T18:19:05.850550,Okulary BME280,"28.94,74.68,31.01,89.27,31.49,92.99,28.58,55.62",28.94,74.68,31.01,89.27,31.49,92.99,28.58,55.62,true,0
session_20260624_181854_P001,98,10788,2026-06-24T18:19:05.967214,Okulary BME280,"28.94,74.66,30.95,89.12,31.42,93.01,28.59,55.65",28.94,74.66,30.95,89.12,31.42,93.01,28.59,55.65,true,0
session_20260624_181854_P001,99,10879,2026-06-24T18:19:06.058187,Okulary BME280,"28.94,74.66,30.90,88.98,31.37,93.06,28.59,55.69",28.94,74.66,30.90,88.98,31.37,93.06,28.59,55.69,true,0
session_20260624_181854_P001,100,11026,2026-06-24T18:19:06.204643,Okulary BME280,"28.94,74.50,30.85,88.83,31.32,93.12,28.59,55.70",28.94,74.50,30.85,88.83,31.32,93.12,28.59,55.70,true,0
session_20260624_181854_P001,101,11102,2026-06-24T18:19:06.280654,Okulary BME280,"28.95,74.43,30.81,88.59,31.29,93.23,28.60,55.70",28.95,74.43,30.81,88.59,31.29,93.23,28.60,55.70,true,0
session_20260624_181854_P001,102,11224,2026-06-24T18:19:06.402831,Okulary BME280,"28.95,74.37,30.76,88.40,31.27,93.28,28.60,55.69",28.95,74.37,30.76,88.40,31.27,93.28,28.60,55.69,true,0
session_20260624_181854_P001,103,11327,2026-06-24T18:19:06.506275,Okulary BME280,"28.94,74.28,30.73,88.24,31.24,93.33,28.59,55.65",28.94,74.28,30.73,88.24,31.24,93.33,28.59,55.65,true,0
session_20260624_181854_P001,104,11421,2026-06-24T18:19:06.600344,Okulary BME280,"28.94,74.21,30.70,88.07,31.21,93.34,28.59,55.61",28.94,74.21,30.70,88.07,31.21,93.34,28.59,55.61,true,0
session_20260624_181854_P001,105,11573,2026-06-24T18:19:06.752328,Okulary BME280,"28.94,74.12,30.67,87.92,31.17,93.36,28.59,55.57",28.94,74.12,30.67,87.92,31.17,93.36,28.59,55.57,true,0
session_20260624_181854_P001,106,11673,2026-06-24T18:19:06.852207,Okulary BME280,"28.95,74.06,30.65,87.79,31.11,93.41,28.59,55.50",28.95,74.06,30.65,87.79,31.11,93.41,28.59,55.50,true,0
session_20260624_181854_P001,107,11783,2026-06-24T18:19:06.962292,Okulary BME280,"28.94,74.05,30.63,87.67,31.08,93.44,28.59,55.37",28.94,74.05,30.63,87.67,31.08,93.44,28.59,55.37,true,0
session_20260624_181854_P001,108,11878,2026-06-24T18:19:07.056609,Okulary BME280,"28.95,73.92,30.62,87.55,31.06,93.47,28.58,55.29",28.95,73.92,30.62,87.55,31.06,93.47,28.58,55.29,true,0
session_20260624_181854_P001,109,11975,2026-06-24T18:19:07.153604,Okulary BME280,"28.95,73.87,30.62,87.47,31.05,93.52,28.58,55.25",28.95,73.87,30.62,87.47,31.05,93.52,28.58,55.25,true,0
session_20260624_181854_P001,110,12099,2026-06-24T18:19:07.278514,Okulary BME280,"28.95,73.80,30.64,87.69,31.05,93.83,28.58,55.26",28.95,73.80,30.64,87.69,31.05,93.83,28.58,55.26,true,0
session_20260624_181854_P001,111,12181,2026-06-24T18:19:07.360304,Okulary BME280,"28.95,73.74,30.70,87.92,31.08,94.26,28.58,55.28",28.95,73.74,30.70,87.92,31.08,94.26,28.58,55.28,true,0
session_20260624_181854_P001,112,12334,2026-06-24T18:19:07.512760,Okulary BME280,"28.95,73.67,30.77,88.16,31.14,94.57,28.59,55.21",28.95,73.67,30.77,88.16,31.14,94.57,28.59,55.21,true,0
session_20260624_181854_P001,113,12432,2026-06-24T18:19:07.610606,Okulary BME280,"28.96,73.60,30.87,88.42,31.23,94.83,28.59,55.14",28.96,73.60,30.87,88.42,31.23,94.83,28.59,55.14,true,0
session_20260624_181854_P001,114,12541,2026-06-24T18:19:07.720296,Okulary BME280,"28.95,73.55,30.97,88.69,31.34,95.07,28.59,55.11",28.95,73.55,30.97,88.69,31.34,95.07,28.59,55.11,true,0
session_20260624_181854_P001,115,12636,2026-06-24T18:19:07.815036,Okulary BME280,"28.95,73.55,31.07,88.92,31.63,95.29,28.59,54.98",28.95,73.55,31.07,88.92,31.63,95.29,28.59,54.98,true,0
session_20260624_181854_P001,116,12725,2026-06-24T18:19:07.903564,Okulary BME280,"28.96,73.50,31.18,89.17,31.78,95.37,28.59,55.02",28.96,73.50,31.18,89.17,31.78,95.37,28.59,55.02,true,0
session_20260624_181854_P001,117,12864,2026-06-24T18:19:08.043305,Okulary BME280,"28.96,73.43,31.28,89.41,31.91,95.45,28.59,54.98",28.96,73.43,31.28,89.41,31.91,95.45,28.59,54.98,true,0
session_20260624_181854_P001,118,12974,2026-06-24T18:19:08.152871,Okulary BME280,"28.97,73.39,31.37,89.60,32.04,95.50,28.59,54.97",28.97,73.39,31.37,89.60,32.04,95.50,28.59,54.97,true,0
session_20260624_181854_P001,119,13105,2026-06-24T18:19:08.284120,Okulary BME280,"28.97,73.33,31.55,90.01,32.15,95.54,28.59,54.97",28.97,73.33,31.55,90.01,32.15,95.54,28.59,54.97,true,0
session_20260624_181854_P001,120,13198,2026-06-24T18:19:08.377039,Okulary BME280,"28.97,73.28,31.63,90.19,32.25,95.57,28.59,54.91",28.97,73.28,31.63,90.19,32.25,95.57,28.59,54.91,true,0
session_20260624_181854_P001,121,13262,2026-06-24T18:19:08.440824,Okulary BME280,"28.97,73.23,31.70,90.35,32.34,95.60,28.59,54.90",28.97,73.23,31.70,90.35,32.34,95.60,28.59,54.90,true,0
session_20260624_181854_P001,122,13423,2026-06-24T18:19:08.601962,Okulary BME280,"28.98,73.20,31.76,90.48,32.43,95.60,28.59,54.88",28.98,73.20,31.76,90.48,32.43,95.60,28.59,54.88,true,0
session_20260624_181854_P001,123,13519,2026-06-24T18:19:08.697846,Okulary BME280,"28.97,73.15,31.82,90.61,32.50,95.62,28.59,54.89",28.97,73.15,31.82,90.61,32.50,95.62,28.59,54.89,true,0
session_20260624_181854_P001,124,13620,2026-06-24T18:19:08.798939,Okulary BME280,"28.98,73.20,31.88,90.73,32.63,95.63,28.59,54.92",28.98,73.20,31.88,90.73,32.63,95.63,28.59,54.92,true,0
session_20260624_181854_P001,125,13712,2026-06-24T18:19:08.891185,Okulary BME280,"28.98,73.12,31.93,90.84,32.68,95.64,28.60,54.97",28.98,73.12,31.93,90.84,32.68,95.64,28.60,54.97,true,0
session_20260624_181854_P001,126,13846,2026-06-24T18:19:09.025527,Okulary BME280,"28.98,73.15,31.97,90.90,32.73,95.65,28.59,54.99",28.98,73.15,31.97,90.90,32.73,95.65,28.59,54.99,true,0
session_20260624_181854_P001,127,13964,2026-06-24T18:19:09.143159,Okulary BME280,"28.99,73.20,32.01,91.00,32.76,95.65,28.60,55.01",28.99,73.20,32.01,91.00,32.76,95.65,28.60,55.01,true,0
session_20260624_181854_P001,128,14025,2026-06-24T18:19:09.204095,Okulary BME280,"28.99,73.30,32.06,91.12,32.80,95.63,28.60,54.94",28.99,73.30,32.06,91.12,32.80,95.63,28.60,54.94,true,0
session_20260624_181854_P001,129,14181,2026-06-24T18:19:09.359769,Okulary BME280,"29.00,73.43,32.07,91.14,32.82,95.61,28.60,54.83",29.00,73.43,32.07,91.14,32.82,95.61,28.60,54.83,true,0
session_20260624_181854_P001,130,14251,2026-06-24T18:19:09.430194,Okulary BME280,"29.01,73.53,32.07,91.12,32.83,95.57,28.59,54.74",29.01,73.53,32.07,91.12,32.83,95.57,28.59,54.74,true,0
session_20260624_181854_P001,131,14398,2026-06-24T18:19:09.576994,Okulary BME280,"29.01,73.29,32.05,91.02,32.82,95.45,28.58,54.69",29.01,73.29,32.05,91.02,32.82,95.45,28.58,54.69,true,0
session_20260624_181854_P001,132,14497,2026-06-24T18:19:09.675959,Okulary BME280,"29.00,72.97,31.99,90.85,32.78,95.09,28.57,54.62",29.00,72.97,31.99,90.85,32.78,95.09,28.57,54.62,true,0
session_20260624_181854_P001,133,14633,2026-06-24T18:19:09.812396,Okulary BME280,"28.99,72.84,31.89,90.61,32.62,94.70,28.56,54.58",28.99,72.84,31.89,90.61,32.62,94.70,28.56,54.58,true,0
session_20260624_181854_P001,134,14712,2026-06-24T18:19:09.890978,Okulary BME280,"28.98,72.98,31.78,90.34,32.46,94.29,28.56,54.47",28.98,72.98,31.78,90.34,32.46,94.29,28.56,54.47,true,0
session_20260624_181854_P001,135,14811,2026-06-24T18:19:09.990196,Okulary BME280,"28.98,72.98,31.65,90.08,32.26,93.89,28.55,54.41",28.98,72.98,31.65,90.08,32.26,93.89,28.55,54.41,true,0
session_20260624_181854_P001,136,14925,2026-06-24T18:19:10.104222,Okulary BME280,"28.98,72.99,31.52,89.78,32.06,93.45,28.55,54.32",28.98,72.99,31.52,89.78,32.06,93.45,28.55,54.32,true,0
session_20260624_181854_P001,137,15066,2026-06-24T18:19:10.244805,Okulary BME280,"28.98,72.98,31.25,89.30,31.87,93.23,28.55,54.23",28.98,72.98,31.25,89.30,31.87,93.23,28.55,54.23,true,0
session_20260624_181854_P001,138,15178,2026-06-24T18:19:10.356615,Okulary BME280,"28.98,72.94,31.12,89.17,31.72,93.12,28.54,54.19",28.98,72.94,31.12,89.17,31.72,93.12,28.54,54.19,true,0
session_20260624_181854_P001,139,15272,2026-06-24T18:19:10.451280,Okulary BME280,"28.98,72.93,31.02,89.02,31.59,93.09,28.54,54.21",28.98,72.93,31.02,89.02,31.59,93.09,28.54,54.21,true,0
session_20260624_181854_P001,140,15334,2026-06-24T18:19:10.512779,Okulary BME280,"28.98,72.86,30.95,88.86,31.50,93.10,28.54,54.29",28.98,72.86,30.95,88.86,31.50,93.10,28.54,54.29,true,0
session_20260624_181854_P001,141,15469,2026-06-24T18:19:10.648279,Okulary BME280,"28.99,72.86,30.90,88.70,31.37,93.10,28.55,54.38",28.99,72.86,30.90,88.70,31.37,93.10,28.55,54.38,true,0
session_20260624_181854_P001,142,15568,2026-06-24T18:19:10.746961,Okulary BME280,"28.98,72.79,30.84,88.52,31.32,93.16,28.55,54.42",28.98,72.79,30.84,88.52,31.32,93.16,28.55,54.42,true,0
session_20260624_181854_P001,143,15692,2026-06-24T18:19:10.870809,Okulary BME280,"28.98,72.68,30.79,88.36,31.28,93.24,28.56,54.38",28.98,72.68,30.79,88.36,31.28,93.24,28.56,54.38,true,0
session_20260624_181854_P001,144,15804,2026-06-24T18:19:10.983316,Okulary BME280,"28.98,72.62,30.76,88.16,31.25,93.33,28.56,54.33",28.98,72.62,30.76,88.16,31.25,93.33,28.56,54.33,true,0
session_20260624_181854_P001,145,15997,2026-06-24T18:19:11.176072,Okulary BME280,"28.99,72.50,30.73,88.05,31.22,93.38,28.56,54.30",28.99,72.50,30.73,88.05,31.22,93.38,28.56,54.30,true,0
session_20260624_181854_P001,146,16044,2026-06-24T18:19:11.223179,Okulary BME280,"28.99,72.38,30.68,87.73,31.20,93.45,28.56,54.27",28.99,72.38,30.68,87.73,31.20,93.45,28.56,54.27,true,0
session_20260624_181854_P001,147,16105,2026-06-24T18:19:11.283965,Okulary BME280,"28.98,72.28,30.66,87.59,31.17,93.51,28.56,54.22",28.98,72.28,30.66,87.59,31.17,93.51,28.56,54.22,true,0
session_20260624_181854_P001,148,16264,2026-06-24T18:19:11.443277,Okulary BME280,"28.98,72.18,30.65,87.47,31.16,93.50,28.56,54.16",28.98,72.18,30.65,87.47,31.16,93.50,28.56,54.16,true,0
session_20260624_181854_P001,149,16321,2026-06-24T18:19:11.499978,Okulary BME280,"28.99,72.05,30.64,87.36,31.14,93.57,28.56,54.07",28.99,72.05,30.64,87.36,31.14,93.57,28.56,54.07,true,0
session_20260624_181854_P001,150,16470,2026-06-24T18:19:11.649311,Okulary BME280,"28.98,72.00,30.64,87.28,31.11,93.65,28.55,54.04",28.98,72.00,30.64,87.28,31.11,93.65,28.55,54.04,true,0
session_20260624_181854_P001,151,16573,2026-06-24T18:19:11.751960,Okulary BME280,"28.98,71.83,30.64,87.20,31.10,93.66,28.56,54.27",28.98,71.83,30.64,87.20,31.10,93.66,28.56,54.27,true,0
session_20260624_181854_P001,152,16693,2026-06-24T18:19:11.872457,Okulary BME280,"28.98,71.83,30.64,87.11,31.09,93.66,28.56,54.31",28.98,71.83,30.64,87.11,31.09,93.66,28.56,54.31,true,0
session_20260624_181854_P001,153,16770,2026-06-24T18:19:11.949108,Okulary BME280,"28.99,71.87,30.65,87.05,31.09,93.66,28.57,54.32",28.99,71.87,30.65,87.05,31.09,93.66,28.57,54.32,true,0
session_20260624_181854_P001,154,16895,2026-06-24T18:19:12.073726,Okulary BME280,"29.00,71.90,30.66,87.08,31.08,93.66,28.57,54.29",29.00,71.90,30.66,87.08,31.08,93.66,28.57,54.29,true,0
session_20260624_181854_P001,155,17016,2026-06-24T18:19:12.194747,Okulary BME280,"29.00,71.85,30.72,87.33,31.08,93.97,28.57,54.21",29.00,71.85,30.72,87.33,31.08,93.97,28.57,54.21,true,0
session_20260624_181854_P001,156,17091,2026-06-24T18:19:12.269591,Okulary BME280,"29.01,71.79,30.77,87.57,31.11,94.44,28.57,54.11",29.01,71.79,30.77,87.57,31.11,94.44,28.57,54.11,true,0
session_20260624_181854_P001,157,17248,2026-06-24T18:19:12.426879,Okulary BME280,"29.01,71.77,30.86,87.82,31.18,94.74,28.56,54.06",29.01,71.77,30.86,87.82,31.18,94.74,28.56,54.06,true,0
session_20260624_181854_P001,158,17316,2026-06-24T18:19:12.495374,Okulary BME280,"29.01,71.66,30.96,88.08,31.28,94.89,28.56,53.95",29.01,71.66,30.96,88.08,31.28,94.89,28.56,53.95,true,0
session_20260624_181854_P001,159,17489,2026-06-24T18:19:12.668472,Okulary BME280,"29.00,71.56,31.06,88.36,31.54,95.21,28.56,53.97",29.00,71.56,31.06,88.36,31.54,95.21,28.56,53.97,true,0
session_20260624_181854_P001,160,17536,2026-06-24T18:19:12.714623,Okulary BME280,"29.00,71.34,31.16,88.61,31.67,95.31,28.56,53.93",29.00,71.34,31.16,88.61,31.67,95.31,28.56,53.93,true,0
session_20260624_181854_P001,161,17629,2026-06-24T18:19:12.808555,Okulary BME280,"28.99,71.22,31.26,88.84,31.80,95.39,28.55,53.96",28.99,71.22,31.26,88.84,31.80,95.39,28.55,53.96,true,0
session_20260624_181854_P001,162,17777,2026-06-24T18:19:12.956179,Okulary BME280,"28.99,71.06,31.35,89.08,31.93,95.45,28.55,54.06",28.99,71.06,31.35,89.08,31.93,95.45,28.55,54.06,true,0
session_20260624_181854_P001,163,17876,2026-06-24T18:19:13.054956,Okulary BME280,"28.98,70.92,31.51,89.46,32.04,95.50,28.56,54.09",28.98,70.92,31.51,89.46,32.04,95.50,28.56,54.09,true,0
session_20260624_181854_P001,164,17996,2026-06-24T18:19:13.174908,Okulary BME280,"28.99,70.81,31.57,89.62,32.13,95.52,28.57,54.10",28.99,70.81,31.57,89.62,32.13,95.52,28.57,54.10,true,0
session_20260624_181854_P001,165,18094,2026-06-24T18:19:13.272941,Okulary BME280,"28.99,70.70,31.62,89.78,32.22,95.56,28.57,54.11",28.99,70.70,31.62,89.78,32.22,95.56,28.57,54.11,true,0
session_20260624_181854_P001,166,18201,2026-06-24T18:19:13.379993,Okulary BME280,"28.99,70.55,31.67,89.91,32.30,95.59,28.57,54.10",28.99,70.55,31.67,89.91,32.30,95.59,28.57,54.10,true,0
session_20260624_181854_P001,167,18305,2026-06-24T18:19:13.483715,Okulary BME280,"28.99,70.43,31.72,90.02,32.36,95.61,28.57,54.11",28.99,70.43,31.72,90.02,32.36,95.61,28.57,54.11,true,0
session_20260624_181854_P001,168,18391,2026-06-24T18:19:13.570202,Okulary BME280,"28.99,70.25,31.77,90.14,32.50,95.63,28.57,54.09",28.99,70.25,31.77,90.14,32.50,95.63,28.57,54.09,true,0
session_20260624_181854_P001,169,18539,2026-06-24T18:19:13.717701,Okulary BME280,"28.98,70.11,31.82,90.25,32.55,95.64,28.56,54.01",28.98,70.11,31.82,90.25,32.55,95.64,28.56,54.01,true,0
session_20260624_181854_P001,170,18646,2026-06-24T18:19:13.825246,Okulary BME280,"28.98,70.03,31.86,90.31,32.59,95.62,28.56,54.00",28.98,70.03,31.86,90.31,32.59,95.62,28.56,54.00,true,0
session_20260624_181854_P001,171,18773,2026-06-24T18:19:13.952034,Okulary BME280,"28.98,69.92,31.89,90.43,32.63,95.62,28.56,53.97",28.98,69.92,31.89,90.43,32.63,95.62,28.56,53.97,true,0
session_20260624_181854_P001,172,18841,2026-06-24T18:19:14.020241,Okulary BME280,"28.99,69.83,31.95,90.55,32.65,95.62,28.56,53.93",28.99,69.83,31.95,90.55,32.65,95.62,28.56,53.93,true,0
session_20260624_181854_P001,173,18930,2026-06-24T18:19:14.108915,Okulary BME280,"28.98,69.75,31.97,90.61,32.68,95.62,28.56,53.89",28.98,69.75,31.97,90.61,32.68,95.62,28.56,53.89,true,0
session_20260624_181854_P001,174,19132,2026-06-24T18:19:14.310672,Okulary BME280,"28.98,69.65,31.99,90.67,32.70,95.62,28.56,53.86",28.98,69.65,31.99,90.67,32.70,95.62,28.56,53.86,true,0
session_20260624_181854_P001,175,19179,2026-06-24T18:19:14.358539,Okulary BME280,"28.98,69.57,32.00,90.72,32.72,95.59,28.56,53.82",28.98,69.57,32.00,90.72,32.72,95.59,28.56,53.82,true,0
session_20260624_181854_P001,176,19331,2026-06-24T18:19:14.510448,Okulary BME280,"28.98,69.40,32.01,90.73,32.72,95.50,28.56,53.87",28.98,69.40,32.01,90.73,32.72,95.50,28.56,53.87,true,0
session_20260624_181854_P001,177,19393,2026-06-24T18:19:14.572360,Okulary BME280,"28.99,69.49,32.00,90.73,32.69,95.43,28.56,53.89",28.99,69.49,32.00,90.73,32.69,95.43,28.56,53.89,true,0
session_20260624_181854_P001,178,19522,2026-06-24T18:19:14.700928,Okulary BME280,"29.00,69.54,31.99,90.70,32.65,95.23,28.57,53.87",29.00,69.54,31.99,90.70,32.65,95.23,28.57,53.87,true,0
session_20260624_181854_P001,179,19615,2026-06-24T18:19:14.794140,Okulary BME280,"29.00,69.59,31.96,90.40,32.55,94.75,28.57,53.86",29.00,69.59,31.96,90.40,32.55,94.75,28.57,53.86,true,0
session_20260624_181854_P001,180,19712,2026-06-24T18:19:14.891007,Okulary BME280,"29.01,69.61,31.86,90.03,32.38,94.12,28.58,53.86",29.01,69.61,31.86,90.03,32.38,94.12,28.58,53.86,true,0
session_20260624_181854_P001,181,19830,2026-06-24T18:19:15.008786,Okulary BME280,"29.02,69.62,31.48,89.23,32.15,93.46,28.57,53.86",29.02,69.62,31.48,89.23,32.15,93.46,28.57,53.86,true,0
session_20260624_181854_P001,182,19923,2026-06-24T18:19:15.102457,Okulary BME280,"29.01,69.63,31.28,88.91,31.91,93.02,28.57,53.85",29.01,69.63,31.28,88.91,31.91,93.02,28.57,53.85,true,0
session_20260624_181854_P001,183,20055,2026-06-24T18:19:15.234053,Okulary BME280,"29.01,69.60,31.09,88.64,31.70,92.79,28.57,53.83",29.01,69.60,31.09,88.64,31.70,92.79,28.57,53.83,true,0
session_20260624_181854_P001,184,20158,2026-06-24T18:19:15.336898,Okulary BME280,"29.02,69.58,30.94,88.41,31.54,92.72,28.57,53.83",29.02,69.58,30.94,88.41,31.54,92.72,28.57,53.83,true,0
session_20260624_181854_P001,185,20257,2026-06-24T18:19:15.435585,Okulary BME280,"29.01,69.53,30.84,88.21,31.31,92.88,28.57,53.78",29.01,69.53,30.84,88.21,31.31,92.88,28.57,53.78,true,0
session_20260624_181854_P001,186,20417,2026-06-24T18:19:15.596448,Okulary BME280,"29.01,69.47,30.76,88.12,31.26,93.22,28.57,53.77",29.01,69.47,30.76,88.12,31.26,93.22,28.57,53.77,true,0
session_20260624_181854_P001,187,20475,2026-06-24T18:19:15.654163,Okulary BME280,"29.01,69.39,30.73,88.16,31.26,93.66,28.57,53.73",29.01,69.39,30.73,88.16,31.26,93.66,28.57,53.73,true,0
session_20260624_181854_P001,188,20618,2026-06-24T18:19:15.796697,Okulary BME280,"29.01,69.33,30.76,88.32,31.27,94.11,28.57,53.77",29.01,69.33,30.76,88.32,31.27,94.11,28.57,53.77,true,0
session_20260624_181854_P001,189,20713,2026-06-24T18:19:15.892111,Okulary BME280,"29.02,69.26,30.82,88.46,31.32,94.39,28.57,53.77",29.02,69.26,30.82,88.46,31.32,94.39,28.57,53.77,true,0
session_20260624_181854_P001,190,20822,2026-06-24T18:19:16.001160,Okulary BME280,"29.02,69.22,30.97,88.73,31.38,94.53,28.58,53.74",29.02,69.22,30.97,88.73,31.38,94.53,28.58,53.74,true,0
session_20260624_181854_P001,191,20927,2026-06-24T18:19:16.106246,Okulary BME280,"29.02,69.19,31.03,88.84,31.44,94.63,28.58,53.71",29.02,69.19,31.03,88.84,31.44,94.63,28.58,53.71,true,0
session_20260624_181854_P001,192,21011,2026-06-24T18:19:16.190299,Okulary BME280,"29.02,69.21,31.07,88.74,31.49,94.59,28.59,53.70",29.02,69.21,31.07,88.74,31.49,94.59,28.59,53.70,true,0
session_20260624_181854_P001,193,21136,2026-06-24T18:19:16.315289,Okulary BME280,"29.02,69.18,31.07,88.57,31.52,94.43,28.60,53.70",29.02,69.18,31.07,88.57,31.52,94.43,28.60,53.70,true,0
session_20260624_181854_P001,194,21228,2026-06-24T18:19:16.407483,Okulary BME280,"29.02,69.03,31.01,88.39,31.49,94.17,28.60,53.69",29.02,69.03,31.01,88.39,31.49,94.17,28.60,53.69,true,0
session_20260624_181854_P001,195,21382,2026-06-24T18:19:16.561040,Okulary BME280,"29.02,68.98,30.95,88.20,31.45,94.06,28.59,53.68",29.02,68.98,30.95,88.20,31.45,94.06,28.59,53.68,true,0
session_20260624_181854_P001,196,21465,2026-06-24T18:19:16.644465,Okulary BME280,"29.03,68.92,30.89,88.01,31.41,94.00,28.59,53.69",29.03,68.92,30.89,88.01,31.41,94.00,28.59,53.69,true,0
session_20260624_181854_P001,197,21604,2026-06-24T18:19:16.783157,Okulary BME280,"29.02,68.83,30.83,87.86,31.38,93.96,28.59,53.71",29.02,68.83,30.83,87.86,31.38,93.96,28.59,53.71,true,0
session_20260624_181854_P001,198,21715,2026-06-24T18:19:16.894219,Okulary BME280,"29.02,68.75,30.78,87.69,31.35,93.92,28.59,53.71",29.02,68.75,30.78,87.69,31.35,93.92,28.59,53.71,true,0
session_20260624_181854_P001,199,21766,2026-06-24T18:19:16.945422,Okulary BME280,"29.02,68.67,30.74,87.38,31.32,93.89,28.59,53.70",29.02,68.67,30.74,87.38,31.32,93.89,28.59,53.70,true,0
session_20260624_181854_P001,200,21906,2026-06-24T18:19:17.085288,Okulary BME280,"29.02,68.66,30.73,87.29,31.30,93.88,28.59,53.70",29.02,68.66,30.73,87.29,31.30,93.88,28.59,53.70,true,0
session_20260624_181854_P001,201,22003,2026-06-24T18:19:17.181708,Okulary BME280,"29.03,68.65,30.73,87.23,31.28,93.91,28.59,53.76",29.03,68.65,30.73,87.23,31.28,93.91,28.59,53.76,true,0
session_20260624_181854_P001,202,22144,2026-06-24T18:19:17.323106,Okulary BME280,"29.04,68.61,30.74,87.14,31.26,93.87,28.59,53.85",29.04,68.61,30.74,87.14,31.26,93.87,28.59,53.85,true,0
session_20260624_181854_P001,203,22218,2026-06-24T18:19:17.396877,Okulary BME280,"29.04,68.62,30.74,87.02,31.25,93.90,28.60,53.90",29.04,68.62,30.74,87.02,31.25,93.90,28.60,53.90,true,0
session_20260624_181854_P001,204,22361,2026-06-24T18:19:17.539687,Okulary BME280,"29.05,68.64,30.74,86.91,31.25,93.92,28.60,53.98",29.05,68.64,30.74,86.91,31.25,93.92,28.60,53.98,true,0
session_20260624_181854_P001,205,22485,2026-06-24T18:19:17.663914,Okulary BME280,"29.05,68.65,30.74,86.84,31.25,93.91,28.60,53.96",29.05,68.65,30.74,86.84,31.25,93.91,28.60,53.96,true,0
session_20260624_181854_P001,206,22531,2026-06-24T18:19:17.710235,Okulary BME280,"29.05,68.64,30.74,86.79,31.24,93.88,28.61,53.95",29.05,68.64,30.74,86.79,31.24,93.88,28.61,53.95,true,0
session_20260624_181854_P001,207,22673,2026-06-24T18:19:17.852244,Okulary BME280,"29.06,68.62,30.74,86.69,31.24,93.87,28.61,53.93",29.06,68.62,30.74,86.69,31.24,93.87,28.61,53.93,true,0
session_20260624_181854_P001,208,22756,2026-06-24T18:19:17.934895,Okulary BME280,"29.06,68.57,30.74,86.54,31.23,93.86,28.61,53.93",29.06,68.57,30.74,86.54,31.23,93.86,28.61,53.93,true,0
session_20260624_181854_P001,209,22907,2026-06-24T18:19:18.086357,Okulary BME280,"29.05,68.46,30.73,86.55,31.22,93.88,28.60,53.90",29.05,68.46,30.73,86.55,31.22,93.88,28.60,53.90,true,0
session_20260624_181854_P001,210,23010,2026-06-24T18:19:18.188767,Okulary BME280,"29.05,68.44,30.74,86.67,31.21,93.96,28.60,53.86",29.05,68.44,30.74,86.67,31.21,93.96,28.60,53.86,true,0
session_20260624_181854_P001,211,23071,2026-06-24T18:19:18.250397,Okulary BME280,"29.04,68.30,30.77,86.83,31.24,94.33,28.60,53.83",29.04,68.30,30.77,86.83,31.24,94.33,28.60,53.83,true,0
session_20260624_181854_P001,212,23207,2026-06-24T18:19:18.385959,Okulary BME280,"29.05,68.25,30.81,87.00,31.26,94.55,28.60,53.79",29.05,68.25,30.81,87.00,31.26,94.55,28.60,53.79,true,0
session_20260624_181854_P001,213,23312,2026-06-24T18:19:18.491026,Okulary BME280,"29.05,68.19,30.87,87.22,31.32,94.77,28.60,53.78",29.05,68.19,30.87,87.22,31.32,94.77,28.60,53.78,true,0
session_20260624_181854_P001,214,23431,2026-06-24T18:19:18.610446,Okulary BME280,"29.04,68.10,30.93,87.47,31.41,94.94,28.59,53.76",29.04,68.10,30.93,87.47,31.41,94.94,28.59,53.76,true,0
session_20260624_181854_P001,215,23526,2026-06-24T18:19:18.704777,Okulary BME280,"29.04,68.01,31.02,87.70,31.52,95.10,28.60,53.83",29.04,68.01,31.02,87.70,31.52,95.10,28.60,53.83,true,0
session_20260624_181854_P001,216,23660,2026-06-24T18:19:18.838744,Okulary BME280,"29.04,67.92,31.19,88.20,31.63,95.21,28.60,53.84",29.04,67.92,31.19,88.20,31.63,95.21,28.60,53.84,true,0
session_20260624_181854_P001,217,23749,2026-06-24T18:19:18.928186,Okulary BME280,"29.04,67.89,31.26,88.42,31.75,95.29,28.60,53.89",29.04,67.89,31.26,88.42,31.75,95.29,28.60,53.89,true,0
session_20260624_181854_P001,218,23846,2026-06-24T18:19:19.025107,Okulary BME280,"29.04,67.82,31.33,88.62,31.85,95.36,28.60,53.93",29.04,67.82,31.33,88.62,31.85,95.36,28.60,53.93,true,0
session_20260624_181854_P001,219,23976,2026-06-24T18:19:19.154810,Okulary BME280,"29.04,67.65,31.39,88.81,31.94,95.43,28.61,53.96",29.04,67.65,31.39,88.81,31.94,95.43,28.61,53.96,true,0
session_20260624_181854_P001,220,24061,2026-06-24T18:19:19.240278,Okulary BME280,"29.04,67.62,31.45,88.97,32.10,95.42,28.60,53.94",29.04,67.62,31.45,88.97,32.10,95.42,28.60,53.94,true,0
session_20260624_181854_P001,221,24204,2026-06-24T18:19:19.383143,Okulary BME280,"29.04,67.60,31.52,89.13,32.17,95.45,28.60,53.97",29.04,67.60,31.52,89.13,32.17,95.45,28.60,53.97,true,0
session_20260624_181854_P001,222,24301,2026-06-24T18:19:19.480228,Okulary BME280,"29.05,67.54,31.56,89.29,32.22,95.47,28.60,53.97",29.05,67.54,31.56,89.29,32.22,95.47,28.60,53.97,true,0
session_20260624_181854_P001,223,24451,2026-06-24T18:19:19.630285,Okulary BME280,"29.05,67.43,31.61,89.45,32.26,95.47,28.60,53.99",29.05,67.43,31.61,89.45,32.26,95.47,28.60,53.99,true,0
session_20260624_181854_P001,224,24525,2026-06-24T18:19:19.704353,Okulary BME280,"29.04,67.33,31.65,89.55,32.30,95.49,28.60,53.99",29.04,67.33,31.65,89.55,32.30,95.49,28.60,53.99,true,0
session_20260624_181854_P001,225,24649,2026-06-24T18:19:19.828399,Okulary BME280,"29.04,67.22,31.73,89.78,32.33,95.51,28.60,53.99",29.04,67.22,31.73,89.78,32.33,95.51,28.60,53.99,true,0
session_20260624_181854_P001,226,24750,2026-06-24T18:19:19.929436,Okulary BME280,"29.04,67.14,31.78,89.87,32.38,95.52,28.60,54.00",29.04,67.14,31.78,89.87,32.38,95.52,28.60,54.00,true,0
session_20260624_181854_P001,227,24847,2026-06-24T18:19:20.025733,Okulary BME280,"29.04,67.02,31.82,89.96,32.42,95.49,28.60,54.03",29.04,67.02,31.82,89.96,32.42,95.49,28.60,54.03,true,0
session_20260624_181854_P001,228,24964,2026-06-24T18:19:20.143404,Okulary BME280,"29.03,66.85,31.85,90.04,32.45,95.53,28.61,54.04",29.03,66.85,31.85,90.04,32.45,95.53,28.61,54.04,true,0
session_20260624_181854_P001,229,25051,2026-06-24T18:19:20.229868,Okulary BME280,"29.03,66.76,31.88,90.11,32.50,95.52,28.61,54.18",29.03,66.76,31.88,90.11,32.50,95.52,28.61,54.18,true,0
session_20260624_181854_P001,230,25151,2026-06-24T18:19:20.330254,Okulary BME280,"29.03,66.69,31.90,90.17,32.52,95.54,28.61,54.25",29.03,66.69,31.90,90.17,32.52,95.54,28.61,54.25,true,0
session_20260624_181854_P001,231,25304,2026-06-24T18:19:20.482833,Okulary BME280,"29.03,66.66,31.92,90.23,32.53,95.52,28.62,54.35",29.03,66.66,31.92,90.23,32.53,95.52,28.62,54.35,true,0
session_20260624_181854_P001,232,25392,2026-06-24T18:19:20.570799,Okulary BME280,"29.04,66.70,31.93,90.27,32.55,95.49,28.62,54.44",29.04,66.70,31.93,90.27,32.55,95.49,28.62,54.44,true,0
session_20260624_181854_P001,233,25538,2026-06-24T18:19:20.717401,Okulary BME280,"29.04,66.72,31.94,90.30,32.55,95.47,28.63,54.46",29.04,66.72,31.94,90.30,32.55,95.47,28.63,54.46,true,0
session_20260624_181854_P001,234,25592,2026-06-24T18:19:20.771286,Okulary BME280,"29.04,66.71,31.92,90.10,32.54,95.32,28.62,54.46",29.04,66.71,31.92,90.10,32.54,95.32,28.62,54.46,true,0
session_20260624_181854_P001,235,25735,2026-06-24T18:19:20.913879,Okulary BME280,"29.04,66.67,31.85,89.72,32.49,94.92,28.62,54.44",29.04,66.67,31.85,89.72,32.49,94.92,28.62,54.44,true,0
session_20260624_181854_P001,236,25833,2026-06-24T18:19:21.011991,Okulary BME280,"29.05,66.80,31.71,89.30,32.34,94.38,28.62,54.41",29.05,66.80,31.71,89.30,32.34,94.38,28.62,54.41,true,0
session_20260624_181854_P001,237,25930,2026-06-24T18:19:21.109511,Okulary BME280,"29.05,66.83,31.53,88.92,32.15,93.88,28.62,54.40",29.05,66.83,31.53,88.92,32.15,93.88,28.62,54.40,true,0
session_20260624_181854_P001,238,26069,2026-06-24T18:19:21.248318,Okulary BME280,"29.05,66.86,31.34,88.59,31.79,93.33,28.62,54.30",29.05,66.86,31.34,88.59,31.79,93.33,28.62,54.30,true,0
session_20260624_181854_P001,239,26131,2026-06-24T18:19:21.309730,Okulary BME280,"29.06,66.91,31.16,88.33,31.65,93.19,28.62,54.18",29.06,66.91,31.16,88.33,31.65,93.19,28.62,54.18,true,0
session_20260624_181854_P001,240,26293,2026-06-24T18:19:21.471840,Okulary BME280,"29.06,66.96,31.01,88.07,31.55,93.14,28.62,54.03",29.06,66.96,31.01,88.07,31.55,93.14,28.62,54.03,true,0
session_20260624_181854_P001,241,26360,2026-06-24T18:19:21.538817,Okulary BME280,"29.06,67.00,30.90,87.81,31.47,93.18,28.62,53.99",29.06,67.00,30.90,87.81,31.47,93.18,28.62,53.99,true,0
session_20260624_181854_P001,242,26530,2026-06-24T18:19:21.709351,Okulary BME280,"29.07,67.02,30.82,87.66,31.40,93.26,28.61,53.96",29.07,67.02,30.82,87.66,31.40,93.26,28.61,53.96,true,0
session_20260624_181854_P001,243,26596,2026-06-24T18:19:21.775327,Okulary BME280,"29.07,66.99,30.71,87.37,31.36,93.37,28.61,53.91",29.07,66.99,30.71,87.37,31.36,93.37,28.61,53.91,true,0
session_20260624_181854_P001,244,26684,2026-06-24T18:19:21.862574,Okulary BME280,"29.07,67.15,30.68,87.21,31.33,93.46,28.61,53.85",29.07,67.15,30.68,87.21,31.33,93.46,28.61,53.85,true,0
session_20260624_181854_P001,245,26814,2026-06-24T18:19:21.993243,Okulary BME280,"29.09,67.35,30.65,87.04,31.31,93.58,28.61,53.82",29.09,67.35,30.65,87.04,31.31,93.58,28.61,53.82,true,0
session_20260624_181854_P001,246,26927,2026-06-24T18:19:22.106255,Okulary BME280,"29.10,67.49,30.63,86.87,31.31,93.67,28.61,53.81",29.10,67.49,30.63,86.87,31.31,93.67,28.61,53.81,true,0
session_20260624_181854_P001,247,27032,2026-06-24T18:19:22.211270,Okulary BME280,"29.10,67.59,30.61,86.72,31.29,93.65,28.61,53.83",29.10,67.59,30.61,86.72,31.29,93.65,28.61,53.83,true,0
session_20260624_181854_P001,248,27136,2026-06-24T18:19:22.314668,Okulary BME280,"29.10,67.73,30.59,86.55,31.28,93.62,28.61,53.77",29.10,67.73,30.59,86.55,31.28,93.62,28.61,53.77,true,0
session_20260624_181854_P001,249,27263,2026-06-24T18:19:22.441593,Okulary BME280,"29.11,67.78,30.57,86.41,31.25,93.62,28.62,53.83",29.11,67.78,30.57,86.41,31.25,93.62,28.62,53.83,true,0
session_20260624_181854_P001,250,27366,2026-06-24T18:19:22.544813,Okulary BME280,"29.11,67.74,30.56,86.24,31.23,93.66,28.61,53.76",29.11,67.74,30.56,86.24,31.23,93.66,28.61,53.76,true,0
session_20260624_181854_P001,251,27445,2026-06-24T18:19:22.624498,Okulary BME280,"29.10,67.58,30.55,86.16,31.20,93.68,28.61,53.73",29.10,67.58,30.55,86.16,31.20,93.68,28.61,53.73,true,0
session_20260624_181854_P001,252,27595,2026-06-24T18:19:22.774484,Okulary BME280,"29.09,67.30,30.54,85.88,31.19,93.72,28.61,53.68",29.09,67.30,30.54,85.88,31.19,93.72,28.61,53.68,true,0
session_20260624_181854_P001,253,27667,2026-06-24T18:19:22.845772,Okulary BME280,"29.06,66.78,30.54,85.79,31.18,93.74,28.61,53.61",29.06,66.78,30.54,85.79,31.18,93.74,28.61,53.61,true,0
session_20260624_181854_P001,254,27797,2026-06-24T18:19:22.976086,Okulary BME280,"29.06,66.59,30.56,85.82,31.17,93.76,28.61,53.53",29.06,66.59,30.56,85.82,31.17,93.76,28.61,53.53,true,0
session_20260624_181854_P001,255,27905,2026-06-24T18:19:23.083901,Okulary BME280,"29.05,66.49,30.58,85.98,31.19,94.26,28.61,53.45",29.05,66.49,30.58,85.98,31.19,94.26,28.61,53.45,true,0
session_20260624_181854_P001,256,28006,2026-06-24T18:19:23.184567,Okulary BME280,"29.05,66.46,30.64,86.20,31.23,94.61,28.60,53.40",29.05,66.46,30.64,86.20,31.23,94.61,28.60,53.40,true,0
session_20260624_181854_P001,257,28134,2026-06-24T18:19:23.313341,Okulary BME280,"29.06,66.52,30.73,86.51,31.32,94.89,28.60,53.41",29.06,66.52,30.73,86.51,31.32,94.89,28.60,53.41,true,0
session_20260624_181854_P001,258,28223,2026-06-24T18:19:23.401854,Okulary BME280,"29.07,66.58,30.85,86.82,31.46,95.07,28.59,53.46",29.07,66.58,30.85,86.82,31.46,95.07,28.59,53.46,true,0
session_20260624_181854_P001,259,28338,2026-06-24T18:19:23.516832,Okulary BME280,"29.08,66.63,30.98,87.15,31.60,95.21,28.60,53.45",29.08,66.63,30.98,87.15,31.60,95.21,28.60,53.45,true,0
session_20260624_181854_P001,260,28498,2026-06-24T18:19:23.677284,Okulary BME280,"29.10,66.65,31.10,87.45,31.75,95.30,28.60,53.42",29.10,66.65,31.10,87.45,31.75,95.30,28.60,53.42,true,0
session_20260624_181854_P001,261,28563,2026-06-24T18:19:23.741848,Okulary BME280,"29.10,66.81,31.32,87.98,31.89,95.38,28.60,53.41",29.10,66.81,31.32,87.98,31.89,95.38,28.60,53.41,true,0
session_20260624_181854_P001,262,28658,2026-06-24T18:19:23.837342,Okulary BME280,"29.11,67.07,31.40,88.19,32.00,95.46,28.59,53.39",29.11,67.07,31.40,88.19,32.00,95.46,28.59,53.39,true,0
session_20260624_181854_P001,263,28743,2026-06-24T18:19:23.921912,Okulary BME280,"29.11,67.18,31.48,88.42,32.11,95.46,28.59,53.38",29.11,67.18,31.48,88.42,32.11,95.46,28.59,53.38,true,0
session_20260624_181854_P001,264,28902,2026-06-24T18:19:24.081222,Okulary BME280,"29.12,67.24,31.55,88.60,32.28,95.52,28.60,53.39",29.12,67.24,31.55,88.60,32.28,95.52,28.60,53.39,true,0
session_20260624_181854_P001,265,28966,2026-06-24T18:19:24.145504,Okulary BME280,"29.12,67.29,31.62,88.78,32.35,95.54,28.60,53.43",29.12,67.29,31.62,88.78,32.35,95.54,28.60,53.43,true,0
session_20260624_181854_P001,266,29107,2026-06-24T18:19:24.285692,Okulary BME280,"29.12,67.25,31.67,88.93,32.41,95.55,28.60,53.50",29.12,67.25,31.67,88.93,32.41,95.55,28.60,53.50,true,0
session_20260624_181854_P001,267,29211,2026-06-24T18:19:24.389866,Okulary BME280,"29.12,67.18,31.72,89.07,32.46,95.57,28.61,53.49",29.12,67.18,31.72,89.07,32.46,95.57,28.61,53.49,true,0
session_20260624_181854_P001,268,29344,2026-06-24T18:19:24.523483,Okulary BME280,"29.11,67.07,31.77,89.21,32.50,95.57,28.61,53.49",29.11,67.07,31.77,89.21,32.50,95.57,28.61,53.49,true,0
session_20260624_181854_P001,269,29441,2026-06-24T18:19:24.619643,Okulary BME280,"29.11,67.00,31.82,89.49,32.54,95.57,28.61,53.49",29.11,67.00,31.82,89.49,32.54,95.57,28.61,53.49,true,0
session_20260624_181854_P001,270,29507,2026-06-24T18:19:24.686228,Okulary BME280,"29.10,66.68,31.89,89.57,32.58,95.56,28.61,53.49",29.10,66.68,31.89,89.57,32.58,95.56,28.61,53.49,true,0
session_20260624_181854_P001,271,29640,2026-06-24T18:19:24.819404,Okulary BME280,"29.09,66.54,31.92,89.65,32.60,95.53,28.61,53.59",29.09,66.54,31.92,89.65,32.60,95.53,28.61,53.59,true,0
session_20260624_181854_P001,272,29751,2026-06-24T18:19:24.929960,Okulary BME280,"29.09,66.39,31.94,89.73,32.62,95.57,28.62,53.67",29.09,66.39,31.94,89.73,32.62,95.57,28.62,53.67,true,0
session_20260624_181854_P001,273,29868,2026-06-24T18:19:25.047361,Okulary BME280,"29.09,66.24,31.96,89.79,32.66,95.55,28.62,53.74",29.09,66.24,31.96,89.79,32.66,95.55,28.62,53.74,true,0
session_20260624_181854_P001,274,29959,2026-06-24T18:19:25.138049,Okulary BME280,"29.08,66.12,31.97,89.84,32.67,95.51,28.63,53.71",29.08,66.12,31.97,89.84,32.67,95.51,28.63,53.71,true,0
session_20260624_181854_P001,275,30051,2026-06-24T18:19:25.230151,Okulary BME280,"29.08,66.03,31.97,89.87,32.68,95.47,28.63,53.72",29.08,66.03,31.97,89.87,32.68,95.47,28.63,53.72,true,0
session_20260624_181854_P001,276,30190,2026-06-24T18:19:25.369191,Okulary BME280,"29.09,65.94,31.97,89.92,32.66,95.41,28.62,53.59",29.09,65.94,31.97,89.92,32.66,95.41,28.62,53.59,true,0
session_20260624_181854_P001,277,30274,2026-06-24T18:19:25.452810,Okulary BME280,"29.09,65.85,31.95,89.90,32.63,95.24,28.62,53.57",29.09,65.85,31.95,89.90,32.63,95.24,28.62,53.57,true,0
session_20260624_181854_P001,278,30432,2026-06-24T18:19:25.611400,Okulary BME280,"29.09,65.79,31.88,89.53,32.56,94.93,28.62,53.52",29.09,65.79,31.88,89.53,32.56,94.93,28.62,53.52,true,0
session_20260624_181854_P001,279,30498,2026-06-24T18:19:25.676971,Okulary BME280,"29.10,65.81,31.78,89.16,32.43,94.49,28.61,53.51",29.10,65.81,31.78,89.16,32.43,94.49,28.61,53.51,true,0
session_20260624_181854_P001,280,30634,2026-06-24T18:19:25.812848,Okulary BME280,"29.09,65.84,31.65,88.83,32.25,94.01,28.62,53.51",29.09,65.84,31.65,88.83,32.25,94.01,28.62,53.51,true,0
session_20260624_181854_P001,281,30722,2026-06-24T18:19:25.900991,Okulary BME280,"29.10,65.88,31.51,88.58,32.07,93.52,28.62,53.47",29.10,65.88,31.51,88.58,32.07,93.52,28.62,53.47,true,0
session_20260624_181854_P001,282,30813,2026-06-24T18:19:25.992244,Okulary BME280,"29.10,65.90,31.36,88.38,31.74,93.12,28.61,53.40",29.10,65.90,31.36,88.38,31.74,93.12,28.61,53.40,true,0
session_20260624_181854_P001,283,30949,2026-06-24T18:19:26.128052,Okulary BME280,"29.11,65.90,31.23,88.22,31.63,93.08,28.61,53.36",29.11,65.90,31.23,88.22,31.63,93.08,28.61,53.36,true,0
session_20260624_181854_P001,284,31053,2026-06-24T18:19:26.232187,Okulary BME280,"29.11,65.85,31.11,88.06,31.53,93.04,28.61,53.25",29.11,65.85,31.11,88.06,31.53,93.04,28.61,53.25,true,0
session_20260624_181854_P001,285,31188,2026-06-24T18:19:26.367439,Okulary BME280,"29.11,65.88,31.02,87.85,31.44,93.07,28.61,53.37",29.11,65.88,31.02,87.85,31.44,93.07,28.61,53.37,true,0
session_20260624_181854_P001,286,31292,2026-06-24T18:19:26.470709,Okulary BME280,"29.11,65.82,30.94,87.68,31.37,93.14,28.61,53.41",29.11,65.82,30.94,87.68,31.37,93.14,28.61,53.41,true,0
session_20260624_181854_P001,287,31424,2026-06-24T18:19:26.603315,Okulary BME280,"29.12,65.84,30.82,87.27,31.32,93.28,28.61,53.46",29.12,65.84,30.82,87.27,31.32,93.28,28.61,53.46,true,0
session_20260624_181854_P001,288,31489,2026-06-24T18:19:26.667968,Okulary BME280,"29.13,65.83,30.77,87.07,31.29,93.41,28.61,53.46",29.13,65.83,30.77,87.07,31.29,93.41,28.61,53.46,true,0
session_20260624_181854_P001,289,31585,2026-06-24T18:19:26.764496,Okulary BME280,"29.12,65.88,30.73,86.88,31.26,93.48,28.61,53.45",29.12,65.88,30.73,86.88,31.26,93.48,28.61,53.45,true,0
session_20260624_181854_P001,290,31735,2026-06-24T18:19:26.914160,Okulary BME280,"29.13,66.09,30.69,86.70,31.25,93.52,28.62,53.46",29.13,66.09,30.69,86.70,31.25,93.52,28.62,53.46,true,0
session_20260624_181854_P001,291,31801,2026-06-24T18:19:26.980428,Okulary BME280,"29.13,66.35,30.66,86.56,31.20,93.54,28.61,53.44",29.13,66.35,30.66,86.56,31.20,93.54,28.61,53.44,true,0
session_20260624_181854_P001,292,31938,2026-06-24T18:19:27.117495,Okulary BME280,"29.16,66.58,30.64,86.39,31.17,93.57,28.61,53.38",29.16,66.58,30.64,86.39,31.17,93.57,28.61,53.38,true,0
session_20260624_181854_P001,293,32028,2026-06-24T18:19:27.207260,Okulary BME280,"29.17,66.82,30.63,86.23,31.15,93.59,28.61,53.31",29.17,66.82,30.63,86.23,31.15,93.59,28.61,53.31,true,0
session_20260624_181854_P001,294,32161,2026-06-24T18:19:27.339978,Okulary BME280,"29.18,66.99,30.61,86.09,31.12,93.59,28.61,53.22",29.18,66.99,30.61,86.09,31.12,93.59,28.61,53.22,true,0
session_20260624_181854_P001,295,32260,2026-06-24T18:19:27.438865,Okulary BME280,"29.19,67.00,30.61,85.95,31.10,93.61,28.61,53.17",29.19,67.00,30.61,85.95,31.10,93.61,28.61,53.17,true,0
session_20260624_181854_P001,296,32354,2026-06-24T18:19:27.532713,Okulary BME280,"29.17,67.00,30.62,85.95,31.08,93.71,28.61,53.16",29.17,67.00,30.62,85.95,31.08,93.71,28.61,53.16,true,0
session_20260624_181854_P001,297,32497,2026-06-24T18:19:27.676333,Okulary BME280,"29.16,66.96,30.67,86.18,31.07,94.06,28.61,53.21",29.16,66.96,30.67,86.18,31.07,94.06,28.61,53.21,true,0
session_20260624_181854_P001,298,32590,2026-06-24T18:19:27.769279,Okulary BME280,"29.16,66.90,30.76,86.45,31.11,94.51,28.61,53.24",29.16,66.90,30.76,86.45,31.11,94.51,28.61,53.24,true,0
session_20260624_181854_P001,299,32734,2026-06-24T18:19:27.912936,Okulary BME280,"29.15,66.80,30.87,86.76,31.32,95.01,28.61,53.24",29.15,66.80,30.87,86.76,31.32,95.01,28.61,53.24,true,0
session_20260624_181854_P001,300,32834,2026-06-24T18:19:28.013437,Okulary BME280,"29.15,66.72,30.99,87.04,31.46,95.15,28.61,53.21",29.15,66.72,30.99,87.04,31.46,95.15,28.61,53.21,true,0
session_20260624_181854_P001,301,32888,2026-06-24T18:19:28.066708,Okulary BME280,"29.14,66.63,31.11,87.32,31.59,95.27,28.62,53.18",29.14,66.63,31.11,87.32,31.59,95.27,28.62,53.18,true,0
session_20260624_181854_P001,302,33043,2026-06-24T18:19:28.221612,Okulary BME280,"29.14,66.52,31.21,87.59,31.71,95.34,28.61,53.15",29.14,66.52,31.21,87.59,31.71,95.34,28.61,53.15,true,0
session_20260624_181854_P001,303,33136,2026-06-24T18:19:28.315113,Okulary BME280,"29.14,66.42,31.31,87.85,31.84,95.39,28.60,53.10",29.14,66.42,31.31,87.85,31.84,95.39,28.60,53.10,true,0
session_20260624_181854_P001,304,33255,2026-06-24T18:19:28.433577,Okulary BME280,"29.14,66.24,31.40,88.09,31.95,95.44,28.60,53.09",29.14,66.24,31.40,88.09,31.95,95.44,28.60,53.09,true,0
session_20260624_181854_P001,305,33335,2026-06-24T18:19:28.514178,Okulary BME280,"29.14,66.10,31.55,88.48,32.04,95.47,28.60,53.04",29.14,66.10,31.55,88.48,32.04,95.47,28.60,53.04,true,0
session_20260624_181854_P001,306,33493,2026-06-24T18:19:28.671919,Okulary BME280,"29.14,65.97,31.61,88.65,32.11,95.49,28.60,53.00",29.14,65.97,31.61,88.65,32.11,95.49,28.60,53.00,true,0
session_20260624_181854_P001,307,33557,2026-06-24T18:19:28.736217,Okulary BME280,"29.14,65.83,31.66,88.82,32.18,95.55,28.61,52.99",29.14,65.83,31.66,88.82,32.18,95.55,28.61,52.99,true,0
session_20260624_181854_P001,308,33655,2026-06-24T18:19:28.833772,Okulary BME280,"29.13,65.68,31.71,88.96,32.30,95.54,28.61,52.97",29.13,65.68,31.71,88.96,32.30,95.54,28.61,52.97,true,0
session_20260624_181854_P001,309,33790,2026-06-24T18:19:28.969547,Okulary BME280,"29.13,65.54,31.76,89.09,32.34,95.52,28.61,53.00",29.13,65.54,31.76,89.09,32.34,95.52,28.61,53.00,true,0
session_20260624_181854_P001,310,33888,2026-06-24T18:19:29.067188,Okulary BME280,"29.12,65.46,31.80,89.20,32.39,95.52,28.61,53.02",29.12,65.46,31.80,89.20,32.39,95.52,28.61,53.02,true,0
session_20260624_181854_P001,311,34029,2026-06-24T18:19:29.207715,Okulary BME280,"29.13,65.35,31.82,89.30,32.41,95.52,28.61,53.09",29.13,65.35,31.82,89.30,32.41,95.52,28.61,53.09,true,0
session_20260624_181854_P001,312,34122,2026-06-24T18:19:29.300697,Okulary BME280,"29.13,65.23,31.83,89.38,32.43,95.51,28.62,53.18",29.13,65.23,31.83,89.38,32.43,95.51,28.62,53.18,true,0
session_20260624_181854_P001,313,34261,2026-06-24T18:19:29.440438,Okulary BME280,"29.14,65.16,31.85,89.42,32.45,95.50,28.62,53.20",29.14,65.16,31.85,89.42,32.45,95.50,28.62,53.20,true,0
session_20260624_181854_P001,314,34320,2026-06-24T18:19:29.498992,Okulary BME280,"29.13,65.07,31.85,89.54,32.45,95.45,28.62,53.21",29.13,65.07,31.85,89.54,32.45,95.45,28.62,53.21,true,0
session_20260624_181854_P001,315,34443,2026-06-24T18:19:29.622153,Okulary BME280,"29.14,65.00,31.84,89.46,32.44,95.36,28.62,53.22",29.14,65.00,31.84,89.46,32.44,95.36,28.62,53.22,true,0
session_20260624_181854_P001,316,34551,2026-06-24T18:19:29.729825,Okulary BME280,"29.14,64.90,31.79,89.21,32.41,95.16,28.62,53.21",29.14,64.90,31.79,89.21,32.41,95.16,28.62,53.21,true,0
session_20260624_181854_P001,317,34636,2026-06-24T18:19:29.814720,Okulary BME280,"29.14,64.76,31.70,88.88,32.17,94.16,28.62,53.20",29.14,64.76,31.70,88.88,32.17,94.16,28.62,53.20,true,0
session_20260624_181854_P001,318,34773,2026-06-24T18:19:29.952253,Okulary BME280,"29.13,64.65,31.57,88.52,31.98,93.73,28.62,53.16",29.13,64.65,31.57,88.52,31.98,93.73,28.62,53.16,true,0
session_20260624_181854_P001,319,34876,2026-06-24T18:19:30.055190,Okulary BME280,"29.13,64.62,31.40,88.19,31.82,93.58,28.62,53.11",29.13,64.62,31.40,88.19,31.82,93.58,28.62,53.11,true,0
session_20260624_181854_P001,320,34970,2026-06-24T18:19:30.149182,Okulary BME280,"29.13,64.57,31.24,87.92,31.68,93.48,28.61,53.15",29.13,64.57,31.24,87.92,31.68,93.48,28.61,53.15,true,0
session_20260624_181854_P001,321,35086,2026-06-24T18:19:30.265507,Okulary BME280,"29.14,64.56,31.10,87.65,31.58,93.43,28.61,53.07",29.14,64.56,31.10,87.65,31.58,93.43,28.61,53.07,true,0
session_20260624_181854_P001,322,35177,2026-06-24T18:19:30.355996,Okulary BME280,"29.14,64.53,30.98,87.41,31.49,93.40,28.62,53.06",29.14,64.53,30.98,87.41,31.49,93.40,28.62,53.06,true,0
session_20260624_181854_P001,323,35332,2026-06-24T18:19:30.510898,Okulary BME280,"29.15,64.51,30.81,86.96,31.40,93.38,28.62,53.03",29.15,64.51,30.81,86.96,31.40,93.38,28.62,53.03,true,0
session_20260624_181854_P001,324,35426,2026-06-24T18:19:30.605084,Okulary BME280,"29.15,64.46,30.76,86.76,31.32,93.39,28.61,53.02",29.15,64.46,30.76,86.76,31.32,93.39,28.61,53.02,true,0
session_20260624_181854_P001,325,35560,2026-06-24T18:19:30.739377,Okulary BME280,"29.15,64.42,30.71,86.55,31.26,93.44,28.61,53.00",29.15,64.42,30.71,86.55,31.26,93.44,28.61,53.00,true,0
session_20260624_181854_P001,326,35643,2026-06-24T18:19:30.821838,Okulary BME280,"29.14,64.42,30.68,86.37,31.18,93.58,28.61,52.96",29.14,64.42,30.68,86.37,31.18,93.58,28.61,52.96,true,0
session_20260624_181854_P001,327,35760,2026-06-24T18:19:30.939127,Okulary BME280,"29.15,64.37,30.65,86.18,31.15,93.65,28.61,52.92",29.15,64.37,30.65,86.18,31.15,93.65,28.61,52.92,true,0
session_20260624_181854_P001,328,35854,2026-06-24T18:19:31.032900,Okulary BME280,"29.15,64.31,30.63,86.00,31.14,93.67,28.61,52.88",29.15,64.31,30.63,86.00,31.14,93.67,28.61,52.88,true,0
session_20260624_181854_P001,329,35955,2026-06-24T18:19:31.134032,Okulary BME280,"29.15,64.33,30.62,85.83,31.12,93.63,28.61,52.75",29.15,64.33,30.62,85.83,31.12,93.63,28.61,52.75,true,0
session_20260624_181854_P001,330,36078,2026-06-24T18:19:31.257244,Okulary BME280,"29.16,64.29,30.61,85.64,31.09,93.59,28.61,52.72",29.16,64.29,30.61,85.64,31.09,93.59,28.61,52.72,true,0
session_20260624_181854_P001,331,36177,2026-06-24T18:19:31.355696,Okulary BME280,"29.15,64.28,30.60,85.49,31.05,93.60,28.61,52.65",29.15,64.28,30.60,85.49,31.05,93.60,28.61,52.65,true,0
session_20260624_181854_P001,332,36319,2026-06-24T18:19:31.498360,Okulary BME280,"29.16,64.29,30.60,85.31,31.03,93.64,28.61,52.58",29.16,64.29,30.60,85.31,31.03,93.64,28.61,52.58,true,0
session_20260624_181854_P001,333,36408,2026-06-24T18:19:31.587129,Okulary BME280,"29.16,64.29,30.61,85.25,31.02,93.69,28.60,52.50",29.16,64.29,30.61,85.25,31.02,93.69,28.60,52.50,true,0
session_20260624_181854_P001,334,36500,2026-06-24T18:19:31.679520,Okulary BME280,"29.17,64.29,30.63,85.21,31.02,93.73,28.60,52.42",29.17,64.29,30.63,85.21,31.02,93.73,28.60,52.42,true,0
session_20260624_181854_P001,335,36656,2026-06-24T18:19:31.835422,Okulary BME280,"29.17,64.28,30.65,85.25,31.02,93.83,28.59,52.34",29.17,64.28,30.65,85.25,31.02,93.83,28.59,52.34,true,0
session_20260624_181854_P001,336,36706,2026-06-24T18:19:31.885324,Okulary BME280,"29.17,64.29,30.68,85.36,31.04,93.90,28.57,52.29",29.17,64.29,30.68,85.36,31.04,93.90,28.57,52.29,true,0
session_20260624_181854_P001,337,36843,2026-06-24T18:19:32.022353,Okulary BME280,"29.17,64.35,30.72,85.47,31.05,94.03,28.57,52.16",29.17,64.35,30.72,85.47,31.05,94.03,28.57,52.16,true,0
session_20260624_181854_P001,338,36932,2026-06-24T18:19:32.111358,Okulary BME280,"29.18,64.24,30.75,85.63,31.06,94.08,28.56,52.09",29.18,64.24,30.75,85.63,31.06,94.08,28.56,52.09,true,0
session_20260624_181854_P001,339,37080,2026-06-24T18:19:32.259326,Okulary BME280,"29.18,64.17,30.80,85.82,31.09,94.34,28.56,52.02",29.18,64.17,30.80,85.82,31.09,94.34,28.56,52.02,true,0
session_20260624_181854_P001,340,37157,2026-06-24T18:19:32.335764,Okulary BME280,"29.17,64.08,30.91,86.28,31.13,94.65,28.55,51.96",29.17,64.08,30.91,86.28,31.13,94.65,28.55,51.96,true,0
session_20260624_181854_P001,341,37256,2026-06-24T18:19:32.434755,Okulary BME280,"29.17,63.96,31.00,86.56,31.21,94.89,28.55,51.93",29.17,63.96,31.00,86.56,31.21,94.89,28.55,51.93,true,0
session_20260624_181854_P001,342,37406,2026-06-24T18:19:32.585157,Okulary BME280,"29.17,63.84,31.10,86.85,31.32,95.07,28.55,51.93",29.17,63.84,31.10,86.85,31.32,95.07,28.55,51.93,true,0
session_20260624_181854_P001,343,37501,2026-06-24T18:19:32.679819,Okulary BME280,"29.16,63.68,31.20,87.11,31.58,95.28,28.55,51.92",29.16,63.68,31.20,87.11,31.58,95.28,28.55,51.92,true,0
session_20260624_181854_P001,344,37606,2026-06-24T18:19:32.785512,Okulary BME280,"29.16,63.50,31.30,87.37,31.70,95.36,28.55,51.90",29.16,63.50,31.30,87.37,31.70,95.36,28.55,51.90,true,0
session_20260624_181854_P001,345,37700,2026-06-24T18:19:32.879192,Okulary BME280,"29.15,63.40,31.38,87.62,31.82,95.42,28.55,51.90",29.15,63.40,31.38,87.62,31.82,95.42,28.55,51.90,true,0
session_20260624_181854_P001,346,37812,2026-06-24T18:19:32.991445,Okulary BME280,"29.15,63.13,31.46,87.84,31.92,95.44,28.55,51.90",29.15,63.13,31.46,87.84,31.92,95.44,28.55,51.90,true,0
session_20260624_181854_P001,347,37942,2026-06-24T18:19:33.121072,Okulary BME280,"29.15,63.00,31.55,88.02,32.02,95.48,28.56,51.88",29.15,63.00,31.55,88.02,32.02,95.48,28.56,51.88,true,0
session_20260624_181854_P001,348,38018,2026-06-24T18:19:33.197014,Okulary BME280,"29.15,62.83,31.61,88.26,32.10,95.50,28.56,51.92",29.15,62.83,31.61,88.26,32.10,95.50,28.56,51.92,true,0
session_20260624_181854_P001,349,38155,2026-06-24T18:19:33.333612,Okulary BME280,"29.15,62.70,31.72,88.57,32.18,95.54,28.56,51.94",29.15,62.70,31.72,88.57,32.18,95.54,28.56,51.94,true,0
session_20260624_181854_P001,350,38236,2026-06-24T18:19:33.415515,Okulary BME280,"29.14,62.58,31.77,88.72,32.25,95.59,28.57,51.95",29.14,62.58,31.77,88.72,32.25,95.59,28.57,51.95,true,0
session_20260624_181854_P001,351,38378,2026-06-24T18:19:33.557443,Okulary BME280,"29.14,62.47,31.82,88.86,32.31,95.59,28.56,51.95",29.14,62.47,31.82,88.86,32.31,95.59,28.56,51.95,true,0
session_20260624_181854_P001,352,38471,2026-06-24T18:19:33.650285,Okulary BME280,"29.14,62.35,31.86,88.98,32.42,95.58,28.57,51.94",29.14,62.35,31.86,88.98,32.42,95.58,28.57,51.94,true,0
session_20260624_181854_P001,353,38576,2026-06-24T18:19:33.755429,Okulary BME280,"29.14,62.22,31.90,89.09,32.47,95.57,28.57,51.93",29.14,62.22,31.90,89.09,32.47,95.57,28.57,51.93,true,0
session_20260624_181854_P001,354,38698,2026-06-24T18:19:33.877029,Okulary BME280,"29.15,62.09,31.93,89.19,32.51,95.57,28.57,51.95",29.15,62.09,31.93,89.19,32.51,95.57,28.57,51.95,true,0
session_20260624_181854_P001,355,38779,2026-06-24T18:19:33.958320,Okulary BME280,"29.14,62.00,31.96,89.28,32.54,95.57,28.57,51.93",29.14,62.00,31.96,89.28,32.54,95.57,28.57,51.93,true,0
session_20260624_181854_P001,356,38921,2026-06-24T18:19:34.100293,Okulary BME280,"29.14,62.02,31.98,89.35,32.57,95.52,28.58,51.90",29.14,62.02,31.98,89.35,32.57,95.52,28.58,51.90,true,0
session_20260624_181854_P001,357,39004,2026-06-24T18:19:34.183177,Okulary BME280,"29.15,62.03,32.00,89.42,32.58,95.50,28.57,51.90",29.15,62.03,32.00,89.42,32.58,95.50,28.57,51.90,true,0
session_20260624_181854_P001,358,39150,2026-06-24T18:19:34.329238,Okulary BME280,"29.16,62.05,31.99,89.49,32.58,95.46,28.57,51.90",29.16,62.05,31.99,89.49,32.58,95.46,28.57,51.90,true,0
session_20260624_181854_P001,359,39248,2026-06-24T18:19:34.427082,Okulary BME280,"29.16,62.09,31.98,89.50,32.56,95.42,28.58,51.90",29.16,62.09,31.98,89.50,32.56,95.42,28.58,51.90,true,0
session_20260624_181854_P001,360,39317,2026-06-24T18:19:34.495883,Okulary BME280,"29.16,62.12,31.97,89.50,32.54,95.33,28.58,51.91",29.16,62.12,31.97,89.50,32.54,95.33,28.58,51.91,true,0
session_20260624_181854_P001,361,39452,2026-06-24T18:19:34.631212,Okulary BME280,"29.16,62.15,31.95,89.51,32.46,95.13,28.58,51.91",29.16,62.15,31.95,89.51,32.46,95.13,28.58,51.91,true,0
session_20260624_181854_P001,362,39562,2026-06-24T18:19:34.740747,Okulary BME280,"29.16,62.15,31.92,89.48,32.40,94.99,28.58,51.94",29.16,62.15,31.92,89.48,32.40,94.99,28.58,51.94,true,0
session_20260624_181854_P001,363,39680,2026-06-24T18:19:34.858769,Okulary BME280,"29.18,62.41,31.89,89.40,32.32,94.80,28.59,51.95",29.18,62.41,31.89,89.40,32.32,94.80,28.59,51.95,true,0
session_20260624_181854_P001,364,39778,2026-06-24T18:19:34.956766,Okulary BME280,"29.19,62.56,31.84,89.25,32.23,94.62,28.59,51.97",29.19,62.56,31.84,89.25,32.23,94.62,28.59,51.97,true,0
session_20260624_181854_P001,365,39868,2026-06-24T18:19:35.047237,Okulary BME280,"29.19,62.73,31.77,88.98,32.13,94.40,28.59,51.99",29.19,62.73,31.77,88.98,32.13,94.40,28.59,51.99,true,0
session_20260624_181854_P001,366,39997,2026-06-24T18:19:35.175750,Okulary BME280,"29.20,62.99,31.68,88.83,32.04,94.01,28.59,52.01",29.20,62.99,31.68,88.83,32.04,94.01,28.59,52.01,true,0
session_20260624_181854_P001,367,40101,2026-06-24T18:19:35.280487,Okulary BME280,"29.21,63.35,31.45,88.22,31.92,93.67,28.59,52.04",29.21,63.35,31.45,88.22,31.92,93.67,28.59,52.04,true,0
session_20260624_181854_P001,368,40246,2026-06-24T18:19:35.425182,Okulary BME280,"29.22,63.76,31.32,87.94,31.80,93.40,28.59,52.07",29.22,63.76,31.32,87.94,31.80,93.40,28.59,52.07,true,0
session_20260624_181854_P001,369,40306,2026-06-24T18:19:35.484984,Okulary BME280,"29.24,64.16,31.20,87.69,31.68,93.18,28.60,52.12",29.24,64.16,31.20,87.69,31.68,93.18,28.60,52.12,true,0
session_20260624_181854_P001,370,40446,2026-06-24T18:19:35.625102,Okulary BME280,"29.26,64.62,31.08,87.46,31.46,93.16,28.60,52.16",29.26,64.62,31.08,87.46,31.46,93.16,28.60,52.16,true,0
session_20260624_181854_P001,371,40538,2026-06-24T18:19:35.717154,Okulary BME280,"29.28,64.92,30.98,87.25,31.37,93.17,28.60,52.21",29.28,64.92,30.98,87.25,31.37,93.17,28.60,52.21,true,0
session_20260624_181854_P001,372,40633,2026-06-24T18:19:35.812079,Okulary BME280,"29.29,65.44,30.90,87.04,31.30,93.24,28.60,52.23",29.29,65.44,30.90,87.04,31.30,93.24,28.60,52.23,true,0
session_20260624_181854_P001,373,40775,2026-06-24T18:19:35.954218,Okulary BME280,"29.30,65.62,30.83,86.86,31.26,93.38,28.60,52.31",29.30,65.62,30.83,86.86,31.26,93.38,28.60,52.31,true,0
session_20260624_181854_P001,374,40864,2026-06-24T18:19:36.042954,Okulary BME280,"29.29,65.78,30.77,86.67,31.24,93.51,28.61,52.39",29.29,65.78,30.77,86.67,31.24,93.51,28.61,52.39,true,0
session_20260624_181854_P001,375,40983,2026-06-24T18:19:36.162058,Okulary BME280,"29.29,65.90,30.73,86.55,31.22,93.60,28.61,52.41",29.29,65.90,30.73,86.55,31.22,93.60,28.61,52.41,true,0
session_20260624_181854_P001,376,41111,2026-06-24T18:19:36.289965,Okulary BME280,"29.28,65.99,30.70,86.17,31.22,93.67,28.61,52.42",29.28,65.99,30.70,86.17,31.22,93.67,28.61,52.42,true,0
session_20260624_181854_P001,377,41237,2026-06-24T18:19:36.415872,Okulary BME280,"29.28,66.06,30.69,86.04,31.22,93.75,28.61,52.44",29.28,66.06,30.69,86.04,31.22,93.75,28.61,52.44,true,0
session_20260624_181854_P001,378,41302,2026-06-24T18:19:36.480787,Okulary BME280,"29.27,66.11,30.70,85.92,31.23,93.75,28.62,52.48",29.27,66.11,30.70,85.92,31.23,93.75,28.62,52.48,true,0
session_20260624_181854_P001,379,41424,2026-06-24T18:19:36.602596,Okulary BME280,"29.26,66.10,30.70,85.81,31.23,93.75,28.62,52.51",29.26,66.10,30.70,85.81,31.23,93.75,28.62,52.51,true,0
session_20260624_181854_P001,380,41524,2026-06-24T18:19:36.703255,Okulary BME280,"29.26,66.21,30.71,85.66,31.23,93.75,28.62,52.49",29.26,66.21,30.71,85.66,31.23,93.75,28.62,52.49,true,0
session_20260624_181854_P001,381,41613,2026-06-24T18:19:36.791648,Okulary BME280,"29.26,66.24,30.71,85.52,31.23,93.75,28.62,52.50",29.26,66.24,30.71,85.52,31.23,93.75,28.62,52.50,true,0
session_20260624_181854_P001,382,41774,2026-06-24T18:19:36.953064,Okulary BME280,"29.26,66.30,30.72,85.37,31.24,93.75,28.62,52.44",29.26,66.30,30.72,85.37,31.24,93.75,28.62,52.44,true,0
session_20260624_181854_P001,383,41876,2026-06-24T18:19:37.055356,Okulary BME280,"29.26,66.37,30.73,85.23,31.24,93.74,28.60,52.33",29.26,66.37,30.73,85.23,31.24,93.74,28.60,52.33,true,0
session_20260624_181854_P001,384,41926,2026-06-24T18:19:37.105408,Okulary BME280,"29.26,66.44,30.73,85.04,31.24,93.74,28.60,52.28",29.26,66.44,30.73,85.04,31.24,93.74,28.60,52.28,true,0
session_20260624_181854_P001,385,42082,2026-06-24T18:19:37.260902,Okulary BME280,"29.27,66.49,30.73,84.84,31.24,93.78,28.59,52.23",29.27,66.49,30.73,84.84,31.24,93.78,28.59,52.23,true,0
session_20260624_181854_P001,386,42183,2026-06-24T18:19:37.361692,Okulary BME280,"29.27,66.54,30.74,84.81,31.24,93.81,28.59,52.21",29.27,66.54,30.74,84.81,31.24,93.81,28.59,52.21,true,0
session_20260624_181854_P001,387,42290,2026-06-24T18:19:37.469310,Okulary BME280,"29.27,66.64,30.76,84.78,31.26,93.85,28.58,52.25",29.27,66.64,30.76,84.78,31.26,93.85,28.58,52.25,true,0
session_20260624_181854_P001,388,42393,2026-06-24T18:19:37.572188,Okulary BME280,"29.27,66.71,30.77,84.81,31.27,93.87,28.59,52.34",29.27,66.71,30.77,84.81,31.27,93.87,28.59,52.34,true,0
session_20260624_181854_P001,389,42530,2026-06-24T18:19:37.709077,Okulary BME280,"29.28,66.86,30.79,84.93,31.27,94.05,28.59,52.46",29.28,66.86,30.79,84.93,31.27,94.05,28.59,52.46,true,0
session_20260624_181854_P001,390,42620,2026-06-24T18:19:37.798573,Okulary BME280,"29.29,66.98,30.83,85.12,31.29,94.26,28.60,52.58",29.29,66.98,30.83,85.12,31.29,94.26,28.60,52.58,true,0
session_20260624_181854_P001,391,42709,2026-06-24T18:19:37.887595,Okulary BME280,"29.30,67.08,30.88,85.33,31.32,94.61,28.60,52.58",29.30,67.08,30.88,85.33,31.32,94.61,28.60,52.58,true,0
session_20260624_181854_P001,392,42827,2026-06-24T18:19:38.005645,Okulary BME280,"29.31,67.19,30.95,85.60,31.39,94.83,28.61,52.51",29.31,67.19,30.95,85.60,31.39,94.83,28.61,52.51,true,0
session_20260624_181854_P001,393,42930,2026-06-24T18:19:38.109098,Okulary BME280,"29.32,67.28,31.14,86.22,31.49,94.98,28.61,52.47",29.32,67.28,31.14,86.22,31.49,94.98,28.61,52.47,true,0
session_20260624_181854_P001,394,43083,2026-06-24T18:19:38.261608,Okulary BME280,"29.32,67.36,31.23,86.50,31.60,95.09,28.61,52.45",29.32,67.36,31.23,86.50,31.60,95.09,28.61,52.45,true,0
session_20260624_181854_P001,395,43172,2026-06-24T18:19:38.351492,Okulary BME280,"29.32,67.44,31.32,86.75,31.70,95.16,28.61,52.44",29.32,67.44,31.32,86.75,31.70,95.16,28.61,52.44,true,0
session_20260624_181854_P001,396,43294,2026-06-24T18:19:38.473226,Okulary BME280,"29.33,67.47,31.39,86.98,31.89,95.28,28.61,52.42",29.33,67.47,31.39,86.98,31.89,95.28,28.61,52.42,true,0
session_20260624_181854_P001,397,43367,2026-06-24T18:19:38.545649,Okulary BME280,"29.33,67.55,31.45,87.20,31.97,95.34,28.60,52.38",29.33,67.55,31.45,87.20,31.97,95.34,28.60,52.38,true,0
session_20260624_181854_P001,398,43459,2026-06-24T18:19:38.637588,Okulary BME280,"29.32,67.55,31.52,87.42,32.04,95.38,28.60,52.40",29.32,67.55,31.52,87.42,32.04,95.38,28.60,52.40,true,0
session_20260624_181854_P001,399,43614,2026-06-24T18:19:38.793518,Okulary BME280,"29.32,67.60,31.57,87.61,32.11,95.42,28.60,52.41",29.32,67.60,31.57,87.61,32.11,95.42,28.60,52.41,true,0
session_20260624_181854_P001,400,43700,2026-06-24T18:19:38.878613,Okulary BME280,"29.32,67.62,31.61,87.79,32.18,95.45,28.60,52.41",29.32,67.62,31.61,87.79,32.18,95.45,28.60,52.41,true,0
session_20260624_181854_P001,401,43821,2026-06-24T18:19:39.000271,Okulary BME280,"29.32,67.64,31.66,87.97,32.25,95.48,28.59,52.36",29.32,67.64,31.66,87.97,32.25,95.48,28.59,52.36,true,0
session_20260624_181854_P001,402,43922,2026-06-24T18:19:39.101165,Okulary BME280,"29.32,67.65,31.75,88.29,32.32,95.48,28.59,52.36",29.32,67.65,31.75,88.29,32.32,95.48,28.59,52.36,true,0
session_20260624_181854_P001,403,44055,2026-06-24T18:19:39.233743,Okulary BME280,"29.32,67.65,31.78,88.43,32.38,95.50,28.59,52.39",29.32,67.65,31.78,88.43,32.38,95.50,28.59,52.39,true,0
session_20260624_181854_P001,404,44156,2026-06-24T18:19:39.334755,Okulary BME280,"29.32,67.72,31.82,88.56,32.44,95.51,28.59,52.44",29.32,67.72,31.82,88.56,32.44,95.51,28.59,52.44,true,0
session_20260624_181854_P001,405,44222,2026-06-24T18:19:39.400986,Okulary BME280,"29.32,67.70,31.85,88.67,32.51,95.51,28.59,52.46",29.32,67.70,31.85,88.67,32.51,95.51,28.59,52.46,true,0
session_20260624_181854_P001,406,44394,2026-06-24T18:19:39.573337,Okulary BME280,"29.33,67.63,31.87,88.77,32.54,95.50,28.60,52.48",29.33,67.63,31.87,88.77,32.54,95.50,28.60,52.48,true,0
session_20260624_181854_P001,407,44464,2026-06-24T18:19:39.643138,Okulary BME280,"29.33,67.47,31.90,88.84,32.57,95.49,28.60,52.48",29.33,67.47,31.90,88.84,32.57,95.49,28.60,52.48,true,0
session_20260624_181854_P001,408,44585,2026-06-24T18:19:39.763637,Okulary BME280,"29.32,67.28,31.91,88.93,32.59,95.46,28.60,52.49",29.32,67.28,31.91,88.93,32.59,95.46,28.60,52.49,true,0
session_20260624_181854_P001,409,44674,2026-06-24T18:19:39.852997,Okulary BME280,"29.30,67.09,31.93,88.99,32.59,95.42,28.60,52.58",29.30,67.09,31.93,88.99,32.59,95.42,28.60,52.58,true,0
session_20260624_181854_P001,410,44762,2026-06-24T18:19:39.940731,Okulary BME280,"29.29,66.98,31.93,89.01,32.59,95.34,28.61,52.62",29.29,66.98,31.93,89.01,32.59,95.34,28.61,52.62,true,0
session_20260624_181854_P001,411,44898,2026-06-24T18:19:40.076564,Okulary BME280,"29.29,66.93,31.90,89.03,32.56,95.25,28.60,52.65",29.29,66.93,31.90,89.03,32.56,95.25,28.60,52.65,true,0
session_20260624_181854_P001,412,44992,2026-06-24T18:19:40.171066,Okulary BME280,"29.29,66.93,31.87,89.02,32.51,95.02,28.61,52.69",29.29,66.93,31.87,89.02,32.51,95.02,28.61,52.69,true,0
session_20260624_181854_P001,413,45141,2026-06-24T18:19:40.320,Okulary BME280,"29.31,66.95,31.84,88.93,32.30,94.46,28.61,52.66",29.31,66.95,31.84,88.93,32.30,94.46,28.61,52.66,true,0
session_20260624_181854_P001,414,45246,2026-06-24T18:19:40.424637,Okulary BME280,"29.32,67.03,31.77,88.77,32.17,94.10,28.61,52.66",29.32,67.03,31.77,88.77,32.17,94.10,28.61,52.66,true,0
session_20260624_181854_P001,415,45364,2026-06-24T18:19:40.542675,Okulary BME280,"29.32,67.05,31.69,88.64,32.01,93.71,28.62,52.70",29.32,67.05,31.69,88.64,32.01,93.71,28.62,52.70,true,0
session_20260624_181854_P001,416,45460,2026-06-24T18:19:40.638901,Okulary BME280,"29.33,67.05,31.61,88.48,31.88,93.48,28.62,52.76",29.33,67.05,31.61,88.48,31.88,93.48,28.62,52.76,true,0
session_20260624_181854_P001,417,45535,2026-06-24T18:19:40.714007,Okulary BME280,"29.33,67.01,31.49,88.25,31.75,93.32,28.62,52.89",29.33,67.01,31.49,88.25,31.75,93.32,28.62,52.89,true,0
session_20260624_181854_P001,418,45691,2026-06-24T18:19:40.870176,Okulary BME280,"29.33,66.94,31.37,87.95,31.64,93.27,28.63,53.04",29.33,66.94,31.37,87.95,31.64,93.27,28.63,53.04,true,0
session_20260624_181854_P001,419,45756,2026-06-24T18:19:40.934739,Okulary BME280,"29.33,66.82,31.24,87.75,31.56,93.28,28.64,53.07",29.33,66.82,31.24,87.75,31.56,93.28,28.64,53.07,true,0
session_20260624_181854_P001,420,45907,2026-06-24T18:19:41.086458,Okulary BME280,"29.33,66.67,31.03,87.30,31.50,93.35,28.64,53.02",29.33,66.67,31.03,87.30,31.50,93.35,28.64,53.02,true,0
session_20260624_181854_P001,421,45977,2026-06-24T18:19:41.155695,Okulary BME280,"29.32,66.50,30.95,87.08,31.46,93.39,28.64,52.98",29.32,66.50,30.95,87.08,31.46,93.39,28.64,52.98,true,0
session_20260624_181854_P001,422,46128,2026-06-24T18:19:41.307478,Okulary BME280,"29.31,66.31,30.89,86.87,31.38,93.52,28.64,52.94",29.31,66.31,30.89,86.87,31.38,93.52,28.64,52.94,true,0
session_20260624_181854_P001,423,46210,2026-06-24T18:19:41.388915,Okulary BME280,"29.30,65.93,30.86,86.69,31.35,93.57,28.64,52.88",29.30,65.93,30.86,86.69,31.35,93.57,28.64,52.88,true,0
session_20260624_181854_P001,424,46292,2026-06-24T18:19:41.470997,Okulary BME280,"29.30,65.77,30.83,86.49,31.33,93.59,28.63,52.80",29.30,65.77,30.83,86.49,31.33,93.59,28.63,52.80,true,0
session_20260624_181854_P001,425,46446,2026-06-24T18:19:41.625163,Okulary BME280,"29.29,65.58,30.80,86.31,31.30,93.59,28.63,52.73",29.29,65.58,30.80,86.31,31.30,93.59,28.63,52.73,true,0
session_20260624_181854_P001,426,46543,2026-06-24T18:19:41.722559,Okulary BME280,"29.29,65.41,30.78,86.14,31.27,93.61,28.62,52.72",29.29,65.41,30.78,86.14,31.27,93.61,28.62,52.72,true,0
session_20260624_181854_P001,427,46685,2026-06-24T18:19:41.864084,Okulary BME280,"29.29,65.27,30.77,86.02,31.26,93.64,28.62,52.64",29.29,65.27,30.77,86.02,31.26,93.64,28.62,52.64,true,0
session_20260624_181854_P001,428,46742,2026-06-24T18:19:41.921036,Okulary BME280,"29.29,65.14,30.77,85.93,31.24,93.67,28.62,52.67",29.29,65.14,30.77,85.93,31.24,93.67,28.62,52.67,true,0
session_20260624_181854_P001,429,46849,2026-06-24T18:19:42.027696,Okulary BME280,"29.29,65.03,30.79,85.76,31.25,93.64,28.62,52.66",29.29,65.03,30.79,85.76,31.25,93.64,28.62,52.66,true,0
session_20260624_181854_P001,430,46974,2026-06-24T18:19:42.153494,Okulary BME280,"29.29,64.92,30.80,85.65,31.25,93.73,28.62,52.63",29.29,64.92,30.80,85.65,31.25,93.73,28.62,52.63,true,0
session_20260624_181854_P001,431,47073,2026-06-24T18:19:42.252451,Okulary BME280,"29.29,64.85,30.81,85.61,31.25,93.85,28.62,52.61",29.29,64.85,30.81,85.61,31.25,93.85,28.62,52.61,true,0
session_20260624_181854_P001,432,47214,2026-06-24T18:19:42.392816,Okulary BME280,"29.30,64.97,30.82,85.69,31.27,94.01,28.61,52.58",29.30,64.97,30.82,85.69,31.27,94.01,28.61,52.58,true,0
session_20260624_181854_P001,433,47281,2026-06-24T18:19:42.460027,Okulary BME280,"29.32,65.17,30.87,85.79,31.29,94.10,28.62,52.57",29.32,65.17,30.87,85.79,31.29,94.10,28.62,52.57,true,0
session_20260624_181854_P001,434,47424,2026-06-24T18:19:42.602946,Okulary BME280,"29.33,65.37,30.90,85.86,31.31,94.15,28.61,52.59",29.33,65.37,30.90,85.86,31.31,94.15,28.61,52.59,true,0
session_20260624_181854_P001,435,47512,2026-06-24T18:19:42.691465,Okulary BME280,"29.34,65.51,30.92,85.97,31.34,94.25,28.62,52.57",29.34,65.51,30.92,85.97,31.34,94.25,28.62,52.57,true,0
session_20260624_181854_P001,436,47620,2026-06-24T18:19:42.799007,Okulary BME280,"29.35,65.61,30.95,86.15,31.37,94.34,28.62,52.56",29.35,65.61,30.95,86.15,31.37,94.34,28.62,52.56,true,0
session_20260624_181854_P001,437,47741,2026-06-24T18:19:42.919947,Okulary BME280,"29.36,65.72,30.99,86.28,31.41,94.41,28.62,52.56",29.36,65.72,30.99,86.28,31.41,94.41,28.62,52.56,true,0
session_20260624_181854_P001,438,47856,2026-06-24T18:19:43.034985,Okulary BME280,"29.36,65.74,31.07,86.60,31.45,94.50,28.62,52.52",29.36,65.74,31.07,86.60,31.45,94.50,28.62,52.52,true,0
session_20260624_181854_P001,439,47992,2026-06-24T18:19:43.170953,Okulary BME280,"29.36,65.78,31.11,86.79,31.49,94.65,28.62,52.48",29.36,65.78,31.11,86.79,31.49,94.65,28.62,52.48,true,0
session_20260624_181854_P001,440,48067,2026-06-24T18:19:43.246340,Okulary BME280,"29.36,66.00,31.16,87.01,31.58,94.89,28.63,52.44",29.36,66.00,31.16,87.01,31.58,94.89,28.63,52.44,true,0
session_20260624_181854_P001,441,48183,2026-06-24T18:19:43.361634,Okulary BME280,"29.36,66.12,31.24,87.24,31.65,94.98,28.62,52.44",29.36,66.12,31.24,87.24,31.65,94.98,28.62,52.44,true,0
session_20260624_181854_P001,442,48272,2026-06-24T18:19:43.450829,Okulary BME280,"29.37,66.25,31.33,87.46,31.72,95.05,28.62,52.41",29.37,66.25,31.33,87.46,31.72,95.05,28.62,52.41,true,0
session_20260624_181854_P001,443,48391,2026-06-24T18:19:43.570215,Okulary BME280,"29.37,66.37,31.41,87.69,31.80,95.11,28.62,52.34",29.37,66.37,31.41,87.69,31.80,95.11,28.62,52.34,true,0
session_20260624_181854_P001,444,48496,2026-06-24T18:19:43.674789,Okulary BME280,"29.38,66.49,31.50,87.87,31.87,95.15,28.62,52.36",29.38,66.49,31.50,87.87,31.87,95.15,28.62,52.36,true,0
session_20260624_181854_P001,445,48590,2026-06-24T18:19:43.768852,Okulary BME280,"29.38,66.60,31.56,88.07,31.93,95.21,28.61,52.25",29.38,66.60,31.56,88.07,31.93,95.21,28.61,52.25,true,0
session_20260624_181854_P001,446,48743,2026-06-24T18:19:43.922,Okulary BME280,"29.38,66.74,31.63,88.39,31.99,95.24,28.61,52.18",29.38,66.74,31.63,88.39,31.99,95.24,28.61,52.18,true,0
session_20260624_181854_P001,447,48845,2026-06-24T18:19:44.024418,Okulary BME280,"29.39,66.83,31.73,88.53,32.05,95.27,28.60,52.12",29.39,66.83,31.73,88.53,32.05,95.27,28.60,52.12,true,0
session_20260624_181854_P001,448,48971,2026-06-24T18:19:44.150395,Okulary BME280,"29.40,67.06,31.79,88.66,32.10,95.40,28.59,52.05",29.40,67.06,31.79,88.66,32.10,95.40,28.59,52.05,true,0
session_20260624_181854_P001,449,49068,2026-06-24T18:19:44.246952,Okulary BME280,"29.40,67.09,31.83,88.79,32.23,95.43,28.57,52.00",29.40,67.09,31.83,88.79,32.23,95.43,28.57,52.00,true,0
session_20260624_181854_P001,450,49133,2026-06-24T18:19:44.312058,Okulary BME280,"29.39,67.17,31.87,88.91,32.30,95.46,28.57,51.99",29.39,67.17,31.87,88.91,32.30,95.46,28.57,51.99,true,0
session_20260624_181854_P001,451,49291,2026-06-24T18:19:44.470087,Okulary BME280,"29.40,67.12,31.90,89.01,32.37,95.47,28.57,51.98",29.40,67.12,31.90,89.01,32.37,95.47,28.57,51.98,true,0
session_20260624_181854_P001,452,49352,2026-06-24T18:19:44.531223,Okulary BME280,"29.39,67.03,31.93,89.10,32.43,95.47,28.57,51.95",29.39,67.03,31.93,89.10,32.43,95.47,28.57,51.95,true,0
session_20260624_181854_P001,453,49500,2026-06-24T18:19:44.678987,Okulary BME280,"29.38,66.87,31.95,89.17,32.47,95.43,28.57,51.96",29.38,66.87,31.95,89.17,32.47,95.43,28.57,51.96,true,0
session_20260624_181854_P001,454,49596,2026-06-24T18:19:44.774689,Okulary BME280,"29.37,66.71,31.97,89.21,32.50,95.41,28.57,52.03",29.37,66.71,31.97,89.21,32.50,95.41,28.57,52.03,true,0
session_20260624_181854_P001,455,49698,2026-06-24T18:19:44.877185,Okulary BME280,"29.36,66.48,31.97,89.33,32.50,95.42,28.58,52.06",29.36,66.48,31.97,89.33,32.50,95.42,28.58,52.06,true,0
session_20260624_181854_P001,456,49802,2026-06-24T18:19:44.980754,Okulary BME280,"29.35,66.34,31.98,89.37,32.51,95.37,28.58,52.06",29.35,66.34,31.98,89.37,32.51,95.37,28.58,52.06,true,0
session_20260624_181854_P001,457,49896,2026-06-24T18:19:45.074674,Okulary BME280,"29.33,65.98,31.97,89.33,32.47,95.03,28.58,52.04",29.33,65.98,31.97,89.33,32.47,95.03,28.58,52.04,true,0
session_20260624_181854_P001,458,50038,2026-06-24T18:19:45.217495,Okulary BME280,"29.34,65.91,31.94,89.19,32.37,94.74,28.58,52.02",29.34,65.91,31.94,89.19,32.37,94.74,28.58,52.02,true,0
session_20260624_181854_P001,459,50141,2026-06-24T18:19:45.320483,Okulary BME280,"29.34,65.81,31.87,88.94,32.24,94.47,28.59,51.98",29.34,65.81,31.87,88.94,32.24,94.47,28.59,51.98,true,0
session_20260624_181854_P001,460,50267,2026-06-24T18:19:45.445952,Okulary BME280,"29.34,65.69,31.75,88.63,32.12,94.17,28.59,51.94",29.34,65.69,31.75,88.63,32.12,94.17,28.59,51.94,true,0
session_20260624_181854_P001,461,50357,2026-06-24T18:19:45.535773,Okulary BME280,"29.34,65.55,31.61,88.32,31.99,93.89,28.59,51.92",29.34,65.55,31.61,88.32,31.99,93.89,28.59,51.92,true,0
session_20260624_181854_P001,462,50462,2026-06-24T18:19:45.641161,Okulary BME280,"29.34,65.42,31.45,88.04,31.87,93.72,28.59,51.89",29.34,65.42,31.45,88.04,31.87,93.72,28.59,51.89,true,0
session_20260624_181854_P001,463,50584,2026-06-24T18:19:45.762641,Okulary BME280,"29.34,65.40,31.30,87.71,31.76,93.52,28.59,51.80",29.34,65.40,31.30,87.71,31.76,93.52,28.59,51.80,true,0
session_20260624_181854_P001,464,50678,2026-06-24T18:19:45.857101,Okulary BME280,"29.34,65.39,31.03,87.20,31.63,93.28,28.59,51.80",29.34,65.39,31.03,87.20,31.63,93.28,28.59,51.80,true,0
session_20260624_181854_P001,465,50797,2026-06-24T18:19:45.975915,Okulary BME280,"29.36,65.41,30.94,86.96,31.52,93.21,28.58,51.80",29.36,65.41,30.94,86.96,31.52,93.21,28.58,51.80,true,0
session_20260624_181854_P001,466,50897,2026-06-24T18:19:46.075634,Okulary BME280,"29.36,65.30,30.87,86.75,31.33,93.28,28.58,51.78",29.36,65.30,30.87,86.75,31.33,93.28,28.58,51.78,true,0
session_20260624_181854_P001,467,51046,2026-06-24T18:19:46.225245,Okulary BME280,"29.36,65.18,30.82,86.54,31.26,93.35,28.59,51.78",29.36,65.18,30.82,86.54,31.26,93.35,28.59,51.78,true,0
session_20260624_181854_P001,468,51109,2026-06-24T18:19:46.287948,Okulary BME280,"29.36,65.07,30.78,86.36,31.22,93.41,28.58,51.79",29.36,65.07,30.78,86.36,31.22,93.41,28.58,51.79,true,0
session_20260624_181854_P001,469,51200,2026-06-24T18:19:46.378814,Okulary BME280,"29.35,64.97,30.77,86.18,31.18,93.45,28.59,51.80",29.35,64.97,30.77,86.18,31.18,93.45,28.59,51.80,true,0
session_20260624_181854_P001,470,51350,2026-06-24T18:19:46.528744,Okulary BME280,"29.36,64.88,30.76,86.00,31.16,93.48,28.60,51.87",29.36,64.88,30.76,86.00,31.16,93.48,28.60,51.87,true,0
session_20260624_181854_P001,471,51424,2026-06-24T18:19:46.602969,Okulary BME280,"29.36,64.76,30.75,85.85,31.14,93.54,28.60,51.84",29.36,64.76,30.75,85.85,31.14,93.54,28.60,51.84,true,0
session_20260624_181854_P001,472,51561,2026-06-24T18:19:46.739982,Okulary BME280,"29.36,64.65,30.75,85.71,31.13,93.57,28.60,51.81",29.36,64.65,30.75,85.71,31.13,93.57,28.60,51.81,true,0
session_20260624_181854_P001,473,51661,2026-06-24T18:19:46.840331,Okulary BME280,"29.36,64.49,30.75,85.38,31.13,93.60,28.60,51.76",29.36,64.49,30.75,85.38,31.13,93.60,28.60,51.76,true,0
session_20260624_181854_P001,474,51737,2026-06-24T18:19:46.915754,Okulary BME280,"29.36,64.57,30.75,85.24,31.13,93.59,28.60,51.71",29.36,64.57,30.75,85.24,31.13,93.59,28.60,51.71,true,0
session_20260624_181854_P001,475,51890,2026-06-24T18:19:47.068642,Okulary BME280,"29.37,64.67,30.75,85.11,31.11,93.59,28.60,51.70",29.37,64.67,30.75,85.11,31.11,93.59,28.60,51.70,true,0
session_20260624_181854_P001,476,51971,2026-06-24T18:19:47.150065,Okulary BME280,"29.37,64.59,30.75,84.98,31.10,93.58,28.60,51.69",29.37,64.59,30.75,84.98,31.10,93.58,28.60,51.69,true,0
session_20260624_181854_P001,477,52100,2026-06-24T18:19:47.279009,Okulary BME280,"29.38,64.41,30.76,84.97,31.09,93.77,28.60,51.67",29.38,64.41,30.76,84.97,31.09,93.77,28.60,51.67,true,0
session_20260624_181854_P001,478,52195,2026-06-24T18:19:47.374335,Okulary BME280,"29.37,64.26,30.78,85.13,31.11,94.14,28.59,51.64",29.37,64.26,30.78,85.13,31.11,94.14,28.59,51.64,true,0
session_20260624_181854_P001,479,52323,2026-06-24T18:19:47.502060,Okulary BME280,"29.37,64.11,30.85,85.39,31.16,94.57,28.60,51.60",29.37,64.11,30.85,85.39,31.16,94.57,28.60,51.60,true,0
session_20260624_181854_P001,480,52413,2026-06-24T18:19:47.591568,Okulary BME280,"29.37,64.04,30.95,85.67,31.28,94.83,28.59,51.61",29.37,64.04,30.95,85.67,31.28,94.83,28.59,51.61,true,0
session_20260624_181854_P001,481,52510,2026-06-24T18:19:47.689479,Okulary BME280,"29.36,63.81,31.07,86.07,31.42,95.02,28.59,51.54",29.36,63.81,31.07,86.07,31.42,95.02,28.59,51.54,true,0
session_20260624_181854_P001,482,52678,2026-06-24T18:19:47.856659,Okulary BME280,"29.36,63.54,31.30,86.64,31.58,95.15,28.59,51.49",29.36,63.54,31.30,86.64,31.58,95.15,28.59,51.49,true,0
session_20260624_181854_P001,483,52728,2026-06-24T18:19:47.907519,Okulary BME280,"29.36,63.41,31.39,86.91,31.73,95.30,28.59,51.47",29.36,63.41,31.39,86.91,31.73,95.30,28.59,51.47,true,0
session_20260624_181854_P001,484,52865,2026-06-24T18:19:48.044129,Okulary BME280,"29.36,63.33,31.47,87.15,31.97,95.36,28.59,51.42",29.36,63.33,31.47,87.15,31.97,95.36,28.59,51.42,true,0
session_20260624_181854_P001,485,52983,2026-06-24T18:19:48.162036,Okulary BME280,"29.36,63.26,31.54,87.37,32.08,95.40,28.58,51.40",29.36,63.26,31.54,87.37,32.08,95.40,28.58,51.40,true,0
session_20260624_181854_P001,486,53086,2026-06-24T18:19:48.265134,Okulary BME280,"29.36,63.25,31.60,87.58,32.16,95.43,28.58,51.39",29.36,63.25,31.60,87.58,32.16,95.43,28.58,51.39,true,0
session_20260624_181854_P001,487,53178,2026-06-24T18:19:48.357475,Okulary BME280,"29.37,63.24,31.65,87.78,32.24,95.45,28.58,51.38",29.37,63.24,31.65,87.78,32.24,95.45,28.58,51.38,true,0
session_20260624_181854_P001,488,53295,2026-06-24T18:19:48.474068,Okulary BME280,"29.38,63.15,31.71,87.97,32.30,95.46,28.58,51.39",29.38,63.15,31.71,87.97,32.30,95.46,28.58,51.39,true,0
session_20260624_181854_P001,489,53413,2026-06-24T18:19:48.591761,Okulary BME280,"29.37,63.02,31.76,88.12,32.36,95.46,28.58,51.40",29.37,63.02,31.76,88.12,32.36,95.46,28.58,51.40,true,0
session_20260624_181854_P001,490,53491,2026-06-24T18:19:48.670023,Okulary BME280,"29.37,62.99,31.80,88.27,32.41,95.46,28.59,51.39",29.37,62.99,31.80,88.27,32.41,95.46,28.59,51.39,true,0
session_20260624_181854_P001,491,53627,2026-06-24T18:19:48.805750,Okulary BME280,"29.36,62.60,31.87,88.53,32.44,95.46,28.59,51.35",29.36,62.60,31.87,88.53,32.44,95.46,28.59,51.35,true,0
session_20260624_181854_P001,492,53723,2026-06-24T18:19:48.902223,Okulary BME280,"29.36,62.47,31.90,88.63,32.50,95.46,28.58,51.31",29.36,62.47,31.90,88.63,32.50,95.46,28.58,51.31,true,0
session_20260624_181854_P001,493,53865,2026-06-24T18:19:49.044140,Okulary BME280,"29.35,62.36,31.93,88.74,32.53,95.46,28.58,51.28",29.35,62.36,31.93,88.74,32.53,95.46,28.58,51.28,true,0
session_20260624_181854_P001,494,53984,2026-06-24T18:19:49.163367,Okulary BME280,"29.36,62.25,31.95,88.83,32.55,95.42,28.57,51.26",29.36,62.25,31.95,88.83,32.55,95.42,28.57,51.26,true,0
session_20260624_181854_P001,495,54034,2026-06-24T18:19:49.213230,Okulary BME280,"29.35,62.14,31.96,88.90,32.56,95.39,28.57,51.22",29.35,62.14,31.96,88.90,32.56,95.39,28.57,51.22,true,0
session_20260624_181854_P001,496,54183,2026-06-24T18:19:49.362317,Okulary BME280,"29.35,62.03,31.97,88.95,32.56,95.32,28.57,51.20",29.35,62.03,31.97,88.95,32.56,95.32,28.57,51.20,true,0
session_20260624_181854_P001,497,54279,2026-06-24T18:19:49.458022,Okulary BME280,"29.36,61.86,31.96,88.99,32.54,95.30,28.57,51.14",29.36,61.86,31.96,88.99,32.54,95.30,28.57,51.14,true,0
session_20260624_181854_P001,498,54427,2026-06-24T18:19:49.606071,Okulary BME280,"29.36,61.88,31.95,89.01,32.51,95.24,28.56,51.11",29.36,61.88,31.95,89.01,32.51,95.24,28.56,51.11,true,0
session_20260624_181854_P001,499,54484,2026-06-24T18:19:49.663059,Okulary BME280,"29.36,61.90,31.93,89.02,32.48,95.22,28.55,51.05",29.36,61.90,31.93,89.02,32.48,95.22,28.55,51.05,true,0
session_20260624_181854_P001,500,54577,2026-06-24T18:19:49.756426,Okulary BME280,"29.37,61.92,31.89,89.05,32.45,95.18,28.55,51.05",29.37,61.92,31.89,89.05,32.45,95.18,28.55,51.05,true,0
session_20260624_181854_P001,501,54738,2026-06-24T18:19:49.916577,Okulary BME280,"29.37,61.91,31.86,89.05,32.39,95.08,28.55,51.01",29.37,61.91,31.86,89.05,32.39,95.08,28.55,51.01,true,0
session_20260624_181854_P001,502,54798,2026-06-24T18:19:49.976606,Okulary BME280,"29.38,61.84,31.84,89.06,32.35,95.04,28.55,51.00",29.38,61.84,31.84,89.06,32.35,95.04,28.55,51.00,true,0
session_20260624_181854_P001,503,54944,2026-06-24T18:19:50.123323,Okulary BME280,"29.38,61.71,31.82,89.03,32.33,94.95,28.55,50.99",29.38,61.71,31.82,89.03,32.33,94.95,28.55,50.99,true,0
session_20260624_181854_P001,504,55043,2026-06-24T18:19:50.222528,Okulary BME280,"29.38,61.58,31.79,88.88,32.28,94.67,28.55,50.98",29.38,61.58,31.79,88.88,32.28,94.67,28.55,50.98,true,0
session_20260624_181854_P001,505,55170,2026-06-24T18:19:50.349081,Okulary BME280,"29.37,61.46,31.72,88.64,32.20,94.25,28.55,50.98",29.37,61.46,31.72,88.64,32.20,94.25,28.55,50.98,true,0
session_20260624_181854_P001,506,55270,2026-06-24T18:19:50.449514,Okulary BME280,"29.37,61.33,31.63,88.35,32.05,93.70,28.55,51.03",29.37,61.33,31.63,88.35,32.05,93.70,28.55,51.03,true,0
session_20260624_181854_P001,507,55376,2026-06-24T18:19:50.554690,Okulary BME280,"29.37,61.20,31.51,88.00,31.89,93.38,28.56,51.00",29.37,61.20,31.51,88.00,31.89,93.38,28.56,51.00,true,0
session_20260624_181854_P001,508,55476,2026-06-24T18:19:50.655386,Okulary BME280,"29.36,61.20,31.37,87.67,31.74,93.17,28.56,50.98",29.36,61.20,31.37,87.67,31.74,93.17,28.56,50.98,true,0
session_20260624_181854_P001,509,55613,2026-06-24T18:19:50.791821,Okulary BME280,"29.37,61.17,31.11,87.19,31.61,93.15,28.56,50.96",29.37,61.17,31.11,87.19,31.61,93.15,28.56,50.96,true,0
session_20260624_181854_P001,510,55716,2026-06-24T18:19:50.895235,Okulary BME280,"29.37,61.16,31.00,86.98,31.43,93.10,28.56,50.96",29.37,61.16,31.00,86.98,31.43,93.10,28.56,50.96,true,0
session_20260624_181854_P001,511,55791,2026-06-24T18:19:50.969567,Okulary BME280,"29.37,61.14,30.93,86.76,31.35,93.14,28.56,50.95",29.37,61.14,30.93,86.76,31.35,93.14,28.56,50.95,true,0
session_20260624_181854_P001,512,55937,2026-06-24T18:19:51.116204,Okulary BME280,"29.37,61.06,30.87,86.57,31.29,93.24,28.56,50.95",29.37,61.06,30.87,86.57,31.29,93.24,28.56,50.95,true,0
session_20260624_181854_P001,513,56040,2026-06-24T18:19:51.218588,Okulary BME280,"29.37,60.99,30.83,86.41,31.26,93.32,28.56,50.92",29.37,60.99,30.83,86.41,31.26,93.32,28.56,50.92,true,0
session_20260624_181854_P001,514,56105,2026-06-24T18:19:51.284365,Okulary BME280,"29.37,60.85,30.80,86.28,31.23,93.41,28.56,50.88",29.37,60.85,30.80,86.28,31.23,93.41,28.56,50.88,true,0
session_20260624_181854_P001,515,56237,2026-06-24T18:19:51.415626,Okulary BME280,"29.37,60.84,30.79,86.18,31.22,93.51,28.56,50.84",29.37,60.84,30.79,86.18,31.22,93.51,28.56,50.84,true,0
session_20260624_181854_P001,516,56332,2026-06-24T18:19:51.511135,Okulary BME280,"29.37,60.68,30.80,86.14,31.22,93.59,28.56,50.79",29.37,60.68,30.80,86.14,31.22,93.59,28.56,50.79,true,0
session_20260624_181854_P001,517,56478,2026-06-24T18:19:51.656747,Okulary BME280,"29.37,60.61,30.83,85.94,31.22,93.60,28.54,50.71",29.37,60.61,30.83,85.94,31.22,93.60,28.54,50.71,true,0
session_20260624_181854_P001,518,56583,2026-06-24T18:19:51.762095,Okulary BME280,"29.37,60.51,30.83,85.82,31.22,93.64,28.53,50.68",29.37,60.51,30.83,85.82,31.22,93.64,28.53,50.68,true,0
session_20260624_181854_P001,519,56643,2026-06-24T18:19:51.822012,Okulary BME280,"29.37,60.42,30.84,85.71,31.23,93.68,28.52,50.63",29.37,60.42,30.84,85.71,31.23,93.68,28.52,50.63,true,0
session_20260624_181854_P001,520,56802,2026-06-24T18:19:51.980929,Okulary BME280,"29.37,60.36,30.85,85.59,31.23,93.66,28.52,50.58",29.37,60.36,30.85,85.59,31.23,93.66,28.52,50.58,true,0
session_20260624_181854_P001,521,56877,2026-06-24T18:19:52.056560,Okulary BME280,"29.37,60.29,30.85,85.45,31.23,93.66,28.51,50.55",29.37,60.29,30.85,85.45,31.23,93.66,28.51,50.55,true,0
session_20260624_181854_P001,522,57009,2026-06-24T18:19:52.187754,Okulary BME280,"29.37,60.26,30.85,85.31,31.23,93.64,28.50,50.53",29.37,60.26,30.85,85.31,31.23,93.64,28.50,50.53,true,0
session_20260624_181854_P001,523,57099,2026-06-24T18:19:52.278207,Okulary BME280,"29.37,60.28,30.86,85.15,31.22,93.61,28.49,50.51",29.37,60.28,30.86,85.15,31.22,93.61,28.49,50.51,true,0
session_20260624_181854_P001,524,57246,2026-06-24T18:19:52.425283,Okulary BME280,"29.37,60.17,30.86,85.03,31.21,93.60,28.49,50.48",29.37,60.17,30.86,85.03,31.21,93.60,28.49,50.48,true,0
session_20260624_181854_P001,525,57323,2026-06-24T18:19:52.501656,Okulary BME280,"29.38,60.15,30.86,84.87,31.20,93.59,28.49,50.48",29.38,60.15,30.86,84.87,31.20,93.59,28.49,50.48,true,0
session_20260624_181854_P001,526,57415,2026-06-24T18:19:52.594552,Okulary BME280,"29.38,60.09,30.86,84.67,31.19,93.54,28.48,50.43",29.38,60.09,30.86,84.67,31.19,93.54,28.48,50.43,true,0
session_20260624_181854_P001,527,57557,2026-06-24T18:19:52.736423,Okulary BME280,"29.38,60.01,30.86,84.60,31.18,93.54,28.48,50.44",29.38,60.01,30.86,84.60,31.18,93.54,28.48,50.44,true,0
session_20260624_181854_P001,528,57631,2026-06-24T18:19:52.810049,Okulary BME280,"29.38,59.91,30.86,84.58,31.17,93.53,28.48,50.51",29.38,59.91,30.86,84.58,31.17,93.53,28.48,50.51,true,0
session_20260624_181854_P001,529,57777,2026-06-24T18:19:52.956296,Okulary BME280,"29.37,59.83,30.87,84.64,31.17,93.71,28.48,50.59",29.37,59.83,30.87,84.64,31.17,93.71,28.48,50.59,true,0
session_20260624_181854_P001,530,57892,2026-06-24T18:19:53.071359,Okulary BME280,"29.37,59.79,30.90,84.75,31.17,93.86,28.49,50.65",29.37,59.79,30.90,84.75,31.17,93.86,28.49,50.65,true,0
session_20260624_181854_P001,531,57991,2026-06-24T18:19:53.169711,Okulary BME280,"29.38,59.77,30.93,84.89,31.18,93.95,28.50,50.67",29.38,59.77,30.93,84.89,31.18,93.95,28.50,50.67,true,0
session_20260624_181854_P001,532,58088,2026-06-24T18:19:53.267213,Okulary BME280,"29.38,59.72,30.96,85.02,31.20,94.04,28.51,50.67",29.38,59.72,30.96,85.02,31.20,94.04,28.51,50.67,true,0
session_20260624_181854_P001,533,58184,2026-06-24T18:19:53.362677,Okulary BME280,"29.39,59.83,30.98,85.23,31.23,94.22,28.51,50.67",29.39,59.83,30.98,85.23,31.23,94.22,28.51,50.67,true,0
session_20260624_181854_P001,534,58334,2026-06-24T18:19:53.512766,Okulary BME280,"29.39,59.81,31.02,85.48,31.27,94.58,28.51,50.67",29.39,59.81,31.02,85.48,31.27,94.58,28.51,50.67,true,0
session_20260624_181854_P001,535,58412,2026-06-24T18:19:53.591159,Okulary BME280,"29.39,59.74,31.17,85.97,31.34,94.77,28.51,50.73",29.39,59.74,31.17,85.97,31.34,94.77,28.51,50.73,true,0
session_20260624_181854_P001,536,58553,2026-06-24T18:19:53.731755,Okulary BME280,"29.39,59.64,31.25,86.24,31.56,95.02,28.51,50.78",29.39,59.64,31.25,86.24,31.56,95.02,28.51,50.78,true,0
session_20260624_181854_P001,537,58622,2026-06-24T18:19:53.801543,Okulary BME280,"29.38,59.53,31.33,86.51,31.67,95.09,28.51,50.79",29.38,59.53,31.33,86.51,31.67,95.09,28.51,50.79,true,0
session_20260624_181854_P001,538,58781,2026-06-24T18:19:53.960092,Okulary BME280,"29.38,59.43,31.40,86.74,31.78,95.17,28.51,50.75",29.38,59.43,31.40,86.74,31.78,95.17,28.51,50.75,true,0
session_20260624_181854_P001,539,58849,2026-06-24T18:19:54.027735,Okulary BME280,"29.38,59.36,31.47,86.97,31.88,95.23,28.52,50.74",29.38,59.36,31.47,86.97,31.88,95.23,28.52,50.74,true,0
session_20260624_181854_P001,540,58938,2026-06-24T18:19:54.117141,Okulary BME280,"29.38,59.27,31.54,87.17,31.97,95.29,28.52,50.76",29.38,59.27,31.54,87.17,31.97,95.29,28.52,50.76,true,0
session_20260624_181854_P001,541,59074,2026-06-24T18:19:54.252884,Okulary BME280,"29.38,59.19,31.59,87.37,32.06,95.34,28.51,50.79",29.38,59.19,31.59,87.37,32.06,95.34,28.51,50.79,true,0
session_20260624_181854_P001,542,59161,2026-06-24T18:19:54.340556,Okulary BME280,"29.37,59.02,31.64,87.57,32.14,95.40,28.53,50.85",29.37,59.02,31.64,87.57,32.14,95.40,28.53,50.85,true,0
session_20260624_181854_P001,543,59297,2026-06-24T18:19:54.476365,Okulary BME280,"29.38,59.00,31.68,87.74,32.21,95.41,28.52,50.91",29.38,59.00,31.68,87.74,32.21,95.41,28.52,50.91,true,0
session_20260624_181854_P001,544,59406,2026-06-24T18:19:54.585045,Okulary BME280,"29.38,59.01,31.76,88.03,32.29,95.44,28.52,50.88",29.38,59.01,31.76,88.03,32.29,95.44,28.52,50.88,true,0
session_20260624_181854_P001,545,59505,2026-06-24T18:19:54.684086,Okulary BME280,"29.38,59.11,31.80,88.16,32.42,95.45,28.52,50.88",29.38,59.11,31.80,88.16,32.42,95.45,28.52,50.88,true,0
session_20260624_181854_P001,546,59616,2026-06-24T18:19:54.795323,Okulary BME280,"29.38,59.33,31.83,88.29,32.47,95.45,28.52,50.91",29.38,59.33,31.83,88.29,32.47,95.45,28.52,50.91,true,0
session_20260624_181854_P001,547,59711,2026-06-24T18:19:54.889619,Okulary BME280,"29.39,59.48,31.86,88.41,32.51,95.45,28.51,50.91",29.39,59.48,31.86,88.41,32.51,95.45,28.51,50.91,true,0
session_20260624_181854_P001,548,59870,2026-06-24T18:19:55.048951,Okulary BME280,"29.40,59.49,31.89,88.51,32.54,95.47,28.51,50.87",29.40,59.49,31.89,88.51,32.54,95.47,28.51,50.87,true,0
session_20260624_181854_P001,549,59934,2026-06-24T18:19:55.113507,Okulary BME280,"29.40,59.49,31.91,88.60,32.57,95.46,28.51,50.85",29.40,59.49,31.91,88.60,32.57,95.46,28.51,50.85,true,0
session_20260624_181854_P001,550,60062,2026-06-24T18:19:55.241468,Okulary BME280,"29.40,59.48,31.93,88.68,32.61,95.44,28.51,50.81",29.40,59.48,31.93,88.68,32.61,95.44,28.51,50.81,true,0
session_20260624_181854_P001,551,60156,2026-06-24T18:19:55.334571,Okulary BME280,"29.40,59.47,31.95,88.75,32.63,95.44,28.50,50.79",29.40,59.47,31.95,88.75,32.63,95.44,28.50,50.79,true,0
session_20260624_181854_P001,552,60251,2026-06-24T18:19:55.430530,Okulary BME280,"29.39,59.55,31.96,88.83,32.64,95.40,28.49,50.79",29.39,59.55,31.96,88.83,32.64,95.40,28.49,50.79,true,0
session_20260624_181854_P001,553,60412,2026-06-24T18:19:55.591346,Okulary BME280,"29.41,59.74,31.96,88.89,32.65,95.38,28.49,50.90",29.41,59.74,31.96,88.89,32.65,95.38,28.49,50.90,true,0
session_20260624_181854_P001,554,60480,2026-06-24T18:19:55.659199,Okulary BME280,"29.41,59.96,31.95,88.89,32.61,95.08,28.49,50.92",29.41,59.96,31.95,88.89,32.61,95.08,28.49,50.92,true,0
session_20260624_181854_P001,555,60602,2026-06-24T18:19:55.780619,Okulary BME280,"29.42,60.21,31.92,88.79,32.54,94.85,28.50,50.90",29.42,60.21,31.92,88.79,32.54,94.85,28.50,50.90,true,0
session_20260624_181854_P001,556,60722,2026-06-24T18:19:55.901322,Okulary BME280,"29.43,60.41,31.87,88.54,32.43,94.48,28.51,50.88",29.43,60.41,31.87,88.54,32.43,94.48,28.51,50.88,true,0
session_20260624_181854_P001,557,60826,2026-06-24T18:19:56.005548,Okulary BME280,"29.44,60.69,31.77,88.23,32.27,94.07,28.51,50.88",29.44,60.69,31.77,88.23,32.27,94.07,28.51,50.88,true,0
session_20260624_181854_P001,558,60922,2026-06-24T18:19:56.101243,Okulary BME280,"29.45,60.91,31.64,87.87,32.11,93.65,28.51,50.88",29.45,60.91,31.64,87.87,32.11,93.65,28.51,50.88,true,0
session_20260624_181854_P001,559,61015,2026-06-24T18:19:56.194113,Okulary BME280,"29.45,61.33,31.48,87.55,31.95,93.38,28.51,50.88",29.45,61.33,31.48,87.55,31.95,93.38,28.51,50.88,true,0
session_20260624_181854_P001,560,61174,2026-06-24T18:19:56.352691,Okulary BME280,"29.45,61.39,31.31,87.23,31.81,93.19,28.51,50.89",29.45,61.39,31.31,87.23,31.81,93.19,28.51,50.89,true,0
session_20260624_181854_P001,561,61234,2026-06-24T18:19:56.413186,Okulary BME280,"29.45,61.39,31.17,86.95,31.68,93.02,28.52,50.87",29.45,61.39,31.17,86.95,31.68,93.02,28.52,50.87,true,0
session_20260624_181854_P001,562,61371,2026-06-24T18:19:56.549718,Okulary BME280,"29.44,61.33,30.96,86.61,31.57,93.06,28.51,50.81",29.44,61.33,30.96,86.61,31.57,93.06,28.51,50.81,true,0
session_20260624_181854_P001,563,61487,2026-06-24T18:19:56.666542,Okulary BME280,"29.44,61.21,30.91,86.47,31.42,93.12,28.52,50.80",29.44,61.21,30.91,86.47,31.42,93.12,28.52,50.80,true,0
session_20260624_181854_P001,564,61549,2026-06-24T18:19:56.728224,Okulary BME280,"29.43,61.07,30.88,86.34,31.36,93.23,28.51,50.79",29.43,61.07,30.88,86.34,31.36,93.23,28.51,50.79,true,0
session_20260624_181854_P001,565,61718,2026-06-24T18:19:56.896926,Okulary BME280,"29.42,60.92,30.86,86.20,31.33,93.32,28.52,50.83",29.42,60.92,30.86,86.20,31.33,93.32,28.52,50.83,true,0
session_20260624_181854_P001,566,61783,2026-06-24T18:19:56.962245,Okulary BME280,"29.41,60.86,30.86,86.05,31.31,93.41,28.51,50.82",29.41,60.86,30.86,86.05,31.31,93.41,28.51,50.82,true,0
session_20260624_181854_P001,567,61906,2026-06-24T18:19:57.085393,Okulary BME280,"29.41,60.63,30.86,85.90,31.29,93.48,28.52,50.85",29.41,60.63,30.86,85.90,31.29,93.48,28.52,50.85,true,0
session_20260624_181854_P001,568,62032,2026-06-24T18:19:57.211271,Okulary BME280,"29.41,60.51,30.86,85.73,31.28,93.53,28.52,50.86",29.41,60.51,30.86,85.73,31.28,93.53,28.52,50.86,true,0
session_20260624_181854_P001,569,62133,2026-06-24T18:19:57.311967,Okulary BME280,"29.41,60.40,30.86,85.57,31.28,93.59,28.53,50.87",29.41,60.40,30.86,85.57,31.28,93.59,28.53,50.87,true,0
session_20260624_181854_P001,570,62230,2026-06-24T18:19:57.409127,Okulary BME280,"29.41,60.29,30.86,85.19,31.28,93.62,28.52,50.91",29.41,60.29,30.86,85.19,31.28,93.62,28.52,50.91,true,0
session_20260624_181854_P001,571,62319,2026-06-24T18:19:57.498518,Okulary BME280,"29.41,60.20,30.85,84.99,31.27,93.57,28.53,50.94",29.41,60.20,30.85,84.99,31.27,93.57,28.53,50.94,true,0
session_20260624_181854_P001,572,62459,2026-06-24T18:19:57.638342,Okulary BME280,"29.41,60.12,30.83,84.81,31.25,93.57,28.53,50.94",29.41,60.12,30.83,84.81,31.25,93.57,28.53,50.94,true,0
session_20260624_181854_P001,573,62556,2026-06-24T18:19:57.735492,Okulary BME280,"29.41,60.08,30.82,84.65,31.24,93.57,28.53,50.92",29.41,60.08,30.82,84.65,31.24,93.57,28.53,50.92,true,0
session_20260624_181854_P001,574,62677,2026-06-24T18:19:57.856197,Okulary BME280,"29.42,60.00,30.82,84.55,31.23,93.60,28.53,50.90",29.42,60.00,30.82,84.55,31.23,93.60,28.53,50.90,true,0
session_20260624_181854_P001,575,62769,2026-06-24T18:19:57.948458,Okulary BME280,"29.42,60.02,30.83,84.61,31.22,93.78,28.53,50.86",29.42,60.02,30.83,84.61,31.22,93.78,28.53,50.86,true,0
session_20260624_181854_P001,576,62921,2026-06-24T18:19:58.100538,Okulary BME280,"29.42,59.95,30.86,84.73,31.23,93.91,28.53,50.84",29.42,59.95,30.86,84.73,31.23,93.91,28.53,50.84,true,0
session_20260624_181854_P001,577,62993,2026-06-24T18:19:58.171585,Okulary BME280,"29.42,59.95,30.90,84.83,31.24,93.87,28.53,50.86",29.42,59.95,30.90,84.83,31.24,93.87,28.53,50.86,true,0
session_20260624_181854_P001,578,63078,2026-06-24T18:19:58.257020,Okulary BME280,"29.43,59.99,30.93,84.93,31.25,93.84,28.53,50.93",29.43,59.99,30.93,84.93,31.25,93.84,28.53,50.93,true,0
session_20260624_181854_P001,579,63225,2026-06-24T18:19:58.404540,Okulary BME280,"29.44,60.04,31.01,85.38,31.26,94.21,28.53,50.92",29.44,60.04,31.01,85.38,31.26,94.21,28.53,50.92,true,0
session_20260624_181854_P001,580,63325,2026-06-24T18:19:58.503986,Okulary BME280,"29.44,60.06,31.10,85.67,31.42,94.85,28.53,51.02",29.44,60.06,31.10,85.67,31.42,94.85,28.53,51.02,true,0
session_20260624_181854_P001,581,63437,2026-06-24T18:19:58.616346,Okulary BME280,"29.44,60.12,31.19,85.96,31.55,94.98,28.54,51.06",29.44,60.12,31.19,85.96,31.55,94.98,28.54,51.06,true,0
session_20260624_181854_P001,582,63528,2026-06-24T18:19:58.707194,Okulary BME280,"29.45,60.35,31.28,86.23,31.68,95.06,28.54,51.11",29.45,60.35,31.28,86.23,31.68,95.06,28.54,51.11,true,0
session_20260624_181854_P001,583,63690,2026-06-24T18:19:58.868618,Okulary BME280,"29.45,60.52,31.36,86.49,31.80,95.12,28.55,51.15",29.45,60.52,31.36,86.49,31.80,95.12,28.55,51.15,true,0
session_20260624_181854_P001,584,63753,2026-06-24T18:19:58.931882,Okulary BME280,"29.47,60.88,31.43,86.71,31.89,95.19,28.54,51.19",29.47,60.88,31.43,86.71,31.89,95.19,28.54,51.19,true,0
session_20260624_181854_P001,585,63845,2026-06-24T18:19:59.023654,Okulary BME280,"29.48,61.05,31.49,86.94,31.98,95.24,28.55,51.21",29.48,61.05,31.49,86.94,31.98,95.24,28.55,51.21,true,0
session_20260624_181854_P001,586,64006,2026-06-24T18:19:59.185487,Okulary BME280,"29.48,61.22,31.55,87.12,32.06,95.27,28.55,51.24",29.48,61.22,31.55,87.12,32.06,95.27,28.55,51.24,true,0
session_20260624_181854_P001,587,64105,2026-06-24T18:19:59.284246,Okulary BME280,"29.48,61.43,31.59,87.30,32.13,95.25,28.55,51.22",29.48,61.43,31.59,87.30,32.13,95.25,28.55,51.22,true,0
session_20260624_181854_P001,588,64229,2026-06-24T18:19:59.408024,Okulary BME280,"29.49,61.61,31.66,87.64,32.19,95.30,28.55,51.28",29.49,61.61,31.66,87.64,32.19,95.30,28.55,51.28,true,0
session_20260624_181854_P001,589,64297,2026-06-24T18:19:59.476063,Okulary BME280,"29.49,61.74,31.69,87.79,32.27,95.37,28.55,51.27",29.49,61.74,31.69,87.79,32.27,95.37,28.55,51.27,true,0
session_20260624_181854_P001,590,64393,2026-06-24T18:19:59.572218,Okulary BME280,"29.49,61.88,31.73,87.94,32.31,95.40,28.55,51.34",29.49,61.88,31.73,87.94,32.31,95.40,28.55,51.34,true,0
session_20260624_181854_P001,591,64551,2026-06-24T18:19:59.729749,Okulary BME280,"29.49,62.01,31.76,88.06,32.36,95.39,28.55,51.39",29.49,62.01,31.76,88.06,32.36,95.39,28.55,51.39,true,0
session_20260624_181854_P001,592,64606,2026-06-24T18:19:59.785343,Okulary BME280,"29.49,62.16,31.78,88.16,32.41,95.42,28.55,51.42",29.49,62.16,31.78,88.16,32.41,95.42,28.55,51.42,true,0
session_20260624_181854_P001,593,64742,2026-06-24T18:19:59.921254,Okulary BME280,"29.50,62.44,31.80,88.26,32.44,95.41,28.55,51.43",29.50,62.44,31.80,88.26,32.44,95.41,28.55,51.43,true,0
session_20260624_181854_P001,594,64831,2026-06-24T18:20:00.009946,Okulary BME280,"29.50,62.60,31.82,88.34,32.47,95.39,28.55,51.41",29.50,62.60,31.82,88.34,32.47,95.39,28.55,51.41,true,0
session_20260624_181854_P001,595,64993,2026-06-24T18:20:00.171960,Okulary BME280,"29.50,62.68,31.83,88.42,32.49,95.36,28.54,51.37",29.50,62.68,31.83,88.42,32.49,95.36,28.54,51.37,true,0
session_20260624_181854_P001,596,65064,2026-06-24T18:20:00.243529,Okulary BME280,"29.50,62.74,31.84,88.45,32.50,95.34,28.54,51.30",29.50,62.74,31.84,88.45,32.50,95.34,28.54,51.30,true,0
session_20260624_181854_P001,597,65145,2026-06-24T18:20:00.324560,Okulary BME280,"29.50,62.80,31.80,88.44,32.49,95.20,28.54,51.27",29.50,62.80,31.80,88.44,32.49,95.20,28.54,51.27,true,0
session_20260624_181854_P001,598,65283,2026-06-24T18:20:00.461995,Okulary BME280,"29.50,62.85,31.76,88.18,32.41,94.76,28.53,51.17",29.50,62.85,31.76,88.18,32.41,94.76,28.53,51.17,true,0
session_20260624_181854_P001,599,65380,2026-06-24T18:20:00.559558,Okulary BME280,"29.50,62.79,31.66,87.81,32.27,94.19,28.53,51.15",29.50,62.79,31.66,87.81,32.27,94.19,28.53,51.15,true,0
session_20260624_181854_P001,600,65553,2026-06-24T18:20:00.731671,Okulary BME280,"29.49,62.70,31.52,87.50,32.08,93.59,28.52,51.14",29.49,62.70,31.52,87.50,32.08,93.59,28.52,51.14,true,0
session_20260624_181854_P001,601,65618,2026-06-24T18:20:00.797541,Okulary BME280,"29.47,62.69,31.36,87.36,31.88,93.38,28.53,51.11",29.47,62.69,31.36,87.36,31.88,93.38,28.53,51.11,true,0
session_20260624_181854_P001,602,65744,2026-06-24T18:20:00.923093,Okulary BME280,"29.47,62.60,31.24,87.29,31.74,93.35,28.53,51.14",29.47,62.60,31.24,87.29,31.74,93.35,28.53,51.14,true,0
session_20260624_181854_P001,603,65882,2026-06-24T18:20:01.061258,Okulary BME280,"29.47,62.51,31.17,87.28,31.64,93.44,28.53,51.24",29.47,62.51,31.17,87.28,31.64,93.44,28.53,51.24,true,0
session_20260624_181854_P001,604,65911,2026-06-24T18:20:01.090409,Okulary BME280,"29.47,62.39,31.12,87.22,31.58,93.48,28.54,51.30",29.47,62.39,31.12,87.22,31.58,93.48,28.54,51.30,true,0
session_20260624_181854_P001,605,66048,2026-06-24T18:20:01.227379,Okulary BME280,"29.47,62.29,31.11,87.06,31.53,93.37,28.54,51.31",29.47,62.29,31.11,87.06,31.53,93.37,28.54,51.31,true,0
session_20260624_181854_P001,606,66149,2026-06-24T18:20:01.327934,Okulary BME280,"29.47,62.23,31.03,86.66,31.48,93.32,28.54,51.28",29.47,62.23,31.03,86.66,31.48,93.32,28.54,51.28,true,0
session_20260624_181854_P001,607,66280,2026-06-24T18:20:01.459089,Okulary BME280,"29.47,62.15,30.98,86.46,31.37,93.34,28.54,51.19",29.47,62.15,30.98,86.46,31.37,93.34,28.54,51.19,true,0
session_20260624_181854_P001,608,66378,2026-06-24T18:20:01.557112,Okulary BME280,"29.47,61.94,30.94,86.25,31.33,93.38,28.53,51.14",29.47,61.94,30.94,86.25,31.33,93.38,28.53,51.14,true,0
session_20260624_181854_P001,609,66471,2026-06-24T18:20:01.649847,Okulary BME280,"29.46,61.83,30.91,86.04,31.30,93.45,28.53,51.13",29.46,61.83,30.91,86.04,31.30,93.45,28.53,51.13,true,0
session_20260624_181854_P001,610,66586,2026-06-24T18:20:01.765506,Okulary BME280,"29.46,61.63,30.89,85.82,31.28,93.48,28.53,51.11",29.46,61.63,30.89,85.82,31.28,93.48,28.53,51.11,true,0
session_20260624_181854_P001,611,66676,2026-06-24T18:20:01.855003,Okulary BME280,"29.46,61.50,30.87,85.63,31.27,93.50,28.52,51.09",29.46,61.50,30.87,85.63,31.27,93.50,28.52,51.09,true,0
session_20260624_181854_P001,612,66851,2026-06-24T18:20:02.029733,Okulary BME280,"29.46,61.39,30.86,85.44,31.26,93.50,28.52,51.07",29.46,61.39,30.86,85.44,31.26,93.50,28.52,51.07,true,0
session_20260624_181854_P001,613,66905,2026-06-24T18:20:02.084154,Okulary BME280,"29.46,61.28,30.85,85.26,31.26,93.52,28.52,51.04",29.46,61.28,30.85,85.26,31.26,93.52,28.52,51.04,true,0
session_20260624_181854_P001,614,67053,2026-06-24T18:20:02.232053,Okulary BME280,"29.45,61.17,30.85,85.15,31.26,93.63,28.52,50.99",29.45,61.17,30.85,85.15,31.26,93.63,28.52,50.99,true,0
session_20260624_181854_P001,615,67135,2026-06-24T18:20:02.314111,Okulary BME280,"29.45,61.08,30.89,85.22,31.27,93.73,28.52,51.04",29.45,61.08,30.89,85.22,31.27,93.73,28.52,51.04,true,0
session_20260624_181854_P001,616,67217,2026-06-24T18:20:02.396185,Okulary BME280,"29.45,61.05,30.91,85.28,31.28,93.82,28.52,51.06",29.45,61.05,30.91,85.28,31.28,93.82,28.52,51.06,true,0
session_20260624_181854_P001,617,67421,2026-06-24T18:20:02.600108,Okulary BME280,"29.46,60.96,30.94,85.41,31.30,94.02,28.52,51.07",29.46,60.96,30.94,85.41,31.30,94.02,28.52,51.07,true,0
session_20260624_181854_P001,618,67454,2026-06-24T18:20:02.633017,Okulary BME280,"29.46,60.83,30.97,85.54,31.33,94.18,28.53,51.07",29.46,60.83,30.97,85.54,31.33,94.18,28.53,51.07,true,0
session_20260624_181854_P001,619,67587,2026-06-24T18:20:02.765618,Okulary BME280,"29.46,60.71,31.02,85.72,31.37,94.47,28.53,51.06",29.46,60.71,31.02,85.72,31.37,94.47,28.53,51.06,true,0
session_20260624_181854_P001,620,67674,2026-06-24T18:20:02.853230,Okulary BME280,"29.45,60.61,31.07,85.92,31.43,94.66,28.53,51.02",29.45,60.61,31.07,85.92,31.43,94.66,28.53,51.02,true,0
session_20260624_181854_P001,621,67822,2026-06-24T18:20:03.001531,Okulary BME280,"29.45,60.52,31.12,86.15,31.52,94.82,28.53,51.01",29.45,60.52,31.12,86.15,31.52,94.82,28.53,51.01,true,0
session_20260624_181854_P001,622,67915,2026-06-24T18:20:03.094146,Okulary BME280,"29.45,60.42,31.19,86.37,31.61,94.92,28.53,50.99",29.45,60.42,31.19,86.37,31.61,94.92,28.53,50.99,true,0
session_20260624_181854_P001,623,68009,2026-06-24T18:20:03.188132,Okulary BME280,"29.45,60.36,31.25,86.56,31.71,94.97,28.53,50.92",29.45,60.36,31.25,86.56,31.71,94.97,28.53,50.92,true,0
session_20260624_181854_P001,624,68117,2026-06-24T18:20:03.296286,Okulary BME280,"29.45,60.27,31.36,86.96,31.89,95.14,28.52,50.89",29.45,60.27,31.36,86.96,31.89,95.14,28.52,50.89,true,0
session_20260624_181854_P001,625,68224,2026-06-24T18:20:03.403078,Okulary BME280,"29.45,60.21,31.41,87.15,31.97,95.19,28.51,50.81",29.45,60.21,31.41,87.15,31.97,95.19,28.51,50.81,true,0
session_20260624_181854_P001,626,68343,2026-06-24T18:20:03.522143,Okulary BME280,"29.45,60.27,31.45,87.31,32.05,95.24,28.51,50.79",29.45,60.27,31.45,87.31,32.05,95.24,28.51,50.79,true,0
session_20260624_181854_P001,627,68436,2026-06-24T18:20:03.615199,Okulary BME280,"29.46,60.41,31.50,87.46,32.12,95.27,28.51,50.78",29.46,60.41,31.50,87.46,32.12,95.27,28.51,50.78,true,0
session_20260624_181854_P001,628,68571,2026-06-24T18:20:03.749587,Okulary BME280,"29.46,60.40,31.54,87.61,32.19,95.31,28.51,50.74",29.46,60.40,31.54,87.61,32.19,95.31,28.51,50.74,true,0
session_20260624_181854_P001,629,68678,2026-06-24T18:20:03.857235,Okulary BME280,"29.46,60.37,31.57,87.77,32.25,95.34,28.50,50.72",29.46,60.37,31.57,87.77,32.25,95.34,28.50,50.72,true,0
session_20260624_181854_P001,630,68752,2026-06-24T18:20:03.931327,Okulary BME280,"29.46,60.31,31.60,87.89,32.31,95.33,28.50,50.70",29.46,60.31,31.60,87.89,32.31,95.33,28.50,50.70,true,0
session_20260624_181854_P001,631,68901,2026-06-24T18:20:04.079602,Okulary BME280,"29.45,60.25,31.63,88.03,32.37,95.33,28.50,50.65",29.45,60.25,31.63,88.03,32.37,95.33,28.50,50.65,true,0
session_20260624_181854_P001,632,68975,2026-06-24T18:20:04.153775,Okulary BME280,"29.45,60.25,31.66,88.23,32.40,95.34,28.49,50.64",29.45,60.25,31.66,88.23,32.40,95.34,28.49,50.64,true,0
session_20260624_181854_P001,633,69113,2026-06-24T18:20:04.291652,Okulary BME280,"29.45,60.15,31.70,88.32,32.46,95.30,28.48,50.61",29.45,60.15,31.70,88.32,32.46,95.30,28.48,50.61,true,0
session_20260624_181854_P001,634,69211,2026-06-24T18:20:04.390008,Okulary BME280,"29.45,60.10,31.72,88.41,32.47,95.31,28.48,50.55",29.45,60.10,31.72,88.41,32.47,95.31,28.48,50.55,true,0
session_20260624_181854_P001,635,69295,2026-06-24T18:20:04.474510,Okulary BME280,"29.45,59.98,31.74,88.49,32.48,95.33,28.49,50.53",29.45,59.98,31.74,88.49,32.48,95.33,28.49,50.53,true,0
session_20260624_181854_P001,636,69453,2026-06-24T18:20:04.631955,Okulary BME280,"29.45,59.86,31.76,88.57,32.51,95.35,28.48,50.52",29.45,59.86,31.76,88.57,32.51,95.35,28.48,50.52,true,0
session_20260624_181854_P001,637,69512,2026-06-24T18:20:04.691288,Okulary BME280,"29.45,59.69,31.79,88.64,32.53,95.34,28.48,50.53",29.45,59.69,31.79,88.64,32.53,95.34,28.48,50.53,true,0
session_20260624_181854_P001,638,69671,2026-06-24T18:20:04.850368,Okulary BME280,"29.44,59.65,31.80,88.72,32.56,95.31,28.48,50.61",29.44,59.65,31.80,88.72,32.56,95.31,28.48,50.61,true,0
session_20260624_181854_P001,639,69766,2026-06-24T18:20:04.944655,Okulary BME280,"29.44,59.62,31.82,88.78,32.57,95.23,28.49,50.67",29.44,59.62,31.82,88.78,32.57,95.23,28.49,50.67,true,0
session_20260624_181854_P001,640,69873,2026-06-24T18:20:05.051846,Okulary BME280,"29.44,59.67,31.82,88.77,32.57,95.11,28.49,50.71",29.44,59.67,31.82,88.77,32.57,95.11,28.49,50.71,true,0
session_20260624_181854_P001,641,69970,2026-06-24T18:20:05.149185,Okulary BME280,"29.45,59.84,31.81,88.62,32.54,94.97,28.51,50.73",29.45,59.84,31.81,88.62,32.54,94.97,28.51,50.73,true,0
session_20260624_181854_P001,642,70060,2026-06-24T18:20:05.239302,Okulary BME280,"29.45,59.99,31.72,88.38,32.32,94.17,28.50,50.78",29.45,59.99,31.72,88.38,32.32,94.17,28.50,50.78,true,0
session_20260624_181854_P001,643,70211,2026-06-24T18:20:05.389963,Okulary BME280,"29.46,60.09,31.62,88.09,32.15,93.63,28.51,50.77",29.46,60.09,31.62,88.09,32.15,93.63,28.51,50.77,true,0
session_20260624_181854_P001,644,70310,2026-06-24T18:20:05.489325,Okulary BME280,"29.48,60.36,31.48,87.77,31.96,93.31,28.51,50.75",29.48,60.36,31.48,87.77,31.96,93.31,28.51,50.75,true,0
session_20260624_181854_P001,645,70425,2026-06-24T18:20:05.603745,Okulary BME280,"29.48,60.45,31.33,87.51,31.79,93.16,28.51,50.77",29.48,60.45,31.33,87.51,31.79,93.16,28.51,50.77,true,0
session_20260624_181854_P001,646,70519,2026-06-24T18:20:05.698275,Okulary BME280,"29.48,60.55,31.20,87.28,31.66,93.12,28.51,50.78",29.48,60.55,31.20,87.28,31.66,93.12,28.51,50.78,true,0
session_20260624_181854_P001,647,70670,2026-06-24T18:20:05.849510,Okulary BME280,"29.49,60.59,31.08,87.05,31.57,93.15,28.51,50.77",29.49,60.59,31.08,87.05,31.57,93.15,28.51,50.77,true,0
session_20260624_181854_P001,648,70726,2026-06-24T18:20:05.905330,Okulary BME280,"29.48,60.56,31.01,86.80,31.52,93.21,28.51,50.73",29.48,60.56,31.01,86.80,31.52,93.21,28.51,50.73,true,0
session_20260624_181854_P001,649,70833,2026-06-24T18:20:06.012306,Okulary BME280,"29.48,60.45,30.94,86.63,31.47,93.30,28.51,50.72",29.48,60.45,30.94,86.63,31.47,93.30,28.51,50.72,true,0
session_20260624_181854_P001,650,70959,2026-06-24T18:20:06.138075,Okulary BME280,"29.47,60.34,30.86,86.23,31.41,93.38,28.51,50.74",29.47,60.34,30.86,86.23,31.41,93.38,28.51,50.74,true,0
session_20260624_181854_P001,651,71060,2026-06-24T18:20:06.239324,Okulary BME280,"29.47,60.23,30.83,86.02,31.38,93.43,28.51,50.84",29.47,60.23,30.83,86.02,31.38,93.43,28.51,50.84,true,0
session_20260624_181854_P001,652,71181,2026-06-24T18:20:06.360299,Okulary BME280,"29.46,60.05,30.81,85.83,31.35,93.46,28.51,50.86",29.46,60.05,30.81,85.83,31.35,93.46,28.51,50.86,true,0
session_20260624_181854_P001,653,71271,2026-06-24T18:20:06.449573,Okulary BME280,"29.46,59.94,30.80,85.65,31.33,93.49,28.51,50.85",29.46,59.94,30.80,85.65,31.33,93.49,28.51,50.85,true,0
session_20260624_181854_P001,654,71380,2026-06-24T18:20:06.559479,Okulary BME280,"29.46,59.82,30.79,85.46,31.31,93.51,28.52,50.83",29.46,59.82,30.79,85.46,31.31,93.51,28.52,50.83,true,0
session_20260624_181854_P001,655,71525,2026-06-24T18:20:06.704508,Okulary BME280,"29.45,59.67,30.78,85.28,31.31,93.51,28.51,50.81",29.45,59.67,30.78,85.28,31.31,93.51,28.51,50.81,true,0
session_20260624_181854_P001,656,71583,2026-06-24T18:20:06.762056,Okulary BME280,"29.45,59.58,30.78,85.11,31.29,93.51,28.51,50.81",29.45,59.58,30.78,85.11,31.29,93.51,28.51,50.81,true,0
session_20260624_181854_P001,657,71746,2026-06-24T18:20:06.924919,Okulary BME280,"29.45,59.49,30.77,84.94,31.27,93.53,28.51,50.80",29.45,59.49,30.77,84.94,31.27,93.53,28.51,50.80,true,0
session_20260624_181854_P001,658,71818,2026-06-24T18:20:06.996947,Okulary BME280,"29.46,59.45,30.77,84.79,31.25,93.47,28.51,50.77",29.46,59.45,30.77,84.79,31.25,93.47,28.51,50.77,true,0
session_20260624_181854_P001,659,71980,2026-06-24T18:20:07.159113,Okulary BME280,"29.46,59.34,30.75,84.43,31.23,93.49,28.51,50.79",29.46,59.34,30.75,84.43,31.23,93.49,28.51,50.79,true,0
session_20260624_181854_P001,660,72035,2026-06-24T18:20:07.214070,Okulary BME280,"29.46,59.29,30.75,84.29,31.22,93.48,28.51,50.79",29.46,59.29,30.75,84.29,31.22,93.48,28.51,50.79,true,0
session_20260624_181854_P001,661,72120,2026-06-24T18:20:07.299253,Okulary BME280,"29.46,59.11,30.76,84.21,31.22,93.48,28.51,50.82",29.46,59.11,30.76,84.21,31.22,93.48,28.51,50.82,true,0
session_20260624_181854_P001,662,72287,2026-06-24T18:20:07.466384,Okulary BME280,"29.46,59.02,30.76,84.20,31.21,93.54,28.51,50.86",29.46,59.02,30.76,84.20,31.21,93.54,28.51,50.86,true,0
session_20260624_181854_P001,663,72355,2026-06-24T18:20:07.534171,Okulary BME280,"29.46,58.92,30.78,84.29,31.21,93.72,28.52,50.87",29.46,58.92,30.78,84.29,31.21,93.72,28.52,50.87,true,0
session_20260624_181854_P001,664,72509,2026-06-24T18:20:07.688518,Okulary BME280,"29.46,58.82,30.81,84.44,31.22,93.84,28.52,50.86",29.46,58.82,30.81,84.44,31.22,93.84,28.52,50.86,true,0
session_20260624_181854_P001,665,72571,2026-06-24T18:20:07.750242,Okulary BME280,"29.46,58.72,30.85,84.62,31.25,94.04,28.52,50.84",29.46,58.72,30.85,84.62,31.25,94.04,28.52,50.84,true,0
session_20260624_181854_P001,666,72724,2026-06-24T18:20:07.903345,Okulary BME280,"29.46,58.64,30.89,84.84,31.28,94.15,28.52,50.81",29.46,58.64,30.89,84.84,31.28,94.15,28.52,50.81,true,0
session_20260624_181854_P001,667,72831,2026-06-24T18:20:08.010171,Okulary BME280,"29.45,58.58,30.94,84.99,31.33,94.30,28.52,50.78",29.45,58.58,30.94,84.99,31.33,94.30,28.52,50.78,true,0
session_20260624_181854_P001,668,72899,2026-06-24T18:20:08.078074,Okulary BME280,"29.45,58.51,30.98,85.18,31.39,94.05,28.51,50.78",29.45,58.51,30.98,85.18,31.39,94.05,28.51,50.78,true,0
session_20260624_181854_P001,669,73038,2026-06-24T18:20:08.217556,Okulary BME280,"29.45,58.42,30.97,85.27,31.38,94.08,28.52,50.77",29.45,58.42,30.97,85.27,31.38,94.08,28.52,50.77,true,0
session_20260624_181854_P001,670,73153,2026-06-24T18:20:08.332255,Okulary BME280,"29.45,58.39,30.97,85.46,31.37,94.37,28.51,50.74",29.45,58.39,30.97,85.46,31.37,94.37,28.51,50.74,true,0
session_20260624_181854_P001,671,73249,2026-06-24T18:20:08.428357,Okulary BME280,"29.45,58.32,31.01,85.71,31.42,94.75,28.51,50.72",29.45,58.32,31.01,85.71,31.42,94.75,28.51,50.72,true,0
session_20260624_181854_P001,672,73340,2026-06-24T18:20:08.518793,Okulary BME280,"29.45,58.23,31.09,86.00,31.52,94.98,28.51,50.70",29.45,58.23,31.09,86.00,31.52,94.98,28.51,50.70,true,0
session_20260624_181854_P001,673,73485,2026-06-24T18:20:08.664055,Okulary BME280,"29.45,58.16,31.19,86.29,31.65,95.10,28.51,50.71",29.45,58.16,31.19,86.29,31.65,95.10,28.51,50.71,true,0
session_20260624_181854_P001,674,73571,2026-06-24T18:20:08.750024,Okulary BME280,"29.45,58.07,31.29,86.57,31.80,95.19,28.50,50.73",29.45,58.07,31.29,86.57,31.80,95.19,28.50,50.73,true,0
session_20260624_181854_P001,675,73653,2026-06-24T18:20:08.832344,Okulary BME280,"29.45,57.99,31.38,86.78,31.92,95.28,28.50,50.71",29.45,57.99,31.38,86.78,31.92,95.28,28.50,50.71,true,0
session_20260624_181854_P001,676,73787,2026-06-24T18:20:08.966088,Okulary BME280,"29.45,57.91,31.46,87.04,32.05,95.27,28.50,50.71",29.45,57.91,31.46,87.04,32.05,95.27,28.50,50.71,true,0
session_20260624_181854_P001,677,73904,2026-06-24T18:20:09.083088,Okulary BME280,"29.45,57.85,31.60,87.43,32.23,95.32,28.50,50.64",29.45,57.85,31.60,87.43,32.23,95.32,28.50,50.64,true,0
session_20260624_181854_P001,678,74036,2026-06-24T18:20:09.215526,Okulary BME280,"29.44,57.96,31.65,87.59,32.29,95.33,28.49,50.60",29.44,57.96,31.65,87.59,32.29,95.33,28.49,50.60,true,0
session_20260624_181854_P001,679,74148,2026-06-24T18:20:09.327326,Okulary BME280,"29.45,58.12,31.69,87.76,32.34,95.35,28.48,50.60",29.45,58.12,31.69,87.76,32.34,95.35,28.48,50.60,true,0
session_20260624_181854_P001,680,74193,2026-06-24T18:20:09.371736,Okulary BME280,"29.45,58.27,31.72,87.89,32.40,95.33,28.48,50.60",29.45,58.27,31.72,87.89,32.40,95.33,28.48,50.60,true,0
session_20260624_181854_P001,681,74346,2026-06-24T18:20:09.524704,Okulary BME280,"29.46,58.34,31.76,88.03,32.43,95.33,28.48,50.60",29.46,58.34,31.76,88.03,32.43,95.33,28.48,50.60,true,0
session_20260624_181854_P001,682,74438,2026-06-24T18:20:09.617484,Okulary BME280,"29.46,58.38,31.79,88.14,32.46,95.29,28.48,50.64",29.46,58.38,31.79,88.14,32.46,95.29,28.48,50.64,true,0
session_20260624_181854_P001,683,74553,2026-06-24T18:20:09.732181,Okulary BME280,"29.46,58.41,31.81,88.21,32.47,95.23,28.48,50.66",29.46,58.41,31.81,88.21,32.47,95.23,28.48,50.66,true,0
session_20260624_181854_P001,684,74655,2026-06-24T18:20:09.834510,Okulary BME280,"29.46,58.39,31.81,88.27,32.46,95.15,28.48,50.68",29.46,58.39,31.81,88.27,32.46,95.15,28.48,50.68,true,0
session_20260624_181854_P001,685,74777,2026-06-24T18:20:09.956188,Okulary BME280,"29.46,58.44,31.80,88.33,32.43,95.13,28.48,50.73",29.46,58.44,31.80,88.33,32.43,95.13,28.48,50.73,true,0
session_20260624_181854_P001,686,74880,2026-06-24T18:20:10.058678,Okulary BME280,"29.46,58.50,31.78,88.42,32.37,95.10,28.50,50.81",29.46,58.50,31.78,88.42,32.37,95.10,28.50,50.81,true,0
session_20260624_181854_P001,687,74957,2026-06-24T18:20:10.136395,Okulary BME280,"29.47,58.54,31.76,88.45,32.35,95.05,28.50,50.93",29.47,58.54,31.76,88.45,32.35,95.05,28.50,50.93,true,0
session_20260624_181854_P001,688,75121,2026-06-24T18:20:10.299684,Okulary BME280,"29.47,58.59,31.75,88.47,32.32,95.00,28.51,50.97",29.47,58.59,31.75,88.47,32.32,95.00,28.51,50.97,true,0
session_20260624_181854_P001,689,75195,2026-06-24T18:20:10.374105,Okulary BME280,"29.47,58.62,31.72,88.41,32.29,94.78,28.51,51.00",29.47,58.62,31.72,88.41,32.29,94.78,28.51,51.00,true,0
session_20260624_181854_P001,690,75330,2026-06-24T18:20:10.509460,Okulary BME280,"29.47,58.71,31.68,88.21,32.22,94.44,28.51,51.02",29.47,58.71,31.68,88.21,32.22,94.44,28.51,51.02,true,0
session_20260624_181854_P001,691,75427,2026-06-24T18:20:10.605909,Okulary BME280,"29.47,59.03,31.60,87.88,32.09,93.89,28.51,51.06",29.47,59.03,31.60,87.88,32.09,93.89,28.51,51.06,true,0
session_20260624_181854_P001,692,75565,2026-06-24T18:20:10.743747,Okulary BME280,"29.49,59.43,31.46,87.52,31.93,93.45,28.51,51.08",29.49,59.43,31.46,87.52,31.93,93.45,28.51,51.08,true,0
session_20260624_181854_P001,693,75665,2026-06-24T18:20:10.843982,Okulary BME280,"29.50,59.83,31.31,87.25,31.74,93.09,28.51,51.10",29.50,59.83,31.31,87.25,31.74,93.09,28.51,51.10,true,0
session_20260624_181854_P001,694,75725,2026-06-24T18:20:10.904078,Okulary BME280,"29.51,60.11,31.15,86.98,31.43,93.08,28.51,51.09",29.51,60.11,31.15,86.98,31.43,93.08,28.51,51.09,true,0
session_20260624_181854_P001,695,75877,2026-06-24T18:20:11.056155,Okulary BME280,"29.53,60.59,30.88,86.44,31.33,93.20,28.52,51.10",29.53,60.59,30.88,86.44,31.33,93.20,28.52,51.10,true,0
session_20260624_181854_P001,696,75982,2026-06-24T18:20:11.160676,Okulary BME280,"29.52,60.70,30.78,86.20,31.28,93.31,28.53,51.07",29.52,60.70,30.78,86.20,31.28,93.31,28.53,51.07,true,0
session_20260624_181854_P001,697,76081,2026-06-24T18:20:11.259871,Okulary BME280,"29.52,60.76,30.72,86.03,31.26,93.41,28.53,51.06",29.52,60.76,30.72,86.03,31.26,93.41,28.53,51.06,true,0
session_20260624_181854_P001,698,76174,2026-06-24T18:20:11.352953,Okulary BME280,"29.52,60.79,30.69,85.88,31.24,93.48,28.53,51.04",29.52,60.79,30.69,85.88,31.24,93.48,28.53,51.04,true,0
session_20260624_181854_P001,699,76275,2026-06-24T18:20:11.454558,Okulary BME280,"29.51,60.80,30.68,85.75,31.24,93.52,28.53,51.09",29.51,60.80,30.68,85.75,31.24,93.52,28.53,51.09,true,0
session_20260624_181854_P001,700,76398,2026-06-24T18:20:11.576688,Okulary BME280,"29.51,60.77,30.68,85.60,31.23,93.53,28.53,51.09",29.51,60.77,30.68,85.60,31.23,93.53,28.53,51.09,true,0
session_20260624_181854_P001,701,76516,2026-06-24T18:20:11.695469,Okulary BME280,"29.51,60.71,30.69,85.48,31.22,93.56,28.53,51.10",29.51,60.71,30.69,85.48,31.22,93.56,28.53,51.10,true,0
session_20260624_181854_P001,702,76645,2026-06-24T18:20:11.823968,Okulary BME280,"29.50,60.64,30.70,85.34,31.22,93.53,28.53,51.12",29.50,60.64,30.70,85.34,31.22,93.53,28.53,51.12,true,0
session_20260624_181854_P001,703,76714,2026-06-24T18:20:11.892753,Okulary BME280,"29.50,60.40,30.70,85.07,31.21,93.54,28.54,51.09",29.50,60.40,30.70,85.07,31.21,93.54,28.54,51.09,true,0
session_20260624_181854_P001,704,76875,2026-06-24T18:20:12.054256,Okulary BME280,"29.49,60.28,30.71,84.95,31.21,93.54,28.53,51.05",29.49,60.28,30.71,84.95,31.21,93.54,28.53,51.05,true,0
session_20260624_181854_P001,705,76936,2026-06-24T18:20:12.115417,Okulary BME280,"29.49,60.17,30.72,84.85,31.21,93.54,28.52,50.94",29.49,60.17,30.72,84.85,31.21,93.54,28.52,50.94,true,0
session_20260624_181854_P001,706,77061,2026-06-24T18:20:12.239792,Okulary BME280,"29.49,60.07,30.72,84.72,31.21,93.54,28.52,50.91",29.49,60.07,30.72,84.72,31.21,93.54,28.52,50.91,true,0
session_20260624_181854_P001,707,77190,2026-06-24T18:20:12.368958,Okulary BME280,"29.49,60.03,30.73,84.65,31.21,93.55,28.52,50.86",29.49,60.03,30.73,84.65,31.21,93.55,28.52,50.86,true,0
session_20260624_181854_P001,708,77251,2026-06-24T18:20:12.430323,Okulary BME280,"29.49,60.01,30.74,84.60,31.21,93.53,28.51,50.82",29.49,60.01,30.74,84.60,31.21,93.53,28.51,50.82,true,0
session_20260624_181854_P001,709,77403,2026-06-24T18:20:12.582063,Okulary BME280,"29.49,59.97,30.75,84.62,31.21,93.61,28.51,50.81",29.49,59.97,30.75,84.62,31.21,93.61,28.51,50.81,true,0
session_20260624_181854_P001,710,77477,2026-06-24T18:20:12.656464,Okulary BME280,"29.49,59.89,30.78,84.72,31.21,93.73,28.51,50.85",29.49,59.89,30.78,84.72,31.21,93.73,28.51,50.85,true,0
session_20260624_181854_P001,711,77612,2026-06-24T18:20:12.790646,Okulary BME280,"29.49,59.82,30.80,84.78,31.23,93.72,28.50,50.94",29.49,59.82,30.80,84.78,31.23,93.72,28.50,50.94,true,0
session_20260624_181854_P001,712,77707,2026-06-24T18:20:12.885747,Okulary BME280,"29.50,59.78,30.83,84.73,31.22,93.58,28.50,50.97",29.50,59.78,30.83,84.73,31.22,93.58,28.50,50.97,true,0
session_20260624_181854_P001,713,77795,2026-06-24T18:20:12.974442,Okulary BME280,"29.50,59.73,30.84,84.80,31.20,93.72,28.51,51.03",29.50,59.73,30.84,84.80,31.20,93.72,28.51,51.03,true,0
session_20260624_181854_P001,714,77968,2026-06-24T18:20:13.147492,Okulary BME280,"29.50,59.68,30.86,84.95,31.21,93.95,28.52,51.13",29.50,59.68,30.86,84.95,31.21,93.95,28.52,51.13,true,0
session_20260624_181854_P001,715,78018,2026-06-24T18:20:13.197125,Okulary BME280,"29.50,59.63,30.90,85.13,31.25,94.21,28.52,51.09",29.50,59.63,30.90,85.13,31.25,94.21,28.52,51.09,true,0
session_20260624_181854_P001,716,78161,2026-06-24T18:20:13.340110,Okulary BME280,"29.50,59.55,30.96,85.39,31.31,94.58,28.52,51.07",29.50,59.55,30.96,85.39,31.31,94.58,28.52,51.07,true,0
session_20260624_181854_P001,717,78244,2026-06-24T18:20:13.423274,Okulary BME280,"29.50,59.48,31.04,85.65,31.41,94.76,28.52,51.04",29.50,59.48,31.04,85.65,31.41,94.76,28.52,51.04,true,0
session_20260624_181854_P001,718,78362,2026-06-24T18:20:13.540878,Okulary BME280,"29.50,59.42,31.13,85.89,31.53,94.90,28.52,51.06",29.50,59.42,31.13,85.89,31.53,94.90,28.52,51.06,true,0
session_20260624_181854_P001,719,78466,2026-06-24T18:20:13.644911,Okulary BME280,"29.50,59.44,31.22,86.18,31.64,95.01,28.52,51.08",29.50,59.44,31.22,86.18,31.64,95.01,28.52,51.08,true,0
session_20260624_181854_P001,720,78555,2026-06-24T18:20:13.734543,Okulary BME280,"29.50,59.36,31.29,86.39,31.76,95.17,28.52,51.09",29.50,59.36,31.29,86.39,31.76,95.17,28.52,51.09,true,0
session_20260624_181854_P001,721,78720,2026-06-24T18:20:13.899497,Okulary BME280,"29.50,59.38,31.42,86.84,31.96,95.23,28.52,51.07",29.50,59.38,31.42,86.84,31.96,95.23,28.52,51.07,true,0
session_20260624_181854_P001,722,78811,2026-06-24T18:20:13.990185,Okulary BME280,"29.50,59.46,31.49,87.03,32.05,95.28,28.52,51.06",29.50,59.46,31.49,87.03,32.05,95.28,28.52,51.06,true,0
session_20260624_181854_P001,723,78915,2026-06-24T18:20:14.094514,Okulary BME280,"29.51,59.63,31.55,87.23,32.13,95.31,28.51,51.03",29.51,59.63,31.55,87.23,32.13,95.31,28.51,51.03,true,0
session_20260624_181854_P001,724,79040,2026-06-24T18:20:14.219127,Okulary BME280,"29.51,59.95,31.60,87.39,32.21,95.34,28.51,51.02",29.51,59.95,31.60,87.39,32.21,95.34,28.51,51.02,true,0
session_20260624_181854_P001,725,79101,2026-06-24T18:20:14.280471,Okulary BME280,"29.52,60.26,31.64,87.54,32.28,95.36,28.51,50.99",29.52,60.26,31.64,87.54,32.28,95.36,28.51,50.99,true,0
session_20260624_181854_P001,726,79268,2026-06-24T18:20:14.447496,Okulary BME280,"29.54,60.63,31.67,87.69,32.34,95.39,28.50,50.95",29.54,60.63,31.67,87.69,32.34,95.39,28.50,50.95,true,0
session_20260624_181854_P001,727,79323,2026-06-24T18:20:14.502371,Okulary BME280,"29.55,61.01,31.71,87.82,32.40,95.40,28.50,50.93",29.55,61.01,31.71,87.82,32.40,95.40,28.50,50.93,true,0
session_20260624_181854_P001,728,79455,2026-06-24T18:20:14.634372,Okulary BME280,"29.56,61.44,31.74,87.99,32.45,95.40,28.49,50.89",29.56,61.44,31.74,87.99,32.45,95.40,28.49,50.89,true,0
session_20260624_181854_P001,729,79553,2026-06-24T18:20:14.732504,Okulary BME280,"29.58,61.64,31.78,88.05,32.50,95.33,28.48,50.85",29.58,61.64,31.78,88.05,32.50,95.33,28.48,50.85,true,0
session_20260624_181854_P001,730,79683,2026-06-24T18:20:14.861592,Okulary BME280,"29.57,61.58,31.82,88.23,32.52,95.30,28.47,50.84",29.57,61.58,31.82,88.23,32.52,95.30,28.47,50.84,true,0
session_20260624_181854_P001,731,79775,2026-06-24T18:20:14.954421,Okulary BME280,"29.56,61.54,31.83,88.29,32.52,95.27,28.47,50.79",29.56,61.54,31.83,88.29,32.52,95.27,28.47,50.79,true,0
session_20260624_181854_P001,732,79865,2026-06-24T18:20:15.043645,Okulary BME280,"29.54,61.50,31.83,88.34,32.51,95.21,28.47,50.79",29.54,61.50,31.83,88.34,32.51,95.21,28.47,50.79,true,0
session_20260624_181854_P001,733,80023,2026-06-24T18:20:15.201887,Okulary BME280,"29.54,61.44,31.83,88.36,32.49,95.04,28.47,50.80",29.54,61.44,31.83,88.36,32.49,95.04,28.47,50.80,true,0
session_20260624_181854_P001,734,80089,2026-06-24T18:20:15.267782,Okulary BME280,"29.53,61.43,31.81,88.35,32.42,94.79,28.47,50.83",29.53,61.43,31.81,88.35,32.42,94.79,28.47,50.83,true,0
session_20260624_181854_P001,735,80228,2026-06-24T18:20:15.406579,Okulary BME280,"29.53,61.43,31.77,88.33,32.32,94.56,28.48,50.85",29.53,61.43,31.77,88.33,32.32,94.56,28.48,50.85,true,0
session_20260624_181854_P001,736,80337,2026-06-24T18:20:15.515625,Okulary BME280,"29.53,61.42,31.72,88.30,32.22,94.35,28.48,50.87",29.53,61.42,31.72,88.30,32.22,94.35,28.48,50.87,true,0
session_20260624_181854_P001,737,80451,2026-06-24T18:20:15.630180,Okulary BME280,"29.53,61.26,31.67,88.25,32.12,94.15,28.49,50.88",29.53,61.26,31.67,88.25,32.12,94.15,28.49,50.88,true,0
session_20260624_181854_P001,738,80548,2026-06-24T18:20:15.726655,Okulary BME280,"29.53,61.13,31.63,88.24,31.95,93.91,28.49,50.90",29.53,61.13,31.63,88.24,31.95,93.91,28.49,50.90,true,0
session_20260624_181854_P001,739,80639,2026-06-24T18:20:15.818480,Okulary BME280,"29.52,61.00,31.55,88.20,31.88,93.84,28.49,50.93",29.52,61.00,31.55,88.20,31.88,93.84,28.49,50.93,true,0
session_20260624_181854_P001,740,80765,2026-06-24T18:20:15.943707,Okulary BME280,"29.52,60.86,31.52,88.10,31.82,93.86,28.50,50.92",29.52,60.86,31.52,88.10,31.82,93.86,28.50,50.92,true,0
session_20260624_181854_P001,741,80863,2026-06-24T18:20:16.041628,Okulary BME280,"29.52,60.74,31.45,87.84,31.77,93.68,28.50,50.89",29.52,60.74,31.45,87.84,31.77,93.68,28.50,50.89,true,0
session_20260624_181854_P001,742,81009,2026-06-24T18:20:16.188395,Okulary BME280,"29.52,60.61,31.38,87.59,31.69,93.45,28.50,50.86",29.52,60.61,31.38,87.59,31.69,93.45,28.50,50.86,true,0
session_20260624_181854_P001,743,81082,2026-06-24T18:20:16.260917,Okulary BME280,"29.52,60.49,31.27,87.33,31.61,93.34,28.51,50.81",29.52,60.49,31.27,87.33,31.61,93.34,28.51,50.81,true,0
session_20260624_181854_P001,744,81165,2026-06-24T18:20:16.343963,Okulary BME280,"29.52,60.32,31.16,87.11,31.53,93.29,28.50,50.78",29.52,60.32,31.16,87.11,31.53,93.29,28.50,50.78,true,0
session_20260624_181854_P001,745,81305,2026-06-24T18:20:16.484248,Okulary BME280,"29.51,60.20,31.05,86.92,31.46,93.27,28.50,50.74",29.51,60.20,31.05,86.92,31.46,93.27,28.50,50.74,true,0
session_20260624_181854_P001,746,81421,2026-06-24T18:20:16.600469,Okulary BME280,"29.50,59.95,30.95,86.69,31.40,93.26,28.49,50.71",29.50,59.95,30.95,86.69,31.40,93.26,28.49,50.71,true,0
session_20260624_181854_P001,747,81539,2026-06-24T18:20:16.718511,Okulary BME280,"29.51,59.81,30.89,86.55,31.32,93.32,28.49,50.67",29.51,59.81,30.89,86.55,31.32,93.32,28.49,50.67,true,0
session_20260624_181854_P001,748,81628,2026-06-24T18:20:16.806862,Okulary BME280,"29.51,59.67,30.78,86.09,31.29,93.33,28.48,50.65",29.51,59.67,30.78,86.09,31.29,93.33,28.48,50.65,true,0
session_20260624_181854_P001,749,81791,2026-06-24T18:20:16.969661,Okulary BME280,"29.50,59.60,30.74,85.88,31.27,93.32,28.48,50.60",29.50,59.60,30.74,85.88,31.27,93.32,28.48,50.60,true,0
session_20260624_181854_P001,750,81844,2026-06-24T18:20:17.022665,Okulary BME280,"29.51,59.67,30.72,85.66,31.25,93.34,28.47,50.53",29.51,59.67,30.72,85.66,31.25,93.34,28.47,50.53,true,0
session_20260624_181854_P001,751,81963,2026-06-24T18:20:17.142337,Okulary BME280,"29.52,59.67,30.70,85.46,31.23,93.34,28.46,50.50",29.52,59.67,30.70,85.46,31.23,93.34,28.46,50.50,true,0
session_20260624_181854_P001,752,82066,2026-06-24T18:20:17.245536,Okulary BME280,"29.52,59.68,30.69,85.26,31.22,93.32,28.46,50.48",29.52,59.68,30.69,85.26,31.22,93.32,28.46,50.48,true,0
session_20260624_181854_P001,753,82155,2026-06-24T18:20:17.334534,Okulary BME280,"29.53,59.83,30.68,85.06,31.19,93.33,28.46,50.48",29.53,59.83,30.68,85.06,31.19,93.33,28.46,50.48,true,0
session_20260624_181854_P001,754,82303,2026-06-24T18:20:17.482059,Okulary BME280,"29.53,60.04,30.67,84.87,31.17,93.36,28.46,50.46",29.53,60.04,30.67,84.87,31.17,93.36,28.46,50.46,true,0
session_20260624_181854_P001,755,82396,2026-06-24T18:20:17.574713,Okulary BME280,"29.54,60.19,30.66,84.67,31.16,93.37,28.46,50.44",29.54,60.19,30.66,84.67,31.16,93.37,28.46,50.44,true,0
session_20260624_181854_P001,756,82542,2026-06-24T18:20:17.721497,Okulary BME280,"29.54,60.25,30.66,84.54,31.14,93.40,28.46,50.42",29.54,60.25,30.66,84.54,31.14,93.40,28.46,50.42,true,0
session_20260624_181854_P001,757,82640,2026-06-24T18:20:17.819227,Okulary BME280,"29.55,60.21,30.67,84.27,31.12,93.41,28.46,50.39",29.55,60.21,30.67,84.27,31.12,93.41,28.46,50.39,true,0
session_20260624_181854_P001,758,82697,2026-06-24T18:20:17.876528,Okulary BME280,"29.55,60.10,30.68,84.13,31.12,93.39,28.45,50.38",29.55,60.10,30.68,84.13,31.12,93.39,28.45,50.38,true,0
session_20260624_181854_P001,759,82835,2026-06-24T18:20:18.013959,Okulary BME280,"29.54,59.96,30.69,84.00,31.11,93.37,28.45,50.37",29.54,59.96,30.69,84.00,31.11,93.37,28.45,50.37,true,0
session_20260624_181854_P001,760,82929,2026-06-24T18:20:18.107605,Okulary BME280,"29.53,59.82,30.69,83.88,31.10,93.36,28.45,50.34",29.53,59.82,30.69,83.88,31.10,93.36,28.45,50.34,true,0
session_20260624_181854_P001,761,83086,2026-06-24T18:20:18.265275,Okulary BME280,"29.53,59.72,30.71,83.75,31.09,93.34,28.46,50.33",29.53,59.72,30.71,83.75,31.09,93.34,28.46,50.33,true,0
session_20260624_181854_P001,762,83153,2026-06-24T18:20:18.332210,Okulary BME280,"29.53,59.50,30.71,83.72,31.08,93.39,28.46,50.32",29.53,59.50,30.71,83.72,31.08,93.39,28.46,50.32,true,0
session_20260624_181854_P001,763,83250,2026-06-24T18:20:18.429413,Okulary BME280,"29.52,59.31,30.73,83.85,31.08,93.68,28.45,50.30",29.52,59.31,30.73,83.85,31.08,93.68,28.45,50.30,true,0
session_20260624_181854_P001,764,83388,2026-06-24T18:20:18.566970,Okulary BME280,"29.52,59.23,30.78,84.15,31.19,94.45,28.45,50.29",29.52,59.23,30.78,84.15,31.19,94.45,28.45,50.29,true,0
session_20260624_181854_P001,765,83460,2026-06-24T18:20:18.639490,Okulary BME280,"29.53,59.17,30.87,84.80,31.32,94.64,28.45,50.27",29.53,59.17,30.87,84.80,31.32,94.64,28.45,50.27,true,0
session_20260624_181854_P001,766,83597,2026-06-24T18:20:18.776011,Okulary BME280,"29.53,59.12,31.09,85.10,31.45,94.79,28.45,50.24",29.53,59.12,31.09,85.10,31.45,94.79,28.45,50.24,true,0
session_20260624_181854_P001,767,83693,2026-06-24T18:20:18.871975,Okulary BME280,"29.53,59.04,31.19,85.42,31.59,94.90,28.45,50.20",29.53,59.04,31.19,85.42,31.59,94.90,28.45,50.20,true,0
session_20260624_181854_P001,768,83842,2026-06-24T18:20:19.021293,Okulary BME280,"29.53,58.98,31.27,85.72,31.71,94.99,28.45,50.19",29.53,58.98,31.27,85.72,31.71,94.99,28.45,50.19,true,0
session_20260624_181854_P001,769,83948,2026-06-24T18:20:19.127053,Okulary BME280,"29.53,58.89,31.35,85.97,31.82,95.05,28.44,50.22",29.53,58.89,31.35,85.97,31.82,95.05,28.44,50.22,true,0
session_20260624_181854_P001,770,84017,2026-06-24T18:20:19.196234,Okulary BME280,"29.53,58.88,31.40,86.22,31.91,95.08,28.43,50.27",29.53,58.88,31.40,86.22,31.91,95.08,28.43,50.27,true,0
session_20260624_181854_P001,771,84151,2026-06-24T18:20:19.329715,Okulary BME280,"29.53,58.97,31.45,86.43,31.98,95.16,28.43,50.33",29.53,58.97,31.45,86.43,31.98,95.16,28.43,50.33,true,0
session_20260624_181854_P001,772,84257,2026-06-24T18:20:19.436138,Okulary BME280,"29.53,58.83,31.49,86.63,32.05,95.18,28.43,50.37",29.53,58.83,31.49,86.63,32.05,95.18,28.43,50.37,true,0
session_20260624_181854_P001,773,84364,2026-06-24T18:20:19.543391,Okulary BME280,"29.54,58.76,31.53,86.88,32.17,95.28,28.44,50.38",29.54,58.76,31.53,86.88,32.17,95.28,28.44,50.38,true,0
session_20260624_181854_P001,774,84478,2026-06-24T18:20:19.656624,Okulary BME280,"29.53,58.67,31.60,87.19,32.23,95.32,28.44,50.40",29.53,58.67,31.60,87.19,32.23,95.32,28.44,50.40,true,0
session_20260624_181854_P001,775,84607,2026-06-24T18:20:19.786368,Okulary BME280,"29.53,58.61,31.63,87.35,32.29,95.33,28.43,50.40",29.53,58.61,31.63,87.35,32.29,95.33,28.43,50.40,true,0
session_20260624_181854_P001,776,84682,2026-06-24T18:20:19.860638,Okulary BME280,"29.53,58.58,31.66,87.50,32.34,95.34,28.43,50.42",29.53,58.58,31.66,87.50,32.34,95.34,28.43,50.42,true,0
session_20260624_181854_P001,777,84771,2026-06-24T18:20:19.950342,Okulary BME280,"29.53,58.50,31.69,87.63,32.40,95.34,28.43,50.46",29.53,58.50,31.69,87.63,32.40,95.34,28.43,50.46,true,0
session_20260624_181854_P001,778,84903,2026-06-24T18:20:20.081641,Okulary BME280,"29.53,58.42,31.72,87.76,32.44,95.32,28.42,50.45",29.53,58.42,31.72,87.76,32.44,95.32,28.42,50.45,true,0
session_20260624_181854_P001,779,85001,2026-06-24T18:20:20.180040,Okulary BME280,"29.53,58.39,31.73,87.87,32.46,95.33,28.42,50.43",29.53,58.39,31.73,87.87,32.46,95.33,28.42,50.43,true,0
session_20260624_181854_P001,780,85154,2026-06-24T18:20:20.333071,Okulary BME280,"29.53,58.19,31.75,87.96,32.49,95.31,28.41,50.43",29.53,58.19,31.75,87.96,32.49,95.31,28.41,50.43,true,0
session_20260624_181854_P001,781,85229,2026-06-24T18:20:20.408118,Okulary BME280,"29.53,58.13,31.76,88.04,32.49,95.20,28.41,50.43",29.53,58.13,31.76,88.04,32.49,95.20,28.41,50.43,true,0
session_20260624_181854_P001,782,85384,2026-06-24T18:20:20.562859,Okulary BME280,"29.53,58.03,31.76,88.08,32.46,95.04,28.40,50.44",29.53,58.03,31.76,88.08,32.46,95.04,28.40,50.44,true,0
session_20260624_181854_P001,783,85453,2026-06-24T18:20:20.632005,Okulary BME280,"29.53,57.98,31.69,87.81,32.41,94.89,28.40,50.44",29.53,57.98,31.69,87.81,32.41,94.89,28.40,50.44,true,0
session_20260624_181854_P001,784,85547,2026-06-24T18:20:20.725640,Okulary BME280,"29.53,58.01,31.59,87.51,32.33,94.52,28.41,50.44",29.53,58.01,31.59,87.51,32.33,94.52,28.41,50.44,true,0
session_20260624_181854_P001,785,85669,2026-06-24T18:20:20.847973,Okulary BME280,"29.53,57.98,31.45,87.19,32.18,93.93,28.41,50.44",29.53,57.98,31.45,87.19,32.18,93.93,28.41,50.44,true,0
session_20260624_181854_P001,786,85760,2026-06-24T18:20:20.939532,Okulary BME280,"29.53,57.93,31.30,86.87,31.98,93.51,28.41,50.43",29.53,57.93,31.30,86.87,31.98,93.51,28.41,50.43,true,0
session_20260624_181854_P001,787,85892,2026-06-24T18:20:21.071553,Okulary BME280,"29.53,57.89,31.15,86.58,31.79,93.25,28.42,50.42",29.53,57.89,31.15,86.58,31.79,93.25,28.42,50.42,true,0
session_20260624_181854_P001,788,85984,2026-06-24T18:20:21.162876,Okulary BME280,"29.53,57.85,31.00,86.28,31.61,93.09,28.42,50.42",29.53,57.85,31.00,86.28,31.61,93.09,28.42,50.42,true,0
session_20260624_181854_P001,789,86084,2026-06-24T18:20:21.262736,Okulary BME280,"29.52,57.81,30.89,86.02,31.47,93.03,28.43,50.41",29.52,57.81,30.89,86.02,31.47,93.03,28.43,50.41,true,0
session_20260624_181854_P001,790,86215,2026-06-24T18:20:21.394283,Okulary BME280,"29.52,57.75,30.79,85.79,31.36,93.07,28.43,50.40",29.52,57.75,30.79,85.79,31.36,93.07,28.43,50.40,true,0
session_20260624_181854_P001,791,86302,2026-06-24T18:20:21.481046,Okulary BME280,"29.53,57.66,30.73,85.60,31.23,93.20,28.43,50.38",29.53,57.66,30.73,85.60,31.23,93.20,28.43,50.38,true,0
session_20260624_181854_P001,792,86443,2026-06-24T18:20:21.622121,Okulary BME280,"29.52,57.55,30.67,85.23,31.18,93.25,28.43,50.34",29.52,57.55,30.67,85.23,31.18,93.25,28.43,50.34,true,0
session_20260624_181854_P001,793,86537,2026-06-24T18:20:21.715928,Okulary BME280,"29.52,57.44,30.65,85.05,31.15,93.31,28.43,50.31",29.52,57.44,30.65,85.05,31.15,93.31,28.43,50.31,true,0
session_20260624_181854_P001,794,86671,2026-06-24T18:20:21.850107,Okulary BME280,"29.52,57.33,30.64,84.89,31.13,93.38,28.42,50.33",29.52,57.33,30.64,84.89,31.13,93.38,28.42,50.33,true,0
session_20260624_181854_P001,795,86767,2026-06-24T18:20:21.945570,Okulary BME280,"29.52,57.29,30.64,84.73,31.12,93.41,28.42,50.24",29.52,57.29,30.64,84.73,31.12,93.41,28.42,50.24,true,0
session_20260624_181854_P001,796,86858,2026-06-24T18:20:22.036969,Okulary BME280,"29.52,57.22,30.65,84.55,31.12,93.45,28.41,50.20",29.52,57.22,30.65,84.55,31.12,93.45,28.41,50.20,true,0
session_20260624_181854_P001,797,87008,2026-06-24T18:20:22.186809,Okulary BME280,"29.52,57.07,30.65,84.34,31.12,93.46,28.41,50.18",29.52,57.07,30.65,84.34,31.12,93.46,28.41,50.18,true,0
session_20260624_181854_P001,798,87061,2026-06-24T18:20:22.240196,Okulary BME280,"29.52,57.07,30.65,84.15,31.12,93.46,28.40,50.13",29.52,57.07,30.65,84.15,31.12,93.46,28.40,50.13,true,0
session_20260624_181854_P001,799,87196,2026-06-24T18:20:22.375483,Okulary BME280,"29.53,57.05,30.65,84.01,31.12,93.43,28.40,50.11",29.53,57.05,30.65,84.01,31.12,93.43,28.40,50.11,true,0
session_20260624_181854_P001,800,87303,2026-06-24T18:20:22.482549,Okulary BME280,"29.52,57.04,30.65,83.86,31.11,93.43,28.39,50.08",29.52,57.04,30.65,83.86,31.11,93.43,28.39,50.08,true,0
session_20260624_181854_P001,801,87447,2026-06-24T18:20:22.625897,Okulary BME280,"29.52,57.02,30.65,83.54,31.10,93.43,28.39,50.06",29.52,57.02,30.65,83.54,31.10,93.43,28.39,50.06,true,0
session_20260624_181854_P001,802,87519,2026-06-24T18:20:22.698136,Okulary BME280,"29.53,56.91,30.66,83.39,31.09,93.42,28.38,50.01",29.53,56.91,30.66,83.39,31.09,93.42,28.38,50.01,true,0
session_20260624_181854_P001,803,87609,2026-06-24T18:20:22.787718,Okulary BME280,"29.52,56.71,30.66,83.25,31.08,93.40,28.38,50.01",29.52,56.71,30.66,83.25,31.08,93.40,28.38,50.01,true,0
session_20260624_181854_P001,804,87781,2026-06-24T18:20:22.960509,Okulary BME280,"29.52,56.53,30.66,83.12,31.08,93.39,28.37,50.00",29.52,56.53,30.66,83.12,31.08,93.39,28.37,50.00,true,0
session_20260624_181854_P001,805,87828,2026-06-24T18:20:23.006727,Okulary BME280,"29.51,56.49,30.66,82.97,31.07,93.36,28.38,50.00",29.51,56.49,30.66,82.97,31.07,93.36,28.38,50.00,true,0
session_20260624_181854_P001,806,87992,2026-06-24T18:20:23.170594,Okulary BME280,"29.50,56.45,30.66,82.86,31.06,93.33,28.38,50.00",29.50,56.45,30.66,82.86,31.06,93.33,28.38,50.00,true,0
session_20260624_181854_P001,807,88089,2026-06-24T18:20:23.268300,Okulary BME280,"29.50,56.45,30.66,82.82,31.05,93.41,28.38,50.01",29.50,56.45,30.66,82.82,31.05,93.41,28.38,50.01,true,0
session_20260624_181854_P001,808,88141,2026-06-24T18:20:23.319856,Okulary BME280,"29.51,56.40,30.67,82.99,31.09,94.04,28.38,49.99",29.51,56.40,30.67,82.99,31.09,94.04,28.38,49.99,true,0
session_20260624_181854_P001,809,88302,2026-06-24T18:20:23.480836,Okulary BME280,"29.51,56.36,30.72,83.22,31.16,94.43,28.39,50.00",29.51,56.36,30.72,83.22,31.16,94.43,28.39,50.00,true,0
session_20260624_181854_P001,810,88367,2026-06-24T18:20:23.545861,Okulary BME280,"29.51,56.28,30.90,83.90,31.28,94.62,28.38,50.01",29.51,56.28,30.90,83.90,31.28,94.62,28.38,50.01,true,0
session_20260624_181854_P001,811,88518,2026-06-24T18:20:23.697388,Okulary BME280,"29.51,56.19,31.01,84.24,31.41,94.78,28.39,50.02",29.51,56.19,31.01,84.24,31.41,94.78,28.39,50.02,true,0
session_20260624_181854_P001,812,88606,2026-06-24T18:20:23.785301,Okulary BME280,"29.50,56.16,31.11,84.59,31.55,94.91,28.39,50.04",29.50,56.16,31.11,84.59,31.55,94.91,28.39,50.04,true,0
session_20260624_181854_P001,813,88752,2026-06-24T18:20:23.931447,Okulary BME280,"29.50,56.02,31.21,84.92,31.67,95.01,28.39,50.01",29.50,56.02,31.21,84.92,31.67,95.01,28.39,50.01,true,0
session_20260624_181854_P001,814,88817,2026-06-24T18:20:23.995883,Okulary BME280,"29.49,55.86,31.29,85.21,31.79,95.07,28.40,50.03",29.49,55.86,31.29,85.21,31.79,95.07,28.40,50.03,true,0
session_20260624_181854_P001,815,88908,2026-06-24T18:20:24.086639,Okulary BME280,"29.49,55.79,31.37,85.49,31.90,95.15,28.40,50.08",29.49,55.79,31.37,85.49,31.90,95.15,28.40,50.08,true,0
session_20260624_181854_P001,816,89063,2026-06-24T18:20:24.242136,Okulary BME280,"29.49,55.75,31.43,85.76,32.00,95.25,28.40,50.11",29.49,55.75,31.43,85.76,32.00,95.25,28.40,50.11,true,0
session_20260624_181854_P001,817,89153,2026-06-24T18:20:24.331717,Okulary BME280,"29.49,55.75,31.50,85.96,32.18,95.29,28.41,50.13",29.49,55.75,31.50,85.96,32.18,95.29,28.41,50.13,true,0
session_20260624_181854_P001,818,89297,2026-06-24T18:20:24.476110,Okulary BME280,"29.49,55.74,31.55,86.43,32.26,95.34,28.41,50.17",29.49,55.74,31.55,86.43,32.26,95.34,28.41,50.17,true,0
session_20260624_181854_P001,819,89357,2026-06-24T18:20:24.535796,Okulary BME280,"29.50,55.70,31.65,86.64,32.33,95.35,28.41,50.19",29.50,55.70,31.65,86.64,32.33,95.35,28.41,50.19,true,0
session_20260624_181854_P001,820,89492,2026-06-24T18:20:24.670618,Okulary BME280,"29.50,55.65,31.69,86.81,32.40,95.34,28.42,50.19",29.50,55.65,31.69,86.81,32.40,95.34,28.42,50.19,true,0
session_20260624_181854_P001,821,89582,2026-06-24T18:20:24.761040,Okulary BME280,"29.50,55.62,31.73,86.96,32.45,95.33,28.41,50.24",29.50,55.62,31.73,86.96,32.45,95.33,28.41,50.24,true,0
session_20260624_181854_P001,822,89681,2026-06-24T18:20:24.859877,Okulary BME280,"29.50,55.67,31.75,87.09,32.48,95.28,28.42,50.25",29.50,55.67,31.75,87.09,32.48,95.28,28.42,50.25,true,0
session_20260624_181854_P001,823,89808,2026-06-24T18:20:24.986611,Okulary BME280,"29.50,55.63,31.77,87.21,32.49,95.29,28.42,50.26",29.50,55.63,31.77,87.21,32.49,95.29,28.42,50.26,true,0
session_20260624_181854_P001,824,89896,2026-06-24T18:20:25.075469,Okulary BME280,"29.50,55.65,31.78,87.31,32.51,95.25,28.42,50.26",29.50,55.65,31.78,87.31,32.51,95.25,28.42,50.26,true,0
session_20260624_181854_P001,825,90045,2026-06-24T18:20:25.224057,Okulary BME280,"29.50,55.68,31.79,87.38,32.51,95.24,28.42,50.25",29.50,55.68,31.79,87.38,32.51,95.24,28.42,50.25,true,0
session_20260624_181854_P001,826,90134,2026-06-24T18:20:25.313384,Okulary BME280,"29.50,55.70,31.78,87.30,32.40,94.50,28.42,50.25",29.50,55.70,31.78,87.30,32.40,94.50,28.42,50.25,true,0
session_20260624_181854_P001,827,90263,2026-06-24T18:20:25.441683,Okulary BME280,"29.50,55.71,31.73,86.70,32.21,93.90,28.42,50.25",29.50,55.71,31.73,86.70,32.21,93.90,28.42,50.25,true,0
session_20260624_181854_P001,828,90384,2026-06-24T18:20:25.563129,Okulary BME280,"29.50,55.73,31.47,86.36,32.01,93.54,28.43,50.25",29.50,55.73,31.47,86.36,32.01,93.54,28.43,50.25,true,0
session_20260624_181854_P001,829,90459,2026-06-24T18:20:25.638120,Okulary BME280,"29.50,55.81,31.29,86.02,31.83,93.33,28.42,50.25",29.50,55.81,31.29,86.02,31.83,93.33,28.42,50.25,true,0
session_20260624_181854_P001,830,90570,2026-06-24T18:20:25.749101,Okulary BME280,"29.50,55.86,31.12,85.72,31.68,93.18,28.43,50.23",29.50,55.86,31.12,85.72,31.68,93.18,28.43,50.23,true,0
session_20260624_181854_P001,831,90668,2026-06-24T18:20:25.847472,Okulary BME280,"29.51,56.06,30.97,85.44,31.55,93.12,28.43,50.24",29.51,56.06,30.97,85.44,31.55,93.12,28.43,50.24,true,0
session_20260624_181854_P001,832,90803,2026-06-24T18:20:25.982088,Okulary BME280,"29.51,56.34,30.85,85.17,31.45,93.11,28.43,50.24",29.51,56.34,30.85,85.17,31.45,93.11,28.43,50.24,true,0
session_20260624_181854_P001,833,90898,2026-06-24T18:20:26.076672,Okulary BME280,"29.52,56.70,30.75,84.92,31.35,93.15,28.43,50.26",29.52,56.70,30.75,84.92,31.35,93.15,28.43,50.26,true,0
session_20260624_181854_P001,834,90977,2026-06-24T18:20:26.156378,Okulary BME280,"29.53,56.99,30.68,84.71,31.28,93.14,28.43,50.26",29.53,56.99,30.68,84.71,31.28,93.14,28.43,50.26,true,0
session_20260624_181854_P001,835,91133,2026-06-24T18:20:26.311895,Okulary BME280,"29.54,57.23,30.63,84.43,31.18,93.34,28.44,50.25",29.54,57.23,30.63,84.43,31.18,93.34,28.44,50.25,true,0
session_20260624_181854_P001,836,91206,2026-06-24T18:20:26.385107,Okulary BME280,"29.55,57.51,30.57,83.98,31.15,93.41,28.44,50.23",29.55,57.51,30.57,83.98,31.15,93.41,28.44,50.23,true,0
session_20260624_181854_P001,837,91347,2026-06-24T18:20:26.525682,Okulary BME280,"29.56,57.70,30.56,83.79,31.13,93.45,28.44,50.20",29.56,57.70,30.56,83.79,31.13,93.45,28.44,50.20,true,0
session_20260624_181854_P001,838,91446,2026-06-24T18:20:26.624834,Okulary BME280,"29.56,57.74,30.54,83.59,31.12,93.45,28.44,50.17",29.56,57.74,30.54,83.59,31.12,93.45,28.44,50.17,true,0
session_20260624_181854_P001,839,91582,2026-06-24T18:20:26.761454,Okulary BME280,"29.56,57.73,30.54,83.39,31.10,93.41,28.43,50.19",29.56,57.73,30.54,83.39,31.10,93.41,28.43,50.19,true,0
session_20260624_181854_P001,840,91652,2026-06-24T18:20:26.830963,Okulary BME280,"29.55,57.67,30.54,83.18,31.08,93.38,28.43,50.18",29.55,57.67,30.54,83.18,31.08,93.38,28.43,50.18,true,0
session_20260624_181854_P001,841,91741,2026-06-24T18:20:26.919894,Okulary BME280,"29.54,57.57,30.54,82.98,31.06,93.36,28.44,50.18",29.54,57.57,30.54,82.98,31.06,93.36,28.44,50.18,true,0
session_20260624_181854_P001,842,91877,2026-06-24T18:20:27.056252,Okulary BME280,"29.54,57.48,30.54,82.81,31.04,93.34,28.44,50.17",29.54,57.48,30.54,82.81,31.04,93.34,28.44,50.17,true,0
session_20260624_181854_P001,843,91978,2026-06-24T18:20:27.157420,Okulary BME280,"29.53,57.37,30.55,82.66,31.02,93.34,28.43,50.15",29.53,57.37,30.55,82.66,31.02,93.34,28.43,50.15,true,0
session_20260624_181854_P001,844,92101,2026-06-24T18:20:27.279761,Okulary BME280,"29.53,57.41,30.56,82.50,31.01,93.29,28.43,50.13",29.53,57.41,30.56,82.50,31.01,93.29,28.43,50.13,true,0
session_20260624_181854_P001,845,92194,2026-06-24T18:20:27.373044,Okulary BME280,"29.54,57.49,30.57,82.18,30.99,93.24,28.43,50.11",29.54,57.49,30.57,82.18,30.99,93.24,28.43,50.11,true,0
session_20260624_181854_P001,846,92331,2026-06-24T18:20:27.510143,Okulary BME280,"29.54,57.55,30.58,82.07,30.97,93.22,28.43,50.10",29.54,57.55,30.58,82.07,30.97,93.22,28.43,50.10,true,0
session_20260624_181854_P001,847,92430,2026-06-24T18:20:27.608599,Okulary BME280,"29.54,57.41,30.58,81.96,30.96,93.21,28.43,50.08",29.54,57.41,30.58,81.96,30.96,93.21,28.43,50.08,true,0
session_20260624_181854_P001,848,92515,2026-06-24T18:20:27.694399,Okulary BME280,"29.54,57.26,30.60,81.87,30.95,93.18,28.43,50.03",29.54,57.26,30.60,81.87,30.95,93.18,28.43,50.03,true,0
session_20260624_181854_P001,849,92653,2026-06-24T18:20:27.832311,Okulary BME280,"29.53,57.13,30.61,81.82,30.94,93.22,28.43,50.02",29.53,57.13,30.61,81.82,30.94,93.22,28.43,50.02,true,0
session_20260624_181854_P001,850,92737,2026-06-24T18:20:27.916201,Okulary BME280,"29.53,57.00,30.63,81.92,30.94,93.39,28.43,50.01",29.53,57.00,30.63,81.92,30.94,93.39,28.43,50.01,true,0
session_20260624_181854_P001,851,92887,2026-06-24T18:20:28.065901,Okulary BME280,"29.53,56.89,30.67,82.16,30.96,93.74,28.42,50.01",29.53,56.89,30.67,82.16,30.96,93.74,28.42,50.01,true,0
session_20260624_181854_P001,852,92986,2026-06-24T18:20:28.165445,Okulary BME280,"29.52,56.79,30.73,82.46,31.11,94.35,28.43,50.01",29.52,56.79,30.73,82.46,31.11,94.35,28.43,50.01,true,0
session_20260624_181854_P001,853,93047,2026-06-24T18:20:28.225739,Okulary BME280,"29.52,56.74,30.81,82.84,31.22,94.58,28.43,50.01",29.52,56.74,30.81,82.84,31.22,94.58,28.43,50.01,true,0
session_20260624_181854_P001,854,93181,2026-06-24T18:20:28.360390,Okulary BME280,"29.53,56.78,31.01,83.53,31.35,94.79,28.43,49.99",29.53,56.78,31.01,83.53,31.35,94.79,28.43,49.99,true,0
session_20260624_181854_P001,855,93299,2026-06-24T18:20:28.478444,Okulary BME280,"29.54,56.90,31.11,83.91,31.50,94.94,28.43,49.98",29.54,56.90,31.11,83.91,31.50,94.94,28.43,49.98,true,0
session_20260624_181854_P001,856,93409,2026-06-24T18:20:28.588148,Okulary BME280,"29.54,57.11,31.22,84.26,31.65,95.04,28.43,50.00",29.54,57.11,31.22,84.26,31.65,95.04,28.43,50.00,true,0
session_20260624_181854_P001,857,93511,2026-06-24T18:20:28.689958,Okulary BME280,"29.56,57.06,31.31,84.57,31.79,95.09,28.43,50.05",29.56,57.06,31.31,84.57,31.79,95.09,28.43,50.05,true,0
session_20260624_181854_P001,858,93635,2026-06-24T18:20:28.814065,Okulary BME280,"29.55,56.96,31.38,84.88,31.91,95.14,28.43,50.05",29.55,56.96,31.38,84.88,31.91,95.14,28.43,50.05,true,0
session_20260624_181854_P001,859,93724,2026-06-24T18:20:28.902615,Okulary BME280,"29.54,56.84,31.45,85.14,32.01,95.16,28.43,50.09",29.54,56.84,31.45,85.14,32.01,95.16,28.43,50.09,true,0
session_20260624_181854_P001,860,93833,2026-06-24T18:20:29.012093,Okulary BME280,"29.53,56.69,31.52,85.40,32.10,95.21,28.44,50.11",29.53,56.69,31.52,85.40,32.10,95.21,28.44,50.11,true,0
session_20260624_181854_P001,861,93975,2026-06-24T18:20:29.153698,Okulary BME280,"29.53,56.56,31.57,85.63,32.23,95.23,28.44,50.15",29.53,56.56,31.57,85.63,32.23,95.23,28.44,50.15,true,0
session_20260624_181854_P001,862,94037,2026-06-24T18:20:29.216468,Okulary BME280,"29.52,56.43,31.61,85.86,32.28,95.28,28.44,50.20",29.52,56.43,31.61,85.86,32.28,95.28,28.44,50.20,true,0
session_20260624_181854_P001,863,94192,2026-06-24T18:20:29.370971,Okulary BME280,"29.52,56.26,31.68,86.23,32.33,95.28,28.45,50.24",29.52,56.26,31.68,86.23,32.33,95.28,28.45,50.24,true,0
session_20260624_181854_P001,864,94291,2026-06-24T18:20:29.470439,Okulary BME280,"29.52,56.21,31.72,86.38,32.38,95.27,28.45,50.26",29.52,56.21,31.72,86.38,32.38,95.27,28.45,50.26,true,0
session_20260624_181854_P001,865,94403,2026-06-24T18:20:29.581735,Okulary BME280,"29.51,56.27,31.74,86.52,32.42,95.26,28.46,50.26",29.51,56.27,31.74,86.52,32.42,95.26,28.46,50.26,true,0
session_20260624_181854_P001,866,94502,2026-06-24T18:20:29.681560,Okulary BME280,"29.52,56.38,31.76,86.65,32.44,95.23,28.46,50.24",29.52,56.38,31.76,86.65,32.44,95.23,28.46,50.24,true,0
session_20260624_181854_P001,867,94590,2026-06-24T18:20:29.769522,Okulary BME280,"29.52,56.76,31.76,86.74,32.45,95.19,28.45,50.25",29.52,56.76,31.76,86.74,32.45,95.19,28.45,50.25,true,0
session_20260624_181854_P001,868,94714,2026-06-24T18:20:29.893273,Okulary BME280,"29.53,57.26,31.76,86.78,32.45,95.14,28.45,50.25",29.53,57.26,31.76,86.78,32.45,95.14,28.45,50.25,true,0
session_20260624_181854_P001,869,94820,2026-06-24T18:20:29.998983,Okulary BME280,"29.56,57.75,31.73,86.71,32.43,94.96,28.45,50.26",29.56,57.75,31.73,86.71,32.43,94.96,28.45,50.26,true,0
session_20260624_181854_P001,870,94939,2026-06-24T18:20:30.117961,Okulary BME280,"29.57,58.21,31.67,86.56,32.26,94.51,28.46,50.26",29.57,58.21,31.67,86.56,32.26,94.51,28.46,50.26,true,0
session_20260624_181854_P001,871,95038,2026-06-24T18:20:30.216782,Okulary BME280,"29.59,58.62,31.57,86.41,32.16,94.40,28.46,50.27",29.59,58.62,31.57,86.41,32.16,94.40,28.46,50.27,true,0
session_20260624_181854_P001,872,95208,2026-06-24T18:20:30.387401,Okulary BME280,"29.60,58.93,31.35,86.21,32.06,94.21,28.46,50.27",29.60,58.93,31.35,86.21,32.06,94.21,28.46,50.27,true,0
session_20260624_181854_P001,873,95270,2026-06-24T18:20:30.449558,Okulary BME280,"29.60,59.26,31.26,86.10,31.97,94.11,28.46,50.24",29.60,59.26,31.26,86.10,31.97,94.11,28.46,50.24,true,0
session_20260624_181854_P001,874,95362,2026-06-24T18:20:30.540881,Okulary BME280,"29.59,59.21,31.19,85.94,31.90,93.87,28.45,50.27",29.59,59.21,31.19,85.94,31.90,93.87,28.45,50.27,true,0
session_20260624_181854_P001,875,95512,2026-06-24T18:20:30.691497,Okulary BME280,"29.58,59.13,31.11,85.70,31.78,93.52,28.46,50.36",29.58,59.13,31.11,85.70,31.78,93.52,28.46,50.36,true,0
session_20260624_181854_P001,876,95567,2026-06-24T18:20:30.745563,Okulary BME280,"29.58,59.04,31.03,85.42,31.64,93.22,28.47,50.39",29.58,59.04,31.03,85.42,31.64,93.22,28.47,50.39,true,0
session_20260624_181854_P001,877,95702,2026-06-24T18:20:30.880953,Okulary BME280,"29.57,58.89,30.93,85.16,31.51,93.07,28.47,50.39",29.57,58.89,30.93,85.16,31.51,93.07,28.47,50.39,true,0
session_20260624_181854_P001,878,95792,2026-06-24T18:20:30.971129,Okulary BME280,"29.56,58.75,30.83,84.90,31.30,93.05,28.47,50.39",29.56,58.75,30.83,84.90,31.30,93.05,28.47,50.39,true,0
session_20260624_181854_P001,879,95881,2026-06-24T18:20:31.059857,Okulary BME280,"29.55,58.65,30.75,84.65,31.23,93.09,28.47,50.36",29.55,58.65,30.75,84.65,31.23,93.09,28.47,50.36,true,0
session_20260624_181854_P001,880,96051,2026-06-24T18:20:31.230408,Okulary BME280,"29.55,58.66,30.69,84.38,31.18,93.13,28.47,50.31",29.55,58.66,30.69,84.38,31.18,93.13,28.47,50.31,true,0
session_20260624_181854_P001,881,96107,2026-06-24T18:20:31.286310,Okulary BME280,"29.56,58.86,30.60,83.93,31.13,93.15,28.46,50.28",29.56,58.86,30.60,83.93,31.13,93.15,28.46,50.28,true,0
session_20260624_181854_P001,882,96243,2026-06-24T18:20:31.421792,Okulary BME280,"29.58,59.15,30.57,83.70,31.09,93.20,28.46,50.23",29.58,59.15,30.57,83.70,31.09,93.20,28.46,50.23,true,0
session_20260624_181854_P001,883,96341,2026-06-24T18:20:31.519917,Okulary BME280,"29.58,59.13,30.55,83.47,31.05,93.25,28.46,50.31",29.58,59.13,30.55,83.47,31.05,93.25,28.46,50.31,true,0
session_20260624_181854_P001,884,96465,2026-06-24T18:20:31.643930,Okulary BME280,"29.58,59.09,30.54,83.27,31.04,93.27,28.46,50.25",29.58,59.09,30.54,83.27,31.04,93.27,28.46,50.25,true,0
session_20260624_181854_P001,885,96558,2026-06-24T18:20:31.736863,Okulary BME280,"29.58,58.99,30.53,83.11,31.02,93.27,28.46,50.24",29.58,58.99,30.53,83.11,31.02,93.27,28.46,50.24,true,0
session_20260624_181854_P001,886,96677,2026-06-24T18:20:31.855980,Okulary BME280,"29.57,58.86,30.54,82.95,31.02,93.32,28.46,50.24",29.57,58.86,30.54,82.95,31.02,93.32,28.46,50.24,true,0
session_20260624_181854_P001,887,96792,2026-06-24T18:20:31.971187,Okulary BME280,"29.57,58.73,30.56,82.78,31.01,93.29,28.47,50.29",29.57,58.73,30.56,82.78,31.01,93.29,28.47,50.29,true,0
session_20260624_181854_P001,888,96899,2026-06-24T18:20:32.078155,Okulary BME280,"29.56,58.62,30.58,82.63,31.00,93.30,28.47,50.31",29.56,58.62,30.58,82.63,31.00,93.30,28.47,50.31,true,0
session_20260624_181854_P001,889,97005,2026-06-24T18:20:32.184416,Okulary BME280,"29.57,58.50,30.59,82.44,31.00,93.30,28.47,50.31",29.57,58.50,30.59,82.44,31.00,93.30,28.47,50.31,true,0
session_20260624_181854_P001,890,97108,2026-06-24T18:20:32.286947,Okulary BME280,"29.56,58.15,30.61,82.18,31.00,93.30,28.47,50.32",29.56,58.15,30.61,82.18,31.00,93.30,28.47,50.32,true,0
session_20260624_181854_P001,891,97258,2026-06-24T18:20:32.437284,Okulary BME280,"29.55,58.02,30.62,82.02,31.00,93.28,28.47,50.35",29.55,58.02,30.62,82.02,31.00,93.28,28.47,50.35,true,0
session_20260624_181854_P001,892,97330,2026-06-24T18:20:32.508640,Okulary BME280,"29.56,57.86,30.63,81.87,30.99,93.24,28.47,50.35",29.56,57.86,30.63,81.87,30.99,93.24,28.47,50.35,true,0
session_20260624_181854_P001,893,97428,2026-06-24T18:20:32.607484,Okulary BME280,"29.55,57.74,30.63,81.70,30.99,93.19,28.47,50.35",29.55,57.74,30.63,81.70,30.99,93.19,28.47,50.35,true,0
session_20260624_181854_P001,894,97547,2026-06-24T18:20:32.725661,Okulary BME280,"29.56,57.64,30.64,81.51,30.97,93.15,28.48,50.35",29.56,57.64,30.64,81.51,30.97,93.15,28.48,50.35,true,0
session_20260624_181854_P001,895,97667,2026-06-24T18:20:32.846342,Okulary BME280,"29.56,57.52,30.63,81.36,30.95,93.11,28.48,50.31",29.56,57.52,30.63,81.36,30.95,93.11,28.48,50.31,true,0
session_20260624_181854_P001,896,97799,2026-06-24T18:20:32.977607,Okulary BME280,"29.56,57.42,30.63,81.24,30.92,93.24,28.48,50.29",29.56,57.42,30.63,81.24,30.92,93.24,28.48,50.29,true,0
session_20260624_181854_P001,897,97862,2026-06-24T18:20:33.041213,Okulary BME280,"29.56,57.29,30.63,81.30,30.92,93.55,28.48,50.28",29.56,57.29,30.63,81.30,30.92,93.55,28.48,50.28,true,0
session_20260624_181854_P001,898,97969,2026-06-24T18:20:33.147663,Okulary BME280,"29.56,57.16,30.71,81.84,30.97,93.88,28.48,50.26",29.56,57.16,30.71,81.84,30.97,93.88,28.48,50.26,true,0
session_20260624_181854_P001,899,98092,2026-06-24T18:20:33.271500,Okulary BME280,"29.55,56.96,30.79,82.20,31.05,94.19,28.48,50.25",29.55,56.96,30.79,82.20,31.05,94.19,28.48,50.25,true,0
session_20260624_181854_P001,900,98182,2026-06-24T18:20:33.361486,Okulary BME280,"29.55,56.83,30.89,82.57,31.18,94.50,28.48,50.25",29.55,56.83,30.89,82.57,31.18,94.50,28.48,50.25,true,0
session_20260624_181854_P001,901,98310,2026-06-24T18:20:33.489456,Okulary BME280,"29.55,56.69,30.99,82.94,31.31,94.68,28.48,50.23",29.55,56.69,30.99,82.94,31.31,94.68,28.48,50.23,true,0
session_20260624_181854_P001,902,98405,2026-06-24T18:20:33.583752,Okulary BME280,"29.54,56.61,31.09,83.31,31.47,94.82,28.48,50.23",29.54,56.61,31.09,83.31,31.47,94.82,28.48,50.23,true,0
session_20260624_181854_P001,903,98540,2026-06-24T18:20:33.718682,Okulary BME280,"29.55,56.51,31.18,83.67,31.60,94.91,28.48,50.22",29.55,56.51,31.18,83.67,31.60,94.91,28.48,50.22,true,0
session_20260624_181854_P001,904,98636,2026-06-24T18:20:33.814706,Okulary BME280,"29.55,56.42,31.26,83.98,31.72,94.96,28.48,50.22",29.55,56.42,31.26,83.98,31.72,94.96,28.48,50.22,true,0
session_20260624_181854_P001,905,98716,2026-06-24T18:20:33.895290,Okulary BME280,"29.55,56.36,31.33,84.29,31.93,95.07,28.48,50.22",29.55,56.36,31.33,84.29,31.93,95.07,28.48,50.22,true,0
session_20260624_181854_P001,906,98871,2026-06-24T18:20:34.050206,Okulary BME280,"29.54,56.27,31.39,84.56,32.00,95.10,28.48,50.23",29.54,56.27,31.39,84.56,32.00,95.10,28.48,50.23,true,0
session_20260624_181854_P001,907,98941,2026-06-24T18:20:34.120316,Okulary BME280,"29.54,56.10,31.49,85.06,32.07,95.15,28.49,50.23",29.54,56.10,31.49,85.06,32.07,95.15,28.49,50.23,true,0
session_20260624_181854_P001,908,99098,2026-06-24T18:20:34.277016,Okulary BME280,"29.54,56.01,31.54,85.28,32.13,95.17,28.48,50.21",29.54,56.01,31.54,85.28,32.13,95.17,28.48,50.21,true,0
session_20260624_181854_P001,909,99169,2026-06-24T18:20:34.347691,Okulary BME280,"29.53,55.93,31.58,85.49,32.18,95.19,28.49,50.17",29.53,55.93,31.58,85.49,32.18,95.19,28.49,50.17,true,0
session_20260624_181854_P001,910,99315,2026-06-24T18:20:34.493648,Okulary BME280,"29.53,55.84,31.61,85.69,32.23,95.22,28.49,50.16",29.53,55.84,31.61,85.69,32.23,95.22,28.49,50.16,true,0
session_20260624_181854_P001,911,99428,2026-06-24T18:20:34.607054,Okulary BME280,"29.53,55.75,31.65,85.87,32.28,95.23,28.49,50.19",29.53,55.75,31.65,85.87,32.28,95.23,28.49,50.19,true,0
session_20260624_181854_P001,912,99482,2026-06-24T18:20:34.660735,Okulary BME280,"29.53,55.69,31.68,86.04,32.33,95.22,28.49,50.20",29.53,55.69,31.68,86.04,32.33,95.22,28.49,50.20,true,0
session_20260624_181854_P001,913,99639,2026-06-24T18:20:34.818369,Okulary BME280,"29.53,55.59,31.71,86.18,32.41,95.23,28.49,50.20",29.53,55.59,31.71,86.18,32.41,95.23,28.49,50.20,true,0
session_20260624_181854_P001,914,99735,2026-06-24T18:20:34.913616,Okulary BME280,"29.53,55.50,31.73,86.30,32.44,95.23,28.49,50.19",29.53,55.50,31.73,86.30,32.44,95.23,28.49,50.19,true,0
session_20260624_181854_P001,915,99847,2026-06-24T18:20:35.026263,Okulary BME280,"29.53,55.46,31.75,86.47,32.46,95.21,28.49,50.19",29.53,55.46,31.75,86.47,32.46,95.21,28.49,50.19,true,0
session_20260624_181854_P001,916,99969,2026-06-24T18:20:35.148252,Okulary BME280,"29.53,55.58,31.75,86.58,32.46,95.15,28.49,50.19",29.53,55.58,31.75,86.58,32.46,95.15,28.49,50.19,true,0
session_20260624_181854_P001,917,100066,2026-06-24T18:20:35.244791,Okulary BME280,"29.53,55.63,31.73,86.49,32.44,94.95,28.49,50.19",29.53,55.63,31.73,86.49,32.44,94.95,28.49,50.19,true,0
session_20260624_181854_P001,918,100165,2026-06-24T18:20:35.343917,Okulary BME280,"29.54,55.64,31.66,86.29,32.38,94.70,28.49,50.20",29.54,55.64,31.66,86.29,32.38,94.70,28.49,50.20,true,0
session_20260624_181854_P001,919,100248,2026-06-24T18:20:35.427270,Okulary BME280,"29.54,55.62,31.56,86.07,32.28,94.44,28.49,50.21",29.54,55.62,31.56,86.07,32.28,94.44,28.49,50.21,true,0
session_20260624_181854_P001,920,100409,2026-06-24T18:20:35.587937,Okulary BME280,"29.54,55.61,31.44,85.87,32.13,94.09,28.49,50.16",29.54,55.61,31.44,85.87,32.13,94.09,28.49,50.16,true,0
session_20260624_181854_P001,921,100472,2026-06-24T18:20:35.651552,Okulary BME280,"29.54,55.59,31.33,85.64,31.98,93.80,28.49,50.16",29.54,55.59,31.33,85.64,31.98,93.80,28.49,50.16,true,0
session_20260624_181854_P001,922,100619,2026-06-24T18:20:35.798344,Okulary BME280,"29.53,55.57,31.23,85.41,31.71,93.25,28.49,50.16",29.53,55.57,31.23,85.41,31.71,93.25,28.49,50.16,true,0
session_20260624_181854_P001,923,100718,2026-06-24T18:20:35.897215,Okulary BME280,"29.54,55.55,31.12,85.17,31.59,93.10,28.50,50.16",29.54,55.55,31.12,85.17,31.59,93.10,28.50,50.16,true,0
session_20260624_181854_P001,924,100817,2026-06-24T18:20:35.995680,Okulary BME280,"29.54,55.48,31.03,84.93,31.48,93.01,28.49,50.16",29.54,55.48,31.03,84.93,31.48,93.01,28.49,50.16,true,0
session_20260624_181854_P001,925,100922,2026-06-24T18:20:36.100782,Okulary BME280,"29.54,55.48,30.88,84.50,31.39,92.97,28.50,50.16",29.54,55.48,30.88,84.50,31.39,92.97,28.50,50.16,true,0
session_20260624_181854_P001,926,101015,2026-06-24T18:20:36.194190,Okulary BME280,"29.54,55.50,30.82,84.27,31.32,93.00,28.50,50.14",29.54,55.50,30.82,84.27,31.32,93.00,28.50,50.14,true,0
session_20260624_181854_P001,927,101169,2026-06-24T18:20:36.347875,Okulary BME280,"29.54,55.55,30.76,84.06,31.28,93.06,28.50,50.14",29.54,55.55,30.76,84.06,31.28,93.06,28.50,50.14,true,0
session_20260624_181854_P001,928,101242,2026-06-24T18:20:36.421557,Okulary BME280,"29.54,55.58,30.73,83.85,31.24,93.13,28.50,50.14",29.54,55.58,30.73,83.85,31.24,93.13,28.50,50.14,true,0
session_20260624_181854_P001,929,101390,2026-06-24T18:20:36.568684,Okulary BME280,"29.55,55.65,30.70,83.62,31.22,93.21,28.50,50.13",29.55,55.65,30.70,83.62,31.22,93.21,28.50,50.13,true,0
session_20260624_181854_P001,930,101489,2026-06-24T18:20:36.667907,Okulary BME280,"29.55,55.70,30.68,83.38,31.19,93.18,28.50,50.13",29.55,55.70,30.68,83.38,31.19,93.18,28.50,50.13,true,0
session_20260624_181854_P001,931,101580,2026-06-24T18:20:36.758890,Okulary BME280,"29.56,55.75,30.66,83.15,31.12,93.20,28.50,50.13",29.56,55.75,30.66,83.15,31.12,93.20,28.50,50.13,true,0
session_20260624_181854_P001,932,101689,2026-06-24T18:20:36.868243,Okulary BME280,"29.56,55.72,30.64,82.90,31.10,93.22,28.51,50.12",29.56,55.72,30.64,82.90,31.10,93.22,28.51,50.12,true,0
session_20260624_181854_P001,933,101828,2026-06-24T18:20:37.007276,Okulary BME280,"29.56,55.76,30.63,82.67,31.08,93.25,28.51,50.12",29.56,55.76,30.63,82.67,31.08,93.25,28.51,50.12,true,0
session_20260624_181854_P001,934,101932,2026-06-24T18:20:37.110957,Okulary BME280,"29.55,55.81,30.63,82.40,31.07,93.27,28.51,50.10",29.55,55.81,30.63,82.40,31.07,93.27,28.51,50.10,true,0
session_20260624_181854_P001,935,102004,2026-06-24T18:20:37.182632,Okulary BME280,"29.57,55.86,30.64,82.26,31.06,93.28,28.51,50.06",29.57,55.86,30.64,82.26,31.06,93.28,28.51,50.06,true,0
session_20260624_181854_P001,936,102146,2026-06-24T18:20:37.324566,Okulary BME280,"29.57,55.88,30.65,82.10,31.06,93.24,28.51,50.03",29.57,55.88,30.65,82.10,31.06,93.24,28.51,50.03,true,0
session_20260624_181854_P001,937,102246,2026-06-24T18:20:37.425559,Okulary BME280,"29.57,55.92,30.66,81.97,31.05,93.20,28.51,50.00",29.57,55.92,30.66,81.97,31.05,93.20,28.51,50.00,true,0
session_20260624_181854_P001,938,102320,2026-06-24T18:20:37.498580,Okulary BME280,"29.57,55.97,30.68,81.86,31.05,93.18,28.50,50.00",29.57,55.97,30.68,81.86,31.05,93.18,28.50,50.00,true,0
session_20260624_181854_P001,939,102474,2026-06-24T18:20:37.653559,Okulary BME280,"29.57,55.96,30.69,81.86,31.04,93.24,28.50,50.00",29.57,55.96,30.69,81.86,31.04,93.24,28.50,50.00,true,0
session_20260624_181854_P001,940,102541,2026-06-24T18:20:37.720185,Okulary BME280,"29.57,55.88,30.72,81.98,31.07,93.58,28.50,49.99",29.57,55.88,30.72,81.98,31.07,93.58,28.50,49.99,true,0
session_20260624_181854_P001,941,102680,2026-06-24T18:20:37.859485,Okulary BME280,"29.57,55.75,30.76,82.13,31.10,93.71,28.50,49.98",29.57,55.75,30.76,82.13,31.10,93.71,28.50,49.98,true,0
session_20260624_181854_P001,942,102776,2026-06-24T18:20:37.955073,Okulary BME280,"29.56,55.67,30.80,82.38,31.13,94.00,28.50,49.97",29.56,55.67,30.80,82.38,31.13,94.00,28.50,49.97,true,0
session_20260624_181854_P001,943,102881,2026-06-24T18:20:38.059626,Okulary BME280,"29.56,55.62,30.94,82.93,31.20,94.24,28.50,49.96",29.56,55.62,30.94,82.93,31.20,94.24,28.50,49.96,true,0
session_20260624_181854_P001,944,103008,2026-06-24T18:20:38.187335,Okulary BME280,"29.56,55.57,31.03,83.28,31.30,94.53,28.50,49.94",29.56,55.57,31.03,83.28,31.30,94.53,28.50,49.94,true,0
session_20260624_181854_P001,945,103107,2026-06-24T18:20:38.286208,Okulary BME280,"29.57,55.52,31.12,83.59,31.42,94.68,28.50,49.94",29.57,55.52,31.12,83.59,31.42,94.68,28.50,49.94,true,0
session_20260624_181854_P001,946,103220,2026-06-24T18:20:38.398825,Okulary BME280,"29.57,55.46,31.21,83.90,31.55,94.79,28.50,49.93",29.57,55.46,31.21,83.90,31.55,94.79,28.50,49.93,true,0
session_20260624_181854_P001,947,103314,2026-06-24T18:20:38.493063,Okulary BME280,"29.56,55.39,31.29,84.19,31.67,94.87,28.50,49.91",29.56,55.39,31.29,84.19,31.67,94.87,28.50,49.91,true,0
session_20260624_181854_P001,948,103480,2026-06-24T18:20:38.658669,Okulary BME280,"29.56,55.29,31.36,84.47,31.86,95.01,28.50,49.91",29.56,55.29,31.36,84.47,31.86,95.01,28.50,49.91,true,0
session_20260624_181854_P001,949,103531,2026-06-24T18:20:38.709814,Okulary BME280,"29.56,55.20,31.42,84.73,31.95,95.06,28.50,49.91",29.56,55.20,31.42,84.73,31.95,95.06,28.50,49.91,true,0
session_20260624_181854_P001,950,103621,2026-06-24T18:20:38.800393,Okulary BME280,"29.55,55.10,31.47,84.93,32.02,95.12,28.50,49.91",29.55,55.10,31.47,84.93,32.02,95.12,28.50,49.91,true,0
session_20260624_181854_P001,951,103773,2026-06-24T18:20:38.951857,Okulary BME280,"29.55,55.04,31.52,85.21,32.10,95.14,28.51,49.89",29.55,55.04,31.52,85.21,32.10,95.14,28.51,49.89,true,0
session_20260624_181854_P001,952,103847,2026-06-24T18:20:39.026370,Okulary BME280,"29.55,54.97,31.60,85.59,32.17,95.18,28.51,49.85",29.55,54.97,31.60,85.59,32.17,95.18,28.51,49.85,true,0
session_20260624_181854_P001,953,104017,2026-06-24T18:20:39.195811,Okulary BME280,"29.55,54.93,31.63,85.78,32.23,95.22,28.50,49.85",29.55,54.93,31.63,85.78,32.23,95.22,28.50,49.85,true,0
session_20260624_181854_P001,954,104071,2026-06-24T18:20:39.250462,Okulary BME280,"29.55,54.88,31.66,85.94,32.29,95.22,28.51,49.85",29.55,54.88,31.66,85.94,32.29,95.22,28.51,49.85,true,0
session_20260624_181854_P001,955,104208,2026-06-24T18:20:39.386700,Okulary BME280,"29.55,54.83,31.68,86.10,32.34,95.20,28.50,49.85",29.55,54.83,31.68,86.10,32.34,95.20,28.50,49.85,true,0
session_20260624_181854_P001,956,104307,2026-06-24T18:20:39.485856,Okulary BME280,"29.54,54.78,31.71,86.24,32.38,95.21,28.50,49.83",29.54,54.78,31.71,86.24,32.38,95.21,28.50,49.83,true,0
session_20260624_181854_P001,957,104408,2026-06-24T18:20:39.587096,Okulary BME280,"29.54,54.76,31.73,86.37,32.43,95.15,28.50,49.83",29.54,54.76,31.73,86.37,32.43,95.15,28.50,49.83,true,0
session_20260624_181854_P001,958,104522,2026-06-24T18:20:39.700756,Okulary BME280,"29.54,54.66,31.75,86.48,32.44,95.15,28.50,49.84",29.54,54.66,31.75,86.48,32.44,95.15,28.50,49.84,true,0
session_20260624_181854_P001,959,104612,2026-06-24T18:20:39.791250,Okulary BME280,"29.54,54.67,31.76,86.58,32.44,95.12,28.51,49.86",29.54,54.67,31.76,86.58,32.44,95.12,28.51,49.86,true,0
session_20260624_181854_P001,960,104747,2026-06-24T18:20:39.926142,Okulary BME280,"29.55,54.71,31.77,86.72,32.44,95.08,28.51,49.93",29.55,54.71,31.77,86.72,32.44,95.08,28.51,49.93,true,0
session_20260624_181854_P001,961,104836,2026-06-24T18:20:40.014819,Okulary BME280,"29.55,54.76,31.76,86.80,32.43,95.03,28.51,49.96",29.55,54.76,31.76,86.80,32.43,95.03,28.51,49.96,true,0
session_20260624_181854_P001,962,104994,2026-06-24T18:20:40.173103,Okulary BME280,"29.56,54.82,31.74,86.84,32.41,94.93,28.52,49.98",29.56,54.82,31.74,86.84,32.41,94.93,28.52,49.98,true,0
session_20260624_181854_P001,963,105120,2026-06-24T18:20:40.298673,Okulary BME280,"29.56,54.87,31.73,86.85,32.36,94.81,28.52,50.00",29.56,54.87,31.73,86.85,32.36,94.81,28.52,50.00,true,0
session_20260624_181854_P001,964,105191,2026-06-24T18:20:40.369667,Okulary BME280,"29.56,54.91,31.70,86.74,32.30,94.66,28.52,49.99",29.56,54.91,31.70,86.74,32.30,94.66,28.52,49.99,true,0
session_20260624_181854_P001,965,105303,2026-06-24T18:20:40.482171,Okulary BME280,"29.56,54.96,31.64,86.48,32.23,94.44,28.53,50.02",29.56,54.96,31.64,86.48,32.23,94.44,28.53,50.02,true,0
session_20260624_181854_P001,966,105406,2026-06-24T18:20:40.585275,Okulary BME280,"29.56,54.87,31.53,86.14,31.99,93.57,28.53,50.02",29.56,54.87,31.53,86.14,31.99,93.57,28.53,50.02,true,0
session_20260624_181854_P001,967,105531,2026-06-24T18:20:40.710289,Okulary BME280,"29.56,55.02,31.37,85.84,31.84,93.29,28.53,50.03",29.56,55.02,31.37,85.84,31.84,93.29,28.53,50.03,true,0
session_20260624_181854_P001,968,105629,2026-06-24T18:20:40.807636,Okulary BME280,"29.57,55.13,31.21,85.52,31.69,93.10,28.53,50.04",29.57,55.13,31.21,85.52,31.69,93.10,28.53,50.04,true,0
session_20260624_181854_P001,969,105731,2026-06-24T18:20:40.909833,Okulary BME280,"29.57,55.23,30.94,85.02,31.57,93.05,28.53,50.04",29.57,55.23,30.94,85.02,31.57,93.05,28.53,50.04,true,0
session_20260624_181854_P001,970,105835,2026-06-24T18:20:41.013870,Okulary BME280,"29.57,55.32,30.86,84.86,31.47,93.07,28.53,50.05",29.57,55.32,30.86,84.86,31.47,93.07,28.53,50.05,true,0
session_20260624_181854_P001,971,105933,2026-06-24T18:20:41.112234,Okulary BME280,"29.57,55.39,30.81,84.70,31.40,93.14,28.53,50.06",29.57,55.39,30.81,84.70,31.40,93.14,28.53,50.06,true,0
session_20260624_181854_P001,972,106076,2026-06-24T18:20:41.254761,Okulary BME280,"29.58,55.47,30.78,84.55,31.35,93.24,28.53,50.09",29.58,55.47,30.78,84.55,31.35,93.24,28.53,50.09,true,0
session_20260624_181854_P001,973,106174,2026-06-24T18:20:41.353097,Okulary BME280,"29.58,55.54,30.77,84.42,31.32,93.28,28.53,50.11",29.58,55.54,30.77,84.42,31.32,93.28,28.53,50.11,true,0
session_20260624_181854_P001,974,106300,2026-06-24T18:20:41.479193,Okulary BME280,"29.58,55.55,30.76,84.28,31.31,93.34,28.53,50.11",29.58,55.55,30.76,84.28,31.31,93.34,28.53,50.11,true,0
session_20260624_181854_P001,975,106399,2026-06-24T18:20:41.578109,Okulary BME280,"29.59,55.64,30.76,84.14,31.29,93.31,28.53,50.14",29.59,55.64,30.76,84.14,31.29,93.31,28.53,50.14,true,0
session_20260624_181854_P001,976,106472,2026-06-24T18:20:41.651144,Okulary BME280,"29.58,55.55,30.76,84.00,31.28,93.31,28.53,50.17",29.58,55.55,30.76,84.00,31.28,93.31,28.53,50.17,true,0
session_20260624_181854_P001,977,106606,2026-06-24T18:20:41.784693,Okulary BME280,"29.58,55.48,30.76,83.86,31.27,93.29,28.53,50.18",29.58,55.48,30.76,83.86,31.27,93.29,28.53,50.18,true,0
session_20260624_181854_P001,978,106686,2026-06-24T18:20:41.864683,Okulary BME280,"29.57,55.35,30.76,83.45,31.26,93.32,28.53,50.17",29.57,55.35,30.76,83.45,31.26,93.32,28.53,50.17,true,0
session_20260624_181854_P001,979,106833,2026-06-24T18:20:42.011996,Okulary BME280,"29.56,55.23,30.76,83.23,31.25,93.31,28.53,50.14",29.56,55.23,30.76,83.23,31.25,93.31,28.53,50.14,true,0
session_20260624_181854_P001,980,106929,2026-06-24T18:20:42.108392,Okulary BME280,"29.57,55.12,30.75,83.03,31.25,93.29,28.53,50.12",29.57,55.12,30.75,83.03,31.25,93.29,28.53,50.12,true,0
session_20260624_181854_P001,981,107042,2026-06-24T18:20:42.221503,Okulary BME280,"29.56,55.01,30.75,82.83,31.23,93.29,28.52,50.08",29.56,55.01,30.75,82.83,31.23,93.29,28.52,50.08,true,0
session_20260624_181854_P001,982,107156,2026-06-24T18:20:42.334741,Okulary BME280,"29.56,54.90,30.75,82.66,31.22,93.24,28.52,50.04",29.56,54.90,30.75,82.66,31.22,93.24,28.52,50.04,true,0
session_20260624_181854_P001,983,107223,2026-06-24T18:20:42.401769,Okulary BME280,"29.55,54.82,30.75,82.52,31.21,93.23,28.51,49.99",29.55,54.82,30.75,82.52,31.21,93.23,28.51,49.99,true,0
session_20260624_181854_P001,984,107384,2026-06-24T18:20:42.562997,Okulary BME280,"29.55,54.59,30.76,82.45,31.19,93.24,28.51,49.99",29.55,54.59,30.76,82.45,31.19,93.24,28.51,49.99,true,0
session_20260624_181854_P001,985,107453,2026-06-24T18:20:42.632197,Okulary BME280,"29.55,54.59,30.77,82.37,31.17,93.23,28.51,50.06",29.55,54.59,30.77,82.37,31.17,93.23,28.51,50.06,true,0
session_20260624_181854_P001,986,107627,2026-06-24T18:20:42.806088,Okulary BME280,"29.55,54.60,30.78,82.34,31.17,93.35,28.51,50.07",29.55,54.60,30.78,82.34,31.17,93.35,28.51,50.07,true,0
session_20260624_181854_P001,987,107674,2026-06-24T18:20:42.853183,Okulary BME280,"29.56,54.61,30.84,82.63,31.18,93.67,28.51,50.10",29.56,54.61,30.84,82.63,31.18,93.67,28.51,50.10,true,0
session_20260624_181854_P001,988,107787,2026-06-24T18:20:42.966518,Okulary BME280,"29.56,54.61,30.90,82.91,31.22,93.99,28.52,50.08",29.56,54.61,30.90,82.91,31.22,93.99,28.52,50.08,true,0
session_20260624_181854_P001,989,107912,2026-06-24T18:20:43.090771,Okulary BME280,"29.57,54.58,30.98,83.22,31.30,94.33,28.52,50.07",29.57,54.58,30.98,83.22,31.30,94.33,28.52,50.07,true,0
session_20260624_181854_P001,990,108011,2026-06-24T18:20:43.190255,Okulary BME280,"29.57,54.54,31.07,83.54,31.42,94.52,28.52,50.07",29.57,54.54,31.07,83.54,31.42,94.52,28.52,50.07,true,0
session_20260624_181854_P001,991,108122,2026-06-24T18:20:43.300835,Okulary BME280,"29.57,54.56,31.16,83.87,31.54,94.66,28.52,50.02",29.57,54.56,31.16,83.87,31.54,94.66,28.52,50.02,true,0
session_20260624_181854_P001,992,108215,2026-06-24T18:20:43.394144,Okulary BME280,"29.56,54.38,31.25,84.17,31.77,94.85,28.52,50.03",29.56,54.38,31.25,84.17,31.77,94.85,28.52,50.03,true,0
session_20260624_181854_P001,993,108360,2026-06-24T18:20:43.538802,Okulary BME280,"29.56,54.37,31.32,84.44,31.87,94.92,28.52,49.99",29.56,54.37,31.32,84.44,31.87,94.92,28.52,49.99,true,0
session_20260624_181854_P001,994,108437,2026-06-24T18:20:43.615658,Okulary BME280,"29.56,54.37,31.38,84.68,31.96,94.99,28.52,49.97",29.56,54.37,31.38,84.68,31.96,94.99,28.52,49.97,true,0
session_20260624_181854_P001,995,108528,2026-06-24T18:20:43.706841,Okulary BME280,"29.56,54.38,31.44,84.98,32.04,95.04,28.52,49.93",29.56,54.38,31.44,84.98,32.04,95.04,28.52,49.93,true,0
session_20260624_181854_P001,996,108667,2026-06-24T18:20:43.846305,Okulary BME280,"29.56,54.44,31.54,85.41,32.11,95.06,28.52,49.90",29.56,54.44,31.54,85.41,32.11,95.06,28.52,49.90,true,0
session_20260624_181854_P001,997,108756,2026-06-24T18:20:43.935549,Okulary BME280,"29.56,54.48,31.57,85.61,32.18,95.09,28.51,49.89",29.56,54.48,31.57,85.61,32.18,95.09,28.51,49.89,true,0
session_20260624_181854_P001,998,108909,2026-06-24T18:20:44.088336,Okulary BME280,"29.57,54.48,31.60,85.80,32.23,95.14,28.51,49.88",29.57,54.48,31.60,85.80,32.23,95.14,28.51,49.88,true,0
session_20260624_181854_P001,999,108982,2026-06-24T18:20:44.161392,Okulary BME280,"29.56,54.53,31.63,85.99,32.29,95.15,28.51,49.86",29.56,54.53,31.63,85.99,32.29,95.15,28.51,49.86,true,0
session_20260624_181854_P001,1000,109135,2026-06-24T18:20:44.314377,Okulary BME280,"29.56,54.43,31.66,86.14,32.33,95.16,28.50,49.86",29.56,54.43,31.66,86.14,32.33,95.16,28.50,49.86,true,0
session_20260624_181854_P001,1001,109233,2026-06-24T18:20:44.412001,Okulary BME280,"29.56,54.38,31.69,86.30,32.42,95.20,28.50,49.83",29.56,54.38,31.69,86.30,32.42,95.20,28.50,49.83,true,0
session_20260624_181854_P001,1002,109290,2026-06-24T18:20:44.469456,Okulary BME280,"29.55,54.40,31.71,86.45,32.46,95.21,28.50,49.82",29.55,54.40,31.71,86.45,32.46,95.21,28.50,49.82,true,0
session_20260624_181854_P001,1003,109449,2026-06-24T18:20:44.627699,Okulary BME280,"29.56,54.40,31.74,86.58,32.50,95.17,28.50,49.82",29.56,54.40,31.74,86.58,32.50,95.17,28.50,49.82,true,0
session_20260624_181854_P001,1004,109517,2026-06-24T18:20:44.696134,Okulary BME280,"29.56,54.38,31.76,86.69,32.52,95.17,28.50,49.82",29.56,54.38,31.76,86.69,32.52,95.17,28.50,49.82,true,0
session_20260624_181854_P001,1005,109654,2026-06-24T18:20:44.832688,Okulary BME280,"29.55,54.39,31.80,86.90,32.54,95.16,28.51,49.81",29.55,54.39,31.80,86.90,32.54,95.16,28.51,49.81,true,0
session_20260624_181854_P001,1006,109753,2026-06-24T18:20:44.932062,Okulary BME280,"29.55,54.44,31.81,86.97,32.55,95.14,28.51,49.81",29.55,54.44,31.81,86.97,32.55,95.14,28.51,49.81,true,0
session_20260624_181854_P001,1007,109833,2026-06-24T18:20:45.012130,Okulary BME280,"29.55,54.53,31.82,87.04,32.57,95.08,28.51,49.79",29.55,54.53,31.82,87.04,32.57,95.08,28.51,49.79,true,0
session_20260624_181854_P001,1008,109977,2026-06-24T18:20:45.155892,Okulary BME280,"29.55,54.55,31.81,86.97,32.56,94.93,28.51,49.75",29.55,54.55,31.81,86.97,32.56,94.93,28.51,49.75,true,0
session_20260624_181854_P001,1009,110065,2026-06-24T18:20:45.244414,Okulary BME280,"29.56,55.24,31.76,86.81,32.50,94.73,28.50,49.74",29.56,55.24,31.76,86.81,32.50,94.73,28.50,49.74,true,0
session_20260624_181854_P001,1010,110216,2026-06-24T18:20:45.394983,Okulary BME280,"29.57,55.70,31.66,86.63,32.31,94.38,28.50,49.71",29.57,55.70,31.66,86.63,32.31,94.38,28.50,49.71,true,0
session_20260624_181854_P001,1011,110306,2026-06-24T18:20:45.484935,Okulary BME280,"29.59,55.98,31.54,86.43,32.22,94.36,28.50,49.71",29.59,55.98,31.54,86.43,32.22,94.36,28.50,49.71,true,0
session_20260624_181854_P001,1012,110446,2026-06-24T18:20:45.625003,Okulary BME280,"29.60,56.02,31.41,86.23,32.14,94.32,28.50,49.69",29.60,56.02,31.41,86.23,32.14,94.32,28.50,49.69,true,0
session_20260624_181854_P001,1013,110547,2026-06-24T18:20:45.725974,Okulary BME280,"29.59,55.98,31.28,86.01,32.09,94.28,28.50,49.67",29.59,55.98,31.28,86.01,32.09,94.28,28.50,49.67,true,0
session_20260624_181854_P001,1014,110614,2026-06-24T18:20:45.792653,Okulary BME280,"29.58,55.91,31.06,85.58,32.04,94.24,28.50,49.67",29.58,55.91,31.06,85.58,32.04,94.24,28.50,49.67,true,0
session_20260624_181854_P001,1015,110755,2026-06-24T18:20:45.934115,Okulary BME280,"29.58,55.80,30.98,85.36,31.99,93.96,28.50,49.66",29.58,55.80,30.98,85.36,31.99,93.96,28.50,49.66,true,0
session_20260624_181854_P001,1016,110851,2026-06-24T18:20:46.030173,Okulary BME280,"29.57,55.74,30.93,85.11,31.91,93.63,28.50,49.66",29.57,55.74,30.93,85.11,31.91,93.63,28.50,49.66,true,0
session_20260624_181854_P001,1017,110974,2026-06-24T18:20:46.153281,Okulary BME280,"29.57,55.66,30.88,84.88,31.79,93.34,28.50,49.66",29.57,55.66,30.88,84.88,31.79,93.34,28.50,49.66,true,0
session_20260624_181854_P001,1018,111051,2026-06-24T18:20:46.230104,Okulary BME280,"29.57,55.57,30.84,84.67,31.68,93.20,28.50,49.64",29.57,55.57,30.84,84.67,31.68,93.20,28.50,49.64,true,0
session_20260624_181854_P001,1019,111205,2026-06-24T18:20:46.384350,Okulary BME280,"29.57,55.54,30.79,84.45,31.49,93.05,28.50,49.63",29.57,55.54,30.79,84.45,31.49,93.05,28.50,49.63,true,0
session_20260624_181854_P001,1020,111272,2026-06-24T18:20:46.450903,Okulary BME280,"29.57,55.51,30.76,84.23,31.41,93.04,28.50,49.66",29.57,55.51,30.76,84.23,31.41,93.04,28.50,49.66,true,0
session_20260624_181854_P001,1021,111361,2026-06-24T18:20:46.540132,Okulary BME280,"29.57,55.54,30.74,84.00,31.35,93.07,28.51,49.64",29.57,55.54,30.74,84.00,31.35,93.07,28.51,49.64,true,0
session_20260624_181854_P001,1022,111538,2026-06-24T18:20:46.717098,Okulary BME280,"29.57,55.59,30.70,83.56,31.30,93.08,28.51,49.64",29.57,55.59,30.70,83.56,31.30,93.08,28.51,49.64,true,0
session_20260624_181854_P001,1023,111597,2026-06-24T18:20:46.775919,Okulary BME280,"29.58,55.61,30.69,83.33,31.27,93.11,28.51,49.63",29.58,55.61,30.69,83.33,31.27,93.11,28.51,49.63,true,0
session_20260624_181854_P001,1024,111736,2026-06-24T18:20:46.914572,Okulary BME280,"29.58,55.75,30.68,83.11,31.25,93.14,28.51,49.62",29.58,55.75,30.68,83.11,31.25,93.14,28.51,49.62,true,0
session_20260624_181854_P001,1025,111852,2026-06-24T18:20:47.030798,Okulary BME280,"29.58,56.08,30.68,82.90,31.22,93.15,28.50,49.62",29.58,56.08,30.68,82.90,31.22,93.15,28.50,49.62,true,0
session_20260624_181854_P001,1026,111948,2026-06-24T18:20:47.127162,Okulary BME280,"29.61,56.72,30.67,82.69,31.20,93.17,28.50,49.64",29.61,56.72,30.67,82.69,31.20,93.17,28.50,49.64,true,0
session_20260624_181854_P001,1027,112055,2026-06-24T18:20:47.233591,Okulary BME280,"29.62,56.92,30.65,82.48,31.18,93.21,28.50,49.64",29.62,56.92,30.65,82.48,31.18,93.21,28.50,49.64,true,0
session_20260624_181854_P001,1028,112152,2026-06-24T18:20:47.330675,Okulary BME280,"29.62,57.05,30.64,82.29,31.15,93.25,28.50,49.62",29.62,57.05,30.64,82.29,31.15,93.25,28.50,49.62,true,0
session_20260624_181854_P001,1029,112293,2026-06-24T18:20:47.471935,Okulary BME280,"29.62,57.13,30.63,82.13,31.14,93.26,28.50,49.61",29.62,57.13,30.63,82.13,31.14,93.26,28.50,49.61,true,0
session_20260624_181854_P001,1030,112351,2026-06-24T18:20:47.529820,Okulary BME280,"29.62,57.17,30.62,81.94,31.13,93.23,28.50,49.61",29.62,57.17,30.62,81.94,31.13,93.23,28.50,49.61,true,0
session_20260624_181854_P001,1031,112486,2026-06-24T18:20:47.665420,Okulary BME280,"29.61,57.16,30.62,81.59,31.12,93.23,28.51,49.60",29.61,57.16,30.62,81.59,31.12,93.23,28.51,49.60,true,0
session_20260624_181854_P001,1032,112577,2026-06-24T18:20:47.755713,Okulary BME280,"29.61,57.08,30.62,81.44,31.11,93.20,28.50,49.60",29.61,57.08,30.62,81.44,31.11,93.20,28.50,49.60,true,0
session_20260624_181854_P001,1033,112690,2026-06-24T18:20:47.869517,Okulary BME280,"29.60,56.92,30.63,81.32,31.10,93.19,28.50,49.61",29.60,56.92,30.63,81.32,31.10,93.19,28.50,49.61,true,0
session_20260624_181854_P001,1034,112802,2026-06-24T18:20:47.981188,Okulary BME280,"29.59,56.91,30.63,81.22,31.09,93.15,28.50,49.63",29.59,56.91,30.63,81.22,31.09,93.15,28.50,49.63,true,0
session_20260624_181854_P001,1035,112890,2026-06-24T18:20:48.069499,Okulary BME280,"29.59,56.59,30.65,81.11,31.08,93.12,28.50,49.64",29.59,56.59,30.65,81.11,31.08,93.12,28.50,49.64,true,0
session_20260624_181854_P001,1036,113058,2026-06-24T18:20:48.237178,Okulary BME280,"29.59,56.43,30.65,81.00,31.06,93.14,28.50,49.64",29.59,56.43,30.65,81.00,31.06,93.14,28.50,49.64,true,0
session_20260624_181854_P001,1037,113118,2026-06-24T18:20:48.296661,Okulary BME280,"29.58,56.29,30.67,81.01,31.07,93.53,28.50,49.62",29.58,56.29,30.67,81.01,31.07,93.53,28.50,49.62,true,0
session_20260624_181854_P001,1038,113268,2026-06-24T18:20:48.447204,Okulary BME280,"29.59,56.23,30.69,81.25,31.11,93.93,28.50,49.63",29.59,56.23,30.69,81.25,31.11,93.93,28.50,49.63,true,0
session_20260624_181854_P001,1039,113344,2026-06-24T18:20:48.522949,Okulary BME280,"29.59,56.16,30.77,81.65,31.22,94.20,28.50,49.64",29.59,56.16,30.77,81.65,31.22,94.20,28.50,49.64,true,0
session_20260624_181854_P001,1040,113430,2026-06-24T18:20:48.609122,Okulary BME280,"29.59,56.08,30.99,82.46,31.34,94.39,28.49,49.65",29.59,56.08,30.99,82.46,31.34,94.39,28.49,49.65,true,0
session_20260624_181854_P001,1041,113590,2026-06-24T18:20:48.769415,Okulary BME280,"29.59,56.02,31.10,82.83,31.50,94.63,28.49,49.65",29.59,56.02,31.10,82.83,31.50,94.63,28.49,49.65,true,0
session_20260624_181854_P001,1042,113656,2026-06-24T18:20:48.834818,Okulary BME280,"29.59,55.92,31.20,83.19,31.62,94.73,28.50,49.66",29.59,55.92,31.20,83.19,31.62,94.73,28.50,49.66,true,0
session_20260624_181854_P001,1043,113815,2026-06-24T18:20:48.993961,Okulary BME280,"29.59,55.96,31.28,83.55,31.74,94.83,28.50,49.67",29.59,55.96,31.28,83.55,31.74,94.83,28.50,49.67,true,0
session_20260624_181854_P001,1044,113906,2026-06-24T18:20:49.084863,Okulary BME280,"29.60,55.97,31.35,83.87,31.84,94.88,28.50,49.68",29.60,55.97,31.35,83.87,31.84,94.88,28.50,49.68,true,0
session_20260624_181854_P001,1045,114031,2026-06-24T18:20:49.209681,Okulary BME280,"29.59,55.98,31.40,84.16,32.01,95.00,28.50,49.63",29.59,55.98,31.40,84.16,32.01,95.00,28.50,49.63,true,0
session_20260624_181854_P001,1046,114132,2026-06-24T18:20:49.311015,Okulary BME280,"29.59,56.01,31.45,84.43,32.09,95.06,28.50,49.68",29.59,56.01,31.45,84.43,32.09,95.06,28.50,49.68,true,0
session_20260624_181854_P001,1047,114198,2026-06-24T18:20:49.376648,Okulary BME280,"29.59,56.06,31.50,84.70,32.15,95.08,28.49,49.68",29.59,56.06,31.50,84.70,32.15,95.08,28.49,49.68,true,0
session_20260624_181854_P001,1048,114339,2026-06-24T18:20:49.517875,Okulary BME280,"29.60,56.17,31.54,84.88,32.20,95.12,28.49,49.69",29.60,56.17,31.54,84.88,32.20,95.12,28.49,49.69,true,0
session_20260624_181854_P001,1049,114454,2026-06-24T18:20:49.632619,Okulary BME280,"29.60,56.35,31.60,85.35,32.26,95.15,28.49,49.72",29.60,56.35,31.60,85.35,32.26,95.15,28.49,49.72,true,0
session_20260624_181854_P001,1050,114555,2026-06-24T18:20:49.734168,Okulary BME280,"29.61,56.66,31.63,85.54,32.31,95.15,28.49,49.76",29.61,56.66,31.63,85.54,32.31,95.15,28.49,49.76,true,0
session_20260624_181854_P001,1051,114653,2026-06-24T18:20:49.832036,Okulary BME280,"29.62,57.13,31.65,85.70,32.36,95.16,28.48,49.79",29.62,57.13,31.65,85.70,32.36,95.16,28.48,49.79,true,0
session_20260624_181854_P001,1052,114738,2026-06-24T18:20:49.917509,Okulary BME280,"29.64,57.65,31.67,85.84,32.40,95.16,28.48,49.85",29.64,57.65,31.67,85.84,32.40,95.16,28.48,49.85,true,0
session_20260624_181854_P001,1053,114900,2026-06-24T18:20:50.078584,Okulary BME280,"29.64,57.80,31.68,86.00,32.44,95.14,28.49,49.89",29.64,57.80,31.68,86.00,32.44,95.14,28.49,49.89,true,0
session_20260624_181854_P001,1054,114962,2026-06-24T18:20:50.141151,Okulary BME280,"29.64,57.95,31.69,86.10,32.46,95.05,28.49,49.98",29.64,57.95,31.69,86.10,32.46,95.05,28.49,49.98,true,0
session_20260624_181854_P001,1055,115096,2026-06-24T18:20:50.275333,Okulary BME280,"29.64,58.12,31.69,86.20,32.45,94.86,28.49,50.11",29.64,58.12,31.69,86.20,32.45,94.86,28.49,50.11,true,0
session_20260624_181854_P001,1056,115192,2026-06-24T18:20:50.370603,Okulary BME280,"29.64,58.31,31.68,86.25,32.39,94.61,28.49,50.19",29.64,58.31,31.68,86.25,32.39,94.61,28.49,50.19,true,0
session_20260624_181854_P001,1057,115335,2026-06-24T18:20:50.514224,Okulary BME280,"29.65,58.48,31.66,86.30,32.30,94.42,28.50,50.27",29.65,58.48,31.66,86.30,32.30,94.42,28.50,50.27,true,0
session_20260624_181854_P001,1058,115430,2026-06-24T18:20:50.609042,Okulary BME280,"29.65,58.64,31.59,86.31,32.21,94.35,28.50,50.34",29.65,58.64,31.59,86.31,32.21,94.35,28.50,50.34,true,0
session_20260624_181854_P001,1059,115524,2026-06-24T18:20:50.703293,Okulary BME280,"29.65,58.64,31.54,86.25,32.13,94.27,28.50,50.40",29.65,58.64,31.54,86.25,32.13,94.27,28.50,50.40,true,0
session_20260624_181854_P001,1060,115644,2026-06-24T18:20:50.822587,Okulary BME280,"29.64,58.59,31.47,86.10,32.05,94.04,28.51,50.43",29.64,58.59,31.47,86.10,32.05,94.04,28.51,50.43,true,0
session_20260624_181854_P001,1061,115740,2026-06-24T18:20:50.919437,Okulary BME280,"29.62,58.46,31.38,85.82,31.97,93.79,28.51,50.48",29.62,58.46,31.38,85.82,31.97,93.79,28.51,50.48,true,0
session_20260624_181854_P001,1062,115862,2026-06-24T18:20:51.041512,Okulary BME280,"29.61,58.38,31.26,85.50,31.85,93.50,28.51,50.50",29.61,58.38,31.26,85.50,31.85,93.50,28.51,50.50,true,0
session_20260624_181854_P001,1063,115954,2026-06-24T18:20:51.133272,Okulary BME280,"29.61,58.44,31.11,85.22,31.60,93.06,28.51,50.52",29.61,58.44,31.11,85.22,31.60,93.06,28.51,50.52,true,0
session_20260624_181854_P001,1064,116107,2026-06-24T18:20:51.286357,Okulary BME280,"29.62,58.61,30.97,84.94,31.48,92.87,28.51,50.64",29.62,58.61,30.97,84.94,31.48,92.87,28.51,50.64,true,0
session_20260624_181854_P001,1065,116179,2026-06-24T18:20:51.358170,Okulary BME280,"29.63,58.77,30.86,84.70,31.34,92.82,28.51,50.67",29.63,58.77,30.86,84.70,31.34,92.82,28.51,50.67,true,0
session_20260624_181854_P001,1066,116279,2026-06-24T18:20:51.458541,Okulary BME280,"29.64,58.97,30.75,84.47,31.24,92.90,28.51,50.70",29.64,58.97,30.75,84.47,31.24,92.90,28.51,50.70,true,0
session_20260624_181854_P001,1067,116417,2026-06-24T18:20:51.596327,Okulary BME280,"29.64,59.25,30.62,83.95,31.17,92.98,28.52,50.71",29.64,59.25,30.62,83.95,31.17,92.98,28.52,50.71,true,0
session_20260624_181854_P001,1068,116522,2026-06-24T18:20:51.701482,Okulary BME280,"29.65,59.46,30.58,83.70,31.13,93.08,28.53,50.70",29.65,59.46,30.58,83.70,31.13,93.08,28.53,50.70,true,0
session_20260624_181854_P001,1069,116639,2026-06-24T18:20:51.818465,Okulary BME280,"29.68,59.92,30.55,83.46,31.10,93.15,28.52,50.67",29.68,59.92,30.55,83.46,31.10,93.15,28.52,50.67,true,0
session_20260624_181854_P001,1070,116735,2026-06-24T18:20:51.913718,Okulary BME280,"29.68,60.00,30.52,83.23,31.09,93.16,28.53,50.63",29.68,60.00,30.52,83.23,31.09,93.16,28.53,50.63,true,0
session_20260624_181854_P001,1071,116875,2026-06-24T18:20:52.054093,Okulary BME280,"29.67,59.97,30.51,83.00,31.06,93.21,28.52,50.59",29.67,59.97,30.51,83.00,31.06,93.21,28.52,50.59,true,0
session_20260624_181854_P001,1072,116963,2026-06-24T18:20:52.141910,Okulary BME280,"29.66,59.89,30.51,82.77,31.06,93.20,28.53,50.59",29.66,59.89,30.51,82.77,31.06,93.20,28.53,50.59,true,0
session_20260624_181854_P001,1073,117032,2026-06-24T18:20:52.211272,Okulary BME280,"29.65,59.89,30.50,82.55,31.05,93.21,28.52,50.55",29.65,59.89,30.50,82.55,31.05,93.21,28.52,50.55,true,0
session_20260624_181854_P001,1074,117167,2026-06-24T18:20:52.346402,Okulary BME280,"29.65,59.89,30.50,82.32,31.04,93.21,28.52,50.54",29.65,59.89,30.50,82.32,31.04,93.21,28.52,50.54,true,0
session_20260624_181854_P001,1075,117270,2026-06-24T18:20:52.448604,Okulary BME280,"29.65,59.92,30.49,81.97,31.04,93.19,28.53,50.51",29.65,59.92,30.49,81.97,31.04,93.19,28.53,50.51,true,0
session_20260624_181854_P001,1076,117396,2026-06-24T18:20:52.575048,Okulary BME280,"29.65,60.01,30.51,81.80,31.04,93.16,28.52,50.49",29.65,60.01,30.51,81.80,31.04,93.16,28.52,50.49,true,0
session_20260624_181854_P001,1077,117488,2026-06-24T18:20:52.667512,Okulary BME280,"29.65,60.02,30.52,81.63,31.03,93.10,28.53,50.48",29.65,60.02,30.52,81.63,31.03,93.10,28.53,50.48,true,0
session_20260624_181854_P001,1078,117576,2026-06-24T18:20:52.755192,Okulary BME280,"29.65,59.93,30.53,81.49,31.01,93.06,28.53,50.47",29.65,59.93,30.53,81.49,31.01,93.06,28.53,50.47,true,0
session_20260624_181854_P001,1079,117723,2026-06-24T18:20:52.901762,Okulary BME280,"29.65,59.81,30.54,81.43,31.00,93.06,28.53,50.44",29.65,59.81,30.54,81.43,31.00,93.06,28.53,50.44,true,0
session_20260624_181854_P001,1080,117820,2026-06-24T18:20:52.999216,Okulary BME280,"29.64,59.65,30.56,81.50,30.99,93.35,28.53,50.43",29.64,59.65,30.56,81.50,30.99,93.35,28.53,50.43,true,0
session_20260624_181854_P001,1081,117965,2026-06-24T18:20:53.144307,Okulary BME280,"29.63,59.51,30.60,81.67,31.01,93.47,28.52,50.43",29.63,59.51,30.60,81.67,31.01,93.47,28.52,50.43,true,0
session_20260624_181854_P001,1082,118022,2026-06-24T18:20:53.200927,Okulary BME280,"29.63,59.40,30.65,81.88,31.04,93.77,28.53,50.50",29.63,59.40,30.65,81.88,31.04,93.77,28.53,50.50,true,0
session_20260624_181854_P001,1083,118169,2026-06-24T18:20:53.348324,Okulary BME280,"29.63,59.30,30.70,82.16,31.11,94.12,28.53,50.55",29.63,59.30,30.70,82.16,31.11,94.12,28.53,50.55,true,0
session_20260624_181854_P001,1084,118271,2026-06-24T18:20:53.449638,Okulary BME280,"29.64,59.14,30.89,82.88,31.23,94.33,28.54,50.55",29.64,59.14,30.89,82.88,31.23,94.33,28.54,50.55,true,0
session_20260624_181854_P001,1085,118365,2026-06-24T18:20:53.544522,Okulary BME280,"29.63,59.01,30.99,83.24,31.36,94.59,28.54,50.55",29.63,59.01,30.99,83.24,31.36,94.59,28.54,50.55,true,0
session_20260624_181854_P001,1086,118471,2026-06-24T18:20:53.650378,Okulary BME280,"29.62,58.57,31.10,83.59,31.51,94.74,28.54,50.55",29.62,58.57,31.10,83.59,31.51,94.74,28.54,50.55,true,0
session_20260624_181854_P001,1087,118573,2026-06-24T18:20:53.752477,Okulary BME280,"29.62,58.38,31.20,83.92,31.64,94.83,28.55,50.54",29.62,58.38,31.20,83.92,31.64,94.83,28.55,50.54,true,0
session_20260624_181854_P001,1088,118702,2026-06-24T18:20:53.881290,Okulary BME280,"29.62,58.22,31.29,84.22,31.77,94.89,28.54,50.54",29.62,58.22,31.29,84.22,31.77,94.89,28.54,50.54,true,0
session_20260624_181854_P001,1089,118796,2026-06-24T18:20:53.975559,Okulary BME280,"29.62,58.06,31.35,84.49,31.97,95.01,28.54,50.54",29.62,58.06,31.35,84.49,31.97,95.01,28.54,50.54,true,0
session_20260624_181854_P001,1090,118941,2026-06-24T18:20:54.119724,Okulary BME280,"29.62,57.90,31.41,84.76,32.05,95.05,28.54,50.54",29.62,57.90,31.41,84.76,32.05,95.05,28.54,50.54,true,0
session_20260624_181854_P001,1091,119039,2026-06-24T18:20:54.218534,Okulary BME280,"29.62,57.71,31.47,84.99,32.11,95.07,28.55,50.52",29.62,57.71,31.47,84.99,32.11,95.07,28.55,50.52,true,0
session_20260624_181854_P001,1092,119138,2026-06-24T18:20:54.317245,Okulary BME280,"29.61,57.54,31.52,85.27,32.18,95.09,28.55,50.53",29.61,57.54,31.52,85.27,32.18,95.09,28.55,50.53,true,0
session_20260624_181854_P001,1093,119255,2026-06-24T18:20:54.434211,Okulary BME280,"29.60,57.40,31.60,85.63,32.23,95.10,28.54,50.56",29.60,57.40,31.60,85.63,32.23,95.10,28.54,50.56,true,0
session_20260624_181854_P001,1094,119344,2026-06-24T18:20:54.522900,Okulary BME280,"29.60,57.45,31.63,85.80,32.27,95.13,28.55,50.56",29.60,57.45,31.63,85.80,32.27,95.13,28.55,50.56,true,0
session_20260624_181854_P001,1095,119462,2026-06-24T18:20:54.641250,Okulary BME280,"29.61,57.43,31.65,85.95,32.31,95.14,28.55,50.55",29.61,57.43,31.65,85.95,32.31,95.14,28.55,50.55,true,0
session_20260624_181854_P001,1096,119553,2026-06-24T18:20:54.732443,Okulary BME280,"29.61,57.33,31.67,86.11,32.35,95.11,28.55,50.53",29.61,57.33,31.67,86.11,32.35,95.11,28.55,50.53,true,0
session_20260624_181854_P001,1097,119655,2026-06-24T18:20:54.834316,Okulary BME280,"29.60,57.30,31.69,86.23,32.39,95.12,28.55,50.49",29.60,57.30,31.69,86.23,32.39,95.12,28.55,50.49,true,0
session_20260624_181854_P001,1098,119777,2026-06-24T18:20:54.955717,Okulary BME280,"29.60,57.32,31.70,86.33,32.44,95.02,28.54,50.44",29.60,57.32,31.70,86.33,32.44,95.02,28.54,50.44,true,0
session_20260624_181854_P001,1099,119872,2026-06-24T18:20:55.050609,Okulary BME280,"29.61,57.33,31.70,86.32,32.42,94.93,28.54,50.42",29.61,57.33,31.70,86.32,32.42,94.93,28.54,50.42,true,0
session_20260624_181854_P001,1100,120023,2026-06-24T18:20:55.201746,Okulary BME280,"29.61,57.28,31.66,86.32,32.39,94.73,28.54,50.33",29.61,57.28,31.66,86.32,32.39,94.73,28.54,50.33,true,0
session_20260624_181854_P001,1101,120123,2026-06-24T18:20:55.301637,Okulary BME280,"29.61,57.13,31.60,86.26,32.31,94.49,28.53,50.31",29.61,57.13,31.60,86.26,32.31,94.49,28.53,50.31,true,0
session_20260624_181854_P001,1102,120246,2026-06-24T18:20:55.425197,Okulary BME280,"29.61,57.14,31.48,86.16,32.20,94.21,28.53,50.27",29.61,57.14,31.48,86.16,32.20,94.21,28.53,50.27,true,0
session_20260624_181854_P001,1103,120335,2026-06-24T18:20:55.514077,Okulary BME280,"29.60,56.88,31.41,86.07,32.08,93.92,28.53,50.24",29.60,56.88,31.41,86.07,32.08,93.92,28.53,50.24,true,0
session_20260624_181854_P001,1104,120427,2026-06-24T18:20:55.605886,Okulary BME280,"29.60,56.80,31.32,85.91,31.94,93.71,28.52,50.20",29.60,56.80,31.32,85.91,31.94,93.71,28.52,50.20,true,0
session_20260624_181854_P001,1105,120572,2026-06-24T18:20:55.751202,Okulary BME280,"29.60,56.72,31.22,85.70,31.82,93.48,28.52,50.19",29.60,56.72,31.22,85.70,31.82,93.48,28.52,50.19,true,0
session_20260624_181854_P001,1106,120630,2026-06-24T18:20:55.809225,Okulary BME280,"29.59,56.69,31.10,85.44,31.56,93.06,28.52,50.17",29.59,56.69,31.10,85.44,31.56,93.06,28.52,50.17,true,0
session_20260624_181854_P001,1107,120787,2026-06-24T18:20:55.965715,Okulary BME280,"29.60,56.70,30.97,85.14,31.45,92.94,28.52,50.14",29.60,56.70,30.97,85.14,31.45,92.94,28.52,50.14,true,0
session_20260624_181854_P001,1108,120858,2026-06-24T18:20:56.036747,Okulary BME280,"29.60,56.77,30.86,84.88,31.35,92.92,28.52,50.13",29.60,56.77,30.86,84.88,31.35,92.92,28.52,50.13,true,0
session_20260624_181854_P001,1109,120992,2026-06-24T18:20:56.171398,Okulary BME280,"29.61,56.97,30.76,84.61,31.28,92.94,28.52,50.07",29.61,56.97,30.76,84.61,31.28,92.94,28.52,50.07,true,0
session_20260624_181854_P001,1110,121081,2026-06-24T18:20:56.260342,Okulary BME280,"29.62,57.21,30.69,84.33,31.21,92.99,28.52,50.04",29.62,57.21,30.69,84.33,31.21,92.99,28.52,50.04,true,0
session_20260624_181854_P001,1111,121175,2026-06-24T18:20:56.354284,Okulary BME280,"29.63,57.54,30.59,83.83,31.16,93.07,28.52,50.00",29.63,57.54,30.59,83.83,31.16,93.07,28.52,50.00,true,0
session_20260624_181854_P001,1112,121317,2026-06-24T18:20:56.495775,Okulary BME280,"29.64,58.04,30.57,83.59,31.13,93.13,28.51,49.97",29.64,58.04,30.57,83.59,31.13,93.13,28.51,49.97,true,0
session_20260624_181854_P001,1113,121403,2026-06-24T18:20:56.581804,Okulary BME280,"29.65,58.16,30.54,83.38,31.11,93.15,28.51,49.93",29.65,58.16,30.54,83.38,31.11,93.15,28.51,49.93,true,0
session_20260624_181854_P001,1114,121537,2026-06-24T18:20:56.716205,Okulary BME280,"29.65,58.21,30.54,83.19,31.11,93.18,28.51,49.91",29.65,58.21,30.54,83.19,31.11,93.18,28.51,49.91,true,0
session_20260624_181854_P001,1115,121630,2026-06-24T18:20:56.808609,Okulary BME280,"29.65,58.20,30.54,83.01,31.10,93.22,28.51,49.89",29.65,58.20,30.54,83.01,31.10,93.22,28.51,49.89,true,0
session_20260624_181854_P001,1116,121758,2026-06-24T18:20:56.937090,Okulary BME280,"29.64,58.13,30.55,82.86,31.10,93.21,28.51,49.86",29.64,58.13,30.55,82.86,31.10,93.21,28.51,49.86,true,0
session_20260624_181854_P001,1117,121847,2026-06-24T18:20:57.026156,Okulary BME280,"29.64,58.08,30.57,82.70,31.10,93.19,28.50,49.84",29.64,58.08,30.57,82.70,31.10,93.19,28.50,49.84,true,0
session_20260624_181854_P001,1118,121963,2026-06-24T18:20:57.141936,Okulary BME280,"29.63,58.02,30.58,82.55,31.10,93.16,28.50,49.86",29.63,58.02,30.58,82.55,31.10,93.16,28.50,49.86,true,0
session_20260624_181854_P001,1119,122071,2026-06-24T18:20:57.249899,Okulary BME280,"29.63,57.93,30.59,82.38,31.10,93.30,28.50,49.85",29.63,57.93,30.59,82.38,31.10,93.30,28.50,49.85,true,0
session_20260624_181854_P001,1120,122161,2026-06-24T18:20:57.340482,Okulary BME280,"29.63,57.81,30.66,82.74,31.12,93.77,28.50,49.83",29.63,57.81,30.66,82.74,31.12,93.77,28.50,49.83,true,0
session_20260624_181854_P001,1121,122298,2026-06-24T18:20:57.477448,Okulary BME280,"29.62,57.79,30.76,83.08,31.19,94.23,28.51,49.79",29.62,57.79,30.76,83.08,31.19,94.23,28.51,49.79,true,0
session_20260624_181854_P001,1122,122410,2026-06-24T18:20:57.589140,Okulary BME280,"29.63,57.75,30.90,83.43,31.31,94.47,28.51,49.77",29.63,57.75,30.90,83.43,31.31,94.47,28.51,49.77,true,0
session_20260624_181854_P001,1123,122479,2026-06-24T18:20:57.657980,Okulary BME280,"29.63,57.73,31.01,83.77,31.48,94.64,28.50,49.76",29.63,57.73,31.01,83.77,31.48,94.64,28.50,49.76,true,0
session_20260624_181854_P001,1124,122656,2026-06-24T18:20:57.834948,Okulary BME280,"29.63,57.68,31.14,84.10,31.76,94.81,28.50,49.76",29.63,57.68,31.14,84.10,31.76,94.81,28.50,49.76,true,0
session_20260624_181854_P001,1125,122721,2026-06-24T18:20:57.899624,Okulary BME280,"29.63,57.63,31.24,84.40,31.86,94.85,28.50,49.77",29.63,57.63,31.24,84.40,31.86,94.85,28.50,49.77,true,0
session_20260624_181854_P001,1126,122853,2026-06-24T18:20:58.031865,Okulary BME280,"29.63,57.62,31.32,84.71,31.96,94.91,28.50,49.77",29.63,57.62,31.32,84.71,31.96,94.91,28.50,49.77,true,0
session_20260624_181854_P001,1127,122951,2026-06-24T18:20:58.129850,Okulary BME280,"29.64,57.67,31.39,84.95,32.04,94.95,28.50,49.92",29.64,57.67,31.39,84.95,32.04,94.95,28.50,49.92,true,0
session_20260624_181854_P001,1128,123091,2026-06-24T18:20:58.269624,Okulary BME280,"29.64,57.85,31.45,85.20,32.10,94.97,28.50,49.98",29.64,57.85,31.45,85.20,32.10,94.97,28.50,49.98,true,0
session_20260624_181854_P001,1129,123151,2026-06-24T18:20:58.330320,Okulary BME280,"29.65,58.25,31.55,85.61,32.16,94.98,28.51,50.00",29.65,58.25,31.55,85.61,32.16,94.98,28.51,50.00,true,0
session_20260624_181854_P001,1130,123256,2026-06-24T18:20:58.435266,Okulary BME280,"29.66,58.48,31.58,85.78,32.20,94.98,28.51,50.01",29.66,58.48,31.58,85.78,32.20,94.98,28.51,50.01,true,0
session_20260624_181854_P001,1131,123398,2026-06-24T18:20:58.577293,Okulary BME280,"29.67,58.70,31.60,85.91,32.24,94.95,28.51,50.00",29.67,58.70,31.60,85.91,32.24,94.95,28.51,50.00,true,0
session_20260624_181854_P001,1132,123503,2026-06-24T18:20:58.682404,Okulary BME280,"29.67,58.97,31.61,85.94,32.25,94.90,28.51,49.99",29.67,58.97,31.61,85.94,32.25,94.90,28.51,49.99,true,0
session_20260624_181854_P001,1133,123618,2026-06-24T18:20:58.797533,Okulary BME280,"29.67,58.97,31.57,85.78,32.18,94.37,28.51,49.97",29.67,58.97,31.57,85.78,32.18,94.37,28.51,49.97,true,0
session_20260624_181854_P001,1134,123704,2026-06-24T18:20:58.883365,Okulary BME280,"29.67,58.69,31.46,85.46,32.04,93.71,28.50,49.97",29.67,58.69,31.46,85.46,32.04,93.71,28.50,49.97,true,0
session_20260624_181854_P001,1135,123827,2026-06-24T18:20:59.005572,Okulary BME280,"29.65,58.26,31.31,85.14,31.84,93.18,28.50,49.90",29.65,58.26,31.31,85.14,31.84,93.18,28.50,49.90,true,0
session_20260624_181854_P001,1136,123918,2026-06-24T18:20:59.096811,Okulary BME280,"29.63,57.90,31.12,84.83,31.63,92.94,28.49,49.86",29.63,57.90,31.12,84.83,31.63,92.94,28.49,49.86,true,0
session_20260624_181854_P001,1137,124008,2026-06-24T18:20:59.187142,Okulary BME280,"29.59,57.15,30.94,84.33,31.46,92.92,28.48,49.83",29.59,57.15,30.94,84.33,31.46,92.92,28.48,49.83,true,0
session_20260624_181854_P001,1138,124142,2026-06-24T18:20:59.321349,Okulary BME280,"29.58,56.83,30.71,84.10,31.32,92.95,28.47,49.81",29.58,56.83,30.71,84.10,31.32,92.95,28.47,49.81,true,0
session_20260624_181854_P001,1139,124237,2026-06-24T18:20:59.415660,Okulary BME280,"29.56,56.61,30.64,83.87,31.24,93.00,28.47,49.80",29.56,56.61,30.64,83.87,31.24,93.00,28.47,49.80,true,0
session_20260624_181854_P001,1140,124395,2026-06-24T18:20:59.574268,Okulary BME280,"29.56,56.60,30.60,83.64,31.18,93.06,28.46,49.79",29.56,56.60,30.60,83.64,31.18,93.06,28.46,49.79,true,0
session_20260624_181854_P001,1141,124456,2026-06-24T18:20:59.634907,Okulary BME280,"29.56,56.68,30.58,83.40,31.12,93.13,28.47,49.79",29.56,56.68,30.58,83.40,31.12,93.13,28.47,49.79,true,0
session_20260624_181854_P001,1142,124555,2026-06-24T18:20:59.734259,Okulary BME280,"29.57,56.79,30.56,83.16,31.11,93.13,28.46,49.79",29.57,56.79,30.56,83.16,31.11,93.13,28.46,49.79,true,0
session_20260624_181854_P001,1143,124709,2026-06-24T18:20:59.888186,Okulary BME280,"29.58,56.89,30.54,82.94,31.10,93.14,28.47,49.78",29.58,56.89,30.54,82.94,31.10,93.14,28.47,49.78,true,0
session_20260624_181854_P001,1144,124800,2026-06-24T18:20:59.979299,Okulary BME280,"29.59,56.91,30.54,82.74,31.09,93.17,28.47,49.79",29.59,56.91,30.54,82.74,31.09,93.17,28.47,49.79,true,0
session_20260624_181854_P001,1145,124919,2026-06-24T18:21:00.097694,Okulary BME280,"29.59,57.02,30.54,82.61,31.10,93.29,28.47,49.83",29.59,57.02,30.54,82.61,31.10,93.29,28.47,49.83,true,0
session_20260624_181854_P001,1146,125022,2026-06-24T18:21:00.201314,Okulary BME280,"29.61,57.11,30.60,82.87,31.11,93.64,28.47,49.85",29.61,57.11,30.60,82.87,31.11,93.64,28.47,49.85,true,0
session_20260624_181854_P001,1147,125162,2026-06-24T18:21:00.340695,Okulary BME280,"29.61,57.08,30.71,83.21,31.16,93.91,28.48,49.86",29.61,57.08,30.71,83.21,31.16,93.91,28.48,49.86,true,0
session_20260624_181854_P001,1148,125257,2026-06-24T18:21:00.435657,Okulary BME280,"29.61,57.00,30.85,83.58,31.25,94.23,28.48,49.86",29.61,57.00,30.85,83.58,31.25,94.23,28.48,49.86,true,0
session_20260624_181854_P001,1149,125312,2026-06-24T18:21:00.490802,Okulary BME280,"29.60,56.91,30.98,83.93,31.37,94.49,28.49,49.87",29.60,56.91,30.98,83.93,31.37,94.49,28.49,49.87,true,0
session_20260624_181854_P001,1150,125475,2026-06-24T18:21:00.654069,Okulary BME280,"29.61,56.86,31.13,84.30,31.65,94.76,28.48,49.88",29.61,56.86,31.13,84.30,31.65,94.76,28.48,49.88,true,0
session_20260624_181854_P001,1151,125562,2026-06-24T18:21:00.740715,Okulary BME280,"29.60,56.85,31.26,84.64,31.78,94.85,28.49,49.89",29.60,56.85,31.26,84.64,31.78,94.85,28.49,49.89,true,0
session_20260624_181854_P001,1152,125671,2026-06-24T18:21:00.849892,Okulary BME280,"29.60,56.97,31.37,84.96,31.90,94.87,28.49,49.91",29.60,56.97,31.37,84.96,31.90,94.87,28.49,49.91,true,0
session_20260624_181854_P001,1153,125771,2026-06-24T18:21:00.950199,Okulary BME280,"29.61,56.82,31.46,85.27,31.99,94.92,28.49,49.90",29.61,56.82,31.46,85.27,31.99,94.92,28.49,49.90,true,0
session_20260624_181854_P001,1154,125896,2026-06-24T18:21:01.074855,Okulary BME280,"29.60,56.65,31.55,85.52,32.08,94.96,28.50,49.91",29.60,56.65,31.55,85.52,32.08,94.96,28.50,49.91,true,0
session_20260624_181854_P001,1155,125988,2026-06-24T18:21:01.167465,Okulary BME280,"29.61,56.58,31.67,85.96,32.15,94.98,28.50,49.91",29.61,56.58,31.67,85.96,32.15,94.98,28.50,49.91,true,0
session_20260624_181854_P001,1156,126077,2026-06-24T18:21:01.256429,Okulary BME280,"29.60,56.50,31.72,86.14,32.20,94.98,28.50,49.91",29.60,56.50,31.72,86.14,32.20,94.98,28.50,49.91,true,0
session_20260624_181854_P001,1157,126220,2026-06-24T18:21:01.398666,Okulary BME280,"29.60,56.43,31.76,86.32,32.25,94.98,28.50,49.92",29.60,56.43,31.76,86.32,32.25,94.98,28.50,49.92,true,0
session_20260624_181854_P001,1158,126312,2026-06-24T18:21:01.490989,Okulary BME280,"29.60,56.34,31.79,86.44,32.29,94.98,28.50,49.93",29.60,56.34,31.79,86.44,32.29,94.98,28.50,49.93,true,0
session_20260624_181854_P001,1159,126459,2026-06-24T18:21:01.637942,Okulary BME280,"29.59,56.24,31.79,86.37,32.28,94.52,28.50,49.93",29.59,56.24,31.79,86.37,32.28,94.52,28.50,49.93,true,0
session_20260624_181854_P001,1160,126532,2026-06-24T18:21:01.711446,Okulary BME280,"29.60,56.13,31.73,86.07,32.17,94.12,28.51,49.92",29.60,56.13,31.73,86.07,32.17,94.12,28.51,49.92,true,0
session_20260624_181854_P001,1161,126662,2026-06-24T18:21:01.841034,Okulary BME280,"29.59,56.06,31.61,85.77,32.02,93.68,28.51,49.92",29.59,56.06,31.61,85.77,32.02,93.68,28.51,49.92,true,0
session_20260624_181854_P001,1162,126755,2026-06-24T18:21:01.934513,Okulary BME280,"29.59,55.97,31.43,85.51,31.85,93.41,28.51,49.92",29.59,55.97,31.43,85.51,31.85,93.41,28.51,49.92,true,0
session_20260624_181854_P001,1163,126862,2026-06-24T18:21:02.040719,Okulary BME280,"29.59,55.85,31.27,85.22,31.70,93.20,28.51,49.90",29.59,55.85,31.27,85.22,31.70,93.20,28.51,49.90,true,0
session_20260624_181854_P001,1164,126977,2026-06-24T18:21:02.155665,Okulary BME280,"29.58,55.81,30.96,84.71,31.55,93.11,28.51,49.88",29.58,55.81,30.96,84.71,31.55,93.11,28.51,49.88,true,0
session_20260624_181854_P001,1165,127072,2026-06-24T18:21:02.250889,Okulary BME280,"29.59,55.78,30.85,84.47,31.42,93.12,28.51,49.86",29.59,55.78,30.85,84.47,31.42,93.12,28.51,49.86,true,0
session_20260624_181854_P001,1166,127201,2026-06-24T18:21:02.380293,Okulary BME280,"29.59,55.75,30.75,84.21,31.33,93.17,28.51,49.84",29.59,55.75,30.75,84.21,31.33,93.17,28.51,49.84,true,0
session_20260624_181854_P001,1167,127294,2026-06-24T18:21:02.473355,Okulary BME280,"29.59,55.70,30.69,83.97,31.27,93.15,28.51,49.82",29.59,55.70,30.69,83.97,31.27,93.15,28.51,49.82,true,0
session_20260624_181854_P001,1168,127395,2026-06-24T18:21:02.574363,Okulary BME280,"29.59,55.65,30.65,83.75,31.19,93.16,28.51,49.81",29.59,55.65,30.65,83.75,31.19,93.16,28.51,49.81,true,0
session_20260624_181854_P001,1169,127530,2026-06-24T18:21:02.708895,Okulary BME280,"29.59,55.59,30.62,83.51,31.16,93.14,28.51,49.78",29.59,55.59,30.62,83.51,31.16,93.14,28.51,49.78,true,0
session_20260624_181854_P001,1170,127614,2026-06-24T18:21:02.792643,Okulary BME280,"29.59,55.66,30.60,83.27,31.13,93.11,28.51,49.76",29.59,55.66,30.60,83.27,31.13,93.11,28.51,49.76,true,0
session_20260624_181854_P001,1171,127773,2026-06-24T18:21:02.952544,Okulary BME280,"29.60,55.97,30.58,83.07,31.11,93.08,28.51,49.75",29.60,55.97,30.58,83.07,31.11,93.08,28.51,49.75,true,0
session_20260624_181854_P001,1172,127831,2026-06-24T18:21:03.010391,Okulary BME280,"29.61,56.00,30.57,82.95,31.09,93.40,28.51,49.70",29.61,56.00,30.57,82.95,31.09,93.40,28.51,49.70,true,0
session_20260624_181854_P001,1173,127985,2026-06-24T18:21:03.163705,Okulary BME280,"29.61,56.01,30.67,83.41,31.12,93.91,28.51,49.69",29.61,56.01,30.67,83.41,31.12,93.91,28.51,49.69,true,0
session_20260624_181854_P001,1174,128074,2026-06-24T18:21:03.252816,Okulary BME280,"29.61,55.99,30.80,83.76,31.21,94.27,28.50,49.69",29.61,55.99,30.80,83.76,31.21,94.27,28.50,49.69,true,0
session_20260624_181854_P001,1175,128166,2026-06-24T18:21:03.345206,Okulary BME280,"29.61,55.90,30.95,84.11,31.35,94.46,28.50,49.67",29.61,55.90,30.95,84.11,31.35,94.46,28.50,49.67,true,0
session_20260624_181854_P001,1176,128285,2026-06-24T18:21:03.464358,Okulary BME280,"29.61,55.79,31.11,84.47,31.51,94.70,28.50,49.66",29.61,55.79,31.11,84.47,31.51,94.70,28.50,49.66,true,0
session_20260624_181854_P001,1177,128379,2026-06-24T18:21:03.558512,Okulary BME280,"29.61,55.67,31.25,84.82,31.77,94.81,28.50,49.63",29.61,55.67,31.25,84.82,31.77,94.81,28.50,49.63,true,0
session_20260624_181854_P001,1178,128526,2026-06-24T18:21:03.705122,Okulary BME280,"29.60,55.55,31.37,85.12,31.89,94.88,28.50,49.64",29.60,55.55,31.37,85.12,31.89,94.88,28.50,49.64,true,0
session_20260624_181854_P001,1179,128604,2026-06-24T18:21:03.783157,Okulary BME280,"29.59,55.43,31.47,85.40,31.99,94.94,28.50,49.62",29.59,55.43,31.47,85.40,31.99,94.94,28.50,49.62,true,0
session_20260624_181854_P001,1180,128772,2026-06-24T18:21:03.951191,Okulary BME280,"29.59,55.33,31.56,85.65,32.07,94.98,28.50,49.61",29.59,55.33,31.56,85.65,32.07,94.98,28.50,49.61,true,0
session_20260624_181854_P001,1181,128823,2026-06-24T18:21:04.001751,Okulary BME280,"29.59,55.26,31.64,85.89,32.16,95.01,28.50,49.62",29.59,55.26,31.64,85.89,32.16,95.01,28.50,49.62,true,0
session_20260624_181854_P001,1182,128913,2026-06-24T18:21:04.092066,Okulary BME280,"29.58,55.17,31.75,86.31,32.22,95.01,28.50,49.61",29.58,55.17,31.75,86.31,32.22,95.01,28.50,49.61,true,0
session_20260624_181854_P001,1183,129060,2026-06-24T18:21:04.239546,Okulary BME280,"29.58,55.07,31.79,86.48,32.27,95.02,28.49,49.61",29.58,55.07,31.79,86.48,32.27,95.02,28.49,49.61,true,0
session_20260624_181854_P001,1184,129155,2026-06-24T18:21:04.334283,Okulary BME280,"29.58,55.00,31.82,86.60,32.31,94.99,28.50,49.61",29.58,55.00,31.82,86.60,32.31,94.99,28.50,49.61,true,0
session_20260624_181854_P001,1185,129271,2026-06-24T18:21:04.450404,Okulary BME280,"29.58,54.96,31.83,86.66,32.33,94.75,28.50,49.61",29.58,54.96,31.83,86.66,32.33,94.75,28.50,49.61,true,0
session_20260624_181854_P001,1186,129386,2026-06-24T18:21:04.564677,Okulary BME280,"29.58,54.95,31.80,86.49,32.27,94.40,28.50,49.61",29.58,54.95,31.80,86.49,32.27,94.40,28.50,49.61,true,0
session_20260624_181854_P001,1187,129472,2026-06-24T18:21:04.650912,Okulary BME280,"29.58,54.92,31.72,86.24,32.13,94.04,28.49,49.63",29.58,54.92,31.72,86.24,32.13,94.04,28.49,49.63,true,0
session_20260624_181854_P001,1188,129605,2026-06-24T18:21:04.784249,Okulary BME280,"29.58,54.92,31.60,85.97,31.99,93.65,28.50,49.61",29.58,54.92,31.60,85.97,31.99,93.65,28.50,49.61,true,0
session_20260624_181854_P001,1189,129705,2026-06-24T18:21:04.883656,Okulary BME280,"29.58,54.89,31.46,85.79,31.84,93.41,28.50,49.60",29.58,54.89,31.46,85.79,31.84,93.41,28.50,49.60,true,0
session_20260624_181854_P001,1190,129815,2026-06-24T18:21:04.993611,Okulary BME280,"29.58,54.84,31.33,85.49,31.71,93.25,28.50,49.63",29.58,54.84,31.33,85.49,31.71,93.25,28.50,49.63,true,0
session_20260624_181854_P001,1191,129913,2026-06-24T18:21:05.091688,Okulary BME280,"29.58,54.81,31.10,85.30,31.59,93.15,28.49,49.65",29.58,54.81,31.10,85.30,31.59,93.15,28.49,49.65,true,0
session_20260624_181854_P001,1192,130073,2026-06-24T18:21:05.252207,Okulary BME280,"29.58,54.80,31.02,85.09,31.49,93.11,28.50,49.67",29.58,54.80,31.02,85.09,31.49,93.11,28.50,49.67,true,0
session_20260624_181854_P001,1193,130137,2026-06-24T18:21:05.315628,Okulary BME280,"29.58,54.78,30.95,84.89,31.39,93.19,28.51,49.66",29.58,54.78,30.95,84.89,31.39,93.19,28.51,49.66,true,0
session_20260624_181854_P001,1194,130229,2026-06-24T18:21:05.408058,Okulary BME280,"29.58,54.75,30.90,84.67,31.29,93.18,28.50,49.66",29.58,54.75,30.90,84.67,31.29,93.18,28.50,49.66,true,0
session_20260624_181854_P001,1195,130383,2026-06-24T18:21:05.561752,Okulary BME280,"29.59,54.68,30.86,84.46,31.26,93.17,28.51,49.64",29.59,54.68,30.86,84.46,31.26,93.17,28.51,49.64,true,0
session_20260624_181854_P001,1196,130454,2026-06-24T18:21:05.633426,Okulary BME280,"29.59,54.65,30.82,84.22,31.23,93.13,28.51,49.67",29.59,54.65,30.82,84.22,31.23,93.13,28.51,49.67,true,0
session_20260624_181854_P001,1197,130598,2026-06-24T18:21:05.777288,Okulary BME280,"29.59,54.59,30.79,83.97,31.20,93.13,28.51,49.64",29.59,54.59,30.79,83.97,31.20,93.13,28.51,49.64,true,0
session_20260624_181854_P001,1198,130694,2026-06-24T18:21:05.873499,Okulary BME280,"29.59,54.56,30.77,83.93,31.17,93.51,28.51,49.61",29.59,54.56,30.77,83.93,31.17,93.51,28.51,49.61,true,0
session_20260624_181854_P001,1199,130810,2026-06-24T18:21:05.989150,Okulary BME280,"29.58,54.46,30.85,84.27,31.19,93.91,28.51,49.60",29.58,54.46,30.85,84.27,31.19,93.91,28.51,49.60,true,0
session_20260624_181854_P001,1200,130892,2026-06-24T18:21:06.070886,Okulary BME280,"29.59,54.36,30.95,84.53,31.29,94.28,28.50,49.59",29.59,54.36,30.95,84.53,31.29,94.28,28.50,49.59,true,0
session_20260624_181854_P001,1201,130986,2026-06-24T18:21:06.165170,Okulary BME280,"29.58,54.21,31.06,84.80,31.42,94.52,28.50,49.60",29.58,54.21,31.06,84.80,31.42,94.52,28.50,49.60,true,0
session_20260624_181854_P001,1202,131140,2026-06-24T18:21:06.319382,Okulary BME280,"29.58,54.10,31.17,85.06,31.57,94.61,28.50,49.63",29.58,54.10,31.17,85.06,31.57,94.61,28.50,49.63,true,0
session_20260624_181854_P001,1203,131208,2026-06-24T18:21:06.386598,Okulary BME280,"29.57,54.07,31.27,85.29,31.83,94.84,28.50,49.64",29.57,54.07,31.27,85.29,31.83,94.84,28.50,49.64,true,0
session_20260624_181854_P001,1204,131372,2026-06-24T18:21:06.551426,Okulary BME280,"29.57,53.99,31.35,85.52,31.94,94.89,28.50,49.63",29.57,53.99,31.35,85.52,31.94,94.89,28.50,49.63,true,0
session_20260624_181854_P001,1205,131432,2026-06-24T18:21:06.611152,Okulary BME280,"29.57,53.81,31.41,85.74,32.04,94.94,28.50,49.60",29.57,53.81,31.41,85.74,32.04,94.94,28.50,49.60,true,0
session_20260624_181854_P001,1206,131574,2026-06-24T18:21:06.752782,Okulary BME280,"29.56,53.77,31.49,85.89,32.12,94.96,28.50,49.64",29.56,53.77,31.49,85.89,32.12,94.96,28.50,49.64,true,0
session_20260624_181854_P001,1207,131687,2026-06-24T18:21:06.865957,Okulary BME280,"29.57,53.76,31.54,86.15,32.19,94.98,28.51,49.61",29.57,53.76,31.54,86.15,32.19,94.98,28.51,49.61,true,0
session_20260624_181854_P001,1208,131745,2026-06-24T18:21:06.924460,Okulary BME280,"29.56,53.74,31.63,86.45,32.24,94.96,28.50,49.60",29.56,53.74,31.63,86.45,32.24,94.96,28.50,49.60,true,0
session_20260624_181854_P001,1209,131904,2026-06-24T18:21:07.082772,Okulary BME280,"29.57,53.69,31.65,86.55,32.27,94.90,28.50,49.60",29.57,53.69,31.65,86.55,32.27,94.90,28.50,49.60,true,0
session_20260624_181854_P001,1210,132006,2026-06-24T18:21:07.184650,Okulary BME280,"29.57,53.66,31.66,86.58,32.28,94.76,28.50,49.59",29.57,53.66,31.66,86.58,32.28,94.76,28.50,49.59,true,0
session_20260624_181854_P001,1211,132106,2026-06-24T18:21:07.284605,Okulary BME280,"29.56,53.61,31.65,86.50,32.25,94.51,28.50,49.57",29.56,53.61,31.65,86.50,32.25,94.51,28.50,49.57,true,0
session_20260624_181854_P001,1212,132203,2026-06-24T18:21:07.382526,Okulary BME280,"29.56,53.53,31.59,86.34,32.03,93.72,28.50,49.57",29.56,53.53,31.59,86.34,32.03,93.72,28.50,49.57,true,0
session_20260624_181854_P001,1213,132292,2026-06-24T18:21:07.471216,Okulary BME280,"29.55,53.45,31.48,86.12,31.86,93.34,28.50,49.59",29.55,53.45,31.48,86.12,31.86,93.34,28.50,49.59,true,0
session_20260624_181854_P001,1214,132446,2026-06-24T18:21:07.624660,Okulary BME280,"29.55,53.51,31.35,85.88,31.69,93.16,28.50,49.61",29.55,53.51,31.35,85.88,31.69,93.16,28.50,49.61,true,0
session_20260624_181854_P001,1215,132512,2026-06-24T18:21:07.691277,Okulary BME280,"29.56,53.54,31.23,85.61,31.56,93.10,28.51,49.59",29.56,53.54,31.23,85.61,31.56,93.10,28.51,49.59,true,0
session_20260624_181854_P001,1216,132662,2026-06-24T18:21:07.841398,Okulary BME280,"29.56,53.57,31.11,85.40,31.45,93.09,28.50,49.56",29.56,53.57,31.11,85.40,31.45,93.09,28.50,49.56,true,0
session_20260624_181854_P001,1217,132759,2026-06-24T18:21:07.938205,Okulary BME280,"29.57,53.58,30.98,84.98,31.36,93.13,28.50,49.55",29.57,53.58,30.98,84.98,31.36,93.13,28.50,49.55,true,0
session_20260624_181854_P001,1218,132905,2026-06-24T18:21:08.083680,Okulary BME280,"29.57,53.55,30.94,84.75,31.31,93.14,28.50,49.54",29.57,53.55,30.94,84.75,31.31,93.14,28.50,49.54,true,0
session_20260624_181854_P001,1219,132960,2026-06-24T18:21:08.139412,Okulary BME280,"29.57,53.54,30.91,84.50,31.27,93.12,28.50,49.54",29.57,53.54,30.91,84.50,31.27,93.12,28.50,49.54,true,0
session_20260624_181854_P001,1220,133075,2026-06-24T18:21:08.253751,Okulary BME280,"29.57,53.52,30.89,84.29,31.20,93.20,28.50,49.52",29.57,53.52,30.89,84.29,31.20,93.20,28.50,49.52,true,0
session_20260624_181854_P001,1221,133187,2026-06-24T18:21:08.366450,Okulary BME280,"29.57,53.60,30.88,84.10,31.19,93.21,28.49,49.53",29.57,53.60,30.88,84.10,31.19,93.21,28.49,49.53,true,0
session_20260624_181854_P001,1222,133289,2026-06-24T18:21:08.468085,Okulary BME280,"29.57,53.53,30.87,83.92,31.18,93.20,28.50,49.52",29.57,53.53,30.87,83.92,31.18,93.20,28.50,49.52,true,0
session_20260624_181854_P001,1223,133421,2026-06-24T18:21:08.600169,Okulary BME280,"29.57,53.54,30.87,83.75,31.17,93.19,28.50,49.52",29.57,53.54,30.87,83.75,31.17,93.19,28.50,49.52,true,0
session_20260624_181854_P001,1224,133504,2026-06-24T18:21:08.683365,Okulary BME280,"29.57,53.59,30.88,83.64,31.17,93.18,28.50,49.52",29.57,53.59,30.88,83.64,31.17,93.18,28.50,49.52,true,0
session_20260624_181854_P001,1225,133666,2026-06-24T18:21:08.844685,Okulary BME280,"29.59,53.67,30.89,83.51,31.17,93.49,28.50,49.64",29.59,53.67,30.89,83.51,31.17,93.49,28.50,49.64,true,0
session_20260624_181854_P001,1226,133734,2026-06-24T18:21:08.912593,Okulary BME280,"29.59,53.74,30.97,83.90,31.20,93.88,28.51,49.68",29.59,53.74,30.97,83.90,31.20,93.88,28.51,49.68,true,0
session_20260624_181854_P001,1227,133826,2026-06-24T18:21:09.004742,Okulary BME280,"29.59,53.78,31.05,84.15,31.29,94.22,28.51,49.71",29.59,53.78,31.05,84.15,31.29,94.22,28.51,49.71,true,0
session_20260624_181854_P001,1228,133952,2026-06-24T18:21:09.130799,Okulary BME280,"29.59,53.78,31.13,84.39,31.41,94.43,28.51,49.73",29.59,53.78,31.13,84.39,31.41,94.43,28.51,49.73,true,0
session_20260624_181854_P001,1229,134061,2026-06-24T18:21:09.240315,Okulary BME280,"29.59,53.75,31.21,84.64,31.67,94.64,28.51,49.75",29.59,53.75,31.21,84.64,31.67,94.64,28.51,49.75,true,0
session_20260624_181854_P001,1230,134193,2026-06-24T18:21:09.372385,Okulary BME280,"29.59,53.69,31.28,84.89,31.78,94.71,28.51,49.76",29.59,53.69,31.28,84.89,31.78,94.71,28.51,49.76,true,0
session_20260624_181854_P001,1231,134297,2026-06-24T18:21:09.476483,Okulary BME280,"29.59,53.66,31.35,85.13,31.88,94.76,28.51,49.77",29.59,53.66,31.35,85.13,31.88,94.76,28.51,49.77,true,0
session_20260624_181854_P001,1232,134369,2026-06-24T18:21:09.547750,Okulary BME280,"29.58,53.61,31.41,85.35,31.96,94.80,28.52,49.80",29.58,53.61,31.41,85.35,31.96,94.80,28.52,49.80,true,0
session_20260624_181854_P001,1233,134523,2026-06-24T18:21:09.701699,Okulary BME280,"29.58,53.57,31.46,85.51,32.03,94.83,28.52,49.81",29.58,53.57,31.46,85.51,32.03,94.83,28.52,49.81,true,0
session_20260624_181854_P001,1234,134615,2026-06-24T18:21:09.793958,Okulary BME280,"29.59,53.57,31.51,85.73,32.08,94.84,28.52,49.81",29.59,53.57,31.51,85.73,32.08,94.84,28.52,49.81,true,0
session_20260624_181854_P001,1235,134716,2026-06-24T18:21:09.894979,Okulary BME280,"29.58,53.62,31.57,86.06,32.13,94.86,28.52,49.81",29.58,53.62,31.57,86.06,32.13,94.86,28.52,49.81,true,0
session_20260624_181854_P001,1236,134808,2026-06-24T18:21:09.986799,Okulary BME280,"29.59,53.73,31.59,86.20,32.16,94.88,28.52,49.81",29.59,53.73,31.59,86.20,32.16,94.88,28.52,49.81,true,0
session_20260624_181854_P001,1237,134956,2026-06-24T18:21:10.135546,Okulary BME280,"29.60,53.90,31.61,86.31,32.19,94.87,28.52,49.81",29.60,53.90,31.61,86.31,32.19,94.87,28.52,49.81,true,0
session_20260624_181854_P001,1238,135072,2026-06-24T18:21:10.250891,Okulary BME280,"29.60,54.11,31.62,86.30,32.20,94.60,28.52,49.80",29.60,54.11,31.62,86.30,32.20,94.60,28.52,49.80,true,0
session_20260624_181854_P001,1239,135122,2026-06-24T18:21:10.300962,Okulary BME280,"29.60,54.48,31.58,86.09,32.14,94.26,28.51,49.77",29.60,54.48,31.58,86.09,32.14,94.26,28.51,49.77,true,0
session_20260624_181854_P001,1240,135268,2026-06-24T18:21:10.446632,Okulary BME280,"29.61,54.48,31.49,85.92,32.03,93.75,28.50,49.77",29.61,54.48,31.49,85.92,32.03,93.75,28.50,49.77,true,0
session_20260624_181854_P001,1241,135389,2026-06-24T18:21:10.567844,Okulary BME280,"29.60,54.33,31.37,85.74,31.88,93.39,28.50,49.75",29.60,54.33,31.37,85.74,31.88,93.39,28.50,49.75,true,0
session_20260624_181854_P001,1242,135503,2026-06-24T18:21:10.682114,Okulary BME280,"29.59,54.14,31.26,85.53,31.74,93.20,28.49,49.68",29.59,54.14,31.26,85.53,31.74,93.20,28.49,49.68,true,0
session_20260624_181854_P001,1243,135600,2026-06-24T18:21:10.778899,Okulary BME280,"29.58,53.95,31.16,85.32,31.61,93.12,28.47,49.71",29.58,53.95,31.16,85.32,31.61,93.12,28.47,49.71,true,0
session_20260624_181854_P001,1244,135709,2026-06-24T18:21:10.888481,Okulary BME280,"29.57,53.76,31.00,84.94,31.51,93.10,28.46,49.70",29.57,53.76,31.00,84.94,31.51,93.10,28.46,49.70,true,0
session_20260624_181854_P001,1245,135808,2026-06-24T18:21:10.986898,Okulary BME280,"29.56,53.60,30.96,84.75,31.42,93.11,28.46,49.70",29.56,53.60,30.96,84.75,31.42,93.11,28.46,49.70,true,0
session_20260624_181854_P001,1246,135908,2026-06-24T18:21:11.086912,Okulary BME280,"29.55,53.47,30.93,84.56,31.36,93.14,28.45,49.73",29.55,53.47,30.93,84.56,31.36,93.14,28.45,49.73,true,0
session_20260624_181854_P001,1247,136055,2026-06-24T18:21:11.233679,Okulary BME280,"29.55,53.33,30.91,84.36,31.30,93.14,28.45,49.74",29.55,53.33,30.91,84.36,31.30,93.14,28.45,49.74,true,0
session_20260624_181854_P001,1248,136121,2026-06-24T18:21:11.300200,Okulary BME280,"29.54,53.19,30.90,84.19,31.29,93.15,28.45,49.79",29.54,53.19,30.90,84.19,31.29,93.15,28.45,49.79,true,0
session_20260624_181854_P001,1249,136258,2026-06-24T18:21:11.436911,Okulary BME280,"29.55,53.22,30.90,83.97,31.28,93.14,28.46,49.80",29.55,53.22,30.90,83.97,31.28,93.14,28.46,49.80,true,0
session_20260624_181854_P001,1250,136353,2026-06-24T18:21:11.532423,Okulary BME280,"29.55,53.29,30.90,83.77,31.27,93.11,28.46,49.81",29.55,53.29,30.90,83.77,31.27,93.11,28.46,49.81,true,0
session_20260624_181854_P001,1251,136499,2026-06-24T18:21:11.678026,Okulary BME280,"29.56,53.36,30.90,83.57,31.25,93.10,28.47,49.85",29.56,53.36,30.90,83.57,31.25,93.10,28.47,49.85,true,0
session_20260624_181854_P001,1252,136577,2026-06-24T18:21:11.756411,Okulary BME280,"29.56,53.43,30.90,83.35,31.24,93.09,28.48,49.90",29.56,53.43,30.90,83.35,31.24,93.09,28.48,49.90,true,0
session_20260624_181854_P001,1253,136677,2026-06-24T18:21:11.856340,Okulary BME280,"29.57,53.48,30.92,83.52,31.23,93.46,28.48,49.92",29.57,53.48,30.92,83.52,31.23,93.46,28.48,49.92,true,0
session_20260624_181854_P001,1254,136786,2026-06-24T18:21:11.965524,Okulary BME280,"29.57,53.57,30.99,83.77,31.27,93.85,28.48,49.93",29.57,53.57,30.99,83.77,31.27,93.85,28.48,49.93,true,0
session_20260624_181854_P001,1255,136880,2026-06-24T18:21:12.059044,Okulary BME280,"29.58,53.65,31.09,84.04,31.49,94.36,28.49,49.93",29.58,53.65,31.09,84.04,31.49,94.36,28.49,49.93,true,0
session_20260624_181854_P001,1256,137013,2026-06-24T18:21:12.191818,Okulary BME280,"29.59,53.90,31.18,84.32,31.62,94.49,28.48,49.94",29.59,53.90,31.18,84.32,31.62,94.49,28.48,49.94,true,0
session_20260624_181854_P001,1257,137106,2026-06-24T18:21:12.285021,Okulary BME280,"29.59,53.91,31.27,84.58,31.73,94.57,28.49,49.97",29.59,53.91,31.27,84.58,31.73,94.57,28.49,49.97,true,0
session_20260624_181854_P001,1258,137214,2026-06-24T18:21:12.393078,Okulary BME280,"29.59,53.88,31.34,84.83,31.83,94.66,28.49,49.98",29.59,53.88,31.34,84.83,31.83,94.66,28.49,49.98,true,0
session_20260624_181854_P001,1259,137345,2026-06-24T18:21:12.523940,Okulary BME280,"29.58,53.84,31.40,85.09,31.92,94.70,28.50,49.96",29.58,53.84,31.40,85.09,31.92,94.70,28.50,49.96,true,0
session_20260624_181854_P001,1260,137416,2026-06-24T18:21:12.594629,Okulary BME280,"29.58,53.83,31.45,85.27,32.00,94.76,28.50,49.97",29.58,53.83,31.45,85.27,32.00,94.76,28.50,49.97,true,0
session_20260624_181854_P001,1261,137578,2026-06-24T18:21:12.757524,Okulary BME280,"29.57,53.79,31.55,85.70,32.07,94.80,28.50,49.92",29.57,53.79,31.55,85.70,32.07,94.80,28.50,49.92,true,0
session_20260624_181854_P001,1262,137642,2026-06-24T18:21:12.821051,Okulary BME280,"29.57,53.79,31.57,85.87,32.13,94.82,28.50,49.91",29.57,53.79,31.57,85.87,32.13,94.82,28.50,49.91,true,0
session_20260624_181854_P001,1263,137806,2026-06-24T18:21:12.985147,Okulary BME280,"29.57,53.79,31.60,86.01,32.18,94.84,28.49,49.89",29.57,53.79,31.60,86.01,32.18,94.84,28.49,49.89,true,0
session_20260624_181854_P001,1264,137867,2026-06-24T18:21:13.045733,Okulary BME280,"29.57,53.80,31.62,86.16,32.26,94.82,28.49,49.85",29.57,53.80,31.62,86.16,32.26,94.82,28.49,49.85,true,0
session_20260624_181854_P001,1265,137989,2026-06-24T18:21:13.167641,Okulary BME280,"29.57,53.83,31.63,86.26,32.27,94.72,28.49,49.82",29.57,53.83,31.63,86.26,32.27,94.72,28.49,49.82,true,0
session_20260624_181854_P001,1266,138093,2026-06-24T18:21:13.272434,Okulary BME280,"29.58,53.89,31.62,86.15,32.24,94.38,28.48,49.78",29.58,53.89,31.62,86.15,32.24,94.38,28.48,49.78,true,0
session_20260624_181854_P001,1267,138195,2026-06-24T18:21:13.373569,Okulary BME280,"29.58,54.00,31.56,85.90,32.14,93.87,28.47,49.77",29.58,54.00,31.56,85.90,32.14,93.87,28.47,49.77,true,0
session_20260624_181854_P001,1268,138356,2026-06-24T18:21:13.535392,Okulary BME280,"29.58,54.16,31.44,85.64,31.98,93.53,28.47,49.77",29.58,54.16,31.44,85.64,31.98,93.53,28.47,49.77,true,0
session_20260624_181854_P001,1269,138406,2026-06-24T18:21:13.585089,Okulary BME280,"29.59,54.27,31.30,85.39,31.83,93.35,28.46,49.70",29.59,54.27,31.30,85.39,31.83,93.35,28.46,49.70,true,0
session_20260624_181854_P001,1270,138558,2026-06-24T18:21:13.737228,Okulary BME280,"29.59,54.35,31.09,85.02,31.70,93.21,28.45,49.66",29.59,54.35,31.09,85.02,31.70,93.21,28.45,49.66,true,0
session_20260624_181854_P001,1271,138632,2026-06-24T18:21:13.810577,Okulary BME280,"29.59,54.32,31.02,84.81,31.60,93.12,28.45,49.64",29.59,54.32,31.02,84.81,31.60,93.12,28.45,49.64,true,0
session_20260624_181854_P001,1272,138723,2026-06-24T18:21:13.902197,Okulary BME280,"29.59,54.41,30.97,84.60,31.52,93.03,28.44,49.65",29.59,54.41,30.97,84.60,31.52,93.03,28.44,49.65,true,0
session_20260624_181854_P001,1273,138884,2026-06-24T18:21:14.063011,Okulary BME280,"29.58,54.32,30.94,84.38,31.39,93.05,28.44,49.64",29.58,54.32,30.94,84.38,31.39,93.05,28.44,49.64,true,0
session_20260624_181854_P001,1274,138946,2026-06-24T18:21:14.124896,Okulary BME280,"29.58,54.27,30.92,84.18,31.34,93.04,28.44,49.63",29.58,54.27,30.92,84.18,31.34,93.04,28.44,49.63,true,0
session_20260624_181854_P001,1275,139088,2026-06-24T18:21:14.266818,Okulary BME280,"29.58,54.23,30.90,83.95,31.31,93.02,28.44,49.60",29.58,54.23,30.90,83.95,31.31,93.02,28.44,49.60,true,0
session_20260624_181854_P001,1276,139195,2026-06-24T18:21:14.373776,Okulary BME280,"29.57,54.23,30.89,83.76,31.29,93.03,28.44,49.58",29.57,54.23,30.89,83.76,31.29,93.03,28.44,49.58,true,0
session_20260624_181854_P001,1277,139300,2026-06-24T18:21:14.478840,Okulary BME280,"29.57,54.24,30.89,83.53,31.27,92.99,28.44,49.56",29.57,54.24,30.89,83.53,31.27,92.99,28.44,49.56,true,0
session_20260624_181854_P001,1278,139398,2026-06-24T18:21:14.577390,Okulary BME280,"29.57,54.23,30.88,83.32,31.25,93.00,28.44,49.59",29.57,54.23,30.88,83.32,31.25,93.00,28.44,49.59,true,0
session_20260624_181854_P001,1279,139507,2026-06-24T18:21:14.685893,Okulary BME280,"29.58,54.22,30.89,83.34,31.23,93.25,28.44,49.57",29.58,54.22,30.89,83.34,31.23,93.25,28.44,49.57,true,0
session_20260624_181854_P001,1280,139632,2026-06-24T18:21:14.810756,Okulary BME280,"29.58,54.13,30.95,83.58,31.25,93.63,28.44,49.56",29.58,54.13,30.95,83.58,31.25,93.63,28.44,49.56,true,0
session_20260624_181854_P001,1281,139723,2026-06-24T18:21:14.901675,Okulary BME280,"29.58,54.12,31.04,83.86,31.32,93.96,28.45,49.54",29.58,54.12,31.04,83.86,31.32,93.96,28.45,49.54,true,0
session_20260624_181854_P001,1282,139850,2026-06-24T18:21:15.028770,Okulary BME280,"29.57,53.90,31.14,84.14,31.56,94.44,28.44,49.53",29.57,53.90,31.14,84.14,31.56,94.44,28.44,49.53,true,0
session_20260624_181854_P001,1283,139962,2026-06-24T18:21:15.140843,Okulary BME280,"29.57,53.80,31.23,84.40,31.69,94.56,28.44,49.53",29.57,53.80,31.23,84.40,31.69,94.56,28.44,49.53,true,0
session_20260624_181854_P001,1284,140062,2026-06-24T18:21:15.240948,Okulary BME280,"29.56,53.69,31.31,84.67,31.82,94.64,28.45,49.54",29.56,53.69,31.31,84.67,31.82,94.64,28.45,49.54,true,0
session_20260624_181854_P001,1285,140210,2026-06-24T18:21:15.388775,Okulary BME280,"29.56,53.58,31.37,84.92,31.92,94.69,28.45,49.54",29.56,53.58,31.37,84.92,31.92,94.69,28.45,49.54,true,0
session_20260624_181854_P001,1286,140270,2026-06-24T18:21:15.448627,Okulary BME280,"29.56,53.48,31.43,85.17,32.01,94.75,28.45,49.54",29.56,53.48,31.43,85.17,32.01,94.75,28.45,49.54,true,0
session_20260624_181854_P001,1287,140410,2026-06-24T18:21:15.589279,Okulary BME280,"29.55,53.38,31.48,85.37,32.08,94.78,28.45,49.49",29.55,53.38,31.48,85.37,32.08,94.78,28.45,49.49,true,0
session_20260624_181854_P001,1288,140475,2026-06-24T18:21:15.654538,Okulary BME280,"29.54,53.29,31.55,85.70,32.14,94.78,28.45,49.50",29.54,53.29,31.55,85.70,32.14,94.78,28.45,49.50,true,0
session_20260624_181854_P001,1289,140610,2026-06-24T18:21:15.789267,Okulary BME280,"29.54,53.30,31.57,85.84,32.18,94.78,28.45,49.50",29.54,53.30,31.57,85.84,32.18,94.78,28.45,49.50,true,0
session_20260624_181854_P001,1290,140708,2026-06-24T18:21:15.887452,Okulary BME280,"29.55,53.28,31.58,85.95,32.21,94.63,28.44,49.49",29.55,53.28,31.58,85.95,32.21,94.63,28.44,49.49,true,0
session_20260624_181854_P001,1291,140803,2026-06-24T18:21:15.981960,Okulary BME280,"29.54,53.30,31.58,86.06,32.20,94.54,28.45,49.49",29.54,53.30,31.58,86.06,32.20,94.54,28.45,49.49,true,0
session_20260624_181854_P001,1292,140959,2026-06-24T18:21:16.137997,Okulary BME280,"29.55,53.40,31.57,86.10,32.17,94.35,28.44,49.46",29.55,53.40,31.57,86.10,32.17,94.35,28.44,49.46,true,0
session_20260624_181854_P001,1293,141028,2026-06-24T18:21:16.206894,Okulary BME280,"29.56,53.52,31.55,85.99,32.08,93.86,28.44,49.46",29.56,53.52,31.55,85.99,32.08,93.86,28.44,49.46,true,0
session_20260624_181854_P001,1294,141156,2026-06-24T18:21:16.335463,Okulary BME280,"29.56,53.60,31.46,85.77,31.94,93.36,28.43,49.50",29.56,53.60,31.46,85.77,31.94,93.36,28.43,49.50,true,0
session_20260624_181854_P001,1295,141246,2026-06-24T18:21:16.425276,Okulary BME280,"29.56,53.73,31.33,85.54,31.76,93.04,28.43,49.52",29.56,53.73,31.33,85.54,31.76,93.04,28.43,49.52,true,0
session_20260624_181854_P001,1296,141398,2026-06-24T18:21:16.576892,Okulary BME280,"29.57,53.83,31.19,85.25,31.60,92.90,28.43,49.59",29.57,53.83,31.19,85.25,31.60,92.90,28.43,49.59,true,0
session_20260624_181854_P001,1297,141503,2026-06-24T18:21:16.682469,Okulary BME280,"29.57,53.96,30.97,84.74,31.46,92.85,28.44,49.60",29.57,53.96,30.97,84.74,31.46,92.85,28.44,49.60,true,0
session_20260624_181854_P001,1298,141571,2026-06-24T18:21:16.749612,Okulary BME280,"29.57,53.91,30.91,84.51,31.36,92.86,28.44,49.63",29.57,53.91,30.91,84.51,31.36,92.86,28.44,49.63,true,0
session_20260624_181854_P001,1299,141730,2026-06-24T18:21:16.909036,Okulary BME280,"29.57,53.91,30.88,84.28,31.26,92.94,28.44,49.65",29.57,53.91,30.88,84.28,31.26,92.94,28.44,49.65,true,0
session_20260624_181854_P001,1300,141792,2026-06-24T18:21:16.971258,Okulary BME280,"29.58,53.90,30.86,84.15,31.24,93.13,28.45,49.67",29.58,53.90,30.86,84.15,31.24,93.13,28.45,49.67,true,0
session_20260624_181854_P001,1301,141943,2026-06-24T18:21:17.121724,Okulary BME280,"29.57,53.90,30.86,84.12,31.24,93.18,28.45,49.68",29.57,53.90,30.86,84.12,31.24,93.18,28.45,49.68,true,0
session_20260624_181854_P001,1302,142008,2026-06-24T18:21:17.187143,Okulary BME280,"29.58,53.92,30.88,84.13,31.25,93.24,28.46,49.70",29.58,53.92,30.88,84.13,31.25,93.24,28.46,49.70,true,0
session_20260624_181854_P001,1303,142107,2026-06-24T18:21:17.286070,Okulary BME280,"29.58,53.99,30.90,84.15,31.26,93.22,28.46,49.66",29.58,53.99,30.90,84.15,31.26,93.22,28.46,49.66,true,0
session_20260624_181854_P001,1304,142261,2026-06-24T18:21:17.439682,Okulary BME280,"29.58,54.06,30.92,84.13,31.26,93.15,28.46,49.70",29.58,54.06,30.92,84.13,31.26,93.15,28.46,49.70,true,0
session_20260624_181854_P001,1305,142323,2026-06-24T18:21:17.501588,Okulary BME280,"29.59,54.14,30.94,83.93,31.26,93.10,28.45,49.72",29.59,54.14,30.94,83.93,31.26,93.10,28.45,49.72,true,0
session_20260624_181854_P001,1306,142479,2026-06-24T18:21:17.657902,Okulary BME280,"29.59,54.15,30.94,83.72,31.26,93.04,28.45,49.75",29.59,54.15,30.94,83.72,31.26,93.04,28.45,49.75,true,0
session_20260624_181854_P001,1307,142566,2026-06-24T18:21:17.744591,Okulary BME280,"29.59,54.16,30.92,83.57,31.25,93.00,28.46,49.80",29.59,54.16,30.92,83.57,31.25,93.00,28.46,49.80,true,0
session_20260624_181854_P001,1308,142701,2026-06-24T18:21:17.880333,Okulary BME280,"29.59,54.12,30.91,83.59,31.23,93.32,28.46,49.84",29.59,54.12,30.91,83.59,31.23,93.32,28.46,49.84,true,0
session_20260624_181854_P001,1309,142813,2026-06-24T18:21:17.992020,Okulary BME280,"29.59,54.06,30.94,83.72,31.25,93.61,28.47,49.83",29.59,54.06,30.94,83.72,31.25,93.61,28.47,49.83,true,0
session_20260624_181854_P001,1310,142875,2026-06-24T18:21:18.054284,Okulary BME280,"29.58,54.00,30.98,83.94,31.31,93.85,28.47,49.81",29.58,54.00,30.98,83.94,31.31,93.85,28.47,49.81,true,0
session_20260624_181854_P001,1311,143014,2026-06-24T18:21:18.193442,Okulary BME280,"29.58,53.95,31.05,84.21,31.40,94.09,28.47,49.79",29.58,53.95,31.05,84.21,31.40,94.09,28.47,49.79,true,0
session_20260624_181854_P001,1312,143095,2026-06-24T18:21:18.274472,Okulary BME280,"29.59,53.89,31.14,84.49,31.52,94.23,28.46,49.73",29.59,53.89,31.14,84.49,31.52,94.23,28.46,49.73,true,0
session_20260624_181854_P001,1313,143222,2026-06-24T18:21:18.401384,Okulary BME280,"29.58,53.80,31.23,84.80,31.63,94.33,28.47,49.81",29.58,53.80,31.23,84.80,31.63,94.33,28.47,49.81,true,0
session_20260624_181854_P001,1314,143319,2026-06-24T18:21:18.498376,Okulary BME280,"29.58,53.69,31.39,85.30,31.74,94.41,28.46,49.73",29.58,53.69,31.39,85.30,31.74,94.41,28.46,49.73,true,0
session_20260624_181854_P001,1315,143471,2026-06-24T18:21:18.650125,Okulary BME280,"29.57,53.60,31.45,85.53,31.83,94.48,28.46,49.73",29.57,53.60,31.45,85.53,31.83,94.48,28.46,49.73,true,0
session_20260624_181854_P001,1316,143561,2026-06-24T18:21:18.740447,Okulary BME280,"29.57,53.52,31.52,85.74,31.90,94.47,28.46,49.73",29.57,53.52,31.52,85.74,31.90,94.47,28.46,49.73,true,0
session_20260624_181854_P001,1317,143657,2026-06-24T18:21:18.835832,Okulary BME280,"29.57,53.46,31.55,85.91,32.01,94.68,28.46,49.73",29.57,53.46,31.55,85.91,32.01,94.68,28.46,49.73,true,0
session_20260624_181854_P001,1318,143783,2026-06-24T18:21:18.962417,Okulary BME280,"29.56,53.42,31.59,86.08,32.06,94.71,28.46,49.74",29.56,53.42,31.59,86.08,32.06,94.71,28.46,49.74,true,0
session_20260624_181854_P001,1319,143853,2026-06-24T18:21:19.031752,Okulary BME280,"29.56,53.38,31.62,86.23,32.10,94.71,28.46,49.74",29.56,53.38,31.62,86.23,32.10,94.71,28.46,49.74,true,0
session_20260624_181854_P001,1320,144017,2026-06-24T18:21:19.195633,Okulary BME280,"29.56,53.36,31.63,86.36,32.13,94.70,28.47,49.75",29.56,53.36,31.63,86.36,32.13,94.70,28.47,49.75,true,0
session_20260624_181854_P001,1321,144109,2026-06-24T18:21:19.288168,Okulary BME280,"29.55,53.33,31.64,86.48,32.15,94.66,28.47,49.73",29.55,53.33,31.64,86.48,32.15,94.66,28.47,49.73,true,0
session_20260624_181854_P001,1322,144183,2026-06-24T18:21:19.361736,Okulary BME280,"29.55,53.37,31.64,86.53,32.15,94.44,28.47,49.77",29.55,53.37,31.64,86.53,32.15,94.44,28.47,49.77,true,0
session_20260624_181854_P001,1323,144319,2026-06-24T18:21:19.497767,Okulary BME280,"29.56,53.34,31.52,85.95,32.08,93.97,28.47,49.75",29.56,53.34,31.52,85.95,32.08,93.97,28.47,49.75,true,0
session_20260624_181854_P001,1324,144417,2026-06-24T18:21:19.595814,Okulary BME280,"29.56,53.53,31.38,85.68,31.94,93.60,28.47,49.73",29.56,53.53,31.38,85.68,31.94,93.60,28.47,49.73,true,0
session_20260624_181854_P001,1325,144533,2026-06-24T18:21:19.712273,Okulary BME280,"29.56,53.59,31.23,85.41,31.79,93.24,28.47,49.72",29.56,53.59,31.23,85.41,31.79,93.24,28.47,49.72,true,0
session_20260624_181854_P001,1326,144640,2026-06-24T18:21:19.818571,Okulary BME280,"29.56,53.60,31.09,85.15,31.53,93.13,28.47,49.71",29.56,53.60,31.09,85.15,31.53,93.13,28.47,49.71,true,0
session_20260624_181854_P001,1327,144753,2026-06-24T18:21:19.932347,Okulary BME280,"29.57,53.61,30.98,84.92,31.43,93.12,28.47,49.69",29.57,53.61,30.98,84.92,31.43,93.12,28.47,49.69,true,0
session_20260624_181854_P001,1328,144842,2026-06-24T18:21:20.021267,Okulary BME280,"29.56,53.59,30.89,84.67,31.36,93.11,28.47,49.67",29.56,53.59,30.89,84.67,31.36,93.11,28.47,49.67,true,0
session_20260624_181854_P001,1329,144931,2026-06-24T18:21:20.110319,Okulary BME280,"29.56,53.55,30.84,84.42,31.31,93.11,28.47,49.67",29.56,53.55,30.84,84.42,31.31,93.11,28.47,49.67,true,0
session_20260624_181854_P001,1330,145085,2026-06-24T18:21:20.263717,Okulary BME280,"29.56,53.53,30.80,84.21,31.27,93.10,28.47,49.70",29.56,53.53,30.80,84.21,31.27,93.10,28.47,49.70,true,0
session_20260624_181854_P001,1331,145157,2026-06-24T18:21:20.336548,Okulary BME280,"29.56,53.54,30.77,84.00,31.24,93.11,28.47,49.78",29.56,53.54,30.77,84.00,31.24,93.11,28.47,49.78,true,0
session_20260624_181854_P001,1332,145314,2026-06-24T18:21:20.493455,Okulary BME280,"29.56,53.45,30.75,83.58,31.22,93.09,28.48,49.77",29.56,53.45,30.75,83.58,31.22,93.09,28.48,49.77,true,0
session_20260624_181854_P001,1333,145391,2026-06-24T18:21:20.570070,Okulary BME280,"29.56,53.42,30.75,83.39,31.21,93.14,28.48,49.75",29.56,53.42,30.75,83.39,31.21,93.14,28.48,49.75,true,0
session_20260624_181854_P001,1334,145516,2026-06-24T18:21:20.694883,Okulary BME280,"29.56,53.37,30.75,83.19,31.19,93.00,28.48,49.72",29.56,53.37,30.75,83.19,31.19,93.00,28.48,49.72,true,0
session_20260624_181854_P001,1335,145635,2026-06-24T18:21:20.814206,Okulary BME280,"29.56,53.34,30.76,83.02,31.17,93.02,28.48,49.71",29.56,53.34,30.76,83.02,31.17,93.02,28.48,49.71,true,0
session_20260624_181854_P001,1336,145717,2026-06-24T18:21:20.895695,Okulary BME280,"29.56,53.33,30.77,83.05,31.17,93.38,28.48,49.71",29.56,53.33,30.77,83.05,31.17,93.38,28.48,49.71,true,0
session_20260624_181854_P001,1337,145832,2026-06-24T18:21:21.010749,Okulary BME280,"29.57,53.34,30.82,83.29,31.21,93.77,28.47,49.71",29.57,53.34,30.82,83.29,31.21,93.77,28.47,49.71,true,0
session_20260624_181854_P001,1338,145922,2026-06-24T18:21:21.100872,Okulary BME280,"29.57,53.37,30.91,83.60,31.31,94.04,28.47,49.70",29.57,53.37,30.91,83.60,31.31,94.04,28.47,49.70,true,0
session_20260624_181854_P001,1339,146067,2026-06-24T18:21:21.246450,Okulary BME280,"29.58,53.33,31.02,83.94,31.44,94.23,28.48,49.67",29.58,53.33,31.02,83.94,31.44,94.23,28.48,49.67,true,0
session_20260624_181854_P001,1340,146148,2026-06-24T18:21:21.327304,Okulary BME280,"29.58,53.41,31.14,84.25,31.59,94.37,28.48,49.70",29.58,53.41,31.14,84.25,31.59,94.37,28.48,49.70,true,0
session_20260624_181854_P001,1341,146264,2026-06-24T18:21:21.443179,Okulary BME280,"29.58,53.43,31.33,84.82,31.71,94.46,28.48,49.73",29.58,53.43,31.33,84.82,31.71,94.46,28.48,49.73,true,0
session_20260624_181854_P001,1342,146371,2026-06-24T18:21:21.550396,Okulary BME280,"29.58,53.51,31.41,85.08,31.83,94.50,28.48,49.77",29.58,53.51,31.41,85.08,31.83,94.50,28.48,49.77,true,0
session_20260624_181854_P001,1343,146476,2026-06-24T18:21:21.655429,Okulary BME280,"29.58,53.63,31.47,85.33,32.00,94.60,28.48,49.79",29.58,53.63,31.47,85.33,32.00,94.60,28.48,49.79,true,0
session_20260624_181854_P001,1344,146620,2026-06-24T18:21:21.799344,Okulary BME280,"29.58,53.80,31.53,85.53,32.06,94.61,28.48,49.81",29.58,53.80,31.53,85.53,32.06,94.61,28.48,49.81,true,0
session_20260624_181854_P001,1345,146723,2026-06-24T18:21:21.902207,Okulary BME280,"29.59,54.07,31.57,85.73,32.11,94.62,28.48,49.84",29.59,54.07,31.57,85.73,32.11,94.62,28.48,49.84,true,0
session_20260624_181854_P001,1346,146822,2026-06-24T18:21:22.000925,Okulary BME280,"29.59,54.36,31.60,85.89,32.14,94.60,28.49,49.85",29.59,54.36,31.60,85.89,32.14,94.60,28.49,49.85,true,0
session_20260624_181854_P001,1347,146936,2026-06-24T18:21:22.114646,Okulary BME280,"29.59,54.65,31.62,86.03,32.17,94.58,28.49,49.89",29.59,54.65,31.62,86.03,32.17,94.58,28.49,49.89,true,0
session_20260624_181854_P001,1348,147038,2026-06-24T18:21:22.216567,Okulary BME280,"29.60,54.85,31.63,86.15,32.17,94.48,28.49,49.90",29.60,54.85,31.63,86.15,32.17,94.48,28.49,49.90,true,0
session_20260624_181854_P001,1349,147139,2026-06-24T18:21:22.318475,Okulary BME280,"29.61,54.90,31.63,86.13,32.15,94.34,28.49,49.93",29.61,54.90,31.63,86.13,32.15,94.34,28.49,49.93,true,0
session_20260624_181854_P001,1350,147239,2026-06-24T18:21:22.417882,Okulary BME280,"29.60,55.12,31.51,85.81,32.09,94.14,28.50,50.03",29.60,55.12,31.51,85.81,32.09,94.14,28.50,50.03,true,0
session_20260624_181854_P001,1351,147363,2026-06-24T18:21:22.541780,Okulary BME280,"29.60,55.21,31.41,85.72,31.99,93.94,28.49,50.05",29.60,55.21,31.41,85.72,31.99,93.94,28.49,50.05,true,0
session_20260624_181854_P001,1352,147458,2026-06-24T18:21:22.637191,Okulary BME280,"29.59,55.28,31.31,85.62,31.78,93.54,28.50,50.08",29.59,55.28,31.31,85.62,31.78,93.54,28.50,50.08,true,0
session_20260624_181854_P001,1353,147607,2026-06-24T18:21:22.786319,Okulary BME280,"29.60,55.37,31.21,85.48,31.68,93.41,28.50,50.08",29.60,55.37,31.21,85.48,31.68,93.41,28.50,50.08,true,0
session_20260624_181854_P001,1354,147704,2026-06-24T18:21:22.883358,Okulary BME280,"29.60,55.44,31.11,85.30,31.60,93.28,28.50,50.08",29.60,55.44,31.11,85.30,31.60,93.28,28.50,50.08,true,0
session_20260624_181854_P001,1355,147769,2026-06-24T18:21:22.948314,Okulary BME280,"29.60,55.48,31.03,85.06,31.53,93.17,28.50,50.06",29.60,55.48,31.03,85.06,31.53,93.17,28.50,50.06,true,0
session_20260624_181854_P001,1356,147925,2026-06-24T18:21:23.104358,Okulary BME280,"29.60,55.43,30.96,84.82,31.47,93.10,28.49,50.06",29.60,55.43,30.96,84.82,31.47,93.10,28.49,50.06,true,0
session_20260624_181854_P001,1357,148020,2026-06-24T18:21:23.199021,Okulary BME280,"29.60,55.41,30.91,84.65,31.41,93.07,28.50,50.01",29.60,55.41,30.91,84.65,31.41,93.07,28.50,50.01,true,0
session_20260624_181854_P001,1358,148140,2026-06-24T18:21:23.318910,Okulary BME280,"29.59,55.18,30.87,84.11,31.36,93.02,28.49,50.09",29.59,55.18,30.87,84.11,31.36,93.02,28.49,50.09,true,0
session_20260624_181854_P001,1359,148235,2026-06-24T18:21:23.414106,Okulary BME280,"29.58,55.07,30.80,83.86,31.32,93.02,28.49,50.11",29.58,55.07,30.80,83.86,31.32,93.02,28.49,50.11,true,0
session_20260624_181854_P001,1360,148360,2026-06-24T18:21:23.539480,Okulary BME280,"29.58,54.95,30.78,83.62,31.28,92.97,28.49,50.12",29.58,54.95,30.78,83.62,31.28,92.97,28.49,50.12,true,0
session_20260624_181854_P001,1361,148462,2026-06-24T18:21:23.641121,Okulary BME280,"29.58,54.82,30.76,83.41,31.22,92.96,28.50,50.09",29.58,54.82,30.76,83.41,31.22,92.96,28.50,50.09,true,0
session_20260624_181854_P001,1362,148532,2026-06-24T18:21:23.711434,Okulary BME280,"29.58,54.73,30.76,83.24,31.20,92.96,28.50,50.08",29.58,54.73,30.76,83.24,31.20,92.96,28.50,50.08,true,0
session_20260624_181854_P001,1363,148686,2026-06-24T18:21:23.864734,Okulary BME280,"29.58,54.64,30.77,83.27,31.19,93.31,28.50,50.06",29.58,54.64,30.77,83.27,31.19,93.31,28.50,50.06,true,0
session_20260624_181854_P001,1364,148780,2026-06-24T18:21:23.959415,Okulary BME280,"29.58,54.57,30.81,83.47,31.22,93.71,28.50,50.04",29.58,54.57,30.81,83.47,31.22,93.71,28.50,50.04,true,0
session_20260624_181854_P001,1365,148923,2026-06-24T18:21:24.102136,Okulary BME280,"29.58,54.45,30.90,83.74,31.32,94.01,28.50,50.08",29.58,54.45,30.90,83.74,31.32,94.01,28.50,50.08,true,0
session_20260624_181854_P001,1366,148982,2026-06-24T18:21:24.160862,Okulary BME280,"29.58,54.38,31.00,84.04,31.46,94.22,28.51,50.10",29.58,54.38,31.00,84.04,31.46,94.22,28.51,50.10,true,0
session_20260624_181854_P001,1367,149070,2026-06-24T18:21:24.249432,Okulary BME280,"29.58,54.15,31.22,84.66,31.60,94.37,28.51,50.11",29.58,54.15,31.22,84.66,31.60,94.37,28.51,50.11,true,0
session_20260624_181854_P001,1368,149238,2026-06-24T18:21:24.416575,Okulary BME280,"29.58,54.06,31.31,84.93,31.73,94.45,28.52,50.13",29.58,54.06,31.31,84.93,31.73,94.45,28.52,50.13,true,0
session_20260624_181854_P001,1369,149297,2026-06-24T18:21:24.475710,Okulary BME280,"29.57,53.99,31.39,85.17,31.93,94.55,28.52,50.12",29.57,53.99,31.39,85.17,31.93,94.55,28.52,50.12,true,0
session_20260624_181854_P001,1370,149434,2026-06-24T18:21:24.612796,Okulary BME280,"29.58,53.90,31.45,85.40,32.01,94.58,28.52,50.11",29.58,53.90,31.45,85.40,32.01,94.58,28.52,50.11,true,0
session_20260624_181854_P001,1371,149521,2026-06-24T18:21:24.700198,Okulary BME280,"29.57,53.79,31.51,85.61,32.07,94.57,28.52,50.10",29.57,53.79,31.51,85.61,32.07,94.57,28.52,50.10,true,0
session_20260624_181854_P001,1372,149683,2026-06-24T18:21:24.862192,Okulary BME280,"29.57,53.70,31.55,85.79,32.11,94.58,28.52,50.06",29.57,53.70,31.55,85.79,32.11,94.58,28.52,50.06,true,0
session_20260624_181854_P001,1373,149751,2026-06-24T18:21:24.930351,Okulary BME280,"29.57,53.64,31.57,85.94,32.14,94.59,28.52,50.03",29.57,53.64,31.57,85.94,32.14,94.59,28.52,50.03,true,0
session_20260624_181854_P001,1374,149838,2026-06-24T18:21:25.016700,Okulary BME280,"29.56,53.53,31.59,86.05,32.17,94.59,28.52,49.99",29.56,53.53,31.59,86.05,32.17,94.59,28.52,49.99,true,0
session_20260624_181854_P001,1375,149990,2026-06-24T18:21:25.169498,Okulary BME280,"29.56,53.41,31.60,86.20,32.18,94.49,28.51,49.99",29.56,53.41,31.60,86.20,32.18,94.49,28.51,49.99,true,0
session_20260624_181854_P001,1376,150084,2026-06-24T18:21:25.263259,Okulary BME280,"29.56,53.45,31.58,86.21,32.16,94.24,28.51,49.96",29.56,53.45,31.58,86.21,32.16,94.24,28.51,49.96,true,0
session_20260624_181854_P001,1377,150212,2026-06-24T18:21:25.391172,Okulary BME280,"29.56,53.53,31.53,85.99,32.07,93.93,28.51,49.97",29.56,53.53,31.53,85.99,32.07,93.93,28.51,49.97,true,0
session_20260624_181854_P001,1378,150288,2026-06-24T18:21:25.466877,Okulary BME280,"29.57,53.59,31.41,85.71,31.82,93.28,28.51,49.96",29.57,53.59,31.41,85.71,31.82,93.28,28.51,49.96,true,0
session_20260624_181854_P001,1379,150423,2026-06-24T18:21:25.601687,Okulary BME280,"29.57,53.63,31.28,85.42,31.68,93.11,28.51,49.95",29.57,53.63,31.28,85.42,31.68,93.11,28.51,49.95,true,0
session_20260624_181854_P001,1380,150531,2026-06-24T18:21:25.709568,Okulary BME280,"29.57,53.64,31.13,85.16,31.57,93.04,28.51,49.92",29.57,53.64,31.13,85.16,31.57,93.04,28.51,49.92,true,0
session_20260624_181854_P001,1381,150616,2026-06-24T18:21:25.794800,Okulary BME280,"29.57,53.64,31.01,84.91,31.47,93.00,28.51,49.90",29.57,53.64,31.01,84.91,31.47,93.00,28.51,49.90,true,0
session_20260624_181854_P001,1382,150738,2026-06-24T18:21:25.916620,Okulary BME280,"29.57,53.59,30.92,84.65,31.37,92.95,28.51,49.88",29.57,53.59,30.92,84.65,31.37,92.95,28.51,49.88,true,0
session_20260624_181854_P001,1383,150829,2026-06-24T18:21:26.007719,Okulary BME280,"29.57,53.67,30.85,84.36,31.30,92.96,28.51,49.86",29.57,53.67,30.85,84.36,31.30,92.96,28.51,49.86,true,0
session_20260624_181854_P001,1384,150983,2026-06-24T18:21:26.162323,Okulary BME280,"29.58,53.74,30.81,84.18,31.25,92.99,28.51,49.84",29.58,53.74,30.81,84.18,31.25,92.99,28.51,49.84,true,0
session_20260624_181854_P001,1385,151084,2026-06-24T18:21:26.262989,Okulary BME280,"29.58,53.78,30.77,83.79,31.22,92.98,28.50,49.83",29.58,53.78,30.77,83.79,31.22,92.98,28.50,49.83,true,0
session_20260624_181854_P001,1386,151149,2026-06-24T18:21:26.328165,Okulary BME280,"29.58,53.75,30.77,83.60,31.20,93.01,28.51,49.79",29.58,53.75,30.77,83.60,31.20,93.01,28.51,49.79,true,0
session_20260624_181854_P001,1387,151279,2026-06-24T18:21:26.457993,Okulary BME280,"29.58,53.72,30.78,83.41,31.19,93.02,28.50,49.78",29.58,53.72,30.78,83.41,31.19,93.02,28.50,49.78,true,0
session_20260624_181854_P001,1388,151388,2026-06-24T18:21:26.567446,Okulary BME280,"29.58,53.69,30.78,83.22,31.19,93.00,28.51,49.78",29.58,53.69,30.78,83.22,31.19,93.00,28.51,49.78,true,0
session_20260624_181854_P001,1389,151517,2026-06-24T18:21:26.696108,Okulary BME280,"29.58,53.65,30.79,83.09,31.18,93.09,28.51,49.78",29.58,53.65,30.79,83.09,31.18,93.09,28.51,49.78,true,0
session_20260624_181854_P001,1390,151617,2026-06-24T18:21:26.795703,Okulary BME280,"29.58,53.63,30.81,83.20,31.19,93.47,28.51,49.77",29.58,53.63,30.81,83.20,31.19,93.47,28.51,49.77,true,0
session_20260624_181854_P001,1391,151740,2026-06-24T18:21:26.918563,Okulary BME280,"29.58,53.65,30.87,83.46,31.25,93.83,28.51,49.75",29.58,53.65,30.87,83.46,31.25,93.83,28.51,49.75,true,0
session_20260624_181854_P001,1392,151824,2026-06-24T18:21:27.002663,Okulary BME280,"29.58,53.52,30.96,83.77,31.36,94.08,28.51,49.71",29.58,53.52,30.96,83.77,31.36,94.08,28.51,49.71,true,0
session_20260624_181854_P001,1393,151933,2026-06-24T18:21:27.112500,Okulary BME280,"29.58,53.47,31.06,84.00,31.50,94.24,28.51,49.70",29.58,53.47,31.06,84.00,31.50,94.24,28.51,49.70,true,0
session_20260624_181854_P001,1394,152051,2026-06-24T18:21:27.229641,Okulary BME280,"29.58,53.41,31.25,84.62,31.63,94.39,28.50,49.71",29.58,53.41,31.25,84.62,31.63,94.39,28.50,49.71,true,0
session_20260624_181854_P001,1395,152152,2026-06-24T18:21:27.331026,Okulary BME280,"29.58,53.33,31.33,84.89,31.76,94.47,28.50,49.70",29.58,53.33,31.33,84.89,31.76,94.47,28.50,49.70,true,0
session_20260624_181854_P001,1396,152267,2026-06-24T18:21:27.445648,Okulary BME280,"29.58,53.27,31.39,85.14,31.95,94.50,28.50,49.70",29.58,53.27,31.39,85.14,31.95,94.50,28.50,49.70,true,0
session_20260624_181854_P001,1397,152362,2026-06-24T18:21:27.540702,Okulary BME280,"29.58,53.20,31.45,85.36,32.01,94.54,28.50,49.70",29.58,53.20,31.45,85.36,32.01,94.54,28.50,49.70,true,0
session_20260624_181854_P001,1398,152537,2026-06-24T18:21:27.715886,Okulary BME280,"29.57,53.13,31.50,85.57,32.07,94.55,28.51,49.70",29.57,53.13,31.50,85.57,32.07,94.55,28.51,49.70,true,0
session_20260624_181854_P001,1399,152611,2026-06-24T18:21:27.790411,Okulary BME280,"29.57,53.11,31.54,85.74,32.11,94.55,28.51,49.71",29.57,53.11,31.54,85.74,32.11,94.55,28.51,49.71,true,0
session_20260624_181854_P001,1400,152672,2026-06-24T18:21:27.850759,Okulary BME280,"29.57,53.06,31.57,85.90,32.14,94.53,28.51,49.73",29.57,53.06,31.57,85.90,32.14,94.53,28.51,49.73,true,0
session_20260624_181854_P001,1401,152828,2026-06-24T18:21:28.007324,Okulary BME280,"29.57,52.99,31.58,86.02,32.15,94.47,28.51,49.73",29.57,52.99,31.58,86.02,32.15,94.47,28.51,49.73,true,0
session_20260624_181854_P001,1402,152896,2026-06-24T18:21:28.075170,Okulary BME280,"29.57,52.99,31.59,86.14,32.15,94.38,28.51,49.71",29.57,52.99,31.59,86.14,32.15,94.38,28.51,49.71,true,0
session_20260624_181854_P001,1403,153033,2026-06-24T18:21:28.211855,Okulary BME280,"29.57,53.00,31.54,85.87,32.12,94.14,28.51,49.71",29.57,53.00,31.54,85.87,32.12,94.14,28.51,49.71,true,0
session_20260624_181854_P001,1404,153150,2026-06-24T18:21:28.329256,Okulary BME280,"29.57,53.04,31.43,85.57,31.85,93.34,28.52,49.70",29.57,53.04,31.43,85.57,31.85,93.34,28.52,49.70,true,0
session_20260624_181854_P001,1405,153285,2026-06-24T18:21:28.464466,Okulary BME280,"29.57,53.08,31.29,85.27,31.69,93.14,28.51,49.70",29.57,53.08,31.29,85.27,31.69,93.14,28.51,49.70,true,0
session_20260624_181854_P001,1406,153359,2026-06-24T18:21:28.537601,Okulary BME280,"29.57,53.16,31.16,84.99,31.56,93.02,28.52,49.70",29.57,53.16,31.16,84.99,31.56,93.02,28.52,49.70,true,0
session_20260624_181854_P001,1407,153461,2026-06-24T18:21:28.640304,Okulary BME280,"29.58,53.26,31.03,84.72,31.45,92.99,28.52,49.69",29.58,53.26,31.03,84.72,31.45,92.99,28.52,49.69,true,0
session_20260624_181854_P001,1408,153604,2026-06-24T18:21:28.782811,Okulary BME280,"29.58,53.37,30.94,84.48,31.36,92.98,28.51,49.68",29.58,53.37,30.94,84.48,31.36,92.98,28.51,49.68,true,0
session_20260624_181854_P001,1409,153673,2026-06-24T18:21:28.852316,Okulary BME280,"29.58,53.46,30.88,84.26,31.31,92.98,28.52,49.68",29.58,53.46,30.88,84.26,31.31,92.98,28.52,49.68,true,0
session_20260624_181854_P001,1410,153821,2026-06-24T18:21:29.000139,Okulary BME280,"29.59,53.50,30.84,84.04,31.26,92.99,28.52,49.75",29.59,53.50,30.84,84.04,31.26,92.99,28.52,49.75,true,0
session_20260624_181854_P001,1411,153910,2026-06-24T18:21:29.089474,Okulary BME280,"29.59,53.54,30.81,83.86,31.23,93.01,28.52,49.75",29.59,53.54,30.81,83.86,31.23,93.01,28.52,49.75,true,0
session_20260624_181854_P001,1412,153976,2026-06-24T18:21:29.154872,Okulary BME280,"29.59,53.56,30.78,83.45,31.20,92.98,28.53,49.82",29.59,53.56,30.78,83.45,31.20,92.98,28.53,49.82,true,0
session_20260624_181854_P001,1413,154117,2026-06-24T18:21:29.295716,Okulary BME280,"29.59,53.52,30.78,83.24,31.18,92.97,28.53,49.82",29.59,53.52,30.78,83.24,31.18,92.97,28.53,49.82,true,0
session_20260624_181854_P001,1414,154218,2026-06-24T18:21:29.397528,Okulary BME280,"29.59,53.45,30.78,83.03,31.17,92.92,28.54,49.82",29.59,53.45,30.78,83.03,31.17,92.92,28.54,49.82,true,0
session_20260624_181854_P001,1415,154345,2026-06-24T18:21:29.523855,Okulary BME280,"29.59,53.37,30.78,82.82,31.15,92.87,28.54,49.81",29.59,53.37,30.78,82.82,31.15,92.87,28.54,49.81,true,0
session_20260624_181854_P001,1416,154456,2026-06-24T18:21:29.634833,Okulary BME280,"29.59,53.35,30.78,82.70,31.14,93.00,28.53,49.80",29.59,53.35,30.78,82.70,31.14,93.00,28.53,49.80,true,0
session_20260624_181854_P001,1417,154563,2026-06-24T18:21:29.741593,Okulary BME280,"29.59,53.21,30.80,82.86,31.15,93.43,28.53,49.75",29.59,53.21,30.80,82.86,31.15,93.43,28.53,49.75,true,0
session_20260624_181854_P001,1418,154652,2026-06-24T18:21:29.830851,Okulary BME280,"29.59,53.19,30.86,83.14,31.22,93.77,28.53,49.73",29.59,53.19,30.86,83.14,31.22,93.77,28.53,49.73,true,0
session_20260624_181854_P001,1419,154742,2026-06-24T18:21:29.921545,Okulary BME280,"29.58,53.12,30.96,83.49,31.33,94.00,28.52,49.65",29.58,53.12,30.96,83.49,31.33,94.00,28.52,49.65,true,0
session_20260624_181854_P001,1420,154886,2026-06-24T18:21:30.065273,Okulary BME280,"29.59,53.03,31.07,84.10,31.47,94.18,28.52,49.69",29.59,53.03,31.07,84.10,31.47,94.18,28.52,49.69,true,0
session_20260624_181854_P001,1421,154987,2026-06-24T18:21:30.165578,Okulary BME280,"29.58,52.94,31.26,84.38,31.61,94.28,28.51,49.70",29.58,52.94,31.26,84.38,31.61,94.28,28.51,49.70,true,0
session_20260624_181854_P001,1422,155101,2026-06-24T18:21:30.279901,Okulary BME280,"29.58,52.88,31.34,84.67,31.84,94.47,28.51,49.73",29.58,52.88,31.34,84.67,31.84,94.47,28.51,49.73,true,0
session_20260624_181854_P001,1423,155212,2026-06-24T18:21:30.390792,Okulary BME280,"29.58,52.82,31.41,84.93,31.94,94.51,28.52,49.75",29.58,52.82,31.41,84.93,31.94,94.51,28.52,49.75,true,0
session_20260624_181854_P001,1424,155345,2026-06-24T18:21:30.524459,Okulary BME280,"29.57,52.76,31.45,85.15,32.01,94.55,28.52,49.74",29.57,52.76,31.45,85.15,32.01,94.55,28.52,49.74,true,0
session_20260624_181854_P001,1425,155435,2026-06-24T18:21:30.613850,Okulary BME280,"29.57,52.68,31.51,85.38,32.08,94.58,28.53,49.71",29.57,52.68,31.51,85.38,32.08,94.58,28.53,49.71,true,0
session_20260624_181854_P001,1426,155543,2026-06-24T18:21:30.721610,Okulary BME280,"29.56,52.59,31.55,85.58,32.13,94.60,28.53,49.69",29.56,52.59,31.55,85.58,32.13,94.60,28.53,49.69,true,0
session_20260624_181854_P001,1427,155643,2026-06-24T18:21:30.822027,Okulary BME280,"29.56,52.54,31.58,85.76,32.18,94.59,28.52,49.68",29.56,52.54,31.58,85.76,32.18,94.59,28.52,49.68,true,0
session_20260624_181854_P001,1428,155764,2026-06-24T18:21:30.943112,Okulary BME280,"29.56,52.54,31.60,85.87,32.21,94.53,28.52,49.66",29.56,52.54,31.60,85.87,32.21,94.53,28.52,49.66,true,0
session_20260624_181854_P001,1429,155866,2026-06-24T18:21:31.045530,Okulary BME280,"29.56,52.63,31.61,86.10,32.21,94.46,28.52,49.66",29.56,52.63,31.61,86.10,32.21,94.46,28.52,49.66,true,0
session_20260624_181854_P001,1430,155965,2026-06-24T18:21:31.144441,Okulary BME280,"29.56,52.75,31.59,86.09,32.20,94.32,28.51,49.60",29.56,52.75,31.59,86.09,32.20,94.32,28.51,49.60,true,0
session_20260624_181854_P001,1431,156068,2026-06-24T18:21:31.246612,Okulary BME280,"29.57,52.96,31.54,86.00,32.05,93.79,28.51,49.61",29.57,52.96,31.54,86.00,32.05,93.79,28.51,49.61,true,0
session_20260624_181854_P001,1432,156182,2026-06-24T18:21:31.360916,Okulary BME280,"29.58,53.20,31.45,85.81,31.92,93.50,28.51,49.66",29.58,53.20,31.45,85.81,31.92,93.50,28.51,49.66,true,0
session_20260624_181854_P001,1433,156295,2026-06-24T18:21:31.473897,Okulary BME280,"29.59,53.41,31.33,85.56,31.79,93.24,28.51,49.69",29.59,53.41,31.33,85.56,31.79,93.24,28.51,49.69,true,0
session_20260624_181854_P001,1434,156433,2026-06-24T18:21:31.611788,Okulary BME280,"29.59,53.50,31.20,85.29,31.66,93.06,28.52,49.70",29.59,53.50,31.20,85.29,31.66,93.06,28.52,49.70,true,0
session_20260624_181854_P001,1435,156508,2026-06-24T18:21:31.687116,Okulary BME280,"29.60,53.78,31.06,85.01,31.56,92.94,28.51,49.71",29.60,53.78,31.06,85.01,31.56,92.94,28.51,49.71,true,0
session_20260624_181854_P001,1436,156659,2026-06-24T18:21:31.838039,Okulary BME280,"29.60,53.84,30.96,84.70,31.47,92.88,28.52,49.73",29.60,53.84,30.96,84.70,31.47,92.88,28.52,49.73,true,0
session_20260624_181854_P001,1437,156732,2026-06-24T18:21:31.910708,Okulary BME280,"29.60,53.98,30.87,84.48,31.39,92.86,28.52,49.71",29.60,53.98,30.87,84.48,31.39,92.86,28.52,49.71,true,0
session_20260624_181854_P001,1438,156826,2026-06-24T18:21:32.005183,Okulary BME280,"29.59,54.15,30.77,83.93,31.33,92.83,28.51,49.74",29.59,54.15,30.77,83.93,31.33,92.83,28.51,49.74,true,0
session_20260624_181854_P001,1439,156948,2026-06-24T18:21:32.126680,Okulary BME280,"29.60,54.33,30.73,83.66,31.26,92.84,28.51,49.70",29.60,54.33,30.73,83.66,31.26,92.84,28.51,49.70,true,0
session_20260624_181854_P001,1440,157040,2026-06-24T18:21:32.218657,Okulary BME280,"29.61,54.54,30.71,83.42,31.23,92.87,28.51,49.69",29.61,54.54,30.71,83.42,31.23,92.87,28.51,49.69,true,0
session_20260624_181854_P001,1441,157173,2026-06-24T18:21:32.351932,Okulary BME280,"29.61,54.68,30.70,83.21,31.21,92.87,28.51,49.69",29.61,54.68,30.70,83.21,31.21,92.87,28.51,49.69,true,0
session_20260624_181854_P001,1442,157261,2026-06-24T18:21:32.439902,Okulary BME280,"29.62,54.76,30.69,83.00,31.20,92.88,28.52,49.69",29.62,54.76,30.69,83.00,31.20,92.88,28.52,49.69,true,0
session_20260624_181854_P001,1443,157428,2026-06-24T18:21:32.606632,Okulary BME280,"29.61,54.64,30.70,82.83,31.19,92.88,28.51,49.68",29.61,54.64,30.70,82.83,31.19,92.88,28.51,49.68,true,0
session_20260624_181854_P001,1444,157487,2026-06-24T18:21:32.666448,Okulary BME280,"29.61,54.54,30.70,82.67,31.18,92.89,28.52,49.68",29.61,54.54,30.70,82.67,31.18,92.89,28.52,49.68,true,0
session_20260624_181854_P001,1445,157587,2026-06-24T18:21:32.765703,Okulary BME280,"29.60,54.45,30.71,82.47,31.18,92.88,28.51,49.70",29.60,54.45,30.71,82.47,31.18,92.88,28.51,49.70,true,0
session_20260624_181854_P001,1446,157738,2026-06-24T18:21:32.917067,Okulary BME280,"29.60,54.36,30.72,82.33,31.17,92.90,28.52,49.67",29.60,54.36,30.72,82.33,31.17,92.90,28.52,49.67,true,0
session_20260624_181854_P001,1447,157823,2026-06-24T18:21:33.002133,Okulary BME280,"29.60,54.32,30.79,82.71,31.17,93.34,28.51,49.71",29.60,54.32,30.79,82.71,31.17,93.34,28.51,49.71,true,0
session_20260624_181854_P001,1448,157945,2026-06-24T18:21:33.124333,Okulary BME280,"29.60,54.26,30.88,83.02,31.32,93.89,28.53,49.69",29.60,54.26,30.88,83.02,31.32,93.89,28.53,49.69,true,0
session_20260624_181854_P001,1449,158041,2026-06-24T18:21:33.220081,Okulary BME280,"29.60,54.17,30.99,83.37,31.45,94.07,28.53,49.69",29.60,54.17,30.99,83.37,31.45,94.07,28.53,49.69,true,0
session_20260624_181854_P001,1450,158162,2026-06-24T18:21:33.340760,Okulary BME280,"29.60,54.15,31.10,83.69,31.58,94.19,28.53,49.68",29.60,54.15,31.10,83.69,31.58,94.19,28.53,49.68,true,0
session_20260624_181854_P001,1451,158252,2026-06-24T18:21:33.431412,Okulary BME280,"29.60,53.95,31.19,83.99,31.70,94.28,28.53,49.67",29.60,53.95,31.19,83.99,31.70,94.28,28.53,49.67,true,0
session_20260624_181854_P001,1452,158353,2026-06-24T18:21:33.532524,Okulary BME280,"29.60,53.77,31.27,84.28,31.80,94.34,28.53,49.66",29.60,53.77,31.27,84.28,31.80,94.34,28.53,49.66,true,0
session_20260624_181854_P001,1453,158480,2026-06-24T18:21:33.658712,Okulary BME280,"29.59,53.68,31.34,84.55,31.89,94.39,28.53,49.66",29.59,53.68,31.34,84.55,31.89,94.39,28.53,49.66,true,0
session_20260624_181854_P001,1454,158566,2026-06-24T18:21:33.744827,Okulary BME280,"29.59,53.58,31.41,84.81,31.96,94.43,28.53,49.65",29.59,53.58,31.41,84.81,31.96,94.43,28.53,49.65,true,0
session_20260624_181854_P001,1455,158736,2026-06-24T18:21:33.915214,Okulary BME280,"29.58,53.48,31.46,85.04,32.01,94.42,28.53,49.62",29.58,53.48,31.46,85.04,32.01,94.42,28.53,49.62,true,0
session_20260624_181854_P001,1456,158794,2026-06-24T18:21:33.972972,Okulary BME280,"29.58,53.37,31.54,85.45,32.06,94.48,28.53,49.59",29.58,53.37,31.54,85.45,32.06,94.48,28.53,49.59,true,0
session_20260624_181854_P001,1457,158885,2026-06-24T18:21:34.063798,Okulary BME280,"29.58,53.36,31.57,85.63,32.13,94.48,28.53,49.66",29.58,53.36,31.57,85.63,32.13,94.48,28.53,49.66,true,0
session_20260624_181854_P001,1458,159035,2026-06-24T18:21:34.214468,Okulary BME280,"29.58,53.46,31.58,85.79,32.16,94.45,28.53,49.68",29.58,53.46,31.58,85.79,32.16,94.45,28.53,49.68,true,0
session_20260624_181854_P001,1459,159125,2026-06-24T18:21:34.304101,Okulary BME280,"29.58,53.56,31.60,85.92,32.16,94.39,28.54,49.68",29.58,53.56,31.60,85.92,32.16,94.39,28.54,49.68,true,0
session_20260624_181854_P001,1460,159276,2026-06-24T18:21:34.454807,Okulary BME280,"29.59,54.16,31.60,85.98,32.15,94.26,28.53,49.68",29.59,54.16,31.60,85.98,32.15,94.26,28.53,49.68,true,0
session_20260624_181854_P001,1461,159348,2026-06-24T18:21:34.527280,Okulary BME280,"29.61,54.46,31.57,85.94,32.09,94.06,28.53,49.67",29.61,54.46,31.57,85.94,32.09,94.06,28.53,49.67,true,0
session_20260624_181854_P001,1462,159466,2026-06-24T18:21:34.644785,Okulary BME280,"29.62,54.64,31.51,85.77,32.01,93.77,28.53,49.68",29.62,54.64,31.51,85.77,32.01,93.77,28.53,49.68,true,0
session_20260624_181854_P001,1463,159574,2026-06-24T18:21:34.753207,Okulary BME280,"29.62,54.85,31.38,85.49,31.89,93.40,28.53,49.68",29.62,54.85,31.38,85.49,31.89,93.40,28.53,49.68,true,0
session_20260624_181854_P001,1464,159663,2026-06-24T18:21:34.841676,Okulary BME280,"29.62,55.26,31.23,85.19,31.76,93.08,28.53,49.72",29.62,55.26,31.23,85.19,31.76,93.08,28.53,49.72,true,0
session_20260624_181854_P001,1465,159783,2026-06-24T18:21:34.962224,Okulary BME280,"29.64,55.68,30.94,84.67,31.61,92.89,28.53,49.67",29.64,55.68,30.94,84.67,31.61,92.89,28.53,49.67,true,0
session_20260624_181854_P001,1466,159886,2026-06-24T18:21:35.064566,Okulary BME280,"29.64,56.09,30.83,84.37,31.36,92.79,28.53,49.68",29.64,56.09,30.83,84.37,31.36,92.79,28.53,49.68,true,0
session_20260624_181854_P001,1467,160039,2026-06-24T18:21:35.217653,Okulary BME280,"29.65,56.46,30.75,84.09,31.28,92.82,28.53,49.68",29.65,56.46,30.75,84.09,31.28,92.82,28.53,49.68,true,0
session_20260624_181854_P001,1468,160096,2026-06-24T18:21:35.275325,Okulary BME280,"29.65,56.83,30.69,83.82,31.22,92.85,28.53,49.67",29.65,56.83,30.69,83.82,31.22,92.85,28.53,49.67,true,0
session_20260624_181854_P001,1469,160241,2026-06-24T18:21:35.419657,Okulary BME280,"29.67,57.21,30.65,83.55,31.18,92.85,28.54,49.67",29.67,57.21,30.65,83.55,31.18,92.85,28.54,49.67,true,0
session_20260624_181854_P001,1470,160334,2026-06-24T18:21:35.512888,Okulary BME280,"29.66,57.24,30.63,83.30,31.14,92.82,28.53,49.66",29.66,57.24,30.63,83.30,31.14,92.82,28.53,49.66,true,0
session_20260624_181854_P001,1471,160412,2026-06-24T18:21:35.590586,Okulary BME280,"29.66,57.22,30.62,83.07,31.11,92.81,28.54,49.65",29.66,57.22,30.62,83.07,31.11,92.81,28.54,49.65,true,0
session_20260624_181854_P001,1472,160577,2026-06-24T18:21:35.755976,Okulary BME280,"29.65,57.15,30.61,82.83,31.09,92.80,28.54,49.62",29.65,57.15,30.61,82.83,31.09,92.80,28.54,49.62,true,0
session_20260624_181854_P001,1473,160681,2026-06-24T18:21:35.859666,Okulary BME280,"29.64,57.01,30.61,82.44,31.07,92.77,28.54,49.60",29.64,57.01,30.61,82.44,31.07,92.77,28.54,49.60,true,0
session_20260624_181854_P001,1474,160775,2026-06-24T18:21:35.953653,Okulary BME280,"29.63,56.83,30.63,82.26,31.06,92.78,28.54,49.53",29.63,56.83,30.63,82.26,31.06,92.78,28.54,49.53,true,0
session_20260624_181854_P001,1475,160900,2026-06-24T18:21:36.078923,Okulary BME280,"29.63,56.67,30.63,82.12,31.05,92.79,28.53,49.50",29.63,56.67,30.63,82.12,31.05,92.79,28.53,49.50,true,0
session_20260624_181854_P001,1476,160953,2026-06-24T18:21:36.132206,Okulary BME280,"29.62,56.55,30.65,82.24,31.05,93.14,28.52,49.48",29.62,56.55,30.65,82.24,31.05,93.14,28.52,49.48,true,0
session_20260624_181854_P001,1477,161097,2026-06-24T18:21:36.276306,Okulary BME280,"29.62,56.26,30.70,82.51,31.10,93.54,28.52,49.46",29.62,56.26,30.70,82.51,31.10,93.54,28.52,49.46,true,0
session_20260624_181854_P001,1478,161185,2026-06-24T18:21:36.363944,Okulary BME280,"29.62,56.15,30.81,82.87,31.20,93.82,28.51,49.44",29.62,56.15,30.81,82.87,31.20,93.82,28.51,49.44,true,0
session_20260624_181854_P001,1479,161319,2026-06-24T18:21:36.498289,Okulary BME280,"29.62,56.04,30.93,83.24,31.34,94.00,28.51,49.41",29.62,56.04,30.93,83.24,31.34,94.00,28.51,49.41,true,0
session_20260624_181854_P001,1480,161422,2026-06-24T18:21:36.601477,Okulary BME280,"29.62,55.94,31.06,83.59,31.49,94.15,28.51,49.39",29.62,55.94,31.06,83.59,31.49,94.15,28.51,49.39,true,0
session_20260624_181854_P001,1481,161553,2026-06-24T18:21:36.731597,Okulary BME280,"29.62,55.83,31.17,83.99,31.61,94.23,28.51,49.42",29.62,55.83,31.17,83.99,31.61,94.23,28.51,49.42,true,0
session_20260624_181854_P001,1482,161642,2026-06-24T18:21:36.821182,Okulary BME280,"29.62,55.70,31.34,84.54,31.72,94.26,28.51,49.39",29.62,55.70,31.34,84.54,31.72,94.26,28.51,49.39,true,0
session_20260624_181854_P001,1483,161740,2026-06-24T18:21:36.919173,Okulary BME280,"29.62,55.58,31.41,84.81,31.88,94.37,28.51,49.39",29.62,55.58,31.41,84.81,31.88,94.37,28.51,49.39,true,0
session_20260624_181854_P001,1484,161857,2026-06-24T18:21:37.035592,Okulary BME280,"29.62,55.51,31.46,85.05,31.94,94.41,28.51,49.38",29.62,55.51,31.46,85.05,31.94,94.41,28.51,49.38,true,0
session_20260624_181854_P001,1485,161966,2026-06-24T18:21:37.144762,Okulary BME280,"29.61,55.41,31.51,85.28,31.99,94.41,28.51,49.37",29.61,55.41,31.51,85.28,31.99,94.41,28.51,49.37,true,0
session_20260624_181854_P001,1486,162079,2026-06-24T18:21:37.257941,Okulary BME280,"29.61,55.27,31.55,85.45,32.02,94.39,28.51,49.37",29.61,55.27,31.55,85.45,32.02,94.39,28.51,49.37,true,0
session_20260624_181854_P001,1487,162171,2026-06-24T18:21:37.350009,Okulary BME280,"29.61,55.21,31.57,85.61,32.05,94.31,28.51,49.37",29.61,55.21,31.57,85.61,32.05,94.31,28.51,49.37,true,0
session_20260624_181854_P001,1488,162304,2026-06-24T18:21:37.483220,Okulary BME280,"29.61,55.14,31.58,85.73,32.04,94.24,28.51,49.37",29.61,55.14,31.58,85.73,32.04,94.24,28.51,49.37,true,0
session_20260624_181854_P001,1489,162420,2026-06-24T18:21:37.599375,Okulary BME280,"29.62,55.09,31.57,85.82,32.02,94.20,28.51,49.37",29.62,55.09,31.57,85.82,32.02,94.20,28.51,49.37,true,0
session_20260624_181854_P001,1490,162486,2026-06-24T18:21:37.664635,Okulary BME280,"29.62,55.03,31.54,85.77,31.99,94.18,28.51,49.38",29.62,55.03,31.54,85.77,31.99,94.18,28.51,49.38,true,0
session_20260624_181854_P001,1491,162643,2026-06-24T18:21:37.822298,Okulary BME280,"29.61,54.94,31.39,85.70,31.96,94.08,28.51,49.36",29.61,54.94,31.39,85.70,31.96,94.08,28.51,49.36,true,0
session_20260624_181854_P001,1492,162706,2026-06-24T18:21:37.885256,Okulary BME280,"29.61,54.90,31.33,85.73,31.86,93.77,28.52,49.38",29.61,54.90,31.33,85.73,31.86,93.77,28.52,49.38,true,0
session_20260624_181854_P001,1493,162868,2026-06-24T18:21:38.046674,Okulary BME280,"29.61,54.93,31.28,85.65,31.81,93.54,28.52,49.38",29.61,54.93,31.28,85.65,31.81,93.54,28.52,49.38,true,0
session_20260624_181854_P001,1494,162961,2026-06-24T18:21:38.139724,Okulary BME280,"29.62,55.09,31.23,85.43,31.70,93.25,28.52,49.38",29.62,55.09,31.23,85.43,31.70,93.25,28.52,49.38,true,0
session_20260624_181854_P001,1495,163067,2026-06-24T18:21:38.246392,Okulary BME280,"29.62,55.06,31.14,85.17,31.59,93.02,28.52,49.37",29.62,55.06,31.14,85.17,31.59,93.02,28.52,49.37,true,0
session_20260624_181854_P001,1496,163159,2026-06-24T18:21:38.337759,Okulary BME280,"29.62,55.04,31.02,84.94,31.47,92.85,28.52,49.36",29.62,55.04,31.02,84.94,31.47,92.85,28.52,49.36,true,0
session_20260624_181854_P001,1497,163261,2026-06-24T18:21:38.440520,Okulary BME280,"29.62,54.98,30.92,84.70,31.37,92.75,28.52,49.33",29.62,54.98,30.92,84.70,31.37,92.75,28.52,49.33,true,0
session_20260624_181854_P001,1498,163383,2026-06-24T18:21:38.561940,Okulary BME280,"29.63,54.93,30.83,84.40,31.29,92.71,28.52,49.34",29.63,54.93,30.83,84.40,31.29,92.71,28.52,49.34,true,0
session_20260624_181854_P001,1499,163475,2026-06-24T18:21:38.654133,Okulary BME280,"29.62,54.87,30.76,84.23,31.22,92.70,28.52,49.34",29.62,54.87,30.76,84.23,31.22,92.70,28.52,49.34,true,0
session_20260624_181854_P001,1500,163615,2026-06-24T18:21:38.794475,Okulary BME280,"29.63,54.82,30.69,83.77,31.17,92.70,28.52,49.33",29.63,54.82,30.69,83.77,31.17,92.70,28.52,49.33,true,0
session_20260624_181854_P001,1501,163725,2026-06-24T18:21:38.904006,Okulary BME280,"29.62,54.68,30.68,83.58,31.13,92.74,28.52,49.34",29.62,54.68,30.68,83.58,31.13,92.74,28.52,49.34,true,0
session_20260624_181854_P001,1502,163792,2026-06-24T18:21:38.970712,Okulary BME280,"29.62,54.67,30.67,83.40,31.12,92.74,28.52,49.33",29.62,54.67,30.67,83.40,31.12,92.74,28.52,49.33,true,0
session_20260624_181854_P001,1503,163944,2026-06-24T18:21:39.122698,Okulary BME280,"29.62,54.41,30.67,83.20,31.11,92.73,28.52,49.34",29.62,54.41,30.67,83.20,31.11,92.73,28.52,49.34,true,0
session_20260624_181854_P001,1504,164031,2026-06-24T18:21:39.209950,Okulary BME280,"29.62,54.34,30.67,83.12,31.10,92.90,28.52,49.36",29.62,54.34,30.67,83.12,31.10,92.90,28.52,49.36,true,0
session_20260624_181854_P001,1505,164175,2026-06-24T18:21:39.353817,Okulary BME280,"29.61,54.30,30.70,83.28,31.11,93.34,28.53,49.35",29.61,54.30,30.70,83.28,31.11,93.34,28.53,49.35,true,0
session_20260624_181854_P001,1506,164267,2026-06-24T18:21:39.445780,Okulary BME280,"29.62,54.21,30.77,83.55,31.19,93.67,28.52,49.34",29.62,54.21,30.77,83.55,31.19,93.67,28.52,49.34,true,0
session_20260624_181854_P001,1507,164372,2026-06-24T18:21:39.551085,Okulary BME280,"29.62,54.10,30.88,83.84,31.31,93.90,28.52,49.34",29.62,54.10,30.88,83.84,31.31,93.90,28.52,49.34,true,0
session_20260624_181854_P001,1508,164477,2026-06-24T18:21:39.656106,Okulary BME280,"29.61,53.99,30.99,84.12,31.47,94.08,28.53,49.32",29.61,53.99,30.99,84.12,31.47,94.08,28.53,49.32,true,0
session_20260624_181854_P001,1509,164575,2026-06-24T18:21:39.753667,Okulary BME280,"29.61,53.89,31.20,84.70,31.61,94.22,28.53,49.32",29.61,53.89,31.20,84.70,31.61,94.22,28.53,49.32,true,0
session_20260624_181854_P001,1510,164715,2026-06-24T18:21:39.894176,Okulary BME280,"29.61,53.78,31.28,84.98,31.84,94.35,28.53,49.32",29.61,53.78,31.28,84.98,31.84,94.35,28.53,49.32,true,0
session_20260624_181854_P001,1511,164776,2026-06-24T18:21:39.955461,Okulary BME280,"29.60,53.66,31.36,85.21,31.93,94.39,28.53,49.31",29.60,53.66,31.36,85.21,31.93,94.39,28.53,49.31,true,0
session_20260624_181854_P001,1512,164912,2026-06-24T18:21:40.091386,Okulary BME280,"29.60,53.43,31.42,85.44,32.01,94.42,28.52,49.30",29.60,53.43,31.42,85.44,32.01,94.42,28.52,49.30,true,0
session_20260624_181854_P001,1513,165002,2026-06-24T18:21:40.180574,Okulary BME280,"29.59,53.36,31.47,85.62,32.07,94.41,28.53,49.30",29.59,53.36,31.47,85.62,32.07,94.41,28.53,49.30,true,0
session_20260624_181854_P001,1514,165155,2026-06-24T18:21:40.334429,Okulary BME280,"29.59,53.35,31.52,85.79,32.11,94.38,28.53,49.32",29.59,53.35,31.52,85.79,32.11,94.38,28.53,49.32,true,0
session_20260624_181854_P001,1515,165243,2026-06-24T18:21:40.421801,Okulary BME280,"29.59,53.38,31.54,85.91,32.13,94.26,28.53,49.33",29.59,53.38,31.54,85.91,32.13,94.26,28.53,49.33,true,0
session_20260624_181854_P001,1516,165328,2026-06-24T18:21:40.507446,Okulary BME280,"29.60,53.40,31.53,85.92,32.11,94.06,28.54,49.35",29.60,53.40,31.53,85.92,32.11,94.06,28.54,49.35,true,0
session_20260624_181854_P001,1517,165460,2026-06-24T18:21:40.638927,Okulary BME280,"29.59,53.40,31.50,85.95,32.05,93.81,28.54,49.39",29.59,53.40,31.50,85.95,32.05,93.81,28.54,49.39,true,0
session_20260624_181854_P001,1518,165570,2026-06-24T18:21:40.748959,Okulary BME280,"29.60,53.35,31.35,85.64,31.83,93.23,28.54,49.36",29.60,53.35,31.35,85.64,31.83,93.23,28.54,49.36,true,0
session_20260624_181854_P001,1519,165686,2026-06-24T18:21:40.865337,Okulary BME280,"29.60,53.43,31.25,85.37,31.69,92.95,28.54,49.33",29.60,53.43,31.25,85.37,31.69,92.95,28.54,49.33,true,0
session_20260624_181854_P001,1520,165788,2026-06-24T18:21:40.967148,Okulary BME280,"29.60,53.37,31.12,85.09,31.55,92.82,28.54,49.33",29.60,53.37,31.12,85.09,31.55,92.82,28.54,49.33,true,0
session_20260624_181854_P001,1521,165880,2026-06-24T18:21:41.058938,Okulary BME280,"29.61,53.43,31.00,84.84,31.42,92.75,28.54,49.33",29.61,53.43,31.00,84.84,31.42,92.75,28.54,49.33,true,0
session_20260624_181854_P001,1522,166000,2026-06-24T18:21:41.179545,Okulary BME280,"29.60,53.50,30.91,84.59,31.33,92.76,28.54,49.32",29.60,53.50,30.91,84.59,31.33,92.76,28.54,49.32,true,0
session_20260624_181854_P001,1523,166106,2026-06-24T18:21:41.284743,Okulary BME280,"29.61,53.55,30.83,84.33,31.26,92.72,28.54,49.31",29.61,53.55,30.83,84.33,31.26,92.72,28.54,49.31,true,0
session_20260624_181854_P001,1524,166229,2026-06-24T18:21:41.408428,Okulary BME280,"29.61,53.57,30.78,84.08,31.22,92.67,28.54,49.31",29.61,53.57,30.78,84.08,31.22,92.67,28.54,49.31,true,0
session_20260624_181854_P001,1525,166327,2026-06-24T18:21:41.505697,Okulary BME280,"29.61,53.56,30.74,83.84,31.17,92.63,28.53,49.30",29.61,53.56,30.74,83.84,31.17,92.63,28.53,49.30,true,0
session_20260624_181854_P001,1526,166471,2026-06-24T18:21:41.650325,Okulary BME280,"29.61,53.56,30.71,83.54,31.13,92.62,28.54,49.32",29.61,53.56,30.71,83.54,31.13,92.62,28.54,49.32,true,0
session_20260624_181854_P001,1527,166534,2026-06-24T18:21:41.713313,Okulary BME280,"29.61,53.56,30.71,83.53,31.10,92.91,28.54,49.37",29.61,53.56,30.71,83.53,31.10,92.91,28.54,49.37,true,0
session_20260624_181854_P001,1528,166670,2026-06-24T18:21:41.849510,Okulary BME280,"29.62,53.51,30.73,83.60,31.11,93.03,28.54,49.35",29.62,53.51,30.73,83.60,31.11,93.03,28.54,49.35,true,0
session_20260624_181854_P001,1529,166785,2026-06-24T18:21:41.964540,Okulary BME280,"29.63,53.61,30.77,83.69,31.14,93.12,28.54,49.34",29.63,53.61,30.77,83.69,31.14,93.12,28.54,49.34,true,0
session_20260624_181854_P001,1530,166870,2026-06-24T18:21:42.049257,Okulary BME280,"29.63,53.68,30.81,83.79,31.16,93.20,28.54,49.32",29.63,53.68,30.81,83.79,31.16,93.20,28.54,49.32,true,0
session_20260624_181854_P001,1531,166982,2026-06-24T18:21:42.160798,Okulary BME280,"29.63,53.81,30.84,83.92,31.19,93.36,28.54,49.32",29.63,53.81,30.84,83.92,31.19,93.36,28.54,49.32,true,0
session_20260624_181854_P001,1532,167075,2026-06-24T18:21:42.254310,Okulary BME280,"29.63,53.91,30.88,84.11,31.24,93.63,28.54,49.32",29.63,53.91,30.88,84.11,31.24,93.63,28.54,49.32,true,0
session_20260624_181854_P001,1533,167239,2026-06-24T18:21:42.418482,Okulary BME280,"29.63,53.89,30.94,84.37,31.32,93.82,28.54,49.33",29.63,53.89,30.94,84.37,31.32,93.82,28.54,49.33,true,0
session_20260624_181854_P001,1534,167296,2026-06-24T18:21:42.474895,Okulary BME280,"29.63,53.84,31.03,84.62,31.43,93.92,28.54,49.33",29.63,53.84,31.03,84.62,31.43,93.92,28.54,49.33,true,0
session_20260624_181854_P001,1535,167398,2026-06-24T18:21:42.576948,Okulary BME280,"29.63,53.68,31.23,85.22,31.54,94.09,28.54,49.35",29.63,53.68,31.23,85.22,31.54,94.09,28.54,49.35,true,0
session_20260624_181854_P001,1536,167543,2026-06-24T18:21:42.722546,Okulary BME280,"29.62,53.65,31.34,85.48,31.74,94.20,28.54,49.36",29.62,53.65,31.34,85.48,31.74,94.20,28.54,49.36,true,0
session_20260624_181854_P001,1537,167647,2026-06-24T18:21:42.826265,Okulary BME280,"29.61,53.42,31.42,85.72,31.81,94.26,28.53,49.36",29.61,53.42,31.42,85.72,31.81,94.26,28.53,49.36,true,0
session_20260624_181854_P001,1538,167756,2026-06-24T18:21:42.935544,Okulary BME280,"29.60,53.32,31.51,85.94,31.88,94.31,28.54,49.38",29.60,53.32,31.51,85.94,31.88,94.31,28.54,49.38,true,0
session_20260624_181854_P001,1539,167837,2026-06-24T18:21:43.016445,Okulary BME280,"29.60,53.25,31.57,86.11,31.94,94.34,28.54,49.38",29.60,53.25,31.57,86.11,31.94,94.34,28.54,49.38,true,0
session_20260624_181854_P001,1540,167997,2026-06-24T18:21:43.175632,Okulary BME280,"29.60,53.17,31.61,86.29,31.99,94.37,28.54,49.38",29.60,53.17,31.61,86.29,31.99,94.37,28.54,49.38,true,0
session_20260624_181854_P001,1541,168084,2026-06-24T18:21:43.263287,Okulary BME280,"29.59,53.12,31.64,86.42,32.04,94.37,28.54,49.37",29.59,53.12,31.64,86.42,32.04,94.37,28.54,49.37,true,0
session_20260624_181854_P001,1542,168154,2026-06-24T18:21:43.333272,Okulary BME280,"29.60,53.08,31.66,86.53,32.07,94.34,28.54,49.36",29.60,53.08,31.66,86.53,32.07,94.34,28.54,49.36,true,0
session_20260624_181854_P001,1543,168289,2026-06-24T18:21:43.468365,Okulary BME280,"29.60,53.00,31.66,86.62,32.10,94.21,28.53,49.33",29.60,53.00,31.66,86.62,32.10,94.21,28.53,49.33,true,0
session_20260624_181854_P001,1544,168390,2026-06-24T18:21:43.569011,Okulary BME280,"29.60,52.99,31.59,86.27,32.07,93.87,28.54,49.32",29.60,52.99,31.59,86.27,32.07,93.87,28.54,49.32,true,0
session_20260624_181854_P001,1545,168527,2026-06-24T18:21:43.705819,Okulary BME280,"29.59,52.90,31.46,85.99,31.78,93.09,28.53,49.33",29.59,52.90,31.46,85.99,31.78,93.09,28.53,49.33,true,0
session_20260624_181854_P001,1546,168607,2026-06-24T18:21:43.785907,Okulary BME280,"29.60,52.96,31.31,85.72,31.62,92.95,28.53,49.35",29.60,52.96,31.31,85.72,31.62,92.95,28.53,49.35,true,0
session_20260624_181854_P001,1547,168693,2026-06-24T18:21:43.871723,Okulary BME280,"29.60,53.02,31.16,85.45,31.50,92.87,28.53,49.36",29.60,53.02,31.16,85.45,31.50,92.87,28.53,49.36,true,0
session_20260624_181854_P001,1548,168842,2026-06-24T18:21:44.020827,Okulary BME280,"29.60,53.02,31.02,85.19,31.40,92.81,28.53,49.37",29.60,53.02,31.02,85.19,31.40,92.81,28.53,49.37,true,0
session_20260624_181854_P001,1549,168918,2026-06-24T18:21:44.097551,Okulary BME280,"29.61,53.00,30.92,84.96,31.33,92.79,28.53,49.38",29.61,53.00,30.92,84.96,31.33,92.79,28.53,49.38,true,0
session_20260624_181854_P001,1550,169070,2026-06-24T18:21:44.249126,Okulary BME280,"29.61,52.97,30.84,84.69,31.27,92.77,28.53,49.38",29.61,52.97,30.84,84.69,31.27,92.77,28.53,49.38,true,0
session_20260624_181854_P001,1551,169162,2026-06-24T18:21:44.340981,Okulary BME280,"29.61,52.97,30.78,84.48,31.23,92.75,28.53,49.40",29.61,52.97,30.78,84.48,31.23,92.75,28.53,49.40,true,0
session_20260624_181854_P001,1552,169277,2026-06-24T18:21:44.456372,Okulary BME280,"29.61,52.93,30.75,84.22,31.19,92.71,28.54,49.40",29.61,52.93,30.75,84.22,31.19,92.71,28.54,49.40,true,0
session_20260624_181854_P001,1553,169419,2026-06-24T18:21:44.597983,Okulary BME280,"29.60,52.93,30.71,83.77,31.13,92.66,28.54,49.43",29.60,52.93,30.71,83.77,31.13,92.66,28.54,49.43,true,0
session_20260624_181854_P001,1554,169464,2026-06-24T18:21:44.642873,Okulary BME280,"29.61,52.88,30.70,83.56,31.11,92.63,28.54,49.43",29.61,52.88,30.70,83.56,31.11,92.63,28.54,49.43,true,0
session_20260624_181854_P001,1555,169594,2026-06-24T18:21:44.772707,Okulary BME280,"29.61,52.86,30.69,83.35,31.09,92.56,28.55,49.41",29.61,52.86,30.69,83.35,31.09,92.56,28.55,49.41,true,0
session_20260624_181854_P001,1556,169692,2026-06-24T18:21:44.871021,Okulary BME280,"29.61,52.88,30.69,83.11,31.06,92.49,28.55,49.38",29.61,52.88,30.69,83.11,31.06,92.49,28.55,49.38,true,0
session_20260624_181854_P001,1557,169821,2026-06-24T18:21:45.000274,Okulary BME280,"29.62,53.02,30.69,82.89,31.04,92.43,28.55,49.38",29.62,53.02,30.69,82.89,31.04,92.43,28.55,49.38,true,0
session_20260624_181854_P001,1558,169933,2026-06-24T18:21:45.112228,Okulary BME280,"29.62,53.14,30.68,82.85,31.02,92.67,28.54,49.37",29.62,53.14,30.68,82.85,31.02,92.67,28.54,49.37,true,0
session_20260624_181854_P001,1559,170060,2026-06-24T18:21:45.239490,Okulary BME280,"29.62,53.25,30.71,83.08,31.04,93.12,28.54,49.36",29.62,53.25,30.71,83.08,31.04,93.12,28.54,49.36,true,0
session_20260624_181854_P001,1560,170155,2026-06-24T18:21:45.333794,Okulary BME280,"29.63,53.31,30.80,83.38,31.13,93.50,28.55,49.35",29.63,53.31,30.80,83.38,31.13,93.50,28.55,49.35,true,0
session_20260624_181854_P001,1561,170222,2026-06-24T18:21:45.401407,Okulary BME280,"29.63,53.28,30.92,83.73,31.26,93.73,28.55,49.34",29.63,53.28,30.92,83.73,31.26,93.73,28.55,49.34,true,0
session_20260624_181854_P001,1562,170384,2026-06-24T18:21:45.563388,Okulary BME280,"29.63,53.30,31.17,84.39,31.56,94.05,28.55,49.30",29.63,53.30,31.17,84.39,31.56,94.05,28.55,49.30,true,0
session_20260624_181854_P001,1563,170447,2026-06-24T18:21:45.625845,Okulary BME280,"29.63,53.09,31.27,84.70,31.68,94.15,28.54,49.31",29.63,53.09,31.27,84.70,31.68,94.15,28.54,49.31,true,0
session_20260624_181854_P001,1564,170600,2026-06-24T18:21:45.779177,Okulary BME280,"29.62,53.00,31.34,84.99,31.80,94.23,28.55,49.31",29.62,53.00,31.34,84.99,31.80,94.23,28.55,49.31,true,0
session_20260624_181854_P001,1565,170702,2026-06-24T18:21:45.881158,Okulary BME280,"29.61,52.93,31.41,85.24,31.89,94.29,28.55,49.31",29.61,52.93,31.41,85.24,31.89,94.29,28.55,49.31,true,0
session_20260624_181854_P001,1566,170763,2026-06-24T18:21:45.941971,Okulary BME280,"29.61,52.84,31.47,85.45,31.97,94.30,28.55,49.31",29.61,52.84,31.47,85.45,31.97,94.30,28.55,49.31,true,0
session_20260624_181854_P001,1567,170918,2026-06-24T18:21:46.097515,Okulary BME280,"29.61,52.80,31.52,85.66,32.03,94.33,28.55,49.30",29.61,52.80,31.52,85.66,32.03,94.33,28.55,49.30,true,0
session_20260624_181854_P001,1568,171024,2026-06-24T18:21:46.203472,Okulary BME280,"29.60,52.83,31.55,85.82,32.08,94.30,28.55,49.30",29.60,52.83,31.55,85.82,32.08,94.30,28.55,49.30,true,0
session_20260624_181854_P001,1569,171135,2026-06-24T18:21:46.314500,Okulary BME280,"29.61,52.90,31.57,85.92,32.11,94.20,28.54,49.29",29.61,52.90,31.57,85.92,32.11,94.20,28.54,49.29,true,0
session_20260624_181854_P001,1570,171217,2026-06-24T18:21:46.395587,Okulary BME280,"29.61,52.86,31.56,85.94,32.10,94.02,28.54,49.30",29.61,52.86,31.56,85.94,32.10,94.02,28.54,49.30,true,0
session_20260624_181854_P001,1571,171376,2026-06-24T18:21:46.555298,Okulary BME280,"29.60,52.82,31.41,85.52,31.92,93.39,28.54,49.31",29.60,52.82,31.41,85.52,31.92,93.39,28.54,49.31,true,0
session_20260624_181854_P001,1572,171478,2026-06-24T18:21:46.656904,Okulary BME280,"29.61,52.82,31.29,85.32,31.77,93.12,28.55,49.29",29.61,52.82,31.29,85.32,31.77,93.12,28.55,49.29,true,0
session_20260624_181854_P001,1573,171544,2026-06-24T18:21:46.722891,Okulary BME280,"29.61,52.82,31.17,85.18,31.63,92.99,28.55,49.31",29.61,52.82,31.17,85.18,31.63,92.99,28.55,49.31,true,0
session_20260624_181854_P001,1574,171699,2026-06-24T18:21:46.877880,Okulary BME280,"29.61,52.83,31.07,85.10,31.52,92.93,28.55,49.36",29.61,52.83,31.07,85.10,31.52,92.93,28.55,49.36,true,0
session_20260624_181854_P001,1575,171776,2026-06-24T18:21:46.954638,Okulary BME280,"29.61,52.89,30.99,85.04,31.43,92.90,28.55,49.38",29.61,52.89,30.99,85.04,31.43,92.90,28.55,49.38,true,0
session_20260624_181854_P001,1576,171893,2026-06-24T18:21:47.071593,Okulary BME280,"29.61,53.03,30.94,84.90,31.36,92.81,28.55,49.39",29.61,53.03,30.94,84.90,31.36,92.81,28.55,49.39,true,0
session_20260624_181854_P001,1577,171991,2026-06-24T18:21:47.169784,Okulary BME280,"29.62,53.24,30.89,84.71,31.32,92.71,28.54,49.38",29.62,53.24,30.89,84.71,31.32,92.71,28.54,49.38,true,0
session_20260624_181854_P001,1578,172132,2026-06-24T18:21:47.311235,Okulary BME280,"29.63,53.43,30.84,84.48,31.28,92.67,28.54,49.37",29.63,53.43,30.84,84.48,31.28,92.67,28.54,49.37,true,0
session_20260624_181854_P001,1579,172224,2026-06-24T18:21:47.402681,Okulary BME280,"29.63,53.54,30.80,84.30,31.25,92.63,28.53,49.36",29.63,53.54,30.80,84.30,31.25,92.63,28.53,49.36,true,0
session_20260624_181854_P001,1580,172295,2026-06-24T18:21:47.474073,Okulary BME280,"29.63,53.75,30.73,83.84,31.19,92.53,28.52,49.30",29.63,53.75,30.73,83.84,31.19,92.53,28.52,49.30,true,0
session_20260624_181854_P001,1581,172435,2026-06-24T18:21:47.613813,Okulary BME280,"29.63,53.67,30.72,83.75,31.16,92.68,28.51,49.32",29.63,53.67,30.72,83.75,31.16,92.68,28.51,49.32,true,0
session_20260624_181854_P001,1582,172517,2026-06-24T18:21:47.695867,Okulary BME280,"29.63,53.70,30.73,83.86,31.16,93.10,28.49,49.30",29.63,53.70,30.73,83.86,31.16,93.10,28.49,49.30,true,0
session_20260624_181854_P001,1583,172666,2026-06-24T18:21:47.844691,Okulary BME280,"29.63,53.77,30.79,84.10,31.22,93.43,28.48,49.27",29.63,53.77,30.79,84.10,31.22,93.43,28.48,49.27,true,0
session_20260624_181854_P001,1584,172763,2026-06-24T18:21:47.942277,Okulary BME280,"29.63,53.92,30.89,84.34,31.32,93.66,28.47,49.28",29.63,53.92,30.89,84.34,31.32,93.66,28.47,49.28,true,0
session_20260624_181854_P001,1585,172880,2026-06-24T18:21:48.058612,Okulary BME280,"29.63,54.12,31.01,84.62,31.45,93.81,28.47,49.29",29.63,54.12,31.01,84.62,31.45,93.81,28.47,49.29,true,0
session_20260624_181854_P001,1586,172968,2026-06-24T18:21:48.146601,Okulary BME280,"29.64,54.29,31.11,84.89,31.57,93.94,28.47,49.30",29.64,54.29,31.11,84.89,31.57,93.94,28.47,49.30,true,0
session_20260624_181854_P001,1587,173077,2026-06-24T18:21:48.256006,Okulary BME280,"29.64,54.41,31.21,85.13,31.68,94.00,28.48,49.33",29.64,54.41,31.21,85.13,31.68,94.00,28.48,49.33,true,0
session_20260624_181854_P001,1588,173205,2026-06-24T18:21:48.384232,Okulary BME280,"29.65,54.30,31.29,85.38,31.79,94.16,28.48,49.35",29.65,54.30,31.29,85.38,31.79,94.16,28.48,49.35,true,0
session_20260624_181854_P001,1589,173283,2026-06-24T18:21:48.462163,Okulary BME280,"29.64,54.28,31.41,85.77,31.94,94.21,28.49,49.38",29.64,54.28,31.41,85.77,31.94,94.21,28.49,49.38,true,0
session_20260624_181854_P001,1590,173421,2026-06-24T18:21:48.600070,Okulary BME280,"29.64,54.30,31.46,85.93,32.00,94.22,28.49,49.39",29.64,54.30,31.46,85.93,32.00,94.22,28.49,49.39,true,0
session_20260624_181854_P001,1591,173522,2026-06-24T18:21:48.700722,Okulary BME280,"29.64,54.34,31.50,86.10,32.06,94.23,28.51,49.39",29.64,54.34,31.50,86.10,32.06,94.23,28.51,49.39,true,0
session_20260624_181854_P001,1592,173612,2026-06-24T18:21:48.791340,Okulary BME280,"29.64,54.34,31.53,86.24,32.09,94.22,28.51,49.39",29.64,54.34,31.53,86.24,32.09,94.22,28.51,49.39,true,0
session_20260624_181854_P001,1593,173746,2026-06-24T18:21:48.925279,Okulary BME280,"29.64,54.35,31.55,86.36,32.11,94.18,28.52,49.41",29.64,54.35,31.55,86.36,32.11,94.18,28.52,49.41,true,0
session_20260624_181854_P001,1594,173825,2026-06-24T18:21:49.003720,Okulary BME280,"29.64,54.38,31.56,86.43,32.12,94.10,28.52,49.43",29.64,54.38,31.56,86.43,32.12,94.10,28.52,49.43,true,0
session_20260624_181854_P001,1595,173967,2026-06-24T18:21:49.146112,Okulary BME280,"29.64,54.57,31.54,86.27,32.09,93.74,28.52,49.45",29.64,54.57,31.54,86.27,32.09,93.74,28.52,49.45,true,0
session_20260624_181854_P001,1596,174065,2026-06-24T18:21:49.243857,Okulary BME280,"29.65,54.78,31.47,85.99,31.99,93.43,28.53,49.46",29.65,54.78,31.47,85.99,31.99,93.43,28.53,49.46,true,0
session_20260624_181854_P001,1597,174183,2026-06-24T18:21:49.361878,Okulary BME280,"29.67,55.51,31.35,85.77,31.71,92.90,28.53,49.48",29.67,55.51,31.35,85.77,31.71,92.90,28.53,49.48,true,0
session_20260624_181854_P001,1598,174284,2026-06-24T18:21:49.462592,Okulary BME280,"29.67,55.62,31.10,85.36,31.58,92.76,28.53,49.50",29.67,55.62,31.10,85.36,31.58,92.76,28.53,49.50,true,0
session_20260624_181854_P001,1599,174384,2026-06-24T18:21:49.563534,Okulary BME280,"29.68,55.62,31.01,85.20,31.48,92.71,28.54,49.49",29.68,55.62,31.01,85.20,31.48,92.71,28.54,49.49,true,0
session_20260624_181854_P001,1600,174502,2026-06-24T18:21:49.681092,Okulary BME280,"29.67,55.59,30.95,85.03,31.39,92.66,28.54,49.51",29.67,55.59,30.95,85.03,31.39,92.66,28.54,49.51,true,0
session_20260624_181854_P001,1601,174620,2026-06-24T18:21:49.798826,Okulary BME280,"29.67,55.50,30.91,84.85,31.33,92.64,28.54,49.52",29.67,55.50,30.91,84.85,31.33,92.64,28.54,49.52,true,0
session_20260624_181854_P001,1602,174722,2026-06-24T18:21:49.901209,Okulary BME280,"29.66,55.38,30.88,84.64,31.28,92.62,28.55,49.53",29.66,55.38,30.88,84.64,31.28,92.62,28.55,49.53,true,0
session_20260624_181854_P001,1603,174812,2026-06-24T18:21:49.990739,Okulary BME280,"29.66,55.25,30.86,84.44,31.25,92.60,28.55,49.53",29.66,55.25,30.86,84.44,31.25,92.60,28.55,49.53,true,0
session_20260624_181854_P001,1604,174979,2026-06-24T18:21:50.158427,Okulary BME280,"29.64,55.08,30.84,84.25,31.23,92.59,28.55,49.53",29.64,55.08,30.84,84.25,31.23,92.59,28.55,49.53,true,0
session_20260624_181854_P001,1605,175036,2026-06-24T18:21:50.214732,Okulary BME280,"29.64,54.84,30.83,84.09,31.21,92.65,28.55,49.53",29.64,54.84,30.83,84.09,31.21,92.65,28.55,49.53,true,0
session_20260624_181854_P001,1606,175129,2026-06-24T18:21:50.307578,Okulary BME280,"29.64,54.71,30.82,83.71,31.20,92.60,28.54,49.52",29.64,54.71,30.82,83.71,31.20,92.60,28.54,49.52,true,0
session_20260624_181854_P001,1607,175293,2026-06-24T18:21:50.472460,Okulary BME280,"29.64,54.58,30.81,83.53,31.20,92.59,28.54,49.52",29.64,54.58,30.81,83.53,31.20,92.59,28.54,49.52,true,0
session_20260624_181854_P001,1608,175393,2026-06-24T18:21:50.572106,Okulary BME280,"29.64,54.47,30.81,83.43,31.19,92.64,28.54,49.45",29.64,54.47,30.81,83.43,31.19,92.64,28.54,49.45,true,0
session_20260624_181854_P001,1609,175485,2026-06-24T18:21:50.664366,Okulary BME280,"29.64,54.38,30.83,83.55,31.19,92.99,28.53,49.39",29.64,54.38,30.83,83.55,31.19,92.99,28.53,49.39,true,0
session_20260624_181854_P001,1610,175577,2026-06-24T18:21:50.756542,Okulary BME280,"29.64,54.26,30.89,83.79,31.24,93.37,28.52,49.37",29.64,54.26,30.89,83.79,31.24,93.37,28.52,49.37,true,0
session_20260624_181854_P001,1611,175700,2026-06-24T18:21:50.878807,Okulary BME280,"29.64,54.15,30.98,84.06,31.34,93.61,28.51,49.34",29.64,54.15,30.98,84.06,31.34,93.61,28.51,49.34,true,0
session_20260624_181854_P001,1612,175823,2026-06-24T18:21:51.001816,Okulary BME280,"29.64,54.13,31.08,84.35,31.48,93.80,28.51,49.33",29.64,54.13,31.08,84.35,31.48,93.80,28.51,49.33,true,0
session_20260624_181854_P001,1613,175922,2026-06-24T18:21:51.100918,Okulary BME280,"29.64,53.96,31.18,84.63,31.61,93.95,28.50,49.34",29.64,53.96,31.18,84.63,31.61,93.95,28.50,49.34,true,0
session_20260624_181854_P001,1614,176029,2026-06-24T18:21:51.208242,Okulary BME280,"29.64,53.91,31.26,84.90,31.72,94.05,28.50,49.37",29.64,53.91,31.26,84.90,31.72,94.05,28.50,49.37,true,0
session_20260624_181854_P001,1615,176140,2026-06-24T18:21:51.319139,Okulary BME280,"29.64,53.92,31.39,85.38,31.93,94.18,28.49,49.37",29.64,53.92,31.39,85.38,31.93,94.18,28.49,49.37,true,0
session_20260624_181854_P001,1616,176285,2026-06-24T18:21:51.463831,Okulary BME280,"29.65,53.98,31.45,85.60,32.02,94.23,28.48,49.35",29.65,53.98,31.45,85.60,32.02,94.23,28.48,49.35,true,0
session_20260624_181854_P001,1617,176341,2026-06-24T18:21:51.520454,Okulary BME280,"29.65,53.98,31.51,85.80,32.09,94.23,28.48,49.38",29.65,53.98,31.51,85.80,32.09,94.23,28.48,49.38,true,0
session_20260624_181854_P001,1618,176464,2026-06-24T18:21:51.642773,Okulary BME280,"29.65,53.98,31.55,85.97,32.15,94.25,28.48,49.36",29.65,53.98,31.55,85.97,32.15,94.25,28.48,49.36,true,0
session_20260624_181854_P001,1619,176578,2026-06-24T18:21:51.756618,Okulary BME280,"29.65,53.98,31.58,86.14,32.19,94.25,28.48,49.36",29.65,53.98,31.58,86.14,32.19,94.25,28.48,49.36,true,0
session_20260624_181854_P001,1620,176668,2026-06-24T18:21:51.846641,Okulary BME280,"29.65,54.00,31.61,86.29,32.21,94.23,28.48,49.35",29.65,54.00,31.61,86.29,32.21,94.23,28.48,49.35,true,0
session_20260624_181854_P001,1621,176791,2026-06-24T18:21:51.970077,Okulary BME280,"29.65,54.01,31.63,86.43,32.23,94.21,28.49,49.34",29.65,54.01,31.63,86.43,32.23,94.21,28.49,49.34,true,0
session_20260624_181854_P001,1622,176891,2026-06-24T18:21:52.069618,Okulary BME280,"29.64,53.91,31.64,86.51,32.24,94.19,28.48,49.33",29.64,53.91,31.64,86.51,32.24,94.19,28.48,49.33,true,0
session_20260624_181854_P001,1623,177033,2026-06-24T18:21:52.212239,Okulary BME280,"29.63,53.84,31.64,86.51,32.23,93.94,28.49,49.31",29.63,53.84,31.64,86.51,32.23,93.94,28.49,49.31,true,0
session_20260624_181854_P001,1624,177129,2026-06-24T18:21:52.308177,Okulary BME280,"29.63,53.81,31.52,85.99,32.00,93.15,28.49,49.31",29.63,53.81,31.52,85.99,32.00,93.15,28.49,49.31,true,0
session_20260624_181854_P001,1625,177197,2026-06-24T18:21:52.376301,Okulary BME280,"29.63,53.77,31.38,85.69,31.85,92.82,28.49,49.28",29.63,53.77,31.38,85.69,31.85,92.82,28.49,49.28,true,0
session_20260624_181854_P001,1626,177361,2026-06-24T18:21:52.539966,Okulary BME280,"29.62,53.77,31.23,85.41,31.69,92.59,28.50,49.29",29.62,53.77,31.23,85.41,31.69,92.59,28.50,49.29,true,0
session_20260624_181854_P001,1627,177453,2026-06-24T18:21:52.632233,Okulary BME280,"29.62,53.78,31.09,85.13,31.56,92.50,28.49,49.27",29.62,53.78,31.09,85.13,31.56,92.50,28.49,49.27,true,0
session_20260624_181854_P001,1628,177584,2026-06-24T18:21:52.762873,Okulary BME280,"29.63,53.84,30.98,84.86,31.44,92.44,28.50,49.25",29.63,53.84,30.98,84.86,31.44,92.44,28.50,49.25,true,0
session_20260624_181854_P001,1629,177646,2026-06-24T18:21:52.824739,Okulary BME280,"29.63,53.94,30.90,84.59,31.33,92.39,28.50,49.25",29.63,53.94,30.90,84.59,31.33,92.39,28.50,49.25,true,0
session_20260624_181854_P001,1630,177801,2026-06-24T18:21:52.980238,Okulary BME280,"29.63,53.93,30.83,84.35,31.26,92.44,28.50,49.25",29.63,53.93,30.83,84.35,31.26,92.44,28.50,49.25,true,0
session_20260624_181854_P001,1631,177912,2026-06-24T18:21:53.091490,Okulary BME280,"29.64,53.97,30.80,84.21,31.20,92.49,28.49,49.24",29.64,53.97,30.80,84.21,31.20,92.49,28.49,49.24,true,0
session_20260624_181854_P001,1632,177961,2026-06-24T18:21:53.140254,Okulary BME280,"29.64,53.96,30.78,84.02,31.17,92.53,28.50,49.23",29.64,53.96,30.78,84.02,31.17,92.53,28.50,49.23,true,0
session_20260624_181854_P001,1633,178099,2026-06-24T18:21:53.277728,Okulary BME280,"29.64,53.92,30.78,83.65,31.16,92.53,28.50,49.20",29.64,53.92,30.78,83.65,31.16,92.53,28.50,49.20,true,0
session_20260624_181854_P001,1634,178188,2026-06-24T18:21:53.366869,Okulary BME280,"29.64,53.89,30.79,83.48,31.16,92.53,28.49,49.19",29.64,53.89,30.79,83.48,31.16,92.53,28.49,49.19,true,0
session_20260624_181854_P001,1635,178321,2026-06-24T18:21:53.499801,Okulary BME280,"29.65,53.85,30.80,83.30,31.16,92.51,28.50,49.19",29.65,53.85,30.80,83.30,31.16,92.51,28.50,49.19,true,0
session_20260624_181854_P001,1636,178417,2026-06-24T18:21:53.596106,Okulary BME280,"29.64,53.79,30.81,83.13,31.17,92.51,28.50,49.19",29.64,53.79,30.81,83.13,31.17,92.51,28.50,49.19,true,0
session_20260624_181854_P001,1637,178509,2026-06-24T18:21:53.687856,Okulary BME280,"29.64,53.70,30.81,83.07,31.17,92.62,28.49,49.18",29.64,53.70,30.81,83.07,31.17,92.62,28.49,49.18,true,0
session_20260624_181854_P001,1638,178669,2026-06-24T18:21:53.847641,Okulary BME280,"29.64,53.60,30.85,83.25,31.18,92.97,28.49,49.16",29.64,53.60,30.85,83.25,31.18,92.97,28.49,49.16,true,0
session_20260624_181854_P001,1639,178731,2026-06-24T18:21:53.909995,Okulary BME280,"29.64,53.55,30.91,83.50,31.24,93.29,28.48,49.14",29.64,53.55,30.91,83.50,31.24,93.29,28.48,49.14,true,0
session_20260624_181854_P001,1640,178893,2026-06-24T18:21:54.071661,Okulary BME280,"29.64,53.48,31.00,83.86,31.34,93.50,28.48,49.14",29.64,53.48,31.00,83.86,31.34,93.50,28.48,49.14,true,0
session_20260624_181854_P001,1641,178953,2026-06-24T18:21:54.131630,Okulary BME280,"29.64,53.38,31.10,84.08,31.59,93.86,28.47,49.14",29.64,53.38,31.10,84.08,31.59,93.86,28.47,49.14,true,0
session_20260624_181854_P001,1642,179109,2026-06-24T18:21:54.287647,Okulary BME280,"29.64,53.29,31.28,84.67,31.71,93.96,28.48,49.15",29.64,53.29,31.28,84.67,31.71,93.96,28.48,49.15,true,0
session_20260624_181854_P001,1643,179210,2026-06-24T18:21:54.389184,Okulary BME280,"29.64,53.20,31.36,84.93,31.82,94.03,28.48,49.18",29.64,53.20,31.36,84.93,31.82,94.03,28.48,49.18,true,0
session_20260624_181854_P001,1644,179268,2026-06-24T18:21:54.447028,Okulary BME280,"29.64,53.16,31.41,85.15,31.91,94.09,28.48,49.23",29.64,53.16,31.41,85.15,31.91,94.09,28.48,49.23,true,0
session_20260624_181854_P001,1645,179411,2026-06-24T18:21:54.589763,Okulary BME280,"29.64,53.22,31.46,85.36,31.99,94.14,28.50,49.26",29.64,53.22,31.46,85.36,31.99,94.14,28.50,49.26,true,0
session_20260624_181854_P001,1646,179514,2026-06-24T18:21:54.692626,Okulary BME280,"29.65,53.35,31.51,85.56,32.06,94.14,28.50,49.29",29.65,53.35,31.51,85.56,32.06,94.14,28.50,49.29,true,0
session_20260624_181854_P001,1647,179634,2026-06-24T18:21:54.812865,Okulary BME280,"29.65,53.65,31.53,85.72,32.11,94.11,28.51,49.29",29.65,53.65,31.53,85.72,32.11,94.11,28.51,49.29,true,0
session_20260624_181854_P001,1648,179729,2026-06-24T18:21:54.908451,Okulary BME280,"29.67,53.99,31.55,85.87,32.14,94.17,28.50,49.31",29.67,53.99,31.55,85.87,32.14,94.17,28.50,49.31,true,0
session_20260624_181854_P001,1649,179874,2026-06-24T18:21:55.053465,Okulary BME280,"29.66,53.96,31.57,86.02,32.16,94.13,28.50,49.31",29.66,53.96,31.57,86.02,32.16,94.13,28.50,49.31,true,0
session_20260624_181854_P001,1650,179962,2026-06-24T18:21:55.141541,Okulary BME280,"29.66,53.90,31.57,86.13,32.16,93.79,28.51,49.31",29.66,53.90,31.57,86.13,32.16,93.79,28.51,49.31,true,0
session_20260624_181854_P001,1651,180067,2026-06-24T18:21:55.246506,Okulary BME280,"29.65,53.88,31.52,85.88,32.09,93.44,28.51,49.31",29.65,53.88,31.52,85.88,32.09,93.44,28.51,49.31,true,0
session_20260624_181854_P001,1652,180183,2026-06-24T18:21:55.362152,Okulary BME280,"29.65,53.88,31.43,85.70,31.95,93.09,28.51,49.32",29.65,53.88,31.43,85.70,31.95,93.09,28.51,49.32,true,0
session_20260624_181854_P001,1653,180283,2026-06-24T18:21:55.461805,Okulary BME280,"29.65,53.90,31.33,85.48,31.81,92.83,28.51,49.31",29.65,53.90,31.33,85.48,31.81,92.83,28.51,49.31,true,0
session_20260624_181854_P001,1654,180405,2026-06-24T18:21:55.583695,Okulary BME280,"29.65,53.95,31.22,85.24,31.67,92.63,28.50,49.27",29.65,53.95,31.22,85.24,31.67,92.63,28.50,49.27,true,0
session_20260624_181854_P001,1655,180503,2026-06-24T18:21:55.682388,Okulary BME280,"29.65,53.93,31.11,84.99,31.55,92.48,28.50,49.27",29.65,53.93,31.11,84.99,31.55,92.48,28.50,49.27,true,0
session_20260624_181854_P001,1656,180574,2026-06-24T18:21:55.753203,Okulary BME280,"29.65,54.04,31.02,84.74,31.43,92.39,28.51,49.30",29.65,54.04,31.02,84.74,31.43,92.39,28.51,49.30,true,0
session_20260624_181854_P001,1657,180726,2026-06-24T18:21:55.904747,Okulary BME280,"29.65,54.11,30.94,84.48,31.33,92.33,28.51,49.31",29.65,54.11,30.94,84.48,31.33,92.33,28.51,49.31,true,0
session_20260624_181854_P001,1658,180796,2026-06-24T18:21:55.975056,Okulary BME280,"29.66,54.16,30.89,84.22,31.25,92.32,28.51,49.30",29.66,54.16,30.89,84.22,31.25,92.32,28.51,49.30,true,0
session_20260624_181854_P001,1659,180948,2026-06-24T18:21:56.126964,Okulary BME280,"29.67,54.19,30.85,83.94,31.17,92.38,28.51,49.30",29.67,54.19,30.85,83.94,31.17,92.38,28.51,49.30,true,0
session_20260624_181854_P001,1660,181022,2026-06-24T18:21:56.201453,Okulary BME280,"29.66,54.18,30.79,83.57,31.16,92.37,28.52,49.28",29.66,54.18,30.79,83.57,31.16,92.37,28.52,49.28,true,0
session_20260624_181854_P001,1661,181186,2026-06-24T18:21:56.365044,Okulary BME280,"29.67,54.12,30.78,83.36,31.14,92.34,28.52,49.26",29.67,54.12,30.78,83.36,31.14,92.34,28.52,49.26,true,0
session_20260624_181854_P001,1662,181266,2026-06-24T18:21:56.445165,Okulary BME280,"29.66,54.11,30.78,83.14,31.13,92.28,28.50,49.23",29.66,54.11,30.78,83.14,31.13,92.28,28.50,49.23,true,0
session_20260624_181854_P001,1663,181346,2026-06-24T18:21:56.524917,Okulary BME280,"29.67,54.17,30.78,82.93,31.12,92.27,28.50,49.22",29.67,54.17,30.78,82.93,31.12,92.27,28.50,49.22,true,0
session_20260624_181854_P001,1664,181508,2026-06-24T18:21:56.687128,Okulary BME280,"29.66,54.07,30.78,82.75,31.10,92.28,28.50,49.20",29.66,54.07,30.78,82.75,31.10,92.28,28.50,49.20,true,0
session_20260624_181854_P001,1665,181563,2026-06-24T18:21:56.742366,Okulary BME280,"29.67,53.92,30.78,82.57,31.09,92.25,28.50,49.19",29.67,53.92,30.78,82.57,31.09,92.25,28.50,49.19,true,0
session_20260624_181854_P001,1666,181720,2026-06-24T18:21:56.899066,Okulary BME280,"29.66,53.84,30.79,82.47,31.09,92.27,28.49,49.18",29.66,53.84,30.79,82.47,31.09,92.27,28.49,49.18,true,0
session_20260624_181854_P001,1667,181824,2026-06-24T18:21:57.003075,Okulary BME280,"29.66,53.77,30.81,82.64,31.13,93.05,28.49,49.17",29.66,53.77,30.81,82.64,31.13,93.05,28.49,49.17,true,0
session_20260624_181854_P001,1668,181925,2026-06-24T18:21:57.103623,Okulary BME280,"29.66,53.70,30.87,82.88,31.24,93.34,28.49,49.19",29.66,53.70,30.87,82.88,31.24,93.34,28.49,49.19,true,0
session_20260624_181854_P001,1669,182025,2026-06-24T18:21:57.204405,Okulary BME280,"29.66,53.60,31.05,83.51,31.37,93.56,28.50,49.23",29.66,53.60,31.05,83.51,31.37,93.56,28.50,49.23,true,0
session_20260624_181854_P001,1670,182129,2026-06-24T18:21:57.308261,Okulary BME280,"29.65,53.50,31.15,83.81,31.53,93.71,28.50,49.20",29.65,53.50,31.15,83.81,31.53,93.71,28.50,49.20,true,0
session_20260624_181854_P001,1671,182274,2026-06-24T18:21:57.453220,Okulary BME280,"29.65,53.39,31.23,84.09,31.67,93.83,28.50,49.20",29.65,53.39,31.23,84.09,31.67,93.83,28.50,49.20,true,0
session_20260624_181854_P001,1672,182342,2026-06-24T18:21:57.520896,Okulary BME280,"29.65,53.30,31.30,84.38,31.80,93.94,28.50,49.19",29.65,53.30,31.30,84.38,31.80,93.94,28.50,49.19,true,0
session_20260624_181854_P001,1673,182487,2026-06-24T18:21:57.665745,Okulary BME280,"29.64,53.14,31.36,84.65,31.91,94.02,28.50,49.19",29.64,53.14,31.36,84.65,31.91,94.02,28.50,49.19,true,0
session_20260624_181854_P001,1674,182559,2026-06-24T18:21:57.737849,Okulary BME280,"29.64,53.04,31.41,84.89,32.00,94.10,28.50,49.19",29.64,53.04,31.41,84.89,32.00,94.10,28.50,49.19,true,0
session_20260624_181854_P001,1675,182658,2026-06-24T18:21:57.836875,Okulary BME280,"29.64,52.95,31.45,85.10,32.08,94.04,28.50,49.19",29.64,52.95,31.45,85.10,32.08,94.04,28.50,49.19,true,0
session_20260624_181854_P001,1676,182806,2026-06-24T18:21:57.984807,Okulary BME280,"29.63,52.86,31.49,85.30,32.15,94.01,28.50,49.19",29.63,52.86,31.49,85.30,32.15,94.01,28.50,49.19,true,0
session_20260624_181854_P001,1677,182866,2026-06-24T18:21:58.044843,Okulary BME280,"29.63,52.78,31.52,85.46,32.16,93.96,28.50,49.19",29.63,52.78,31.52,85.46,32.16,93.96,28.50,49.19,true,0
session_20260624_181854_P001,1678,183018,2026-06-24T18:21:58.197227,Okulary BME280,"29.63,52.72,31.54,85.74,32.16,93.89,28.50,49.20",29.63,52.72,31.54,85.74,32.16,93.89,28.50,49.20,true,0
session_20260624_181854_P001,1679,183118,2026-06-24T18:21:58.296891,Okulary BME280,"29.63,52.72,31.54,85.79,32.14,93.70,28.50,49.22",29.63,52.72,31.54,85.79,32.14,93.70,28.50,49.22,true,0
session_20260624_181854_P001,1680,183257,2026-06-24T18:21:58.435909,Okulary BME280,"29.63,52.87,31.50,85.69,32.07,93.43,28.51,49.25",29.63,52.87,31.50,85.69,32.07,93.43,28.51,49.25,true,0
session_20260624_181854_P001,1681,183317,2026-06-24T18:21:58.496218,Okulary BME280,"29.64,53.01,31.42,85.47,31.95,93.12,28.52,49.28",29.64,53.01,31.42,85.47,31.95,93.12,28.52,49.28,true,0
session_20260624_181854_P001,1682,183409,2026-06-24T18:21:58.587740,Okulary BME280,"29.65,53.35,31.31,85.24,31.81,92.83,28.52,49.30",29.65,53.35,31.31,85.24,31.81,92.83,28.52,49.30,true,0
session_20260624_181854_P001,1683,183571,2026-06-24T18:21:58.749896,Okulary BME280,"29.66,53.45,31.18,84.98,31.68,92.60,28.52,49.32",29.66,53.45,31.18,84.98,31.68,92.60,28.52,49.32,true,0
session_20260624_181854_P001,1684,183633,2026-06-24T18:21:58.812052,Okulary BME280,"29.66,53.49,31.05,84.73,31.57,92.43,28.53,49.32",29.66,53.49,31.05,84.73,31.57,92.43,28.53,49.32,true,0
session_20260624_181854_P001,1685,183788,2026-06-24T18:21:58.967187,Okulary BME280,"29.66,53.49,30.95,84.47,31.39,92.27,28.53,49.33",29.66,53.49,30.95,84.47,31.39,92.27,28.53,49.33,true,0
session_20260624_181854_P001,1686,183856,2026-06-24T18:21:59.035364,Okulary BME280,"29.66,53.48,30.88,83.95,31.31,92.25,28.53,49.33",29.66,53.48,30.88,83.95,31.31,92.25,28.53,49.33,true,0
session_20260624_181854_P001,1687,184007,2026-06-24T18:21:59.185721,Okulary BME280,"29.66,53.47,30.78,83.72,31.27,92.25,28.53,49.32",29.66,53.47,30.78,83.72,31.27,92.25,28.53,49.32,true,0
session_20260624_181854_P001,1688,184104,2026-06-24T18:21:59.282651,Okulary BME280,"29.66,53.48,30.77,83.54,31.24,92.27,28.53,49.37",29.66,53.48,30.77,83.54,31.24,92.27,28.53,49.37,true,0
session_20260624_181854_P001,1689,184195,2026-06-24T18:21:59.374003,Okulary BME280,"29.65,53.54,30.76,83.38,31.22,92.30,28.54,49.33",29.65,53.54,30.76,83.38,31.22,92.30,28.54,49.33,true,0
session_20260624_181854_P001,1690,184312,2026-06-24T18:21:59.490954,Okulary BME280,"29.66,53.49,30.77,83.23,31.22,92.31,28.53,49.33",29.66,53.49,30.77,83.23,31.22,92.31,28.53,49.33,true,0
session_20260624_181854_P001,1691,184424,2026-06-24T18:21:59.602653,Okulary BME280,"29.67,53.50,30.77,83.11,31.22,92.32,28.53,49.33",29.67,53.50,30.77,83.11,31.22,92.32,28.53,49.33,true,0
session_20260624_181854_P001,1692,184533,2026-06-24T18:21:59.711587,Okulary BME280,"29.67,53.53,30.78,82.95,31.23,92.32,28.53,49.35",29.67,53.53,30.78,82.95,31.23,92.32,28.53,49.35,true,0
session_20260624_181854_P001,1693,184635,2026-06-24T18:21:59.814030,Okulary BME280,"29.67,53.55,30.79,82.76,31.23,92.29,28.53,49.35",29.67,53.55,30.79,82.76,31.23,92.29,28.53,49.35,true,0
session_20260624_181854_P001,1694,184783,2026-06-24T18:21:59.961589,Okulary BME280,"29.67,53.60,30.80,82.61,31.24,92.38,28.53,49.36",29.67,53.60,30.80,82.61,31.24,92.38,28.53,49.36,true,0
session_20260624_181854_P001,1695,184875,2026-06-24T18:22:00.054019,Okulary BME280,"29.67,53.78,30.84,82.80,31.25,92.78,28.53,49.37",29.67,53.78,30.84,82.80,31.25,92.78,28.53,49.37,true,0
session_20260624_181854_P001,1696,184936,2026-06-24T18:22:00.115483,Okulary BME280,"29.68,54.02,30.91,83.08,31.30,93.12,28.53,49.39",29.68,54.02,30.91,83.08,31.30,93.12,28.53,49.39,true,0
session_20260624_181854_P001,1697,185071,2026-06-24T18:22:00.249633,Okulary BME280,"29.69,54.27,31.00,83.39,31.41,93.36,28.54,49.42",29.69,54.27,31.00,83.39,31.41,93.36,28.54,49.42,true,0
session_20260624_181854_P001,1698,185184,2026-06-24T18:22:00.363279,Okulary BME280,"29.69,54.58,31.10,83.68,31.55,93.52,28.54,49.49",29.69,54.58,31.10,83.68,31.55,93.52,28.54,49.49,true,0
session_20260624_181854_P001,1699,185317,2026-06-24T18:22:00.495813,Okulary BME280,"29.70,54.79,31.19,83.97,31.66,93.63,28.54,49.51",29.70,54.79,31.19,83.97,31.66,93.63,28.54,49.51,true,0
session_20260624_181854_P001,1700,185417,2026-06-24T18:22:00.595921,Okulary BME280,"29.70,54.89,31.27,84.24,31.77,93.71,28.55,49.52",29.70,54.89,31.27,84.24,31.77,93.71,28.55,49.52,true,0
session_20260624_181854_P001,1701,185488,2026-06-24T18:22:00.666929,Okulary BME280,"29.70,54.89,31.32,84.50,31.85,93.80,28.54,49.54",29.70,54.89,31.32,84.50,31.85,93.80,28.54,49.54,true,0
session_20260624_181854_P001,1702,185631,2026-06-24T18:22:00.810127,Okulary BME280,"29.69,54.81,31.37,84.77,31.92,93.82,28.55,49.56",29.69,54.81,31.37,84.77,31.92,93.82,28.55,49.56,true,0
session_20260624_181854_P001,1703,185719,2026-06-24T18:22:00.898490,Okulary BME280,"29.68,54.70,31.41,84.98,32.03,93.89,28.55,49.57",29.68,54.70,31.41,84.98,32.03,93.89,28.55,49.57,true,0
session_20260624_181854_P001,1704,185872,2026-06-24T18:22:01.050747,Okulary BME280,"29.68,54.59,31.48,85.32,32.08,93.87,28.55,49.58",29.68,54.59,31.48,85.32,32.08,93.87,28.55,49.58,true,0
session_20260624_181854_P001,1705,185929,2026-06-24T18:22:01.107860,Okulary BME280,"29.67,54.49,31.49,85.46,32.10,93.83,28.55,49.59",29.67,54.49,31.49,85.46,32.10,93.83,28.55,49.59,true,0
session_20260624_181854_P001,1706,186072,2026-06-24T18:22:01.251444,Okulary BME280,"29.67,54.42,31.50,85.57,32.11,93.77,28.55,49.63",29.67,54.42,31.50,85.57,32.11,93.77,28.55,49.63,true,0
session_20260624_181854_P001,1707,186164,2026-06-24T18:22:01.342688,Okulary BME280,"29.67,54.17,31.49,85.65,32.10,93.68,28.56,49.57",29.67,54.17,31.49,85.65,32.10,93.68,28.56,49.57,true,0
session_20260624_181854_P001,1708,186242,2026-06-24T18:22:01.421082,Okulary BME280,"29.66,53.93,31.46,85.63,32.07,93.53,28.55,49.54",29.66,53.93,31.46,85.63,32.07,93.53,28.55,49.54,true,0
session_20260624_181854_P001,1709,186387,2026-06-24T18:22:01.566462,Okulary BME280,"29.65,53.72,31.41,85.46,32.01,93.17,28.55,49.52",29.65,53.72,31.41,85.46,32.01,93.17,28.55,49.52,true,0
session_20260624_181854_P001,1710,186520,2026-06-24T18:22:01.699173,Okulary BME280,"29.64,53.54,31.32,85.20,31.88,92.79,28.55,49.51",29.64,53.54,31.32,85.20,31.88,92.79,28.55,49.51,true,0
session_20260624_181854_P001,1711,186623,2026-06-24T18:22:01.801884,Okulary BME280,"29.64,53.38,31.20,84.90,31.57,92.42,28.54,49.51",29.64,53.38,31.20,84.90,31.57,92.42,28.54,49.51,true,0
session_20260624_181854_P001,1712,186693,2026-06-24T18:22:01.872110,Okulary BME280,"29.63,53.25,31.07,84.68,31.46,92.37,28.54,49.50",29.63,53.25,31.07,84.68,31.46,92.37,28.54,49.50,true,0
session_20260624_181854_P001,1713,186825,2026-06-24T18:22:02.004192,Okulary BME280,"29.63,53.14,30.87,84.13,31.37,92.33,28.54,49.47",29.63,53.14,30.87,84.13,31.37,92.33,28.54,49.47,true,0
session_20260624_181854_P001,1714,186928,2026-06-24T18:22:02.107060,Okulary BME280,"29.63,53.06,30.82,83.90,31.31,92.29,28.54,49.44",29.63,53.06,30.82,83.90,31.31,92.29,28.54,49.44,true,0
session_20260624_181854_P001,1715,187026,2026-06-24T18:22:02.204691,Okulary BME280,"29.63,52.96,30.77,83.66,31.26,92.25,28.54,49.45",29.63,52.96,30.77,83.66,31.26,92.25,28.54,49.45,true,0
session_20260624_181854_P001,1716,187144,2026-06-24T18:22:02.322631,Okulary BME280,"29.64,52.87,30.75,83.43,31.23,92.19,28.53,49.38",29.64,52.87,30.75,83.43,31.23,92.19,28.53,49.38,true,0
session_20260624_181854_P001,1717,187244,2026-06-24T18:22:02.423418,Okulary BME280,"29.64,53.00,30.74,83.20,31.20,92.14,28.53,49.36",29.64,53.00,30.74,83.20,31.20,92.14,28.53,49.36,true,0
session_20260624_181854_P001,1718,187375,2026-06-24T18:22:02.554475,Okulary BME280,"29.64,53.19,30.73,82.96,31.17,92.14,28.53,49.33",29.64,53.19,30.73,82.96,31.17,92.14,28.53,49.33,true,0
session_20260624_181854_P001,1719,187456,2026-06-24T18:22:02.635082,Okulary BME280,"29.65,53.38,30.72,82.75,31.15,92.08,28.52,49.32",29.65,53.38,30.72,82.75,31.15,92.08,28.52,49.32,true,0
session_20260624_181854_P001,1720,187557,2026-06-24T18:22:02.736524,Okulary BME280,"29.66,53.56,30.72,82.53,31.11,92.22,28.52,49.31",29.66,53.56,30.72,82.53,31.11,92.22,28.52,49.31,true,0
session_20260624_181854_P001,1721,187684,2026-06-24T18:22:02.862694,Okulary BME280,"29.67,53.70,30.72,82.51,31.12,92.64,28.52,49.31",29.67,53.70,30.72,82.51,31.12,92.64,28.52,49.31,true,0
session_20260624_181854_P001,1722,187771,2026-06-24T18:22:02.949582,Okulary BME280,"29.67,53.71,30.83,83.00,31.19,93.00,28.52,49.30",29.67,53.71,30.83,83.00,31.19,93.00,28.52,49.30,true,0
session_20260624_181854_P001,1723,187920,2026-06-24T18:22:03.098813,Okulary BME280,"29.67,53.63,30.93,83.33,31.30,93.26,28.52,49.26",29.67,53.63,30.93,83.33,31.30,93.26,28.52,49.26,true,0
session_20260624_181854_P001,1724,187999,2026-06-24T18:22:03.177858,Okulary BME280,"29.66,53.45,31.03,83.63,31.43,93.45,28.51,49.27",29.66,53.45,31.03,83.63,31.43,93.45,28.51,49.27,true,0
session_20260624_181854_P001,1725,188143,2026-06-24T18:22:03.321570,Okulary BME280,"29.66,53.34,31.13,83.92,31.57,93.59,28.52,49.24",29.66,53.34,31.13,83.92,31.57,93.59,28.52,49.24,true,0
session_20260624_181854_P001,1726,188242,2026-06-24T18:22:03.421543,Okulary BME280,"29.65,53.24,31.22,84.20,31.69,93.66,28.52,49.22",29.65,53.24,31.22,84.20,31.69,93.66,28.52,49.22,true,0
session_20260624_181854_P001,1727,188333,2026-06-24T18:22:03.511859,Okulary BME280,"29.65,53.22,31.28,84.43,31.79,93.71,28.52,49.22",29.65,53.22,31.28,84.43,31.79,93.71,28.52,49.22,true,0
session_20260624_181854_P001,1728,188466,2026-06-24T18:22:03.644645,Okulary BME280,"29.65,53.22,31.33,84.66,31.88,93.77,28.51,49.22",29.65,53.22,31.33,84.66,31.88,93.77,28.51,49.22,true,0
session_20260624_181854_P001,1729,188564,2026-06-24T18:22:03.743517,Okulary BME280,"29.65,53.17,31.36,84.84,31.99,93.81,28.52,49.22",29.65,53.17,31.36,84.84,31.99,93.81,28.52,49.22,true,0
session_20260624_181854_P001,1730,188687,2026-06-24T18:22:03.865854,Okulary BME280,"29.65,53.13,31.39,85.06,32.02,93.75,28.52,49.21",29.65,53.13,31.39,85.06,32.02,93.75,28.52,49.21,true,0
session_20260624_181854_P001,1731,188784,2026-06-24T18:22:03.962742,Okulary BME280,"29.64,53.04,31.41,85.14,32.03,93.42,28.52,49.19",29.64,53.04,31.41,85.14,32.03,93.42,28.52,49.19,true,0
session_20260624_181854_P001,1732,188926,2026-06-24T18:22:04.104761,Okulary BME280,"29.64,53.02,31.36,84.97,31.94,92.99,28.52,49.19",29.64,53.02,31.36,84.97,31.94,92.99,28.52,49.19,true,0
session_20260624_181854_P001,1733,188987,2026-06-24T18:22:04.166440,Okulary BME280,"29.64,53.01,31.26,84.71,31.80,92.66,28.52,49.17",29.64,53.01,31.26,84.71,31.80,92.66,28.52,49.17,true,0
session_20260624_181854_P001,1734,189086,2026-06-24T18:22:04.265250,Okulary BME280,"29.64,53.00,31.13,84.45,31.64,92.45,28.53,49.18",29.64,53.00,31.13,84.45,31.64,92.45,28.53,49.18,true,0
session_20260624_181854_P001,1735,189236,2026-06-24T18:22:04.414602,Okulary BME280,"29.64,53.01,31.01,84.21,31.52,92.30,28.53,49.18",29.64,53.01,31.01,84.21,31.52,92.30,28.53,49.18,true,0
session_20260624_181854_P001,1736,189332,2026-06-24T18:22:04.511131,Okulary BME280,"29.64,53.00,30.92,83.98,31.40,92.21,28.53,49.17",29.64,53.00,30.92,83.98,31.40,92.21,28.53,49.17,true,0
session_20260624_181854_P001,1737,189436,2026-06-24T18:22:04.615138,Okulary BME280,"29.64,52.98,30.85,83.76,31.32,92.23,28.53,49.18",29.64,52.98,30.85,83.76,31.32,92.23,28.53,49.18,true,0
session_20260624_181854_P001,1738,189527,2026-06-24T18:22:04.705622,Okulary BME280,"29.64,52.97,30.80,83.53,31.21,92.17,28.53,49.18",29.64,52.97,30.80,83.53,31.21,92.17,28.53,49.18,true,0
session_20260624_181854_P001,1739,189669,2026-06-24T18:22:04.847629,Okulary BME280,"29.64,52.98,30.76,83.08,31.17,92.16,28.53,49.18",29.64,52.98,30.76,83.08,31.17,92.16,28.53,49.18,true,0
session_20260624_181854_P001,1740,189754,2026-06-24T18:22:04.932873,Okulary BME280,"29.65,52.97,30.72,82.86,31.14,92.11,28.53,49.17",29.65,52.97,30.72,82.86,31.14,92.11,28.53,49.17,true,0
session_20260624_181854_P001,1741,189855,2026-06-24T18:22:05.034033,Okulary BME280,"29.66,53.03,30.72,82.64,31.12,92.07,28.54,49.16",29.66,53.03,30.72,82.64,31.12,92.07,28.54,49.16,true,0
session_20260624_181854_P001,1742,190001,2026-06-24T18:22:05.180433,Okulary BME280,"29.66,53.00,30.71,82.42,31.10,92.03,28.53,49.17",29.66,53.00,30.71,82.42,31.10,92.03,28.53,49.17,true,0
session_20260624_181854_P001,1743,190095,2026-06-24T18:22:05.273915,Okulary BME280,"29.66,53.01,30.71,82.20,31.09,91.93,28.53,49.15",29.66,53.01,30.71,82.20,31.09,91.93,28.53,49.15,true,0
session_20260624_181854_P001,1744,190220,2026-06-24T18:22:05.398877,Okulary BME280,"29.66,53.00,30.71,82.00,31.07,91.88,28.53,49.14",29.66,53.00,30.71,82.00,31.07,91.88,28.53,49.14,true,0
session_20260624_181854_P001,1745,190304,2026-06-24T18:22:05.482859,Okulary BME280,"29.65,53.00,30.71,81.83,31.05,91.83,28.53,49.13",29.65,53.00,30.71,81.83,31.05,91.83,28.53,49.13,true,0
session_20260624_181854_P001,1746,190402,2026-06-24T18:22:05.581018,Okulary BME280,"29.66,52.96,30.71,81.71,31.04,92.23,28.53,49.13",29.66,52.96,30.71,81.71,31.04,92.23,28.53,49.13,true,0
session_20260624_181854_P001,1747,190539,2026-06-24T18:22:05.718403,Okulary BME280,"29.65,52.91,30.73,81.84,31.08,92.61,28.53,49.13",29.65,52.91,30.73,81.84,31.08,92.61,28.53,49.13,true,0
session_20260624_181854_P001,1748,190625,2026-06-24T18:22:05.804290,Okulary BME280,"29.66,52.88,30.87,82.47,31.17,92.92,28.53,49.14",29.66,52.88,30.87,82.47,31.17,92.92,28.53,49.14,true,0
session_20260624_181854_P001,1749,190743,2026-06-24T18:22:05.921613,Okulary BME280,"29.66,52.76,30.96,82.79,31.30,93.17,28.53,49.19",29.66,52.76,30.96,82.79,31.30,93.17,28.53,49.19,true,0
session_20260624_181854_P001,1750,190831,2026-06-24T18:22:06.010393,Okulary BME280,"29.65,52.73,31.05,83.14,31.44,93.35,28.53,49.22",29.65,52.73,31.05,83.14,31.44,93.35,28.53,49.22,true,0
session_20260624_181854_P001,1751,190968,2026-06-24T18:22:06.147147,Okulary BME280,"29.65,52.70,31.14,83.45,31.58,93.48,28.54,49.24",29.65,52.70,31.14,83.45,31.58,93.48,28.54,49.24,true,0
session_20260624_181854_P001,1752,191086,2026-06-24T18:22:06.265028,Okulary BME280,"29.66,52.66,31.22,83.74,31.70,93.59,28.54,49.24",29.66,52.66,31.22,83.74,31.70,93.59,28.54,49.24,true,0
session_20260624_181854_P001,1753,191158,2026-06-24T18:22:06.336671,Okulary BME280,"29.66,52.63,31.29,84.02,31.81,93.66,28.54,49.25",29.66,52.63,31.29,84.02,31.81,93.66,28.54,49.25,true,0
session_20260624_181854_P001,1754,191291,2026-06-24T18:22:06.470046,Okulary BME280,"29.65,52.63,31.34,84.27,31.91,93.76,28.54,49.25",29.65,52.63,31.34,84.27,31.91,93.76,28.54,49.25,true,0
session_20260624_181854_P001,1755,191375,2026-06-24T18:22:06.554469,Okulary BME280,"29.65,52.66,31.38,84.45,32.04,93.74,28.54,49.25",29.65,52.66,31.38,84.45,32.04,93.74,28.54,49.25,true,0
session_20260624_181854_P001,1756,191520,2026-06-24T18:22:06.698847,Okulary BME280,"29.65,52.66,31.41,84.69,32.08,93.72,28.54,49.25",29.65,52.66,31.41,84.69,32.08,93.72,28.54,49.25,true,0
session_20260624_181854_P001,1757,191617,2026-06-24T18:22:06.795998,Okulary BME280,"29.65,52.63,31.44,85.04,32.09,93.67,28.55,49.24",29.65,52.63,31.44,85.04,32.09,93.67,28.55,49.24,true,0
session_20260624_181854_P001,1758,191736,2026-06-24T18:22:06.914826,Okulary BME280,"29.65,52.58,31.44,85.17,32.09,93.60,28.55,49.25",29.65,52.58,31.44,85.17,32.09,93.60,28.55,49.25,true,0
session_20260624_181854_P001,1759,191830,2026-06-24T18:22:07.009041,Okulary BME280,"29.64,52.56,31.43,85.26,32.08,93.48,28.55,49.27",29.64,52.56,31.43,85.26,32.08,93.48,28.55,49.27,true,0
session_20260624_181854_P001,1760,191921,2026-06-24T18:22:07.099582,Okulary BME280,"29.65,52.61,31.41,85.24,32.04,93.29,28.55,49.27",29.65,52.61,31.41,85.24,32.04,93.29,28.55,49.27,true,0
session_20260624_181854_P001,1761,192075,2026-06-24T18:22:07.253991,Okulary BME280,"29.65,52.76,31.37,85.13,31.95,93.02,28.55,49.32",29.65,52.76,31.37,85.13,31.95,93.02,28.55,49.32,true,0
session_20260624_181854_P001,1762,192139,2026-06-24T18:22:07.317992,Okulary BME280,"29.65,52.89,31.28,84.95,31.83,92.73,28.55,49.32",29.65,52.89,31.28,84.95,31.83,92.73,28.55,49.32,true,0
session_20260624_181854_P001,1763,192271,2026-06-24T18:22:07.450356,Okulary BME280,"29.65,53.00,31.16,84.71,31.70,92.44,28.55,49.32",29.65,53.00,31.16,84.71,31.70,92.44,28.55,49.32,true,0
session_20260624_181854_P001,1764,192362,2026-06-24T18:22:07.541322,Okulary BME280,"29.66,53.07,31.03,84.45,31.47,92.09,28.55,49.32",29.66,53.07,31.03,84.45,31.47,92.09,28.55,49.32,true,0
session_20260624_181854_P001,1765,192452,2026-06-24T18:22:07.631411,Okulary BME280,"29.67,53.10,30.92,84.23,31.38,92.00,28.55,49.32",29.67,53.10,30.92,84.23,31.38,92.00,28.55,49.32,true,0
session_20260624_181854_P001,1766,192625,2026-06-24T18:22:07.804147,Okulary BME280,"29.66,53.20,30.77,83.71,31.31,91.94,28.55,49.30",29.66,53.20,30.77,83.71,31.31,91.94,28.55,49.30,true,0
session_20260624_181854_P001,1767,192677,2026-06-24T18:22:07.855811,Okulary BME280,"29.66,53.07,30.73,83.46,31.26,91.88,28.55,49.30",29.66,53.07,30.73,83.46,31.26,91.88,28.55,49.30,true,0
session_20260624_181854_P001,1768,192828,2026-06-24T18:22:08.006852,Okulary BME280,"29.65,53.06,30.69,83.19,31.22,91.84,28.54,49.29",29.65,53.06,30.69,83.19,31.22,91.84,28.54,49.29,true,0
session_20260624_181854_P001,1769,192932,2026-06-24T18:22:08.110938,Okulary BME280,"29.65,53.08,30.66,82.96,31.18,91.85,28.54,49.30",29.65,53.08,30.66,82.96,31.18,91.85,28.54,49.30,true,0
session_20260624_181854_P001,1770,193038,2026-06-24T18:22:08.217525,Okulary BME280,"29.65,53.13,30.65,82.85,31.17,91.91,28.54,49.31",29.65,53.13,30.65,82.85,31.17,91.91,28.54,49.31,true,0
session_20260624_181854_P001,1771,193131,2026-06-24T18:22:08.309896,Okulary BME280,"29.65,53.21,30.66,82.76,31.16,92.02,28.54,49.32",29.65,53.21,30.66,82.76,31.16,92.02,28.54,49.32,true,0
session_20260624_181854_P001,1772,193238,2026-06-24T18:22:08.416612,Okulary BME280,"29.66,53.33,30.67,82.66,31.17,92.08,28.54,49.35",29.66,53.33,30.67,82.66,31.17,92.08,28.54,49.35,true,0
session_20260624_181854_P001,1773,193392,2026-06-24T18:22:08.570688,Okulary BME280,"29.67,53.47,30.68,82.51,31.20,92.16,28.54,49.35",29.67,53.47,30.68,82.51,31.20,92.16,28.54,49.35,true,0
session_20260624_181854_P001,1774,193460,2026-06-24T18:22:08.639392,Okulary BME280,"29.68,53.62,30.69,82.41,31.21,92.16,28.54,49.35",29.68,53.62,30.69,82.41,31.21,92.16,28.54,49.35,true,0
session_20260624_181854_P001,1775,193581,2026-06-24T18:22:08.759949,Okulary BME280,"29.68,54.04,30.72,82.51,31.23,92.47,28.55,49.35",29.68,54.04,30.72,82.51,31.23,92.47,28.55,49.35,true,0
session_20260624_181854_P001,1776,193672,2026-06-24T18:22:08.851412,Okulary BME280,"29.68,54.37,30.79,82.76,31.27,92.78,28.55,49.35",29.68,54.37,30.79,82.76,31.27,92.78,28.55,49.35,true,0
session_20260624_181854_P001,1777,193816,2026-06-24T18:22:08.995272,Okulary BME280,"29.70,54.65,30.88,83.04,31.35,93.03,28.55,49.36",29.70,54.65,30.88,83.04,31.35,93.03,28.55,49.36,true,0
session_20260624_181854_P001,1778,193936,2026-06-24T18:22:09.115067,Okulary BME280,"29.70,54.84,30.97,83.35,31.46,93.22,28.55,49.38",29.70,54.84,30.97,83.35,31.46,93.22,28.55,49.38,true,0
session_20260624_181854_P001,1779,193999,2026-06-24T18:22:09.177647,Okulary BME280,"29.71,54.94,31.07,83.63,31.58,93.37,28.55,49.36",29.71,54.94,31.07,83.63,31.58,93.37,28.55,49.36,true,0
session_20260624_181854_P001,1780,194138,2026-06-24T18:22:09.316906,Okulary BME280,"29.70,55.07,31.16,83.92,31.70,93.47,28.55,49.37",29.70,55.07,31.16,83.92,31.70,93.47,28.55,49.37,true,0
session_20260624_181854_P001,1781,194236,2026-06-24T18:22:09.414770,Okulary BME280,"29.70,55.33,31.23,84.18,31.81,93.60,28.55,49.39",29.70,55.33,31.23,84.18,31.81,93.60,28.55,49.39,true,0
session_20260624_181854_P001,1782,194363,2026-06-24T18:22:09.542411,Okulary BME280,"29.70,55.54,31.30,84.40,31.98,93.64,28.55,49.41",29.70,55.54,31.30,84.40,31.98,93.64,28.55,49.41,true,0
session_20260624_181854_P001,1783,194432,2026-06-24T18:22:09.611439,Okulary BME280,"29.71,55.72,31.35,84.66,32.04,93.67,28.56,49.42",29.71,55.72,31.35,84.66,32.04,93.67,28.56,49.42,true,0
session_20260624_181854_P001,1784,194568,2026-06-24T18:22:09.746655,Okulary BME280,"29.71,56.15,31.43,85.05,32.09,93.69,28.56,49.43",29.71,56.15,31.43,85.05,32.09,93.69,28.56,49.43,true,0
session_20260624_181854_P001,1785,194656,2026-06-24T18:22:09.835503,Okulary BME280,"29.71,56.28,31.46,85.23,32.13,93.71,28.56,49.44",29.71,56.28,31.46,85.23,32.13,93.71,28.56,49.44,true,0
session_20260624_181854_P001,1786,194775,2026-06-24T18:22:09.954324,Okulary BME280,"29.71,56.29,31.50,85.39,32.16,93.71,28.57,49.44",29.71,56.29,31.50,85.39,32.16,93.71,28.57,49.44,true,0
session_20260624_181854_P001,1787,194906,2026-06-24T18:22:10.084846,Okulary BME280,"29.71,56.18,31.52,85.54,32.18,93.72,28.57,49.42",29.71,56.18,31.52,85.54,32.18,93.72,28.57,49.42,true,0
session_20260624_181854_P001,1788,194971,2026-06-24T18:22:10.149700,Okulary BME280,"29.70,56.06,31.54,85.68,32.20,93.74,28.56,49.42",29.70,56.06,31.54,85.68,32.20,93.74,28.56,49.42,true,0
session_20260624_181854_P001,1789,195138,2026-06-24T18:22:10.316655,Okulary BME280,"29.69,55.91,31.55,85.80,32.22,93.67,28.56,49.41",29.69,55.91,31.55,85.80,32.22,93.67,28.56,49.41,true,0
session_20260624_181854_P001,1790,195205,2026-06-24T18:22:10.383643,Okulary BME280,"29.68,55.76,31.55,85.90,32.22,93.57,28.56,49.41",29.68,55.76,31.55,85.90,32.22,93.57,28.56,49.41,true,0
session_20260624_181854_P001,1791,195301,2026-06-24T18:22:10.480054,Okulary BME280,"29.67,55.53,31.54,85.98,32.20,93.40,28.57,49.40",29.67,55.53,31.54,85.98,32.20,93.40,28.57,49.40,true,0
session_20260624_181854_P001,1792,195433,2026-06-24T18:22:10.612343,Okulary BME280,"29.66,55.30,31.53,85.64,32.12,93.00,28.57,49.38",29.66,55.30,31.53,85.64,32.12,93.00,28.57,49.38,true,0
session_20260624_181854_P001,1793,195553,2026-06-24T18:22:10.731689,Okulary BME280,"29.66,55.19,31.37,85.37,31.97,92.60,28.56,49.37",29.66,55.19,31.37,85.37,31.97,92.60,28.56,49.37,true,0
session_20260624_181854_P001,1794,195649,2026-06-24T18:22:10.828365,Okulary BME280,"29.66,55.09,31.23,85.10,31.81,92.33,28.56,49.36",29.66,55.09,31.23,85.10,31.81,92.33,28.56,49.36,true,0
session_20260624_181854_P001,1795,195738,2026-06-24T18:22:10.916794,Okulary BME280,"29.66,55.03,31.09,84.86,31.66,92.14,28.57,49.34",29.66,55.03,31.09,84.86,31.66,92.14,28.57,49.34,true,0
session_20260624_181854_P001,1796,195903,2026-06-24T18:22:11.082413,Okulary BME280,"29.67,54.98,30.98,84.64,31.54,92.03,28.57,49.32",29.67,54.98,30.98,84.64,31.54,92.03,28.57,49.32,true,0
session_20260624_181854_P001,1797,195966,2026-06-24T18:22:11.145194,Okulary BME280,"29.67,54.92,30.89,84.41,31.44,91.99,28.57,49.30",29.67,54.92,30.89,84.41,31.44,91.99,28.57,49.30,true,0
session_20260624_181854_P001,1798,196055,2026-06-24T18:22:11.234511,Okulary BME280,"29.67,54.90,30.83,84.21,31.35,91.91,28.56,49.33",29.67,54.90,30.83,84.21,31.35,91.91,28.56,49.33,true,0
session_20260624_181854_P001,1799,196199,2026-06-24T18:22:11.378069,Okulary BME280,"29.67,54.86,30.80,84.04,31.23,91.88,28.56,49.35",29.67,54.86,30.80,84.04,31.23,91.88,28.56,49.35,true,0
session_20260624_181854_P001,1800,196298,2026-06-24T18:22:11.476817,Okulary BME280,"29.67,54.93,30.77,83.81,31.19,91.88,28.57,49.37",29.67,54.93,30.77,83.81,31.19,91.88,28.57,49.37,true,0
session_20260624_181854_P001,1801,196438,2026-06-24T18:22:11.616887,Okulary BME280,"29.68,54.80,30.73,83.37,31.16,91.89,28.58,49.37",29.68,54.80,30.73,83.37,31.16,91.89,28.58,49.37,true,0
session_20260624_181854_P001,1802,196533,2026-06-24T18:22:11.711728,Okulary BME280,"29.67,54.69,30.73,83.15,31.15,91.87,28.58,49.36",29.67,54.69,30.73,83.15,31.15,91.87,28.58,49.36,true,0
session_20260624_181854_P001,1803,196639,2026-06-24T18:22:11.818402,Okulary BME280,"29.67,54.56,30.73,82.94,31.14,91.83,28.57,49.35",29.67,54.56,30.73,82.94,31.14,91.83,28.57,49.35,true,0
session_20260624_181854_P001,1804,196726,2026-06-24T18:22:11.904635,Okulary BME280,"29.67,54.48,30.73,82.73,31.13,91.81,28.57,49.35",29.67,54.48,30.73,82.73,31.13,91.81,28.57,49.35,true,0
session_20260624_181854_P001,1805,196838,2026-06-24T18:22:12.016573,Okulary BME280,"29.68,54.39,30.73,82.54,31.11,91.79,28.57,49.36",29.68,54.39,30.73,82.54,31.11,91.79,28.57,49.36,true,0
session_20260624_181854_P001,1806,196952,2026-06-24T18:22:12.131227,Okulary BME280,"29.67,54.33,30.74,82.47,31.11,91.84,28.57,49.32",29.67,54.33,30.74,82.47,31.11,91.84,28.57,49.32,true,0
session_20260624_181854_P001,1807,197044,2026-06-24T18:22:12.222991,Okulary BME280,"29.68,54.29,30.75,82.64,31.11,92.19,28.57,49.30",29.68,54.29,30.75,82.64,31.11,92.19,28.57,49.30,true,0
session_20260624_181854_P001,1808,197225,2026-06-24T18:22:12.404228,Okulary BME280,"29.68,54.22,30.82,82.92,31.26,92.87,28.57,49.29",29.68,54.22,30.82,82.92,31.26,92.87,28.57,49.29,true,0
session_20260624_181854_P001,1809,197265,2026-06-24T18:22:12.443953,Okulary BME280,"29.68,53.99,30.91,83.22,31.38,93.08,28.58,49.32",29.68,53.99,30.91,83.22,31.38,93.08,28.58,49.32,true,0
session_20260624_181854_P001,1810,197361,2026-06-24T18:22:12.539681,Okulary BME280,"29.68,53.86,31.10,83.80,31.53,93.24,28.58,49.34",29.68,53.86,31.10,83.80,31.53,93.24,28.58,49.34,true,0
session_20260624_181854_P001,1811,197493,2026-06-24T18:22:12.672360,Okulary BME280,"29.68,53.70,31.19,84.08,31.65,93.36,28.58,49.35",29.68,53.70,31.19,84.08,31.65,93.36,28.58,49.35,true,0
session_20260624_181854_P001,1812,197583,2026-06-24T18:22:12.762413,Okulary BME280,"29.67,53.57,31.26,84.32,31.78,93.45,28.58,49.35",29.67,53.57,31.26,84.32,31.78,93.45,28.58,49.35,true,0
session_20260624_181854_P001,1813,197730,2026-06-24T18:22:12.909029,Okulary BME280,"29.67,53.44,31.31,84.58,31.87,93.51,28.59,49.36",29.67,53.44,31.31,84.58,31.87,93.51,28.59,49.36,true,0
session_20260624_181854_P001,1814,197831,2026-06-24T18:22:13.009791,Okulary BME280,"29.66,53.35,31.37,84.80,31.95,93.57,28.59,49.34",29.66,53.35,31.37,84.80,31.95,93.57,28.59,49.34,true,0
session_20260624_181854_P001,1815,197959,2026-06-24T18:22:13.138275,Okulary BME280,"29.66,53.35,31.40,85.01,32.02,93.59,28.58,49.34",29.66,53.35,31.40,85.01,32.02,93.59,28.58,49.34,true,0
session_20260624_181854_P001,1816,198056,2026-06-24T18:22:13.234709,Okulary BME280,"29.65,53.29,31.43,85.18,32.07,93.58,28.59,49.32",29.65,53.29,31.43,85.18,32.07,93.58,28.59,49.32,true,0
session_20260624_181854_P001,1817,198159,2026-06-24T18:22:13.337830,Okulary BME280,"29.67,53.39,31.45,85.33,32.11,93.41,28.58,49.30",29.67,53.39,31.45,85.33,32.11,93.41,28.58,49.30,true,0
session_20260624_181854_P001,1818,198281,2026-06-24T18:22:13.459850,Okulary BME280,"29.66,53.45,31.45,85.42,32.08,93.24,28.58,49.29",29.66,53.45,31.45,85.42,32.08,93.24,28.58,49.29,true,0
session_20260624_181854_P001,1819,198345,2026-06-24T18:22:13.524146,Okulary BME280,"29.67,53.57,31.42,85.45,32.02,92.95,28.57,49.28",29.67,53.57,31.42,85.45,32.02,92.95,28.57,49.28,true,0
session_20260624_181854_P001,1820,198498,2026-06-24T18:22:13.677236,Okulary BME280,"29.67,53.62,31.36,85.33,31.90,92.58,28.57,49.26",29.67,53.62,31.36,85.33,31.90,92.58,28.57,49.26,true,0
session_20260624_181854_P001,1821,198572,2026-06-24T18:22:13.750589,Okulary BME280,"29.67,53.64,31.26,85.12,31.76,92.27,28.57,49.27",29.67,53.64,31.26,85.12,31.76,92.27,28.57,49.27,true,0
session_20260624_181854_P001,1822,198733,2026-06-24T18:22:13.912254,Okulary BME280,"29.67,53.67,31.14,84.89,31.61,92.07,28.57,49.26",29.67,53.67,31.14,84.89,31.61,92.07,28.57,49.26,true,0
session_20260624_181854_P001,1823,198797,2026-06-24T18:22:13.976031,Okulary BME280,"29.68,53.67,31.02,84.66,31.48,91.96,28.57,49.26",29.68,53.67,31.02,84.66,31.48,91.96,28.57,49.26,true,0
session_20260624_181854_P001,1824,198887,2026-06-24T18:22:14.066548,Okulary BME280,"29.68,53.67,30.92,84.39,31.38,91.91,28.56,49.23",29.68,53.67,30.92,84.39,31.38,91.91,28.56,49.23,true,0
session_20260624_181854_P001,1825,199024,2026-06-24T18:22:14.203338,Okulary BME280,"29.68,53.67,30.84,84.14,31.25,91.83,28.57,49.22",29.68,53.67,30.84,84.14,31.25,91.83,28.57,49.22,true,0
session_20260624_181854_P001,1826,199126,2026-06-24T18:22:14.305039,Okulary BME280,"29.68,53.59,30.78,83.89,31.20,91.77,28.56,49.22",29.68,53.59,30.78,83.89,31.20,91.77,28.56,49.22,true,0
session_20260624_181854_P001,1827,199258,2026-06-24T18:22:14.437204,Okulary BME280,"29.67,53.59,30.74,83.65,31.16,91.76,28.56,49.22",29.67,53.59,30.74,83.65,31.16,91.76,28.56,49.22,true,0
session_20260624_181854_P001,1828,199349,2026-06-24T18:22:14.528356,Okulary BME280,"29.68,53.59,30.70,83.18,31.13,91.75,28.56,49.22",29.68,53.59,30.70,83.18,31.13,91.75,28.56,49.22,true,0
session_20260624_181854_P001,1829,199480,2026-06-24T18:22:14.659176,Okulary BME280,"29.68,53.60,30.70,82.97,31.12,91.71,28.56,49.21",29.68,53.60,30.70,82.97,31.12,91.71,28.56,49.21,true,0
session_20260624_181854_P001,1830,199562,2026-06-24T18:22:14.740744,Okulary BME280,"29.68,53.60,30.69,82.78,31.09,91.68,28.56,49.21",29.68,53.60,30.69,82.78,31.09,91.68,28.56,49.21,true,0
session_20260624_181854_P001,1831,199667,2026-06-24T18:22:14.845595,Okulary BME280,"29.68,53.58,30.70,82.64,31.08,91.64,28.56,49.21",29.68,53.58,30.70,82.64,31.08,91.64,28.56,49.21,true,0
session_20260624_181854_P001,1832,199809,2026-06-24T18:22:14.988512,Okulary BME280,"29.68,53.57,30.71,82.61,31.08,91.62,28.56,49.19",29.68,53.57,30.71,82.61,31.08,91.62,28.56,49.19,true,0
session_20260624_181854_P001,1833,199878,2026-06-24T18:22:15.056824,Okulary BME280,"29.69,53.55,30.74,82.75,31.08,91.99,28.57,49.22",29.69,53.55,30.74,82.75,31.08,91.99,28.57,49.22,true,0
session_20260624_181854_P001,1834,200055,2026-06-24T18:22:15.234191,Okulary BME280,"29.69,53.56,30.81,83.01,31.24,92.75,28.57,49.24",29.69,53.56,30.81,83.01,31.24,92.75,28.57,49.24,true,0
session_20260624_181854_P001,1835,200113,2026-06-24T18:22:15.291686,Okulary BME280,"29.69,53.59,30.91,83.34,31.38,92.99,28.58,49.25",29.69,53.59,30.91,83.34,31.38,92.99,28.58,49.25,true,0
session_20260624_181854_P001,1836,200193,2026-06-24T18:22:15.372499,Okulary BME280,"29.70,53.62,31.00,83.95,31.53,93.15,28.58,49.25",29.70,53.62,31.00,83.95,31.53,93.15,28.58,49.25,true,0
session_20260624_181854_P001,1837,200362,2026-06-24T18:22:15.541247,Okulary BME280,"29.70,53.64,31.19,84.17,31.66,93.29,28.58,49.25",29.70,53.64,31.19,84.17,31.66,93.29,28.58,49.25,true,0
session_20260624_181854_P001,1838,200418,2026-06-24T18:22:15.596875,Okulary BME280,"29.70,53.68,31.26,84.42,31.78,93.35,28.58,49.25",29.70,53.68,31.26,84.42,31.78,93.35,28.58,49.25,true,0
session_20260624_181854_P001,1839,200566,2026-06-24T18:22:15.745505,Okulary BME280,"29.70,53.71,31.32,84.65,31.88,93.38,28.59,49.26",29.70,53.71,31.32,84.65,31.88,93.38,28.59,49.26,true,0
session_20260624_181854_P001,1840,200684,2026-06-24T18:22:15.863371,Okulary BME280,"29.70,53.71,31.37,84.85,31.94,93.39,28.59,49.25",29.70,53.71,31.37,84.85,31.94,93.39,28.59,49.25,true,0
session_20260624_181854_P001,1841,200801,2026-06-24T18:22:15.980448,Okulary BME280,"29.70,53.69,31.39,85.03,31.98,93.39,28.59,49.28",29.70,53.69,31.39,85.03,31.98,93.39,28.59,49.28,true,0
session_20260624_181854_P001,1842,200889,2026-06-24T18:22:16.068545,Okulary BME280,"29.70,53.71,31.42,85.20,32.01,93.41,28.60,49.24",29.70,53.71,31.42,85.20,32.01,93.41,28.60,49.24,true,0
session_20260624_181854_P001,1843,200958,2026-06-24T18:22:16.136681,Okulary BME280,"29.69,53.72,31.43,85.32,32.03,93.25,28.60,49.25",29.69,53.72,31.43,85.32,32.03,93.25,28.60,49.25,true,0
session_20260624_181854_P001,1844,201100,2026-06-24T18:22:16.278569,Okulary BME280,"29.69,53.81,31.43,85.43,32.00,93.02,28.60,49.31",29.69,53.81,31.43,85.43,32.00,93.02,28.60,49.31,true,0
session_20260624_181854_P001,1845,201206,2026-06-24T18:22:16.385235,Okulary BME280,"29.70,53.95,31.39,85.55,31.95,92.89,28.59,49.39",29.70,53.95,31.39,85.55,31.95,92.89,28.59,49.39,true,0
session_20260624_181854_P001,1846,201316,2026-06-24T18:22:16.494786,Okulary BME280,"29.70,54.09,31.36,85.60,31.88,92.71,28.60,49.48",29.70,54.09,31.36,85.60,31.88,92.71,28.60,49.48,true,0
session_20260624_181854_P001,1847,201420,2026-06-24T18:22:16.599056,Okulary BME280,"29.71,54.25,31.32,85.60,31.82,92.61,28.60,49.55",29.71,54.25,31.32,85.60,31.82,92.61,28.60,49.55,true,0
session_20260624_181854_P001,1848,201566,2026-06-24T18:22:16.745396,Okulary BME280,"29.71,54.36,31.28,85.41,31.76,92.53,28.60,49.61",29.71,54.36,31.28,85.41,31.76,92.53,28.60,49.61,true,0
session_20260624_181854_P001,1849,201664,2026-06-24T18:22:16.842582,Okulary BME280,"29.71,54.46,31.20,85.11,31.67,92.22,28.61,49.67",29.71,54.46,31.20,85.11,31.67,92.22,28.61,49.67,true,0
session_20260624_181854_P001,1850,201723,2026-06-24T18:22:16.901956,Okulary BME280,"29.71,54.48,31.07,84.79,31.55,91.88,28.60,49.68",29.71,54.48,31.07,84.79,31.55,91.88,28.60,49.68,true,0
session_20260624_181854_P001,1851,201858,2026-06-24T18:22:17.037189,Okulary BME280,"29.71,54.42,30.93,84.47,31.40,91.60,28.60,49.75",29.71,54.42,30.93,84.47,31.40,91.60,28.60,49.75,true,0
session_20260624_181854_P001,1852,201948,2026-06-24T18:22:17.127,Okulary BME280,"29.70,54.47,30.80,84.19,31.17,91.56,28.60,49.76",29.70,54.47,30.80,84.19,31.17,91.56,28.60,49.76,true,0
session_20260624_181854_P001,1853,202089,2026-06-24T18:22:17.268329,Okulary BME280,"29.70,54.57,30.71,84.04,31.12,91.76,28.61,49.78",29.70,54.57,30.71,84.04,31.12,91.76,28.61,49.78,true,0
session_20260624_181854_P001,1854,202183,2026-06-24T18:22:17.362267,Okulary BME280,"29.71,54.66,30.68,84.14,31.10,91.91,28.61,49.79",29.71,54.66,30.68,84.14,31.10,91.91,28.61,49.79,true,0
session_20260624_181854_P001,1855,202273,2026-06-24T18:22:17.451638,Okulary BME280,"29.71,54.73,30.71,84.26,31.12,92.06,28.61,49.81",29.71,54.73,30.71,84.26,31.12,92.06,28.61,49.81,true,0
session_20260624_181854_P001,1856,202408,2026-06-24T18:22:17.586773,Okulary BME280,"29.71,54.75,30.75,84.36,31.15,92.16,28.61,49.80",29.71,54.75,30.75,84.36,31.15,92.16,28.61,49.80,true,0
session_20260624_181854_P001,1857,202489,2026-06-24T18:22:17.668215,Okulary BME280,"29.71,54.77,30.80,84.46,31.18,92.17,28.61,49.81",29.71,54.77,30.80,84.46,31.18,92.17,28.61,49.81,true,0
session_20260624_181854_P001,1858,202630,2026-06-24T18:22:17.809327,Okulary BME280,"29.71,54.79,30.84,84.55,31.21,92.17,28.62,49.80",29.71,54.79,30.84,84.55,31.21,92.17,28.62,49.80,true,0
session_20260624_181854_P001,1859,202733,2026-06-24T18:22:17.911566,Okulary BME280,"29.71,54.84,30.86,84.62,31.22,92.15,28.62,49.82",29.71,54.84,30.86,84.62,31.22,92.15,28.62,49.82,true,0
session_20260624_181854_P001,1860,202854,2026-06-24T18:22:18.032908,Okulary BME280,"29.71,54.88,30.87,84.68,31.23,92.13,28.62,49.74",29.71,54.88,30.87,84.68,31.23,92.13,28.62,49.74,true,0
session_20260624_181854_P001,1861,202946,2026-06-24T18:22:18.125535,Okulary BME280,"29.72,54.87,30.88,84.72,31.23,92.12,28.62,49.71",29.72,54.87,30.88,84.72,31.23,92.12,28.62,49.71,true,0
session_20260624_181854_P001,1862,203045,2026-06-24T18:22:18.224066,Okulary BME280,"29.72,54.84,30.89,84.82,31.23,92.28,28.61,49.69",29.72,54.84,30.89,84.82,31.23,92.28,28.61,49.69,true,0
session_20260624_181854_P001,1863,203162,2026-06-24T18:22:18.341353,Okulary BME280,"29.72,54.77,30.95,85.17,31.25,92.54,28.62,49.67",29.72,54.77,30.95,85.17,31.25,92.54,28.62,49.67,true,0
session_20260624_181854_P001,1864,203270,2026-06-24T18:22:18.449463,Okulary BME280,"29.72,54.69,31.03,85.41,31.31,92.71,28.61,49.67",29.72,54.69,31.03,85.41,31.31,92.71,28.61,49.67,true,0
session_20260624_181854_P001,1865,203389,2026-06-24T18:22:18.567818,Okulary BME280,"29.71,54.54,31.13,85.64,31.39,92.83,28.61,49.66",29.71,54.54,31.13,85.64,31.39,92.83,28.61,49.66,true,0
session_20260624_181854_P001,1866,203479,2026-06-24T18:22:18.657574,Okulary BME280,"29.71,54.40,31.21,85.86,31.50,92.94,28.61,49.64",29.71,54.40,31.21,85.86,31.50,92.94,28.61,49.64,true,0
session_20260624_181854_P001,1867,203621,2026-06-24T18:22:18.799565,Okulary BME280,"29.70,54.20,31.30,86.07,31.57,93.02,28.61,49.59",29.70,54.20,31.30,86.07,31.57,93.02,28.61,49.59,true,0
session_20260624_181854_P001,1868,203733,2026-06-24T18:22:18.912003,Okulary BME280,"29.70,54.17,31.37,86.28,31.64,93.09,28.62,49.58",29.70,54.17,31.37,86.28,31.64,93.09,28.62,49.58,true,0
session_20260624_181854_P001,1869,203792,2026-06-24T18:22:18.971554,Okulary BME280,"29.69,53.83,31.43,86.45,31.77,93.18,28.61,49.55",29.69,53.83,31.43,86.45,31.77,93.18,28.61,49.55,true,0
session_20260624_181854_P001,1870,203937,2026-06-24T18:22:19.115636,Okulary BME280,"29.69,53.68,31.48,86.59,31.83,93.20,28.61,49.56",29.69,53.68,31.48,86.59,31.83,93.20,28.61,49.56,true,0
session_20260624_181854_P001,1871,204047,2026-06-24T18:22:19.225890,Okulary BME280,"29.68,53.59,31.52,86.70,31.87,93.21,28.61,49.54",29.68,53.59,31.52,86.70,31.87,93.21,28.61,49.54,true,0
session_20260624_181854_P001,1872,204167,2026-06-24T18:22:19.345906,Okulary BME280,"29.68,53.58,31.58,86.96,31.90,93.19,28.61,49.53",29.68,53.58,31.58,86.96,31.90,93.19,28.61,49.53,true,0
session_20260624_181854_P001,1873,204257,2026-06-24T18:22:19.436122,Okulary BME280,"29.68,53.55,31.59,86.93,31.92,93.04,28.62,49.51",29.68,53.55,31.59,86.93,31.92,93.04,28.62,49.51,true,0
session_20260624_181854_P001,1874,204385,2026-06-24T18:22:19.564028,Okulary BME280,"29.68,53.53,31.55,86.70,31.88,92.64,28.62,49.50",29.68,53.53,31.55,86.70,31.88,92.64,28.62,49.50,true,0
session_20260624_181854_P001,1875,204491,2026-06-24T18:22:19.670222,Okulary BME280,"29.68,53.49,31.45,86.38,31.75,92.24,28.62,49.47",29.68,53.49,31.45,86.38,31.75,92.24,28.62,49.47,true,0
session_20260624_181854_P001,1876,204560,2026-06-24T18:22:19.739559,Okulary BME280,"29.68,53.55,31.31,86.09,31.59,91.93,28.61,49.48",29.68,53.55,31.31,86.09,31.59,91.93,28.61,49.48,true,0
session_20260624_181854_P001,1877,204701,2026-06-24T18:22:19.880218,Okulary BME280,"29.69,53.48,31.16,85.82,31.43,91.82,28.61,49.40",29.69,53.48,31.16,85.82,31.43,91.82,28.61,49.40,true,0
session_20260624_181854_P001,1878,204782,2026-06-24T18:22:19.960873,Okulary BME280,"29.68,53.41,31.03,85.56,31.23,91.71,28.61,49.37",29.68,53.41,31.03,85.56,31.23,91.71,28.61,49.37,true,0
session_20260624_181854_P001,1879,204923,2026-06-24T18:22:20.101865,Okulary BME280,"29.68,53.34,30.93,85.33,31.16,91.64,28.61,49.34",29.68,53.34,30.93,85.33,31.16,91.64,28.61,49.34,true,0
session_20260624_181854_P001,1880,205010,2026-06-24T18:22:20.188680,Okulary BME280,"29.68,53.26,30.85,85.10,31.11,91.62,28.61,49.33",29.68,53.26,30.85,85.10,31.11,91.62,28.61,49.33,true,0
session_20260624_181854_P001,1881,205103,2026-06-24T18:22:20.282196,Okulary BME280,"29.68,53.18,30.76,84.67,31.06,91.56,28.60,49.33",29.68,53.18,30.76,84.67,31.06,91.56,28.60,49.33,true,0
session_20260624_181854_P001,1882,205250,2026-06-24T18:22:20.429086,Okulary BME280,"29.68,53.15,30.74,84.43,31.03,91.48,28.61,49.33",29.68,53.15,30.74,84.43,31.03,91.48,28.61,49.33,true,0
session_20260624_181854_P001,1883,205352,2026-06-24T18:22:20.530604,Okulary BME280,"29.69,53.16,30.72,84.19,30.99,91.39,28.61,49.34",29.69,53.16,30.72,84.19,30.99,91.39,28.61,49.34,true,0
session_20260624_181854_P001,1884,205475,2026-06-24T18:22:20.653929,Okulary BME280,"29.69,53.20,30.71,83.96,30.95,91.32,28.61,49.35",29.69,53.20,30.71,83.96,30.95,91.32,28.61,49.35,true,0
session_20260624_181854_P001,1885,205567,2026-06-24T18:22:20.745755,Okulary BME280,"29.69,53.18,30.69,83.77,30.92,91.25,28.61,49.32",29.69,53.18,30.69,83.77,30.92,91.25,28.61,49.32,true,0
session_20260624_181854_P001,1886,205716,2026-06-24T18:22:20.894691,Okulary BME280,"29.70,53.41,30.69,83.71,30.89,91.31,28.61,49.27",29.70,53.41,30.69,83.71,30.89,91.31,28.61,49.27,true,0
session_20260624_181854_P001,1887,205804,2026-06-24T18:22:20.983187,Okulary BME280,"29.70,53.48,30.72,83.91,30.93,92.08,28.60,49.26",29.70,53.48,30.72,83.91,30.93,92.08,28.60,49.26,true,0
session_20260624_181854_P001,1888,205862,2026-06-24T18:22:21.041287,Okulary BME280,"29.71,53.45,30.79,84.17,31.03,92.36,28.61,49.25",29.71,53.45,30.79,84.17,31.03,92.36,28.61,49.25,true,0
session_20260624_181854_P001,1889,206020,2026-06-24T18:22:21.199314,Okulary BME280,"29.70,53.38,30.90,84.76,31.15,92.57,28.61,49.24",29.70,53.38,30.90,84.76,31.15,92.57,28.61,49.24,true,0
session_20260624_181854_P001,1890,206087,2026-06-24T18:22:21.266089,Okulary BME280,"29.70,53.31,31.12,85.09,31.28,92.72,28.61,49.23",29.70,53.31,31.12,85.09,31.28,92.72,28.61,49.23,true,0
session_20260624_181854_P001,1891,206236,2026-06-24T18:22:21.415138,Okulary BME280,"29.70,53.22,31.22,85.35,31.41,92.84,28.61,49.22",29.70,53.22,31.22,85.35,31.41,92.84,28.61,49.22,true,0
session_20260624_181854_P001,1892,206325,2026-06-24T18:22:21.503724,Okulary BME280,"29.70,53.12,31.31,85.60,31.52,92.92,28.61,49.22",29.70,53.12,31.31,85.60,31.52,92.92,28.61,49.22,true,0
session_20260624_181854_P001,1893,206487,2026-06-24T18:22:21.665746,Okulary BME280,"29.69,52.99,31.37,85.83,31.62,93.00,28.60,49.24",29.69,52.99,31.37,85.83,31.62,93.00,28.60,49.24,true,0
session_20260624_181854_P001,1894,206549,2026-06-24T18:22:21.728501,Okulary BME280,"29.69,53.05,31.43,86.04,31.70,93.02,28.61,49.25",29.69,53.05,31.43,86.04,31.70,93.02,28.61,49.25,true,0
session_20260624_181854_P001,1895,206639,2026-06-24T18:22:21.817639,Okulary BME280,"29.69,53.32,31.47,86.23,31.77,93.05,28.62,49.24",29.69,53.32,31.47,86.23,31.77,93.05,28.62,49.24,true,0
session_20260624_181854_P001,1896,206801,2026-06-24T18:22:21.980057,Okulary BME280,"29.70,53.38,31.51,86.42,31.86,93.06,28.62,49.23",29.70,53.38,31.51,86.42,31.86,93.06,28.62,49.23,true,0
session_20260624_181854_P001,1897,206852,2026-06-24T18:22:22.030961,Okulary BME280,"29.70,53.42,31.53,86.50,31.88,93.04,28.62,49.22",29.70,53.42,31.53,86.50,31.88,93.04,28.62,49.22,true,0
session_20260624_181854_P001,1898,207012,2026-06-24T18:22:22.191108,Okulary BME280,"29.69,53.46,31.55,86.68,31.89,92.96,28.62,49.22",29.69,53.46,31.55,86.68,31.89,92.96,28.62,49.22,true,0
session_20260624_181854_P001,1899,207088,2026-06-24T18:22:22.267485,Okulary BME280,"29.69,53.49,31.53,86.58,31.86,92.72,28.62,49.21",29.69,53.49,31.53,86.58,31.86,92.72,28.62,49.21,true,0
session_20260624_181854_P001,1900,207197,2026-06-24T18:22:22.376293,Okulary BME280,"29.69,53.52,31.48,86.38,31.79,92.39,28.62,49.18",29.69,53.52,31.48,86.38,31.79,92.39,28.62,49.18,true,0
session_20260624_181854_P001,1901,207302,2026-06-24T18:22:22.480787,Okulary BME280,"29.69,53.57,31.38,86.17,31.65,92.08,28.62,49.17",29.69,53.57,31.38,86.17,31.65,92.08,28.62,49.17,true,0
session_20260624_181854_P001,1902,207407,2026-06-24T18:22:22.586036,Okulary BME280,"29.69,53.53,31.26,85.93,31.52,91.80,28.62,49.16",29.69,53.53,31.26,85.93,31.52,91.80,28.62,49.16,true,0
session_20260624_181854_P001,1903,207554,2026-06-24T18:22:22.733268,Okulary BME280,"29.69,53.47,31.14,85.69,31.38,91.63,28.62,49.17",29.69,53.47,31.14,85.69,31.38,91.63,28.62,49.17,true,0
session_20260624_181854_P001,1904,207627,2026-06-24T18:22:22.806254,Okulary BME280,"29.69,53.48,31.03,85.45,31.15,91.39,28.62,49.18",29.69,53.48,31.03,85.45,31.15,91.39,28.62,49.18,true,0
session_20260624_181854_P001,1905,207782,2026-06-24T18:22:22.961505,Okulary BME280,"29.69,53.48,30.93,85.22,31.06,91.36,28.62,49.18",29.69,53.48,30.93,85.22,31.06,91.36,28.62,49.18,true,0
session_20260624_181854_P001,1906,207842,2026-06-24T18:22:23.020864,Okulary BME280,"29.69,53.49,30.87,85.00,31.00,91.36,28.62,49.17",29.69,53.49,30.87,85.00,31.00,91.36,28.62,49.17,true,0
session_20260624_181854_P001,1907,207945,2026-06-24T18:22:23.123614,Okulary BME280,"29.69,53.48,30.77,84.60,30.96,91.33,28.62,49.18",29.69,53.48,30.77,84.60,30.96,91.33,28.62,49.18,true,0
session_20260624_181854_P001,1908,208073,2026-06-24T18:22:23.252300,Okulary BME280,"29.70,53.47,30.75,84.38,30.92,91.31,28.62,49.17",29.70,53.47,30.75,84.38,30.92,91.31,28.62,49.17,true,0
session_20260624_181854_P001,1909,208173,2026-06-24T18:22:23.352041,Okulary BME280,"29.70,53.48,30.73,84.16,30.90,91.24,28.62,49.17",29.70,53.48,30.73,84.16,30.90,91.24,28.62,49.17,true,0
session_20260624_181854_P001,1910,208290,2026-06-24T18:22:23.469296,Okulary BME280,"29.70,53.58,30.72,83.92,30.88,91.15,28.62,49.17",29.70,53.58,30.72,83.92,30.88,91.15,28.62,49.17,true,0
session_20260624_181854_P001,1911,208394,2026-06-24T18:22:23.572904,Okulary BME280,"29.71,53.64,30.71,83.73,30.85,91.09,28.62,49.18",29.71,53.64,30.71,83.73,30.85,91.09,28.62,49.18,true,0
session_20260624_181854_P001,1912,208594,2026-06-24T18:22:23.772581,Okulary BME280,"29.71,53.71,30.70,83.59,30.82,91.09,28.62,49.18",29.71,53.71,30.70,83.59,30.82,91.09,28.62,49.18,true,0
session_20260624_181854_P001,1913,208624,2026-06-24T18:22:23.802718,Okulary BME280,"29.71,53.73,30.71,83.74,30.84,91.78,28.62,49.16",29.71,53.73,30.71,83.74,30.84,91.78,28.62,49.16,true,0
session_20260624_181854_P001,1914,208703,2026-06-24T18:22:23.881784,Okulary BME280,"29.71,53.76,30.77,84.01,30.92,92.12,28.62,49.16",29.71,53.76,30.77,84.01,30.92,92.12,28.62,49.16,true,0
session_20260624_181854_P001,1915,208842,2026-06-24T18:22:24.020751,Okulary BME280,"29.71,53.76,30.88,84.32,31.05,92.36,28.62,49.16",29.71,53.76,30.88,84.32,31.05,92.36,28.62,49.16,true,0
session_20260624_181854_P001,1916,208944,2026-06-24T18:22:24.123345,Okulary BME280,"29.71,53.76,31.11,84.97,31.20,92.53,28.63,49.17",29.71,53.76,31.11,84.97,31.20,92.53,28.63,49.17,true,0
session_20260624_181854_P001,1917,209074,2026-06-24T18:22:24.253133,Okulary BME280,"29.71,53.77,31.22,85.25,31.34,92.65,28.63,49.17",29.71,53.77,31.22,85.25,31.34,92.65,28.63,49.17,true,0
session_20260624_181854_P001,1918,209158,2026-06-24T18:22:24.336631,Okulary BME280,"29.72,53.79,31.30,85.52,31.48,92.75,28.63,49.17",29.72,53.79,31.30,85.52,31.48,92.75,28.63,49.17,true,0
session_20260624_181854_P001,1919,209284,2026-06-24T18:22:24.463056,Okulary BME280,"29.71,53.82,31.38,85.77,31.60,92.83,28.63,49.18",29.71,53.82,31.38,85.77,31.60,92.83,28.63,49.18,true,0
session_20260624_181854_P001,1920,209397,2026-06-24T18:22:24.576416,Okulary BME280,"29.71,53.89,31.44,86.00,31.69,92.88,28.63,49.15",29.71,53.89,31.44,86.00,31.69,92.88,28.63,49.15,true,0
session_20260624_181854_P001,1921,209462,2026-06-24T18:22:24.641163,Okulary BME280,"29.71,54.08,31.50,86.21,31.77,92.87,28.64,49.23",29.71,54.08,31.50,86.21,31.77,92.87,28.64,49.23,true,0
session_20260624_181854_P001,1922,209598,2026-06-24T18:22:24.777099,Okulary BME280,"29.71,54.16,31.54,86.40,31.88,92.98,28.64,49.21",29.71,54.16,31.54,86.40,31.88,92.98,28.64,49.21,true,0
session_20260624_181854_P001,1923,209687,2026-06-24T18:22:24.865709,Okulary BME280,"29.71,54.27,31.58,86.57,31.92,92.99,28.64,49.23",29.71,54.27,31.58,86.57,31.92,92.99,28.64,49.23,true,0
session_20260624_181854_P001,1924,209824,2026-06-24T18:22:25.003372,Okulary BME280,"29.71,54.40,31.61,86.70,31.95,92.95,28.64,49.24",29.71,54.40,31.61,86.70,31.95,92.95,28.64,49.24,true,0
session_20260624_181854_P001,1925,209914,2026-06-24T18:22:25.092969,Okulary BME280,"29.71,54.54,31.61,86.68,31.96,92.76,28.64,49.25",29.71,54.54,31.61,86.68,31.96,92.76,28.64,49.25,true,0
session_20260624_181854_P001,1926,210008,2026-06-24T18:22:25.186703,Okulary BME280,"29.72,54.80,31.55,86.46,31.91,92.45,28.65,49.25",29.72,54.80,31.55,86.46,31.91,92.45,28.65,49.25,true,0
session_20260624_181854_P001,1927,210173,2026-06-24T18:22:25.352418,Okulary BME280,"29.73,54.90,31.43,86.15,31.80,92.02,28.65,49.24",29.73,54.90,31.43,86.15,31.80,92.02,28.65,49.24,true,0
session_20260624_181854_P001,1928,210227,2026-06-24T18:22:25.406129,Okulary BME280,"29.73,55.02,31.30,85.84,31.64,91.64,28.64,49.24",29.73,55.02,31.30,85.84,31.64,91.64,28.64,49.24,true,0
session_20260624_181854_P001,1929,210379,2026-06-24T18:22:25.557787,Okulary BME280,"29.72,55.00,31.15,85.54,31.47,91.40,28.65,49.21",29.72,55.00,31.15,85.54,31.47,91.40,28.65,49.21,true,0
session_20260624_181854_P001,1930,210466,2026-06-24T18:22:25.644860,Okulary BME280,"29.71,54.96,31.02,85.26,31.31,91.15,28.64,49.21",29.71,54.96,31.02,85.26,31.31,91.15,28.64,49.21,true,0
session_20260624_181854_P001,1931,210627,2026-06-24T18:22:25.805701,Okulary BME280,"29.71,54.88,30.92,84.98,31.07,91.07,28.64,49.18",29.71,54.88,30.92,84.98,31.07,91.07,28.64,49.18,true,0
session_20260624_181854_P001,1932,210697,2026-06-24T18:22:25.876062,Okulary BME280,"29.71,54.78,30.84,84.73,31.00,91.04,28.63,49.16",29.71,54.78,30.84,84.73,31.00,91.04,28.63,49.16,true,0
session_20260624_181854_P001,1933,210793,2026-06-24T18:22:25.972412,Okulary BME280,"29.71,54.66,30.77,84.43,30.95,91.02,28.64,49.15",29.71,54.66,30.77,84.43,30.95,91.02,28.64,49.15,true,0
session_20260624_181854_P001,1934,210930,2026-06-24T18:22:26.109397,Okulary BME280,"29.71,54.50,30.69,83.94,30.92,90.99,28.64,49.15",29.71,54.50,30.69,83.94,30.92,90.99,28.64,49.15,true,0
session_20260624_181854_P001,1935,210998,2026-06-24T18:22:26.176787,Okulary BME280,"29.70,54.28,30.66,83.70,30.89,90.93,28.64,49.15",29.70,54.28,30.66,83.70,30.89,90.93,28.64,49.15,true,0
session_20260624_181854_P001,1936,211135,2026-06-24T18:22:26.314139,Okulary BME280,"29.69,54.12,30.65,83.49,30.87,90.90,28.63,49.14",29.69,54.12,30.65,83.49,30.87,90.90,28.63,49.14,true,0
session_20260624_181854_P001,1937,211223,2026-06-24T18:22:26.401630,Okulary BME280,"29.69,54.08,30.63,83.30,30.85,90.88,28.63,49.14",29.69,54.08,30.63,83.30,30.85,90.88,28.63,49.14,true,0
session_20260624_181854_P001,1938,211368,2026-06-24T18:22:26.547402,Okulary BME280,"29.69,54.13,30.64,83.20,30.84,90.89,28.63,49.18",29.69,54.13,30.64,83.20,30.84,90.89,28.63,49.18,true,0
session_20260624_181854_P001,1939,211452,2026-06-24T18:22:26.631551,Okulary BME280,"29.70,54.22,30.65,83.30,30.87,91.52,28.64,49.13",29.70,54.22,30.65,83.30,30.87,91.52,28.64,49.13,true,0
session_20260624_181854_P001,1940,211536,2026-06-24T18:22:26.714710,Okulary BME280,"29.71,54.35,30.71,83.60,30.95,91.87,28.64,49.21",29.71,54.35,30.71,83.60,30.95,91.87,28.64,49.21,true,0
session_20260624_181854_P001,1941,211691,2026-06-24T18:22:26.870268,Okulary BME280,"29.72,54.42,30.82,83.89,31.08,92.13,28.64,49.21",29.72,54.42,30.82,83.89,31.08,92.13,28.64,49.21,true,0
session_20260624_181854_P001,1942,211805,2026-06-24T18:22:26.984315,Okulary BME280,"29.72,54.46,30.95,84.30,31.23,92.31,28.65,49.21",29.72,54.46,30.95,84.30,31.23,92.31,28.65,49.21,true,0
session_20260624_181854_P001,1943,211907,2026-06-24T18:22:27.085917,Okulary BME280,"29.73,54.50,31.19,84.95,31.39,92.47,28.65,49.21",29.73,54.50,31.19,84.95,31.39,92.47,28.65,49.21,true,0
session_20260624_181854_P001,1944,212004,2026-06-24T18:22:27.183062,Okulary BME280,"29.72,54.53,31.29,85.23,31.54,92.58,28.64,49.22",29.72,54.53,31.29,85.23,31.54,92.58,28.64,49.22,true,0
session_20260624_181854_P001,1945,212090,2026-06-24T18:22:27.269438,Okulary BME280,"29.72,54.57,31.37,85.50,31.67,92.67,28.64,49.22",29.72,54.57,31.37,85.50,31.67,92.67,28.64,49.22,true,0
session_20260624_181854_P001,1946,212205,2026-06-24T18:22:27.384112,Okulary BME280,"29.72,54.60,31.44,85.75,31.78,92.74,28.65,49.23",29.72,54.60,31.44,85.75,31.78,92.74,28.65,49.23,true,0
session_20260624_181854_P001,1947,212300,2026-06-24T18:22:27.478769,Okulary BME280,"29.72,54.63,31.50,85.95,31.87,92.83,28.64,49.25",29.72,54.63,31.50,85.95,31.87,92.83,28.64,49.25,true,0
session_20260624_181854_P001,1948,212430,2026-06-24T18:22:27.608980,Okulary BME280,"29.72,54.64,31.53,86.13,32.00,92.86,28.64,49.22",29.72,54.64,31.53,86.13,32.00,92.86,28.64,49.22,true,0
session_20260624_181854_P001,1949,212531,2026-06-24T18:22:27.710505,Okulary BME280,"29.71,54.62,31.56,86.31,32.04,92.82,28.64,49.23",29.71,54.62,31.56,86.31,32.04,92.82,28.64,49.23,true,0
session_20260624_181854_P001,1950,212678,2026-06-24T18:22:27.857463,Okulary BME280,"29.72,54.53,31.58,86.47,32.06,92.81,28.64,49.23",29.72,54.53,31.58,86.47,32.06,92.81,28.64,49.23,true,0
session_20260624_181854_P001,1951,212755,2026-06-24T18:22:27.934403,Okulary BME280,"29.71,54.46,31.58,86.58,32.06,92.76,28.64,49.22",29.71,54.46,31.58,86.58,32.06,92.76,28.64,49.22,true,0
session_20260624_181854_P001,1952,212842,2026-06-24T18:22:28.020940,Okulary BME280,"29.70,54.41,31.55,86.48,32.02,92.55,28.64,49.23",29.70,54.41,31.55,86.48,32.02,92.55,28.64,49.23,true,0
session_20260624_181854_P001,1953,212970,2026-06-24T18:22:28.149485,Okulary BME280,"29.70,54.30,31.49,86.30,31.94,92.15,28.65,49.22",29.70,54.30,31.49,86.30,31.94,92.15,28.65,49.22,true,0
session_20260624_181854_P001,1954,213090,2026-06-24T18:22:28.269314,Okulary BME280,"29.70,54.20,31.39,86.05,31.79,91.79,28.64,49.23",29.70,54.20,31.39,86.05,31.79,91.79,28.64,49.23,true,0
session_20260624_181854_P001,1955,213206,2026-06-24T18:22:28.385331,Okulary BME280,"29.70,54.15,31.28,85.76,31.63,91.52,28.65,49.22",29.70,54.15,31.28,85.76,31.63,91.52,28.65,49.22,true,0
session_20260624_181854_P001,1956,213300,2026-06-24T18:22:28.478869,Okulary BME280,"29.70,54.11,31.15,85.48,31.47,91.24,28.65,49.23",29.70,54.11,31.15,85.48,31.47,91.24,28.65,49.23,true,0
session_20260624_181854_P001,1957,213449,2026-06-24T18:22:28.628285,Okulary BME280,"29.70,54.09,31.03,85.20,31.19,91.04,28.65,49.21",29.70,54.09,31.03,85.20,31.19,91.04,28.65,49.21,true,0
session_20260624_181854_P001,1958,213546,2026-06-24T18:22:28.724887,Okulary BME280,"29.70,54.06,30.93,84.95,31.10,90.98,28.65,49.21",29.70,54.06,30.93,84.95,31.10,90.98,28.65,49.21,true,0
session_20260624_181854_P001,1959,213602,2026-06-24T18:22:28.781407,Okulary BME280,"29.70,54.00,30.86,84.68,31.01,90.91,28.65,49.21",29.70,54.00,30.86,84.68,31.01,90.91,28.65,49.21,true,0
session_20260624_181854_P001,1960,213742,2026-06-24T18:22:28.920795,Okulary BME280,"29.69,53.94,30.76,84.21,30.94,90.80,28.66,49.21",29.69,53.94,30.76,84.21,30.94,90.80,28.66,49.21,true,0
session_20260624_181854_P001,1961,213833,2026-06-24T18:22:29.012483,Okulary BME280,"29.70,54.00,30.73,83.95,30.88,90.71,28.66,49.21",29.70,54.00,30.73,83.95,30.88,90.71,28.66,49.21,true,0
session_20260624_181854_P001,1962,213961,2026-06-24T18:22:29.140049,Okulary BME280,"29.70,54.10,30.71,83.73,30.83,90.66,28.66,49.21",29.70,54.10,30.71,83.73,30.83,90.66,28.66,49.21,true,0
session_20260624_181854_P001,1963,214059,2026-06-24T18:22:29.237947,Okulary BME280,"29.71,54.25,30.69,83.52,30.79,90.63,28.67,49.22",29.71,54.25,30.69,83.52,30.79,90.63,28.67,49.22,true,0
session_20260624_181854_P001,1964,214205,2026-06-24T18:22:29.384238,Okulary BME280,"29.72,54.27,30.68,83.47,30.77,90.71,28.67,49.21",29.72,54.27,30.68,83.47,30.77,90.71,28.67,49.21,true,0
session_20260624_181854_P001,1965,214292,2026-06-24T18:22:29.471325,Okulary BME280,"29.71,54.26,30.71,83.69,30.77,91.60,28.67,49.20",29.71,54.26,30.71,83.69,30.77,91.60,28.67,49.20,true,0
session_20260624_181854_P001,1966,214395,2026-06-24T18:22:29.574486,Okulary BME280,"29.71,54.17,30.80,84.00,30.97,91.91,28.67,49.20",29.71,54.17,30.80,84.00,30.97,91.91,28.67,49.20,true,0
session_20260624_181854_P001,1967,214503,2026-06-24T18:22:29.681813,Okulary BME280,"29.71,54.08,30.92,84.34,31.14,92.13,28.68,49.23",29.71,54.08,30.92,84.34,31.14,92.13,28.68,49.23,true,0
session_20260624_181854_P001,1968,214601,2026-06-24T18:22:29.779845,Okulary BME280,"29.71,53.96,31.04,84.69,31.31,92.29,28.68,49.25",29.71,53.96,31.04,84.69,31.31,92.29,28.68,49.25,true,0
session_20260624_181854_P001,1969,214726,2026-06-24T18:22:29.904795,Okulary BME280,"29.70,53.89,31.26,85.26,31.48,92.42,28.68,49.25",29.70,53.89,31.26,85.26,31.48,92.42,28.68,49.25,true,0
session_20260624_181854_P001,1970,214817,2026-06-24T18:22:29.995701,Okulary BME280,"29.71,53.79,31.34,85.52,31.62,92.54,28.68,49.25",29.71,53.79,31.34,85.52,31.62,92.54,28.68,49.25,true,0
session_20260624_181854_P001,1971,214913,2026-06-24T18:22:30.092171,Okulary BME280,"29.69,53.57,31.41,85.75,31.73,92.61,28.68,49.25",29.69,53.57,31.41,85.75,31.73,92.61,28.68,49.25,true,0
session_20260624_181854_P001,1972,215051,2026-06-24T18:22:30.230344,Okulary BME280,"29.69,53.48,31.46,85.96,31.84,92.61,28.68,49.24",29.69,53.48,31.46,85.96,31.84,92.61,28.68,49.24,true,0
session_20260624_181854_P001,1973,215142,2026-06-24T18:22:30.321001,Okulary BME280,"29.69,53.36,31.51,86.14,31.91,92.67,28.68,49.23",29.69,53.36,31.51,86.14,31.91,92.67,28.68,49.23,true,0
session_20260624_181854_P001,1974,215284,2026-06-24T18:22:30.463555,Okulary BME280,"29.68,53.28,31.54,86.30,31.99,92.71,28.68,49.21",29.68,53.28,31.54,86.30,31.99,92.71,28.68,49.21,true,0
session_20260624_181854_P001,1975,215384,2026-06-24T18:22:30.563456,Okulary BME280,"29.68,53.22,31.55,86.42,32.00,92.64,28.68,49.19",29.68,53.22,31.55,86.42,32.00,92.64,28.68,49.19,true,0
session_20260624_181854_P001,1976,215498,2026-06-24T18:22:30.677081,Okulary BME280,"29.69,53.20,31.55,86.51,31.99,92.47,28.68,49.18",29.69,53.20,31.55,86.51,31.99,92.47,28.68,49.18,true,0
session_20260624_181854_P001,1977,215600,2026-06-24T18:22:30.779281,Okulary BME280,"29.68,53.28,31.54,86.53,31.93,92.10,28.68,49.20",29.68,53.28,31.54,86.53,31.93,92.10,28.68,49.20,true,0
session_20260624_181854_P001,1978,215699,2026-06-24T18:22:30.877606,Okulary BME280,"29.69,53.54,31.44,86.28,31.79,91.72,28.68,49.21",29.69,53.54,31.44,86.28,31.79,91.72,28.68,49.21,true,0
session_20260624_181854_P001,1979,215817,2026-06-24T18:22:30.996287,Okulary BME280,"29.70,53.83,31.34,86.06,31.62,91.42,28.69,49.21",29.70,53.83,31.34,86.06,31.62,91.42,28.69,49.21,true,0
session_20260624_181854_P001,1980,215899,2026-06-24T18:22:31.077996,Okulary BME280,"29.71,54.08,31.22,85.81,31.46,91.19,28.69,49.20",29.71,54.08,31.22,85.81,31.46,91.19,28.69,49.20,true,0
session_20260624_181854_P001,1981,216030,2026-06-24T18:22:31.209208,Okulary BME280,"29.71,54.09,31.10,85.57,31.30,91.04,28.69,49.19",29.71,54.09,31.10,85.57,31.30,91.04,28.69,49.19,true,0
session_20260624_181854_P001,1982,216135,2026-06-24T18:22:31.313670,Okulary BME280,"29.71,54.06,30.99,85.34,31.18,90.99,28.69,49.16",29.71,54.06,30.99,85.34,31.18,90.99,28.69,49.16,true,0
session_20260624_181854_P001,1983,216266,2026-06-24T18:22:31.444712,Okulary BME280,"29.70,54.00,30.92,85.11,31.01,90.80,28.69,49.19",29.70,54.00,30.92,85.11,31.01,90.80,28.69,49.19,true,0
session_20260624_181854_P001,1984,216369,2026-06-24T18:22:31.548337,Okulary BME280,"29.70,53.93,30.86,84.90,30.94,90.73,28.68,49.14",29.70,53.93,30.86,84.90,30.94,90.73,28.68,49.14,true,0
session_20260624_181854_P001,1985,216496,2026-06-24T18:22:31.674832,Okulary BME280,"29.70,53.87,30.82,84.63,30.88,90.71,28.68,49.13",29.70,53.87,30.82,84.63,30.88,90.71,28.68,49.13,true,0
session_20260624_181854_P001,1986,216587,2026-06-24T18:22:31.765757,Okulary BME280,"29.70,53.80,30.78,84.46,30.84,90.70,28.68,49.12",29.70,53.80,30.78,84.46,30.84,90.70,28.68,49.12,true,0
session_20260624_181854_P001,1987,216709,2026-06-24T18:22:31.888490,Okulary BME280,"29.70,53.77,30.76,84.11,30.82,90.69,28.68,49.10",29.70,53.77,30.76,84.11,30.82,90.69,28.68,49.10,true,0
session_20260624_181854_P001,1988,216818,2026-06-24T18:22:31.996615,Okulary BME280,"29.70,53.62,30.76,84.10,30.80,90.78,28.68,49.08",29.70,53.62,30.76,84.10,30.80,90.78,28.68,49.08,true,0
session_20260624_181854_P001,1989,216923,2026-06-24T18:22:32.101638,Okulary BME280,"29.70,53.53,30.80,84.31,30.81,91.21,28.68,49.07",29.70,53.53,30.80,84.31,30.81,91.21,28.68,49.07,true,0
session_20260624_181854_P001,1990,216996,2026-06-24T18:22:32.175320,Okulary BME280,"29.69,53.46,30.89,84.60,30.88,91.60,28.68,49.07",29.69,53.46,30.89,84.60,30.88,91.60,28.68,49.07,true,0
session_20260624_181854_P001,1991,217129,2026-06-24T18:22:32.308388,Okulary BME280,"29.69,53.36,30.99,84.91,31.02,91.88,28.68,49.07",29.69,53.36,30.99,84.91,31.02,91.88,28.68,49.07,true,0
session_20260624_181854_P001,1992,217202,2026-06-24T18:22:32.381143,Okulary BME280,"29.69,53.27,31.11,85.20,31.36,92.26,28.68,49.04",29.69,53.27,31.11,85.20,31.36,92.26,28.68,49.04,true,0
session_20260624_181854_P001,1993,217336,2026-06-24T18:22:32.515025,Okulary BME280,"29.69,53.17,31.22,85.47,31.52,92.40,28.68,49.06",29.69,53.17,31.22,85.47,31.52,92.40,28.68,49.06,true,0
session_20260624_181854_P001,1994,217428,2026-06-24T18:22:32.607379,Okulary BME280,"29.69,53.15,31.31,85.72,31.65,92.48,28.68,49.03",29.69,53.15,31.31,85.72,31.65,92.48,28.68,49.03,true,0
session_20260624_181854_P001,1995,217563,2026-06-24T18:22:32.742526,Okulary BME280,"29.69,53.20,31.38,85.95,31.77,92.57,28.68,49.03",29.69,53.20,31.38,85.95,31.77,92.57,28.68,49.03,true,0
session_20260624_181854_P001,1996,217663,2026-06-24T18:22:32.842367,Okulary BME280,"29.69,53.21,31.49,86.32,31.86,92.60,28.68,49.03",29.69,53.21,31.49,86.32,31.86,92.60,28.68,49.03,true,0
session_20260624_181854_P001,1997,217746,2026-06-24T18:22:32.925005,Okulary BME280,"29.69,53.27,31.52,86.50,31.92,92.62,28.68,49.01",29.69,53.27,31.52,86.50,31.92,92.62,28.68,49.01,true,0
session_20260624_181854_P001,1998,217927,2026-06-24T18:22:33.105955,Okulary BME280,"29.69,53.22,31.54,86.62,31.97,92.66,28.68,49.00",29.69,53.22,31.54,86.62,31.97,92.66,28.68,49.00,true,0
session_20260624_181854_P001,1999,217978,2026-06-24T18:22:33.156871,Okulary BME280,"29.68,53.17,31.56,86.74,32.00,92.68,28.68,48.99",29.68,53.17,31.56,86.74,32.00,92.68,28.68,48.99,true,0
session_20260624_181854_P001,2000,218123,2026-06-24T18:22:33.302396,Okulary BME280,"29.68,53.11,31.56,86.82,32.01,92.64,28.68,48.98",29.68,53.11,31.56,86.82,32.01,92.64,28.68,48.98,true,0
session_20260624_181854_P001,2001,218201,2026-06-24T18:22:33.380097,Okulary BME280,"29.67,53.04,31.55,86.80,31.95,92.12,28.69,49.02",29.67,53.04,31.55,86.80,31.95,92.12,28.69,49.02,true,0
session_20260624_181854_P001,2002,218344,2026-06-24T18:22:33.522710,Okulary BME280,"29.67,53.01,31.52,86.58,31.82,91.71,28.68,48.98",29.67,53.01,31.52,86.58,31.82,91.71,28.68,48.98,true,0
session_20260624_181854_P001,2003,218440,2026-06-24T18:22:33.619414,Okulary BME280,"29.67,53.01,31.44,86.33,31.64,91.40,28.68,48.97",29.67,53.01,31.44,86.33,31.64,91.40,28.68,48.97,true,0
session_20260624_181854_P001,2004,218505,2026-06-24T18:22:33.683867,Okulary BME280,"29.67,53.01,31.32,85.80,31.48,91.17,28.69,48.96",29.67,53.01,31.32,85.80,31.48,91.17,28.69,48.96,true,0
session_20260624_181854_P001,2005,218678,2026-06-24T18:22:33.857213,Okulary BME280,"29.68,53.16,31.06,85.52,31.32,91.02,28.69,48.96",29.68,53.16,31.06,85.52,31.32,91.02,28.69,48.96,true,0
session_20260624_181854_P001,2006,218739,2026-06-24T18:22:33.918466,Okulary BME280,"29.68,53.16,30.96,85.28,31.19,90.93,28.69,48.95",29.68,53.16,30.96,85.28,31.19,90.93,28.69,48.95,true,0
session_20260624_181854_P001,2007,218898,2026-06-24T18:22:34.077212,Okulary BME280,"29.68,53.12,30.89,85.02,31.10,90.81,28.68,48.93",29.68,53.12,30.89,85.02,31.10,90.81,28.68,48.93,true,0
session_20260624_181854_P001,2008,218956,2026-06-24T18:22:34.134587,Okulary BME280,"29.69,53.09,30.83,84.76,31.00,90.71,28.68,48.92",29.69,53.09,30.83,84.76,31.00,90.71,28.68,48.92,true,0
session_20260624_181854_P001,2009,219069,2026-06-24T18:22:34.248508,Okulary BME280,"29.69,53.06,30.79,84.52,30.86,90.65,28.68,48.90",29.69,53.06,30.79,84.52,30.86,90.65,28.68,48.90,true,0
session_20260624_181854_P001,2010,219205,2026-06-24T18:22:34.384459,Okulary BME280,"29.69,53.04,30.75,84.31,30.82,90.59,28.69,48.89",29.69,53.04,30.75,84.31,30.82,90.59,28.69,48.89,true,0
session_20260624_181854_P001,2011,219308,2026-06-24T18:22:34.487312,Okulary BME280,"29.69,53.05,30.74,84.12,30.79,90.60,28.69,48.89",29.69,53.05,30.74,84.12,30.79,90.60,28.69,48.89,true,0
session_20260624_181854_P001,2012,219413,2026-06-24T18:22:34.591941,Okulary BME280,"29.69,53.01,30.74,84.03,30.77,90.58,28.69,48.88",29.69,53.01,30.74,84.03,30.77,90.58,28.69,48.88,true,0
session_20260624_181854_P001,2013,219525,2026-06-24T18:22:34.704146,Okulary BME280,"29.69,53.08,30.76,83.83,30.77,90.57,28.69,48.88",29.69,53.08,30.76,83.83,30.77,90.57,28.69,48.88,true,0
session_20260624_181854_P001,2014,219661,2026-06-24T18:22:34.840438,Okulary BME280,"29.70,53.24,30.78,83.96,30.78,90.88,28.69,48.89",29.70,53.24,30.78,83.96,30.78,90.88,28.69,48.89,true,0
session_20260624_181854_P001,2015,219729,2026-06-24T18:22:34.907573,Okulary BME280,"29.71,53.30,30.85,84.22,30.82,91.32,28.69,48.89",29.71,53.30,30.85,84.22,30.82,91.32,28.69,48.89,true,0
session_20260624_181854_P001,2016,219812,2026-06-24T18:22:34.990625,Okulary BME280,"29.71,53.35,30.94,84.52,30.93,91.63,28.69,48.89",29.71,53.35,30.94,84.52,30.93,91.63,28.69,48.89,true,0
session_20260624_181854_P001,2017,219979,2026-06-24T18:22:35.158460,Okulary BME280,"29.71,53.40,31.03,84.81,31.07,91.84,28.69,48.88",29.71,53.40,31.03,84.81,31.07,91.84,28.69,48.88,true,0
session_20260624_181854_P001,2018,220037,2026-06-24T18:22:35.215650,Okulary BME280,"29.71,53.45,31.14,85.10,31.39,92.21,28.69,48.87",29.71,53.45,31.14,85.10,31.39,92.21,28.69,48.87,true,0
session_20260624_181854_P001,2019,220190,2026-06-24T18:22:35.369269,Okulary BME280,"29.72,53.50,31.23,85.37,31.53,92.33,28.69,48.87",29.72,53.50,31.23,85.37,31.53,92.33,28.69,48.87,true,0
session_20260624_181854_P001,2020,220294,2026-06-24T18:22:35.472606,Okulary BME280,"29.72,53.53,31.31,85.67,31.65,92.42,28.69,48.89",29.72,53.53,31.31,85.67,31.65,92.42,28.69,48.89,true,0
session_20260624_181854_P001,2021,220425,2026-06-24T18:22:35.603751,Okulary BME280,"29.72,53.55,31.38,85.85,31.76,92.49,28.70,48.89",29.72,53.55,31.38,85.85,31.76,92.49,28.70,48.89,true,0
session_20260624_181854_P001,2022,220489,2026-06-24T18:22:35.668030,Okulary BME280,"29.72,53.60,31.48,86.28,31.85,92.54,28.70,48.90",29.72,53.60,31.48,86.28,31.85,92.54,28.70,48.90,true,0
session_20260624_181854_P001,2023,220583,2026-06-24T18:22:35.761683,Okulary BME280,"29.71,53.62,31.52,86.43,31.91,92.55,28.70,48.91",29.71,53.62,31.52,86.43,31.91,92.55,28.70,48.91,true,0
session_20260624_181854_P001,2024,220716,2026-06-24T18:22:35.894778,Okulary BME280,"29.71,53.68,31.54,86.59,31.97,92.58,28.71,48.93",29.71,53.68,31.54,86.59,31.97,92.58,28.71,48.93,true,0
session_20260624_181854_P001,2025,220815,2026-06-24T18:22:35.994404,Okulary BME280,"29.71,53.78,31.56,86.71,32.00,92.58,28.71,48.95",29.71,53.78,31.56,86.71,32.00,92.58,28.71,48.95,true,0
session_20260624_181854_P001,2026,220942,2026-06-24T18:22:36.120697,Okulary BME280,"29.71,53.90,31.57,86.81,32.02,92.56,28.71,48.96",29.71,53.90,31.57,86.81,32.02,92.56,28.71,48.96,true,0
session_20260624_181854_P001,2027,221037,2026-06-24T18:22:36.215619,Okulary BME280,"29.71,54.00,31.57,86.88,32.01,92.38,28.71,48.96",29.71,54.00,31.57,86.88,32.01,92.38,28.71,48.96,true,0
session_20260624_181854_P001,2028,221192,2026-06-24T18:22:36.371155,Okulary BME280,"29.72,54.09,31.55,86.95,31.97,92.29,28.71,48.95",29.72,54.09,31.55,86.95,31.97,92.29,28.71,48.95,true,0
session_20260624_181854_P001,2029,221256,2026-06-24T18:22:36.435381,Okulary BME280,"29.73,54.20,31.54,86.98,31.93,92.19,28.70,48.91",29.73,54.20,31.54,86.98,31.93,92.19,28.70,48.91,true,0
session_20260624_181854_P001,2030,221350,2026-06-24T18:22:36.528817,Okulary BME280,"29.72,54.32,31.51,87.00,31.87,91.93,28.70,48.90",29.72,54.32,31.51,87.00,31.87,91.93,28.70,48.90,true,0
session_20260624_181854_P001,2031,221494,2026-06-24T18:22:36.672969,Okulary BME280,"29.73,54.38,31.39,86.58,31.77,91.52,28.69,48.87",29.73,54.38,31.39,86.58,31.77,91.52,28.69,48.87,true,0
session_20260624_181854_P001,2032,221566,2026-06-24T18:22:36.744728,Okulary BME280,"29.73,54.25,31.28,86.28,31.63,91.13,28.68,48.85",29.73,54.25,31.28,86.28,31.63,91.13,28.68,48.85,true,0
session_20260624_181854_P001,2033,221728,2026-06-24T18:22:36.907525,Okulary BME280,"29.72,54.03,31.14,86.00,31.47,90.80,28.67,48.83",29.72,54.03,31.14,86.00,31.47,90.80,28.67,48.83,true,0
session_20260624_181854_P001,2034,221800,2026-06-24T18:22:36.978823,Okulary BME280,"29.72,53.93,31.01,85.75,31.31,90.62,28.66,48.81",29.72,53.93,31.01,85.75,31.31,90.62,28.66,48.81,true,0
session_20260624_181854_P001,2035,221899,2026-06-24T18:22:37.078244,Okulary BME280,"29.71,53.97,30.91,85.53,31.17,90.50,28.66,48.81",29.71,53.97,30.91,85.53,31.17,90.50,28.66,48.81,true,0
session_20260624_181854_P001,2036,222017,2026-06-24T18:22:37.196361,Okulary BME280,"29.71,54.03,30.84,85.57,31.02,91.29,28.65,48.78",29.71,54.03,30.84,85.57,31.02,91.29,28.65,48.78,true,0
session_20260624_181854_P001,2037,222112,2026-06-24T18:22:37.290680,Okulary BME280,"29.71,54.14,30.85,85.77,31.09,91.69,28.64,48.80",29.71,54.14,30.85,85.77,31.09,91.69,28.64,48.80,true,0
session_20260624_181854_P001,2038,222252,2026-06-24T18:22:37.430766,Okulary BME280,"29.71,54.40,30.93,86.03,31.24,91.95,28.63,48.75",29.71,54.40,30.93,86.03,31.24,91.95,28.63,48.75,true,0
session_20260624_181854_P001,2039,222334,2026-06-24T18:22:37.513093,Okulary BME280,"29.72,54.94,31.05,86.26,31.42,92.14,28.62,48.74",29.72,54.94,31.05,86.26,31.42,92.14,28.62,48.74,true,0
session_20260624_181854_P001,2040,222478,2026-06-24T18:22:37.656672,Okulary BME280,"29.74,55.18,31.27,86.66,31.59,92.26,28.61,48.74",29.74,55.18,31.27,86.66,31.59,92.26,28.61,48.74,true,0
session_20260624_181854_P001,2041,222563,2026-06-24T18:22:37.741779,Okulary BME280,"29.74,55.42,31.35,86.80,31.72,92.34,28.62,48.74",29.74,55.42,31.35,86.80,31.72,92.34,28.62,48.74,true,0
session_20260624_181854_P001,2042,222654,2026-06-24T18:22:37.833008,Okulary BME280,"29.74,55.57,31.39,86.72,31.82,92.20,28.61,48.73",29.74,55.57,31.39,86.72,31.82,92.20,28.61,48.73,true,0
session_20260624_181854_P001,2043,222820,2026-06-24T18:22:37.999185,Okulary BME280,"29.75,55.66,31.36,86.51,31.83,91.80,28.61,48.72",29.75,55.66,31.36,86.51,31.83,91.80,28.61,48.72,true,0
session_20260624_181854_P001,2044,222878,2026-06-24T18:22:38.057190,Okulary BME280,"29.75,55.70,31.28,86.25,31.59,91.05,28.62,48.71",29.75,55.70,31.28,86.25,31.59,91.05,28.62,48.71,true,0
session_20260624_181854_P001,2045,223091,2026-06-24T18:22:38.269849,Okulary BME280,"29.75,55.70,31.18,86.01,31.44,90.88,28.62,48.72",29.75,55.70,31.18,86.01,31.44,90.88,28.62,48.72,true,0
session_20260624_181854_P001,2046,223097,2026-06-24T18:22:38.276459,Okulary BME280,"29.75,55.60,31.08,85.79,31.31,90.77,28.62,48.73",29.75,55.60,31.08,85.79,31.31,90.77,28.62,48.73,true,0
session_20260624_181854_P001,2047,223230,2026-06-24T18:22:38.408795,Okulary BME280,"29.74,55.48,30.99,85.58,31.20,90.71,28.62,48.72",29.74,55.48,30.99,85.58,31.20,90.71,28.62,48.72,true,0
session_20260624_181854_P001,2048,223338,2026-06-24T18:22:38.517473,Okulary BME280,"29.72,55.19,30.93,85.35,31.13,90.69,28.63,48.73",29.72,55.19,30.93,85.35,31.13,90.69,28.63,48.73,true,0
session_20260624_181854_P001,2049,223442,2026-06-24T18:22:38.621432,Okulary BME280,"29.72,55.05,30.86,84.98,31.07,90.66,28.63,48.74",29.72,55.05,30.86,84.98,31.07,90.66,28.63,48.74,true,0
session_20260624_181854_P001,2050,223591,2026-06-24T18:22:38.770044,Okulary BME280,"29.71,54.90,30.83,84.79,31.04,90.61,28.63,48.75",29.71,54.90,30.83,84.79,31.04,90.61,28.63,48.75,true,0
session_20260624_181854_P001,2051,223644,2026-06-24T18:22:38.823349,Okulary BME280,"29.72,54.77,30.82,84.56,31.00,90.51,28.64,48.76",29.72,54.77,30.82,84.56,31.00,90.51,28.64,48.76,true,0
session_20260624_181854_P001,2052,223788,2026-06-24T18:22:38.966765,Okulary BME280,"29.71,54.64,30.81,84.33,30.96,90.45,28.64,48.76",29.71,54.64,30.81,84.33,30.96,90.45,28.64,48.76,true,0
session_20260624_181854_P001,2053,223860,2026-06-24T18:22:39.039242,Okulary BME280,"29.72,54.50,30.80,84.13,30.89,90.37,28.64,48.77",29.72,54.50,30.80,84.13,30.89,90.37,28.64,48.77,true,0
session_20260624_181854_P001,2054,223972,2026-06-24T18:22:39.150639,Okulary BME280,"29.72,54.38,30.79,84.11,30.88,90.82,28.64,48.75",29.72,54.38,30.79,84.11,30.88,90.82,28.64,48.75,true,0
session_20260624_181854_P001,2055,224100,2026-06-24T18:22:39.278847,Okulary BME280,"29.72,54.35,30.81,84.31,30.93,91.27,28.65,48.76",29.72,54.35,30.81,84.31,30.93,91.27,28.65,48.76,true,0
session_20260624_181854_P001,2056,224189,2026-06-24T18:22:39.367959,Okulary BME280,"29.72,54.20,30.89,84.60,31.07,91.56,28.65,48.76",29.72,54.20,30.89,84.60,31.07,91.56,28.65,48.76,true,0
session_20260624_181854_P001,2057,224318,2026-06-24T18:22:39.496699,Okulary BME280,"29.72,54.15,31.00,85.21,31.23,91.79,28.65,48.77",29.72,54.15,31.00,85.21,31.23,91.79,28.65,48.77,true,0
session_20260624_181854_P001,2058,224426,2026-06-24T18:22:39.604866,Okulary BME280,"29.72,54.04,31.21,85.48,31.39,91.94,28.65,48.78",29.72,54.04,31.21,85.48,31.39,91.94,28.65,48.78,true,0
session_20260624_181854_P001,2059,224535,2026-06-24T18:22:39.714363,Okulary BME280,"29.72,53.94,31.29,85.73,31.54,92.08,28.66,48.80",29.72,53.94,31.29,85.73,31.54,92.08,28.66,48.80,true,0
session_20260624_181854_P001,2060,224630,2026-06-24T18:22:39.808971,Okulary BME280,"29.72,53.84,31.35,85.97,31.67,92.17,28.66,48.80",29.72,53.84,31.35,85.97,31.67,92.17,28.66,48.80,true,0
session_20260624_181854_P001,2061,224732,2026-06-24T18:22:39.910756,Okulary BME280,"29.71,53.76,31.40,86.18,31.78,92.23,28.66,48.82",29.71,53.76,31.40,86.18,31.78,92.23,28.66,48.82,true,0
session_20260624_181854_P001,2062,224891,2026-06-24T18:22:40.070073,Okulary BME280,"29.71,53.67,31.45,86.38,31.94,92.37,28.66,48.80",29.71,53.67,31.45,86.38,31.94,92.37,28.66,48.80,true,0
session_20260624_181854_P001,2063,224952,2026-06-24T18:22:40.131405,Okulary BME280,"29.71,53.73,31.49,86.55,32.00,92.40,28.66,48.85",29.71,53.73,31.49,86.55,32.00,92.40,28.66,48.85,true,0
session_20260624_181854_P001,2064,225101,2026-06-24T18:22:40.279572,Okulary BME280,"29.70,53.66,31.52,86.71,32.05,92.37,28.66,48.81",29.70,53.66,31.52,86.71,32.05,92.37,28.66,48.81,true,0
session_20260624_181854_P001,2065,225171,2026-06-24T18:22:40.349841,Okulary BME280,"29.70,53.64,31.54,86.82,32.06,92.19,28.66,48.81",29.70,53.64,31.54,86.82,32.06,92.19,28.66,48.81,true,0
session_20260624_181854_P001,2066,225334,2026-06-24T18:22:40.513387,Okulary BME280,"29.70,53.59,31.50,86.67,32.01,91.90,28.67,48.79",29.70,53.59,31.50,86.67,32.01,91.90,28.67,48.79,true,0
session_20260624_181854_P001,2067,225393,2026-06-24T18:22:40.572044,Okulary BME280,"29.69,53.52,31.43,86.50,31.90,91.55,28.67,48.79",29.69,53.52,31.43,86.50,31.90,91.55,28.67,48.79,true,0
session_20260624_181854_P001,2068,225502,2026-06-24T18:22:40.680575,Okulary BME280,"29.70,53.47,31.34,86.28,31.75,91.24,28.67,48.79",29.70,53.47,31.34,86.28,31.75,91.24,28.67,48.79,true,0
session_20260624_181854_P001,2069,225623,2026-06-24T18:22:40.801705,Okulary BME280,"29.69,53.40,31.22,86.04,31.59,90.97,28.67,48.78",29.69,53.40,31.22,86.04,31.59,90.97,28.67,48.78,true,0
session_20260624_181854_P001,2070,225739,2026-06-24T18:22:40.918294,Okulary BME280,"29.70,53.35,31.11,85.82,31.44,90.77,28.67,48.79",29.70,53.35,31.11,85.82,31.44,90.77,28.67,48.79,true,0
session_20260624_181854_P001,2071,225872,2026-06-24T18:22:41.050720,Okulary BME280,"29.70,53.35,31.02,85.57,31.17,90.58,28.67,48.81",29.70,53.35,31.02,85.57,31.17,90.58,28.67,48.81,true,0
session_20260624_181854_P001,2072,225938,2026-06-24T18:22:41.116919,Okulary BME280,"29.70,53.33,30.94,85.32,31.07,90.45,28.67,48.83",29.70,53.33,30.94,85.32,31.07,90.45,28.67,48.83,true,0
session_20260624_181854_P001,2073,226081,2026-06-24T18:22:41.259910,Okulary BME280,"29.70,53.15,30.88,85.06,30.98,90.34,28.67,48.79",29.70,53.15,30.88,85.06,30.98,90.34,28.67,48.79,true,0
session_20260624_181854_P001,2074,226157,2026-06-24T18:22:41.335625,Okulary BME280,"29.71,53.10,30.83,84.81,30.91,90.25,28.68,48.79",29.71,53.10,30.83,84.81,30.91,90.25,28.68,48.79,true,0
session_20260624_181854_P001,2075,226251,2026-06-24T18:22:41.430155,Okulary BME280,"29.70,53.06,30.77,84.34,30.85,90.17,28.67,48.79",29.70,53.06,30.77,84.34,30.85,90.17,28.67,48.79,true,0
session_20260624_181854_P001,2076,226398,2026-06-24T18:22:41.576833,Okulary BME280,"29.70,53.06,30.75,84.11,30.80,90.09,28.68,48.79",29.70,53.06,30.75,84.11,30.80,90.09,28.68,48.79,true,0
session_20260624_181854_P001,2077,226470,2026-06-24T18:22:41.649333,Okulary BME280,"29.70,53.03,30.74,83.91,30.76,90.02,28.68,48.80",29.70,53.03,30.74,83.91,30.76,90.02,28.68,48.80,true,0
session_20260624_181854_P001,2078,226649,2026-06-24T18:22:41.828268,Okulary BME280,"29.71,52.95,30.73,83.71,30.73,89.94,28.68,48.78",29.71,52.95,30.73,83.71,30.73,89.94,28.68,48.78,true,0
session_20260624_181854_P001,2079,226715,2026-06-24T18:22:41.894066,Okulary BME280,"29.70,52.88,30.73,83.61,30.70,90.32,28.68,48.77",29.70,52.88,30.73,83.61,30.70,90.32,28.68,48.77,true,0
session_20260624_181854_P001,2080,226819,2026-06-24T18:22:41.997623,Okulary BME280,"29.71,52.79,30.74,83.78,30.75,90.81,28.67,48.74",29.71,52.79,30.74,83.78,30.75,90.81,28.67,48.74,true,0
session_20260624_181854_P001,2081,226924,2026-06-24T18:22:42.102712,Okulary BME280,"29.71,52.73,30.80,84.04,30.86,91.19,28.67,48.74",29.71,52.73,30.80,84.04,30.86,91.19,28.67,48.74,true,0
session_20260624_181854_P001,2082,227012,2026-06-24T18:22:42.191116,Okulary BME280,"29.70,52.58,30.90,84.36,31.01,91.47,28.68,48.74",29.70,52.58,30.90,84.36,31.01,91.47,28.68,48.74,true,0
session_20260624_181854_P001,2083,227147,2026-06-24T18:22:42.325848,Okulary BME280,"29.70,52.48,30.99,84.64,31.19,91.68,28.67,48.72",29.70,52.48,30.99,84.64,31.19,91.68,28.67,48.72,true,0
session_20260624_181854_P001,2084,227235,2026-06-24T18:22:42.414356,Okulary BME280,"29.69,52.41,31.17,85.22,31.35,91.85,28.67,48.72",29.69,52.41,31.17,85.22,31.35,91.85,28.67,48.72,true,0
session_20260624_181854_P001,2085,227376,2026-06-24T18:22:42.555342,Okulary BME280,"29.69,52.36,31.25,85.46,31.51,91.97,28.67,48.71",29.69,52.36,31.25,85.46,31.51,91.97,28.67,48.71,true,0
session_20260624_181854_P001,2086,227466,2026-06-24T18:22:42.645410,Okulary BME280,"29.69,52.36,31.31,85.70,31.63,92.07,28.67,48.71",29.69,52.36,31.31,85.70,31.63,92.07,28.67,48.71,true,0
session_20260624_181854_P001,2087,227558,2026-06-24T18:22:42.737486,Okulary BME280,"29.69,52.42,31.36,85.91,31.75,92.12,28.67,48.70",29.69,52.42,31.36,85.91,31.75,92.12,28.67,48.70,true,0
session_20260624_181854_P001,2088,227716,2026-06-24T18:22:42.895153,Okulary BME280,"29.68,52.48,31.40,86.08,31.88,92.16,28.67,48.70",29.68,52.48,31.40,86.08,31.88,92.16,28.67,48.70,true,0
session_20260624_181854_P001,2089,227804,2026-06-24T18:22:42.982585,Okulary BME280,"29.69,52.52,31.42,86.26,31.92,92.17,28.67,48.70",29.69,52.52,31.42,86.26,31.92,92.17,28.67,48.70,true,0
session_20260624_181854_P001,2090,227938,2026-06-24T18:22:43.116690,Okulary BME280,"29.68,52.40,31.44,86.40,31.94,92.09,28.67,48.69",29.68,52.40,31.44,86.40,31.94,92.09,28.67,48.69,true,0
session_20260624_181854_P001,2091,228001,2026-06-24T18:22:43.179592,Okulary BME280,"29.67,52.33,31.45,86.41,31.92,91.77,28.67,48.69",29.67,52.33,31.45,86.41,31.92,91.77,28.67,48.69,true,0
session_20260624_181854_P001,2092,228136,2026-06-24T18:22:43.315487,Okulary BME280,"29.67,52.30,31.43,86.39,31.81,91.39,28.67,48.69",29.67,52.30,31.43,86.39,31.81,91.39,28.67,48.69,true,0
session_20260624_181854_P001,2093,228229,2026-06-24T18:22:43.407635,Okulary BME280,"29.66,52.32,31.26,85.96,31.63,91.04,28.68,48.69",29.66,52.32,31.26,85.96,31.63,91.04,28.68,48.69,true,0
session_20260624_181854_P001,2094,228324,2026-06-24T18:22:43.503398,Okulary BME280,"29.67,52.36,31.14,85.74,31.46,90.76,28.68,48.69",29.67,52.36,31.14,85.74,31.46,90.76,28.68,48.69,true,0
session_20260624_181854_P001,2095,228453,2026-06-24T18:22:43.631623,Okulary BME280,"29.67,52.37,31.02,85.49,31.29,90.61,28.68,48.68",29.67,52.37,31.02,85.49,31.29,90.61,28.68,48.68,true,0
session_20260624_181854_P001,2096,228549,2026-06-24T18:22:43.727756,Okulary BME280,"29.67,52.37,30.93,85.26,31.15,90.45,28.67,48.68",29.67,52.37,30.93,85.26,31.15,90.45,28.67,48.68,true,0
session_20260624_181854_P001,2097,228719,2026-06-24T18:22:43.898208,Okulary BME280,"29.68,52.30,30.87,85.03,30.96,90.34,28.68,48.68",29.68,52.30,30.87,85.03,30.96,90.34,28.68,48.68,true,0
session_20260624_181854_P001,2098,228767,2026-06-24T18:22:43.946133,Okulary BME280,"29.68,52.28,30.82,84.78,30.89,90.23,28.67,48.66",29.68,52.28,30.82,84.78,30.89,90.23,28.67,48.66,true,0
session_20260624_181854_P001,2099,228857,2026-06-24T18:22:44.036139,Okulary BME280,"29.68,52.20,30.78,84.55,30.83,90.18,28.67,48.67",29.68,52.20,30.78,84.55,30.83,90.18,28.67,48.67,true,0
session_20260624_181854_P001,2100,229006,2026-06-24T18:22:44.185341,Okulary BME280,"29.68,52.17,30.75,84.37,30.78,90.13,28.67,48.67",29.68,52.17,30.75,84.37,30.78,90.13,28.67,48.67,true,0
session_20260624_181854_P001,2101,229089,2026-06-24T18:22:44.268109,Okulary BME280,"29.68,52.17,30.74,84.17,30.74,90.06,28.67,48.67",29.68,52.17,30.74,84.17,30.74,90.06,28.67,48.67,true,0
session_20260624_181854_P001,2102,229223,2026-06-24T18:22:44.402235,Okulary BME280,"29.68,52.16,30.73,83.83,30.72,89.97,28.67,48.66",29.68,52.16,30.73,83.83,30.72,89.97,28.67,48.66,true,0
session_20260624_181854_P001,2103,229331,2026-06-24T18:22:44.510410,Okulary BME280,"29.68,52.15,30.73,83.69,30.70,89.92,28.67,48.66",29.68,52.15,30.73,83.69,30.70,89.92,28.67,48.66,true,0
session_20260624_181854_P001,2104,229471,2026-06-24T18:22:44.650127,Okulary BME280,"29.69,52.14,30.74,83.57,30.68,89.83,28.68,48.66",29.69,52.14,30.74,83.57,30.68,89.83,28.68,48.66,true,0
session_20260624_181854_P001,2105,229535,2026-06-24T18:22:44.713976,Okulary BME280,"29.69,52.12,30.75,83.57,30.68,89.86,28.68,48.64",29.69,52.12,30.75,83.57,30.68,89.86,28.68,48.64,true,0
session_20260624_181854_P001,2106,229632,2026-06-24T18:22:44.810906,Okulary BME280,"29.70,52.18,30.78,83.77,30.76,90.81,28.67,48.64",29.70,52.18,30.78,83.77,30.76,90.81,28.67,48.64,true,0
session_20260624_181854_P001,2107,229783,2026-06-24T18:22:44.962492,Okulary BME280,"29.69,52.16,30.85,84.07,30.89,91.15,28.67,48.64",29.69,52.16,30.85,84.07,30.89,91.15,28.67,48.64,true,0
session_20260624_181854_P001,2108,229857,2026-06-24T18:22:45.036171,Okulary BME280,"29.70,52.15,30.95,84.40,31.06,91.41,28.67,48.63",29.70,52.15,30.95,84.40,31.06,91.41,28.67,48.63,true,0
session_20260624_181854_P001,2109,230010,2026-06-24T18:22:45.188695,Okulary BME280,"29.70,52.11,31.07,84.68,31.25,91.58,28.67,48.63",29.70,52.11,31.07,84.68,31.25,91.58,28.67,48.63,true,0
session_20260624_181854_P001,2110,230071,2026-06-24T18:22:45.250482,Okulary BME280,"29.70,52.08,31.17,85.31,31.42,91.73,28.67,48.64",29.70,52.08,31.17,85.31,31.42,91.73,28.67,48.64,true,0
session_20260624_181854_P001,2111,230207,2026-06-24T18:22:45.385607,Okulary BME280,"29.69,52.04,31.32,85.53,31.56,91.83,28.67,48.63",29.69,52.04,31.32,85.53,31.56,91.83,28.67,48.63,true,0
session_20260624_181854_P001,2112,230307,2026-06-24T18:22:45.486266,Okulary BME280,"29.69,51.99,31.37,85.75,31.67,91.90,28.67,48.64",29.69,51.99,31.37,85.75,31.67,91.90,28.67,48.64,true,0
session_20260624_181854_P001,2113,230416,2026-06-24T18:22:45.594782,Okulary BME280,"29.69,51.94,31.41,85.94,31.76,91.98,28.67,48.66",29.69,51.94,31.41,85.94,31.76,91.98,28.67,48.66,true,0
session_20260624_181854_P001,2114,230543,2026-06-24T18:22:45.721774,Okulary BME280,"29.68,51.87,31.44,86.12,31.89,92.04,28.67,48.69",29.68,51.87,31.44,86.12,31.89,92.04,28.67,48.69,true,0
session_20260624_181854_P001,2115,230627,2026-06-24T18:22:45.806371,Okulary BME280,"29.68,51.77,31.46,86.28,31.94,92.07,28.67,48.72",29.68,51.77,31.46,86.28,31.94,92.07,28.67,48.72,true,0
session_20260624_181854_P001,2116,230785,2026-06-24T18:22:45.963886,Okulary BME280,"29.67,51.78,31.49,86.43,31.97,92.01,28.68,48.74",29.67,51.78,31.49,86.43,31.97,92.01,28.68,48.74,true,0
session_20260624_181854_P001,2117,230836,2026-06-24T18:22:46.015248,Okulary BME280,"29.67,51.80,31.49,86.50,31.98,91.95,28.68,48.75",29.67,51.80,31.49,86.50,31.98,91.95,28.68,48.75,true,0
session_20260624_181854_P001,2118,230976,2026-06-24T18:22:46.154683,Okulary BME280,"29.67,51.84,31.49,86.59,31.96,91.77,28.69,48.74",29.67,51.84,31.49,86.59,31.96,91.77,28.69,48.74,true,0
session_20260624_181854_P001,2119,231064,2026-06-24T18:22:46.243097,Okulary BME280,"29.68,51.83,31.41,86.33,31.89,91.45,28.69,48.75",29.68,51.83,31.41,86.33,31.89,91.45,28.69,48.75,true,0
session_20260624_181854_P001,2120,231167,2026-06-24T18:22:46.345840,Okulary BME280,"29.68,51.79,31.32,86.06,31.76,91.09,28.69,48.74",29.68,51.79,31.32,86.06,31.76,91.09,28.69,48.74,true,0
session_20260624_181854_P001,2121,231309,2026-06-24T18:22:46.488282,Okulary BME280,"29.67,51.79,31.19,85.79,31.59,90.69,28.69,48.74",29.67,51.79,31.19,85.79,31.59,90.69,28.69,48.74,true,0
session_20260624_181854_P001,2122,231395,2026-06-24T18:22:46.574530,Okulary BME280,"29.67,51.86,31.05,85.50,31.40,90.34,28.69,48.74",29.67,51.86,31.05,85.50,31.40,90.34,28.69,48.74,true,0
session_20260624_181854_P001,2123,231517,2026-06-24T18:22:46.695636,Okulary BME280,"29.68,51.87,30.93,85.22,31.06,90.14,28.69,48.74",29.68,51.87,30.93,85.22,31.06,90.14,28.69,48.74,true,0
session_20260624_181854_P001,2124,231610,2026-06-24T18:22:46.789186,Okulary BME280,"29.68,51.95,30.84,84.95,30.95,90.13,28.69,48.73",29.68,51.95,30.84,84.95,30.95,90.13,28.69,48.73,true,0
session_20260624_181854_P001,2125,231708,2026-06-24T18:22:46.887374,Okulary BME280,"29.68,51.94,30.77,84.71,30.87,90.11,28.69,48.74",29.68,51.94,30.77,84.71,30.87,90.11,28.69,48.74,true,0
session_20260624_181854_P001,2126,231850,2026-06-24T18:22:47.028862,Okulary BME280,"29.68,51.91,30.72,84.51,30.81,90.09,28.68,48.71",29.68,51.91,30.72,84.51,30.81,90.09,28.68,48.71,true,0
session_20260624_181854_P001,2127,231942,2026-06-24T18:22:47.120915,Okulary BME280,"29.68,51.89,30.70,84.33,30.77,90.08,28.69,48.72",29.68,51.89,30.70,84.33,30.77,90.08,28.69,48.72,true,0
session_20260624_181854_P001,2128,232075,2026-06-24T18:22:47.254068,Okulary BME280,"29.68,51.90,30.69,84.01,30.74,90.04,28.69,48.74",29.68,51.90,30.69,84.01,30.74,90.04,28.69,48.74,true,0
session_20260624_181854_P001,2129,232143,2026-06-24T18:22:47.322152,Okulary BME280,"29.69,51.95,30.70,83.84,30.71,89.98,28.69,48.76",29.69,51.95,30.70,83.84,30.71,89.98,28.69,48.76,true,0
session_20260624_181854_P001,2130,232283,2026-06-24T18:22:47.461863,Okulary BME280,"29.69,51.99,30.70,83.67,30.70,89.98,28.69,48.76",29.69,51.99,30.70,83.67,30.70,89.98,28.69,48.76,true,0
session_20260624_181854_P001,2131,232390,2026-06-24T18:22:47.568985,Okulary BME280,"29.69,52.08,30.71,83.50,30.70,89.87,28.69,48.76",29.69,52.08,30.71,83.50,30.70,89.87,28.69,48.76,true,0
session_20260624_181854_P001,2132,232458,2026-06-24T18:22:47.636943,Okulary BME280,"29.70,52.08,30.71,83.39,30.68,90.04,28.69,48.76",29.70,52.08,30.71,83.39,30.68,90.04,28.69,48.76,true,0
session_20260624_181854_P001,2133,232601,2026-06-24T18:22:47.780009,Okulary BME280,"29.69,52.17,30.73,83.52,30.71,90.52,28.70,48.75",29.69,52.17,30.73,83.52,30.71,90.52,28.70,48.75,true,0
session_20260624_181854_P001,2134,232701,2026-06-24T18:22:47.879642,Okulary BME280,"29.69,52.29,30.78,83.80,30.81,90.90,28.69,48.76",29.69,52.29,30.78,83.80,30.81,90.90,28.69,48.76,true,0
session_20260624_181854_P001,2135,232829,2026-06-24T18:22:48.008145,Okulary BME280,"29.70,52.36,30.88,84.08,30.97,91.15,28.70,48.77",29.70,52.36,30.88,84.08,30.97,91.15,28.70,48.77,true,0
session_20260624_181854_P001,2136,232914,2026-06-24T18:22:48.092590,Okulary BME280,"29.71,52.42,30.98,84.40,31.14,91.36,28.69,48.75",29.71,52.42,30.98,84.40,31.14,91.36,28.69,48.75,true,0
session_20260624_181854_P001,2137,233057,2026-06-24T18:22:48.235870,Okulary BME280,"29.71,52.52,31.17,85.01,31.29,91.52,28.69,48.75",29.71,52.52,31.17,85.01,31.29,91.52,28.69,48.75,true,0
session_20260624_181854_P001,2138,233152,2026-06-24T18:22:48.331126,Okulary BME280,"29.71,52.63,31.24,85.27,31.43,91.65,28.69,48.75",29.71,52.63,31.24,85.27,31.43,91.65,28.69,48.75,true,0
session_20260624_181854_P001,2139,233249,2026-06-24T18:22:48.427792,Okulary BME280,"29.71,52.76,31.31,85.51,31.56,91.77,28.69,48.75",29.71,52.76,31.31,85.51,31.56,91.77,28.69,48.75,true,0
session_20260624_181854_P001,2140,233364,2026-06-24T18:22:48.543483,Okulary BME280,"29.71,52.87,31.36,85.72,31.66,91.83,28.69,48.76",29.71,52.87,31.36,85.72,31.66,91.83,28.69,48.76,true,0
session_20260624_181854_P001,2141,233446,2026-06-24T18:22:48.625379,Okulary BME280,"29.72,53.03,31.39,85.90,31.81,91.90,28.69,48.76",29.72,53.03,31.39,85.90,31.81,91.90,28.69,48.76,true,0
session_20260624_181854_P001,2142,233583,2026-06-24T18:22:48.761756,Okulary BME280,"29.72,53.52,31.41,86.07,31.86,91.93,28.69,48.76",29.72,53.52,31.41,86.07,31.86,91.93,28.69,48.76,true,0
session_20260624_181854_P001,2143,233677,2026-06-24T18:22:48.855818,Okulary BME280,"29.73,53.81,31.43,86.23,31.89,91.92,28.69,48.77",29.73,53.81,31.43,86.23,31.89,91.92,28.69,48.77,true,0
session_20260624_181854_P001,2144,233770,2026-06-24T18:22:48.948582,Okulary BME280,"29.73,54.09,31.44,86.40,31.92,91.86,28.69,48.77",29.73,54.09,31.44,86.40,31.92,91.86,28.69,48.77,true,0
session_20260624_181854_P001,2145,233926,2026-06-24T18:22:49.104629,Okulary BME280,"29.74,54.29,31.44,86.33,31.91,91.55,28.68,48.82",29.74,54.29,31.44,86.33,31.91,91.55,28.68,48.82,true,0
session_20260624_181854_P001,2146,233989,2026-06-24T18:22:49.168157,Okulary BME280,"29.74,54.30,31.29,85.82,31.82,91.07,28.69,48.84",29.74,54.30,31.29,85.82,31.82,91.07,28.69,48.84,true,0
session_20260624_181854_P001,2147,234144,2026-06-24T18:22:49.323482,Okulary BME280,"29.74,54.42,31.14,85.53,31.65,90.55,28.69,48.85",29.74,54.42,31.14,85.53,31.65,90.55,28.69,48.85,true,0
session_20260624_181854_P001,2148,234222,2026-06-24T18:22:49.401016,Okulary BME280,"29.73,54.61,31.00,85.29,31.44,90.26,28.69,48.84",29.73,54.61,31.00,85.29,31.44,90.26,28.69,48.84,true,0
session_20260624_181854_P001,2149,234352,2026-06-24T18:22:49.531276,Okulary BME280,"29.72,54.82,30.89,85.07,31.10,90.04,28.69,48.83",29.72,54.82,30.89,85.07,31.10,90.04,28.69,48.83,true,0
session_20260624_181854_P001,2150,234453,2026-06-24T18:22:49.632095,Okulary BME280,"29.73,54.79,30.81,84.83,30.99,89.99,28.69,48.83",29.73,54.79,30.81,84.83,30.99,89.99,28.69,48.83,true,0
session_20260624_181854_P001,2151,234547,2026-06-24T18:22:49.726172,Okulary BME280,"29.72,54.83,30.75,84.58,30.90,89.99,28.69,48.83",29.72,54.83,30.75,84.58,30.90,89.99,28.69,48.83,true,0
session_20260624_181854_P001,2152,234694,2026-06-24T18:22:49.872942,Okulary BME280,"29.72,54.85,30.72,84.37,30.85,89.99,28.69,48.85",29.72,54.85,30.72,84.37,30.85,89.99,28.69,48.85,true,0
session_20260624_181854_P001,2153,234752,2026-06-24T18:22:49.931009,Okulary BME280,"29.72,54.84,30.70,84.24,30.82,89.97,28.69,48.87",29.72,54.84,30.70,84.24,30.82,89.97,28.69,48.87,true,0
session_20260624_181854_P001,2154,234889,2026-06-24T18:22:50.067907,Okulary BME280,"29.72,54.84,30.69,84.05,30.79,89.92,28.69,48.92",29.72,54.84,30.69,84.05,30.79,89.92,28.69,48.92,true,0
session_20260624_181854_P001,2155,234985,2026-06-24T18:22:50.164508,Okulary BME280,"29.72,54.84,30.70,83.69,30.77,89.88,28.70,48.94",29.72,54.84,30.70,83.69,30.77,89.88,28.70,48.94,true,0
session_20260624_181854_P001,2156,235124,2026-06-24T18:22:50.303346,Okulary BME280,"29.72,54.83,30.70,83.50,30.75,89.86,28.70,48.96",29.72,54.83,30.70,83.50,30.75,89.86,28.70,48.96,true,0
session_20260624_181854_P001,2157,235227,2026-06-24T18:22:50.405603,Okulary BME280,"29.73,54.79,30.71,83.35,30.74,89.78,28.71,48.97",29.73,54.79,30.71,83.35,30.74,89.78,28.71,48.97,true,0
session_20260624_181854_P001,2158,235292,2026-06-24T18:22:50.471119,Okulary BME280,"29.72,54.52,30.72,83.17,30.73,89.68,28.71,48.98",29.72,54.52,30.72,83.17,30.73,89.68,28.71,48.98,true,0
session_20260624_181854_P001,2159,235454,2026-06-24T18:22:50.633083,Okulary BME280,"29.71,54.15,30.72,83.02,30.73,89.67,28.71,48.97",29.71,54.15,30.72,83.02,30.73,89.67,28.71,48.97,true,0
session_20260624_181854_P001,2160,235538,2026-06-24T18:22:50.716800,Okulary BME280,"29.71,53.99,30.73,82.99,30.72,89.97,28.71,48.98",29.71,53.99,30.73,82.99,30.72,89.97,28.71,48.98,true,0
session_20260624_181854_P001,2161,235668,2026-06-24T18:22:50.846875,Okulary BME280,"29.71,53.85,30.75,83.17,30.77,90.36,28.71,48.94",29.71,53.85,30.75,83.17,30.77,90.36,28.71,48.94,true,0
session_20260624_181854_P001,2162,235775,2026-06-24T18:22:50.953641,Okulary BME280,"29.71,53.75,30.80,83.45,30.85,90.69,28.70,48.97",29.71,53.75,30.80,83.45,30.85,90.69,28.70,48.97,true,0
session_20260624_181854_P001,2163,235877,2026-06-24T18:22:51.056418,Okulary BME280,"29.71,53.66,30.98,84.06,30.97,90.96,28.70,48.91",29.71,53.66,30.98,84.06,30.97,90.96,28.70,48.91,true,0
session_20260624_181854_P001,2164,235989,2026-06-24T18:22:51.168319,Okulary BME280,"29.71,53.57,31.07,84.38,31.11,91.14,28.70,48.90",29.71,53.57,31.07,84.38,31.11,91.14,28.70,48.90,true,0
session_20260624_181854_P001,2165,236058,2026-06-24T18:22:51.237170,Okulary BME280,"29.71,53.50,31.16,84.68,31.25,91.31,28.69,48.90",29.71,53.50,31.16,84.68,31.25,91.31,28.69,48.90,true,0
session_20260624_181854_P001,2166,236203,2026-06-24T18:22:51.381769,Okulary BME280,"29.70,53.41,31.23,84.98,31.38,91.44,28.69,48.91",29.70,53.41,31.23,84.98,31.38,91.44,28.69,48.91,true,0
session_20260624_181854_P001,2167,236302,2026-06-24T18:22:51.481455,Okulary BME280,"29.71,53.19,31.30,85.23,31.62,91.60,28.69,48.91",29.71,53.19,31.30,85.23,31.62,91.60,28.69,48.91,true,0
session_20260624_181854_P001,2168,236453,2026-06-24T18:22:51.631939,Okulary BME280,"29.70,53.09,31.35,85.47,31.71,91.65,28.69,48.90",29.70,53.09,31.35,85.47,31.71,91.65,28.69,48.90,true,0
session_20260624_181854_P001,2169,236531,2026-06-24T18:22:51.709646,Okulary BME280,"29.69,53.00,31.39,85.69,31.80,91.71,28.70,48.89",29.69,53.00,31.39,85.69,31.80,91.71,28.70,48.89,true,0
session_20260624_181854_P001,2170,236629,2026-06-24T18:22:51.808403,Okulary BME280,"29.69,53.05,31.43,85.90,31.87,91.76,28.70,48.85",29.69,53.05,31.43,85.90,31.87,91.76,28.70,48.85,true,0
session_20260624_181854_P001,2171,236736,2026-06-24T18:22:51.915036,Okulary BME280,"29.69,53.05,31.46,86.09,31.93,91.78,28.69,48.87",29.69,53.05,31.46,86.09,31.93,91.78,28.69,48.87,true,0
session_20260624_181854_P001,2172,236850,2026-06-24T18:22:52.028790,Okulary BME280,"29.69,53.02,31.51,86.36,31.97,91.75,28.69,48.83",29.69,53.02,31.51,86.36,31.97,91.75,28.69,48.83,true,0
session_20260624_181854_P001,2173,236956,2026-06-24T18:22:52.135474,Okulary BME280,"29.68,52.98,31.51,86.46,32.00,91.72,28.69,48.82",29.68,52.98,31.51,86.46,32.00,91.72,28.69,48.82,true,0
session_20260624_181854_P001,2174,237052,2026-06-24T18:22:52.231208,Okulary BME280,"29.68,53.01,31.51,86.49,32.00,91.64,28.69,48.81",29.68,53.01,31.51,86.49,32.00,91.64,28.69,48.81,true,0
session_20260624_181854_P001,2175,237231,2026-06-24T18:22:52.410435,Okulary BME280,"29.67,52.83,31.48,86.39,31.97,91.32,28.69,48.78",29.67,52.83,31.48,86.39,31.97,91.32,28.69,48.78,true,0
session_20260624_181854_P001,2176,237282,2026-06-24T18:22:52.461238,Okulary BME280,"29.67,52.74,31.40,86.18,31.65,90.36,28.68,48.77",29.67,52.74,31.40,86.18,31.65,90.36,28.68,48.77,true,0
session_20260624_181854_P001,2177,237363,2026-06-24T18:22:52.542490,Okulary BME280,"29.67,52.69,31.29,85.95,31.43,90.08,28.69,48.76",29.67,52.69,31.29,85.95,31.43,90.08,28.69,48.76,true,0
session_20260624_181854_P001,2178,237506,2026-06-24T18:22:52.684745,Okulary BME280,"29.68,52.63,31.14,85.69,31.24,89.93,28.69,48.75",29.68,52.63,31.14,85.69,31.24,89.93,28.69,48.75,true,0
session_20260624_181854_P001,2179,237612,2026-06-24T18:22:52.790992,Okulary BME280,"29.68,52.59,31.01,85.41,31.08,89.85,28.69,48.75",29.68,52.59,31.01,85.41,31.08,89.85,28.69,48.75,true,0
session_20260624_181854_P001,2180,237740,2026-06-24T18:22:52.918637,Okulary BME280,"29.67,52.52,30.90,85.18,30.97,89.82,28.68,48.74",29.67,52.52,30.90,85.18,30.97,89.82,28.68,48.74,true,0
session_20260624_181854_P001,2181,237841,2026-06-24T18:22:53.020235,Okulary BME280,"29.68,52.46,30.75,84.71,30.89,89.75,28.68,48.69",29.68,52.46,30.75,84.71,30.89,89.75,28.68,48.69,true,0
session_20260624_181854_P001,2182,237948,2026-06-24T18:22:53.126638,Okulary BME280,"29.68,52.40,30.71,84.48,30.82,89.63,28.68,48.68",29.68,52.40,30.71,84.48,30.82,89.63,28.68,48.68,true,0
session_20260624_181854_P001,2183,238040,2026-06-24T18:22:53.218714,Okulary BME280,"29.68,52.25,30.68,84.26,30.76,89.52,28.68,48.69",29.68,52.25,30.68,84.26,30.76,89.52,28.68,48.69,true,0
session_20260624_181854_P001,2184,238149,2026-06-24T18:22:53.328415,Okulary BME280,"29.68,52.25,30.66,84.08,30.67,89.39,28.68,48.67",29.68,52.25,30.66,84.08,30.67,89.39,28.68,48.67,true,0
session_20260624_181854_P001,2185,238264,2026-06-24T18:22:53.442853,Okulary BME280,"29.68,52.22,30.66,83.89,30.64,89.33,28.68,48.66",29.68,52.22,30.66,83.89,30.64,89.33,28.68,48.66,true,0
session_20260624_181854_P001,2186,238358,2026-06-24T18:22:53.536691,Okulary BME280,"29.68,52.19,30.65,83.73,30.61,89.26,28.68,48.64",29.68,52.19,30.65,83.73,30.61,89.26,28.68,48.64,true,0
session_20260624_181854_P001,2187,238493,2026-06-24T18:22:53.671588,Okulary BME280,"29.68,52.12,30.65,83.54,30.60,89.20,28.68,48.65",29.68,52.12,30.65,83.54,30.60,89.20,28.68,48.65,true,0
session_20260624_181854_P001,2188,238584,2026-06-24T18:22:53.762958,Okulary BME280,"29.68,52.08,30.66,83.32,30.59,89.11,28.68,48.63",29.68,52.08,30.66,83.32,30.59,89.11,28.68,48.63,true,0
session_20260624_181854_P001,2189,238668,2026-06-24T18:22:53.846795,Okulary BME280,"29.68,52.06,30.67,83.18,30.58,89.10,28.68,48.62",29.68,52.06,30.67,83.18,30.58,89.10,28.68,48.62,true,0
session_20260624_181854_P001,2190,238831,2026-06-24T18:22:54.009903,Okulary BME280,"29.69,52.06,30.70,83.35,30.58,89.53,28.68,48.65",29.69,52.06,30.70,83.35,30.58,89.53,28.68,48.65,true,0
session_20260624_181854_P001,2191,238892,2026-06-24T18:22:54.070900,Okulary BME280,"29.68,52.08,30.77,83.63,30.63,90.05,28.69,48.62",29.68,52.08,30.77,83.63,30.63,90.05,28.69,48.62,true,0
session_20260624_181854_P001,2192,239036,2026-06-24T18:22:54.214683,Okulary BME280,"29.69,52.03,30.87,83.93,30.76,90.36,28.68,48.62",29.69,52.03,30.87,83.93,30.76,90.36,28.68,48.62,true,0
session_20260624_181854_P001,2193,239134,2026-06-24T18:22:54.313216,Okulary BME280,"29.69,51.98,30.96,84.26,31.09,90.89,28.69,48.62",29.69,51.98,30.96,84.26,31.09,90.89,28.69,48.62,true,0
session_20260624_181854_P001,2194,239265,2026-06-24T18:22:54.444346,Okulary BME280,"29.69,51.95,31.06,84.55,31.25,91.06,28.68,48.62",29.69,51.95,31.06,84.55,31.25,91.06,28.68,48.62,true,0
session_20260624_181854_P001,2195,239362,2026-06-24T18:22:54.541247,Okulary BME280,"29.69,51.93,31.15,84.82,31.38,91.18,28.68,48.62",29.69,51.93,31.15,84.82,31.38,91.18,28.68,48.62,true,0
session_20260624_181854_P001,2196,239459,2026-06-24T18:22:54.638204,Okulary BME280,"29.68,51.88,31.21,85.08,31.51,91.29,28.69,48.62",29.68,51.88,31.21,85.08,31.51,91.29,28.69,48.62,true,0
session_20260624_181854_P001,2197,239566,2026-06-24T18:22:54.745166,Okulary BME280,"29.69,51.85,31.27,85.33,31.60,91.37,28.69,48.66",29.69,51.85,31.27,85.33,31.60,91.37,28.69,48.66,true,0
session_20260624_181854_P001,2198,239657,2026-06-24T18:22:54.836388,Okulary BME280,"29.68,51.82,31.32,85.58,31.70,91.42,28.69,48.65",29.68,51.82,31.32,85.58,31.70,91.42,28.69,48.65,true,0
session_20260624_181854_P001,2199,239805,2026-06-24T18:22:54.983568,Okulary BME280,"29.68,51.82,31.39,85.90,31.77,91.43,28.69,48.72",29.68,51.82,31.39,85.90,31.77,91.43,28.69,48.72,true,0
session_20260624_181854_P001,2200,239880,2026-06-24T18:22:55.059014,Okulary BME280,"29.68,51.68,31.41,86.06,31.82,91.46,28.69,48.72",29.68,51.68,31.41,86.06,31.82,91.46,28.69,48.72,true,0
session_20260624_181854_P001,2201,240050,2026-06-24T18:22:55.229079,Okulary BME280,"29.67,51.67,31.41,86.20,31.86,91.46,28.70,48.72",29.67,51.67,31.41,86.20,31.86,91.46,28.70,48.72,true,0
